Date,Open,High,Low,Close,AdjClose,Volume
2005-01-03,52.459999,52.470001,50.830002,50.900002,22.464029,7346800
2005-01-04,50.980000,51.459999,50.400002,50.549999,22.309563,7157500
2005-01-05,50.669998,51.250000,50.490002,50.880001,22.455204,5524000
2005-01-06,50.799999,51.950001,50.599998,51.730000,22.830336,5849700
2005-01-07,51.730000,51.740002,50.799999,51.150002,22.574366,5095100
2005-01-10,51.240002,51.990002,51.160000,51.380001,22.675871,5179600
2005-01-11,51.500000,51.680000,51.110001,51.400002,22.684711,4685000
2005-01-12,51.410000,52.509998,51.340000,52.490002,23.165762,5454800
2005-01-13,52.570000,53.529999,52.000000,52.060001,22.975988,6078300
2005-01-14,52.099998,52.450001,51.930000,52.299999,23.081896,4538500
2005-01-18,52.560001,53.090000,52.380001,53.090000,23.430561,6670000
2005-01-19,53.110001,53.139999,52.680000,52.689999,23.254019,4742200
2005-01-20,52.689999,52.689999,51.820000,51.959999,22.931849,5541800
2005-01-21,52.000000,52.490002,51.980000,51.980000,22.940678,4253300
2005-01-24,52.299999,53.110001,52.279999,52.570000,23.201067,4991100
2005-01-25,52.730000,53.060001,52.400002,53.040001,23.408491,4603700
2005-01-26,53.419998,53.770000,53.119999,53.540001,23.629164,5623700
2005-01-27,53.549999,54.200001,53.400002,54.060001,23.858646,4482800
2005-01-28,54.070000,54.099998,53.220001,53.720001,23.708614,4808200
2005-01-31,53.730000,54.549999,53.299999,54.400002,24.008720,6161500
2005-02-01,54.650002,55.160000,54.630001,55.150002,24.339712,6368900
2005-02-02,55.189999,55.869999,55.180000,55.529999,24.507425,4834700
2005-02-03,55.529999,56.250000,55.230000,56.240002,24.820768,5003100
2005-02-04,56.330002,56.750000,55.770000,56.740002,25.041449,5387600
2005-02-07,56.750000,56.799999,56.029999,56.259998,24.829599,5098800
2005-02-08,56.250000,56.750000,56.049999,56.599998,24.979650,4198700
2005-02-09,56.480000,56.750000,55.910000,56.160000,24.785458,4989800
2005-02-10,56.650002,57.669998,56.299999,57.400002,25.332729,7157700
2005-02-11,57.500000,58.590000,57.439999,58.160000,25.668135,6218800
2005-02-14,57.759998,58.369999,57.700001,58.110001,25.823690,5033300
2005-02-15,58.240002,58.340000,57.759998,58.169998,25.850334,3962900
2005-02-16,58.169998,59.599998,58.119999,59.500000,26.441389,5273300
2005-02-17,59.570000,59.869999,58.450001,58.610001,26.045868,6346800
2005-02-18,58.650002,60.240002,58.500000,59.730000,26.543575,6554000
2005-02-22,59.950001,61.080002,59.340000,59.340000,26.370277,8365000
2005-02-23,59.389999,60.230000,59.340000,60.160000,26.734676,4481800
2005-02-24,60.299999,61.240002,59.900002,61.160000,27.179079,6135400
2005-02-25,61.160000,63.150002,61.160000,61.939999,27.525694,8809300
2005-02-28,62.360001,62.799999,60.240002,62.080002,27.587914,9340500
2005-03-01,62.080002,62.130001,60.740002,60.939999,27.081314,7370500
2005-03-02,60.939999,61.880001,60.849998,61.570000,27.361273,6955900
2005-03-03,61.570000,61.570000,60.750000,61.189999,27.192406,7776700
2005-03-04,61.070000,61.930000,60.599998,61.709999,27.423481,7581700
2005-03-07,61.549999,61.799999,60.740002,61.400002,27.285725,5755400
2005-03-08,61.180000,61.900002,61.070000,61.500000,27.330154,7361100
2005-03-09,61.500000,62.099998,59.650002,59.759998,26.556925,10872000
2005-03-10,59.580002,59.590000,57.770000,58.490002,25.992542,14702900
2005-03-11,58.250000,59.419998,57.980000,58.299999,25.908104,9268800
2005-03-14,58.480000,58.970001,57.599998,58.939999,26.192503,7710000
2005-03-15,59.389999,59.599998,58.029999,58.169998,25.850334,6797500
2005-03-16,58.169998,59.250000,57.610001,58.610001,26.045868,7440100
2005-03-17,59.599998,59.750000,58.660000,59.450001,26.419172,6774200
2005-03-18,59.459999,60.470001,59.360001,60.380001,26.832447,11699700
2005-03-21,60.599998,60.619999,59.509998,60.020000,26.672457,5566100
2005-03-22,60.029999,60.849998,59.080002,59.169998,26.294731,7003400
2005-03-23,58.849998,59.000000,57.910000,58.419998,25.961445,8926500
2005-03-24,58.669998,59.310001,57.639999,58.209999,25.868114,7488100
2005-03-28,58.320000,58.680000,57.810001,58.290001,25.903664,5146300
2005-03-29,58.259998,59.200001,57.799999,57.889999,25.725908,6172700
2005-03-30,58.110001,58.380001,56.740002,58.259998,25.890333,10312500
2005-03-31,58.689999,59.250000,57.799999,58.310001,25.912544,9499900
2005-04-01,59.180000,59.419998,58.669998,59.310001,26.356939,7304700
2005-04-04,59.080002,59.090000,56.750000,56.980000,25.321508,25511600
2005-04-05,57.060001,57.259998,55.439999,55.709999,24.757132,15546800
2005-04-06,55.900002,57.450001,55.720001,57.230000,25.432610,10756300
2005-04-07,57.759998,58.349998,57.290001,57.959999,25.757017,11672400
2005-04-08,57.810001,58.040001,56.669998,56.689999,25.192633,6493500
2005-04-11,56.700001,57.080002,56.560001,56.869999,25.272631,7066500
2005-04-12,56.500000,56.840000,55.630001,55.740002,24.770462,9772700
2005-04-13,55.660000,55.939999,54.150002,54.270000,24.117207,13435900
2005-04-14,54.689999,54.910000,53.619999,53.770000,23.895010,10756400
2005-04-15,54.000000,54.000000,51.680000,52.209999,23.201756,13433500
2005-04-18,52.250000,52.919998,51.680000,52.599998,23.375065,9426300
2005-04-19,52.799999,53.570000,52.680000,53.340000,23.703918,10049100
2005-04-20,53.349998,53.689999,51.799999,52.049999,23.130650,9978000
2005-04-21,52.200001,53.470001,52.200001,53.349998,23.708363,8474600
2005-04-22,53.490002,54.320000,52.900002,53.869999,23.939447,7996900
2005-04-25,54.349998,54.799999,54.160000,54.369999,24.161634,6628300
2005-04-26,54.369999,54.580002,53.619999,53.619999,23.828348,6133700
2005-04-27,53.630001,53.689999,51.860001,52.000000,23.108435,9074600
2005-04-28,52.009998,52.220001,51.020000,51.150002,22.730696,10209800
2005-04-29,51.549999,52.000000,50.650002,52.000000,23.108435,14206500
2005-05-02,51.950001,53.209999,51.369999,53.209999,23.646141,10505800
2005-05-03,53.040001,53.209999,52.389999,52.660000,23.401739,11404200
2005-05-04,52.720001,53.250000,52.450001,53.009998,23.557281,9993500
2005-05-05,53.200001,53.740002,52.799999,53.299999,23.686142,6997500
2005-05-06,54.000000,56.330002,52.650002,52.740002,23.437286,7384200
2005-05-09,52.889999,53.560001,52.820000,53.450001,23.752800,12001100
2005-05-10,53.450001,53.779999,52.759998,52.980000,23.543934,6518500
2005-05-11,52.980000,53.509998,52.750000,53.400002,23.730576,6274300
2005-05-12,53.389999,53.389999,51.529999,52.049999,23.130650,9557500
2005-05-13,52.509998,52.509998,50.970001,51.279999,22.788477,9853700
2005-05-16,51.279999,51.279999,50.049999,50.509998,22.446287,12789900
2005-05-17,50.310001,51.529999,49.810001,51.470001,23.078516,8865200
2005-05-18,52.029999,52.279999,51.189999,51.450001,23.069548,9875500
2005-05-19,51.709999,52.230000,51.500000,52.160000,23.387897,7477000
2005-05-20,52.200001,52.270000,51.619999,51.720001,23.190605,5688800
2005-05-23,52.000000,52.709999,51.759998,52.570000,23.571743,8444800
2005-05-24,52.599998,52.919998,52.400002,52.650002,23.607616,5486100
2005-05-25,52.889999,53.580002,52.509998,53.320000,23.908039,6577000
2005-05-26,53.630001,53.759998,53.340000,53.720001,24.087381,5208700
2005-05-27,53.759998,54.680000,53.759998,54.580002,24.472996,5831800
2005-05-31,54.830002,54.830002,53.779999,53.779999,24.114283,8462600
2005-06-01,54.169998,55.000000,53.799999,54.750000,24.549223,6038300
2005-06-02,54.740002,55.080002,54.240002,54.970001,24.647867,4949900
2005-06-03,54.770000,55.240002,54.549999,55.060001,24.688221,6632700
2005-06-06,55.209999,55.700001,54.599998,54.849998,24.594065,4945100
2005-06-07,55.130001,55.490002,54.730000,54.779999,24.562674,6425200
2005-06-08,54.869999,55.680000,54.369999,54.830002,24.585093,7384600
2005-06-09,55.049999,56.540001,54.730000,56.009998,25.114204,7969000
2005-06-10,56.009998,56.389999,55.529999,56.299999,25.244226,8527500
2005-06-13,56.299999,56.400002,55.770000,56.009998,25.114204,5386800
2005-06-14,56.000000,56.450001,55.779999,56.130001,25.167999,4848900
2005-06-15,56.240002,56.930000,56.130001,56.840000,25.486355,7252100
2005-06-16,57.029999,57.990002,56.810001,57.919998,25.970617,6498200
2005-06-17,58.750000,59.320000,58.490002,58.970001,26.441416,14068500
2005-06-20,58.980000,59.430000,58.509998,59.340000,26.607323,6126800
2005-06-21,59.090000,59.480000,58.549999,58.779999,26.356228,9664900
2005-06-22,58.950001,59.459999,57.709999,58.270000,26.127546,11979700
2005-06-23,57.849998,59.349998,57.250000,57.330002,25.706070,17449600
2005-06-24,57.480000,57.799999,56.689999,56.689999,25.419090,9201800
2005-06-27,56.869999,57.799999,56.869999,57.250000,25.670187,6894200
2005-06-28,57.480000,58.080002,56.820000,57.000000,25.558086,7079600
2005-06-29,57.000000,57.279999,56.299999,56.759998,25.450474,8594300
2005-06-30,56.650002,56.720001,55.349998,55.919998,25.073841,14126100
2005-07-01,56.349998,57.240002,56.110001,56.970001,25.544659,5829100
2005-07-05,57.299999,58.560001,57.130001,58.560001,26.257582,6061600
2005-07-06,58.799999,58.990002,57.009998,57.160000,25.629841,6743100
2005-07-07,56.689999,57.830002,56.369999,57.799999,25.916807,6722300
2005-07-08,58.009998,58.270000,56.869999,57.360001,25.719517,5290100
2005-07-11,57.360001,57.549999,56.779999,57.299999,25.692612,4582700
2005-07-12,57.480000,58.000000,57.000000,57.509998,25.786785,5347900
2005-07-13,57.529999,57.779999,57.070000,57.470001,25.768850,5567700
2005-07-14,57.470001,58.029999,56.310001,56.820000,25.477386,10175400
2005-07-15,56.820000,56.959999,56.119999,56.669998,25.410124,6201000
2005-07-18,56.480000,56.849998,56.200001,56.360001,25.271130,6221600
2005-07-19,56.750000,57.360001,56.200001,57.299999,25.692612,6033200
2005-07-20,57.049999,57.910000,56.770000,57.599998,25.827137,8457100
2005-07-21,57.430000,57.500000,56.669998,56.970001,25.544659,6674700
2005-07-22,57.480000,58.029999,57.270000,57.790001,25.912329,5841200
2005-07-25,57.849998,58.910000,57.669998,58.369999,26.172396,8304400
2005-07-26,58.490002,58.540001,57.830002,57.849998,25.939228,7062600
2005-07-27,57.849998,58.380001,57.560001,58.330002,26.154451,5854900
2005-07-28,58.849998,59.070000,58.150002,58.939999,26.427967,6822400
2005-07-29,59.169998,59.669998,57.889999,58.009998,26.010969,8964200
2005-08-01,58.110001,58.700001,57.790001,58.430000,26.199299,7251100
2005-08-02,58.560001,59.700001,58.389999,59.560001,26.705969,15027600
2005-08-03,59.750000,60.689999,59.750000,60.349998,27.060190,17656300
2005-08-04,60.349998,61.000000,60.220001,60.410000,27.087107,9179400
2005-08-05,60.400002,60.650002,60.130001,60.340000,27.055708,6788600
2005-08-08,60.750000,62.180000,60.740002,61.259998,27.468220,10252000
2005-08-09,61.500000,61.889999,61.040001,61.220001,27.450298,6873400
2005-08-10,61.830002,62.650002,61.380001,62.480000,28.015251,15038200
2005-08-11,62.480000,63.130001,62.009998,62.500000,28.024227,10127300
2005-08-12,62.590000,62.650002,62.000000,62.279999,27.925583,6603000
2005-08-15,62.029999,62.450001,61.950001,62.130001,27.858332,6899600
2005-08-16,61.720001,62.040001,60.939999,60.939999,27.324745,8909100
2005-08-17,60.389999,61.049999,59.389999,59.639999,26.940783,10441800
2005-08-18,59.200001,59.709999,58.700001,59.480000,26.868505,8742400
2005-08-19,59.799999,60.299999,59.750000,59.919998,27.067257,8901700
2005-08-22,60.400002,60.919998,59.889999,60.340000,27.256979,6913300
2005-08-23,60.450001,60.680000,59.570000,60.070000,27.135029,6602100
2005-08-24,60.259998,60.389999,59.660000,59.830002,27.026608,8274900
2005-08-25,59.599998,60.060001,59.220001,59.840000,27.031115,5930000
2005-08-26,59.730000,59.930000,59.369999,59.380001,26.823345,6095500
2005-08-29,59.790001,60.070000,59.009998,59.509998,26.882061,6902400
2005-08-30,59.590000,60.599998,59.549999,60.540001,27.347328,9513500
2005-08-31,60.310001,62.090000,60.290001,61.400002,27.735806,13775300
2005-09-01,63.000000,63.119999,61.700001,62.709999,28.327568,10959400
2005-09-02,62.709999,62.709999,62.000000,62.299999,28.142365,8629800
2005-09-06,62.520000,62.750000,61.669998,62.340000,28.160431,7457700
2005-09-07,62.340000,63.349998,62.040001,62.369999,28.173986,8905200
2005-09-08,61.849998,62.669998,61.720001,62.060001,28.033953,6704400
2005-09-09,62.419998,63.869999,62.419998,63.810001,28.824465,9141000
2005-09-12,63.810001,63.900002,63.139999,63.299999,28.594090,10514100
2005-09-13,63.360001,63.590000,62.330002,62.369999,28.173986,9950400
2005-09-14,62.540001,63.099998,62.349998,62.549999,28.255301,8956600
2005-09-15,62.900002,63.070000,61.720001,62.450001,28.210117,8014400
2005-09-16,62.919998,63.450001,62.840000,63.380001,28.630222,11796800
2005-09-19,63.599998,64.540001,63.599998,64.309998,29.050316,7488800
2005-09-20,64.309998,64.769997,63.709999,64.040001,28.928370,6566400
2005-09-21,64.599998,64.989998,64.000000,64.269997,29.032259,7294500
2005-09-22,64.919998,64.989998,62.799999,63.770000,28.806402,7655400
2005-09-23,63.549999,63.660000,62.820000,63.270000,28.580532,7777500
2005-09-26,63.110001,64.610001,63.110001,64.239998,29.018696,6196600
2005-09-27,64.300003,64.589996,63.590000,64.180000,28.991598,6161300
2005-09-28,64.699997,65.000000,64.169998,64.980003,29.352991,6452700
2005-09-29,64.980003,65.980003,64.730003,65.769997,29.709835,8786500
2005-09-30,65.690002,65.699997,64.720001,64.730003,29.240053,6603800
2005-10-03,65.250000,65.489998,64.120003,64.449997,29.113569,6762500
2005-10-04,64.459999,64.459999,62.700001,62.840000,28.386305,9170500
2005-10-05,62.840000,63.099998,61.590000,62.040001,28.024920,13492100
2005-10-06,61.700001,61.959999,59.009998,60.000000,27.103394,18288700
2005-10-07,60.369999,61.000000,59.820000,61.000000,27.555126,9934900
2005-10-10,60.950001,60.990002,59.799999,60.330002,27.252466,7101400
2005-10-11,60.459999,62.790001,60.459999,62.150002,28.074612,11535400
2005-10-12,62.020000,62.639999,60.750000,60.959999,27.537043,8931400
2005-10-13,60.650002,60.799999,58.439999,59.540001,26.895615,13801000
2005-10-14,59.119999,59.740002,57.799999,59.480000,26.868505,13246300
2005-10-17,59.990002,60.419998,59.310001,59.950001,27.080807,7443900
2005-10-18,59.099998,59.459999,57.290001,57.290001,25.879219,10332700
2005-10-19,57.419998,58.500000,56.349998,58.340000,26.353540,12145100
2005-10-20,58.119999,58.279999,55.020000,55.750000,25.183565,20081500
2005-10-21,55.770000,57.599998,55.500000,56.299999,25.432020,11869500
2005-10-24,56.310001,57.919998,56.060001,57.830002,26.123154,8080400
2005-10-25,57.950001,59.009998,57.419998,58.669998,26.502604,9632600
2005-10-26,58.599998,59.480000,57.500000,57.660000,26.046366,13043500
2005-10-27,57.990002,58.220001,56.360001,56.500000,25.522379,10388800
2005-10-28,56.849998,57.490002,54.799999,57.380001,25.919870,13310800
2005-10-31,57.560001,58.279999,56.410000,57.070000,25.779863,11141300
2005-11-01,57.070000,57.990002,56.820000,57.639999,26.037331,7505800
2005-11-02,57.540001,58.610001,57.220001,58.520000,26.434843,7410300
2005-11-03,58.790001,59.580002,58.470001,59.480000,26.868505,8820100
2005-11-04,59.480000,59.480000,57.599998,58.009998,26.204470,9375600
2005-11-07,58.009998,58.009998,56.889999,57.400002,25.928909,8421300
2005-11-08,57.160000,57.980000,57.060001,57.860001,26.136705,5248000
2005-11-09,57.849998,58.250000,56.759998,56.770000,25.644339,10957900
2005-11-10,56.639999,56.980000,55.000000,56.230000,25.400387,15663000
2005-11-11,56.060001,56.980000,56.049999,56.630001,25.581102,11539000
2005-11-14,56.950001,57.410000,56.320000,56.599998,25.567543,10453900
2005-11-15,56.990002,58.110001,56.599998,56.689999,25.608191,10658800
2005-11-16,56.290001,57.380001,56.160000,57.150002,26.022545,8745800
2005-11-17,57.599998,58.080002,57.080002,57.459999,26.163712,10257100
2005-11-18,58.000000,58.230000,57.099998,58.110001,26.459681,8080400
2005-11-21,58.259998,58.990002,58.220001,58.849998,26.796619,8741400
2005-11-22,59.000000,59.240002,58.389999,59.119999,26.919565,8163700
2005-11-23,59.000000,59.290001,58.200001,58.709999,26.732870,6801400
2005-11-25,59.049999,59.160000,58.529999,58.540001,26.655462,2346700
2005-11-28,58.380001,58.439999,57.110001,57.180000,26.036203,6936500
2005-11-29,57.480000,58.070000,57.259998,57.369999,26.122725,7474900
2005-11-30,57.470001,58.200001,57.200001,57.310001,26.095411,7812000
2005-12-01,57.700001,58.830002,57.619999,58.709999,26.732870,6640600
2005-12-02,58.869999,59.459999,58.340000,59.180000,26.946892,7827100
2005-12-05,59.470001,60.040001,59.250000,59.639999,27.156347,7668800
2005-12-06,59.689999,60.480000,59.150002,59.980000,27.311169,7472700
2005-12-07,60.070000,60.500000,59.110001,59.299999,27.001537,6742100
2005-12-08,59.310001,59.980000,59.240002,59.619999,27.147232,9596200
2005-12-09,59.419998,59.419998,58.720001,58.820000,26.782959,8588900
2005-12-12,59.160000,59.790001,58.910000,59.580002,27.129025,6617000
2005-12-13,59.900002,59.919998,58.730000,58.860001,26.801186,7918800
2005-12-14,58.950001,59.400002,58.900002,59.279999,26.992435,8841000
2005-12-15,59.279999,59.279999,58.380001,59.020000,26.874031,7054900
2005-12-16,59.060001,59.189999,57.450001,57.509998,26.186480,10021200
2005-12-19,57.689999,57.869999,56.689999,56.750000,25.840420,9568000
2005-12-20,57.169998,57.299999,56.740002,56.869999,25.895069,8698800
2005-12-21,57.480000,57.930000,56.869999,57.020000,25.963360,10767000
2005-12-22,57.049999,57.439999,56.939999,57.110001,26.004328,7111600
2005-12-23,57.110001,57.490002,56.509998,57.130001,26.013451,3979100
2005-12-27,57.000000,57.020000,55.439999,55.889999,25.448818,9578200
2005-12-28,56.130001,56.959999,55.889999,56.700001,25.817640,6665200
2005-12-29,56.730000,57.290001,56.439999,56.470001,25.712927,4633700
2005-12-30,56.470001,57.139999,55.939999,56.770000,25.849527,5904400
2006-01-03,57.250000,59.099998,57.060001,59.080002,26.901363,13296000
2006-01-04,59.080002,59.080002,58.430000,58.910000,26.823950,8838700
2006-01-05,58.680000,58.959999,57.849998,58.189999,26.496111,8634800
2006-01-06,58.950001,59.570000,58.590000,59.250000,26.978756,9609000
2006-01-09,59.490002,59.580002,58.549999,58.950001,26.842155,6442300
2006-01-10,58.759998,59.480000,58.750000,59.240002,26.974218,6969000
2006-01-11,59.220001,60.000000,58.650002,59.840000,27.247404,6451300
2006-01-12,60.000000,60.590000,59.610001,59.889999,27.270170,7535200
2006-01-13,59.889999,60.619999,59.750000,60.360001,27.484203,5867900
2006-01-17,60.900002,61.900002,60.720001,61.860001,28.167189,8751800
2006-01-18,61.980000,62.000000,60.459999,60.900002,27.730070,8984000
2006-01-19,60.400002,61.750000,60.209999,61.599998,28.048809,7877800
2006-01-20,62.000000,62.430000,60.750000,61.119999,27.830240,11189300
2006-01-23,61.090000,62.380001,60.520000,62.209999,28.326563,8962800
2006-01-24,62.049999,62.720001,61.799999,62.049999,28.253708,8400100
2006-01-25,62.299999,62.549999,60.529999,61.259998,27.893978,12446800
2006-01-26,61.500000,61.500000,60.110001,60.220001,27.420437,14414400
2006-01-27,60.099998,60.759998,59.799999,60.380001,27.493296,16687800
2006-01-30,60.849998,60.849998,59.810001,60.750000,27.661762,12625000
2006-01-31,60.410000,60.599998,59.270000,59.380001,27.037968,15266500
2006-02-01,59.380001,59.799999,58.599998,58.700001,26.728333,11121300
2006-02-02,58.709999,59.049999,57.750000,58.509998,26.641815,9142700
2006-02-03,58.119999,58.689999,57.369999,57.500000,26.181923,11274800
2006-02-06,58.000000,59.419998,58.000000,58.840000,26.792074,9908000
2006-02-07,58.540001,58.540001,57.599998,57.740002,26.291208,9927100
2006-02-08,57.740002,58.180000,56.799999,57.889999,26.359497,9877700
2006-02-09,58.119999,58.970001,56.730000,56.900002,25.908722,11167100
2006-02-10,57.320000,57.490002,56.000000,56.610001,25.776669,12130600
2006-02-13,56.630001,57.590000,56.349998,56.619999,25.781225,8094000
2006-02-14,55.849998,56.299999,55.410000,55.720001,25.574682,12426900
2006-02-15,55.849998,56.369999,55.500000,55.959999,25.684841,11940500
2006-02-16,56.099998,56.590000,55.959999,56.299999,25.840897,10606900
2006-02-17,56.779999,57.389999,56.299999,57.169998,26.240208,10893000
2006-02-21,57.990002,58.400002,57.490002,57.900002,26.575266,9605400
2006-02-22,57.900002,57.900002,56.910000,57.240002,26.272345,7623200
2006-02-23,57.099998,57.750000,56.790001,57.139999,26.226440,9232800
2006-02-24,57.560001,57.970001,57.400002,57.650002,26.460522,8450000
2006-02-27,57.650002,57.720001,57.049999,57.099998,26.208082,6204800
2006-02-28,56.689999,56.840000,56.230000,56.480000,25.923506,8858000
2006-03-01,56.720001,57.290001,56.630001,57.240002,26.272345,7391900
2006-03-02,57.240002,57.590000,56.500000,57.009998,26.166769,10056900
2006-03-03,56.820000,57.439999,56.669998,56.970001,26.148426,9471600
2006-03-06,56.750000,56.860001,55.810001,55.849998,25.634359,9684300
2006-03-07,55.849998,55.939999,54.950001,55.320000,25.391094,10783000
2006-03-08,55.320000,55.630001,54.150002,55.119999,25.299282,14190200
2006-03-09,55.470001,55.599998,54.450001,54.450001,24.991770,11726300
2006-03-10,54.150002,54.599998,53.759998,54.080002,24.821947,11114000
2006-03-13,54.529999,55.380001,54.259998,55.180000,25.326836,10585600
2006-03-14,55.200001,56.470001,55.029999,56.349998,25.863842,10098600
2006-03-15,56.500000,56.599998,55.680000,56.500000,25.932701,8740200
2006-03-16,56.509998,58.029999,56.279999,57.740002,26.501833,11252700
2006-03-17,57.980000,58.040001,57.020000,57.180000,26.244795,9385900
2006-03-20,57.000000,57.430000,56.650002,56.750000,26.047436,6876200
2006-03-21,56.599998,57.099998,56.150002,56.570000,25.964821,6231400
2006-03-22,56.419998,57.240002,56.250000,56.490002,25.928112,6398400
2006-03-23,56.660000,56.869999,56.200001,56.630001,25.992369,7381200
2006-03-24,56.700001,57.799999,56.650002,57.570000,26.423811,9533000
2006-03-27,57.849998,58.419998,57.330002,58.209999,26.717556,7296100
2006-03-28,58.410000,58.869999,57.820000,57.860001,26.556902,8749800
2006-03-29,57.549999,58.830002,57.549999,58.630001,26.910320,7322100
2006-03-30,58.750000,59.290001,58.400002,58.509998,26.855257,6748300
2006-03-31,58.259998,58.419998,57.660000,57.970001,26.607403,7363200
2006-04-03,58.349998,59.200001,58.230000,58.340000,26.777229,6919400
2006-04-04,58.349998,59.150002,58.060001,58.910000,27.038839,5795800
2006-04-05,58.910000,59.509998,58.610001,59.500000,27.309647,6873800
2006-04-06,59.650002,59.840000,58.959999,59.410000,27.268332,5212200
2006-04-07,59.680000,59.689999,58.389999,58.650002,26.919506,6880500
2006-04-10,59.139999,59.820000,59.110001,59.720001,27.410612,7380200
2006-04-11,59.900002,60.529999,59.279999,59.459999,27.291286,7476800
2006-04-12,59.209999,59.759998,58.450001,58.669998,26.928688,7136800
2006-04-13,58.400002,58.950001,58.000000,58.779999,26.979176,5250200
2006-04-17,59.180000,59.480000,59.000000,59.320000,27.227024,5121900
2006-04-18,59.849998,60.959999,59.849998,60.869999,27.938452,9218000
2006-04-19,60.490002,61.430000,60.110001,61.009998,28.002716,8220700
2006-04-20,60.700001,60.930000,59.389999,60.029999,27.552927,8970100
2006-04-21,60.470001,61.509998,60.110001,61.480000,28.218458,10951000
2006-04-24,61.570000,61.689999,60.770000,60.990002,27.993542,11450400
2006-04-25,61.389999,61.939999,60.060001,60.410000,27.727335,9434400
2006-04-26,60.430000,61.790001,60.000000,60.220001,27.640121,11277400
2006-04-27,59.650002,60.980000,58.700001,59.980000,27.529961,9758600
2006-04-28,60.500000,61.389999,60.400002,61.020000,28.007311,8885500
2006-05-01,61.619999,62.000000,61.110001,61.169998,28.076149,7225800
2006-05-02,61.570000,62.950001,61.389999,62.799999,28.824295,8404900
2006-05-03,62.740002,62.740002,61.419998,61.900002,28.411213,8684100
2006-05-04,61.599998,62.450001,61.049999,62.000000,28.457106,9835300
2006-05-05,62.480000,62.900002,61.980000,62.349998,28.617758,8666800
2006-05-08,62.000000,62.349998,61.279999,62.009998,28.461699,6501300
2006-05-09,61.959999,63.180000,61.889999,62.860001,28.851843,15199900
2006-05-10,62.810001,62.959999,62.119999,62.880001,28.861019,10326500
2006-05-11,63.189999,63.650002,62.500000,62.709999,28.782982,12982200
2006-05-12,62.750000,62.810001,61.169998,61.380001,28.172527,12274500
2006-05-15,60.410000,61.599998,59.959999,60.560001,27.796169,12016800
2006-05-16,60.799999,61.820000,60.450001,61.020000,28.007311,9440100
2006-05-17,60.020000,60.930000,58.279999,58.939999,27.285130,11008500
2006-05-18,58.939999,59.650002,58.700001,58.700001,27.174028,8819400
2006-05-19,58.709999,59.299999,57.430000,58.470001,27.067556,11406800
2006-05-22,58.000000,58.750000,57.020000,58.220001,26.951813,10186800
2006-05-23,58.970001,59.599998,57.950001,58.099998,26.896269,8480700
2006-05-24,57.840000,58.509998,56.630001,57.599998,26.664801,13293100
2006-05-25,58.450001,59.740002,58.029999,59.490002,27.539747,11080200
2006-05-26,59.599998,59.930000,59.209999,59.830002,27.697138,5325600
2006-05-30,60.000000,60.080002,58.410000,58.450001,27.058292,7821700
2006-05-31,58.470001,59.830002,58.470001,59.790001,27.678623,12303800
2006-06-01,59.669998,60.200001,59.060001,59.980000,27.766590,11501600
2006-06-02,60.410000,60.849998,59.830002,60.750000,28.123039,11399900
2006-06-05,61.259998,61.290001,59.320000,59.349998,27.474934,8690000
2006-06-06,59.360001,59.720001,58.500000,58.930000,27.280499,10554600
2006-06-07,58.709999,59.709999,57.160000,57.169998,26.465742,13807800
2006-06-08,56.770000,58.000000,55.410000,57.860001,26.785162,15265800
2006-06-09,57.959999,58.320000,57.320000,57.529999,26.632399,12866100
2006-06-12,57.880001,58.410000,57.299999,57.590000,26.660164,10809600
2006-06-13,57.590000,58.160000,56.689999,56.779999,26.285202,14723900
2006-06-14,57.150002,57.849998,56.900002,57.830002,26.771278,9987700
2006-06-15,58.299999,59.740002,58.220001,59.430000,27.511971,11799900
2006-06-16,59.099998,59.310001,58.099998,58.709999,27.178658,12494500
2006-06-19,58.720001,58.720001,57.110001,57.509998,26.623140,8140200
2006-06-20,57.759998,58.380001,57.430000,57.509998,26.623140,7998400
2006-06-21,57.520000,59.189999,57.490002,58.279999,26.979593,7878200
2006-06-22,58.439999,58.970001,57.970001,58.660000,27.155510,6290400
2006-06-23,58.759998,59.279999,58.660000,58.709999,27.178658,6558900
2006-06-26,58.720001,59.849998,58.520000,59.680000,27.627705,5870000
2006-06-27,60.000000,61.389999,59.959999,60.099998,27.822134,7787700
2006-06-28,60.349998,61.480000,60.349998,61.360001,28.405424,8304000
2006-06-29,61.580002,62.980000,61.520000,62.450001,28.910017,9986800
2006-06-30,62.450001,62.700001,61.950001,62.060001,28.729485,8103100
2006-07-03,62.270000,63.000000,62.259998,62.750000,29.048908,3133300
2006-07-05,62.759998,64.029999,62.549999,63.880001,29.572016,9895500
2006-07-06,63.880001,64.599998,63.680000,63.980000,29.618311,8434200
2006-07-07,64.150002,65.000000,63.330002,63.680000,29.479424,8958300
2006-07-10,63.599998,64.500000,63.389999,64.269997,29.752558,6305000
2006-07-11,64.529999,65.540001,64.519997,65.300003,30.229368,8775700
2006-07-12,65.550003,65.889999,64.500000,64.870003,30.030306,9700200
2006-07-13,65.059998,65.809998,64.889999,64.940002,30.062719,10201800
2006-07-14,65.480003,66.790001,65.440002,66.379997,30.729338,14930500
2006-07-17,65.709999,66.339996,64.529999,64.870003,30.030306,10740900
2006-07-18,65.400002,66.070000,64.790001,65.550003,30.345106,8677300
2006-07-19,65.550003,66.339996,65.059998,65.989998,30.548792,9964200
2006-07-20,66.050003,66.239998,65.199997,65.320000,30.238623,8366600
2006-07-21,65.779999,65.779999,64.410004,64.449997,29.835875,10087800
2006-07-24,64.650002,66.639999,64.650002,66.269997,30.678410,8368400
2006-07-25,66.419998,67.160004,65.800003,66.949997,30.993202,8346300
2006-07-26,66.959999,68.010002,66.750000,67.500000,31.247828,8369300
2006-07-27,68.440002,68.470001,67.540001,67.730003,31.354296,9268500
2006-07-28,66.300003,66.449997,64.930000,66.050003,30.576569,15358000
2006-07-31,65.699997,66.190002,65.250000,65.779999,30.451580,9143300
2006-08-01,65.720001,66.449997,65.260002,66.250000,30.669161,7228700
2006-08-02,66.500000,67.080002,65.779999,65.970001,30.539532,10020300
2006-08-03,65.739998,66.139999,65.500000,65.500000,30.321957,10382000
2006-08-04,65.970001,66.040001,64.959999,65.660004,30.396019,7626500
2006-08-07,65.919998,67.029999,65.809998,66.830002,30.937662,9229100
2006-08-08,66.839996,67.430000,66.709999,67.199997,31.108938,8544700
2006-08-09,67.510002,68.239998,67.320000,67.480003,31.238558,10704900
2006-08-10,67.290001,67.690002,66.849998,67.349998,31.178383,8830800
2006-08-11,67.349998,67.989998,67.110001,67.849998,31.409861,5109000
2006-08-14,67.500000,67.610001,66.419998,67.050003,31.039509,6260600
2006-08-15,67.750000,67.750000,66.500000,66.860001,30.951551,7278400
2006-08-16,67.000000,67.000000,64.949997,65.410004,30.517654,9467500
2006-08-17,64.820000,66.169998,64.820000,66.150002,30.862888,11987700
2006-08-18,66.349998,67.309998,66.160004,67.260002,31.380785,9074300
2006-08-21,67.419998,67.550003,66.730003,66.889999,31.208166,7934000
2006-08-22,66.599998,66.779999,66.209999,66.550003,31.049519,6892000
2006-08-23,66.440002,66.639999,65.419998,65.680000,30.643614,7566200
2006-08-24,65.680000,66.730003,65.620003,66.730003,31.133499,5336500
2006-08-25,66.800003,67.489998,66.709999,66.769997,31.152164,4349400
2006-08-28,66.309998,66.500000,65.860001,66.160004,30.867569,5449300
2006-08-29,65.970001,66.000000,65.129997,65.739998,30.671616,7134000
2006-08-30,65.750000,65.879997,64.150002,65.190002,30.414999,9205200
2006-08-31,65.190002,65.190002,64.349998,64.400002,30.046421,6609700
2006-09-01,64.720001,64.900002,64.290001,64.830002,30.247040,6277300
2006-09-05,65.730003,67.150002,65.349998,66.339996,30.951540,13338500
2006-09-06,66.089996,66.379997,65.099998,65.220001,30.429003,11065400
2006-09-07,65.010002,66.449997,64.989998,65.400002,30.512989,7998200
2006-09-08,65.400002,65.459999,64.120003,64.220001,29.962435,6574500
2006-09-11,63.630001,63.680000,61.380001,62.000000,28.926680,18665200
2006-09-12,62.000000,62.320000,60.959999,61.389999,28.642076,11857200
2006-09-13,61.610001,62.599998,61.480000,62.389999,29.108635,9513200
2006-09-14,62.459999,62.779999,61.500000,62.049999,28.950006,8014800
2006-09-15,62.060001,62.090000,61.240002,61.790001,28.828701,10521900
2006-09-18,62.000000,63.200001,61.720001,62.849998,29.323254,8206300
2006-09-19,63.009998,63.150002,61.520000,61.889999,28.875355,7752300
2006-09-20,61.900002,62.189999,60.860001,60.880001,28.404133,9623200
2006-09-21,61.080002,62.389999,61.080002,62.049999,28.950006,9061000
2006-09-22,62.299999,62.430000,61.270000,61.939999,28.898676,7444100
2006-09-25,61.459999,62.830002,60.720001,62.180000,29.010656,10800900
2006-09-26,62.180000,63.700001,62.040001,63.590000,29.668507,10870500
2006-09-27,63.840000,64.750000,63.279999,64.199997,29.953106,12291600
2006-09-28,64.110001,64.919998,64.080002,64.529999,30.107065,9956300
2006-09-29,64.400002,65.139999,64.010002,64.860001,30.261038,6797400
2006-10-02,64.900002,65.349998,64.459999,64.510002,30.097731,7955600
2006-10-03,64.000000,64.010002,62.919998,62.939999,29.365240,12808700
2006-10-04,63.250000,63.930000,62.220001,63.700001,29.719826,11281000
2006-10-05,64.129997,64.470001,63.419998,63.880001,29.803814,9577800
2006-10-06,63.520000,63.880001,62.799999,63.660000,29.701168,8886400
2006-10-09,64.019997,64.190002,63.139999,63.240002,29.505217,7807100
2006-10-10,63.090000,63.919998,63.000000,63.900002,29.813145,10930900
2006-10-11,63.630001,63.830002,63.000000,63.099998,29.439892,9417600
2006-10-12,63.490002,64.160004,63.310001,64.019997,29.869125,8136600
2006-10-13,64.360001,64.720001,63.939999,64.199997,29.953106,7704500
2006-10-16,64.410004,65.199997,64.180000,65.050003,30.349682,7813300
2006-10-17,65.110001,65.180000,64.709999,64.930000,30.293701,6809000
2006-10-18,64.940002,65.419998,64.260002,64.599998,30.139730,8085200
2006-10-19,64.800003,65.639999,64.360001,65.639999,30.624956,7052200
2006-10-20,65.830002,65.879997,64.919998,65.279999,30.456984,9599500
2006-10-23,64.940002,65.639999,64.529999,65.639999,30.624956,6606100
2006-10-24,65.639999,67.029999,65.459999,66.889999,31.208166,9061900
2006-10-25,66.660004,68.260002,66.419998,67.580002,31.530085,11946400
2006-10-26,68.279999,68.500000,67.279999,67.500000,31.492762,8884500
2006-10-27,68.050003,68.480003,67.419998,67.680000,31.576735,8888200
2006-10-30,67.209999,67.680000,66.019997,66.389999,30.974873,8869400
2006-10-31,66.099998,67.349998,65.760002,67.199997,31.352783,10721500
2006-11-01,67.199997,67.559998,66.510002,66.980003,31.250139,7874500
2006-11-02,66.949997,67.889999,66.529999,67.790001,31.628042,9013600
2006-11-03,68.000000,69.330002,68.000000,68.910004,32.150604,8608400
2006-11-06,69.050003,69.940002,68.760002,69.769997,32.551842,10218800
2006-11-07,69.849998,69.919998,68.639999,68.910004,32.150604,9893000
2006-11-08,68.599998,69.779999,68.599998,69.510002,32.430534,9312600
2006-11-09,69.860001,70.400002,69.540001,70.199997,32.752464,11484500
2006-11-10,70.300003,70.389999,69.139999,69.540001,32.444542,8790400
2006-11-13,69.540001,70.830002,69.059998,70.349998,32.822453,8858100
2006-11-14,70.459999,70.669998,69.900002,70.379997,32.836437,8066700
2006-11-15,69.849998,70.629997,69.570000,69.949997,32.878738,8780000
2006-11-16,70.309998,70.459999,68.489998,68.550003,32.220703,9311100
2006-11-17,68.110001,69.279999,67.860001,69.099998,32.479221,10323100
2006-11-20,68.839996,69.910004,68.730003,69.239998,32.545036,7456100
2006-11-21,69.580002,70.320000,69.449997,70.220001,33.005646,7708400
2006-11-22,70.220001,70.500000,69.019997,69.599998,32.714237,7388400
2006-11-24,68.970001,69.800003,68.739998,68.839996,32.357018,2883700
2006-11-27,69.290001,69.669998,68.400002,68.750000,32.314724,9568100
2006-11-28,68.889999,70.070000,68.849998,69.879997,32.845844,7682000
2006-11-29,70.199997,72.000000,69.910004,71.050003,33.395786,10238300
2006-11-30,71.250000,72.959999,71.150002,72.320000,33.992729,11974600
2006-12-01,72.330002,73.260002,71.830002,73.110001,34.364040,10402900
2006-12-04,73.110001,73.540001,72.699997,73.500000,34.547371,7489600
2006-12-05,73.660004,74.169998,72.779999,73.949997,34.758865,8262900
2006-12-06,73.849998,74.410004,73.500000,73.559998,34.575554,10276400
2006-12-07,73.660004,74.000000,73.050003,73.320000,34.462749,7181300
2006-12-08,73.620003,74.000000,72.769997,72.830002,34.232437,7637300
2006-12-11,72.830002,74.040001,72.660004,73.699997,34.641361,7986000
2006-12-12,74.459999,74.570000,73.370003,73.849998,34.711884,9241400
2006-12-13,74.529999,74.720001,73.870003,74.400002,34.970379,7637100
2006-12-14,74.720001,76.199997,74.449997,75.970001,35.708344,9234800
2006-12-15,75.989998,76.110001,74.980003,75.379997,35.431030,9534400
2006-12-18,75.099998,75.430000,73.250000,73.330002,34.467453,9217200
2006-12-19,72.980003,74.790001,72.500000,74.489998,35.012691,9201300
2006-12-20,74.459999,74.910004,73.480003,73.650002,34.617874,8691800
2006-12-21,73.660004,74.160004,72.540001,73.230003,34.420452,7539900
2006-12-22,73.300003,73.510002,72.660004,72.730003,34.185432,4486600
2006-12-26,72.639999,73.400002,72.529999,73.089996,34.354645,4007500
2006-12-27,73.279999,74.139999,73.260002,74.040001,34.801178,5114800
2006-12-28,74.260002,74.510002,74.010002,74.279999,34.913982,4057500
2006-12-29,73.889999,74.099998,73.500000,73.529999,34.561466,5410000
2007-01-03,72.769997,73.220001,70.550003,70.970001,33.358181,12719600
2007-01-04,70.900002,70.949997,69.599998,70.279999,33.033848,10825300
2007-01-05,70.279999,71.120003,70.120003,70.550003,33.160789,9618000
2007-01-08,71.059998,71.559998,70.000000,71.449997,33.583782,9435100
2007-01-09,70.980003,71.339996,69.849998,70.629997,33.198372,10500000
2007-01-10,69.750000,70.309998,68.930000,69.410004,32.624947,11936700
2007-01-11,69.320000,71.139999,68.480003,68.690002,32.286514,12407200
2007-01-12,69.099998,70.620003,69.099998,70.349998,33.066757,9345000
2007-01-16,70.080002,70.699997,69.230003,69.669998,32.747135,8281700
2007-01-17,69.709999,70.870003,69.500000,70.820000,33.287670,10545100
2007-01-18,70.830002,71.839996,70.019997,70.919998,33.334686,10648300
2007-01-19,71.330002,72.389999,70.800003,72.320000,33.992729,9983800
2007-01-22,72.510002,72.599998,70.949997,71.220001,33.475681,11969100
2007-01-23,71.610001,73.250000,71.599998,72.559998,34.105530,9268800
2007-01-24,72.489998,73.250000,71.699997,72.839996,34.237133,7061700
2007-01-25,72.500000,72.779999,71.279999,71.519997,33.616688,8441500
2007-01-26,72.139999,72.370003,71.230003,71.500000,33.607281,7266600
2007-01-29,71.510002,72.300003,71.239998,71.529999,33.621395,6323100
2007-01-30,71.949997,73.070000,71.849998,73.070000,34.345242,6398000
2007-01-31,72.989998,73.440002,72.290001,72.879997,34.255936,9757800
2007-02-01,73.250000,74.959999,73.099998,74.470001,35.003296,10956200
2007-02-02,73.800003,74.620003,73.300003,74.040001,34.801178,7377300
2007-02-05,74.050003,74.290001,73.459999,73.779999,34.678989,8431500
2007-02-06,74.150002,74.180000,72.940002,73.370003,34.486263,8374800
2007-02-07,73.870003,74.089996,72.540001,72.639999,34.143135,9573100
2007-02-08,72.459999,73.919998,72.089996,73.750000,34.664886,10159500
2007-02-09,73.930000,74.000000,73.059998,73.320000,34.462749,6502300
2007-02-12,73.099998,73.169998,71.889999,72.320000,33.992729,12468000
2007-02-13,72.730003,72.959999,72.470001,72.830002,34.232437,7909300
2007-02-14,72.639999,73.040001,71.779999,72.190002,34.175629,7907900
2007-02-15,72.059998,72.059998,71.160004,71.360001,33.782703,10225000
2007-02-16,71.010002,71.440002,70.720001,70.809998,33.522320,9619000
2007-02-20,70.650002,70.650002,70.019997,70.120003,33.195663,9347500
2007-02-21,70.120003,70.389999,69.199997,69.940002,33.110462,13256400
2007-02-22,70.019997,70.959999,69.839996,70.669998,33.456043,8403100
2007-02-23,71.190002,71.279999,70.570000,71.070000,33.645405,7862500
2007-02-26,71.419998,72.019997,71.129997,71.410004,33.806362,7451800
2007-02-27,70.709999,71.220001,68.019997,68.580002,32.466606,13910000
2007-02-28,68.589996,69.750000,68.360001,68.519997,32.438206,14002600
2007-03-01,67.320000,68.519997,64.989998,67.599998,32.002666,14150400
2007-03-02,67.580002,67.750000,66.320000,66.790001,31.619207,10827100
2007-03-05,66.199997,67.330002,66.010002,66.430000,31.448767,11700900
2007-03-06,67.279999,67.709999,66.769997,67.669998,32.035809,11528000
2007-03-07,67.800003,69.809998,67.570000,68.330002,32.348255,12789500
2007-03-08,68.949997,69.059998,67.989998,68.459999,32.409798,10777500
2007-03-09,68.830002,69.040001,68.000000,68.470001,32.414528,7668900
2007-03-12,68.470001,69.199997,68.059998,68.830002,32.584961,9416400
2007-03-13,68.830002,69.599998,67.580002,67.839996,32.116291,9446000
2007-03-14,68.300003,68.639999,67.080002,68.320000,32.343529,11393700
2007-03-15,68.199997,69.290001,67.809998,68.870003,32.603905,9996200
2007-03-16,69.239998,69.500000,67.760002,68.080002,32.229908,12720300
2007-03-19,68.580002,69.750000,68.519997,69.379997,32.845341,13988200
2007-03-20,69.389999,70.139999,69.190002,70.050003,33.162533,8243100
2007-03-21,70.379997,71.489998,70.050003,71.339996,33.773216,10162300
2007-03-22,71.550003,73.459999,71.290001,72.930000,34.525970,13192000
2007-03-23,73.389999,74.089996,73.199997,73.699997,34.890480,10883900
2007-03-26,74.139999,74.550003,73.510002,74.400002,35.221867,10111300
2007-03-27,74.010002,74.370003,73.620003,74.169998,35.112972,8548500
2007-03-28,74.470001,74.680000,73.760002,74.080002,35.070381,10237200
2007-03-29,74.360001,74.980003,74.320000,74.949997,35.482243,10247800
2007-03-30,74.809998,74.809998,73.379997,73.959999,35.013580,8510300
2007-04-02,74.050003,75.050003,74.050003,74.830002,35.425434,8192300
2007-04-03,74.610001,75.589996,74.470001,75.339996,35.666882,9357500
2007-04-04,75.120003,75.750000,74.650002,75.550003,35.766289,6622200
2007-04-05,75.559998,75.900002,75.320000,75.610001,35.794716,6305100
2007-04-09,75.320000,76.400002,75.129997,75.489998,35.737888,6408600
2007-04-10,75.790001,77.220001,75.650002,77.040001,36.471676,8825600
2007-04-11,77.040001,77.470001,76.459999,76.559998,36.244457,10747700
2007-04-12,76.750000,77.230003,76.290001,77.169998,36.533218,8049600
2007-04-13,77.500000,77.500000,76.650002,77.010002,36.457497,7265500
2007-04-16,77.250000,77.970001,76.680000,77.870003,36.864605,8308200
2007-04-17,78.000000,78.570000,77.540001,77.959999,36.907219,8811700
2007-04-18,77.550003,78.120003,77.300003,77.769997,36.817276,7045400
2007-04-19,77.470001,77.639999,76.730003,76.809998,36.362804,8013400
2007-04-20,77.290001,78.629997,77.059998,78.449997,37.139194,15622000
2007-04-23,78.059998,78.879997,77.400002,77.559998,36.717865,12242700
2007-04-24,77.110001,77.809998,76.910004,77.099998,36.500076,9003600
2007-04-25,77.580002,78.930000,77.550003,78.320000,37.077660,10924600
2007-04-26,78.169998,78.379997,77.300003,78.180000,37.011364,10424500
2007-04-27,78.419998,78.500000,77.339996,78.080002,36.964039,8119700
2007-04-30,78.089996,79.070000,77.760002,77.790001,36.826736,11191300
2007-05-01,77.970001,78.629997,77.419998,78.349998,37.091839,9242100
2007-05-02,78.480003,78.980003,78.080002,78.639999,37.229145,6413800
2007-05-03,78.650002,79.860001,78.430000,79.559998,37.664673,7087700
2007-05-04,79.800003,80.349998,78.800003,79.300003,37.541592,7749200
2007-05-07,78.629997,79.699997,78.510002,79.580002,37.674133,7298200
2007-05-08,79.419998,80.190002,78.870003,80.050003,37.896645,7018200
2007-05-09,79.919998,79.970001,78.889999,79.750000,37.754635,7409000
2007-05-10,79.519997,79.680000,78.150002,78.190002,37.016117,7882900
2007-05-11,78.500000,80.129997,78.500000,80.040001,37.891914,8427500
2007-05-14,80.000000,80.940002,79.830002,80.870003,38.284859,12527500
2007-05-15,80.940002,81.370003,80.610001,80.730003,38.218578,9846800
2007-05-16,80.150002,80.930000,79.610001,80.730003,38.495136,9402800
2007-05-17,80.750000,82.000000,80.199997,81.459999,38.843239,7783600
2007-05-18,81.870003,82.919998,81.800003,82.849998,39.506035,11114500
2007-05-21,83.110001,83.559998,82.580002,82.830002,39.496502,11359500
2007-05-22,82.830002,83.230003,82.040001,82.180000,39.186558,9214900
2007-05-23,82.180000,82.910004,81.169998,81.400002,38.814625,14228400
2007-05-24,81.669998,81.879997,79.750000,79.970001,38.132740,13263200
2007-05-25,80.400002,81.129997,80.279999,81.129997,38.685879,6839500
2007-05-29,80.980003,81.000000,80.000000,80.709999,38.485615,7964700
2007-05-30,80.559998,82.290001,80.160004,82.250000,39.219948,10776900
2007-05-31,82.150002,82.360001,81.019997,81.489998,38.857555,11512700
2007-06-01,81.760002,82.519997,81.720001,82.230003,39.210396,7346300
2007-06-04,82.199997,83.250000,82.000000,83.129997,39.639526,7958100
2007-06-05,82.709999,83.040001,82.169998,82.730003,39.448811,7402100
2007-06-06,82.730003,82.730003,81.370003,81.790001,39.000580,7520900
2007-06-07,81.650002,82.059998,80.099998,80.199997,38.242413,10980300
2007-06-08,80.010002,80.739998,79.120003,80.690002,38.476055,8551500
2007-06-11,80.660004,81.779999,80.269997,81.360001,38.795544,6784500
2007-06-12,81.349998,81.809998,80.500000,80.559998,38.414078,7413800
2007-06-13,80.809998,81.550003,80.720001,81.150002,38.695415,9948700
2007-06-14,81.410004,82.550003,81.400002,82.330002,39.258087,8437000
2007-06-15,82.860001,83.599998,82.760002,83.169998,39.658615,9432300
2007-06-18,83.269997,84.000000,83.269997,83.389999,39.763531,5996000
2007-06-19,82.989998,83.750000,82.949997,83.290001,39.715847,7033200
2007-06-20,83.599998,83.699997,80.760002,80.970001,38.609581,11012500
2007-06-21,81.489998,83.019997,81.360001,82.849998,39.506035,10058700
2007-06-22,82.849998,82.940002,81.500000,81.550003,38.886143,13441500
2007-06-25,81.559998,83.660004,81.500000,82.949997,39.553730,12688600
2007-06-26,83.489998,83.779999,82.370003,82.699997,39.434528,13487200
2007-06-27,82.250000,84.000000,81.620003,83.889999,40.001938,10245400
2007-06-28,84.889999,84.889999,83.839996,84.180000,40.140205,8594200
2007-06-29,84.790001,85.190002,83.519997,84.239998,40.168827,10730000
2007-07-02,84.699997,85.279999,84.410004,85.150002,40.602757,8212100
2007-07-03,83.599998,86.690002,83.599998,86.330002,41.165413,4605600
2007-07-05,86.790001,87.139999,85.510002,86.570000,41.279858,8746800
2007-07-06,86.570000,87.959999,86.570000,87.680000,41.809158,11725300
2007-07-09,87.550003,89.800003,87.449997,89.500000,42.677013,10646500
2007-07-10,89.000000,90.209999,87.809998,89.000000,42.438580,13871900
2007-07-11,89.480003,90.870003,88.709999,90.750000,43.273041,12243200
2007-07-12,90.910004,93.370003,90.750000,93.300003,44.488998,12604300
2007-07-13,93.480003,95.000000,92.879997,93.330002,44.503288,9575600
2007-07-16,93.500000,94.050003,91.349998,92.120003,43.926346,10496400
2007-07-17,93.080002,93.080002,90.699997,91.099998,43.439953,9741600
2007-07-18,91.089996,93.430000,90.599998,93.080002,44.384064,11378500
2007-07-19,93.459999,93.730003,92.480003,93.000000,44.345955,8423900
2007-07-20,93.000000,93.309998,91.379997,92.120003,43.926346,10331400
2007-07-23,92.169998,93.160004,91.150002,92.570000,44.140923,9655600
2007-07-24,91.639999,92.150002,89.570000,89.849998,42.843899,10963400
2007-07-25,89.860001,91.690002,88.449997,91.050003,43.416100,14151400
2007-07-26,89.260002,90.449997,86.269997,87.459999,41.704269,17050200
2007-07-27,88.309998,88.940002,84.599998,85.199997,40.626602,17074500
2007-07-30,85.849998,87.000000,83.889999,86.430000,41.213104,12117700
2007-07-31,86.260002,87.449997,85.160004,85.260002,40.655224,11880000
2007-08-01,84.769997,89.500000,82.550003,85.169998,40.612305,21528500
2007-08-02,84.510002,86.000000,82.589996,83.889999,40.001938,15781800
2007-08-03,83.709999,85.000000,80.580002,81.019997,38.633419,15550400
2007-08-06,81.190002,82.080002,78.389999,82.019997,39.110249,17120400
2007-08-07,81.330002,83.889999,80.519997,83.180000,39.663383,15323400
2007-08-08,82.980003,85.629997,82.980003,84.330002,40.211754,14455100
2007-08-09,83.099998,84.739998,81.110001,81.110001,38.676346,15584400
2007-08-10,80.139999,83.730003,79.410004,83.419998,39.777821,13317300
2007-08-13,84.099998,84.309998,82.110001,82.449997,39.315319,10532900
2007-08-14,83.059998,83.699997,82.110001,82.449997,39.315319,15389400
2007-08-15,82.250000,83.809998,80.379997,80.760002,38.782265,12249800
2007-08-16,79.790001,81.959999,78.250000,81.389999,39.084793,19400800
2007-08-17,83.690002,85.099998,82.739998,84.360001,40.511032,16210700
2007-08-20,84.000000,85.550003,83.019997,84.889999,40.765556,9238500
2007-08-21,84.139999,85.250000,83.570000,84.300003,40.482208,11327200
2007-08-22,84.809998,85.559998,84.349998,85.389999,41.005650,10251000
2007-08-23,85.800003,86.470001,84.089996,85.480003,41.048870,8665500
2007-08-24,85.900002,87.529999,85.900002,87.220001,41.884460,7682700
2007-08-27,86.629997,87.389999,86.339996,87.000000,41.778805,6390100
2007-08-28,86.599998,86.730003,84.300003,84.300003,40.482208,10059100
2007-08-29,85.199997,87.379997,84.680000,86.699997,41.634743,10047800
2007-08-30,86.699997,87.599998,85.540001,87.190002,41.870060,7825700
2007-08-31,88.309998,88.860001,87.459999,87.760002,42.143772,8155000
2007-09-04,87.190002,89.269997,87.160004,88.730003,42.609581,9560000
2007-09-05,88.470001,88.650002,87.790001,88.360001,42.431904,9141400
2007-09-06,88.480003,89.330002,88.110001,88.930000,42.705624,8153100
2007-09-07,87.930000,89.029999,87.190002,87.650002,42.090942,9780300
2007-09-10,87.559998,88.290001,85.910004,87.050003,41.802830,10479000
2007-09-11,87.510002,89.129997,86.699997,88.589996,42.542332,10124500
2007-09-12,88.419998,89.839996,88.279999,89.190002,42.830463,11089100
2007-09-13,89.650002,90.820000,89.540001,90.089996,43.262665,8966600
2007-09-14,89.400002,91.269997,89.370003,90.650002,43.531597,7973300
2007-09-17,90.010002,91.540001,90.000000,90.930000,43.666039,7733600
2007-09-18,91.199997,93.529999,90.949997,93.339996,44.823364,9799900
2007-09-19,93.699997,94.940002,93.589996,94.110001,45.193127,11383700
2007-09-20,94.019997,94.629997,93.750000,94.169998,45.221951,8196500
2007-09-21,94.279999,95.360001,94.110001,94.839996,45.543690,12637900
2007-09-24,95.000000,95.500000,94.190002,94.349998,45.308399,9028600
2007-09-25,93.089996,93.589996,91.660004,91.879997,44.122257,12501200
2007-09-26,93.180000,93.320000,91.470001,92.510002,44.424809,11794400
2007-09-27,93.260002,93.629997,92.900002,93.510002,44.905022,7408900
2007-09-28,93.550003,94.400002,93.000000,93.580002,44.938644,8880700
2007-10-01,93.300003,94.529999,93.269997,94.440002,45.351608,8942800
2007-10-02,93.919998,93.989998,91.820000,92.559998,44.448822,9137300
2007-10-03,91.510002,91.980003,90.769997,91.480003,43.930191,8754800
2007-10-04,91.650002,92.029999,90.529999,91.839996,44.103035,6764800
2007-10-05,92.099998,92.570000,91.589996,92.320000,44.333561,6498100
2007-10-08,91.550003,91.959999,91.300003,91.580002,43.978191,5658400
2007-10-09,91.830002,93.000000,91.680000,92.800003,44.564056,8702300
2007-10-10,90.330002,92.480003,90.290001,92.080002,44.218311,11527500
2007-10-11,92.519997,92.820000,90.160004,91.000000,43.699661,9177800
2007-10-12,91.529999,91.739998,90.879997,91.410004,43.896572,6009000
2007-10-15,92.269997,92.940002,91.980003,92.330002,44.338356,8492000
2007-10-16,92.400002,93.849998,92.110001,93.449997,44.876209,10890700
2007-10-17,93.879997,93.940002,92.050003,93.260002,44.784969,10719100
2007-10-18,93.070000,93.750000,92.000000,92.419998,44.381573,10038800
2007-10-19,92.699997,92.699997,89.029999,89.269997,42.868893,14112700
2007-10-22,88.160004,88.510002,86.720001,88.440002,42.470310,10815500
2007-10-23,88.930000,89.709999,87.820000,88.919998,42.700817,9629900
2007-10-24,89.120003,90.419998,88.300003,89.900002,43.171432,10985100
2007-10-25,90.459999,91.599998,89.580002,91.230003,43.810143,9233600
2007-10-26,91.860001,92.300003,91.099998,91.650002,44.011814,7481600
2007-10-29,91.860001,93.570000,91.599998,92.879997,44.602478,9247200
2007-10-30,91.750000,91.949997,89.690002,90.080002,43.257893,9627000
2007-10-31,90.400002,92.129997,90.180000,91.510002,43.944588,9891600
2007-11-01,90.050003,91.480003,88.489998,89.040001,42.758450,10542400
2007-11-02,87.650002,89.269997,87.099998,88.480003,42.489529,12374800
2007-11-05,87.470001,89.199997,87.459999,88.480003,42.489529,9089200
2007-11-06,88.690002,90.699997,88.690002,90.639999,43.526810,9880100
2007-11-07,90.910004,90.919998,87.309998,87.540001,42.038109,12781100
2007-11-08,87.970001,90.589996,87.699997,89.180000,42.825680,17597400
2007-11-09,88.900002,88.900002,87.099998,87.260002,41.903664,10164000
2007-11-12,87.000000,87.000000,84.410004,85.269997,40.948025,12513300
2007-11-13,85.820000,86.989998,83.589996,86.830002,41.697174,11950300
2007-11-14,87.349998,88.330002,85.720001,86.150002,41.648834,9957500
2007-11-15,85.940002,86.480003,83.480003,84.160004,40.686771,11934600
2007-11-16,84.879997,86.470001,84.699997,85.980003,41.566635,11368700
2007-11-19,85.980003,86.370003,84.620003,85.029999,41.107368,8547800
2007-11-20,85.050003,88.610001,85.050003,87.900002,42.494858,10941300
2007-11-21,87.800003,88.489998,85.589996,85.750000,41.455448,11438800
2007-11-23,86.459999,87.059998,85.860001,86.669998,41.900219,3428300
2007-11-26,86.849998,87.330002,83.519997,83.790001,40.507908,10304600
2007-11-27,83.449997,84.589996,81.919998,84.309998,40.759293,14542300
2007-11-28,84.519997,86.510002,84.080002,86.059998,41.605305,10885100
2007-11-29,85.610001,87.330002,85.610001,86.559998,41.847015,8839800
2007-11-30,87.129997,87.769997,86.019997,87.769997,42.431995,11708800
2007-12-03,87.099998,88.180000,86.739998,87.839996,42.465847,7934200
2007-12-04,87.139999,87.779999,86.830002,87.160004,42.137115,6584600
2007-12-05,87.790001,89.720001,87.790001,89.300003,43.171665,10450000
2007-12-06,89.269997,91.699997,88.860001,91.379997,44.177227,9627700
2007-12-07,90.690002,91.589996,90.339996,90.959999,43.974194,6682700
2007-12-10,91.230003,92.010002,90.750000,91.720001,44.341629,5505300
2007-12-11,91.680000,92.589996,89.809998,89.889999,43.456905,8014900
2007-12-12,91.910004,92.970001,90.930000,91.779999,44.370613,10816100
2007-12-13,91.510002,93.209999,91.129997,93.080002,44.999096,8527400
2007-12-14,92.500000,92.959999,91.910004,92.019997,44.486645,11090600
2007-12-17,91.699997,91.760002,89.580002,89.980003,43.500416,8210000
2007-12-18,90.599998,91.629997,89.610001,91.190002,44.085384,8744300
2007-12-19,91.389999,92.120003,90.320000,90.900002,43.945210,8325200
2007-12-20,90.930000,92.519997,90.900002,92.050003,44.501152,6188100
2007-12-21,92.300003,94.680000,92.260002,94.040001,45.463211,13596000
2007-12-24,93.629997,94.790001,93.629997,94.480003,45.675900,2917500
2007-12-26,94.309998,95.199997,94.309998,94.839996,45.849957,7477600
2007-12-27,95.080002,95.080002,93.650002,93.750000,45.323002,8155100
2007-12-28,94.010002,94.930000,93.300003,94.860001,45.859638,7895000
2007-12-31,94.370003,94.580002,93.010002,93.330002,45.119949,5086600
2008-01-02,93.959999,94.690002,92.709999,93.459999,45.182823,9058000
2008-01-03,93.800003,94.839996,93.459999,94.610001,45.738781,10479200
2008-01-04,93.879997,95.209999,93.199997,93.349998,45.129620,13103800
2008-01-07,93.739998,93.739998,91.150002,92.129997,44.539810,12892200
2008-01-08,92.410004,93.379997,90.580002,90.949997,43.969364,10987700
2008-01-09,90.879997,92.750000,90.550003,92.570000,44.752544,12448200
2008-01-10,91.599998,92.099998,90.139999,91.900002,44.428642,13786500
2008-01-11,91.599998,92.570000,90.230003,90.669998,43.834003,10575000
2008-01-14,91.220001,91.849998,90.410004,90.910004,43.950035,9968600
2008-01-15,89.959999,90.050003,88.150002,88.269997,42.673733,13693400
2008-01-16,87.690002,88.379997,85.209999,86.250000,41.697174,15709400
2008-01-17,86.500000,87.169998,82.099998,82.750000,40.005116,18910400
2008-01-18,82.750000,84.980003,80.879997,83.459999,40.348354,18869200
2008-01-22,78.230003,82.370003,76.839996,81.250000,39.279942,20897900
2008-01-23,78.760002,81.480003,76.400002,81.449997,39.376640,20405300
2008-01-24,81.849998,83.690002,81.139999,83.669998,40.449875,13949600
2008-01-25,84.680000,85.000000,81.440002,81.820000,39.555511,14050100
2008-01-28,81.129997,83.260002,80.230003,82.860001,40.058292,9749400
2008-01-29,83.209999,83.720001,81.900002,82.599998,39.932598,9187700
2008-01-30,82.110001,85.230003,81.930000,83.230003,40.237175,9415400
2008-01-31,82.099998,84.500000,81.239998,83.250000,40.246826,12634300
2008-02-01,84.709999,84.930000,81.529999,82.489998,39.879410,16063300
2008-02-04,82.510002,82.980003,81.010002,82.019997,39.652184,10299100
2008-02-05,80.730003,80.989998,79.610001,79.739998,38.549923,15682500
2008-02-06,80.129997,80.550003,77.239998,77.510002,37.471855,15108200
2008-02-07,77.110001,79.239998,76.510002,78.739998,38.066486,12570900
2008-02-08,79.290001,79.480003,78.389999,79.260002,38.317902,8281700
2008-02-11,80.220001,80.470001,78.510002,80.430000,38.883507,17626800
2008-02-12,80.839996,82.330002,80.410004,81.120003,39.217094,12330400
2008-02-13,80.919998,82.290001,80.290001,82.120003,39.986443,12149400
2008-02-14,82.980003,83.580002,82.599998,82.839996,40.337009,11190400
2008-02-15,82.519997,83.690002,81.699997,83.599998,40.707085,26988700
2008-02-19,84.389999,85.489998,84.250000,84.830002,41.306023,12002500
2008-02-20,83.989998,86.860001,83.699997,86.339996,42.041260,13217100
2008-02-21,85.570000,86.510002,84.330002,84.779999,41.281651,12189400
2008-02-22,85.269997,85.739998,83.690002,85.419998,41.593300,12154700
2008-02-25,85.540001,87.589996,85.309998,87.180000,42.450279,11813500
2008-02-26,86.750000,88.400002,86.290001,88.120003,42.907990,12672600
2008-02-27,87.430000,88.940002,87.430000,88.220001,42.956684,9731900
2008-02-28,88.220001,89.290001,87.769997,89.019997,43.346241,8990300
2008-02-29,88.470001,88.599998,85.980003,86.660004,42.197098,12983700
2008-03-03,86.379997,87.919998,85.839996,87.199997,42.460014,9859700
2008-03-04,86.660004,87.699997,85.059998,86.730003,42.231163,13698300
2008-03-05,87.029999,88.860001,86.669998,88.790001,43.234249,16220500
2008-03-06,88.529999,89.000000,87.180000,87.800003,42.752174,14296500
2008-03-07,87.230003,87.489998,84.650002,85.260002,41.515392,15910600
2008-03-10,85.550003,85.970001,84.349998,84.730003,41.257313,11854100
2008-03-11,85.709999,88.330002,85.699997,88.160004,42.927467,13477100
2008-03-12,87.500000,88.580002,86.559998,86.730003,42.231163,10956900
2008-03-13,86.000000,87.610001,85.410004,87.040001,42.382107,10964800
2008-03-14,87.510002,87.639999,84.089996,85.339996,41.554333,15842000
2008-03-17,83.470001,84.989998,82.440002,84.190002,40.994366,15926800
2008-03-18,85.110001,86.120003,84.529999,86.120003,41.934162,13429600
2008-03-19,86.139999,86.839996,81.800003,81.889999,39.874428,14797100
2008-03-20,81.279999,84.070000,80.870003,83.209999,40.517193,18373200
2008-03-24,83.379997,84.790001,82.919998,84.010002,40.906742,9971900
2008-03-25,84.269997,84.839996,83.709999,84.540001,41.164803,12123000
2008-03-26,84.620003,85.690002,84.480003,84.959999,41.369331,11674800
2008-03-27,85.320000,86.949997,84.269997,84.400002,41.096642,9148200
2008-03-28,84.889999,85.580002,83.919998,84.500000,41.145317,7522200
2008-03-31,84.949997,85.930000,84.320000,85.360001,41.564060,10192000
2008-04-01,85.080002,86.889999,84.570000,86.739998,42.236027,11069000
2008-04-02,86.650002,88.190002,85.419998,87.510002,42.610977,10681700
2008-04-03,86.910004,88.800003,86.760002,87.720001,42.713219,9823600
2008-04-04,88.029999,88.660004,87.699997,88.050003,42.873924,9750500
2008-04-07,88.650002,89.370003,88.120003,88.269997,42.981033,8328300
2008-04-08,87.900002,89.370003,87.760002,89.279999,43.472836,7393100
2008-04-09,89.510002,90.529999,89.430000,89.949997,43.799076,10708500
2008-04-10,90.190002,90.400002,88.930000,89.599998,43.628670,9119700
2008-04-11,89.029999,89.769997,88.610001,88.800003,43.239113,7441800
2008-04-14,88.800003,89.400002,88.550003,89.300003,43.482567,7182100
2008-04-15,89.699997,90.279999,89.150002,90.169998,43.906200,8401300
2008-04-16,90.330002,92.080002,90.180000,91.930000,44.763191,11915100
2008-04-17,91.199997,92.620003,91.169998,91.989998,44.792374,9127200
2008-04-18,91.760002,93.320000,91.699997,93.180000,45.371845,10182100
2008-04-21,93.150002,93.449997,92.110001,92.699997,45.138130,8558800
2008-04-22,92.489998,94.500000,92.470001,94.029999,45.785736,11475600
2008-04-23,94.250000,94.629997,93.480003,94.480003,46.004852,13022700
2008-04-24,93.879997,93.989998,91.910004,92.400002,44.992050,12930400
2008-04-25,92.660004,93.239998,91.230003,92.690002,45.133278,12739600
2008-04-28,92.800003,93.430000,92.269997,92.500000,45.040752,7163400
2008-04-29,92.610001,95.320000,92.610001,94.739998,46.131451,19505100
2008-04-30,95.059998,97.279999,95.059998,96.150002,46.818024,19536000
2008-05-01,94.860001,95.449997,93.430000,94.940002,46.228832,15253100
2008-05-02,95.529999,95.849998,94.639999,95.320000,46.413872,10309200
2008-05-05,95.330002,96.870003,95.230003,95.620003,46.559956,9059300
2008-05-06,95.089996,96.980003,95.089996,96.870003,47.168598,10892600
2008-05-07,96.760002,96.800003,95.139999,95.279999,46.394390,14912600
2008-05-08,95.500000,97.849998,95.300003,97.440002,47.446156,15074600
2008-05-09,97.500000,97.900002,96.199997,97.389999,47.421810,11310200
2008-05-12,97.199997,97.589996,96.459999,97.360001,47.407188,9374300
2008-05-13,97.419998,97.980003,96.309998,97.730003,47.587364,10634000
2008-05-14,97.980003,99.000000,97.510002,97.720001,47.582493,13401400
2008-05-15,98.480003,98.599998,97.410004,98.489998,48.278545,13434500
2008-05-16,99.019997,100.470001,98.889999,100.379997,49.205025,16302200
2008-05-19,100.620003,102.809998,100.410004,102.199997,50.097149,12910200
2008-05-20,102.760002,103.250000,102.220001,103.089996,50.533409,16271500
2008-05-21,103.250000,104.629997,102.690002,103.019997,50.499111,21994300
2008-05-22,102.849998,103.419998,101.720001,101.910004,49.955013,17384100
2008-05-23,102.120003,102.589996,100.500000,100.730003,49.376587,11484000
2008-05-27,99.949997,100.279999,98.559998,99.580002,48.812866,12823600
2008-05-28,98.860001,100.580002,98.570000,100.419998,49.224621,10504000
2008-05-29,100.040001,100.500000,98.830002,98.860001,48.459934,13167300
2008-05-30,99.129997,99.489998,98.349998,99.150002,48.602089,11884200
2008-06-02,98.820000,99.699997,97.820000,99.370003,48.709934,11651400
2008-06-03,99.040001,100.220001,97.629997,97.860001,47.969757,12689500
2008-06-04,97.180000,97.720001,95.529999,96.040001,47.077599,13750600
2008-06-05,96.400002,100.239998,96.400002,99.989998,49.013844,13919900
2008-06-06,100.610001,102.150002,98.360001,99.500000,48.773663,18575700
2008-06-09,99.949997,101.300003,99.500000,101.199997,49.606995,11535600
2008-06-10,100.570000,101.190002,97.660004,98.779999,48.420723,15472800
2008-06-11,99.550003,99.980003,98.269997,99.419998,48.734428,11541400
2008-06-12,98.870003,98.870003,97.570000,98.059998,48.067783,13285400
2008-06-13,97.449997,99.730003,97.010002,99.400002,48.724644,9358000
2008-06-16,99.510002,100.900002,99.110001,99.489998,48.768753,7555400
2008-06-17,99.800003,100.889999,99.059998,100.370003,49.200100,9164800
2008-06-18,99.930000,100.309998,97.830002,99.260002,48.656013,13018400
2008-06-19,99.559998,100.040001,96.860001,96.860001,47.479557,15344100
2008-06-20,97.320000,98.080002,96.089996,96.620003,47.361897,15029800
2008-06-23,96.029999,99.139999,96.029999,99.059998,48.557961,12180900
2008-06-24,98.580002,99.529999,98.019997,98.639999,48.352085,10485900
2008-06-25,98.809998,100.169998,97.349998,99.360001,48.705021,14182900
2008-06-26,99.129997,100.220001,97.410004,97.410004,47.749161,14626300
2008-06-27,97.330002,99.320000,97.330002,97.800003,47.940338,17074300
2008-06-30,98.300003,99.519997,97.510002,99.129997,48.592285,12341600
2008-07-01,98.260002,99.610001,97.730003,99.080002,48.567780,13429300
2008-07-02,99.099998,100.000000,97.169998,97.419998,47.754078,17580000
2008-07-03,97.790001,99.430000,97.000000,98.629997,48.347164,9401200
2008-07-07,98.110001,99.349998,95.800003,96.820000,47.459934,15276600
2008-07-08,96.059998,97.040001,94.550003,95.790001,46.955055,19460800
2008-07-09,96.290001,96.790001,93.730003,93.910004,46.033508,14296700
2008-07-10,93.739998,96.250000,92.529999,96.250000,47.180534,18101500
2008-07-11,94.959999,95.589996,91.160004,92.250000,45.219788,17382000
2008-07-14,92.610001,93.309998,91.500000,92.800003,45.489395,11684600
2008-07-15,92.239998,92.839996,89.139999,89.419998,43.832561,15262400
2008-07-16,89.339996,89.599998,86.070000,86.389999,42.347286,20202600
2008-07-17,86.139999,86.750000,83.970001,85.669998,41.994366,20537500
2008-07-18,85.930000,87.080002,85.199997,86.050003,42.180630,16142900
2008-07-21,86.570000,86.949997,85.480003,86.910004,42.602188,16626000
2008-07-22,86.519997,87.510002,85.129997,85.629997,41.974743,15075700
2008-07-23,85.750000,85.809998,82.330002,82.650002,40.514004,19102700
2008-07-24,82.660004,83.480003,81.529999,82.000000,40.195366,18960900
2008-07-25,82.050003,83.970001,81.900002,82.559998,40.469864,14425200
2008-07-28,82.860001,83.470001,82.129997,82.489998,40.435555,10965700
2008-07-29,82.620003,83.690002,81.459999,82.839996,40.607121,14088100
2008-07-30,83.110001,87.419998,82.419998,87.260002,42.773773,17320700
2008-07-31,86.160004,86.989998,84.209999,84.559998,41.450272,15131400
2008-08-01,83.980003,85.459999,83.459999,84.309998,41.327717,13089300
2008-08-04,84.059998,84.760002,82.080002,82.800003,40.587521,16513000
2008-08-05,82.550003,83.300003,80.849998,82.489998,40.435555,21963900
2008-08-06,82.379997,84.820000,82.010002,84.559998,41.450272,19538800
2008-08-07,84.820000,85.309998,83.320000,83.430000,40.896336,12616200
2008-08-08,82.870003,84.440002,81.870003,84.400002,41.371834,14089800
2008-08-11,84.599998,85.120003,83.050003,84.080002,41.214966,11412900
2008-08-12,84.839996,84.839996,83.120003,83.559998,40.960056,12681100
2008-08-13,83.419998,86.330002,83.209999,86.239998,42.273762,15342400
2008-08-14,85.860001,87.480003,85.120003,86.580002,42.440414,14385200
2008-08-15,85.440002,85.720001,83.650002,84.250000,41.610661,15663700
2008-08-18,84.690002,85.330002,82.809998,83.190002,41.087135,10383200
2008-08-19,82.750000,85.330002,82.750000,84.709999,41.837887,10872800
2008-08-20,85.320000,87.000000,84.500000,86.459999,42.702183,11681800
2008-08-21,87.250000,89.099998,87.139999,88.519997,43.719616,11225000
2008-08-22,87.680000,88.779999,87.250000,88.099998,43.512199,8574200
2008-08-25,88.580002,88.580002,85.040001,85.510002,42.233002,11343900
2008-08-26,85.800003,86.160004,84.849998,85.790001,42.371277,9351000
2008-08-27,86.730003,87.000000,85.809998,86.620003,42.781219,8227700
2008-08-28,87.320000,87.489998,85.360001,87.180000,43.057789,8859100
2008-08-29,87.620003,87.730003,86.120003,86.320000,42.633022,8090400
2008-09-02,84.489998,84.610001,83.209999,83.290001,41.136539,13432900
2008-09-03,83.099998,84.440002,82.940002,84.180000,41.576099,10758500
2008-09-04,84.139999,84.379997,80.820000,81.220001,40.114166,16527700
2008-09-05,81.000000,81.730003,79.110001,80.220001,39.620285,15548100
2008-09-08,81.339996,82.349998,79.669998,81.050003,40.030231,15451800
2008-09-09,80.199997,81.339996,78.750000,78.790001,38.914021,21150200
2008-09-10,79.650002,81.720001,79.330002,81.160004,40.084557,17746500
2008-09-11,80.480003,83.000000,79.629997,82.800003,40.894547,16350800
2008-09-12,82.900002,84.480003,82.470001,84.239998,41.605740,13390100
2008-09-15,81.160004,83.800003,80.089996,80.089996,39.556091,17357200
2008-09-16,78.839996,82.370003,77.500000,81.860001,40.430275,20753300
2008-09-17,81.000000,83.900002,79.500000,80.050003,39.536324,23254500
2008-09-18,81.360001,83.500000,78.879997,82.879997,40.934074,23377400
2008-09-19,85.559998,88.110001,83.709999,87.800003,43.364025,23962500
2008-09-22,88.220001,89.750000,86.750000,87.330002,43.131882,14625700
2008-09-23,87.160004,88.389999,84.889999,85.459999,42.208298,14616700
2008-09-24,85.739998,86.589996,84.849998,85.230003,42.094696,11233800
2008-09-25,85.099998,88.169998,85.099998,87.470001,43.201019,13789200
2008-09-26,86.000000,87.120003,84.910004,86.949997,42.944195,11869600
2008-09-29,85.019997,85.510002,77.500000,77.500000,38.276890,23971900
2008-09-30,78.849998,82.690002,78.599998,82.480003,40.736488,20128900
2008-10-01,81.510002,83.089996,78.470001,82.199997,40.598206,14632000
2008-10-02,81.500000,81.989998,78.870003,79.559998,39.294304,18821200
2008-10-03,79.959999,83.699997,79.070000,79.379997,39.205421,18840900
2008-10-06,77.639999,77.849998,72.660004,76.839996,37.950909,26033800
2008-10-07,78.019997,78.550003,72.550003,73.349998,36.227234,24464700
2008-10-08,72.129997,77.160004,70.400002,73.099998,36.103745,28049100
2008-10-09,73.750000,73.879997,64.000000,64.000000,31.609310,26965700
2008-10-10,60.500000,64.760002,55.500000,57.830002,28.561964,48207200
2008-10-13,60.169998,70.489998,59.430000,69.889999,34.518341,31001300
2008-10-14,72.680000,74.000000,65.150002,68.540001,33.851593,27089600
2008-10-15,66.480003,66.480003,58.419998,59.980000,29.623848,25129900
2008-10-16,60.660000,64.389999,55.619999,63.099998,31.164801,31798100
2008-10-17,61.549999,67.410004,59.490002,62.349998,30.794378,21723500
2008-10-20,64.099998,70.000000,64.000000,69.610001,34.380058,18288900
2008-10-21,67.639999,69.379997,65.000000,66.800003,32.992218,17534200
2008-10-22,63.889999,64.839996,60.119999,61.740002,30.493103,22243900
2008-10-23,62.880001,67.099998,60.410000,66.769997,32.977383,26944100
2008-10-24,61.009998,65.459999,60.570000,63.910000,31.564844,19774700
2008-10-27,62.580002,66.480003,60.880001,61.709999,30.478270,18276000
2008-10-28,63.720001,70.870003,61.139999,70.019997,34.582550,25094800
2008-10-29,70.220001,74.320000,69.410004,71.000000,35.066582,25863100
2008-10-30,72.110001,74.889999,70.820000,74.180000,36.637165,21848900
2008-10-31,73.860001,75.980003,72.199997,74.599998,36.844589,20506400
2008-11-03,73.440002,74.889999,72.669998,73.690002,36.395145,10465700
2008-11-04,75.419998,78.919998,74.800003,78.190002,38.617687,20119000
2008-11-05,76.730003,78.349998,74.000000,74.879997,36.982880,16408800
2008-11-06,73.879997,74.860001,69.029999,70.110001,34.626999,21394000
2008-11-07,70.809998,73.989998,70.599998,73.459999,36.281525,15931900
2008-11-10,75.220001,76.080002,72.809998,74.339996,36.716179,13283400
2008-11-11,72.629997,75.000000,71.559998,73.540001,36.321072,15789400
2008-11-12,71.980003,72.870003,67.129997,67.279999,33.229263,22447700
2008-11-13,67.660004,76.110001,65.879997,75.709999,37.392811,28513000
2008-11-14,73.940002,77.349998,69.989998,72.680000,36.207161,26612200
2008-11-17,72.099998,73.570000,70.599998,70.779999,35.260651,20960500
2008-11-18,70.980003,74.050003,70.000000,73.400002,36.565868,23618700
2008-11-19,73.139999,75.000000,70.349998,70.610001,35.175949,21997100
2008-11-20,69.129997,71.250000,64.269997,64.400002,32.082306,34193700
2008-11-21,65.459999,71.040001,64.269997,70.489998,35.116165,34759400
2008-11-24,71.660004,77.750000,70.160004,74.300003,37.014214,27518000
2008-11-25,75.190002,77.580002,74.290001,76.529999,38.125130,22015200
2008-11-26,75.860001,80.000000,75.269997,79.930000,39.818924,19665100
2008-11-28,78.250000,79.250000,76.930000,79.010002,39.360596,8647200
2008-12-01,76.500000,76.650002,72.010002,72.019997,35.878376,22692700
2008-12-02,73.739998,76.949997,73.040001,75.540001,37.631943,21058800
2008-12-03,73.699997,75.230003,73.000000,74.739998,37.233402,22581800
2008-12-04,73.440002,74.949997,70.510002,71.760002,35.748844,21416300
2008-12-05,70.849998,75.269997,68.220001,74.419998,37.073986,22882300
2008-12-08,76.029999,79.279999,75.879997,78.089996,38.902267,21955800
2008-12-09,77.279999,78.589996,75.220001,75.559998,37.641891,19682700
2008-12-10,76.800003,79.400002,76.430000,78.440002,39.076633,17651800
2008-12-11,79.010002,81.919998,78.699997,79.459999,39.584766,20550500
2008-12-12,77.120003,80.589996,76.720001,79.000000,39.355625,17806400
2008-12-15,80.190002,80.610001,77.070000,78.209999,38.962074,16509100
2008-12-16,78.949997,80.059998,77.959999,79.010002,39.360596,23253700
2008-12-17,78.449997,79.000000,76.500000,76.820000,38.269608,20739500
2008-12-18,76.500000,76.739998,72.230003,73.029999,36.381542,21474100
2008-12-19,73.570000,74.650002,70.839996,70.849998,35.295502,31349800
2008-12-22,71.599998,72.000000,68.559998,69.389999,34.568184,16863100
2008-12-23,70.099998,70.790001,68.849998,69.199997,34.473534,14150500
2008-12-24,68.790001,69.989998,68.379997,69.620003,34.682774,3717800
2008-12-26,69.919998,70.589996,69.459999,70.349998,35.046425,6761900
2008-12-29,71.250000,71.730003,70.410004,71.550003,35.644241,8994900
2008-12-30,71.500000,73.489998,71.250000,73.379997,36.555901,10002700
2008-12-31,72.900002,74.629997,72.900002,73.970001,36.849808,9964300
2009-01-02,74.230003,77.300003,73.580002,76.519997,38.120136,13695900
2009-01-05,76.160004,78.370003,75.739998,76.660004,38.189903,16954500
2009-01-06,77.559998,78.449997,76.330002,77.349998,38.533638,15894500
2009-01-07,76.410004,77.070000,73.330002,73.959999,36.844822,12804300
2009-01-08,73.610001,74.839996,73.220001,74.239998,36.984318,11397200
2009-01-09,73.879997,74.000000,72.199997,72.820000,36.276909,14182600
2009-01-12,72.230003,72.610001,70.440002,70.820000,35.280563,14195500
2009-01-13,70.580002,72.699997,70.580002,71.820000,35.778751,14378800
2009-01-14,70.809998,71.180000,68.830002,69.690002,34.717628,15142400
2009-01-15,69.699997,71.250000,68.250000,70.769997,35.255672,19293100
2009-01-16,72.080002,72.940002,70.379997,71.739998,35.738899,15594800
2009-01-20,70.930000,72.199997,68.000000,68.309998,34.030159,16084200
2009-01-21,68.430000,71.489998,68.410004,71.230003,35.484818,15889900
2009-01-22,69.919998,70.970001,68.279999,69.949997,34.847160,14320100
2009-01-23,68.400002,71.110001,68.180000,70.820000,35.280563,13422100
2009-01-26,71.430000,72.389999,70.129997,71.290001,35.514694,14023100
2009-01-27,71.279999,72.629997,70.820000,72.089996,35.913246,13632700
2009-01-28,72.989998,74.019997,71.959999,73.790001,36.760139,14649100
2009-01-29,72.510002,72.690002,70.610001,70.620003,35.180939,15780500
2009-01-30,72.300003,72.699997,70.180000,70.519997,35.131123,17880000
2009-02-02,69.519997,70.849998,69.120003,70.290001,35.016533,12445000
2009-02-03,70.570000,71.790001,69.940002,71.639999,35.689072,12509600
2009-02-04,72.290001,72.930000,71.010002,71.599998,35.669140,12058000
2009-02-05,71.480003,73.419998,70.970001,73.250000,36.491138,14933800
2009-02-06,72.580002,75.000000,72.290001,74.900002,37.313099,13345400
2009-02-09,74.410004,75.559998,73.589996,74.419998,37.073986,14894400
2009-02-10,74.360001,75.239998,70.559998,71.120003,35.430035,20150600
2009-02-11,71.470001,72.099998,70.279999,71.260002,35.499771,15533700
2009-02-12,69.949997,70.059998,67.940002,69.860001,35.122688,17237200
2009-02-13,69.709999,70.739998,63.000000,69.730003,35.057331,10852400
2009-02-17,67.230003,67.930000,66.110001,66.180000,33.272533,18834600
2009-02-18,66.489998,67.199997,65.599998,66.120003,33.242374,12564000
2009-02-19,65.989998,67.709999,65.989998,66.680000,33.523930,10164600
2009-02-20,65.480003,66.209999,63.730000,65.070000,32.714489,19885500
2009-02-23,65.989998,66.860001,62.570000,62.939999,31.643612,18809700
2009-02-24,63.270000,65.830002,62.580002,65.279999,32.820061,19231300
2009-02-25,65.300003,65.620003,63.259998,63.500000,31.925152,26680400
2009-02-26,64.360001,65.290001,62.930000,63.169998,31.759232,15711000
2009-02-27,61.910000,62.759998,60.570000,60.709999,30.522465,20502100
2009-03-02,59.369999,60.189999,57.599998,57.619999,28.968929,19315900
2009-03-03,58.480000,59.169998,57.369999,57.730000,29.024231,19266800
2009-03-04,59.060001,60.439999,58.849998,59.279999,29.803514,19092400
2009-03-05,58.060001,58.259998,56.119999,56.459999,28.385735,22266000
2009-03-06,57.529999,59.360001,56.470001,58.270000,29.295736,22099300
2009-03-09,57.630001,59.590000,57.509998,58.279999,29.300745,17666400
2009-03-10,59.889999,61.779999,59.279999,61.779999,31.060410,21943900
2009-03-11,61.099998,62.799999,60.340000,61.220001,30.778875,15360800
2009-03-12,61.709999,63.509998,61.139999,63.400002,31.874878,15602800
2009-03-13,63.880001,63.980000,62.099998,62.910000,31.628525,14355400
2009-03-16,61.660000,64.199997,61.660000,62.939999,31.643612,13272000
2009-03-17,63.110001,65.339996,62.430000,65.309998,32.835133,14726900
2009-03-18,64.699997,66.980003,63.959999,66.589996,33.478680,17843100
2009-03-19,68.250000,69.199997,66.830002,67.129997,33.750168,17221600
2009-03-20,67.540001,67.980003,64.269997,64.709999,32.533504,23811700
2009-03-23,65.910004,69.180000,65.750000,69.150002,34.765728,20321200
2009-03-24,68.239998,69.989998,68.209999,68.970001,34.675243,15391900
2009-03-25,69.349998,70.180000,67.839996,69.699997,35.042255,16723400
2009-03-26,70.589996,70.919998,69.160004,70.169998,35.278553,15904600
2009-03-27,69.080002,69.589996,68.500000,68.900002,34.640041,12842400
2009-03-30,67.540001,67.889999,65.959999,66.800003,33.584259,14304800
2009-03-31,67.440002,68.529999,66.779999,67.239998,33.805466,18691400
2009-04-01,66.000000,68.699997,65.830002,68.300003,34.338394,14299000
2009-04-02,70.000000,71.290001,69.510002,70.309998,35.348927,18069100
2009-04-03,69.900002,70.919998,69.419998,70.480003,35.434410,11574700
2009-04-06,69.739998,70.050003,68.669998,69.889999,35.137779,10430600
2009-04-07,69.059998,69.169998,67.919998,68.400002,34.388672,11086000
2009-04-08,67.730003,69.089996,67.410004,68.480003,34.428890,11238900
2009-04-09,69.559998,69.860001,68.519997,69.230003,34.805973,11057900
2009-04-13,67.449997,68.160004,66.519997,67.980003,34.177502,12614700
2009-04-14,66.879997,67.370003,66.040001,66.580002,33.473656,12971500
2009-04-15,66.430000,66.949997,65.589996,66.699997,33.533985,11219200
2009-04-16,67.150002,67.160004,65.110001,65.930000,33.146851,11959400
2009-04-17,66.419998,66.739998,65.730003,66.010002,33.187073,12660500
2009-04-20,65.300003,65.400002,63.740002,63.869999,32.111168,11753300
2009-04-21,63.549999,64.959999,63.060001,64.879997,32.618965,12569800
2009-04-22,64.330002,64.870003,63.549999,63.750000,32.050842,11932800
2009-04-23,64.440002,65.730003,64.000000,65.529999,32.945755,12370800
2009-04-24,66.239998,67.339996,66.010002,66.599998,33.483696,12615100
2009-04-27,65.320000,66.040001,64.830002,65.410004,32.885414,12303400
2009-04-28,64.800003,66.940002,64.620003,65.989998,33.177017,9261500
2009-04-29,66.599998,67.709999,66.089996,67.559998,33.966351,11666100
2009-04-30,68.000000,68.000000,65.300003,66.099998,33.232330,14107700
2009-05-01,66.059998,67.070000,65.370003,66.870003,33.619450,12003200
2009-05-04,67.339996,68.209999,66.279999,66.680000,33.523930,15224400
2009-05-05,66.760002,66.959999,65.389999,65.750000,33.056374,12678800
2009-05-06,66.489998,68.349998,66.400002,68.110001,34.242863,14107200
2009-05-07,68.620003,69.000000,67.480003,67.980003,34.177502,12338700
2009-05-08,68.589996,70.940002,68.589996,70.379997,35.384125,13931400
2009-05-11,69.290001,69.300003,67.730003,68.000000,34.187557,13520700
2009-05-12,68.820000,69.559998,68.019997,69.190002,34.785858,11313500
2009-05-13,68.190002,69.000000,67.580002,68.099998,34.237839,12437000
2009-05-14,67.660004,68.430000,67.300003,67.849998,34.112156,10051900
2009-05-15,66.919998,67.000000,65.500000,65.879997,33.442089,12322900
2009-05-18,66.639999,66.680000,65.680000,66.029999,33.518234,13480100
2009-05-19,65.980003,66.250000,65.660004,65.860001,33.431942,14223600
2009-05-20,66.400002,66.879997,65.050003,65.209999,33.101990,17617900
2009-05-21,64.529999,64.900002,63.849998,64.470001,32.726345,12463000
2009-05-22,64.750000,65.769997,64.360001,64.440002,32.711121,8779000
2009-05-26,63.810001,65.660004,63.570000,65.660004,33.330410,12018200
2009-05-27,65.690002,66.239998,64.389999,64.570000,32.777096,12209300
2009-05-28,65.050003,66.349998,64.260002,65.809998,33.406570,12182800
2009-05-29,66.550003,66.940002,65.900002,66.669998,33.843105,12171400
2009-06-01,67.800003,69.669998,67.440002,69.209999,35.132469,14222500
2009-06-02,69.099998,69.739998,68.820000,69.349998,35.203537,10311000
2009-06-03,68.730003,68.989998,67.250000,68.260002,34.650234,14907700
2009-06-04,68.970001,69.849998,68.480003,69.790001,35.426888,11298900
2009-06-05,69.940002,70.589996,68.879997,69.370003,35.213696,11204400
2009-06-08,69.000000,69.980003,68.629997,69.580002,35.320301,9557700
2009-06-09,70.059998,70.620003,69.489998,70.190002,35.629944,10021900
2009-06-10,71.000000,71.500000,69.449997,70.220001,35.645180,14356300
2009-06-11,70.360001,72.500000,70.190002,71.900002,36.497963,14600000
2009-06-12,71.190002,72.750000,70.690002,72.669998,36.888840,13931600
2009-06-15,71.959999,71.959999,70.360001,71.080002,36.081722,13317100
2009-06-16,71.699997,71.720001,69.830002,69.879997,35.472576,11267000
2009-06-17,69.440002,69.879997,68.459999,68.830002,34.939575,15484700
2009-06-18,68.550003,69.269997,68.000000,68.430000,34.736523,10478700
2009-06-19,68.820000,68.919998,67.370003,68.059998,34.548695,16452900
2009-06-22,67.080002,67.300003,65.639999,65.760002,33.381180,16404600
2009-06-23,66.150002,66.750000,65.589996,65.959999,33.482700,13029800
2009-06-24,66.339996,67.089996,65.449997,65.720001,33.360878,11633300
2009-06-25,65.500000,67.300003,65.220001,66.870003,33.944641,12828800
2009-06-26,66.610001,66.610001,65.779999,65.949997,33.477631,11011600
2009-06-29,66.410004,67.089996,66.080002,66.879997,33.949715,10288800
2009-06-30,66.940002,67.480003,65.519997,66.250000,33.629902,12772700
2009-07-01,66.930000,67.870003,66.389999,66.519997,33.766968,10397100
2009-07-02,65.610001,65.779999,64.419998,64.419998,32.700958,10747800
2009-07-06,63.689999,64.279999,62.570000,64.139999,32.558830,10673300
2009-07-07,63.930000,64.089996,62.660000,62.700001,31.827860,9519400
2009-07-08,62.669998,63.169998,61.900002,62.779999,31.868469,11905600
2009-07-09,63.619999,63.650002,62.779999,63.080002,32.020748,8580300
2009-07-10,61.759998,61.799999,60.880001,61.400002,31.167940,16790000
2009-07-13,61.459999,62.480000,60.910000,62.439999,31.695864,15929100
2009-07-14,63.000000,63.340000,62.369999,63.000000,31.980139,12881000
2009-07-15,64.150002,64.730003,64.000000,64.570000,32.777096,13601500
2009-07-16,64.260002,65.089996,64.010002,64.889999,32.939541,10292100
2009-07-17,64.720001,65.339996,64.220001,65.120003,33.056305,11911100
2009-07-20,65.690002,66.120003,65.110001,65.639999,33.320267,9632300
2009-07-21,66.339996,66.550003,65.400002,66.250000,33.629902,9759500
2009-07-22,65.540001,66.879997,65.400002,65.940002,33.472542,9911400
2009-07-23,65.970001,68.089996,65.919998,67.889999,34.462418,11272000
2009-07-24,67.660004,68.599998,67.440002,68.430000,34.736523,8897100
2009-07-27,68.620003,68.989998,68.220001,68.849998,34.949722,7844300
2009-07-28,68.209999,68.529999,67.540001,68.339996,34.690834,10773100
2009-07-29,67.500000,67.820000,66.459999,67.120003,34.071545,10749700
2009-07-30,67.930000,68.500000,67.010002,67.699997,34.365971,11541900
2009-07-31,67.150002,69.690002,67.010002,69.470001,35.264465,16302600
2009-08-03,70.260002,70.540001,69.809998,70.400002,35.736542,13222100
2009-08-04,69.970001,70.449997,69.639999,70.410004,35.741596,9692400
2009-08-05,70.419998,70.489998,69.400002,69.790001,35.426888,9231300
2009-08-06,69.860001,69.879997,68.709999,69.250000,35.152782,8660700
2009-08-07,69.680000,70.150002,69.150002,69.500000,35.279678,9086500
2009-08-10,69.279999,69.790001,68.839996,69.230003,35.142635,7914600
2009-08-11,68.830002,69.099998,67.680000,67.940002,34.487782,9080700
2009-08-12,68.110001,69.230003,68.019997,68.720001,34.883747,8962200
2009-08-13,69.059998,69.059998,68.070000,68.529999,34.787277,8299700
2009-08-14,68.570000,68.669998,67.589996,68.629997,34.838051,8835100
2009-08-17,66.650002,67.070000,66.349998,66.589996,34.140770,13435800
2009-08-18,66.559998,67.089996,66.500000,66.940002,34.320225,7872300
2009-08-19,66.250000,68.500000,66.059998,68.160004,34.945705,11183300
2009-08-20,68.320000,68.779999,68.010002,68.620003,35.181561,7957000
2009-08-21,69.459999,69.949997,69.059998,69.730003,35.750656,15265900
2009-08-24,70.099998,70.940002,69.910004,70.760002,36.278740,9749000
2009-08-25,71.129997,71.500000,70.360001,70.650002,36.222347,11391400
2009-08-26,70.099998,71.199997,69.769997,71.089996,36.447929,7233600
2009-08-27,70.709999,71.220001,69.540001,71.000000,36.401783,8321900
2009-08-28,71.290001,71.400002,70.410004,70.680000,36.237728,7307000
2009-08-31,69.989998,70.379997,69.430000,69.940002,35.858326,8048200
2009-09-01,69.690002,70.269997,68.279999,68.480003,35.109787,11748200
2009-09-02,68.400002,69.150002,68.000000,68.040001,34.884197,8070700
2009-09-03,68.419998,68.650002,67.959999,68.330002,35.032871,7238400
2009-09-04,68.169998,69.120003,68.150002,68.959999,35.355877,6137600
2009-09-08,69.730003,70.690002,69.709999,70.480003,36.135201,9683100
2009-09-09,70.680000,71.029999,69.940002,70.330002,36.058285,8028300
2009-09-10,70.889999,71.739998,70.379997,71.449997,36.632492,9772300
2009-09-11,71.790001,71.959999,70.379997,70.750000,36.273617,9905800
2009-09-14,69.940002,71.129997,69.820000,71.040001,36.422302,7194400
2009-09-15,71.330002,71.699997,70.370003,71.629997,36.724796,10419000
2009-09-16,71.860001,72.599998,71.540001,72.449997,37.145206,11082100
2009-09-17,72.180000,72.750000,71.809998,71.970001,36.899117,8641400
2009-09-18,72.830002,73.370003,72.500000,72.639999,37.242611,16088900
2009-09-21,71.589996,72.389999,71.470001,72.050003,36.940132,9375200
2009-09-22,72.720001,72.970001,72.150002,72.629997,37.237484,7084700
2009-09-23,72.500000,72.879997,71.250000,71.370003,36.591484,9853100
2009-09-24,71.300003,71.599998,70.160004,70.709999,36.253105,10006100
2009-09-25,70.580002,71.389999,70.360001,70.660004,36.227470,7253000
2009-09-28,70.790001,71.970001,70.550003,71.699997,36.760681,6022900
2009-09-29,71.500000,71.800003,70.790001,70.910004,36.355644,7859100
2009-09-30,71.120003,71.139999,69.769997,70.430000,36.109562,13851300
2009-10-01,70.400002,70.400002,68.699997,68.809998,35.278973,9249900
2009-10-02,68.220001,68.790001,68.029999,68.139999,34.935467,8963500
2009-10-05,68.269997,69.800003,67.870003,69.389999,35.576340,9777800
2009-10-06,70.139999,70.849998,69.529999,70.559998,36.176201,8461400
2009-10-07,70.309998,70.690002,69.489998,70.510002,36.150558,6933700
2009-10-08,70.889999,71.820000,70.699997,71.449997,36.632492,10122200
2009-10-09,71.940002,72.940002,71.449997,72.760002,37.304138,8812300
2009-10-12,73.190002,74.099998,73.139999,73.669998,37.770702,6790200
2009-10-13,73.730003,74.410004,73.230003,74.070000,37.975777,9040600
2009-10-14,74.879997,75.739998,74.550003,75.459999,38.688412,9284200
2009-10-15,75.190002,76.860001,75.019997,76.690002,39.319065,10286700
2009-10-16,76.370003,76.989998,75.980003,76.809998,39.380581,9872000
2009-10-19,76.940002,78.050003,76.540001,77.660004,39.816376,8213600
2009-10-20,77.709999,77.709999,76.320000,77.029999,39.493378,8161100
2009-10-21,76.599998,78.360001,75.720001,76.970001,39.462612,8670700
2009-10-22,76.610001,77.730003,76.000000,77.290001,39.626690,12671400
2009-10-23,77.139999,77.379997,76.199997,76.680000,39.313919,8329200
2009-10-26,76.959999,78.440002,75.339996,75.449997,38.683304,11143100
2009-10-27,75.820000,77.250000,75.480003,76.589996,39.267788,9573800
2009-10-28,76.389999,77.040001,75.629997,75.889999,38.908901,11992600
2009-10-29,76.160004,78.220001,75.680000,77.949997,39.965057,14869300
2009-10-30,78.250000,78.500000,75.570000,76.540001,39.242153,19335400
2009-11-02,76.860001,77.599998,75.730003,76.639999,39.293423,11207900
2009-11-03,75.809998,77.330002,75.559998,76.699997,39.324200,8714500
2009-11-04,77.099998,77.500000,76.000000,76.279999,39.108849,10695700
2009-11-05,76.620003,77.750000,76.550003,77.239998,39.601048,9346100
2009-11-06,76.570000,77.580002,76.180000,77.529999,39.749733,7746600
2009-11-09,78.290001,78.379997,77.500000,77.660004,39.816376,13749300
2009-11-10,77.410004,78.440002,77.349998,78.339996,40.165016,10638200
2009-11-11,78.870003,79.139999,78.000000,78.510002,40.252178,7912700
2009-11-12,78.320000,78.599998,77.070000,77.419998,39.693325,8604200
2009-11-13,77.300003,78.510002,77.250000,77.940002,39.959942,7898700
2009-11-16,78.110001,78.860001,77.980003,78.610001,40.658173,8952600
2009-11-17,78.449997,79.040001,78.209999,78.809998,40.761631,6740900
2009-11-18,78.820000,78.989998,78.099998,78.919998,40.818512,7309200
2009-11-19,78.519997,78.680000,76.940002,77.339996,40.001316,8863500
2009-11-20,76.849998,77.230003,76.400002,76.769997,39.706501,10630700
2009-11-23,78.309998,79.239998,78.150002,78.739998,40.725410,8986100
2009-11-24,78.730003,79.230003,77.930000,79.029999,40.875408,8528300
2009-11-25,79.110001,79.820000,78.650002,79.639999,41.190903,7543700
2009-11-27,77.629997,78.730003,77.260002,78.169998,40.430603,5649700
2009-11-30,77.849998,78.669998,77.540001,78.040001,40.363373,9299800
2009-12-01,79.099998,79.419998,78.830002,79.059998,40.890930,7209500
2009-12-02,78.989998,79.010002,78.120003,78.730003,40.720238,6316200
2009-12-03,78.610001,78.820000,77.730003,77.959999,40.321995,7624200
2009-12-04,78.739998,79.250000,77.519997,78.070000,40.378891,9971300
2009-12-07,77.919998,78.919998,77.699997,78.169998,40.430603,7518800
2009-12-08,77.889999,77.980003,76.449997,76.760002,39.701332,9061700
2009-12-09,76.910004,77.309998,76.190002,77.059998,39.856487,7164500
2009-12-10,77.660004,78.339996,77.300003,77.419998,40.042679,10864100
2009-12-11,77.669998,78.169998,77.290001,77.760002,40.218548,6707000
2009-12-14,78.449997,78.709999,77.070000,77.260002,39.959934,8525900
2009-12-15,77.019997,77.970001,77.010002,77.370003,40.016830,10296900
2009-12-16,77.900002,78.690002,77.550003,77.889999,40.285770,12169800
2009-12-17,77.489998,77.550003,76.709999,76.779999,39.711674,8997500
2009-12-18,77.419998,77.669998,76.559998,76.900002,39.773754,16605200
2009-12-21,77.599998,78.000000,77.269997,77.500000,40.084064,6742500
2009-12-22,77.830002,78.040001,77.290001,77.489998,40.078896,6770300
2009-12-23,77.870003,77.930000,77.019997,77.040001,39.846138,7342600
2009-12-24,77.019997,77.500000,77.019997,77.430000,40.047871,2565500
2009-12-28,77.779999,77.900002,77.309998,77.769997,40.223717,4192800
2009-12-29,77.809998,77.940002,77.190002,77.209999,39.934071,4810600
2009-12-30,77.099998,77.669998,77.000000,77.650002,40.161655,4300800
2009-12-31,77.720001,77.779999,76.930000,76.989998,39.820278,4246600
2010-01-04,78.199997,79.199997,78.160004,79.059998,40.890930,10173800
2010-01-05,79.220001,79.620003,78.720001,79.620003,41.180557,10593700
2010-01-06,79.440002,80.000000,79.190002,79.629997,41.185726,11014600
2010-01-07,79.360001,79.699997,78.970001,79.330002,41.030567,9626900
2010-01-08,79.120003,79.470001,78.889999,79.470001,41.102985,5624300
2010-01-11,80.169998,81.089996,80.059998,80.879997,41.832253,11916800
2010-01-12,79.519997,80.449997,79.470001,80.410004,41.589157,12175200
2010-01-13,80.269997,80.410004,79.089996,79.800003,41.273670,10842200
2010-01-14,79.629997,79.800003,79.150002,79.550003,41.144352,6721000
2010-01-15,79.540001,79.690002,78.279999,79.230003,40.978840,13482300
2010-01-19,78.959999,79.750000,78.570000,79.680000,41.211590,8722200
2010-01-20,78.709999,78.930000,77.650002,78.150002,40.420250,8703800
2010-01-21,78.150002,78.180000,76.059998,76.239998,39.432365,12573200
2010-01-22,75.980003,76.589996,74.430000,74.589996,38.578968,13825000
2010-01-25,75.150002,75.269997,74.089996,74.550003,38.558292,9129700
2010-01-26,74.080002,74.879997,73.699997,74.150002,38.351387,10558200
2010-01-27,73.940002,74.360001,73.129997,73.699997,38.118649,13373200
2010-01-28,73.970001,74.180000,72.320000,73.239998,37.880733,12828800
2010-01-29,73.529999,74.070000,71.750000,72.120003,37.301453,15265600
2010-02-01,72.699997,73.739998,72.139999,73.580002,38.056595,11828500
2010-02-02,73.739998,74.580002,73.000000,74.449997,38.506561,12947600
2010-02-03,74.180000,74.360001,73.050003,73.209999,37.865215,14540300
2010-02-04,72.559998,72.830002,71.059998,71.370003,36.913544,15248400
2010-02-05,71.000000,71.239998,69.550003,71.180000,36.815273,17307000
2010-02-08,71.239998,71.449997,70.129997,70.129997,36.272202,11595600
2010-02-09,70.889999,72.029999,70.820000,71.309998,36.882511,13051900
2010-02-10,71.019997,71.230003,70.000000,70.750000,36.592873,11618700
2010-02-11,70.720001,72.110001,70.309998,71.730003,37.099754,11273800
2010-02-12,70.540001,71.300003,70.169998,71.010002,37.078869,13809100
2010-02-16,71.989998,73.320000,71.930000,72.989998,38.112743,14230800
2010-02-17,73.220001,73.430000,72.459999,72.839996,38.034431,8728000
2010-02-18,72.690002,73.720001,72.339996,73.620003,38.441711,9848000
2010-02-19,73.440002,74.379997,73.209999,74.050003,38.666245,13113200
2010-02-22,74.169998,74.220001,72.790001,72.959999,38.097073,8683400
2010-02-23,72.599998,72.930000,71.769997,72.040001,37.616684,11907600
2010-02-24,72.120003,72.449997,71.610001,72.339996,37.773354,8921000
2010-02-25,71.190002,72.190002,70.779999,72.110001,37.653229,11761100
2010-02-26,72.190002,72.690002,71.820000,72.300003,37.752445,8978800
2010-03-01,72.629997,73.180000,72.389999,72.809998,38.018757,7428100
2010-03-02,73.180000,73.910004,73.010002,73.320000,38.285053,9257200
2010-03-03,73.629997,73.849998,73.059998,73.129997,38.185844,8194200
2010-03-04,73.070000,73.500000,72.709999,73.080002,38.159729,9419900
2010-03-05,73.550003,74.470001,73.510002,74.300003,38.796787,8750200
2010-03-08,74.489998,74.879997,74.150002,74.639999,38.974304,6474000
2010-03-09,74.300003,74.910004,74.000000,74.300003,38.796787,8480100
2010-03-10,74.139999,74.330002,73.250000,73.959999,38.619228,14652900
2010-03-11,74.070000,74.089996,73.550003,73.989998,38.634922,7024700
2010-03-12,74.169998,74.239998,73.510002,73.720001,38.493919,7681900
2010-03-15,73.510002,73.629997,72.849998,73.570000,38.415600,8807600
2010-03-16,73.900002,74.120003,73.410004,73.980003,38.629696,9828300
2010-03-17,74.180000,75.059998,74.160004,74.669998,38.989979,10292000
2010-03-18,74.849998,75.070000,74.239998,74.760002,39.036972,9916100
2010-03-19,74.980003,75.160004,73.889999,74.980003,39.151852,16610700
2010-03-22,74.169998,74.879997,74.000000,74.459999,38.880333,9317900
2010-03-23,74.430000,74.790001,74.029999,74.769997,39.042191,8006700
2010-03-24,74.269997,74.500000,73.779999,73.930000,38.603577,8997600
2010-03-25,74.400002,74.620003,73.690002,73.800003,38.535702,10510300
2010-03-26,74.000000,74.879997,73.820000,74.430000,38.864670,10411500
2010-03-29,74.610001,75.440002,74.489998,75.230003,39.282379,8818000
2010-03-30,75.269997,75.500000,74.959999,75.300003,39.318947,6378100
2010-03-31,75.470001,76.139999,75.080002,75.830002,39.595684,9875500
2010-04-01,76.400002,77.129997,76.339996,76.690002,40.044758,7859300
2010-04-05,76.970001,77.750000,76.730003,77.660004,40.551247,8108600
2010-04-06,77.570000,78.000000,77.199997,77.879997,40.666138,6490000
2010-04-07,77.669998,77.830002,76.959999,77.370003,40.399830,9431400
2010-04-08,76.930000,78.000000,76.629997,77.660004,40.551247,6880500
2010-04-09,78.040001,79.620003,78.000000,79.500000,41.512024,9804100
2010-04-12,79.500000,80.800003,79.370003,80.430000,41.997654,10000000
2010-04-13,80.419998,80.570000,79.269997,80.209999,41.882763,7978500
2010-04-14,80.459999,80.610001,80.029999,80.580002,42.075974,7290400
2010-04-15,80.610001,81.760002,80.510002,81.589996,42.603336,9702500
2010-04-16,81.459999,81.900002,80.279999,80.750000,42.164730,12861900
2010-04-19,80.250000,81.500000,80.050003,81.320000,42.462364,9335900
2010-04-20,81.820000,82.360001,81.660004,82.050003,42.843552,11470000
2010-04-21,82.300003,82.669998,81.239998,81.919998,42.775665,9416400
2010-04-22,81.110001,81.449997,80.639999,81.199997,42.399708,9421100
2010-04-23,81.040001,82.769997,80.949997,82.669998,43.167282,9918100
2010-04-26,82.519997,83.139999,82.339996,82.589996,43.125511,9792600
2010-04-27,82.080002,82.510002,80.070000,80.230003,41.893215,13042800
2010-04-28,80.620003,80.919998,79.849998,80.620003,42.096863,12115700
2010-04-29,81.190002,82.989998,81.190002,82.290001,42.968884,12274500
2010-04-30,82.370003,83.129997,81.290001,81.440002,42.525024,13910300
2010-05-03,81.959999,83.410004,81.330002,82.830002,43.250835,11650700
2010-05-04,82.010002,82.239998,79.629997,80.760002,42.169952,16274300
2010-05-05,79.690002,80.730003,79.449997,80.190002,41.872326,13028600
2010-05-06,79.410004,80.209999,71.500000,77.199997,40.311047,21059200
2010-05-07,77.220001,78.610001,76.410004,77.099998,40.258831,21866100
2010-05-10,79.370003,80.559998,78.529999,79.889999,41.715687,14661800
2010-05-11,79.639999,80.750000,79.489998,79.699997,41.616451,12018600
2010-05-12,79.769997,80.459999,79.360001,80.059998,41.804424,9257800
2010-05-13,79.800003,80.059998,78.750000,78.919998,41.209171,10839600
2010-05-14,78.419998,78.489998,76.980003,77.830002,40.640007,13602800
2010-05-17,77.389999,77.949997,75.949997,77.730003,40.966797,14694000
2010-05-18,78.309998,78.669998,76.389999,76.849998,40.502991,15321500
2010-05-19,76.349998,77.000000,75.540001,76.599998,40.371235,10773200
2010-05-20,75.040001,75.400002,73.529999,73.599998,38.790112,17879100
2010-05-21,72.349998,74.650002,72.000000,74.480003,39.253902,15919100
2010-05-24,74.220001,74.379997,73.309998,73.440002,38.705765,10540700
2010-05-25,71.739998,72.690002,70.800003,72.570000,38.247257,22304600
2010-05-26,73.190002,73.500000,71.440002,71.550003,37.709675,16888700
2010-05-27,73.129997,74.360001,72.300003,74.360001,39.190651,15252900
2010-05-28,74.000000,74.400002,73.040001,73.870003,38.932404,14445500
2010-06-01,73.559998,74.519997,72.290001,72.290001,38.099701,13966400
2010-06-02,72.660004,74.129997,72.120003,74.129997,39.069435,15674100
2010-06-03,74.660004,74.750000,73.139999,73.910004,38.953491,14278800
2010-06-04,72.150002,72.709999,70.800003,71.279999,37.567379,18133300
2010-06-07,71.660004,72.489998,71.190002,71.349998,37.604263,12324200
2010-06-08,71.680000,71.730003,69.820000,71.019997,37.430347,16572400
2010-06-09,71.169998,72.389999,70.599998,70.790001,37.309132,14074500
2010-06-10,72.870003,74.169998,72.690002,74.169998,39.090508,13937400
2010-06-11,73.480003,74.059998,72.790001,74.059998,39.032547,8346000
2010-06-14,74.230003,75.540001,74.160004,74.180000,39.095798,11948000
2010-06-15,74.570000,75.260002,74.180000,75.230003,39.649181,11760200
2010-06-16,74.610001,75.389999,74.449997,74.949997,39.501606,10424400
2010-06-17,75.019997,75.489998,74.199997,75.320000,39.696609,11113500
2010-06-18,75.470001,75.750000,74.900002,75.519997,39.802021,13680200
2010-06-21,76.809998,77.250000,75.290001,75.720001,39.907444,9347000
2010-06-22,75.449997,75.720001,73.879997,74.000000,39.000923,10576400
2010-06-23,73.839996,73.900002,72.150002,72.260002,38.083878,14876400
2010-06-24,71.800003,72.129997,70.699997,70.830002,37.330204,14188300
2010-06-25,71.129997,71.129997,69.879997,70.059998,36.924397,20472800
2010-06-28,70.559998,70.570000,69.629997,69.959999,36.871677,10873900
2010-06-29,69.199997,69.389999,68.000000,68.360001,36.028431,16421100
2010-06-30,68.220001,69.059998,67.800003,67.860001,35.764900,12871000
2010-07-01,68.190002,68.300003,66.830002,67.480003,35.564625,16335700
2010-07-02,67.790001,68.150002,66.870003,67.309998,35.475033,9143600
2010-07-06,68.279999,68.320000,66.860001,67.559998,35.606773,15039500
2010-07-07,67.820000,69.500000,67.489998,69.449997,36.602890,15691100
2010-07-08,70.180000,70.690002,69.209999,70.410004,37.108852,13478900
2010-07-09,70.459999,72.000000,70.050003,71.839996,37.862514,11390300
2010-07-12,71.529999,72.129997,71.349998,71.849998,37.867779,7352000
2010-07-13,72.989998,73.580002,72.500000,73.230003,38.595108,13751300
2010-07-14,73.010002,73.120003,72.349998,73.050003,38.500237,11750500
2010-07-15,73.230003,73.230003,72.160004,73.040001,38.494968,10507600
2010-07-16,72.650002,72.839996,71.250000,71.500000,37.683323,12060700
2010-07-19,71.839996,72.300003,71.489998,72.000000,37.946827,8350600
2010-07-20,71.000000,73.209999,70.959999,73.099998,38.526588,8922500
2010-07-21,73.330002,73.550003,71.570000,72.169998,38.036446,9045400
2010-07-22,72.800003,74.000000,72.580002,73.440002,38.705765,9552500
2010-07-23,73.279999,73.550003,72.669998,73.519997,38.747944,8426300
2010-07-26,73.820000,74.620003,73.410004,74.620003,39.327686,6467000
2010-07-27,74.860001,75.430000,74.500000,75.300003,39.686069,8163500
2010-07-28,75.129997,75.660004,75.010002,75.559998,39.823101,7392400
2010-07-29,75.889999,76.370003,75.279999,76.019997,40.065544,13346400
2010-07-30,75.150002,76.370003,74.889999,76.209999,40.165672,16955000
2010-08-02,77.620003,78.330002,77.320000,77.800003,41.003666,11863000
2010-08-03,77.919998,79.120003,77.809998,78.660004,41.456932,11788000
2010-08-04,78.779999,79.099998,78.230003,79.019997,41.646664,8067500
2010-08-05,78.510002,79.190002,78.239998,79.070000,41.673023,9304600
2010-08-06,78.230003,79.019997,77.809998,78.730003,41.493805,8986800
2010-08-09,79.300003,79.430000,78.870003,79.290001,41.788971,7015200
2010-08-10,78.540001,79.480003,78.150002,79.040001,41.657219,8406900
2010-08-11,77.970001,77.980003,77.019997,77.129997,40.650558,10589700
2010-08-12,76.410004,77.779999,76.199997,77.070000,40.618942,8993100
2010-08-13,77.040001,77.769997,76.910004,77.400002,40.792854,7087800
2010-08-16,77.110001,77.830002,76.370003,77.709999,40.956238,7284800
2010-08-17,77.570000,78.080002,77.080002,77.769997,41.371178,7360500
2010-08-18,77.610001,77.730003,76.540001,77.040001,40.982834,8308800
2010-08-19,76.720001,76.820000,75.500000,75.839996,40.344482,8870600
2010-08-20,75.459999,75.559998,74.550003,75.050003,39.924229,9303600
2010-08-23,75.339996,75.989998,75.050003,75.050003,39.924229,9991400
2010-08-24,74.269997,74.900002,73.620003,73.779999,39.248642,11261600
2010-08-25,73.320000,74.300003,72.570000,74.070000,39.402893,9711900
2010-08-26,74.370003,74.379997,73.099998,73.330002,39.009235,8176900
2010-08-27,73.889999,75.040001,72.930000,74.930000,39.860390,8789500
2010-08-30,74.629997,74.800003,73.779999,73.779999,39.248642,7558900
2010-08-31,73.510002,74.529999,73.230003,74.080002,39.408222,9227500
2010-09-01,75.360001,76.910004,75.239998,76.769997,40.839211,10549900
2010-09-02,76.750000,77.480003,76.470001,77.449997,41.200939,5995000
2010-09-03,77.389999,78.000000,77.389999,78.000000,41.493542,7189100
2010-09-07,77.680000,77.910004,76.970001,77.050003,40.988163,5880200
2010-09-08,77.160004,77.879997,77.070000,77.250000,41.094551,6940700
2010-09-09,77.889999,78.279999,77.269997,77.360001,41.153088,6646200
2010-09-10,78.330002,78.820000,77.940002,78.820000,41.929741,8223500
2010-09-13,79.370003,79.510002,78.669998,79.250000,42.158485,8586400
2010-09-14,79.250000,79.980003,79.180000,79.510002,42.296803,8447300
2010-09-15,79.059998,79.330002,78.519997,79.209999,42.137207,7240700
2010-09-16,78.989998,79.129997,78.389999,79.050003,42.052086,6905600
2010-09-17,79.419998,79.730003,78.239998,78.459999,41.738243,12326500
2010-09-20,78.540001,80.129997,78.470001,79.900002,42.504261,7730700
2010-09-21,80.040001,80.230003,79.099998,79.750000,42.424477,8598700
2010-09-22,79.930000,80.400002,79.239998,79.250000,42.158485,6776600
2010-09-23,78.519997,79.370003,78.160004,78.540001,41.780796,6802000
2010-09-24,79.260002,80.290001,78.709999,80.120003,42.621315,8256000
2010-09-27,80.300003,80.610001,80.070000,80.080002,42.600037,8380700
2010-09-28,80.449997,81.199997,79.580002,80.879997,43.025597,7826200
2010-09-29,80.739998,81.699997,80.489998,81.279999,43.238388,8851100
2010-09-30,81.690002,82.190002,80.330002,81.050003,43.116035,10120300
2010-10-01,81.889999,82.360001,81.480003,81.949997,43.594803,9570600
2010-10-04,81.889999,82.139999,80.680000,81.309998,43.254345,7602500
2010-10-05,82.180000,83.500000,81.949997,83.389999,44.360844,11597600
2010-10-06,83.290001,84.300003,83.209999,83.889999,44.626812,8650300
2010-10-07,84.419998,84.500000,82.940002,83.519997,44.429993,7714000
2010-10-08,83.470001,84.099998,82.949997,83.940002,44.653431,6879000
2010-10-11,83.849998,84.000000,83.349998,83.709999,44.531052,4790700
2010-10-12,83.360001,84.180000,82.629997,83.839996,44.600224,8528900
2010-10-13,83.449997,84.110001,82.860001,83.669998,44.509777,11647800
2010-10-14,83.650002,83.919998,82.959999,83.900002,44.632141,6718600
2010-10-15,84.389999,84.540001,83.120003,83.610001,44.477882,9502500
2010-10-18,83.480003,84.769997,83.400002,84.480003,44.940689,7800200
2010-10-19,83.379997,83.680000,82.139999,82.790001,44.041649,9455500
2010-10-20,83.139999,84.519997,82.930000,84.019997,44.695980,8835000
2010-10-21,84.510002,85.000000,83.389999,84.250000,44.818302,9521400
2010-10-22,84.790001,84.790001,84.169998,84.550003,44.977947,5555000
2010-10-25,85.129997,85.790001,84.739998,84.870003,45.148167,6757400
2010-10-26,84.650002,85.239998,84.489998,85.150002,45.297092,5968600
2010-10-27,84.639999,84.639999,83.290001,84.309998,44.850258,9557300
2010-10-28,85.269997,85.650002,84.099998,84.440002,44.919415,8519800
2010-10-29,82.889999,83.230003,81.980003,82.599998,43.940594,12463000
2010-11-01,83.150002,84.080002,81.089996,81.449997,43.328819,12781900
2010-11-02,82.360001,82.449997,81.720001,82.150002,43.701210,9528800
2010-11-03,82.660004,83.120003,81.910004,82.699997,43.993797,10036500
2010-11-04,84.160004,85.309998,83.879997,85.139999,45.291775,16295400
2010-11-05,84.709999,85.320000,84.050003,84.980003,45.206661,14513200
2010-11-08,84.620003,85.000000,83.790001,84.800003,45.110928,11799200
2010-11-09,83.910004,84.269997,83.099998,83.559998,44.451279,13597200
2010-11-10,83.779999,85.220001,83.250000,85.169998,45.307747,11795500
2010-11-11,85.000000,86.190002,85.000000,86.089996,45.797157,11297200
2010-11-12,85.459999,85.610001,84.559998,85.440002,45.451363,10571300
2010-11-15,85.739998,85.970001,84.830002,84.860001,45.142830,9252400
2010-11-16,83.550003,83.580002,81.930000,82.480003,44.252205,12360200
2010-11-17,82.410004,83.129997,82.099998,82.459999,44.241486,7847300
2010-11-18,83.040001,83.980003,82.949997,83.820000,44.971138,7590000
2010-11-19,83.690002,83.959999,82.820000,83.940002,45.035530,8130900
2010-11-22,83.470001,83.580002,82.050003,83.449997,44.772629,6791900
2010-11-23,82.470001,82.500000,81.150002,81.750000,43.860535,9507700
2010-11-24,82.150002,83.010002,82.000000,82.930000,44.493652,8042600
2010-11-26,82.440002,82.570000,81.790001,82.050003,44.021503,2789700
2010-11-29,81.300003,82.050003,80.410004,81.690002,43.828362,9070100
2010-11-30,80.639999,81.610001,80.470001,80.970001,43.442055,10366000
2010-12-01,82.150002,83.220001,81.750000,82.699997,44.370255,10629600
2010-12-02,82.699997,84.669998,82.529999,84.500000,45.335968,10799500
2010-12-03,84.489998,85.000000,84.360001,84.889999,45.545223,6724000
2010-12-06,84.790001,85.209999,84.489998,84.949997,45.577419,5184200
2010-12-07,85.919998,86.629997,85.709999,86.300003,46.301716,12560600
2010-12-08,86.510002,86.800003,85.629997,86.139999,46.215874,6918300
2010-12-09,86.790001,86.980003,85.839996,86.650002,46.489510,8076700
2010-12-10,86.959999,87.080002,86.239998,87.029999,46.693356,7406700
2010-12-13,87.720001,88.949997,87.510002,88.370003,47.412304,9910500
2010-12-14,88.580002,88.949997,88.129997,88.379997,47.417679,7331300
2010-12-15,88.019997,88.629997,87.930000,88.010002,47.219158,7608700
2010-12-16,88.080002,89.220001,87.849998,89.059998,47.782509,7796700
2010-12-17,88.849998,88.959999,88.080002,88.489998,47.476704,10832800
2010-12-20,88.959999,89.599998,88.570000,88.800003,47.643005,8029800
2010-12-21,89.339996,89.820000,88.949997,89.230003,47.873722,5962500
2010-12-22,89.620003,89.959999,89.320000,89.919998,48.243919,4262400
2010-12-23,89.889999,90.889999,89.820000,90.680000,48.651676,5095600
2010-12-27,90.489998,90.599998,90.040001,90.120003,48.351234,3138200
2010-12-28,90.320000,91.430000,90.129997,91.190002,48.925304,5058100
2010-12-29,91.540001,92.389999,91.349998,91.370003,49.021881,5301000
2010-12-30,91.320000,91.940002,91.150002,91.599998,49.145271,4156500
2010-12-31,91.580002,91.800003,91.000000,91.250000,48.957485,5152900
2011-01-03,91.660004,92.379997,91.300003,91.940002,49.327690,7802300
2011-01-04,92.279999,92.480003,91.220001,91.599998,49.145271,8513900
2011-01-05,90.919998,92.070000,90.500000,91.440002,49.059433,6659500
2011-01-06,91.760002,91.830002,90.269997,90.690002,48.657040,6220800
2011-01-07,90.980003,91.300003,90.269997,91.190002,48.925304,6346300
2011-01-10,90.949997,91.169998,90.120003,90.410004,48.506828,6848700
2011-01-11,90.870003,91.989998,90.809998,91.830002,49.268688,7838900
2011-01-12,92.360001,92.849998,92.199997,92.449997,49.601322,7845400
2011-01-13,92.010002,92.599998,91.779999,92.180000,49.456455,5721900
2011-01-14,92.120003,92.879997,91.820000,92.830002,49.805195,5557900
2011-01-18,92.940002,93.750000,92.930000,93.349998,50.084183,7733200
2011-01-19,93.629997,93.709999,92.580002,92.970001,49.880295,6069900
2011-01-20,92.139999,92.860001,91.580002,92.709999,49.740818,6513500
2011-01-21,93.370003,93.940002,93.099998,93.779999,50.314888,7427500
2011-01-24,93.889999,94.529999,93.660004,94.099998,50.486576,7282800
2011-01-25,93.779999,94.440002,93.349998,94.080002,50.475842,7423200
2011-01-26,94.379997,94.970001,93.580002,94.639999,50.776279,8832600
2011-01-27,94.559998,94.959999,94.300003,94.750000,50.835320,6301100
2011-01-28,94.489998,94.849998,92.930000,93.370003,50.094921,12444700
2011-01-31,93.849998,95.190002,93.370003,94.930000,50.931904,11167900
2011-02-01,95.629997,96.489998,95.169998,96.220001,51.624008,9948200
2011-02-02,95.370003,96.849998,95.370003,96.480003,51.763489,6607800
2011-02-03,96.570000,97.440002,95.760002,97.309998,52.208809,10500300
2011-02-04,96.930000,97.330002,96.519997,97.110001,52.101505,10529700
2011-02-07,97.279999,98.230003,97.260002,97.660004,52.396580,10256500
2011-02-08,97.870003,97.989998,97.110001,97.739998,52.439503,5710500
2011-02-09,97.250000,97.379997,95.699997,96.239998,51.634743,8242700
2011-02-10,95.879997,96.980003,95.739998,96.699997,51.881523,7286200
2011-02-11,96.089996,97.180000,95.889999,96.449997,51.747402,7324900
2011-02-14,95.500000,97.160004,95.500000,96.949997,52.406868,6994000
2011-02-15,96.580002,96.849998,95.660004,96.339996,52.077137,7626700
2011-02-16,96.720001,97.019997,96.080002,96.660004,52.250134,6786600
2011-02-17,96.559998,97.339996,96.410004,97.169998,52.525822,6616600
2011-02-18,97.410004,98.809998,97.029999,98.720001,53.363640,8860500
2011-02-22,99.230003,102.120003,99.230003,100.320000,54.228542,15723400
2011-02-23,100.529999,103.940002,100.519997,102.269997,55.282627,17174700
2011-02-24,103.089996,103.419998,101.550003,102.029999,55.152916,16467900
2011-02-25,101.709999,102.629997,101.349998,102.099998,55.190735,8516400
2011-02-28,102.279999,103.940002,102.180000,103.750000,56.082645,10219700
2011-03-01,104.070000,104.989998,102.839996,102.900002,55.623196,12266900
2011-03-02,103.050003,103.970001,102.190002,103.470001,55.931290,8335000
2011-03-03,103.839996,104.570000,103.320000,104.190002,56.320488,7537800
2011-03-04,104.129997,104.779999,102.500000,103.750000,56.082645,9850500
2011-03-07,104.120003,104.769997,103.010002,103.010002,55.682636,8222500
2011-03-08,103.410004,104.040001,101.449997,103.769997,56.093464,8913900
2011-03-09,103.180000,103.680000,101.900002,102.139999,55.212345,7102000
2011-03-10,101.480003,101.480003,98.290001,99.080002,53.558243,12553000
2011-03-11,98.099998,100.750000,97.599998,99.930000,54.017735,6872700
2011-03-14,99.160004,101.000000,99.029999,100.800003,54.487999,7353600
2011-03-15,98.180000,102.000000,97.980003,101.230003,54.720455,12650100
2011-03-16,101.650002,102.070000,98.629997,99.510002,53.790688,14795200
2011-03-17,100.879997,102.570000,100.400002,102.239998,55.266422,9981500
2011-03-18,103.370003,103.970001,102.360001,102.800003,55.569141,11366300
2011-03-21,103.860001,105.199997,103.199997,105.190002,56.861065,8785300
2011-03-22,105.360001,105.940002,105.120003,105.230003,56.882683,8008500
2011-03-23,104.730003,105.919998,104.449997,105.480003,57.017826,6811800
2011-03-24,105.870003,105.919998,104.930000,105.379997,56.963764,6996800
2011-03-25,105.720001,107.010002,105.379997,106.779999,57.720520,8982900
2011-03-28,106.400002,107.099998,106.040001,106.040001,57.320522,6023500
2011-03-29,106.040001,107.480003,105.519997,107.370003,58.039463,6963200
2011-03-30,107.610001,108.739998,107.550003,108.010002,58.385414,7907300
2011-03-31,109.309998,109.650002,107.349998,107.489998,58.104309,8418500
2011-04-01,108.290001,108.779999,107.510002,108.320000,58.552982,6494000
2011-04-04,108.519997,108.570000,107.849998,108.230003,58.504330,4764600
2011-04-05,108.250000,109.800003,108.230003,109.330002,59.098949,6541400
2011-04-06,109.830002,109.940002,108.440002,108.660004,58.736782,6893000
2011-04-07,109.019997,109.099998,107.510002,108.940002,58.888142,7011700
2011-04-08,109.349998,109.940002,109.139999,109.660004,59.277332,6732900
2011-04-11,109.739998,109.900002,107.570000,107.779999,58.261074,6599000
2011-04-12,106.470001,106.699997,103.480003,104.180000,56.315102,12803700
2011-04-13,104.820000,105.139999,103.339996,103.809998,56.115086,7241100
2011-04-14,103.320000,105.290001,103.129997,104.879997,56.693474,7084900
2011-04-15,105.519997,106.500000,104.349998,106.239998,57.428638,8869500
2011-04-18,104.949997,104.989998,103.040001,104.500000,56.488068,7194800
2011-04-19,104.489998,105.849998,104.269997,105.400002,56.974575,4993300
2011-04-20,107.709999,108.339996,107.010002,107.809998,58.277309,6667800
2011-04-21,108.250000,108.250000,107.489998,108.129997,58.450310,4915500
2011-04-25,107.370003,107.779999,106.680000,107.419998,58.066486,3995200
2011-04-26,107.849998,108.830002,107.160004,108.750000,58.785423,5300000
2011-04-27,109.110001,109.169998,107.550003,108.970001,58.904373,5982600
2011-04-28,109.080002,109.099998,108.080002,108.809998,58.817860,5941200
2011-04-29,108.480003,109.599998,107.779999,109.440002,59.158401,6755500
2011-05-02,109.480003,109.580002,107.610001,108.180000,58.477329,6550800
2011-05-03,107.580002,107.839996,105.190002,106.169998,57.390804,7955600
2011-05-04,106.019997,106.019997,103.699997,104.680000,56.585396,8892900
2011-05-05,103.360001,104.120003,101.110001,102.620003,55.471828,11988500
2011-05-06,103.339996,104.449997,102.000000,102.879997,55.612377,9536300
2011-05-09,103.250000,104.860001,103.000000,104.089996,56.266453,7117900
2011-05-10,104.320000,104.949997,103.250000,104.360001,56.412399,6430500
2011-05-11,103.269997,103.459999,101.250000,102.260002,55.277233,10161700
2011-05-12,101.629997,103.320000,100.410004,102.760002,55.547512,10425800
2011-05-13,103.449997,103.489998,101.269997,102.389999,55.347488,8968000
2011-05-16,102.029999,103.290001,101.410004,101.650002,54.947491,6759400
2011-05-17,100.309998,101.190002,99.610001,100.410004,54.696922,8768800
2011-05-18,100.919998,103.459999,100.169998,102.860001,56.031521,8193700
2011-05-19,103.690002,104.529999,102.940002,103.870003,56.581696,7452400
2011-05-20,103.550003,103.809998,101.769997,102.570000,55.873543,8760900
2011-05-23,101.129997,101.910004,100.699997,101.370003,55.219864,7487000
2011-05-24,101.849998,103.389999,101.849998,102.269997,55.710125,6800500
2011-05-25,102.000000,103.860001,101.809998,103.250000,56.243969,7949500
2011-05-26,102.989998,103.800003,102.099998,103.360001,56.303890,6614300
2011-05-27,103.639999,104.220001,102.529999,103.209999,56.222153,5796300
2011-05-31,104.610001,105.209999,103.709999,104.910004,57.148216,8188400
2011-06-01,104.730003,104.949997,102.080002,102.489998,55.829960,8196100
2011-06-02,102.349998,102.589996,100.360001,101.120003,55.083679,8129200
2011-06-03,99.730003,101.690002,99.570000,101.000000,55.018322,7692200
2011-06-06,100.900002,101.309998,99.300003,99.680000,54.299252,6982200
2011-06-07,100.230003,100.910004,99.379997,99.470001,54.184856,6835400
2011-06-08,99.510002,100.839996,99.500000,99.949997,54.446323,6936200
2011-06-09,100.510002,101.870003,100.320000,101.230003,55.143600,5734900
2011-06-10,100.940002,101.000000,98.980003,99.669998,54.293797,9113900
2011-06-13,100.040001,100.510002,98.070000,98.930000,53.890697,7999300
2011-06-14,100.019997,101.290001,99.889999,100.599998,54.800415,7353400
2011-06-15,99.199997,99.910004,97.709999,98.410004,53.607441,9665600
2011-06-16,98.059998,99.660004,97.809998,99.430000,54.163063,7786300
2011-06-17,100.230003,100.839996,98.730003,99.169998,54.021454,12029500
2011-06-20,98.879997,100.199997,98.650002,99.910004,54.424541,6427200
2011-06-21,100.540001,101.980003,100.320000,101.589996,55.339687,8499500
2011-06-22,101.269997,102.459999,101.000000,101.070000,55.056419,6592500
2011-06-23,98.900002,99.550003,97.000000,99.360001,54.124901,13058800
2011-06-24,99.540001,99.739998,97.809998,97.900002,53.329628,8032400
2011-06-27,97.940002,99.639999,97.940002,98.900002,53.874363,7130200
2011-06-28,99.529999,100.599998,99.300003,100.349998,54.664215,6113800
2011-06-29,100.690002,101.709999,99.910004,101.279999,55.170830,7637700
2011-06-30,101.790001,102.940002,101.279999,102.839996,56.020618,7697700
2011-07-01,102.709999,104.190002,102.010002,104.089996,56.701550,6579700
2011-07-05,104.110001,105.760002,104.110001,105.120003,57.262604,7392200
2011-07-06,104.820000,105.239998,104.570000,105.080002,57.240826,6196300
2011-07-07,106.080002,106.919998,105.800003,106.589996,58.063370,7878100
2011-07-08,105.449997,106.000000,105.070000,105.889999,57.682076,6334900
2011-07-11,104.430000,104.639999,103.750000,104.410004,56.875851,6975400
2011-07-12,103.989998,105.949997,103.989998,104.389999,56.864937,9158300
2011-07-13,104.739998,106.610001,104.720001,105.089996,57.246254,6871100
2011-07-14,105.699997,106.470001,104.570000,104.669998,57.017467,7279600
2011-07-15,105.680000,106.300003,105.139999,106.190002,57.845478,10160500
2011-07-18,105.580002,106.500000,105.110001,106.230003,57.867283,6951000
2011-07-19,106.489998,107.800003,106.489998,107.480003,58.548195,6987600
2011-07-20,107.510002,107.650002,106.879997,107.099998,58.341194,5044900
2011-07-21,107.879997,109.750000,107.760002,109.430000,59.610420,8319200
2011-07-22,109.389999,109.660004,108.820000,108.970001,59.359856,5413700
2011-07-25,107.550003,109.000000,107.459999,108.099998,58.885933,6284400
2011-07-26,107.910004,108.470001,107.339996,107.570000,58.597221,4864800
2011-07-27,106.970001,107.000000,105.470001,105.629997,57.540409,7412700
2011-07-28,105.150002,105.849998,104.430000,105.029999,57.213596,6655300
2011-07-29,103.720001,105.230003,103.070000,104.019997,56.663414,9697600
2011-08-01,106.080002,106.129997,103.919998,105.379997,57.404247,9309400
2011-08-02,104.720001,105.699997,103.430000,103.449997,56.352905,10396300
2011-08-03,103.529999,103.739998,100.870003,102.760002,55.977039,12027400
2011-08-04,100.779999,100.980003,96.510002,96.839996,52.752186,20541200
2011-08-05,98.029999,99.339996,93.820000,97.610001,53.171638,17596200
2011-08-08,94.279999,95.790001,89.750000,90.250000,49.162395,23079600
2011-08-09,91.599998,93.709999,87.300003,93.400002,50.878323,21012700
2011-08-10,92.709999,93.849998,89.739998,90.570000,49.336697,18069500
2011-08-11,92.070000,95.139999,90.779999,94.070000,51.243275,30717300
2011-08-12,95.639999,97.050003,94.919998,95.860001,52.218365,13364100
2011-08-15,97.000000,99.230003,96.790001,99.099998,53.983292,11857000
2011-08-16,97.989998,99.279999,97.150002,98.139999,53.460342,9842900
2011-08-17,98.410004,99.089996,97.110001,97.680000,53.636070,8594800
2011-08-18,95.139999,95.379997,91.750000,93.239998,51.198097,15083800
2011-08-19,92.089996,95.360001,92.080002,93.290001,51.225506,13452700
2011-08-22,96.550003,96.550003,92.949997,93.300003,51.231014,10071000
2011-08-23,93.919998,97.379997,93.459999,97.330002,53.443901,12301000
2011-08-24,96.830002,97.760002,96.070000,97.589996,53.586647,7642500
2011-08-25,98.050003,98.519997,95.290001,95.959999,52.691628,9812400
2011-08-26,94.680000,97.349998,93.360001,96.849998,53.180325,9216600
2011-08-29,98.279999,98.760002,96.580002,98.739998,54.218113,9724900
2011-08-30,97.970001,98.980003,96.739998,98.400002,54.031418,9202500
2011-08-31,98.849998,99.720001,98.080002,98.839996,54.273018,11242000
2011-09-01,99.010002,100.480003,98.500000,98.519997,54.097309,10121400
2011-09-02,96.309998,97.059998,95.070000,96.410004,52.938705,8976700
2011-09-06,93.580002,95.800003,92.750000,95.610001,52.499435,10276800
2011-09-07,98.269997,99.440002,97.860001,99.290001,54.520119,10572800
2011-09-08,98.889999,100.580002,98.000000,98.410004,54.036942,9603600
2011-09-09,97.010002,97.389999,94.779999,95.190002,52.268822,13346600
2011-09-12,93.940002,95.930000,93.160004,95.910004,52.664177,13616300
2011-09-13,96.760002,96.839996,94.629997,95.930000,52.675121,11453800
2011-09-14,96.309998,99.000000,95.150002,97.309998,53.432884,11325600
2011-09-15,98.720001,99.500000,98.059998,99.260002,54.503651,9241200
2011-09-16,100.000000,100.160004,98.290001,99.629997,54.706810,13862000
2011-09-19,97.190002,99.339996,96.599998,98.709999,54.201649,8522500
2011-09-20,99.279999,99.739998,97.739998,97.790001,53.696472,8660500
2011-09-21,97.209999,97.779999,94.139999,94.269997,51.763638,9267200
2011-09-22,90.910004,91.510002,88.589996,90.169998,49.512329,16685800
2011-09-23,90.129997,90.839996,88.559998,90.010002,49.424469,12228200
2011-09-26,90.650002,91.650002,88.760002,91.489998,50.237167,11899200
2011-09-27,94.160004,95.349998,93.050003,93.540001,51.362797,11079800
2011-09-28,93.989998,95.330002,91.540001,91.739998,50.374409,10338300
2011-09-29,94.190002,94.480003,92.320000,94.389999,51.829533,10104100
2011-09-30,92.959999,94.800003,92.519997,92.589996,50.841137,11918800
2011-10-03,91.930000,92.769997,89.849998,89.879997,49.353081,11384300
2011-10-04,88.720001,91.839996,86.680000,91.480003,50.231640,15398100
2011-10-05,92.139999,94.739998,91.029999,94.660004,51.977795,13057500
2011-10-06,93.379997,94.809998,92.720001,94.610001,51.950321,10169500
2011-10-07,95.669998,95.730003,93.660004,94.400002,51.835007,10534600
2011-10-10,96.129997,98.239998,96.089996,98.199997,53.921566,7490300
2011-10-11,97.209999,98.639999,97.150002,97.599998,53.592140,7613500
2011-10-12,98.110001,98.750000,96.690002,97.779999,53.690979,8868800
2011-10-13,96.620003,98.099998,96.250000,97.790001,53.696472,6507900
2011-10-14,98.970001,100.559998,98.849998,100.470001,55.168064,7365100
2011-10-17,99.910004,100.250000,98.400002,98.610001,54.146732,6576400
2011-10-18,99.029999,104.150002,97.970001,102.949997,56.529823,12165700
2011-10-19,102.690002,104.080002,101.709999,102.239998,56.139977,8651800
2011-10-20,102.680000,103.660004,101.720001,103.389999,56.771439,8710100
2011-10-21,104.500000,105.839996,104.209999,105.529999,57.946487,10884100
2011-10-24,105.500000,106.870003,105.269997,106.269997,58.352844,7911500
2011-10-25,106.620003,106.910004,104.330002,104.500000,57.380917,8452200
2011-10-26,106.080002,106.839996,104.459999,106.769997,58.627399,9959400
2011-10-27,107.839996,110.010002,107.620003,108.970001,59.835407,14393600
2011-10-28,108.849998,109.989998,107.260002,109.639999,60.203331,10341300
2011-10-31,107.720001,108.000000,105.050003,105.050003,57.682926,11457800
2011-11-01,101.470001,103.680000,100.790001,102.080002,56.052120,15213300
2011-11-02,103.959999,104.930000,103.139999,104.540001,57.402889,8393400
2011-11-03,105.839996,106.349998,104.699997,106.129997,58.275951,9276200
2011-11-04,105.750000,106.599998,104.480003,106.430000,58.440689,8402700
2011-11-07,106.650002,108.529999,105.540001,107.720001,59.149052,7821800
2011-11-08,108.269997,109.000000,106.500000,108.860001,59.775013,7761400
2011-11-09,105.800003,106.489998,103.879997,104.279999,57.260128,12062000
2011-11-10,105.320000,106.010002,103.500000,105.500000,57.930042,10025200
2011-11-11,106.690002,107.519997,106.610001,107.050003,58.781151,6352600
2011-11-14,106.199997,106.739998,105.379997,106.169998,58.297932,5531200
2011-11-15,106.230003,107.330002,102.580002,103.269997,56.705544,24328000
2011-11-16,102.510002,103.419998,100.739998,101.050003,55.925201,12581000
2011-11-17,100.750000,102.129997,98.750000,100.080002,55.388348,11794300
2011-11-18,100.519997,101.500000,97.519997,97.879997,54.170780,13668700
2011-11-21,96.919998,96.940002,94.449997,95.660004,52.942142,15021100
2011-11-22,95.680000,97.250000,95.000000,96.419998,53.362740,8939500
2011-11-23,95.419998,95.580002,93.750000,93.750000,51.885063,11665200
2011-11-25,94.029999,94.449997,92.290001,92.290001,51.077049,5257300
2011-11-28,96.029999,96.349998,95.000000,95.769997,53.003010,8403100
2011-11-29,95.959999,98.050003,95.750000,97.389999,53.899597,8845100
2011-11-30,100.500000,102.820000,100.110001,102.820000,56.904755,13373200
2011-12-01,102.820000,103.000000,100.959999,101.830002,56.356861,7007200
2011-12-02,103.040001,103.190002,101.500000,101.690002,56.279385,6638100
2011-12-05,103.580002,104.000000,102.040001,102.820000,56.904755,6121800
2011-12-06,103.099998,104.730003,102.839996,104.360001,57.757092,7445000
2011-12-07,104.220001,105.739998,103.970001,104.519997,57.845608,10323300
2011-12-08,104.000000,104.800003,101.949997,102.250000,56.589294,7720100
2011-12-09,102.739998,104.500000,102.709999,104.250000,57.696190,6624100
2011-12-12,104.019997,104.230003,101.500000,103.070000,57.043129,7595800
2011-12-13,104.220001,105.889999,103.099998,103.620003,57.347515,8990000
2011-12-14,102.750000,104.019997,99.510002,100.529999,55.637398,15512100
2011-12-15,101.230003,101.599998,99.320000,99.669998,55.161423,9667000
2011-12-16,100.320000,100.860001,99.589996,100.860001,55.820004,14709700
2011-12-19,101.160004,101.330002,99.500000,99.720001,55.189102,5977400
2011-12-20,101.940002,103.849998,101.779999,103.669998,57.375217,7278600
2011-12-21,103.680000,105.529999,103.550003,105.430000,58.349255,8156600
2011-12-22,105.510002,106.580002,105.059998,106.309998,58.836285,7483800
2011-12-23,106.629997,107.610001,106.099998,107.500000,59.494884,3779400
2011-12-27,107.260002,108.489998,107.260002,107.980003,59.760544,4136200
2011-12-28,107.860001,108.160004,105.879997,105.959999,58.642570,5307900
2011-12-29,106.379997,107.559998,106.320000,107.470001,59.478294,4468500
2011-12-30,106.790001,107.500000,106.180000,106.400002,58.886086,5009400
2012-01-03,108.739998,110.989998,108.730003,110.370003,61.083271,11518700
2012-01-04,109.830002,110.370003,109.199997,110.180000,60.978096,8019100
2012-01-05,109.389999,109.540001,107.970001,109.099998,60.380367,7184900
2012-01-06,109.410004,109.610001,108.089996,108.309998,59.943165,8214900
2012-01-09,108.239998,109.669998,108.029999,109.489998,60.596203,7118800
2012-01-10,110.120003,110.660004,108.900002,109.059998,60.358242,7641800
2012-01-11,108.510002,108.650002,107.129997,107.769997,59.644299,7802500
2012-01-12,104.519997,106.040001,104.519997,104.970001,58.094662,11897200
2012-01-13,104.620003,106.150002,103.510002,106.089996,58.714527,8266900
2012-01-17,107.269997,107.980003,106.029999,106.720001,59.063202,6925300
2012-01-18,106.000000,106.940002,105.199997,106.830002,59.124077,6581400
2012-01-19,107.209999,107.500000,105.820000,106.930000,59.179420,5666100
2012-01-20,106.949997,107.199997,106.250000,106.889999,59.157288,7284600
2012-01-23,106.989998,107.500000,106.559998,107.010002,59.223705,6506700
2012-01-24,106.449997,107.089996,106.180000,106.720001,59.063202,5041400
2012-01-25,106.370003,108.000000,105.089996,107.730003,59.622154,8020700
2012-01-26,108.029999,108.570000,106.349998,106.589996,58.991249,7000400
2012-01-27,104.389999,104.669998,103.120003,103.959999,57.535706,10581500
2012-01-30,103.400002,103.500000,102.080002,103.410004,57.231300,7615700
2012-01-31,104.610001,104.779999,102.400002,103.120003,57.070816,8320100
2012-02-01,104.419998,104.419998,102.680000,102.790001,56.888172,7824500
2012-02-02,103.029999,103.959999,102.879997,103.690002,57.386261,5897200
2012-02-03,104.910004,105.599998,104.480003,105.500000,58.387993,6818600
2012-02-06,104.620003,106.760002,104.370003,106.669998,59.035526,6443600
2012-02-07,106.019997,107.059998,105.440002,106.830002,59.124077,6034700
2012-02-08,107.269997,107.500000,106.089996,106.760002,59.085331,5383700
2012-02-09,107.180000,107.410004,106.070000,106.370003,58.869495,4751400
2012-02-10,105.190002,105.519997,104.580002,105.279999,58.266239,6136800
2012-02-13,106.160004,106.529999,105.449997,106.379997,58.875019,4695500
2012-02-14,106.250000,106.529999,105.570000,106.489998,58.935894,5974800
2012-02-15,106.239998,106.239998,104.589996,105.000000,58.556656,6553800
2012-02-16,105.519997,106.570000,104.800003,106.519997,59.404350,5733900
2012-02-17,107.019997,107.239998,106.040001,106.660004,59.482414,5666500
2012-02-21,107.510002,108.500000,107.440002,108.410004,60.458359,7149000
2012-02-22,108.160004,108.559998,107.199997,107.500000,59.950890,7150000
2012-02-23,107.540001,108.500000,107.320000,108.349998,60.424923,5504800
2012-02-24,108.800003,109.400002,108.500000,109.080002,60.832012,5833300
2012-02-27,108.290001,110.220001,108.279999,109.629997,61.138771,7723400
2012-02-28,109.680000,110.400002,109.180000,109.610001,61.127594,9132500
2012-02-29,110.400002,110.919998,108.919998,109.120003,60.854332,10572800
2012-03-01,109.169998,110.139999,109.099998,109.760002,61.211254,5980100
2012-03-02,109.500000,109.870003,109.000000,109.610001,61.127594,5377100
2012-03-05,109.139999,109.449997,108.139999,109.320000,60.965839,5941500
2012-03-06,108.139999,109.029999,108.000000,108.849998,60.703766,7480800
2012-03-07,109.000000,109.949997,108.190002,109.459999,61.043949,6867900
2012-03-08,109.800003,110.570000,109.559998,110.029999,61.361828,5505400
2012-03-09,109.889999,110.410004,109.370003,109.570000,61.105297,5704200
2012-03-12,109.650002,110.000000,109.160004,110.000000,61.345074,5324700
2012-03-13,110.220001,111.309998,109.430000,111.190002,62.008724,7331000
2012-03-14,111.050003,112.279999,110.540001,110.690002,61.729893,8819400
2012-03-15,110.510002,110.930000,109.459999,110.029999,61.361828,8899400
2012-03-16,110.430000,110.830002,110.099998,110.279999,61.501225,11092500
2012-03-19,110.519997,111.059998,110.300003,110.699997,61.735462,5695000
2012-03-20,109.930000,109.930000,108.930000,109.080002,60.832012,6158300
2012-03-21,108.949997,109.019997,107.349998,107.910004,60.179535,7549900
2012-03-22,106.849998,106.989998,105.029999,105.349998,58.751862,8282100
2012-03-23,105.680000,106.900002,104.849998,106.360001,59.315136,6600300
2012-03-26,107.230003,107.970001,106.830002,107.839996,60.140488,5311100
2012-03-27,107.879997,108.000000,107.010002,107.040001,59.694332,4327700
2012-03-28,106.570000,106.959999,105.199997,105.889999,59.053028,6816400
2012-03-29,105.080002,107.019997,104.919998,106.849998,59.588409,5793900
2012-03-30,107.040001,107.250000,106.410004,107.209999,59.789139,6121000
2012-04-02,106.849998,108.790001,106.599998,108.300003,60.397045,5188400
2012-04-03,107.930000,108.230003,106.230003,107.139999,59.750092,4690300
2012-04-04,106.250000,106.260002,105.029999,105.599998,58.891285,5430600
2012-04-05,105.169998,105.900002,104.330002,104.750000,58.417263,5982700
2012-04-09,103.300003,104.080002,102.849998,103.489998,57.714573,4983400
2012-04-10,103.250000,103.379997,101.400002,101.449997,56.576897,8907500
2012-04-11,102.309998,102.449997,100.779999,100.949997,56.298054,8570100
2012-04-12,100.889999,102.860001,100.510002,102.589996,57.212658,6451900
2012-04-13,102.290001,102.360001,100.720001,100.779999,56.203243,6847100
2012-04-16,101.620003,102.239998,101.169998,101.510002,56.610363,6065100
2012-04-17,102.459999,104.089996,102.339996,103.620003,57.787090,5500900
2012-04-18,103.419998,103.970001,102.849998,103.389999,57.658802,4836200
2012-04-19,103.269997,103.639999,102.180000,102.510002,57.168053,6768400
2012-04-20,103.110001,103.839996,102.419998,102.519997,57.173622,5814700
2012-04-23,101.190002,102.720001,100.889999,102.440002,57.129021,5590600
2012-04-24,102.769997,103.169998,102.139999,103.029999,57.458050,4104400
2012-04-25,103.559998,103.889999,102.620003,103.849998,57.915310,5308500
2012-04-26,104.000000,106.699997,103.989998,106.220001,59.237049,8535300
2012-04-27,106.779999,106.800003,105.669998,106.199997,59.225895,5433500
2012-04-30,106.160004,106.610001,105.809998,106.559998,59.426666,4727100
2012-05-01,106.739998,108.790001,106.389999,108.269997,60.380295,6179900
2012-05-02,107.510002,107.650002,106.589996,107.029999,59.688778,4834400
2012-05-03,107.040001,107.059998,105.410004,105.989998,59.108814,4882800
2012-05-04,105.269997,105.489998,103.250000,103.720001,57.842861,6241300
2012-05-07,103.080002,103.820000,102.589996,103.309998,57.614220,6126900
2012-05-08,102.750000,103.209999,101.550003,102.839996,57.352074,8167200
2012-05-09,101.610001,102.500000,101.370003,101.779999,56.760937,6115600
2012-05-10,102.830002,104.239998,102.650002,103.360001,57.642071,21105400
2012-05-11,102.949997,103.949997,102.470001,102.690002,57.268429,4944700
2012-05-14,101.739998,102.300003,101.269997,101.940002,56.850185,7021400
2012-05-15,102.040001,102.660004,100.709999,100.900002,56.270180,8421000
2012-05-16,100.769997,101.779999,100.010002,100.099998,56.326424,6423800
2012-05-17,100.199997,101.410004,99.889999,100.139999,56.348953,6527500
2012-05-18,100.480003,100.750000,98.239998,98.459999,55.403614,11137700
2012-05-21,98.809998,99.739998,98.349998,99.690002,56.095757,6169400
2012-05-22,99.930000,100.680000,98.730003,99.320000,55.887543,6089700
2012-05-23,98.330002,99.000000,96.699997,99.000000,55.707478,8013000
2012-05-24,99.260002,100.120003,98.550003,100.059998,56.303917,6322300
2012-05-25,100.040001,100.239998,98.419998,98.860001,55.628693,5561500
2012-05-29,99.809998,100.849998,99.500000,100.239998,56.405224,5223200
2012-05-30,99.110001,99.110001,97.500000,97.629997,54.936588,7284800
2012-05-31,98.059998,99.160004,96.680000,98.309998,55.319191,9371100
2012-06-01,96.650002,97.290001,96.019997,96.410004,54.250084,9243000
2012-06-04,96.480003,97.139999,95.730003,96.580002,54.345760,6794500
2012-06-05,96.389999,96.870003,95.779999,96.489998,54.295090,5891600
2012-06-06,97.889999,99.800003,97.580002,99.800003,56.157635,7145800
2012-06-07,100.980003,102.000000,100.180000,100.389999,56.489624,7971600
2012-06-08,99.889999,101.000000,99.690002,100.839996,56.742870,5769900
2012-06-11,101.989998,102.330002,99.570000,99.910004,56.219536,7037100
2012-06-12,100.199997,100.900002,99.559998,100.739998,56.686588,5933400
2012-06-13,100.680000,101.400002,99.709999,100.129997,56.343323,5189900
2012-06-14,100.169998,102.169998,99.900002,101.919998,57.350559,6540000
2012-06-15,103.000000,104.500000,102.639999,104.330002,58.706696,11091100
2012-06-18,103.139999,103.970001,103.000000,103.459999,58.217125,6630300
2012-06-19,103.989998,104.650002,103.769997,104.059998,58.554733,6115500
2012-06-20,104.040001,104.550003,102.589996,103.629997,58.312790,7609200
2012-06-21,103.459999,103.750000,99.870003,100.019997,56.281422,8492000
2012-06-22,100.650002,101.120003,99.580002,100.440002,56.517769,11708600
2012-06-25,99.339996,99.559998,98.169998,99.080002,55.752476,7091000
2012-06-26,98.970001,101.290001,98.830002,100.949997,56.804737,7616000
2012-06-27,101.459999,102.900002,101.250000,102.570000,57.716309,5740300
2012-06-28,101.849998,103.650002,101.430000,103.459999,58.217125,7010200
2012-06-29,105.320000,105.510002,104.349998,105.500000,59.365025,10651500
2012-07-02,105.589996,106.089996,104.690002,105.860001,59.567612,5695600
2012-07-03,106.290001,107.419998,106.220001,107.370003,60.417294,4079900
2012-07-05,106.269997,107.050003,105.730003,106.029999,59.663288,5045600
2012-07-06,104.989998,105.349998,104.389999,105.070000,59.123066,4609000
2012-07-09,104.970001,105.040001,103.550003,104.459999,58.779823,5233300
2012-07-10,104.870003,105.389999,103.290001,103.879997,58.453465,6424200
2012-07-11,104.309998,105.629997,104.019997,104.849998,58.999294,5931000
2012-07-12,104.309998,106.080002,104.269997,105.029999,59.100590,7871500
2012-07-13,105.339996,106.190002,104.870003,106.010002,59.652016,6771800
2012-07-16,105.709999,107.250000,105.500000,106.779999,60.085320,5185100
2012-07-17,106.989998,107.500000,105.580002,107.430000,60.451035,6668200
2012-07-18,106.790001,107.980003,106.660004,107.879997,60.704262,5519300
2012-07-19,107.919998,108.980003,107.120003,108.839996,61.244480,6829400
2012-07-20,108.160004,109.250000,107.500000,109.190002,61.441422,9368100
2012-07-23,107.250000,108.279999,106.029999,107.949997,60.743671,5953200
2012-07-24,108.160004,108.160004,104.610001,106.300003,59.815208,6654900
2012-07-25,106.519997,106.769997,105.279999,106.059998,59.680141,5476400
2012-07-26,107.589996,108.629997,107.260002,108.269997,60.923721,6808200
2012-07-27,109.379997,109.500000,107.129997,109.260002,61.480801,8338800
2012-07-30,108.870003,109.930000,108.760002,109.820000,61.795898,5789900
2012-07-31,109.550003,110.820000,109.529999,109.580002,61.660862,10012500
2012-08-01,109.720001,111.230003,109.139999,110.500000,62.178566,8363800
2012-08-02,109.459999,109.930000,108.470001,109.250000,61.475178,6662200
2012-08-03,111.139999,111.879997,110.900002,111.120003,62.527409,5967600
2012-08-06,110.750000,112.099998,110.699997,111.309998,62.634342,5201900
2012-08-07,111.599998,112.389999,111.510002,111.949997,62.994442,5453300
2012-08-08,111.500000,112.639999,111.360001,112.139999,63.101372,5443400
2012-08-09,112.260002,113.279999,111.730003,112.629997,63.377110,4846700
2012-08-10,111.959999,113.639999,111.279999,113.550003,63.894802,5107600
2012-08-13,113.320000,113.589996,112.709999,113.279999,63.742870,4336100
2012-08-14,113.699997,113.870003,112.959999,113.320000,63.765385,6286100
2012-08-15,112.129997,113.000000,112.000000,112.570000,63.850460,4539900
2012-08-16,112.720001,113.589996,112.099998,113.320000,64.275841,5394600
2012-08-17,113.309998,113.570000,112.510002,112.660004,63.901524,5642600
2012-08-20,112.690002,112.889999,112.139999,112.519997,63.822086,3908100
2012-08-21,112.809998,113.449997,111.779999,111.980003,63.515812,4647100
2012-08-22,111.900002,112.349998,111.279999,112.150002,63.612221,4445400
2012-08-23,112.080002,112.169998,110.949997,111.290001,63.124413,4191500
2012-08-24,110.769997,112.199997,110.760002,112.010002,63.532810,3453300
2012-08-27,112.180000,112.389999,111.459999,111.730003,63.373989,3388800
2012-08-28,111.839996,112.809998,111.769997,112.349998,63.725647,3340900
2012-08-29,112.330002,112.440002,111.599998,111.800003,63.413651,3296300
2012-08-30,111.489998,111.690002,110.919998,110.930000,62.920238,3523200
2012-08-31,111.669998,112.949997,111.669998,112.160004,63.617882,5557000
2012-09-04,112.029999,112.269997,110.879997,111.220001,63.084705,4632400
2012-09-05,111.599998,111.730003,110.589996,110.769997,62.829460,4441200
2012-09-06,111.570000,113.440002,111.570000,113.029999,64.111343,5531500
2012-09-07,112.970001,114.000000,112.739998,114.000000,64.661537,5057300
2012-09-10,114.199997,114.540001,113.599998,113.959999,64.638847,5212400
2012-09-11,114.070000,114.750000,114.000000,114.180000,64.763657,4758800
2012-09-12,114.230003,114.739998,114.029999,114.480003,64.933815,4420700
2012-09-13,114.730003,116.970001,114.120003,116.559998,66.113594,7737700
2012-09-14,116.930000,118.220001,116.480003,117.250000,66.504974,8978300
2012-09-17,117.169998,118.500000,116.889999,117.139999,66.442566,7409700
2012-09-18,116.989998,117.650002,116.589996,116.970001,66.346161,5100100
2012-09-19,117.089996,117.180000,115.830002,116.599998,66.136269,5978000
2012-09-20,116.139999,118.169998,115.500000,117.849998,66.845291,7286200
2012-09-21,118.529999,118.529999,117.470001,117.800003,66.816925,10280700
2012-09-24,117.550003,118.489998,117.459999,117.779999,66.805588,6808800
2012-09-25,118.180000,118.500000,116.529999,116.930000,66.323463,7565400
2012-09-26,116.820000,117.000000,116.150002,116.300003,65.966156,5586700
2012-09-27,116.779999,117.400002,116.519997,117.199997,66.476616,5482200
2012-09-28,116.879997,116.889999,116.150002,116.559998,66.113594,5626800
2012-10-01,116.919998,118.250000,116.870003,117.250000,66.504974,4914900
2012-10-02,117.650002,118.080002,116.919998,117.959999,66.907669,6012400
2012-10-03,117.650002,117.739998,116.050003,116.139999,65.875374,7362500
2012-10-04,116.639999,117.470001,116.470001,117.150002,66.448250,5425700
2012-10-05,117.419998,118.250000,117.120003,117.500000,66.646782,4507900
2012-10-08,117.190002,117.870003,116.949997,117.620003,66.714851,3434900
2012-10-09,117.519997,118.379997,117.349998,117.360001,66.567368,5983500
2012-10-10,114.639999,115.050003,112.010002,112.449997,63.782387,15959000
2012-10-11,113.370003,114.220001,113.059998,113.059998,64.128365,7279900
2012-10-12,113.080002,113.290001,111.610001,112.070000,63.566849,5915800
2012-10-15,112.160004,113.040001,111.099998,112.820000,63.992260,5775100
2012-10-16,113.480003,114.410004,113.320000,114.089996,64.712608,4793300
2012-10-17,114.360001,115.360001,114.360001,115.180000,65.330833,5218200
2012-10-18,114.550003,115.029999,114.370003,114.650002,65.030235,6166900
2012-10-19,114.900002,114.989998,113.110001,113.379997,64.309875,7160000
2012-10-22,113.610001,113.699997,111.730003,112.739998,63.946880,4811900
2012-10-23,111.580002,111.580002,109.099998,109.379997,62.041050,8011000
2012-10-24,109.419998,110.489998,109.029999,109.709999,62.228226,5087900
2012-10-25,110.629997,110.970001,109.650002,110.959999,62.937267,4888600
2012-10-26,110.669998,111.690002,110.580002,111.180000,63.062031,4777600
2012-10-31,111.930000,111.940002,109.250000,110.239998,62.528839,5958500
2012-11-01,110.019997,111.690002,109.889999,111.459999,63.220829,6480500
2012-11-02,110.699997,111.209999,107.570000,108.370003,61.468189,8375300
2012-11-05,107.739998,109.339996,107.739998,109.190002,61.933289,4058300
2012-11-06,109.650002,110.690002,109.250000,110.360001,62.596924,5379400
2012-11-07,109.239998,109.300003,106.779999,107.510002,60.980373,7627300
2012-11-08,107.230003,107.669998,105.870003,105.870003,60.050159,6208900
2012-11-09,105.260002,106.690002,105.080002,105.839996,60.033173,5835100
2012-11-12,106.449997,106.519997,105.489998,105.930000,60.084194,4001800
2012-11-13,105.370003,106.449997,105.199997,105.279999,59.715515,4834200
2012-11-14,104.989998,105.010002,102.220001,102.500000,58.639965,8609400
2012-11-15,101.989998,103.470001,100.660004,101.620003,58.136524,9774300
2012-11-16,101.559998,102.489998,101.000000,102.400002,58.582771,8242400
2012-11-19,103.669998,104.349998,103.139999,104.349998,59.698353,6850900
2012-11-20,104.010002,104.120003,102.919998,103.559998,59.246391,5283800
2012-11-21,103.949997,104.120003,103.410004,104.099998,59.555283,3656400
2012-11-23,104.870003,105.470001,104.459999,105.470001,60.339096,2776400
2012-11-26,104.750000,104.989998,104.250000,104.989998,60.064484,4354100
2012-11-27,105.000000,105.160004,103.199997,103.379997,59.143394,6612400
2012-11-28,102.980003,105.620003,102.760002,105.580002,60.402035,7024200
2012-11-29,105.889999,106.690002,105.379997,105.790001,60.522175,5756200
2012-11-30,106.099998,106.370003,105.269997,105.690002,60.464954,6676400
2012-12-03,106.000000,106.070000,104.379997,104.660004,59.875679,5736400
2012-12-04,104.400002,105.089996,103.940002,103.959999,59.475246,6665100
2012-12-05,104.379997,105.809998,104.000000,105.169998,60.167465,6430800
2012-12-06,105.489998,106.500000,105.290001,106.449997,60.899727,7392300
2012-12-07,106.730003,107.000000,106.139999,106.989998,61.208683,4947300
2012-12-10,107.099998,107.690002,106.470001,106.959999,61.191498,5512100
2012-12-11,107.290001,108.230003,107.150002,107.739998,61.637749,5922700
2012-12-12,108.169998,109.180000,107.930000,108.080002,61.832268,5968200
2012-12-13,108.540001,108.540001,107.459999,107.910004,61.735016,4909800
2012-12-14,107.610001,108.389999,107.400002,107.820000,61.683533,5889300
2012-12-17,107.970001,108.839996,107.940002,108.680000,62.175510,6097100
2012-12-18,108.540001,110.400002,108.320000,110.099998,62.987919,7102700
2012-12-19,110.470001,111.110001,109.889999,109.910004,62.879208,7623200
2012-12-20,110.000000,110.669998,109.650002,110.379997,63.148090,5873900
2012-12-21,109.570000,110.300003,108.559998,109.709999,62.764797,15611700
2012-12-24,109.300003,109.389999,108.480003,108.629997,62.146931,2284400
2012-12-26,109.099998,109.269997,108.209999,108.459999,62.049675,4094300
2012-12-27,108.459999,108.860001,107.269997,108.519997,62.083996,5525700
2012-12-28,107.680000,107.779999,106.300003,106.449997,60.899727,5277100
2012-12-31,105.750000,108.230003,105.750000,108.139999,61.866596,6554000
2013-01-02,110.269997,110.419998,108.739998,110.389999,63.153831,6144100
2013-01-03,110.139999,110.919998,109.510002,109.919998,62.884918,6817000
2013-01-04,109.989998,110.620003,109.900002,110.500000,63.216724,4414500
2013-01-07,110.019997,110.089996,109.190002,109.750000,62.787651,4861000
2013-01-08,109.480003,109.690002,109.099998,109.260002,62.507351,6325400
2013-01-09,109.720001,110.080002,109.199997,109.540001,62.667542,4558600
2013-01-10,110.190002,110.760002,110.089996,110.470001,63.199574,5276400
2013-01-11,111.199997,112.080002,110.800003,111.730003,63.920425,5456300
2013-01-14,111.379997,112.949997,111.349998,112.849998,64.561180,6373900
2013-01-15,112.260002,113.470001,112.150002,113.440002,64.898727,5637600
2013-01-16,113.309998,114.330002,113.169998,113.970001,65.201927,6148500
2013-01-17,114.730003,115.860001,114.589996,114.739998,65.642426,6966000
2013-01-18,115.230003,115.239998,114.059998,115.239998,65.928490,8538000
2013-01-22,115.110001,115.940002,114.529999,115.910004,66.311775,5398000
2013-01-23,115.349998,115.900002,114.930000,115.010002,65.796875,5031800
2013-01-24,115.489998,116.370003,115.279999,115.500000,66.077248,4895800
2013-01-25,115.519997,116.379997,115.150002,116.199997,66.477722,4745400
2013-01-28,116.559998,116.580002,115.410004,116.040001,66.386169,4520500
2013-01-29,116.279999,117.400002,116.250000,117.209999,67.055527,4370100
2013-01-30,117.070000,117.500000,116.260002,116.449997,66.620720,5168200
2013-01-31,116.220001,116.900002,115.150002,115.150002,65.876984,7777900
2013-02-01,115.839996,116.690002,115.050003,116.500000,66.649307,6415900
2013-02-04,115.019997,115.889999,114.290001,115.199997,65.905609,6397600
2013-02-05,115.739998,116.379997,115.510002,115.809998,66.254585,5067800
2013-02-06,115.430000,115.919998,114.849998,115.910004,66.311775,4459800
2013-02-07,115.989998,116.000000,114.330002,115.019997,65.802612,5423900
2013-02-08,114.930000,115.779999,114.900002,115.639999,66.157310,4457200
2013-02-11,115.680000,115.839996,115.010002,115.639999,66.157310,3766300
2013-02-12,115.720001,116.839996,115.510002,116.500000,66.649307,4530600
2013-02-13,115.430000,115.839996,114.910004,115.529999,66.608971,4111000
2013-02-14,115.160004,116.260002,115.070000,115.709999,66.712753,5226400
2013-02-15,115.500000,115.699997,114.029999,114.959999,66.280342,6353200
2013-02-19,115.190002,116.260002,115.190002,115.919998,66.833839,5023300
2013-02-20,115.930000,116.099998,114.839996,114.989998,66.297607,5447000
2013-02-21,114.790001,115.300003,114.089996,114.989998,66.297607,4795100
2013-02-22,115.510002,116.230003,114.820000,115.959999,66.856895,5207200
2013-02-25,116.500000,117.339996,113.500000,113.540001,65.461639,7522800
2013-02-26,114.470001,115.169998,113.750000,114.959999,66.280342,6113100
2013-02-27,114.709999,116.949997,114.709999,116.650002,67.254707,4540600
2013-02-28,116.570000,117.889999,116.349998,117.150002,67.542999,5953600
2013-03-01,116.730003,117.239998,115.949997,116.900002,67.398842,5570300
2013-03-04,116.779999,117.809998,116.080002,117.489998,67.739006,5046700
2013-03-05,117.970001,118.250000,117.669998,117.930000,67.992683,6356000
2013-03-06,118.300003,118.779999,118.029999,118.470001,68.304024,5362200
2013-03-07,118.620003,118.889999,118.209999,118.559998,68.355934,4378700
2013-03-08,118.949997,119.110001,117.989998,118.570000,68.361671,4992000
2013-03-11,118.629997,118.800003,118.099998,118.730003,68.453941,4528400
2013-03-12,118.879997,119.300003,118.160004,118.250000,68.177185,4625000
2013-03-13,118.379997,118.699997,118.059998,118.360001,68.240608,5393300
2013-03-14,118.730003,120.260002,118.599998,120.000000,69.186142,7476700
2013-03-15,119.589996,119.919998,118.910004,119.680000,69.001648,10215600
2013-03-18,118.779999,119.900002,118.699997,119.129997,68.684555,4828700
2013-03-19,119.389999,119.809998,118.650002,119.459999,68.874825,5244200
2013-03-20,119.980003,120.879997,119.860001,120.349998,69.387955,5945300
2013-03-21,120.000000,120.989998,119.809998,120.339996,69.382179,6168500
2013-03-22,120.660004,121.400002,120.480003,121.180000,69.866486,5190700
2013-03-25,121.500000,121.559998,119.559998,120.180000,69.289917,6345300
2013-03-26,120.739998,121.129997,120.320000,120.980003,69.751190,4256400
2013-03-27,120.500000,120.709999,119.699997,120.190002,69.295692,4329600
2013-03-28,120.440002,120.730003,118.760002,118.820000,68.505814,8280100
2013-04-01,118.989998,119.860001,118.760002,119.610001,68.961296,4322200
2013-04-02,119.839996,119.949997,118.660004,119.000000,68.609589,4813900
2013-04-03,119.180000,119.250000,117.349998,117.779999,67.906197,7175000
2013-04-04,117.930000,118.680000,117.169998,118.070000,68.073402,5409700
2013-04-05,116.639999,117.639999,116.169998,117.519997,67.756279,5029900
2013-04-08,117.449997,117.870003,116.650002,117.809998,67.923492,4117400
2013-04-09,117.989998,118.870003,117.629997,118.639999,68.402054,4849700
2013-04-10,118.889999,119.830002,118.510002,119.639999,68.978592,5452000
2013-04-11,119.959999,121.150002,119.519997,120.949997,69.733910,6092300
2013-04-12,120.459999,120.900002,119.500000,119.940002,69.151543,6391700
2013-04-15,118.809998,118.900002,116.500000,116.570000,67.208580,9766800
2013-04-16,117.339996,117.500000,116.209999,117.010002,67.462257,6511400
2013-04-17,116.400002,116.400002,114.120003,114.809998,66.193848,8291200
2013-04-18,114.879997,116.120003,114.599998,115.589996,66.643562,6451600
2013-04-19,116.360001,116.949997,115.830002,115.900002,66.822281,7573200
2013-04-22,116.389999,117.099998,115.889999,116.570000,67.208580,5435700
2013-04-23,116.989998,118.089996,115.900002,117.480003,67.733246,6745200
2013-04-24,118.040001,118.680000,117.980003,118.279999,68.194489,4559000
2013-04-25,119.070000,120.000000,118.300003,118.510002,68.327103,5602800
2013-04-26,119.000000,120.410004,118.680000,120.040001,69.209213,6012200
2013-04-29,120.440002,121.599998,120.040001,121.320000,69.947189,5158500
2013-04-30,121.050003,122.010002,120.120003,122.010002,70.345001,6907400
2013-05-01,121.250000,121.570000,120.050003,120.269997,69.341805,6082100
2013-05-02,121.000000,122.330002,120.629997,122.040001,70.362343,5066100
2013-05-03,122.690002,123.910004,122.459999,123.489998,71.198311,6384300
2013-05-06,123.320000,123.779999,122.709999,123.250000,71.059937,4668700
2013-05-07,123.349998,123.720001,122.540001,123.040001,70.938866,4412600
2013-05-08,122.980003,123.599998,122.849998,123.360001,71.123383,4479800
2013-05-09,123.459999,123.949997,122.959999,123.639999,71.284805,9237500
2013-05-10,123.379997,123.709999,122.110001,123.230003,71.048424,10581700
2013-05-13,122.900002,123.099998,122.169998,122.849998,70.829308,16870100
2013-05-14,122.919998,125.000000,122.910004,125.000000,72.068901,6965800
2013-05-15,123.730003,123.730003,122.599998,123.010002,71.493530,7950400
2013-05-16,122.739998,123.370003,122.500000,122.760002,71.348198,5549800
2013-05-17,122.739998,123.419998,122.269997,123.419998,71.731796,6850200
2013-05-20,123.430000,124.839996,123.180000,124.779999,72.522217,5298200
2013-05-21,124.839996,126.199997,124.750000,125.940002,73.196434,6699300
2013-05-22,125.910004,126.980003,124.599998,124.930000,72.609428,9350100
2013-05-23,124.209999,125.830002,124.209999,125.400002,72.882584,8096100
2013-05-24,124.500000,125.559998,124.330002,125.449997,72.911621,5593200
2013-05-28,126.389999,127.400002,125.860001,126.430000,73.481255,6598500
2013-05-29,126.070000,126.730003,124.809998,125.489998,72.934883,6422400
2013-05-30,125.230003,125.970001,124.510002,125.110001,72.714035,4353400
2013-05-31,124.639999,125.300003,122.750000,122.750000,71.342392,7905000
2013-06-03,122.349998,124.120003,122.349998,124.089996,72.121208,7256900
2013-06-04,122.820000,123.650002,122.139999,122.959999,71.464447,7675500
2013-06-05,122.339996,123.099998,121.309998,121.570000,70.656570,7745600
2013-06-06,121.269997,121.489998,118.660004,120.589996,70.086998,10141500
2013-06-07,121.220001,121.970001,120.139999,121.699997,70.732132,6089800
2013-06-10,122.940002,122.980003,121.800003,122.690002,71.307526,5585600
2013-06-11,121.870003,122.760002,121.260002,121.449997,70.586830,4548000
2013-06-12,122.320000,122.730003,119.610001,119.970001,69.726685,5489200
2013-06-13,119.900002,121.830002,119.809998,121.660004,70.708878,4656700
2013-06-14,121.129997,121.680000,120.099998,120.279999,69.906845,4415300
2013-06-17,120.449997,121.779999,120.279999,121.220001,70.453148,4046900
2013-06-18,121.029999,121.720001,120.860001,121.519997,70.627525,4544800
2013-06-19,121.800003,122.379997,120.410004,120.500000,70.034706,4634300
2013-06-20,119.540001,119.660004,117.570000,117.949997,68.552643,7624100
2013-06-21,119.239998,119.540001,117.260002,118.930000,69.122215,10692100
2013-06-24,117.709999,118.029999,116.019997,116.820000,67.895882,6785700
2013-06-25,117.750000,117.870003,116.919998,117.449997,68.262024,5983100
2013-06-26,118.339996,118.540001,117.000000,118.150002,68.668892,4820700
2013-06-27,118.519997,119.540001,118.489998,118.709999,68.994354,4459400
2013-06-28,118.790001,119.559998,118.139999,118.339996,68.779312,6504400
2013-07-01,118.349998,120.010002,118.000000,119.080002,69.209396,5053000
2013-07-02,119.089996,120.330002,118.589996,119.150002,69.250076,4912000
2013-07-03,119.239998,119.300003,118.610001,119.080002,69.209396,3034800
2013-07-05,119.690002,120.860001,119.099998,120.510002,70.040497,4386200
2013-07-08,121.290001,122.309998,120.980003,121.239998,70.464813,4964400
2013-07-09,122.389999,123.739998,122.050003,123.269997,71.644653,6252900
2013-07-10,123.449997,124.540001,122.709999,122.900002,71.429573,5549600
2013-07-11,123.949997,124.110001,122.510002,123.769997,71.935211,7235100
2013-07-12,123.519997,124.150002,123.040001,124.059998,72.103775,5615000
2013-07-15,124.110001,125.139999,124.059998,124.680000,72.464134,4062000
2013-07-16,124.709999,125.239998,123.550003,124.120003,72.138664,4002900
2013-07-17,124.650002,125.000000,124.290001,124.349998,72.272331,3634600
2013-07-18,124.680000,125.650002,124.639999,125.470001,72.923302,4324100
2013-07-19,125.790001,126.910004,125.169998,126.910004,73.760216,5929900
2013-07-22,126.709999,127.610001,126.650002,127.029999,73.829941,4056100
2013-07-23,127.070000,127.650002,126.699997,127.260002,73.963615,3763300
2013-07-24,127.250000,127.629997,125.900002,126.370003,73.446335,4527800
2013-07-25,126.139999,127.830002,125.790001,127.760002,74.254250,4466400
2013-07-26,127.029999,127.620003,126.089996,127.559998,74.137985,4829900
2013-07-29,127.370003,127.370003,125.889999,126.169998,73.330109,4028900
2013-07-30,126.199997,126.959999,125.190002,125.779999,73.103424,4589500
2013-07-31,126.019997,126.910004,125.459999,125.889999,73.167374,5394300
2013-08-01,126.489998,126.660004,125.639999,126.440002,73.487038,5757100
2013-08-02,124.870003,125.099998,123.300003,124.949997,72.621048,7472700
2013-08-05,124.720001,124.750000,123.760002,123.989998,72.063095,3733700
2013-08-06,123.970001,124.160004,123.010002,123.139999,71.569077,4677700
2013-08-07,123.029999,123.919998,122.800003,123.330002,71.679520,3898500
2013-08-08,123.879997,124.209999,121.910004,123.070000,71.528389,5639200
2013-08-09,123.120003,123.120003,121.680000,122.500000,71.197113,5739400
2013-08-12,122.000000,122.070000,120.910004,121.800003,70.790268,6014800
2013-08-13,121.930000,123.230003,121.400002,122.500000,71.197113,4461000
2013-08-14,122.760002,122.959999,121.540001,122.050003,70.935555,6884900
2013-08-15,120.680000,121.000000,120.000000,120.250000,70.466766,4247800
2013-08-16,119.889999,120.190002,119.050003,119.879997,70.249931,5652500
2013-08-19,119.690002,120.000000,118.519997,118.660004,69.535034,4308900
2013-08-20,118.589996,119.300003,118.290001,118.290001,69.318199,4490700
2013-08-21,118.379997,118.500000,117.220001,117.699997,68.972450,5648600
2013-08-22,117.940002,119.190002,117.430000,118.290001,69.318199,4028600
2013-08-23,118.690002,119.730003,118.120003,119.529999,70.044830,4675900
2013-08-26,119.739998,119.919998,118.519997,118.839996,69.640503,3783400
2013-08-27,118.239998,119.669998,118.070000,118.809998,69.622917,5185600
2013-08-28,119.459999,122.360001,119.459999,121.809998,71.380928,7615400
2013-08-29,121.150002,121.559998,120.059998,120.370003,70.537079,5488800
2013-08-30,120.519997,120.879997,120.070000,120.430000,70.572235,4696100
2013-09-03,121.339996,121.480003,120.000000,120.550003,70.642563,4154300
2013-09-04,120.349998,121.269997,119.940002,120.860001,70.824219,3671200
2013-09-05,121.080002,121.669998,120.910004,121.370003,71.123093,3337300
2013-09-06,121.529999,122.750000,119.010002,121.209999,71.029335,5690200
2013-09-09,121.209999,122.470001,121.209999,122.220001,71.621178,4482000
2013-09-10,122.820000,123.010002,121.209999,123.010002,72.084152,6000800
2013-09-11,123.050003,124.000000,122.790001,123.919998,72.617393,4995800
2013-09-12,124.050003,124.620003,123.639999,123.889999,72.599815,4529700
2013-09-13,123.980003,124.830002,123.809998,124.139999,72.746300,3094000
2013-09-16,124.980003,125.190002,123.980003,124.080002,72.711166,4277800
2013-09-17,124.099998,125.190002,124.080002,124.339996,72.863525,5458200
2013-09-18,124.360001,126.430000,123.820000,125.820000,73.730804,6296900
2013-09-19,125.860001,126.120003,125.250000,125.440002,73.508095,4440800
2013-09-20,125.660004,126.230003,124.739998,124.919998,73.203384,10264700
2013-09-23,124.620003,125.620003,124.570000,125.519997,73.554993,5450600
2013-09-24,125.339996,125.839996,124.410004,124.489998,72.951431,6097900
2013-09-25,124.769997,125.029999,124.070000,124.070000,72.705284,4498900
2013-09-26,124.099998,124.440002,123.019997,123.489998,72.365387,5022600
2013-09-27,123.230003,123.260002,122.510002,122.639999,71.867302,4518800
2013-09-30,121.599998,122.019997,120.500000,121.500000,71.199265,6421800
2013-10-01,121.269997,121.739998,120.839996,121.320000,71.093811,4702300
2013-10-02,121.040001,121.180000,119.760002,120.830002,70.806648,5899800
2013-10-03,120.620003,120.660004,117.930000,118.250000,69.294746,10203700
2013-10-04,118.500000,118.540001,117.519997,118.129997,69.224457,6538500
2013-10-07,117.430000,118.500000,117.209999,117.870003,69.072060,5677400
2013-10-08,117.889999,118.089996,116.709999,116.730003,68.404037,6744200
2013-10-09,116.550003,116.800003,115.320000,116.129997,68.052429,8861700
2013-10-10,115.239998,116.379997,114.440002,116.379997,68.198921,11133000
2013-10-11,116.570000,117.709999,115.930000,117.669998,68.954887,6535800
2013-10-14,117.330002,118.750000,116.320000,118.580002,69.488174,4789800
2013-10-15,118.559998,119.070000,117.769997,118.150002,69.236168,6414700
2013-10-16,119.419998,119.720001,118.339996,119.160004,69.828033,5614200
2013-10-17,119.099998,119.610001,118.669998,119.519997,70.038971,5254800
2013-10-18,119.610001,119.849998,119.129997,119.650002,70.115158,6231100
2013-10-21,119.629997,120.190002,119.309998,119.820000,70.214775,4360700
2013-10-22,120.139999,120.790001,119.709999,120.639999,70.695297,6444900
2013-10-23,120.290001,120.639999,119.839996,120.129997,70.396431,4961900
2013-10-24,120.669998,121.000000,119.910004,120.559998,70.648415,4188100
2013-10-25,120.589996,121.220001,120.269997,120.589996,70.665985,4273300
2013-10-28,120.559998,121.150002,120.089996,120.910004,70.853523,5497700
2013-10-29,121.330002,122.010002,121.160004,121.500000,71.199265,4241700
2013-10-30,121.540001,121.959999,119.910004,120.300003,70.496063,4999100
2013-10-31,120.150002,121.330002,119.830002,119.959999,70.296814,7752500
2013-11-01,119.040001,119.440002,117.000000,118.010002,69.154106,9344200
2013-11-04,118.589996,118.599998,117.320000,118.099998,69.206833,6670300
2013-11-05,117.599998,118.900002,117.070000,118.449997,69.411964,6623300
2013-11-06,119.300003,121.410004,118.820000,121.139999,70.988312,8373200
2013-11-07,121.599998,121.879997,119.419998,119.910004,70.267517,10131200
2013-11-08,119.669998,121.209999,119.580002,121.190002,71.017586,11331000
2013-11-11,121.180000,121.500000,120.709999,121.080002,70.953163,3427600
2013-11-12,121.029999,121.250000,119.629997,120.000000,70.320282,6914200
2013-11-13,119.580002,120.150002,119.190002,120.089996,70.373016,6212000
2013-11-14,119.580002,119.930000,119.320000,119.559998,70.650703,5470900
2013-11-15,119.779999,120.269997,119.129997,120.059998,70.946205,6008000
2013-11-18,120.709999,120.889999,120.070000,120.559998,71.241653,4788700
2013-11-19,120.550003,122.379997,120.269997,122.059998,72.128036,5891800
2013-11-20,122.160004,122.750000,121.599998,122.000000,72.092583,4571300
2013-11-21,122.360001,123.599998,122.360001,123.459999,72.955338,4884300
2013-11-22,123.540001,124.190002,122.419998,124.029999,73.292160,3887400
2013-11-25,123.769997,124.099998,123.220001,123.739998,73.120796,3925300
2013-11-26,123.410004,123.699997,122.650002,122.779999,72.553505,4597500
2013-11-27,122.620003,122.739998,121.639999,122.419998,72.340790,3906700
2013-11-29,122.830002,123.300003,122.000000,122.440002,72.352608,3721000
2013-12-02,122.870003,123.059998,122.050003,122.339996,72.293503,5384000
2013-12-03,122.309998,122.900002,121.870003,122.519997,72.399879,5410200
2013-12-04,122.099998,122.830002,121.190002,121.769997,71.956680,4391800
2013-12-05,121.269997,122.000000,120.709999,121.099998,71.560745,4706800
2013-12-06,122.050003,122.360001,121.650002,122.290001,72.263977,4179100
2013-12-09,122.269997,123.879997,122.160004,123.339996,72.884415,7706500
2013-12-10,123.790001,123.940002,122.699997,123.660004,73.073532,5602700
2013-12-11,123.820000,123.889999,121.800003,122.099998,72.151665,7309900
2013-12-12,121.779999,122.099998,120.570000,120.989998,71.495766,7221200
2013-12-13,120.440002,121.139999,119.379997,119.900002,70.851662,5268100
2013-12-16,120.459999,120.699997,119.809998,120.220001,71.040741,7304500
2013-12-17,120.120003,120.230003,118.250000,118.739998,70.166176,6824000
2013-12-18,119.330002,121.769997,119.209999,121.599998,71.856216,8206400
2013-12-19,121.570000,123.400002,121.059998,123.220001,72.813499,6540600
2013-12-20,122.820000,123.790001,122.400002,122.779999,72.553505,9455200
2013-12-23,123.410004,123.589996,122.629997,122.800003,72.565323,4062400
2013-12-24,122.769997,123.550003,122.699997,123.510002,72.984886,1587800
2013-12-26,123.599998,124.989998,123.550003,124.809998,73.753075,3415200
2013-12-27,125.000000,125.650002,124.690002,125.230003,74.001274,3455300
2013-12-30,124.790001,125.209999,123.900002,124.230003,73.410355,4688500
2013-12-31,124.680000,125.169998,123.930000,124.910004,73.812180,3475600
2014-01-02,124.459999,124.879997,123.709999,124.139999,73.357178,4540300
2014-01-03,124.599998,124.889999,123.860001,124.349998,73.481270,3506000
2014-01-06,124.589996,124.800003,123.519997,124.019997,73.286240,4252300
2014-01-07,124.419998,125.320000,123.650002,125.070000,73.906700,4563300
2014-01-08,124.440002,124.459999,122.750000,123.290001,72.854866,8282500
2014-01-09,123.419998,123.419998,122.019997,123.290001,72.854866,5643500
2014-01-10,122.500000,122.839996,120.370003,121.010002,71.507584,8127500
2014-01-13,120.809998,120.900002,119.010002,119.250000,70.467545,6504200
2014-01-14,119.400002,119.750000,118.800003,119.570000,70.656670,6904600
2014-01-15,119.690002,120.070000,119.050003,119.180000,70.426178,5829300
2014-01-16,119.110001,119.290001,118.190002,118.830002,70.219353,5041100
2014-01-17,119.029999,120.379997,118.739998,119.290001,70.491188,7199700
2014-01-21,120.739998,120.889999,119.510002,120.360001,71.123489,5602300
2014-01-22,120.510002,120.760002,119.970001,120.430000,71.164841,4977500
2014-01-23,119.839996,119.849998,118.260002,118.389999,69.959366,6205800
2014-01-24,117.870003,118.139999,116.260002,116.290001,68.718407,7094900
2014-01-27,116.260002,117.250000,115.879997,116.430000,68.801147,6179500
2014-01-28,116.720001,117.029999,116.070000,116.839996,69.043419,4303700
2014-01-29,116.139999,116.889999,115.709999,116.000000,68.547043,5522100
2014-01-30,116.309998,116.959999,115.180000,116.449997,68.812996,5538700
2014-01-31,113.900002,113.900002,111.110001,111.629997,65.964722,15523500
2014-02-03,112.349998,112.459999,110.540001,111.139999,65.675156,11275300
2014-02-04,111.860001,112.040001,110.489998,110.830002,65.491966,9717200
2014-02-05,111.000000,111.000000,109.269997,109.519997,64.717873,10562900
2014-02-06,110.110001,111.349998,109.910004,111.269997,65.752007,7983300
2014-02-07,111.910004,112.120003,110.389999,112.050003,66.212898,7071800
2014-02-10,112.470001,112.470001,111.080002,111.690002,66.000175,9251300
2014-02-11,112.029999,113.870003,111.949997,113.580002,67.116997,6874700
2014-02-12,112.889999,112.889999,111.809998,112.029999,66.789124,6422100
2014-02-13,111.730003,112.739998,111.180000,112.510002,67.075287,5061600
2014-02-14,112.580002,113.830002,111.589996,113.480003,67.653572,6776400
2014-02-18,113.860001,114.110001,112.599998,112.709999,67.194519,6106600
2014-02-19,112.550003,115.050003,112.470001,113.599998,67.725136,7989900
2014-02-20,113.510002,115.330002,113.099998,114.599998,68.321289,8406900
2014-02-21,114.720001,114.739998,112.599998,112.680000,67.176636,9221100
2014-02-24,113.370003,115.000000,113.050003,114.150002,68.052994,7337900
2014-02-25,114.370003,115.440002,114.239998,114.970001,68.541847,5976100
2014-02-26,114.820000,115.860001,114.400002,115.510002,68.863800,6113800
2014-02-27,115.660004,115.820000,114.559998,115.690002,68.971115,4922600
2014-02-28,115.870003,116.739998,114.809998,115.330002,68.756485,6944600
2014-03-03,114.790001,116.190002,114.260002,114.839996,68.464378,6046200
2014-03-04,115.889999,116.269997,115.260002,115.320000,68.750526,5611500
2014-03-05,115.080002,115.260002,114.010002,114.430000,68.219933,6703700
2014-03-06,114.709999,115.150002,114.349998,114.849998,68.470352,5179600
2014-03-07,115.070000,115.949997,114.639999,115.080002,68.607445,5055600
2014-03-10,115.449997,115.940002,114.120003,115.839996,69.060532,6203000
2014-03-11,115.900002,116.230003,114.239998,114.510002,68.267632,6274300
2014-03-12,114.139999,116.360001,114.129997,115.650002,68.947250,6812900
2014-03-13,115.599998,115.750000,114.120003,114.449997,68.231873,5405100
2014-03-14,114.360001,114.900002,113.680000,114.099998,68.023193,6280000
2014-03-17,114.260002,115.290001,114.129997,115.070000,68.601479,5894500
2014-03-18,115.620003,116.559998,115.199997,116.239998,69.299011,6329600
2014-03-19,115.879997,116.739998,114.660004,115.199997,68.678993,5569600
2014-03-20,114.849998,116.080002,114.320000,115.510002,68.863800,5280600
2014-03-21,116.290001,118.000000,115.580002,115.629997,68.935349,14893600
2014-03-24,116.000000,116.690002,115.650002,115.849998,69.066498,5386900
2014-03-25,116.230003,117.190002,116.209999,117.089996,69.805740,5573000
2014-03-26,117.800003,118.279999,117.360001,117.709999,70.175377,5971600
2014-03-27,117.750000,117.989998,116.830002,117.669998,70.151527,5224600
2014-03-28,118.129997,118.550003,117.699997,118.500000,70.646362,5875100
2014-03-31,118.790001,119.620003,118.489998,118.910004,70.890793,5482700
2014-04-01,119.150002,119.610001,118.839996,119.000000,70.944450,5391400
2014-04-02,118.519997,119.540001,118.519997,119.349998,71.153091,4505600
2014-04-03,119.779999,119.790001,118.889999,119.040001,70.968307,4446400
2014-04-04,119.750000,119.750000,118.589996,118.800003,70.825211,5301300
2014-04-07,118.320000,118.820000,117.339996,117.339996,69.954773,5241300
2014-04-08,117.660004,118.309998,117.180000,117.800003,70.229034,4706100
2014-04-09,117.830002,119.250000,117.589996,119.099998,71.004074,5376500
2014-04-10,117.199997,118.059998,116.550003,116.690002,69.567299,8769200
2014-04-11,116.500000,117.730003,116.500000,117.029999,69.769989,7028800
2014-04-14,117.839996,118.830002,117.339996,118.699997,70.765594,6817700
2014-04-15,118.709999,120.309998,118.339996,120.300003,71.719467,7681900
2014-04-16,120.900002,122.120003,120.900002,121.830002,72.631607,7277000
2014-04-17,121.720001,123.849998,121.720001,123.680000,73.734512,8604900
2014-04-21,123.050003,124.400002,123.050003,124.239998,74.068375,6351100
2014-04-22,123.870003,124.349998,123.610001,124.000000,73.925316,5849200
2014-04-23,124.190002,124.959999,124.190002,124.690002,74.336678,5596300
2014-04-24,124.839996,124.919998,124.139999,124.300003,74.104179,5185300
2014-04-25,124.230003,124.699997,123.580002,123.989998,73.919327,5776300
2014-04-28,124.260002,126.059998,124.250000,125.730003,74.956696,7687800
2014-04-29,125.919998,127.269997,125.760002,125.970001,75.099747,6666800
2014-04-30,125.760002,125.980003,125.309998,125.519997,74.831467,6123500
2014-05-01,125.660004,125.760002,124.279999,124.940002,74.485710,6379600
2014-05-02,123.900002,125.800003,123.580002,124.720001,74.354530,5406100
2014-05-05,124.820000,125.849998,124.339996,125.360001,74.736069,4224400
2014-05-06,125.000000,125.690002,124.519997,124.970001,74.503601,5600000
2014-05-07,125.949997,126.779999,125.639999,126.230003,75.254761,5436000
2014-05-08,125.699997,126.129997,124.870003,125.089996,74.575127,5009800
2014-05-09,125.389999,126.070000,124.639999,125.029999,74.539337,4826100
2014-05-12,125.570000,125.570000,124.629997,125.239998,74.664581,4914700
2014-05-13,125.570000,125.989998,124.970001,125.849998,75.028221,4415200
2014-05-14,126.139999,126.779999,125.760002,126.419998,75.368042,4961400
2014-05-15,125.169998,125.500000,123.550003,123.809998,74.442093,5939500
2014-05-16,123.959999,124.349998,122.889999,123.180000,74.063301,6435100
2014-05-19,122.949997,123.419998,122.849998,122.949997,73.925003,4042300
2014-05-20,122.949997,123.099998,122.239998,122.500000,73.654434,4044400
2014-05-21,123.000000,124.360001,122.940002,124.160004,74.652527,4758700
2014-05-22,124.099998,124.410004,123.559998,123.629997,74.333878,3262700
2014-05-23,124.099998,124.360001,123.330002,123.370003,74.177536,3808100
2014-05-27,123.760002,123.989998,122.750000,122.839996,73.858879,4283300
2014-05-28,122.900002,123.309998,122.519997,122.519997,73.666473,4702900
2014-05-29,122.889999,122.900002,121.650002,122.320000,73.546234,6255000
2014-05-30,122.239998,122.879997,122.010002,122.790001,73.828804,5174700
2014-06-02,122.930000,123.040001,122.010002,122.209999,73.480064,3689800
2014-06-03,122.389999,122.820000,121.720001,122.550003,73.684525,3563800
2014-06-04,122.320000,122.680000,122.000000,122.349998,73.564247,3285500
2014-06-05,122.529999,123.779999,122.459999,123.519997,74.267715,4220600
2014-06-06,123.699997,124.699997,123.540001,124.190002,74.670578,4295400
2014-06-09,124.010002,124.639999,123.879997,124.370003,74.778801,3657700
2014-06-10,124.980003,125.370003,124.150002,125.339996,75.362038,5869400
2014-06-11,125.129997,125.470001,124.620003,125.180000,75.265808,4570900
2014-06-12,125.730003,126.230003,125.419998,126.110001,75.825020,6815800
2014-06-13,125.940002,127.260002,125.900002,127.260002,76.516434,5573600
2014-06-16,127.150002,128.809998,127.139999,128.539993,77.286041,7065300
2014-06-17,127.900002,129.039993,127.570000,128.830002,77.460434,6720700
2014-06-18,128.960007,130.500000,128.360001,130.279999,78.332253,7697700
2014-06-19,130.289993,132.000000,129.910004,131.990005,79.360413,7419900
2014-06-20,131.949997,132.399994,130.880005,132.339996,79.570824,11348300
2014-06-23,132.520004,133.570007,132.419998,132.979996,79.955650,11006900
2014-06-24,132.740005,133.460007,131.710007,131.770004,79.228127,8581100
2014-06-25,131.339996,132.360001,131.009995,131.229996,78.903450,6714200
2014-06-26,131.210007,131.220001,129.529999,130.919998,78.717026,6111400
2014-06-27,130.729996,130.949997,129.300003,130.360001,78.380356,8674700
2014-06-30,130.149994,130.630005,129.369995,130.550003,78.494591,5698900
2014-07-01,130.940002,131.419998,130.460007,130.539993,78.488564,4000500
2014-07-02,130.529999,130.919998,129.990005,130.229996,78.302200,5136800
2014-07-03,131.440002,131.589996,130.720001,131.190002,78.879402,3514000
2014-07-07,130.440002,130.639999,130.020004,130.470001,78.446495,3660000
2014-07-08,129.699997,130.380005,129.520004,129.899994,78.103783,4687600
2014-07-09,130.270004,131.690002,129.990005,131.389999,78.999649,5200800
2014-07-10,130.479996,130.860001,129.899994,130.250000,78.314209,4404800
2014-07-11,129.130005,129.889999,128.029999,128.470001,77.243980,5242700
2014-07-14,128.800003,129.500000,128.380005,129.259995,77.718979,4135800
2014-07-15,129.070007,129.500000,128.610001,129.259995,77.718979,4845000
2014-07-16,129.889999,130.940002,129.690002,130.889999,78.699028,4491800
2014-07-17,130.639999,131.500000,129.880005,130.080002,78.212006,4953600
2014-07-18,130.639999,130.729996,129.580002,130.389999,78.398399,4339400
2014-07-21,130.110001,131.339996,130.009995,131.289993,78.939491,3714000
2014-07-22,131.550003,133.199997,131.550003,132.580002,79.715157,4391700
2014-07-23,132.699997,133.929993,132.479996,133.880005,80.496796,4589500
2014-07-24,134.029999,135.100006,133.690002,134.850006,81.080002,5337900
2014-07-25,134.580002,134.610001,133.059998,133.570007,80.310417,3702000
2014-07-28,133.559998,133.800003,132.889999,133.240005,80.112000,4625000
2014-07-29,132.899994,133.720001,132.419998,132.419998,79.618973,4189100
2014-07-30,132.970001,133.690002,131.500000,132.529999,79.685081,4601800
2014-07-31,131.729996,131.970001,129.100006,129.240005,77.706947,7973700
2014-08-01,127.760002,128.960007,126.360001,127.900002,76.901268,7377800
2014-08-04,127.690002,128.360001,126.029999,128.169998,77.063599,7360000
2014-08-05,127.809998,127.809998,124.580002,124.959999,75.133530,8066700
2014-08-06,124.900002,126.970001,124.800003,125.730003,75.596519,5134900
2014-08-07,126.190002,126.730003,124.830002,125.650002,75.548393,4650700
2014-08-08,126.070000,127.959999,125.910004,127.860001,76.877190,4730700
2014-08-11,128.160004,128.669998,127.540001,127.709999,76.787018,3466500
2014-08-12,127.139999,127.279999,126.260002,127.089996,76.414230,4944100
2014-08-13,127.639999,128.240005,126.870003,127.599998,76.720886,3518200
2014-08-14,127.680000,127.699997,126.529999,126.959999,76.336082,4524000
2014-08-15,126.419998,126.790001,125.680000,126.099998,76.463402,5754300
2014-08-18,126.269997,126.589996,125.629997,126.300003,76.584671,4630000
2014-08-19,126.720001,127.699997,126.550003,127.629997,77.391151,3887800
2014-08-20,127.250000,127.599998,126.779999,127.489998,77.306259,3230300
2014-08-21,127.680000,128.179993,127.180000,127.930000,77.573074,2668100
2014-08-22,127.019997,127.500000,126.470001,127.110001,77.075836,3236900
2014-08-25,127.570000,128.070007,127.379997,127.839996,77.518517,2645700
2014-08-26,128.059998,128.710007,127.940002,128.250000,77.767082,2832400
2014-08-27,128.410004,128.820007,128.190002,128.639999,78.003586,2767000
2014-08-28,128.279999,128.899994,128.250000,128.750000,78.070267,2409000
2014-08-29,129.000000,129.529999,128.500000,129.449997,78.494743,3519000
2014-09-02,129.199997,129.380005,127.059998,127.540001,77.336586,4744500
2014-09-03,128.449997,128.880005,127.669998,127.860001,77.530632,3846300
2014-09-04,128.210007,128.460007,126.199997,126.800003,76.887856,5191200
2014-09-05,127.150002,127.440002,126.160004,127.400002,77.251686,5035500
2014-09-08,126.680000,126.750000,125.690002,126.209999,76.530098,4200800
2014-09-09,124.489998,125.790001,124.260002,125.180000,75.905563,6721600
2014-09-10,124.459999,124.739998,123.010002,124.279999,75.359818,10941800
2014-09-11,123.279999,124.070000,122.410004,123.830002,75.086929,6569600
2014-09-12,123.540001,123.660004,122.209999,122.660004,74.377495,4915600
2014-09-15,122.349998,124.779999,122.059998,124.239998,75.335541,5437600
2014-09-16,124.059998,125.680000,123.610001,124.959999,75.772141,6587200
2014-09-17,125.129997,125.489998,124.449997,124.720001,75.626610,4583500
2014-09-18,124.849998,125.040001,123.849998,124.139999,75.274902,4683200
2014-09-19,124.940002,125.699997,124.650002,124.800003,75.675125,10090000
2014-09-22,124.599998,124.919998,123.470001,123.489998,74.880783,5850500
2014-09-23,123.529999,123.980003,122.860001,123.059998,74.620026,5620700
2014-09-24,123.070000,123.070000,120.849998,122.400002,74.219826,8005900
2014-09-25,122.199997,122.610001,120.680000,120.680000,73.176849,6466300
2014-09-26,120.550003,122.040001,120.019997,121.470001,73.655930,5500500
2014-09-29,120.720001,120.739998,119.139999,120.550003,73.098030,6791500
2014-09-30,120.510002,120.510002,118.660004,119.320000,72.352196,8385700
2014-10-01,118.800003,119.349998,117.379997,117.650002,71.339577,8027900
2014-10-02,117.389999,117.900002,116.129997,117.110001,71.012123,8171200
2014-10-03,118.160004,118.160004,116.400002,117.709999,71.375961,6298300
2014-10-06,117.910004,119.050003,117.279999,118.089996,71.606354,5409500
2014-10-07,117.470001,118.430000,116.000000,116.019997,70.351173,7303800
2014-10-08,115.830002,118.250000,115.150002,117.949997,71.521500,9517400
2014-10-09,117.019997,117.080002,114.239998,114.510002,69.435570,11489200
2014-10-10,114.699997,115.730003,112.879997,113.889999,69.059601,9253100
2014-10-13,113.550003,114.589996,111.849998,112.029999,67.931755,7799100
2014-10-14,112.599998,113.050003,109.099998,109.779999,66.567436,11541500
2014-10-15,108.570000,109.500000,106.650002,109.269997,66.258186,15278400
2014-10-16,107.959999,111.320000,107.199997,111.059998,67.343575,11908400
2014-10-17,111.779999,112.739998,110.730003,111.800003,67.792290,10895500
2014-10-20,111.529999,112.279999,110.970001,111.489998,67.604294,8823800
2014-10-21,113.180000,115.169998,112.910004,115.089996,69.787292,8899700
2014-10-22,115.199997,116.239998,113.910004,114.000000,69.126305,7211600
2014-10-23,116.000000,117.320000,114.949997,116.190002,70.454292,7195500
2014-10-24,116.190002,116.260002,114.529999,115.910004,70.284492,5507900
2014-10-27,114.379997,115.370003,113.459999,115.019997,69.744804,6714600
2014-10-28,116.169998,117.269997,115.160004,117.129997,71.024246,7272600
2014-10-29,118.000000,118.930000,116.099998,117.139999,71.030327,6873700
2014-10-30,116.180000,117.250000,115.570000,117.199997,71.066681,5174400
2014-10-31,118.349998,120.169998,116.389999,119.949997,72.734215,10669500
2014-11-03,119.830002,119.970001,116.459999,116.779999,70.812012,10343300
2014-11-04,115.989998,116.019997,114.800003,115.370003,69.957047,9585800
2014-11-05,117.269997,117.300003,114.860001,117.050003,70.975761,6603300
2014-11-06,116.900002,118.550003,116.360001,118.529999,71.873199,6383800
2014-11-07,118.750000,119.730003,118.360001,118.800003,72.036903,7366600
2014-11-10,119.580002,119.669998,117.309998,117.919998,71.503288,6114600
2014-11-11,117.949997,118.669998,117.300003,118.440002,71.818588,3957000
2014-11-12,117.860001,118.709999,117.379997,117.650002,71.339577,4923900
2014-11-13,117.089996,117.470001,115.639999,116.449997,70.611923,11019900
2014-11-14,115.699997,116.349998,115.419998,116.320000,71.187195,4891700
2014-11-17,115.959999,116.150002,115.269997,115.750000,70.838379,5713700
2014-11-18,115.970001,116.629997,115.250000,115.470001,70.666977,5672800
2014-11-19,115.970001,116.680000,115.070000,116.470001,71.278984,4270300
2014-11-20,116.160004,117.470001,116.160004,117.309998,71.793068,5272800
2014-11-21,118.790001,118.910004,117.730003,118.580002,72.570290,7361600
2014-11-24,118.129997,118.580002,117.150002,117.589996,71.964417,5807600
2014-11-25,117.800003,117.820000,115.629997,116.150002,71.083153,6671400
2014-11-26,116.070000,116.349998,115.019997,115.110001,70.446686,6715100
2014-11-28,111.589996,111.690002,108.430000,108.870003,66.627846,11935600
2014-12-01,109.379997,112.489998,108.680000,111.730003,68.378151,13400100
2014-12-02,111.269997,114.559998,110.889999,114.019997,69.779625,8548700
2014-12-03,114.739998,114.820000,113.150002,113.709999,69.589905,8049800
2014-12-04,113.080002,113.080002,111.010002,112.279999,68.714722,8100700
2014-12-05,111.790001,112.290001,110.709999,110.870003,67.851830,7663400
2014-12-08,109.889999,109.940002,106.410004,106.800003,65.361008,13809000
2014-12-09,106.169998,108.150002,106.129997,107.010002,65.489540,11053000
2014-12-10,106.220001,106.250000,103.070000,104.860001,64.173729,15073400
2014-12-11,104.970001,107.269997,104.300003,104.910004,64.204330,10293600
2014-12-12,103.760002,104.349998,102.370003,102.379997,62.655975,12013600
2014-12-15,103.129997,103.910004,100.419998,100.860001,61.725761,13144200
2014-12-16,100.500000,104.470001,100.150002,101.699997,62.239830,12722200
2014-12-17,102.180000,106.589996,102.010002,106.019997,64.883644,13354000
2014-12-18,108.010002,109.029999,105.489998,109.029999,66.725731,13533000
2014-12-19,109.529999,112.959999,108.500000,112.930000,69.112541,15723300
2014-12-22,112.360001,112.989998,111.070000,112.029999,68.561729,9433500
2014-12-23,112.760002,114.449997,112.320000,113.949997,69.736778,8092000
2014-12-24,113.660004,114.139999,112.070000,113.470001,69.443024,4536500
2014-12-26,113.930000,114.349998,112.820000,113.250000,69.308380,4380400
2014-12-29,113.440002,114.379997,112.779999,113.320000,69.351219,6043000
2014-12-30,112.930000,113.650002,112.150002,113.110001,69.222687,5659500
2014-12-31,111.650002,113.309998,111.529999,112.180000,68.653542,6411800
2015-01-02,111.629997,113.000000,110.849998,112.580002,68.898338,5898800
2015-01-05,110.959999,111.199997,107.440002,108.080002,66.144356,11758100
2015-01-06,107.870003,109.019997,106.480003,108.029999,66.113770,11591600
2015-01-07,109.250000,109.730003,107.510002,107.940002,66.058701,10353800
2015-01-08,109.190002,110.440002,108.599998,110.410004,67.570305,8650800
2015-01-09,110.139999,110.220001,107.669998,108.209999,66.223915,9584500
2015-01-12,107.470001,107.470001,105.559998,105.879997,64.797974,8912300
2015-01-13,106.919998,107.660004,103.190002,104.199997,63.769829,13277700
2015-01-14,103.199997,104.410004,101.830002,103.900002,63.586220,14116900
2015-01-15,104.410004,104.940002,102.529999,102.669998,62.833469,9664600
2015-01-16,102.470001,105.139999,102.470001,105.120003,64.332832,12604600
2015-01-20,104.559998,106.580002,103.809998,106.470001,65.159065,10406800
2015-01-21,106.790001,108.269997,106.349998,108.160004,66.193336,8271000
2015-01-22,108.760002,109.120003,106.989998,108.919998,66.658440,7471100
2015-01-23,108.220001,108.750000,106.730003,106.849998,65.391624,7984400
2015-01-26,107.220001,109.349998,106.320000,108.879997,66.633965,7670500
2015-01-27,108.110001,108.809998,107.629997,108.260002,66.254509,6388700
2015-01-28,108.160004,108.169998,103.419998,103.709999,63.469933,10526500
2015-01-29,104.239998,104.629997,101.660004,103.000000,63.035439,13994400
2015-01-30,101.599998,103.279999,98.879997,102.529999,62.747791,20584700
2015-02-02,103.980003,106.129997,102.970001,106.059998,64.908134,11537600
2015-02-03,107.699997,110.110001,107.669998,109.529999,67.031761,14266700
2015-02-04,108.489998,109.279999,107.389999,108.349998,66.309608,10176000
2015-02-05,109.570000,110.110001,108.570000,109.309998,66.897118,7533300
2015-02-06,109.660004,110.459999,109.110001,109.610001,67.080704,7655500
2015-02-09,109.839996,111.500000,109.650002,110.430000,67.582558,6403000
2015-02-10,110.519997,110.620003,108.089996,110.180000,67.429581,7033700
2015-02-11,108.980003,110.180000,108.290001,109.980003,67.307152,8662000
2015-02-12,110.279999,111.050003,109.820000,110.860001,68.512268,6618000
2015-02-13,111.349998,112.839996,111.099998,112.779999,69.698837,7494400
2015-02-17,112.309998,112.930000,111.519997,112.400002,69.463989,7097300
2015-02-18,111.250000,111.650002,110.370003,110.440002,68.252693,6920300
2015-02-19,108.199997,109.580002,107.239998,108.349998,66.961067,9721100
2015-02-20,108.430000,108.870003,107.500000,108.599998,67.115555,7610600
2015-02-23,107.790001,108.500000,107.349998,107.860001,66.658249,6724000
2015-02-24,107.889999,108.239998,107.339996,107.959999,66.720039,5708400
2015-02-25,108.120003,108.779999,107.760002,108.580002,67.103203,4806500
2015-02-26,107.889999,107.919998,106.599998,107.059998,66.163818,5903100
2015-02-27,107.519997,107.730003,106.570000,106.680000,65.928993,6396500
2015-03-02,106.320000,106.339996,104.930000,105.900002,65.446938,7343700
2015-03-03,105.879997,106.220001,104.809998,105.160004,64.989632,6901200
2015-03-04,105.639999,105.639999,104.440002,105.160004,64.989632,5784900
2015-03-05,105.010002,105.309998,104.330002,104.730003,64.723900,5156900
2015-03-06,104.220001,104.519997,103.169998,103.550003,63.994625,7213300
2015-03-09,103.599998,105.629997,103.500000,103.949997,64.241829,7506200
2015-03-10,103.790001,104.550003,102.330002,102.910004,63.599106,10679000
2015-03-11,103.519997,103.889999,102.449997,103.540001,63.988441,8440700
2015-03-12,104.220001,104.510002,102.300003,102.419998,63.296272,5900600
2015-03-13,101.839996,101.839996,100.660004,101.620003,62.801865,8345200
2015-03-16,101.440002,103.269997,101.000000,103.129997,63.735058,6780200
2015-03-17,102.300003,103.550003,102.099998,103.169998,63.759815,7097500
2015-03-18,102.610001,106.879997,102.370003,106.699997,65.941345,11059700
2015-03-19,105.099998,105.400002,104.650002,104.750000,64.736244,7841900
2015-03-20,105.290001,107.260002,105.110001,107.029999,66.145302,14064900
2015-03-23,107.510002,107.690002,105.919998,105.919998,65.459297,6807700
2015-03-24,105.919998,106.190002,104.160004,104.199997,64.396317,6677800
2015-03-25,104.660004,106.199997,104.330002,105.669998,65.304802,9169400
2015-03-26,106.279999,106.519997,104.160004,105.250000,65.045265,7276900
2015-03-27,104.989998,104.989998,103.669998,104.279999,64.445770,5830300
2015-03-30,104.970001,107.209999,104.970001,106.900002,66.064964,7172400
2015-03-31,105.620003,106.070000,104.879997,104.980003,64.878372,7254100
2015-04-01,105.769997,106.220001,104.500000,104.790001,64.760941,7347200
2015-04-02,104.449997,105.680000,104.080002,105.279999,65.063774,5123900
2015-04-06,106.029999,107.860001,105.220001,106.919998,66.077293,6724000
2015-04-07,106.970001,109.089996,106.620003,108.540001,67.078491,8536000
2015-04-08,108.860001,108.919998,106.519997,106.660004,65.916618,7894800
2015-04-09,106.800003,107.239998,106.180000,106.949997,66.095848,5760500
2015-04-10,107.470001,107.660004,106.809998,106.910004,66.071114,5012200
2015-04-13,107.349998,107.900002,106.440002,106.500000,65.817741,4307200
2015-04-14,107.699997,109.089996,107.260002,108.839996,67.263901,7262700
2015-04-15,109.589996,110.690002,109.379997,110.410004,68.234146,6704000
2015-04-16,109.900002,110.940002,109.000000,110.160004,68.079651,5904200
2015-04-17,109.360001,109.690002,108.260002,109.110001,67.430748,6548700
2015-04-20,109.570000,111.709999,109.550003,110.290001,68.159973,7148800
2015-04-21,110.050003,110.739998,109.309998,109.730003,67.813927,5674900
2015-04-22,110.050003,110.440002,109.209999,109.500000,67.671745,5643100
2015-04-23,110.000000,110.650002,109.599998,109.970001,67.962234,6940000
2015-04-24,109.669998,110.040001,109.029999,109.870003,67.900444,4995000
2015-04-27,110.339996,110.739998,109.540001,109.699997,67.795387,4858700
2015-04-28,110.050003,111.239998,109.650002,111.120003,68.672920,5321600
2015-04-29,110.820000,111.989998,110.680000,111.730003,69.049934,5665800
2015-04-30,112.040001,112.199997,110.440002,111.059998,68.635857,6666800
2015-05-01,110.279999,110.800003,108.339996,109.040001,67.387505,10362700
2015-05-04,109.379997,109.410004,107.989998,108.320000,66.942535,7660100
2015-05-05,109.239998,109.930000,108.000000,108.000000,66.744766,6463300
2015-05-06,109.239998,109.529999,107.300003,107.949997,66.713867,5820400
2015-05-07,107.690002,108.199997,106.690002,107.570000,66.479019,5798300
2015-05-08,108.290001,108.800003,107.400002,108.650002,67.146469,7078900
2015-05-11,108.650002,108.690002,107.300003,107.360001,66.349251,6003600
2015-05-12,107.440002,108.000000,107.099998,107.559998,66.472832,5026500
2015-05-13,107.980003,108.470001,107.300003,107.699997,66.559357,5517600
2015-05-14,108.019997,109.300003,108.019997,108.449997,67.022858,9751700
2015-05-15,107.209999,108.330002,106.940002,108.029999,67.428574,5641600
2015-05-18,107.500000,107.510002,106.580002,106.650002,66.567223,6390600
2015-05-19,106.050003,106.309998,105.000000,105.019997,65.549843,7927600
2015-05-20,105.419998,105.900002,104.760002,105.250000,65.693398,6521200
2015-05-21,105.970001,106.269997,105.300003,105.489998,65.843216,6549300
2015-05-22,105.089996,105.550003,104.860001,104.889999,65.468689,4717200
2015-05-26,104.220001,104.440002,102.930000,103.290001,64.470047,8010200
2015-05-27,103.199997,103.779999,102.730003,103.110001,64.357689,5857500
2015-05-28,102.959999,103.419998,102.379997,103.239998,64.438820,5099900
2015-05-29,103.139999,103.570000,102.669998,103.000000,64.289024,6673400
2015-06-01,103.470001,103.750000,102.489998,102.629997,64.058105,5412400
2015-06-02,102.650002,103.110001,102.110001,102.580002,64.026878,5040000
2015-06-03,102.400002,103.379997,102.120003,102.169998,63.770966,5175700
2015-06-04,101.889999,102.370003,100.980003,101.389999,63.284111,6896400
2015-06-05,101.180000,103.099998,100.989998,101.589996,63.408936,6080900
2015-06-08,101.290001,101.389999,99.949997,100.419998,62.678680,8213900
2015-06-09,100.699997,101.250000,100.220001,100.419998,62.678680,7157000
2015-06-10,102.519997,102.580002,101.519997,101.830002,63.558743,7588400
2015-06-11,101.870003,102.199997,100.940002,101.120003,63.115582,5582900
2015-06-12,100.519997,100.690002,99.629997,99.870003,62.335396,6475500
2015-06-15,99.449997,100.059998,99.129997,99.290001,61.973389,6178100
2015-06-16,99.199997,100.449997,98.809998,100.040001,62.441505,8763700
2015-06-17,100.830002,101.169998,99.519997,99.760002,62.266720,8231100
2015-06-18,100.260002,100.900002,100.150002,100.250000,62.572556,7168000
2015-06-19,99.720001,100.169998,99.459999,99.470001,62.085720,10512000
2015-06-22,99.830002,100.370003,99.370003,100.290001,62.597549,6416100
2015-06-23,99.959999,100.430000,99.540001,100.089996,62.472698,5697900
2015-06-24,99.980003,100.680000,99.269997,99.269997,61.960876,7451900
2015-06-25,99.449997,99.660004,98.290001,98.339996,61.380409,6062800
2015-06-26,98.239998,98.690002,97.809998,98.599998,61.542706,10015500
2015-06-29,97.500000,97.959999,96.599998,96.690002,60.350548,8764600
2015-06-30,97.449997,97.660004,96.220001,96.470001,60.213203,9925400
2015-07-01,96.300003,96.620003,95.550003,96.089996,59.976040,7295300
2015-07-02,96.360001,96.669998,95.720001,95.870003,59.838741,6419100
2015-07-06,95.059998,95.559998,94.480003,94.769997,59.152126,8341600
2015-07-07,94.410004,95.480003,93.500000,95.269997,59.464218,11774900
2015-07-08,94.589996,95.089996,93.260002,93.559998,58.396900,7719100
2015-07-09,94.900002,95.209999,93.760002,93.779999,58.534203,7909000
2015-07-10,94.529999,94.949997,94.070000,94.410004,58.927456,5631900
2015-07-13,94.309998,94.889999,94.150002,94.599998,59.046028,5038800
2015-07-14,94.400002,95.790001,94.389999,95.550003,59.638973,5218600
2015-07-15,95.040001,95.699997,93.889999,94.239998,58.821335,6490400
2015-07-16,94.279999,94.730003,93.900002,94.480003,58.971115,6422700
2015-07-17,94.230003,94.389999,92.900002,93.150002,58.141006,8214200
2015-07-20,93.300003,93.489998,92.589996,92.940002,58.009907,6018100
2015-07-21,93.000000,94.139999,93.000000,93.900002,58.609135,7043100
2015-07-22,93.510002,94.330002,93.290001,93.510002,58.365704,9327500
2015-07-23,93.570000,94.070000,92.699997,92.940002,58.009907,7360700
2015-07-24,92.779999,92.779999,90.349998,90.599998,56.549397,11158400
2015-07-27,89.860001,90.089996,88.739998,89.139999,55.638100,10342700
2015-07-28,89.449997,92.690002,89.430000,92.400002,57.672882,11536900
2015-07-29,91.980003,93.400002,91.440002,93.250000,58.203426,9821500
2015-07-30,93.449997,93.809998,92.750000,93.029999,58.066109,6435700
2015-07-31,91.519997,91.750000,88.010002,88.480003,55.226147,19063400
2015-08-03,87.279999,87.330002,85.320000,85.599998,53.428539,14142200
2015-08-04,85.739998,86.900002,84.680000,85.209999,53.185123,8537200
2015-08-05,85.440002,86.000000,83.870003,84.029999,52.448601,11254600
2015-08-06,83.559998,85.580002,82.889999,85.190002,53.172630,9805000
2015-08-07,84.709999,85.260002,83.430000,83.750000,52.273849,7422000
2015-08-10,84.199997,86.099998,83.879997,85.889999,53.609570,8342000
2015-08-11,84.379997,85.980003,83.599998,85.779999,53.540874,9797400
2015-08-12,85.000000,87.110001,84.919998,86.790001,54.171307,11316300
2015-08-13,86.029999,86.339996,85.449997,85.849998,53.584599,9562400
2015-08-14,85.779999,86.419998,85.290001,85.989998,53.671963,7748900
2015-08-17,84.459999,84.510002,83.110001,83.230003,52.603836,12602500
2015-08-18,83.080002,83.769997,82.820000,83.440002,52.736565,9093400
2015-08-19,82.870003,82.910004,80.669998,80.910004,51.137527,13129000
2015-08-20,80.660004,81.290001,79.239998,79.239998,50.082043,11857200
2015-08-21,78.870003,79.589996,75.709999,75.760002,47.882580,18383600
2015-08-24,70.550003,75.379997,69.580002,72.120003,45.581985,24191900
2015-08-25,74.930000,75.019997,69.839996,70.019997,44.254730,21128000
2015-08-26,71.720001,73.099998,70.949997,73.089996,46.195061,17400400
2015-08-27,75.000000,78.120003,74.559998,77.639999,49.070789,21539600
2015-08-28,77.720001,81.199997,77.580002,80.430000,50.834164,23735400
2015-08-31,80.010002,81.080002,77.919998,80.989998,51.188095,16880400
2015-09-01,78.760002,79.389999,77.519997,78.190002,49.418423,17954200
2015-09-02,79.750000,79.750000,77.230003,78.059998,49.336243,14255900
2015-09-03,78.699997,79.419998,77.690002,78.260002,49.462658,12282600
2015-09-04,77.300003,77.629997,76.449997,76.669998,48.457722,11210000
2015-09-08,77.529999,77.559998,76.239998,76.839996,48.565186,9316500
2015-09-09,77.430000,78.199997,74.750000,74.919998,47.351662,11297400
2015-09-10,75.730003,75.800003,74.309998,75.660004,47.819370,11475200
2015-09-11,75.940002,76.250000,75.089996,75.790001,47.901543,11032100
2015-09-14,75.519997,76.000000,74.959999,75.769997,47.888908,10235500
2015-09-15,76.430000,77.690002,76.209999,77.169998,48.773739,11678100
2015-09-16,77.820000,79.209999,77.769997,79.019997,49.942993,12593500
2015-09-17,79.120003,80.470001,78.599998,79.410004,50.189495,12324300
2015-09-18,77.910004,78.699997,76.970001,77.739998,49.133999,18635900
2015-09-21,78.300003,78.730003,77.839996,78.089996,49.355209,8523500
2015-09-22,76.839996,77.690002,76.489998,77.250000,48.824318,9692300
2015-09-23,77.400002,77.529999,75.760002,76.120003,48.110107,9043000
2015-09-24,75.449997,77.309998,75.099998,76.889999,48.596775,10302600
2015-09-25,77.870003,78.160004,76.919998,77.699997,49.108719,10862600
2015-09-28,76.660004,76.930000,75.750000,75.769997,47.888908,10567000
2015-09-29,76.040001,76.660004,75.279999,76.250000,48.192276,8797800
2015-09-30,77.150002,79.019997,77.000000,78.879997,49.854515,14108800
2015-10-01,79.720001,80.889999,77.809998,78.339996,49.513214,11111900
2015-10-02,77.739998,81.550003,77.309998,81.550003,51.542030,13051900
2015-10-05,82.410004,84.190002,82.349998,84.029999,53.109459,14196800
2015-10-06,84.180000,87.629997,84.070000,86.989998,54.980263,18897100
2015-10-07,88.250000,89.510002,86.279999,88.120003,55.694454,17670500
2015-10-08,87.889999,90.139999,87.800003,89.910004,56.825798,11299100
2015-10-09,90.199997,90.400002,88.669998,89.570000,56.610912,10011100
2015-10-12,89.860001,89.980003,87.870003,88.739998,56.086330,7917500
2015-10-13,87.800003,88.940002,87.290001,88.379997,55.858791,8012500
2015-10-14,88.230003,89.970001,87.709999,89.760002,56.730991,9734500
2015-10-15,89.650002,90.870003,88.440002,90.720001,57.337734,8960400
2015-10-16,91.550003,91.660004,90.019997,91.290001,57.698006,7821200
2015-10-19,90.360001,90.540001,89.220001,90.029999,56.901657,8900400
2015-10-20,89.500000,90.489998,89.389999,89.989998,56.876350,8221100
2015-10-21,89.440002,90.629997,89.139999,89.330002,56.459209,7423400
2015-10-22,89.739998,91.809998,89.739998,91.620003,57.906574,8971700
2015-10-23,90.750000,91.930000,90.089996,91.239998,57.666378,8134800
2015-10-26,90.870003,90.879997,88.580002,88.769997,56.105278,8606600
2015-10-27,87.730003,87.959999,86.739998,87.699997,55.429024,9328800
2015-10-28,88.209999,90.120003,87.919998,89.790001,56.749966,8236500
2015-10-29,89.320000,90.930000,89.139999,89.889999,56.813179,6686000
2015-10-30,91.139999,91.980003,89.410004,90.879997,57.438873,11559300
2015-11-02,90.610001,95.279999,90.480003,94.959999,60.017559,14277300
2015-11-03,95.419998,98.639999,95.419998,98.139999,62.027386,17669200
2015-11-04,98.019997,98.099998,96.080002,96.769997,61.161514,11931300
2015-11-05,96.050003,96.550003,94.330002,94.550003,59.758408,11184800
2015-11-06,93.709999,94.070000,91.760002,94.029999,59.429764,9634200
2015-11-09,93.480003,94.449997,92.099998,92.320000,58.348976,7659100
2015-11-10,92.099998,93.500000,91.839996,93.230003,58.924149,6823100
2015-11-11,93.389999,93.709999,91.860001,92.190002,58.266830,6085300
2015-11-12,90.750000,91.150002,89.250000,89.860001,56.794182,8951300
2015-11-13,89.570000,89.970001,88.190002,88.680000,56.048416,7676600
2015-11-16,87.790001,91.470001,87.790001,91.449997,58.505039,10101100
2015-11-17,91.269997,92.500000,90.699997,91.029999,58.236347,7575800
2015-11-18,91.440002,92.750000,91.029999,92.209999,58.991268,6886900
2015-11-19,92.029999,92.370003,90.430000,90.830002,58.108387,6096700
2015-11-20,90.639999,91.309998,88.809998,89.010002,56.944054,8561400
2015-11-23,88.650002,90.440002,88.110001,90.010002,57.583805,6889600
2015-11-24,90.190002,92.300003,89.800003,91.349998,58.441074,8549000
2015-11-25,90.709999,91.320000,90.160004,90.870003,58.133991,5419300
2015-11-27,90.250000,90.839996,90.050003,90.370003,57.814106,2547800
2015-11-30,90.639999,91.959999,90.440002,91.320000,58.421867,12179400
2015-12-01,90.970001,92.650002,90.970001,92.480003,59.163979,6975500
2015-12-02,92.599998,92.690002,90.029999,90.250000,57.737339,11830700
2015-12-03,90.809998,91.419998,88.360001,88.849998,56.841679,10996800
2015-12-04,87.900002,89.820000,86.489998,89.709999,57.391861,13170200
2015-12-07,87.480003,87.940002,84.900002,87.279999,55.837303,15378900
2015-12-08,85.809998,88.000000,84.250000,86.440002,55.299896,13397500
2015-12-09,86.669998,90.139999,86.300003,87.599998,56.042007,14675800
2015-12-10,88.000000,90.459999,87.610001,89.300003,57.129570,14534800
2015-12-11,87.849998,87.910004,86.089996,86.440002,55.299896,13186900
2015-12-14,86.300003,89.589996,85.410004,89.330002,57.148758,12430700
2015-12-15,90.580002,93.400002,90.550003,92.760002,59.343113,19158500
2015-12-16,92.580002,93.820000,90.809998,93.440002,59.778130,16917900
2015-12-17,93.500000,94.000000,90.400002,90.540001,57.922859,14082500
2015-12-18,90.059998,91.269997,89.300003,89.809998,57.455841,20167200
2015-12-21,90.400002,90.699997,88.209999,89.239998,57.091202,12852300
2015-12-22,89.120003,90.790001,88.300003,90.269997,57.750141,9661700
2015-12-23,92.199997,93.849998,91.570000,93.809998,60.014832,11172800
2015-12-24,93.949997,93.949997,92.010002,92.050003,58.888897,4998700
2015-12-28,90.309998,90.720001,89.690002,90.360001,57.807709,6800000
2015-12-29,91.889999,92.580002,91.070000,91.250000,58.377098,6471200
2015-12-30,90.099998,90.980003,89.889999,90.089996,57.634987,5600200
2015-12-31,89.379997,90.860001,89.019997,89.959999,57.551815,6988700
2016-01-04,89.529999,90.110001,87.570000,88.849998,56.841679,11397300
2016-01-05,89.050003,89.650002,87.839996,89.610001,57.327896,7883400
2016-01-06,87.440002,87.779999,85.160004,86.070000,55.063190,14511400
2016-01-07,84.550003,85.750000,82.669998,83.019997,53.111954,15368800
2016-01-08,83.389999,83.839996,81.220001,82.129997,52.542572,11891600
2016-01-11,82.849998,82.970001,79.769997,80.769997,51.672523,14366400
2016-01-12,82.199997,82.400002,79.690002,82.150002,52.555382,13477500
2016-01-13,83.160004,84.250000,80.010002,81.330002,52.030781,15550100
2016-01-14,81.949997,86.169998,80.949997,85.470001,54.679340,16433400
2016-01-15,81.639999,83.809998,80.870003,83.669998,53.527794,17870300
2016-01-19,84.169998,84.750000,80.790001,81.510002,52.145927,13155600
2016-01-20,79.980003,80.309998,75.330002,78.980003,50.527386,26151100
2016-01-21,78.800003,81.650002,78.019997,81.050003,51.851662,16107800
2016-01-22,84.459999,85.190002,81.720001,83.540001,53.444637,15724600
2016-01-25,82.290001,84.290001,80.800003,80.889999,51.749294,12370300
2016-01-26,81.970001,84.500000,81.349998,84.120003,53.815689,12191400
2016-01-27,83.949997,86.099998,82.360001,83.290001,53.284683,12380600
2016-01-28,85.750000,86.690002,83.699997,85.919998,54.967220,13017400
2016-01-29,84.050003,86.709999,82.949997,86.470001,55.319088,20248900
2016-02-01,85.150002,86.089996,84.239998,85.290001,54.564186,10958300
2016-02-02,82.709999,83.040001,80.959999,81.239998,51.973202,13326200
2016-02-03,82.389999,84.629997,79.849998,84.620003,54.135548,13964100
2016-02-04,84.589996,86.190002,83.830002,84.790001,54.244328,12825000
2016-02-05,83.940002,84.290001,82.260002,82.879997,53.022392,15090100
2016-02-08,81.760002,86.699997,81.099998,85.989998,55.012001,17712800
2016-02-09,85.080002,85.790001,82.169998,82.919998,53.047981,12605600
2016-02-10,82.769997,83.900002,81.500000,83.040001,53.124741,12110300
2016-02-11,81.599998,83.660004,80.639999,82.989998,53.092762,12741400
2016-02-12,83.800003,85.580002,83.199997,85.430000,54.653740,9835100
2016-02-16,85.230003,85.389999,83.309998,84.809998,54.945301,10631500
2016-02-17,85.410004,88.660004,85.019997,88.309998,57.212811,12710500
2016-02-18,88.750000,89.250000,86.610001,86.730003,56.189186,9517800
2016-02-19,86.330002,86.540001,84.800003,86.500000,56.040180,9783300
2016-02-22,86.500000,89.839996,86.500000,88.820000,57.543221,10299900
2016-02-23,88.389999,88.480003,84.699997,84.910004,55.010094,10655800
2016-02-24,83.330002,85.489998,82.900002,85.269997,55.243320,9775200
2016-02-25,85.669998,85.709999,83.739998,85.300003,55.262722,9452600
2016-02-26,86.970001,87.099998,84.279999,84.349998,54.647263,9369900
2016-02-29,84.940002,85.199997,83.070000,83.440002,54.057716,11549600
2016-03-01,84.120003,86.529999,83.370003,86.129997,55.800453,11614700
2016-03-02,85.400002,87.180000,84.400002,87.139999,56.454819,9637600
2016-03-03,87.000000,87.570000,86.050003,87.529999,56.707474,8526100
2016-03-04,87.419998,88.620003,86.699997,87.930000,56.966633,9328600
2016-03-07,87.940002,90.760002,87.550003,90.669998,58.741764,12784300
2016-03-08,90.379997,91.080002,88.330002,88.739998,57.491379,10508400
2016-03-09,89.699997,94.639999,89.470001,92.820000,60.134678,19323100
2016-03-10,92.790001,93.949997,92.019997,93.940002,60.860260,12090900
2016-03-11,94.949997,96.139999,93.379997,94.580002,61.274906,14098800
2016-03-14,93.570000,94.830002,93.089996,94.260002,61.067589,6898900
2016-03-15,93.150002,94.400002,92.250000,94.269997,61.074066,7006300
2016-03-16,94.720001,96.139999,93.720001,95.400002,61.806171,9969200
2016-03-17,96.250000,97.739998,95.290001,96.889999,62.771477,10679400
2016-03-18,97.849998,97.910004,95.860001,97.690002,63.289768,14436300
2016-03-21,97.019997,97.540001,95.910004,96.440002,62.479935,8040100
2016-03-22,95.750000,96.910004,95.320000,95.500000,61.870956,7567100
2016-03-23,94.720001,94.809998,93.040001,93.589996,60.633518,10302800
2016-03-24,92.540001,94.940002,92.250000,94.849998,61.449825,8159100
2016-03-28,94.900002,95.080002,94.000000,94.680000,61.339703,5054000
2016-03-29,93.790001,95.389999,92.940002,95.320000,61.754322,6616600
2016-03-30,96.349998,96.690002,95.160004,95.250000,61.708969,6182900
2016-03-31,95.190002,96.199997,94.949997,95.400002,61.806171,5943900
2016-04-01,93.690002,94.779999,93.320000,94.260002,61.067589,7555900
2016-04-04,94.440002,94.480003,93.040001,93.430000,60.529869,6552000
2016-04-05,93.000000,93.349998,92.430000,92.669998,60.037483,6662000
2016-04-06,93.150002,95.000000,92.820000,94.839996,61.443359,6836400
2016-04-07,94.370003,95.029999,94.080002,94.790001,61.410984,6817700
2016-04-08,96.250000,96.870003,95.760002,96.330002,62.408707,7108500
2016-04-11,96.870003,97.300003,95.150002,95.239998,61.702484,6644200
2016-04-12,95.690002,97.940002,95.430000,97.510002,63.173164,8783400
2016-04-13,97.800003,97.910004,97.029999,97.599998,63.231461,6406800
2016-04-14,97.650002,98.269997,97.360001,97.980003,63.477661,6162200
2016-04-15,97.709999,97.800003,96.959999,97.230003,62.991753,6551600
2016-04-18,97.230003,98.760002,95.519997,98.699997,63.944088,7770200
2016-04-19,99.000000,100.529999,98.160004,100.500000,65.110283,10584800
2016-04-20,100.080002,102.540001,99.839996,101.690002,65.881233,10150500
2016-04-21,101.639999,102.800003,101.110001,101.400002,65.693329,8278600
2016-04-22,101.739998,102.500000,101.500000,102.010002,66.088539,5754000
2016-04-25,101.470001,101.769997,100.830002,101.510002,65.764610,6612100
2016-04-26,102.050003,102.980003,101.709999,102.290001,66.269928,5650700
2016-04-27,102.900002,103.940002,102.379997,103.849998,67.280609,8383600
2016-04-28,103.129997,104.260002,102.050003,102.400002,66.341209,7598000
2016-04-29,101.139999,102.629997,100.610001,102.180000,66.198669,8826900
2016-05-02,101.830002,103.849998,101.800003,103.309998,66.930756,6844500
2016-05-03,102.260002,102.349998,101.050003,101.320000,65.641510,7033600
2016-05-04,101.059998,102.300003,100.389999,100.589996,65.168556,7444100
2016-05-05,101.849998,102.599998,100.860001,101.419998,65.706276,6474300
2016-05-06,100.839996,102.699997,100.839996,101.860001,65.991364,5966800
2016-05-09,101.620003,101.800003,99.080002,100.349998,65.013092,9342100
2016-05-10,100.639999,101.290001,100.410004,101.269997,65.609123,6698100
2016-05-11,101.239998,101.739998,100.150002,101.139999,65.524902,6850700
2016-05-12,102.150002,102.419998,101.080002,102.120003,66.159805,6532400
2016-05-13,101.629997,102.040001,100.360001,100.739998,65.265739,5665200
2016-05-16,101.870003,102.599998,101.400002,102.290001,66.269928,6779400
2016-05-17,101.070000,102.180000,100.339996,100.750000,65.962227,7028000
2016-05-18,100.900002,101.269997,99.440002,100.059998,65.510475,5927500
2016-05-19,99.260002,100.080002,98.519997,99.849998,65.372971,6241100
2016-05-20,100.300003,100.400002,99.489998,99.790001,65.333694,4707100
2016-05-23,99.180000,100.129997,99.070000,99.379997,65.065262,4231200
2016-05-24,99.940002,100.760002,99.620003,100.190002,65.595596,4383300
2016-05-25,100.820000,101.980003,100.820000,101.769997,66.630013,5428200
2016-05-26,101.849998,102.370003,100.970001,101.500000,66.453270,4147200
2016-05-27,101.379997,102.110001,100.870003,102.019997,66.793701,5008900
2016-05-31,102.150002,102.279999,100.570000,101.000000,66.125923,8141800
2016-06-01,100.239998,101.379997,99.889999,101.129997,66.210983,4815200
2016-06-02,100.400002,100.570000,99.720001,100.529999,65.818199,6714100
2016-06-03,100.650002,101.139999,100.000000,100.660004,65.903313,4957800
2016-06-06,101.339996,102.040001,100.919998,101.169998,66.237198,5948200
2016-06-07,101.839996,103.699997,101.610001,103.320000,67.644836,9807000
2016-06-08,103.550003,104.080002,102.669998,103.089996,67.494247,6318100
2016-06-09,102.040001,103.129997,102.029999,102.809998,67.310921,4247500
2016-06-10,102.470001,102.970001,101.260002,101.980003,66.767532,8108400
2016-06-13,101.500000,103.099998,101.379997,102.099998,66.846085,6360100
2016-06-14,101.760002,102.050003,100.519997,101.279999,66.309235,6924000
2016-06-15,100.629997,101.639999,100.250000,100.629997,65.883667,5627000
2016-06-16,99.970001,101.260002,98.769997,101.070000,66.171730,8043000
2016-06-17,101.440002,101.739998,100.400002,101.570000,66.499092,8762200
2016-06-20,102.879997,103.400002,102.599998,102.610001,67.179993,6627000
2016-06-21,102.690002,103.449997,102.269997,103.239998,67.592461,4938700
2016-06-22,103.500000,103.550003,102.190002,102.290001,66.970474,4866400
2016-06-23,103.449997,104.449997,103.070000,104.440002,68.378120,5593600
2016-06-24,101.459999,103.010002,101.169998,101.900002,66.715141,11481400
2016-06-27,101.250000,101.400002,99.519997,100.360001,65.706886,8248700
2016-06-28,101.220001,102.000000,100.639999,101.629997,66.538376,7171100
2016-06-29,102.519997,104.680000,102.300003,103.419998,67.710327,8887500
2016-06-30,103.559998,105.000000,103.279999,104.830002,68.633446,7649700
2016-07-01,104.779999,104.879997,103.779999,104.150002,68.188232,6117800
2016-07-05,103.500000,103.870003,102.849998,103.570000,67.808502,7766600
2016-07-06,103.260002,104.599998,102.459999,104.580002,68.469780,6166900
2016-07-07,104.889999,105.000000,102.139999,103.050003,67.468048,7707400
2016-07-08,103.879997,104.970001,103.000000,104.769997,68.594185,9043600
2016-07-11,104.809998,106.000000,104.800003,105.389999,69.000099,7206100
2016-07-12,106.300003,107.300003,106.180000,106.779999,69.910133,8377200
2016-07-13,106.779999,107.199997,105.860001,106.650002,69.825005,5959900
2016-07-14,107.199997,107.580002,106.430000,106.699997,69.857765,4750900
2016-07-15,107.330002,107.540001,106.389999,107.029999,70.073822,6164300
2016-07-18,106.669998,106.750000,106.019997,106.089996,69.458382,4931500
2016-07-19,105.980003,106.269997,105.650002,106.040001,69.425652,4630800
2016-07-20,105.930000,106.129997,105.000000,105.589996,69.131035,6802000
2016-07-21,105.400002,105.849998,104.870003,105.389999,69.000099,5701000
2016-07-22,105.680000,106.000000,105.199997,105.660004,69.176857,5255400
2016-07-25,104.860001,105.110001,102.779999,103.070000,67.481140,7784000
2016-07-26,102.570000,103.160004,102.080002,102.680000,67.225815,6101100
2016-07-27,102.680000,103.320000,101.800003,102.260002,66.950851,5412200
2016-07-28,102.089996,102.220001,100.980003,101.790001,66.643127,8226200
2016-07-29,100.529999,102.660004,99.849998,102.480003,67.094856,10157600
2016-08-01,101.330002,102.099998,98.620003,99.110001,64.888496,11550600
2016-08-02,99.519997,100.070000,97.910004,99.589996,65.202774,9752700
2016-08-03,99.650002,100.639999,99.290001,100.610001,65.870560,6611700
2016-08-04,100.279999,101.080002,100.000000,100.389999,65.726540,6088100
2016-08-05,100.989998,101.070000,99.720001,100.510002,65.805084,6710500
2016-08-08,100.989998,101.680000,100.720001,101.199997,66.256836,5447500
2016-08-09,101.849998,102.000000,100.769997,101.320000,66.335419,4957300
2016-08-10,101.650002,101.809998,99.940002,100.139999,65.562851,5081300
2016-08-11,100.650002,101.860001,100.389999,101.400002,66.387772,4836600
2016-08-12,101.739998,102.330002,101.260002,102.160004,66.885368,5199000
2016-08-15,102.610001,103.059998,102.419998,102.769997,67.284744,4886300
2016-08-16,102.769997,102.930000,102.330002,102.620003,67.186546,5384300
2016-08-17,101.500000,102.300003,101.019997,102.220001,67.629799,5311600
2016-08-18,102.629997,103.599998,102.059998,103.550003,68.509766,6944400
2016-08-19,103.070000,103.129997,102.120003,102.320000,67.695992,5057200
2016-08-22,101.750000,102.400002,101.239998,101.940002,67.444550,5494900
2016-08-23,102.029999,102.169998,101.500000,101.680000,67.272552,4929700
2016-08-24,101.400002,102.290001,101.279999,102.199997,67.616577,5178300
2016-08-25,102.290001,102.290001,101.529999,101.889999,67.411476,4490100
2016-08-26,102.110001,102.480003,100.860001,101.320000,67.034363,4776200
2016-08-29,101.239998,102.230003,101.000000,102.050003,67.517357,4026900
2016-08-30,102.050003,102.629997,101.370003,101.699997,67.285789,3712800
2016-08-31,101.199997,101.330002,99.919998,100.580002,66.544777,6249100
2016-09-01,100.349998,100.580002,99.470001,100.209999,66.299980,6045000
2016-09-02,100.889999,101.459999,100.260002,100.930000,66.776344,4676600
2016-09-06,101.209999,102.610001,100.970001,102.430000,67.768745,5429000
2016-09-07,102.750000,103.050003,102.239998,102.879997,68.066467,5284300
2016-09-08,103.339996,104.349998,102.470001,104.120003,68.886871,5788800
2016-09-09,103.349998,103.410004,101.230003,101.269997,67.001274,7808700
2016-09-12,101.199997,102.550003,100.570000,102.250000,67.649666,8149100
2016-09-13,101.650002,101.650002,99.169998,99.430000,65.783928,9300400
2016-09-14,99.120003,99.949997,98.169998,98.419998,65.115707,8201400
2016-09-15,98.500000,100.389999,98.430000,99.500000,65.830261,6701600
2016-09-16,98.330002,98.809998,97.529999,97.839996,64.731956,12725600
2016-09-19,98.330002,98.849998,97.989998,98.040001,64.864296,6182000
2016-09-20,98.169998,98.480003,97.680000,97.699997,64.639336,5771900
2016-09-21,98.349998,99.690002,98.250000,99.629997,65.916237,6361600
2016-09-22,100.519997,100.750000,99.839996,99.980003,66.147812,5416700
2016-09-23,99.339996,100.550003,98.870003,99.220001,65.644997,7396800
2016-09-26,99.489998,100.279999,98.660004,98.779999,65.353874,5781800
2016-09-27,98.239998,99.660004,97.790001,98.980003,65.486198,6476100
2016-09-28,99.519997,102.279999,98.750000,102.150002,67.583496,10190900
2016-09-29,102.000000,102.269997,100.480003,101.269997,67.001274,8148400
2016-09-30,101.830002,103.599998,101.230003,102.919998,68.092941,9431500
2016-10-03,102.550003,102.830002,101.910004,102.449997,67.781998,4334700
2016-10-04,102.709999,102.919998,100.760002,101.269997,67.001274,6505400
2016-10-05,101.989998,102.870003,101.750000,102.230003,67.636421,5912800
2016-10-06,102.320000,102.699997,101.339996,102.180000,67.603340,4362900
2016-10-07,102.500000,103.470001,102.190002,102.269997,67.662910,5844500
2016-10-10,103.209999,104.419998,103.209999,103.980003,68.794273,5982700
2016-10-11,103.779999,104.099998,102.680000,103.040001,68.172348,5337300
2016-10-12,102.739998,102.830002,101.599998,102.150002,67.583496,4935100
2016-10-13,101.489998,101.720001,99.610001,100.790001,66.683693,7883000
2016-10-14,101.480003,101.959999,100.610001,101.080002,66.875587,5114700
2016-10-17,100.940002,101.489998,100.620003,101.360001,67.060822,4540800
2016-10-18,101.989998,102.250000,101.120003,101.790001,67.345314,4720900
2016-10-19,102.470001,103.699997,102.239998,102.269997,67.662910,5905700
2016-10-20,101.639999,102.220001,100.690002,101.870003,67.398262,4820900
2016-10-21,101.059998,101.559998,100.629997,101.300003,67.021164,5622400
2016-10-24,101.559998,101.580002,100.059998,100.660004,66.597702,6077300
2016-10-25,100.750000,101.669998,100.519997,100.769997,66.670471,4730700
2016-10-26,100.320000,101.529999,99.870003,101.190002,66.948364,6353700
2016-10-27,101.510002,101.980003,99.919998,99.919998,66.108101,9897800
2016-10-28,101.120003,105.029999,100.949997,103.820000,68.688385,17435400
2016-10-31,103.820000,105.459999,103.779999,104.750000,69.303680,12340800
2016-11-01,105.510002,106.739998,105.449997,106.480003,70.448288,12755600
2016-11-02,105.650002,106.050003,104.250000,105.389999,69.727127,8405200
2016-11-03,105.529999,106.190002,104.949997,105.389999,69.727127,5703200
2016-11-04,105.250000,105.489998,104.379997,104.779999,69.323532,7085400
2016-11-07,106.000000,106.980003,105.779999,106.849998,70.693085,7333800
2016-11-08,106.570000,108.190002,106.419998,107.290001,70.984184,8050000
2016-11-09,106.040001,108.260002,105.690002,107.639999,71.215744,9161800
2016-11-10,107.540001,108.500000,107.239998,107.790001,71.314987,8739500
2016-11-11,107.480003,107.650002,105.940002,106.639999,70.554123,7939500
2016-11-14,106.150002,106.730003,105.589996,106.589996,70.521042,7656000
2016-11-15,107.489998,109.059998,107.400002,108.959999,72.089081,12156500
2016-11-16,108.199997,109.000000,107.739998,108.349998,72.403122,7723700
2016-11-17,109.000000,110.099998,107.589996,108.120003,72.249466,6638100
2016-11-18,108.570000,109.669998,108.150002,109.199997,72.971130,6815500
2016-11-21,110.360001,111.000000,110.070000,110.180000,73.626022,8476800
2016-11-22,110.790001,111.000000,109.309998,110.620003,73.920036,6440500
2016-11-23,110.400002,111.470001,110.040001,111.000000,74.173996,4472700
2016-11-25,110.540001,111.220001,110.120003,111.000000,74.173996,3238600
2016-11-28,110.949997,111.570000,110.379997,110.500000,73.839836,6406700
2016-11-29,109.099998,109.720001,108.400002,109.339996,73.064674,7461900
2016-11-30,112.050003,112.980003,111.300003,111.559998,74.548164,17301900
2016-12-01,112.790001,114.910004,112.529999,113.290001,75.704208,11792300
2016-12-02,113.199997,113.809998,112.279999,113.000000,75.510429,6167400
2016-12-05,113.389999,114.480003,113.029999,113.250000,75.677490,6909800
2016-12-06,112.389999,113.489998,112.209999,112.760002,75.350037,6033600
2016-12-07,113.040001,114.480003,112.820000,114.440002,76.472679,6434100
2016-12-08,114.730003,115.400002,114.199997,115.169998,76.960495,5519700
2016-12-09,114.989998,115.989998,114.970001,115.809998,77.388176,5771600
2016-12-12,117.769997,118.989998,116.570000,117.150002,78.283592,10044700
2016-12-13,117.900002,118.309998,116.029999,117.419998,78.464027,8644200
2016-12-14,116.709999,117.879997,115.760002,115.959999,77.488396,7878400
2016-12-15,115.629997,117.389999,115.360001,117.050003,78.216766,7458300
2016-12-16,117.839996,118.580002,117.419998,118.080002,78.905045,13752300
2016-12-19,118.370003,118.449997,117.419998,117.650002,78.617714,5772500
2016-12-20,117.849998,118.629997,117.669998,117.949997,78.818176,4319100
2016-12-21,118.339996,119.000000,117.860001,117.910004,78.791443,5024600
2016-12-22,117.940002,118.989998,117.769997,118.769997,79.366142,4992500
2016-12-23,118.410004,118.699997,118.050003,118.419998,79.132248,2682900
2016-12-27,118.500000,118.900002,118.110001,118.220001,78.998619,2986900
2016-12-28,118.309998,118.860001,117.750000,117.910004,78.791443,4086700
2016-12-29,118.010002,118.419998,117.480003,117.820000,78.731285,3214500
2016-12-30,117.440002,118.239998,117.309998,117.699997,78.651131,5020500
2017-01-03,118.379997,119.000000,116.589996,117.849998,78.751350,7404800
2017-01-04,118.410004,118.650002,117.599998,117.820000,78.731285,6679900
2017-01-05,118.000000,118.480003,116.720001,117.309998,78.390495,5928600
2017-01-06,117.449997,117.580002,116.379997,116.839996,78.076408,4762500
2017-01-09,116.290001,116.360001,115.110001,115.839996,77.408203,6891800
2017-01-10,115.559998,116.389999,114.889999,114.959999,76.820168,6184400
2017-01-11,115.150002,116.449997,114.860001,115.930000,77.468346,6158200
2017-01-12,116.500000,116.989998,115.410004,116.160004,77.622047,4940000
2017-01-13,115.860001,116.879997,115.610001,116.379997,77.769051,4953000
2017-01-17,116.400002,116.769997,116.110001,116.279999,77.702209,4669700
2017-01-18,115.680000,116.040001,115.400002,115.940002,77.475044,4855300
2017-01-19,115.889999,115.959999,115.290001,115.580002,77.234467,3427800
2017-01-20,116.320000,116.750000,115.339996,115.599998,77.247833,6730900
2017-01-23,115.120003,115.959999,114.989998,115.389999,77.107498,5104100
2017-01-24,115.849998,117.110001,115.610001,116.370003,77.762383,5024400
2017-01-25,116.900002,117.430000,116.339996,117.239998,78.343742,5276800
2017-01-26,117.500000,117.820000,116.500000,116.550003,77.882668,6937300
2017-01-27,113.529999,114.699997,112.849998,113.790001,76.038338,11698900
2017-01-30,113.150002,113.800003,110.720001,111.820000,74.721901,8252900
2017-01-31,111.889999,112.199997,110.760002,111.349998,74.407845,7951000
2017-02-01,111.199997,111.779999,110.839996,111.000000,74.173996,5889300
2017-02-02,111.169998,112.239998,110.709999,112.209999,74.982521,6289000
2017-02-03,112.410004,114.279999,112.139999,113.570000,75.891319,6623500
2017-02-06,113.279999,113.500000,112.449997,112.980003,75.497070,5637300
2017-02-07,112.980003,113.099998,111.110001,111.389999,74.434563,6038400
2017-02-08,111.129997,111.790001,110.320000,111.580002,74.561531,5188800
2017-02-09,111.580002,112.629997,111.580002,112.260002,75.015945,4607800
2017-02-10,112.750000,113.449997,112.370003,113.050003,75.543854,6194300
2017-02-13,113.360001,113.989998,113.050003,113.910004,76.118530,4858500
2017-02-14,112.680000,113.070000,111.779999,112.519997,75.909370,5811200
2017-02-15,112.209999,113.239998,112.209999,112.570000,75.943115,7048100
2017-02-16,112.989998,112.989998,110.430000,110.680000,74.668053,9478200
2017-02-17,110.419998,110.570000,109.269997,110.330002,74.431976,8111000
2017-02-21,110.730003,112.309998,110.599998,111.720001,75.369690,6619100
2017-02-22,111.190002,111.779999,110.309998,110.379997,74.465675,5732000
2017-02-23,111.339996,111.830002,110.750000,111.019997,74.897446,8659700
2017-02-24,110.900002,111.019997,109.470001,110.120003,74.290268,6189400
2017-02-27,110.650002,112.269997,110.370003,111.750000,75.389908,7275800
2017-02-28,111.660004,112.760002,111.489998,112.500000,75.895889,7030200
2017-03-01,112.919998,114.389999,112.879997,113.879997,76.826897,7353800
2017-03-02,113.669998,114.269997,113.309998,113.360001,76.476074,5892500
2017-03-03,113.360001,113.889999,113.209999,113.550003,76.604248,4905600
2017-03-06,113.250000,113.500000,112.669998,113.169998,76.347900,4731900
2017-03-07,113.540001,113.879997,111.690002,111.809998,75.430405,6660300
2017-03-08,111.680000,111.919998,109.400002,109.610001,73.946213,9071600
2017-03-09,109.309998,110.169998,108.510002,110.040001,74.236305,7247400
2017-03-10,111.400002,111.410004,109.440002,110.610001,74.620842,6560300
2017-03-13,110.510002,110.809998,109.309998,109.349998,73.770821,6369300
2017-03-14,108.470001,108.570000,107.120003,107.360001,72.428299,9935700
2017-03-15,108.080002,108.980003,107.540001,108.879997,73.453720,9472100
2017-03-16,108.809998,108.879997,107.440002,107.860001,72.765633,8894700
2017-03-17,108.000000,108.419998,107.680000,107.680000,72.644173,14353400
2017-03-20,107.269997,107.849998,107.019997,107.660004,72.630676,5301900
2017-03-21,108.059998,108.230003,107.400002,108.040001,72.887047,7406300
2017-03-22,107.650002,108.849998,107.519997,108.389999,73.123161,8106800
2017-03-23,108.290001,108.860001,107.750000,107.870003,72.772354,5451200
2017-03-24,107.930000,108.419998,107.699997,107.989998,72.853310,6339900
2017-03-27,107.000000,107.349998,105.820000,106.279999,71.699692,6479400
2017-03-28,106.279999,107.739998,106.120003,107.169998,72.300102,6331500
2017-03-29,106.949997,108.080002,106.879997,108.070000,72.907303,4919900
2017-03-30,108.150002,108.680000,107.199997,107.779999,72.711639,6797700
2017-03-31,107.699997,108.139999,107.050003,107.370003,72.435036,6159000
2017-04-03,107.220001,107.970001,106.379997,107.800003,72.725128,5800900
2017-04-04,107.879997,108.720001,107.010002,108.660004,73.305321,4687400
2017-04-05,109.650002,110.669998,108.559998,108.639999,73.291817,6398800
2017-04-06,109.120003,109.650002,108.750000,109.290001,73.730331,3934500
2017-04-07,109.379997,109.580002,108.669998,108.860001,73.440269,4889400
2017-04-10,109.120003,110.199997,108.970001,109.430000,73.824791,4812100
2017-04-11,109.529999,109.540001,108.059998,108.970001,73.514442,3956500
2017-04-12,109.360001,109.360001,108.449997,108.970001,73.514442,5053300
2017-04-13,108.639999,108.739998,105.930000,106.099998,71.578247,6894800
2017-04-17,106.169998,106.480003,105.650002,106.169998,71.625481,5278800
2017-04-18,105.809998,106.680000,105.320000,105.680000,71.294914,4252700
2017-04-19,105.889999,106.139999,103.830002,104.230003,70.316719,6667900
2017-04-20,104.400002,105.690002,104.360001,104.879997,70.755203,4988100
2017-04-21,104.800003,105.430000,104.290001,104.889999,70.761948,5432600
2017-04-24,105.790001,106.410004,105.370003,105.930000,71.463608,4538200
2017-04-25,106.300003,106.970001,106.180000,106.730003,72.003288,4619000
2017-04-26,106.400002,107.480003,105.970001,106.080002,71.564751,6687400
2017-04-27,105.959999,105.980003,104.669998,105.470001,71.153244,5781800
2017-04-28,107.050003,107.599998,105.989998,106.699997,71.983040,6848400
2017-05-01,106.260002,106.730003,105.760002,105.919998,71.456841,4955500
2017-05-02,106.110001,106.529999,105.089996,105.360001,71.079063,5112200
2017-05-03,105.360001,107.260002,105.129997,106.720001,71.996529,5663000
2017-05-04,106.239998,106.330002,104.139999,104.809998,70.707985,8039900
2017-05-05,104.919998,105.889999,104.699997,105.790001,71.369118,5060000
2017-05-08,105.930000,106.720001,105.820000,106.680000,71.969566,5175100
2017-05-09,106.510002,106.750000,104.820000,105.080002,70.890144,5024000
2017-05-10,105.820000,106.830002,105.540001,106.500000,71.848106,5582800
2017-05-11,107.080002,107.080002,105.629997,106.209999,71.652473,4632100
2017-05-12,106.059998,106.290001,105.480003,105.959999,71.483818,4488200
2017-05-15,107.150002,107.709999,106.680000,106.849998,72.084236,6647500
2017-05-16,107.570000,107.660004,106.940002,107.250000,72.354088,5001400
2017-05-17,106.169998,106.269997,104.620003,104.699997,71.352287,6384300
2017-05-18,104.550003,105.680000,103.839996,105.169998,71.672585,5618100
2017-05-19,105.519997,106.519997,105.169998,106.519997,72.592590,8383500
2017-05-22,107.089996,107.089996,105.750000,106.120003,72.320000,4491100
2017-05-23,106.070000,106.559998,105.980003,106.269997,72.422241,3457100
2017-05-24,106.099998,106.360001,105.730003,106.220001,72.388153,3457200
2017-05-25,106.099998,106.709999,104.720001,105.110001,71.631699,5293800
2017-05-26,105.050003,105.290001,104.599998,104.720001,71.365921,3752500
2017-05-30,104.349998,104.709999,103.750000,104.059998,70.916153,4288000
2017-05-31,103.550003,103.889999,103.070000,103.480003,70.520866,8037900
2017-06-01,103.690002,104.279999,103.430000,104.269997,71.059250,4769400
2017-06-02,103.820000,103.940002,102.769997,103.110001,70.268730,5864000
2017-06-05,102.800003,103.580002,102.629997,103.190002,70.323219,4523300
2017-06-06,103.110001,104.449997,102.760002,104.169998,70.991081,4683900
2017-06-07,103.970001,104.430000,102.550003,103.769997,70.718506,7197100
2017-06-08,103.769997,104.739998,103.440002,104.000000,70.875252,6493600
2017-06-09,104.010002,106.489998,104.010002,106.400002,72.510826,6595600
2017-06-12,106.400002,108.430000,106.400002,108.040001,73.628471,8690600
2017-06-13,108.339996,108.489998,107.160004,108.129997,73.689804,6099700
2017-06-14,107.910004,107.989998,105.739998,106.599998,72.647133,6202300
2017-06-15,106.500000,106.800003,105.870003,106.330002,72.463120,5441400
2017-06-16,106.940002,108.360001,106.209999,108.349998,73.839752,11633900
2017-06-19,108.309998,108.379997,107.139999,107.459999,73.233170,4577800
2017-06-20,106.250000,106.599998,105.379997,106.480003,72.565346,5171200
2017-06-21,105.889999,106.900002,103.919998,104.489998,71.209167,6989400
2017-06-22,104.480003,105.139999,104.040001,104.449997,71.181915,4197400
2017-06-23,104.250000,105.419998,104.239998,105.000000,71.556747,5773300
2017-06-26,105.029999,105.190002,104.029999,104.139999,70.970642,3602500
2017-06-27,104.730003,104.889999,104.029999,104.070000,70.922928,4170300
2017-06-28,104.430000,104.900002,104.040001,104.279999,71.066055,4162300
2017-06-29,104.379997,105.150002,104.050003,104.120003,70.957039,4288600
2017-06-30,104.529999,104.720001,103.889999,104.330002,71.100121,5497000
2017-07-03,104.239998,106.959999,104.239998,106.300003,72.442680,4419100
2017-07-05,105.989998,106.300003,104.269997,104.620003,71.297768,4482700
2017-07-06,104.669998,105.129997,103.709999,103.820000,70.752579,5084800
2017-07-07,103.589996,103.760002,102.809998,103.489998,70.527679,6457000
2017-07-10,103.440002,103.580002,102.599998,103.040001,70.221008,4629000
2017-07-11,103.150002,103.500000,102.550003,103.120003,70.275528,4322400
2017-07-12,104.000000,104.750000,103.470001,103.889999,70.800262,3978100
2017-07-13,103.800003,104.209999,103.459999,104.129997,70.963821,4439100
2017-07-14,104.379997,104.639999,103.730003,104.440002,71.175117,3644300
2017-07-17,104.320000,104.970001,104.080002,104.209999,71.018349,5572400
2017-07-18,104.599998,104.599998,103.510002,103.720001,70.684418,4339400
2017-07-19,103.559998,104.480003,103.510002,104.459999,71.188713,4932000
2017-07-20,105.000000,105.370003,103.820000,104.629997,71.304565,5367800
2017-07-21,104.180000,104.379997,103.150002,103.250000,70.364120,5304100
2017-07-24,103.180000,103.570000,102.919998,103.199997,70.330048,4080400
2017-07-25,104.449997,105.150002,104.320000,104.389999,71.141014,7093800
2017-07-26,104.629997,106.080002,104.199997,105.120003,71.638527,5881400
2017-07-27,104.879997,106.320000,104.610001,106.110001,72.313194,5888400
2017-07-28,106.709999,109.129997,106.360001,108.120003,73.682999,7812600
2017-07-31,108.389999,110.000000,108.150002,109.190002,74.412186,7561200
2017-08-01,109.540001,110.970001,109.419998,110.779999,75.495781,8162900
2017-08-02,110.389999,111.199997,109.849998,110.459999,75.277702,6212300
2017-08-03,110.230003,110.449997,109.050003,109.430000,74.575745,5605400
2017-08-04,109.430000,110.199997,109.430000,110.110001,75.039146,4643500
2017-08-07,109.809998,110.290001,109.580002,109.779999,74.814262,4762800
2017-08-08,110.000000,110.709999,109.769997,110.349998,75.202705,4107300
2017-08-09,110.739998,111.410004,110.260002,110.889999,75.570740,3966800
2017-08-10,111.230003,111.440002,110.029999,110.110001,75.039146,4950700
2017-08-11,110.199997,110.489998,109.129997,109.230003,74.439468,3383000
2017-08-14,109.260002,109.820000,108.320000,108.709999,74.085083,4286100
2017-08-15,108.750000,108.900002,107.529999,108.570000,73.989647,5310700
2017-08-16,107.629997,107.919998,106.690002,106.839996,73.542244,4186600
2017-08-17,106.610001,106.870003,105.910004,105.919998,72.908966,5870300
2017-08-18,105.839996,107.339996,105.500000,106.480003,73.294441,5467400
2017-08-21,106.480003,106.480003,105.300003,105.779999,72.812614,3560400
2017-08-22,105.989998,106.919998,105.809998,106.360001,73.211861,5630900
2017-08-23,106.209999,107.059998,106.110001,106.610001,73.383926,4185800
2017-08-24,106.500000,107.669998,106.330002,107.440002,73.955261,5059700
2017-08-25,107.820000,108.709999,107.519997,108.230003,74.499054,4384200
2017-08-28,108.540001,108.589996,107.269997,107.760002,74.175529,3681600
2017-08-29,107.430000,108.050003,107.040001,107.860001,74.244354,3230600
2017-08-30,107.580002,107.839996,107.099998,107.730003,74.154892,3126000
2017-08-31,108.000000,108.230003,107.500000,107.620003,74.079140,5508200
2017-09-01,107.680000,109.160004,107.510002,108.760002,74.863869,3660300
2017-09-05,109.360001,110.260002,108.699997,109.440002,75.331924,5198500
2017-09-06,110.000000,112.230003,109.800003,111.790001,76.949524,8577300
2017-09-07,112.180000,112.870003,111.360001,111.800003,76.956398,5937800
2017-09-08,111.589996,111.750000,110.529999,110.779999,76.254318,4033100
2017-09-11,111.830002,112.570000,111.519997,112.519997,77.452003,5973400
2017-09-12,112.820000,112.949997,111.860001,112.489998,77.431374,5110100
2017-09-13,112.489998,114.320000,112.279999,114.180000,78.594658,5889400
2017-09-14,114.260002,115.339996,114.180000,114.449997,78.780518,5819100
2017-09-15,114.830002,114.910004,113.629997,114.629997,78.904396,8387600
2017-09-18,114.419998,115.220001,114.320000,115.190002,79.289879,4954600
2017-09-19,115.250000,116.419998,115.190002,116.339996,80.081482,6188000
2017-09-20,116.500000,117.150002,116.199997,116.370003,80.102127,5378200
2017-09-21,116.220001,116.519997,115.830002,116.470001,80.170952,4334500
2017-09-22,116.410004,117.830002,116.269997,117.290001,80.735390,5307100
2017-09-25,117.230003,118.330002,117.019997,117.989998,81.217232,5980300
2017-09-26,117.790001,118.029999,117.250000,117.519997,80.893715,4874700
2017-09-27,117.459999,117.599998,116.769997,117.449997,80.845543,3926800
2017-09-28,117.169998,118.129997,117.019997,117.620003,80.962547,4949000
2017-09-29,117.169998,117.519997,116.730003,117.500000,80.879951,4874800
2017-10-02,116.419998,117.790001,115.529999,117.430000,80.831764,4285600
2017-10-03,117.080002,118.250000,117.010002,117.820000,81.100220,3892200
2017-10-04,117.820000,117.870003,117.129997,117.580002,80.935005,3443400
2017-10-05,117.449997,118.690002,117.330002,118.580002,81.623344,5470900
2017-10-06,117.949997,118.150002,116.800003,117.029999,80.556435,3533300
2017-10-09,117.339996,118.080002,117.010002,117.709999,81.024498,2951900
2017-10-10,118.400002,119.820000,118.290001,118.800003,81.774788,5683100
2017-10-11,119.209999,119.519997,118.580002,119.330002,82.139610,3926100
2017-10-12,118.489998,119.650002,118.309998,119.139999,82.008827,3929700
2017-10-13,119.790001,120.000000,119.070000,119.160004,82.022598,4640100
2017-10-16,119.839996,120.889999,119.430000,120.129997,82.690285,5500700
2017-10-17,120.230003,120.739998,119.830002,120.220001,82.752235,4844300
2017-10-18,119.400002,120.019997,117.989998,118.150002,81.327377,5505100
2017-10-19,118.059998,118.739998,117.949997,118.199997,81.361801,4576600
2017-10-20,118.610001,118.779999,118.070000,118.639999,81.664650,4924300
2017-10-23,118.720001,119.300003,118.449997,118.930000,81.864265,3872400
2017-10-24,119.480003,119.919998,119.070000,119.230003,82.070770,4472400
2017-10-25,119.000000,119.440002,118.150002,118.440002,81.526978,4553100
2017-10-26,118.779999,119.000000,118.139999,118.440002,81.526978,4092900
2017-10-27,116.129997,116.400002,112.570000,113.540001,78.154121,14534100
2017-10-30,113.169998,115.099998,112.839996,114.389999,78.739204,7517800
2017-10-31,114.449997,116.379997,113.820000,115.889999,79.771706,7154800
2017-11-01,116.300003,116.970001,115.349998,115.900002,79.778610,5030300
2017-11-02,116.209999,116.470001,114.709999,115.330002,79.386238,4329600
2017-11-03,115.480003,115.750000,114.730003,114.989998,79.152222,4101800
2017-11-06,115.370003,117.160004,114.989998,117.040001,80.563316,5950300
2017-11-07,117.379997,118.000000,116.480003,117.239998,80.700981,5219500
2017-11-08,116.779999,117.150002,115.900002,116.669998,80.308632,5092800
2017-11-09,115.900002,117.500000,115.620003,117.239998,80.700981,5103300
2017-11-10,116.709999,117.309998,116.099998,117.180000,80.659668,5156900
2017-11-13,117.220001,117.769997,116.680000,117.230003,80.694092,4279200
2017-11-14,116.820000,117.260002,116.250000,116.919998,80.480698,6996500
2017-11-15,116.209999,117.230003,116.070000,116.449997,80.157173,5372600
2017-11-16,115.250000,115.820000,114.379997,114.570000,79.601357,5888700
2017-11-17,114.669998,114.989998,113.900002,114.709999,79.698616,4337500
2017-11-20,114.769997,115.029999,114.440002,114.720001,79.705589,4634200
2017-11-21,115.139999,115.860001,114.919998,115.169998,80.018227,4596000
2017-11-22,115.489998,116.779999,115.320000,115.910004,80.532372,3951000
2017-11-24,116.550003,116.849998,116.309998,116.510002,80.949242,1744200
2017-11-27,115.849998,116.029999,115.239998,115.589996,80.310036,4490300
2017-11-28,115.919998,116.809998,115.739998,116.449997,80.907570,4004700
2017-11-29,116.199997,117.250000,115.830002,117.180000,81.414757,3661000
2017-11-30,117.260002,119.150002,117.230003,118.989998,82.672310,7896600
2017-12-01,119.809998,120.459999,118.519997,119.510002,83.033585,6831800
2017-12-04,119.809998,122.300003,119.370003,120.839996,83.957657,7366400
2017-12-05,120.540001,121.400002,120.150002,120.389999,83.644981,4380700
2017-12-06,119.989998,120.879997,119.519997,119.610001,83.103088,4852500
2017-12-07,119.500000,120.099998,118.959999,119.629997,83.116966,4908500
2017-12-08,119.959999,120.239998,119.099998,119.919998,83.318481,4122200
2017-12-11,120.290001,121.110001,120.120003,120.419998,83.665855,5929700
2017-12-12,119.809998,120.739998,119.559998,119.680000,83.151718,4300200
2017-12-13,119.430000,120.169998,118.680000,119.930000,83.325409,4399800
2017-12-14,119.809998,120.279999,119.500000,119.529999,83.047493,3736900
2017-12-15,120.440002,120.470001,119.510002,119.730003,83.186447,11226900
2017-12-18,119.919998,121.290001,119.620003,119.699997,83.165604,4654100
2017-12-19,120.320000,120.750000,119.510002,119.839996,83.262863,4599300
2017-12-20,120.279999,121.300003,119.650002,120.889999,83.992401,6286700
2017-12-21,121.389999,125.349998,121.070000,124.820000,86.722878,10109000
2017-12-22,124.849998,125.650002,124.570000,124.980003,86.834068,4735100
2017-12-26,125.230003,126.139999,125.050003,125.980003,87.528847,3348500
2017-12-27,125.959999,126.199997,125.129997,125.550003,87.230087,3452300
2017-12-28,125.690002,125.889999,125.290001,125.580002,87.250916,2191800
2017-12-29,125.360001,125.980003,125.190002,125.190002,86.979965,3829000
2018-01-02,125.709999,127.739998,125.540001,127.580002,88.640488,5626000
2018-01-03,127.459999,128.940002,126.900002,128.509995,89.286636,5805500
2018-01-04,127.949997,128.350006,127.220001,128.110001,89.008751,4598300
2018-01-05,127.970001,128.100006,127.099998,127.900002,88.862823,4189200
2018-01-08,127.860001,128.630005,127.629997,128.529999,89.300537,4826100
2018-01-09,128.429993,128.940002,127.790001,127.839996,88.821152,4422300
2018-01-10,128.309998,128.759995,127.800003,128.660004,89.390869,5292200
2018-01-11,128.919998,133.320007,128.759995,132.570007,92.107483,11641300
2018-01-12,132.190002,133.850006,132.110001,133.600006,92.823090,7232900
2018-01-16,133.669998,133.880005,131.600006,132.009995,91.718376,6254200
2018-01-17,132.190002,132.800003,130.960007,132.360001,91.961586,5632700
2018-01-18,132.350006,132.500000,131.029999,131.589996,91.426567,5890000
2018-01-19,131.830002,132.000000,130.210007,131.300003,91.225105,6048900
2018-01-22,131.300003,132.559998,131.279999,132.559998,92.100510,5248800
2018-01-23,132.380005,132.559998,130.729996,131.020004,91.030563,5747300
2018-01-24,131.380005,132.669998,131.070007,131.389999,91.287643,6868200
2018-01-25,131.759995,131.869995,130.339996,130.649994,90.773483,4597200
2018-01-26,130.710007,131.750000,130.369995,131.190002,91.148659,6310500
2018-01-29,130.059998,131.580002,128.320007,128.479996,89.265800,6350700
2018-01-30,127.610001,128.009995,125.190002,125.230003,87.007744,8084000
2018-01-31,125.419998,125.820000,124.050003,125.349998,87.091133,9626800
2018-02-01,125.599998,125.629997,124.059998,125.570000,87.243988,7844500
2018-02-02,123.949997,123.949997,117.639999,118.580002,82.387451,13182600
2018-02-05,116.989998,118.300003,108.019997,112.620003,78.246529,15414700
2018-02-06,111.199997,117.629997,110.760002,117.180000,81.414757,18416300
2018-02-07,117.400002,119.269997,115.230003,115.290001,80.101593,11535700
2018-02-08,115.169998,115.889999,112.209999,112.300003,78.024208,9927500
2018-02-09,113.339996,114.620003,109.500000,113.500000,78.857948,10922400
2018-02-12,114.800003,115.849998,112.910004,113.980003,79.191444,8358200
2018-02-13,113.339996,113.610001,111.860001,113.290001,78.712036,7065900
2018-02-14,112.500000,114.050003,111.400002,113.629997,78.948250,7031900
2018-02-15,112.860001,113.019997,110.839996,112.529999,78.962303,5405000
2018-02-16,112.349998,112.940002,111.209999,112.139999,78.688652,5950400
2018-02-20,112.279999,112.760002,110.580002,110.980003,77.874672,6810900
2018-02-21,111.139999,112.059998,109.059998,109.059998,76.527420,6892300
2018-02-22,109.550003,111.440002,108.900002,109.889999,77.109802,8176700
2018-02-23,110.459999,112.739998,110.250000,112.589996,79.004395,6460200
2018-02-26,113.180000,114.660004,112.849998,114.599998,80.414818,7405800
2018-02-27,114.870003,116.050003,113.610001,113.610001,79.720154,6059700
2018-02-28,115.019997,115.459999,111.879997,111.919998,78.534264,7441000
2018-03-01,111.529999,113.900002,110.970001,112.040001,78.618454,7516700
2018-03-02,111.500000,112.180000,109.830002,111.639999,78.337784,6607300
2018-03-05,111.400002,113.330002,111.019997,113.150002,79.397362,7814900
2018-03-06,113.849998,115.519997,113.019997,113.650002,79.748222,7957900
2018-03-07,112.949997,115.080002,112.629997,113.839996,79.881531,6660000
2018-03-08,114.599998,114.750000,112.599998,113.349998,79.537689,6095100
2018-03-09,114.309998,117.389999,114.239998,117.220001,82.253281,8833300
2018-03-12,117.500000,118.349998,116.559998,116.790001,81.951553,6877000
2018-03-13,117.230003,118.180000,116.000000,116.459999,81.719978,6793100
2018-03-14,116.980003,117.449997,114.860001,115.129997,80.786736,5051000
2018-03-15,115.360001,116.209999,114.750000,115.580002,81.102486,4519700
2018-03-16,115.400002,116.190002,114.559998,115.400002,80.976166,14909400
2018-03-19,115.070000,115.230003,113.220001,113.889999,79.916618,4803500
2018-03-20,114.550003,115.699997,114.440002,114.500000,80.344658,4587200
2018-03-21,114.980003,118.110001,114.800003,117.040001,82.126961,6829600
2018-03-22,115.550003,115.739998,113.480003,113.699997,79.783295,6297200
2018-03-23,114.370003,115.769997,112.699997,112.980003,79.278084,6227200
2018-03-26,114.239998,115.589996,113.250000,115.349998,80.941093,6868700
2018-03-27,115.750000,116.860001,113.980003,114.660004,80.456932,5530800
2018-03-28,114.930000,115.260002,112.059998,112.099998,78.660576,6985300
2018-03-29,112.290001,114.430000,112.279999,114.040001,80.021858,6627800
2018-04-02,113.889999,114.389999,110.540001,112.239998,78.758812,6228600
2018-04-03,112.519997,114.980003,112.089996,114.830002,80.576210,6717300
2018-04-04,113.050003,114.790001,112.430000,114.480003,80.330627,5727200
2018-04-05,114.879997,117.889999,114.699997,117.290001,82.302399,7204900
2018-04-06,116.379997,117.010002,113.389999,114.760002,80.527107,7094500
2018-04-09,115.300003,117.169998,114.879997,115.980003,81.383163,6933800
2018-04-10,117.599998,119.830002,117.599998,118.849998,83.397041,7612800
2018-04-11,118.690002,119.379997,117.750000,119.250000,83.677711,6246800
2018-04-12,119.709999,120.669998,118.650002,119.230003,83.663696,6702000
2018-04-13,119.519997,120.790001,119.220001,119.919998,84.147888,5508100
2018-04-16,120.599998,121.709999,119.769997,120.699997,84.695183,4598000
2018-04-17,120.940002,122.000000,120.559998,121.459999,85.228485,6488300
2018-04-18,122.459999,124.889999,122.400002,123.820000,86.884491,9132500
2018-04-19,123.970001,125.000000,123.209999,123.709999,86.807312,7159400
2018-04-20,123.379997,123.459999,121.459999,122.309998,85.824913,7561200
2018-04-23,122.000000,123.610001,121.800003,123.580002,86.716080,6113100
2018-04-24,124.360001,125.040001,121.750000,122.540001,85.986328,7980500
2018-04-25,122.339996,122.900002,121.120003,122.720001,86.112625,5331100
2018-04-26,122.669998,124.300003,122.300003,124.220001,87.165169,6268400
2018-04-27,125.500000,127.050003,124.680000,126.620003,88.849258,8836600
2018-04-30,127.019997,127.900002,125.050003,125.110001,87.789688,7631600
2018-05-01,124.029999,124.919998,123.080002,124.860001,87.614250,7093700
2018-05-02,124.199997,126.470001,124.089996,125.489998,88.056343,5909100
2018-05-03,124.589996,126.120003,123.830002,126.010002,88.421242,6727700
2018-05-04,125.209999,126.839996,124.709999,125.529999,88.084404,5403100
2018-05-07,126.589996,128.399994,124.440002,124.940002,87.670403,6999700
2018-05-08,124.930000,126.750000,123.629997,126.570000,88.814171,8937000
2018-05-09,128.419998,130.419998,128.089996,128.720001,90.322823,11442700
2018-05-10,129.690002,129.779999,128.389999,128.820007,90.393005,5446000
2018-05-11,129.389999,130.759995,128.520004,129.839996,91.108734,8092300
2018-05-14,130.250000,131.080002,129.800003,130.389999,91.494667,6212400
2018-05-15,130.240005,130.270004,129.250000,129.740005,91.038582,5201700
2018-05-16,129.289993,129.720001,128.300003,129.559998,90.912254,5405100
2018-05-17,128.759995,129.570007,128.380005,129.460007,91.634247,5241600
2018-05-18,128.919998,129.149994,127.800003,127.860001,90.501717,6385800
2018-05-21,128.789993,129.410004,128.270004,129.369995,91.570534,5081200
2018-05-22,129.089996,130.389999,128.100006,128.229996,90.763603,5444200
2018-05-23,127.089996,128.789993,126.550003,128.699997,91.096283,6017200
2018-05-24,127.400002,127.400002,125.849998,126.610001,89.616936,5906200
2018-05-25,124.540001,124.760002,121.220001,122.190002,86.488373,8936600
2018-05-29,121.099998,122.430000,120.059998,121.389999,85.922134,7385700
2018-05-30,122.650002,125.669998,122.339996,125.160004,88.590599,7125300
2018-05-31,124.080002,124.820000,123.459999,124.300003,87.981873,7460700
2018-06-01,125.489998,125.550003,123.430000,123.849998,87.663383,5749900
2018-06-04,124.529999,125.410004,122.169998,122.260002,86.537949,5760500
2018-06-05,122.010002,123.709999,121.550003,122.730003,86.870628,5672600
2018-06-06,123.120003,123.690002,122.059998,123.379997,87.330688,6213400
2018-06-07,124.540001,127.980003,124.410004,126.959999,89.864685,8607200
2018-06-08,127.120003,127.379997,125.680000,126.440002,89.496635,5108800
2018-06-11,126.769997,128.190002,125.860001,127.559998,90.289375,6085100
2018-06-12,127.639999,128.380005,126.330002,127.080002,89.949623,4543000
2018-06-13,126.809998,127.820000,126.089996,127.070000,89.942558,6317900
2018-06-14,127.379997,127.959999,126.379997,126.510002,89.546158,5056800
2018-06-15,127.099998,127.120003,123.839996,124.040001,87.797844,13223800
2018-06-18,124.349998,126.980003,124.099998,125.970001,89.163933,7696800
2018-06-19,124.320000,125.889999,123.879997,125.540001,88.859581,5947800
2018-06-20,126.120003,126.459999,124.300003,125.290001,88.682632,7980700
2018-06-21,124.500000,124.589996,122.160004,122.589996,86.771523,7290800
2018-06-22,125.410004,126.570000,124.820000,125.099998,88.548141,8535200
2018-06-25,124.430000,124.639999,121.930000,122.610001,86.785660,5801900
2018-06-26,123.029999,124.610001,122.570000,124.160004,87.882805,4592800
2018-06-27,125.150002,127.419998,125.059998,126.000000,89.185181,6339500
2018-06-28,126.540001,126.860001,125.000000,125.660004,88.944504,3814800
2018-06-29,125.739998,127.730003,125.739998,126.430000,89.489540,5669700
2018-07-02,125.279999,125.290001,123.559998,124.250000,87.946510,5073500
2018-07-03,125.459999,126.690002,124.550003,124.730003,88.286263,3919600
2018-07-05,126.110001,126.250000,123.820000,123.980003,87.755402,5926900
2018-07-06,123.519997,124.519997,123.190002,124.139999,87.868614,4020000
2018-07-09,125.000000,126.279999,124.690002,125.989998,89.178101,4602200
2018-07-10,127.330002,128.509995,126.750000,127.589996,90.310608,5092100
2018-07-11,126.230003,126.680000,122.970001,123.519997,87.429787,6631800
2018-07-12,124.440002,124.949997,123.589996,124.260002,87.953590,3745200
2018-07-13,124.199997,124.879997,123.629997,124.040001,87.797844,3352800
2018-07-16,123.010002,123.879997,121.879997,122.980003,87.047562,4317800
2018-07-17,122.360001,122.959999,121.800003,121.910004,86.290215,4135200
2018-07-18,121.239998,121.669998,119.669998,121.529999,86.021225,6061300
2018-07-19,121.099998,122.139999,121.010002,121.669998,86.120323,4471400
2018-07-20,121.250000,122.349998,121.010002,122.269997,86.545013,5394700
2018-07-23,122.349998,123.070000,121.160004,121.330002,85.879669,5359400
2018-07-24,121.870003,124.160004,121.860001,123.849998,87.663383,4423500
2018-07-25,123.620003,125.230003,123.269997,124.900002,88.406578,4278800
2018-07-26,124.699997,125.379997,123.800003,123.949997,87.734123,5544100
2018-07-27,122.790001,127.040001,122.080002,125.970001,89.163933,7580900
2018-07-30,126.760002,128.410004,126.220001,127.830002,90.480476,5729300
2018-07-31,128.000000,128.550003,126.129997,126.269997,89.376274,5894400
2018-08-01,125.309998,125.919998,124.750000,125.389999,88.753395,4661000
2018-08-02,124.440002,124.809998,123.300003,123.760002,87.599648,4639600
2018-08-03,124.150002,124.250000,123.330002,124.050003,87.804924,5299400
2018-08-06,124.419998,124.940002,123.540001,124.300003,87.981873,4455900
2018-08-07,125.540001,125.699997,124.750000,125.180000,88.604774,4542000
2018-08-08,124.519997,124.790001,123.320000,123.879997,87.684601,5957200
2018-08-09,123.959999,124.370003,122.260002,122.529999,86.729042,5218300
2018-08-10,122.169998,123.519997,121.500000,123.339996,87.302391,6128000
2018-08-13,123.309998,123.680000,122.260002,122.440002,86.665359,4360000
2018-08-14,122.919998,123.650002,122.000000,122.580002,86.764442,3622200
2018-08-15,121.699997,121.730003,117.430000,117.940002,83.480164,9476700
2018-08-16,117.699997,118.309998,117.180000,117.660004,84.080444,5455200
2018-08-17,118.150002,118.580002,117.089996,117.800003,84.180489,6112900
2018-08-20,118.000000,118.320000,117.330002,117.750000,84.144745,5403600
2018-08-21,118.379997,118.930000,117.790001,117.940002,84.280518,4875800
2018-08-22,118.540001,119.459999,118.419998,118.919998,84.980827,3636900
2018-08-23,118.389999,118.820000,117.699997,118.099998,84.394867,3962500
2018-08-24,118.900002,119.540001,118.720001,119.010002,85.045135,4415400
2018-08-27,119.360001,120.480003,119.169998,120.349998,86.002708,3901900
2018-08-28,120.599998,121.339996,119.750000,119.860001,85.652550,4685700
2018-08-29,120.000000,120.830002,119.879997,120.220001,85.909828,4101700
2018-08-30,120.080002,120.430000,119.550003,119.809998,85.616821,3353000
2018-08-31,119.400002,119.400002,118.089996,118.459999,84.652107,5287000
2018-09-04,118.930000,119.629997,118.349998,118.870003,84.945091,4590900
2018-09-05,118.059998,118.940002,117.260002,118.919998,84.980827,4619400
2018-09-06,117.889999,118.510002,115.139999,115.230003,82.343925,8191100
2018-09-07,114.519997,115.349998,113.389999,114.599998,81.893707,6637800
2018-09-10,115.430000,115.720001,114.379997,114.480003,81.807953,5870900
2018-09-11,114.339996,115.739998,113.760002,115.019997,82.193863,5605300
2018-09-12,116.419998,117.489998,115.760002,115.790001,82.744102,5067800
2018-09-13,116.010002,116.519997,115.080002,116.300003,83.108559,6297700
2018-09-14,116.430000,117.610001,116.349998,117.379997,83.880310,4947800
2018-09-17,117.610001,118.680000,117.279999,117.510002,83.973221,5560200
2018-09-18,118.500000,118.900002,117.980003,118.129997,84.416260,4966300
2018-09-19,118.330002,120.040001,118.120003,119.510002,85.402428,4855300
2018-09-20,120.190002,121.320000,119.110001,119.419998,85.338135,5846700
2018-09-21,119.910004,121.260002,119.410004,121.129997,86.560089,13703600
2018-09-24,121.910004,122.980003,121.570000,122.620003,87.624870,6534100
2018-09-25,123.500000,124.239998,122.940002,123.370003,88.160797,5396400
2018-09-26,122.989998,123.419998,121.739998,121.949997,87.146080,4231400
2018-09-27,122.160004,123.000000,121.709999,122.470001,87.517685,4533400
2018-09-28,121.989998,123.209999,121.760002,122.279999,87.381874,5202900
2018-10-01,123.110001,124.879997,123.110001,124.389999,88.889694,5348200
2018-10-02,125.070000,125.760002,124.320000,124.739998,89.139824,5445400
2018-10-03,125.129997,125.839996,124.779999,125.309998,89.547150,4479500
2018-10-04,124.790001,125.589996,124.190002,124.949997,89.289886,4824300
2018-10-05,124.930000,125.900002,124.739998,125.330002,89.561440,4318000
2018-10-08,124.050003,125.459999,123.830002,124.839996,89.211281,6267700
2018-10-09,125.510002,127.440002,125.070000,126.820000,90.626198,6797900
2018-10-10,127.230003,127.599998,122.459999,122.599998,87.610565,6504400
2018-10-11,122.430000,122.430000,117.540001,118.430000,84.630676,8589900
2018-10-12,119.529999,119.680000,116.180000,117.769997,84.159012,7450700
2018-10-15,117.699997,118.860001,116.910004,116.940002,83.565895,6047300
2018-10-16,117.089996,117.680000,116.339996,117.510002,83.973221,4846100
2018-10-17,117.209999,117.690002,116.019997,117.290001,83.816017,6978700
2018-10-18,117.419998,118.139999,116.050003,117.470001,83.944649,7391600
2018-10-19,117.370003,119.260002,117.370003,118.139999,84.423439,7944400
2018-10-22,118.099998,118.489998,116.480003,117.209999,83.758865,5644900
2018-10-23,115.720001,115.720001,112.050003,113.400002,81.036201,8095300
2018-10-24,113.720001,114.180000,110.070000,110.209999,78.756599,8035200
2018-10-25,111.360001,113.400002,110.430000,111.580002,79.735626,5734000
2018-10-26,110.629997,112.470001,109.660004,111.529999,79.699898,8035500
2018-10-29,112.040001,112.070000,107.540001,108.930000,77.841934,8598300
2018-10-30,109.620003,111.150002,108.150002,110.849998,79.213951,7523800
2018-10-31,111.709999,112.500000,111.050003,111.650002,79.785652,7429800
2018-11-01,111.769997,111.989998,110.099998,111.169998,79.442635,10572000
2018-11-02,114.849998,117.110001,113.120003,114.730003,81.986626,9890400
2018-11-05,116.620003,119.669998,116.599998,118.940002,84.995110,8758700
2018-11-06,118.760002,119.430000,117.849998,118.900002,84.966530,5273200
2018-11-07,120.000000,121.120003,119.019997,120.870003,86.374290,4848800
2018-11-08,120.650002,121.870003,118.959999,119.360001,85.295250,9532400
2018-11-09,118.220001,120.370003,117.370003,119.510002,85.402428,6565700
2018-11-12,120.900002,121.370003,117.169998,117.389999,83.887489,10550800
2018-11-13,117.300003,117.879997,115.040001,115.349998,82.429680,6846200
2018-11-14,116.879997,117.790001,114.940002,115.720001,82.694084,6783500
2018-11-15,113.660004,117.080002,112.720001,116.949997,84.389809,7218100
2018-11-16,117.500000,119.269997,117.269997,119.059998,85.912361,6706900
2018-11-19,118.139999,119.480003,117.900002,119.419998,86.172165,5328300
2018-11-20,119.239998,119.500000,115.040001,116.099998,83.776474,7983500
2018-11-21,116.680000,119.190002,116.680000,117.570000,84.837219,5624400
2018-11-23,114.699997,115.220001,112.110001,113.599998,81.972496,5577800
2018-11-26,114.599998,115.440002,114.019997,114.980003,82.968292,6953000
2018-11-27,114.550003,115.660004,114.220001,115.209999,83.134262,6339200
2018-11-28,114.980003,118.279999,114.400002,118.139999,85.248497,6841700
2018-11-29,117.949997,119.730003,117.739998,118.849998,85.760849,6656900
2018-11-30,118.050003,119.209999,117.699997,118.940002,85.825783,6712500
2018-12-03,120.769997,122.430000,120.059998,120.669998,87.074104,8237600
2018-12-04,120.599998,121.089996,117.070000,117.239998,84.599075,8288100
2018-12-06,115.339996,116.139999,113.029999,115.910004,83.639366,10715700
2018-12-07,117.589996,119.699997,115.190002,115.489998,83.336304,9114400
2018-12-10,115.300003,115.959999,111.669998,114.940002,82.939415,7674300
2018-12-11,116.260002,116.620003,113.949997,115.470001,83.321869,5929400
2018-12-12,117.110001,117.720001,115.570000,115.620003,83.430138,7891400
2018-12-13,115.150002,116.320000,114.309998,115.940002,83.661011,7030500
2018-12-14,115.010002,115.809998,113.309998,113.830002,82.138466,6195400
2018-12-17,113.440002,114.970001,111.860001,112.449997,81.142677,7132400
2018-12-18,112.629997,113.239998,108.949997,109.739998,79.187164,9658600
2018-12-19,109.910004,111.989998,107.099998,107.830002,77.808929,10472400
2018-12-20,106.809998,108.070000,104.190002,104.980003,75.752411,11612800
2018-12-21,103.620003,106.940002,102.910004,104.209999,75.196777,19912800
2018-12-24,103.300003,104.150002,100.910004,100.989998,72.873283,5619500
2018-12-26,101.849998,107.389999,100.220001,107.389999,77.491440,10779400
2018-12-27,105.470001,109.330002,104.879997,109.320000,78.884117,10655100
2018-12-28,109.650002,110.360001,108.120003,108.650002,78.400627,6445400
2018-12-31,109.150002,110.239998,107.860001,108.790001,78.501663,6309600
2019-01-02,107.339996,111.680000,107.099998,110.690002,79.872673,6384800
2019-01-03,111.059998,111.290001,108.070000,108.570000,78.342934,6496200
2019-01-04,110.279999,110.989998,109.470001,110.820000,79.966476,7952500
2019-01-07,111.059998,112.930000,109.919998,112.260002,81.005569,5712700
2019-01-08,113.400002,113.790001,111.669998,111.769997,80.652000,5674900
2019-01-09,112.690002,114.000000,112.449997,113.269997,81.734390,7097000
2019-01-10,112.510002,113.629997,111.709999,113.449997,81.864250,6078300
2019-01-11,113.000000,113.050003,111.669998,112.540001,81.207626,4491700
2019-01-14,111.339996,112.339996,111.080002,111.720001,80.615921,6121700
2019-01-15,111.980003,113.070000,111.510002,112.120003,80.904549,4226100
2019-01-16,111.430000,112.320000,111.220001,111.400002,80.384995,5624100
2019-01-17,110.750000,112.290001,110.169998,111.959999,80.789093,4442700
2019-01-18,113.989998,114.650002,113.059998,114.370003,82.528122,9382000
2019-01-22,113.120003,113.449997,111.949997,112.339996,81.063301,7242000
2019-01-23,112.379997,112.669998,110.419998,111.389999,80.377785,6082300
2019-01-24,111.029999,113.820000,110.910004,113.510002,81.907555,8470700
2019-01-25,114.059998,114.779999,112.989998,113.220001,81.698303,6261800
2019-01-28,111.910004,112.570000,111.070000,112.169998,80.940659,6886600
2019-01-29,113.029999,113.349998,111.769997,111.830002,80.695297,5359900
2019-01-30,112.529999,113.650002,111.980003,113.010002,81.546776,7941700
2019-01-31,113.800003,115.410004,113.379997,114.650002,82.730171,11225600
2019-02-01,116.650002,119.250000,116.599998,118.370003,85.414474,10934300
2019-02-04,117.500000,119.750000,116.309998,119.739998,86.403053,7987900
2019-02-05,119.620003,119.860001,118.690002,119.480003,86.215424,6887400
2019-02-06,119.000000,119.589996,118.690002,118.879997,85.782494,4990400
2019-02-07,118.010002,118.510002,116.510002,118.230003,85.313469,7281900
2019-02-08,117.739998,117.889999,115.919998,117.580002,84.844437,5671000
2019-02-11,116.930000,117.360001,116.389999,116.949997,84.389809,4859600
2019-02-12,118.330002,118.870003,117.610001,118.720001,85.667046,5400700
2019-02-13,119.160004,120.389999,118.699997,119.570000,86.280357,5935900
2019-02-14,118.370003,119.529999,117.660004,118.160004,86.120049,5406500
2019-02-15,119.620003,119.860001,118.589996,119.349998,86.987358,6209800
2019-02-19,118.900002,119.860001,118.459999,119.309998,86.958199,4277800
2019-02-20,119.309998,120.720001,119.000000,120.279999,87.665192,5940600
2019-02-21,120.070000,120.320000,118.389999,119.139999,86.834297,5139400
2019-02-22,120.279999,120.459999,118.849998,119.389999,87.016518,4517600
2019-02-25,119.410004,120.419998,119.370003,119.620003,87.184151,5196600
2019-02-26,119.809998,120.970001,119.680000,119.940002,87.417381,5445600
2019-02-27,120.290001,121.290001,119.889999,120.080002,87.519417,5289800
2019-02-28,120.000000,120.160004,118.489998,119.580002,87.154976,6406500
2019-03-01,120.389999,122.040001,120.169998,122.029999,88.940643,7743600
2019-03-04,122.669998,122.839996,120.550003,122.120003,89.006248,7499500
2019-03-05,121.870003,123.349998,121.589996,123.290001,89.859016,7345200
2019-03-06,123.169998,124.699997,122.300003,123.529999,90.033913,7599900
2019-03-07,123.419998,123.500000,121.699997,121.940002,88.875069,7201100
2019-03-08,120.099998,121.930000,119.199997,121.620003,88.641830,7014100
2019-03-11,122.870003,124.199997,122.750000,123.620003,90.099503,6088600
2019-03-12,123.839996,124.959999,123.379997,123.900002,90.303589,6184300
2019-03-13,124.599998,124.930000,123.900002,124.669998,90.864807,4707000
2019-03-14,124.760002,125.459999,124.480003,124.599998,90.813782,5146400
2019-03-15,124.589996,125.419998,124.349998,125.309998,91.331238,10449700
2019-03-18,125.209999,126.129997,125.169998,125.879997,91.746681,5586900
2019-03-19,126.559998,126.919998,124.739998,125.279999,91.309387,5096800
2019-03-20,125.040001,126.339996,124.680000,124.690002,90.879387,6708500
2019-03-21,124.870003,125.959999,124.510002,125.860001,91.732124,5050400
2019-03-22,124.849998,124.900002,122.699997,123.089996,89.713219,5786800
2019-03-25,122.930000,123.349998,122.309998,122.889999,89.567459,3837500
2019-03-26,123.769997,124.910004,123.379997,124.129997,90.471207,4079800
2019-03-27,123.980003,124.480003,122.019997,122.790001,89.494583,3727800
2019-03-28,122.599998,123.160004,122.360001,123.019997,89.662231,4057700
2019-03-29,124.279999,124.470001,122.489998,123.180000,89.778854,5318600
2019-04-01,123.870003,125.269997,123.449997,124.940002,91.061592,5506300
2019-04-02,125.199997,125.440002,124.110001,124.930000,91.054314,4362700
2019-04-03,125.220001,125.349998,123.540001,123.889999,90.296310,3595400
2019-04-04,124.010002,124.830002,123.550003,124.800003,90.959564,3715400
2019-04-05,125.250000,126.639999,125.199997,126.419998,92.140274,5551400
2019-04-08,126.769997,127.339996,126.230003,126.680000,92.329781,5483100
2019-04-09,126.290001,126.290001,125.120003,125.540001,91.498901,4143400
2019-04-10,126.139999,126.570000,125.129997,125.489998,91.462456,3970000
2019-04-11,125.339996,126.260002,124.750000,125.989998,91.826874,3248300
2019-04-12,121.580002,122.000000,119.000000,119.760002,87.286201,42693700
2019-04-15,120.019997,121.019997,119.330002,120.139999,87.563164,13369100
2019-04-16,120.430000,121.320000,120.059998,121.169998,88.313843,11942900
2019-04-17,122.199997,122.540001,120.050003,120.269997,87.657883,11898100
2019-04-18,120.519997,120.820000,119.099998,119.860001,87.359077,9546500
2019-04-22,120.779999,122.010002,120.449997,121.900002,88.845894,7946200
2019-04-23,121.730003,122.279999,121.349998,122.019997,88.933372,9079200
2019-04-24,121.349998,121.430000,118.089996,118.279999,86.207489,22115000
2019-04-25,118.050003,118.699997,117.400002,117.900002,85.930527,10636400
2019-04-26,118.400002,118.500000,115.650002,117.099998,85.347458,11626700
2019-04-29,117.010002,118.110001,116.699997,117.720001,85.799355,9404000
2019-04-30,121.099998,121.919998,119.650002,120.059998,87.504845,21431500
2019-05-01,119.800003,120.139999,117.760002,117.809998,85.864929,10097000
2019-05-02,117.279999,118.480003,116.279999,116.379997,84.822701,9495600
2019-05-03,117.690002,118.550003,117.110001,117.269997,85.471367,7364900
2019-05-06,117.500000,119.839996,117.470001,118.400002,86.294968,11035000
2019-05-07,117.300003,118.269997,116.500000,118.269997,86.200203,9165200
2019-05-08,118.370003,118.480003,117.400002,117.500000,85.638985,6229000
2019-05-09,121.120003,122.320000,119.860001,121.190002,88.328445,16496300
2019-05-10,121.169998,122.269997,119.830002,121.989998,88.911507,8787900
2019-05-13,121.910004,122.260002,120.010002,120.440002,87.781799,7701200
2019-05-14,120.669998,122.250000,120.510002,121.639999,88.656410,6858500
2019-05-15,121.199997,122.489998,120.870003,122.139999,89.020828,6945000
2019-05-16,120.989998,121.550003,120.529999,120.800003,88.910439,8543300
2019-05-17,120.059998,121.110001,119.879997,120.519997,88.704338,6870900
2019-05-20,120.709999,121.209999,120.540001,120.839996,88.939865,4569700
2019-05-21,121.029999,121.940002,120.900002,121.339996,89.307869,4859400
2019-05-22,120.900002,121.440002,120.339996,120.570000,88.741135,5763300
2019-05-23,118.809998,118.870003,116.860001,117.870003,86.753899,11000200
2019-05-24,118.300003,118.930000,117.379997,118.709999,87.372139,4890800
2019-05-28,118.879997,119.320000,118.169998,118.309998,87.077744,8145100
2019-05-29,117.040001,117.360001,115.820000,116.769997,85.944283,7451300
2019-05-30,116.540001,116.739998,114.849998,115.379997,84.921227,5807900
2019-05-31,114.220001,115.199997,113.720001,113.849998,83.795135,6899800
2019-06-03,114.699997,116.099998,114.470001,115.989998,85.370224,6100800
2019-06-04,116.599998,117.680000,116.290001,117.300003,86.334404,5235600
2019-06-05,117.870003,118.029999,116.269997,117.650002,86.592003,5105700
2019-06-06,118.209999,121.160004,118.110001,120.680000,88.822098,7370100
2019-06-07,120.739998,122.120003,120.529999,121.480003,89.410934,5343100
2019-06-10,122.199997,122.760002,121.709999,122.290001,90.007095,5708800
2019-06-11,123.370003,123.500000,121.150002,121.169998,89.182747,5625100
2019-06-12,120.379997,120.580002,119.559998,120.190002,88.461456,4000100
2019-06-13,121.239998,121.889999,120.459999,120.910004,88.991379,3993300
2019-06-14,121.000000,121.160004,120.370003,120.809998,88.917793,3366800
2019-06-17,120.720001,121.839996,120.379997,121.389999,89.344681,4219100
2019-06-18,121.949997,123.870003,121.860001,122.930000,90.478142,4884300
2019-06-19,122.510002,123.480003,122.220001,122.889999,90.448692,3847100
2019-06-20,124.309998,124.699997,123.599998,124.279999,91.471764,7771700
2019-06-21,124.800003,126.199997,124.230003,124.930000,91.950172,14287900
2019-06-24,124.540001,125.379997,124.419998,124.910004,91.935455,5542600
2019-06-25,124.839996,125.110001,123.489998,123.639999,91.000710,4713300
2019-06-26,124.570000,124.879997,123.879997,123.930000,91.214149,5054800
2019-06-27,123.919998,124.199997,122.889999,123.110001,90.610611,3551700
2019-06-28,123.410004,124.480003,123.120003,124.440002,91.589531,7048300
2019-07-01,125.360001,125.839996,124.360001,124.839996,91.883919,5526900
2019-07-02,124.550003,124.720001,122.389999,122.930000,90.478142,5747700
2019-07-03,122.930000,123.370003,122.330002,123.349998,90.787262,2725800
2019-07-05,123.139999,123.739998,122.639999,123.540001,90.927132,3458900
2019-07-08,123.660004,124.089996,123.419998,123.599998,90.971252,3505200
2019-07-09,123.900002,124.139999,123.070000,123.349998,90.787262,3955600
2019-07-10,124.110001,125.620003,124.110001,125.440002,92.325531,4743500
2019-07-11,125.680000,125.680000,124.599998,125.430000,92.318176,3548000
2019-07-12,125.379997,126.250000,125.129997,125.980003,92.722977,3974400
2019-07-15,126.059998,126.400002,125.269997,125.720001,92.531601,3739200
2019-07-16,125.500000,125.779999,124.260002,124.760002,91.825035,4697600
2019-07-17,124.660004,125.279999,124.059998,124.139999,91.368713,3874200
2019-07-18,124.120003,125.050003,123.360001,124.680000,91.766159,5770700
2019-07-19,124.680000,125.410004,124.599998,125.040001,92.031113,4880900
2019-07-22,125.370003,125.750000,124.470001,125.309998,92.229820,3275800
2019-07-23,125.239998,126.220001,124.779999,125.820000,92.605225,4295300
2019-07-24,125.870003,126.940002,125.660004,126.540001,93.135170,4796900
2019-07-25,127.000000,127.000000,125.330002,125.629997,92.465355,4586800
2019-07-26,125.239998,125.250000,123.300003,123.720001,91.059570,6971700
2019-07-29,123.480003,124.639999,123.379997,124.230003,91.434959,4377500
2019-07-30,124.099998,124.750000,123.379997,124.339996,91.515923,3871700
2019-07-31,123.709999,124.690002,122.480003,123.110001,90.610611,7199500
2019-08-01,122.000000,123.750000,120.309998,120.739998,88.866257,7928400
2019-08-02,121.779999,122.540001,117.830002,120.730003,88.858932,9026200
2019-08-05,119.190002,120.550003,117.449997,118.739998,87.394249,8620300
2019-08-06,118.720001,119.529999,117.650002,119.379997,87.865288,6788000
2019-08-07,117.550003,119.800003,116.949997,119.099998,87.659195,6853700
2019-08-08,119.489998,123.330002,119.419998,123.230003,90.698944,8868100
2019-08-09,123.110001,123.889999,121.889999,122.419998,90.102760,5051700
2019-08-12,123.010002,123.139999,120.910004,121.550003,89.462433,3936500
2019-08-13,121.010002,122.699997,120.300003,122.389999,90.080704,5806400
2019-08-14,120.019997,120.589996,117.680000,117.739998,86.658226,7175600
2019-08-15,117.239998,117.839996,115.459999,116.949997,86.076759,6272600
2019-08-16,116.400002,116.650002,115.360001,115.809998,86.113945,6239100
2019-08-19,117.129997,117.820000,116.959999,117.309998,87.229332,6443700
2019-08-20,117.129997,117.190002,115.660004,116.129997,86.351891,5150900
2019-08-21,117.790001,118.220001,117.330002,117.879997,87.653168,4578400
2019-08-22,118.660004,118.739998,117.449997,117.730003,87.541618,4362100
2019-08-23,116.480003,118.059998,114.349998,115.180000,85.645500,7653400
2019-08-26,115.919998,116.220001,115.190002,115.739998,86.061905,3966400
2019-08-27,116.269997,117.029999,115.040001,115.830002,86.128845,4237100
2019-08-28,116.410004,117.199997,115.879997,116.830002,86.872421,4153500
2019-08-29,117.190002,117.839996,116.580002,117.519997,87.385490,4467300
2019-08-30,117.980003,118.980003,117.230003,117.720001,87.534180,4881100
2019-09-03,115.769997,116.330002,114.550003,116.269997,86.456001,5672500
2019-09-04,117.480003,118.540001,117.169998,117.250000,87.184700,4595600
2019-09-05,118.010002,119.070000,117.260002,117.639999,87.474693,5394300
2019-09-06,117.500000,118.440002,117.389999,118.260002,87.935722,4578200
2019-09-09,118.739998,119.629997,118.580002,119.389999,88.775955,5048000
2019-09-10,120.230003,123.290001,119.910004,121.849998,90.605179,8728800
2019-09-11,122.209999,122.980003,120.370003,121.279999,90.181358,5509500
2019-09-12,120.040001,122.180000,119.559998,121.419998,90.285423,5818300
2019-09-13,122.250000,122.320000,121.239998,121.500000,90.344917,4885400
2019-09-16,124.860001,125.269997,122.970001,124.120003,92.293106,10683900
2019-09-17,124.120003,124.620003,122.559998,123.889999,92.122086,7246500
2019-09-18,123.550003,124.209999,123.019997,124.180000,92.337723,4801500
2019-09-19,124.769997,124.970001,123.419998,123.660004,91.951057,4034500
2019-09-20,124.000000,124.820000,123.669998,124.320000,92.441811,10420700
2019-09-23,123.550003,125.000000,123.550003,124.900002,92.873116,4705500
2019-09-24,124.669998,124.720001,123.220001,123.739998,92.010536,6232100
2019-09-25,123.480003,124.150002,122.910004,123.510002,91.839516,3762500
2019-09-26,123.260002,123.500000,120.050003,120.160004,89.348526,7834400
2019-09-27,119.510002,120.250000,118.449997,118.599998,88.188545,6850700
2019-09-30,118.540001,119.419998,118.410004,118.599998,88.188545,6108300
2019-10-01,119.269997,119.459999,115.879997,116.010002,86.262680,7116600
2019-10-02,115.059998,115.110001,111.620003,112.290001,83.496544,9702400
2019-10-03,112.059998,113.190002,110.419998,113.150002,84.136024,5315300
2019-10-04,113.599998,114.000000,112.550003,113.849998,84.656540,4757300
2019-10-07,113.959999,114.750000,113.230003,113.260002,84.217834,4694000
2019-10-08,112.110001,112.750000,111.610001,111.709999,83.065292,5323900
2019-10-09,112.589996,114.510002,112.300003,113.139999,84.128616,4601700
2019-10-10,113.529999,114.790001,113.300003,114.589996,85.206779,3555500
2019-10-11,115.690002,117.029999,115.360001,116.150002,86.366791,5134200
2019-10-14,115.580002,116.389999,115.449997,116.180000,86.389076,2571300
2019-10-15,115.849998,117.620003,115.800003,116.309998,86.485741,3742700
2019-10-16,116.230003,116.660004,115.080002,115.110001,85.593452,3608900
2019-10-17,115.610001,116.059998,114.919998,115.349998,85.771904,3722400
2019-10-18,115.139999,115.580002,114.739998,114.739998,85.318329,5679900
2019-10-21,115.550003,116.750000,115.550003,116.610001,86.708809,3926300
2019-10-22,116.629997,118.559998,116.489998,117.800003,87.593666,4095000
2019-10-23,117.400002,118.019997,116.779999,117.980003,87.727516,4148500
2019-10-24,118.470001,118.809998,117.309998,117.580002,87.430092,3873900
2019-10-25,117.769997,118.849998,117.690002,118.669998,88.240593,3369100
2019-10-28,119.080002,119.510002,117.639999,118.480003,88.099304,5076300
2019-10-29,117.970001,119.070000,117.690002,118.129997,87.839050,4548400
2019-10-30,118.180000,118.180000,115.519997,116.360001,86.522926,4690900
2019-10-31,115.860001,116.360001,115.320000,116.139999,86.359322,7177700
2019-11-01,115.489998,116.620003,114.019997,116.209999,86.411385,7684700
2019-11-04,117.230003,121.870003,117.019997,121.570000,90.396980,10348800
2019-11-05,121.230003,122.449997,120.720001,121.940002,90.672104,6971200
2019-11-06,121.940002,122.139999,119.800003,119.900002,89.155197,6104700
2019-11-07,121.129997,122.000000,120.320000,121.889999,90.634911,5440700
2019-11-08,120.970001,121.199997,120.160004,120.930000,89.921082,4249800
2019-11-11,120.199997,121.389999,120.010002,120.809998,89.831871,3870800
2019-11-12,121.290001,122.050003,120.480003,120.959999,89.943405,4503600
2019-11-13,120.459999,122.410004,120.370003,122.279999,90.924904,5076400
2019-11-14,121.849998,122.940002,121.400002,121.959999,90.686966,4882800
2019-11-15,121.220001,121.389999,120.110001,120.639999,90.589340,5589600
2019-11-18,119.820000,120.000000,118.139999,118.550003,89.019989,4885300
2019-11-19,118.500000,118.800003,116.080002,116.449997,87.443054,8723000
2019-11-20,116.410004,118.080002,116.120003,117.339996,88.111343,5903100
2019-11-21,117.610001,118.949997,117.199997,118.769997,89.185150,5810900
2019-11-22,119.059998,119.699997,118.599998,118.629997,89.080002,4786800
2019-11-25,118.430000,119.220001,117.980003,118.379997,88.892303,7390000
2019-11-26,118.339996,118.559998,117.199997,117.790001,88.449272,10053100
2019-11-27,117.989998,118.610001,117.620003,118.070000,88.659508,4106100
2019-11-29,117.279999,117.820000,116.879997,117.129997,87.953659,3271000
2019-12-02,117.980003,118.070000,116.720001,116.800003,87.705879,5195200
2019-12-03,116.199997,116.699997,115.699997,115.889999,87.022552,6135800
2019-12-04,116.639999,117.300003,116.430000,116.940002,87.810989,5706700
2019-12-05,117.620003,117.739998,116.190002,116.330002,87.352959,5517500
2019-12-06,117.089996,119.290001,116.980003,118.010002,88.614464,6735300
2019-12-09,116.519997,117.889999,116.440002,117.300003,88.081337,4736100
2019-12-10,118.029999,118.089996,117.050003,117.889999,88.524361,4886800
2019-12-11,117.089996,117.660004,116.129997,116.230003,87.277840,7039600
2019-12-12,116.589996,118.889999,116.589996,118.809998,89.215202,6462000
2019-12-13,119.050003,119.540001,117.900002,117.959999,88.576935,4863400
2019-12-16,118.860001,119.470001,118.610001,119.360001,89.628197,5619300
2019-12-17,119.589996,119.889999,118.330002,118.599998,89.057503,6755500
2019-12-18,118.680000,119.639999,118.519997,118.550003,89.019989,7496700
2019-12-19,118.570000,118.739998,117.860001,118.129997,88.704567,6220300
2019-12-20,119.400002,119.940002,118.089996,119.680000,89.868477,12171100
2019-12-23,119.309998,120.400002,119.150002,120.330002,90.356583,5875000
2019-12-24,120.430000,120.779999,120.089996,120.339996,90.364067,1640100
2019-12-26,120.669998,121.419998,120.339996,120.599998,90.559319,3648600
2019-12-27,120.889999,121.290001,120.239998,120.300003,90.334038,4138300
2019-12-30,120.440002,121.339996,119.809998,119.849998,89.996124,4580200
2019-12-31,119.500000,120.629997,119.250000,120.510002,90.491730,4215700
2020-01-02,120.809998,121.629997,120.769997,121.430000,91.182579,5205000
2020-01-03,121.779999,122.720001,120.739998,121.010002,90.867203,6360900
2020-01-06,121.239998,121.669998,120.330002,120.599998,90.559319,9953000
2020-01-07,119.019997,119.730003,117.769997,119.059998,89.402924,7856900
2020-01-08,118.550003,119.089996,117.650002,117.699997,88.381699,7295900
2020-01-09,117.589996,117.919998,116.180000,117.510002,88.239021,7345300
2020-01-10,117.519997,117.690002,116.400002,116.440002,87.435562,6393800
2020-01-13,116.470001,116.910004,116.080002,116.660004,87.600769,6846700
2020-01-14,116.500000,116.879997,115.709999,116.300003,87.330414,7189100
2020-01-15,116.300003,116.410004,115.650002,116.129997,87.202751,5808800
2020-01-16,116.559998,117.279999,116.449997,116.889999,87.773468,7022000
2020-01-17,117.010002,117.290001,115.519997,115.580002,86.789749,7885900
2020-01-21,115.099998,115.150002,113.169998,113.309998,85.085213,8470300
2020-01-22,113.099998,113.529999,112.459999,112.900002,84.777336,5589900
2020-01-23,112.400002,113.489998,111.860001,113.099998,84.927521,8007800
2020-01-24,112.790001,112.980003,111.339996,111.849998,83.988876,6920000
2020-01-27,110.250000,110.830002,109.980003,110.389999,82.892555,7609800
2020-01-28,110.980003,111.620003,110.769997,111.120003,83.440712,5771900
2020-01-29,111.449997,111.839996,110.180000,110.370003,82.877548,4772800
2020-01-30,109.809998,111.580002,109.059998,111.400002,83.650978,8382700
2020-01-31,109.809998,110.000000,106.400002,107.139999,80.452110,13699600
2020-02-03,106.949997,107.250000,105.400002,106.279999,79.806320,8785500
2020-02-04,107.680000,108.339996,106.599998,106.849998,80.234344,9909000
2020-02-05,108.269997,110.650002,108.110001,110.279999,82.809959,6914100
2020-02-06,110.629997,110.669998,109.110001,109.489998,82.216736,6274000
2020-02-07,108.930000,109.440002,108.470001,108.940002,81.803757,4830100
2020-02-10,108.540001,109.800003,108.320000,109.790001,82.442001,6011800
2020-02-11,110.779999,111.370003,110.059998,111.209999,83.508308,6072700
2020-02-12,112.510002,112.599998,111.610001,112.040001,84.131569,5725700
2020-02-13,111.370003,112.330002,111.230003,111.660004,83.846207,5991900
2020-02-14,110.839996,110.970001,109.580002,110.080002,83.625931,5148700
2020-02-18,109.000000,110.269997,108.830002,110.239998,83.747459,4975800
2020-02-19,110.519997,111.099998,109.889999,110.739998,84.127296,5887500
2020-02-20,110.779999,111.070000,109.699997,109.809998,83.420784,4466600
2020-02-21,108.989998,109.190002,107.650002,109.010002,82.813042,6443900
2020-02-24,105.709999,106.959999,104.419998,104.709999,79.546417,9539800
2020-02-25,104.800003,104.919998,100.000000,100.709999,76.507668,12871900
2020-02-26,100.860001,101.610001,98.000000,98.040001,74.479317,11990400
2020-02-27,95.949997,98.199997,94.080002,94.129997,71.508965,15783700
2020-02-28,90.629997,93.440002,90.110001,93.339996,70.908806,20835100
2020-03-02,94.019997,96.680000,92.209999,96.589996,73.377769,15050800
2020-03-03,96.790001,98.480003,93.370003,94.389999,71.706474,16525500
2020-03-04,96.370003,99.019997,95.669998,98.529999,74.851562,14753000
2020-03-05,95.709999,97.389999,94.940002,97.190002,73.833588,12814400
2020-03-06,93.919998,96.059998,93.419998,95.320000,72.412979,16861900
2020-03-09,82.230003,88.010002,80.000000,80.669998,61.283638,30595500
2020-03-10,86.239998,86.300003,81.040001,84.980003,64.557869,22642900
2020-03-11,82.230003,84.839996,81.750000,83.029999,63.076477,18412800
2020-03-12,77.230003,78.129997,72.860001,76.260002,57.933426,25768200
2020-03-13,79.980003,83.500000,74.110001,83.419998,63.372761,23497500
2020-03-16,72.570000,78.489998,69.690002,69.699997,52.949894,17535300
2020-03-17,70.400002,72.980003,65.489998,70.690002,53.702000,22684200
2020-03-18,66.209999,66.230003,54.570000,55.049999,41.820553,24947300
2020-03-19,55.259998,58.490002,51.599998,57.389999,43.598206,29871000
2020-03-20,59.529999,60.650002,56.360001,59.389999,45.117573,26960400
2020-03-23,58.259998,59.400002,52.970001,54.220001,41.190014,23764000
2020-03-24,61.480000,67.650002,60.320000,66.550003,50.556904,29198800
2020-03-25,68.290001,73.139999,66.639999,69.269997,52.623241,22560100
2020-03-26,70.300003,77.099998,67.889999,76.379997,58.024590,24129100
2020-03-27,72.120003,73.540001,68.500000,68.779999,52.250992,20411500
2020-03-30,68.010002,72.930000,67.019997,71.949997,54.659195,18486800
2020-03-31,73.269997,75.040001,70.809998,72.459999,55.046638,18514200
2020-04-01,69.510002,72.290001,67.610001,68.559998,52.083866,14362000
2020-04-02,71.750000,78.699997,69.580002,76.120003,57.827068,23220600
2020-04-03,78.000000,78.989998,73.029999,75.110001,57.059784,14905400
2020-04-06,77.000000,80.949997,75.510002,80.389999,61.070908,17334900
2020-04-07,84.260002,85.690002,80.849998,80.919998,61.473530,16394800
2020-04-08,82.290001,86.300003,81.519997,85.980003,65.317558,12284800
2020-04-09,88.739998,89.910004,81.519997,84.309998,64.048874,17023800
2020-04-13,87.180000,87.360001,83.400002,84.910004,64.504684,13854700
2020-04-14,85.459999,87.080002,84.330002,84.610001,64.276787,14797600
2020-04-15,80.459999,83.379997,79.320000,82.489998,62.666245,13982300
2020-04-16,81.309998,82.190002,78.809998,79.989998,60.767040,12291900
2020-04-17,81.330002,87.500000,81.320000,87.169998,66.221565,16130100
2020-04-20,82.660004,87.000000,82.089996,83.570000,63.486717,15749000
2020-04-21,80.279999,83.790001,79.250000,81.639999,62.020515,19620600
2020-04-22,84.949997,85.250000,82.970001,84.440002,64.147644,10320700
2020-04-23,86.300003,88.779999,85.389999,86.800003,65.940498,14226500
2020-04-24,88.480003,88.790001,85.769997,87.010002,66.100021,9175500
2020-04-27,86.750000,90.620003,85.870003,89.709999,68.151154,12037100
2020-04-28,89.550003,90.959999,88.830002,89.910004,68.303116,10645200
2020-04-29,92.480003,95.139999,92.290001,94.620003,71.881218,12342800
2020-04-30,93.720001,95.739998,90.580002,92.000000,69.890839,12222000
2020-05-01,91.510002,92.050003,87.040001,89.440002,67.946037,13250100
2020-05-04,88.760002,91.620003,87.690002,91.440002,69.465431,11192400
2020-05-05,94.500000,95.300003,92.680000,92.889999,70.566940,13608700
2020-05-06,92.849998,93.459999,89.769997,90.050003,68.409454,11145900
2020-05-07,92.980003,94.059998,91.910004,92.639999,70.377052,9749600
2020-05-08,95.000000,95.559998,94.070000,95.470001,72.526917,8585900
2020-05-11,94.209999,94.599998,93.180000,93.370003,70.931595,7101000
2020-05-12,93.129997,94.029999,91.000000,91.099998,69.207130,8749100
2020-05-13,89.900002,90.000000,87.320000,88.699997,67.383881,12215100
2020-05-14,87.290001,90.930000,86.019997,90.050003,68.409454,10678200
2020-05-15,90.650002,92.059998,88.830002,89.160004,67.733330,10113000
2020-05-18,92.400002,93.400002,91.459999,92.550003,71.340851,12304300
2020-05-19,92.529999,92.629997,89.529999,89.620003,69.082306,7749300
2020-05-20,91.000000,93.470001,90.180000,93.000000,71.687721,9160000
2020-05-21,92.769997,93.370003,91.279999,92.040001,70.947708,8830900
2020-05-22,91.449997,91.599998,89.470001,90.279999,69.591057,8563100
2020-05-26,92.489998,94.339996,92.029999,93.300003,71.918976,9430000
2020-05-27,94.680000,94.690002,92.110001,93.900002,72.381477,7822600
2020-05-28,93.610001,93.900002,90.790001,90.870003,70.045860,9633300
2020-05-29,90.190002,91.889999,89.260002,91.699997,70.685631,17010000
2020-06-01,90.940002,93.849998,90.110001,92.790001,71.525841,7344000
2020-06-02,93.779999,95.220001,93.290001,94.690002,72.990440,7880300
2020-06-03,95.970001,97.730003,95.750000,97.180000,74.909821,8440200
2020-06-04,96.779999,96.889999,95.160004,96.279999,74.216072,6371700
2020-06-05,99.080002,102.050003,99.050003,100.809998,77.707947,12760100
2020-06-08,102.629997,103.589996,100.870003,103.239998,79.581085,11090700
2020-06-09,100.699997,102.930000,99.830002,101.529999,78.262962,10745400
2020-06-10,101.000000,101.500000,97.559998,97.580002,75.218155,10486300
2020-06-11,92.300003,94.190002,89.120003,89.370003,68.889595,14944800
2020-06-12,93.620003,93.650002,90.010002,92.389999,71.217522,9532400
2020-06-15,89.089996,92.080002,88.209999,91.230003,70.323349,12289500
2020-06-16,94.989998,95.580002,91.489998,94.029999,72.481682,8726700
2020-06-17,93.830002,94.000000,91.500000,91.540001,70.562302,6019900
2020-06-18,91.000000,93.230003,90.099998,91.940002,70.870644,7064100
2020-06-19,94.410004,94.410004,90.550003,90.629997,69.860832,14838800
2020-06-22,90.320000,91.690002,89.589996,91.589996,70.600853,5939200
2020-06-23,92.500000,93.089996,91.180000,91.440002,70.485222,6317700
2020-06-24,89.989998,90.129997,86.860001,87.639999,67.556038,8974500
2020-06-25,87.309998,89.510002,87.160004,89.209999,68.766258,7398000
2020-06-26,88.779999,88.830002,86.180000,86.459999,66.646469,13766000
2020-06-29,86.910004,88.570000,86.599998,87.669998,67.579170,7022200
2020-06-30,86.599998,89.989998,86.360001,89.230003,68.781685,8263600
2020-07-01,89.279999,90.769997,87.550003,87.620003,67.540627,6379400
2020-07-02,89.370003,90.360001,88.160004,88.309998,68.072502,5832800
2020-07-06,89.500000,90.250000,87.820000,88.570000,68.272919,6747500
2020-07-07,87.820000,88.080002,86.150002,86.309998,66.530846,5898000
2020-07-08,86.389999,87.800003,85.889999,86.349998,66.561676,6736400
2020-07-09,85.970001,86.320000,82.690002,82.739998,63.778942,8833600
2020-07-10,82.500000,85.419998,82.500000,85.230003,65.698334,6218100
2020-07-13,86.040001,86.930000,84.809998,85.400002,65.829384,7074000
2020-07-14,85.389999,88.599998,85.040001,88.349998,68.103333,7440500
2020-07-15,90.180000,90.190002,88.209999,88.889999,68.519585,5935200
2020-07-16,88.440002,89.480003,87.349998,88.360001,68.111031,4795700
2020-07-17,88.410004,89.110001,86.910004,87.190002,67.209183,5964000
2020-07-20,86.830002,87.489998,84.800003,85.269997,65.729164,14974800
2020-07-21,86.470001,91.730003,86.360001,91.389999,70.446678,15115000
2020-07-22,89.949997,91.250000,88.900002,91.040001,70.176880,10317500
2020-07-23,90.500000,91.379997,90.019997,91.010002,70.153770,6586300
2020-07-24,91.480003,92.739998,89.980003,90.129997,69.475433,6620500
2020-07-27,89.760002,91.089996,88.800003,91.040001,70.176880,7599700
2020-07-28,90.470001,91.169998,88.769997,89.110001,68.689163,6787300
2020-07-29,89.480003,90.080002,88.580002,90.070000,69.429176,6386900
2020-07-30,88.430000,88.500000,85.699997,86.269997,66.500000,10112800
2020-07-31,83.250000,84.099998,81.510002,83.940002,64.703949,19119800
2020-08-03,83.980003,85.139999,83.800003,84.809998,65.374588,11220100
2020-08-04,84.480003,86.720001,84.279999,86.489998,66.669594,9077900
2020-08-05,88.139999,88.430000,86.410004,87.199997,67.216866,7324200
2020-08-06,86.430000,87.900002,86.099998,87.470001,67.424980,7035600
2020-08-07,86.879997,87.110001,85.739998,86.800003,66.908554,7185000
2020-08-10,87.940002,89.760002,87.599998,89.730003,69.167091,8150200
2020-08-11,91.949997,93.010002,89.169998,89.620003,69.082306,9074300
2020-08-12,90.800003,91.660004,89.449997,90.720001,69.930214,9057400
2020-08-13,89.870003,91.279999,89.760002,89.820000,69.236458,7314600
2020-08-14,89.000000,90.589996,88.849998,90.349998,69.644997,6343000
2020-08-17,90.349998,91.580002,89.720001,90.769997,69.968758,10473800
2020-08-18,88.970001,89.370003,87.320000,87.629997,68.522163,7981500
2020-08-19,87.300003,87.900002,86.199997,86.389999,67.552544,9120300
2020-08-20,85.419998,86.889999,84.730003,84.809998,66.317070,7872300
2020-08-21,84.669998,85.089996,83.510002,85.080002,66.528198,9003600
2020-08-24,85.599998,87.339996,84.889999,87.199997,68.185921,8738700
2020-08-25,88.010002,88.040001,85.760002,86.129997,67.349220,6835800
2020-08-26,85.709999,85.839996,84.660004,84.779999,66.293602,7486500
2020-08-27,85.160004,85.629997,83.970001,84.910004,66.395248,7438200
2020-08-28,85.050003,85.730003,84.320000,85.629997,66.958237,7307900
2020-08-31,85.830002,85.900002,83.870003,83.930000,65.628944,9437500
2020-09-01,83.260002,83.629997,82.449997,83.080002,64.964279,8990600
2020-09-02,83.059998,83.959999,82.699997,83.190002,65.050293,10821900
2020-09-03,83.050003,84.489998,81.709999,82.279999,64.338715,16179900
2020-09-04,82.459999,83.639999,80.900002,81.930000,64.065033,10516600
2020-09-08,80.500000,80.580002,78.040001,78.970001,61.750484,14942500
2020-09-09,79.970001,81.070000,79.680000,80.029999,62.579357,9269800
2020-09-10,80.629997,80.889999,78.050003,78.150002,61.109295,11845900
2020-09-11,78.239998,78.690002,77.070000,77.690002,60.749588,13732400
2020-09-14,77.480003,77.980003,76.919998,77.290001,60.436802,8182800
2020-09-15,77.559998,78.480003,75.959999,76.349998,59.701767,11732000
2020-09-16,76.349998,79.480003,75.959999,78.559998,61.429886,13019000
2020-09-17,77.529999,78.849998,76.370003,78.790001,61.609730,10515100
2020-09-18,77.879997,79.150002,77.500000,78.209999,61.156204,14517800
2020-09-21,76.239998,76.650002,74.680000,76.300003,59.662685,16199100
2020-09-22,76.150002,77.529999,75.349998,75.529999,59.060581,9155000
2020-09-23,75.589996,75.910004,71.849998,71.949997,56.261215,16649200
2020-09-24,71.250000,73.029999,70.500000,71.800003,56.143917,15203500
2020-09-25,71.010002,72.480003,70.769997,71.830002,56.167374,11070500
2020-09-28,73.639999,74.760002,73.150002,73.930000,57.809460,12863800
2020-09-29,74.000000,74.139999,71.110001,71.900002,56.222111,10553000
2020-09-30,72.250000,72.889999,71.610001,72.000000,56.300297,10466500
2020-10-01,71.510002,71.879997,70.029999,70.419998,55.064823,14930700
2020-10-02,68.919998,71.669998,68.820000,71.190002,55.666939,9854800
2020-10-05,71.519997,72.730003,70.709999,72.699997,56.847660,12049800
2020-10-06,73.839996,74.320000,72.250000,72.300003,56.534878,15294500
2020-10-07,72.169998,73.919998,71.559998,73.779999,57.692158,15410300
2020-10-08,74.389999,75.550003,73.989998,75.220001,58.818180,11590900
2020-10-09,75.860001,76.089996,73.980003,74.000000,57.864204,12260900
2020-10-12,73.629997,74.949997,73.199997,74.510002,58.263004,9056900
2020-10-13,74.739998,74.739998,72.779999,73.400002,57.395031,10440300
2020-10-14,73.279999,74.430000,72.910004,72.949997,57.043133,7057500
2020-10-15,71.820000,73.720001,71.389999,73.510002,57.481052,10052100
2020-10-16,73.519997,74.029999,72.269997,72.889999,56.996231,9305600
2020-10-19,73.110001,73.339996,71.190002,71.279999,55.737301,8357100
2020-10-20,71.910004,72.290001,71.040001,71.680000,56.050083,7753200
2020-10-21,71.129997,71.580002,70.730003,70.870003,55.416695,9800600
2020-10-22,70.879997,73.489998,70.570000,73.400002,57.395031,9810100
2020-10-23,73.930000,74.360001,71.830002,72.570000,56.746014,8727200
2020-10-26,71.730003,71.889999,70.239998,70.940002,55.471451,9710900
2020-10-27,70.419998,70.599998,69.489998,69.510002,54.353252,14251700
2020-10-28,67.690002,68.080002,66.330002,66.879997,52.296730,15961900
2020-10-29,66.129997,69.139999,65.160004,68.800003,53.798073,12292200
2020-10-30,69.900002,70.110001,68.080002,69.500000,54.345428,17191600
2020-11-02,70.699997,73.080002,69.400002,72.150002,56.417591,11475500
2020-11-03,73.160004,73.300003,71.050003,71.739998,56.096970,8608000
2020-11-04,70.779999,73.589996,69.889999,71.769997,56.120453,10925700
2020-11-05,71.900002,72.970001,71.760002,72.139999,56.409767,10627700
2020-11-06,72.500000,73.269997,70.830002,71.150002,55.635654,8366900
2020-11-09,80.000000,84.269997,78.260002,79.400002,62.086723,24015200
2020-11-10,81.139999,83.150002,79.709999,83.070000,64.956474,15039700
2020-11-11,84.099998,84.489998,81.800003,82.459999,64.479477,11640600
2020-11-12,80.980003,82.239998,79.910004,80.669998,63.079800,8920700
2020-11-13,81.150002,83.349998,81.029999,83.029999,64.925201,10890300
2020-11-16,86.239998,89.180000,85.540001,88.959999,69.562149,18980200
2020-11-17,86.400002,87.529999,84.830002,87.040001,69.062263,14329000
2020-11-18,87.370003,87.900002,84.250000,84.279999,66.872330,10583700
2020-11-19,83.550003,85.959999,83.059998,85.730003,68.022842,8820200
2020-11-20,85.720001,86.309998,84.879997,85.790001,68.070465,8294600
2020-11-23,87.449997,91.580002,86.760002,91.029999,72.228165,13379300
2020-11-24,93.389999,95.820000,93.000000,95.620003,75.870110,17257400
2020-11-25,94.680000,94.680000,92.139999,92.139999,73.108871,10556600
2020-11-27,91.330002,92.589996,90.540001,91.309998,72.450310,4627700
2020-11-30,90.010002,90.849998,86.900002,87.180000,69.173347,14288400
2020-12-01,89.279999,89.709999,87.070000,87.449997,69.387581,9913600
2020-12-02,87.260002,91.309998,87.099998,89.870003,71.307739,10509600
2020-12-03,90.580002,91.110001,89.070000,89.800003,71.252220,8249800
2020-12-04,91.220001,93.449997,90.919998,93.279999,74.013443,10791100
2020-12-07,91.820000,92.379997,89.879997,90.760002,72.013939,9398400
2020-12-08,90.339996,92.459999,90.190002,91.540001,72.632828,7627300
2020-12-09,92.199997,93.019997,89.370003,90.440002,71.760025,11129400
2020-12-10,91.550003,94.559998,90.779999,93.349998,74.068970,11992100
2020-12-11,92.529999,93.279999,91.029999,92.449997,73.354866,9584500
2020-12-14,93.400002,93.699997,89.239998,89.440002,70.966568,12198400
2020-12-15,89.419998,90.480003,88.769997,89.370003,70.911026,11775300
2020-12-16,89.199997,89.349998,87.849998,88.690002,70.371475,9892900
2020-12-17,89.540001,89.550003,87.550003,88.410004,70.149300,11748900
2020-12-18,87.980003,88.709999,86.260002,87.190002,69.181297,27427600
2020-12-21,84.349998,86.839996,83.529999,86.089996,68.308487,11430500
2020-12-22,85.440002,85.800003,84.300003,84.360001,66.935829,8585800
2020-12-23,85.000000,86.660004,85.000000,85.690002,67.991112,7223100
2020-12-24,85.930000,85.930000,84.809998,85.330002,67.705467,3335600
2020-12-28,85.610001,86.629997,84.620003,84.900002,67.364288,8051900
2020-12-29,85.260002,85.720001,84.050003,84.610001,67.134178,7670800
2020-12-30,84.610001,86.580002,84.540001,85.330002,67.705467,7901800
2020-12-31,84.900002,85.199997,83.959999,84.449997,67.007225,8350700
2021-01-04,85.150002,85.949997,83.889999,84.709999,67.213516,9234900
2021-01-05,85.489998,89.220001,85.320000,87.000000,69.030540,13414800
2021-01-06,89.000000,90.779999,87.820000,89.800003,71.252220,13916800
2021-01-07,90.389999,90.820000,89.309998,90.220001,71.585464,9286600
2021-01-08,92.080002,92.430000,90.449997,91.080002,72.267838,11152100
2021-01-11,89.120003,92.099998,88.570000,91.599998,72.680420,10635000
2021-01-12,92.660004,93.919998,91.709999,93.339996,74.061028,10923900
2021-01-13,93.199997,93.519997,91.940002,93.250000,73.989639,9723300
2021-01-14,93.940002,96.320000,93.790001,95.489998,75.766968,13950200
2021-01-15,94.220001,94.309998,91.709999,92.089996,73.069206,10244600
2021-01-19,93.500000,95.029999,93.290001,94.510002,74.989380,9574800
2021-01-20,95.000000,95.559998,94.300003,95.379997,75.679695,8735400
2021-01-21,93.860001,94.660004,91.220001,92.010002,73.005745,10393100
2021-01-22,90.400002,92.029999,89.830002,91.730003,72.783569,7810600
2021-01-25,90.620003,91.029999,89.330002,90.900002,72.125000,7689400
2021-01-26,92.199997,92.910004,89.269997,89.360001,70.903091,7827800
2021-01-27,87.529999,90.349998,86.750000,88.199997,69.982666,10178500
2021-01-28,88.669998,90.150002,88.250000,89.019997,70.633301,8155500
2021-01-29,86.830002,87.339996,84.919998,85.199997,67.602318,14699800
2021-02-01,85.989998,87.300003,84.570000,86.410004,68.562393,8073600
2021-02-02,88.010002,88.370003,86.529999,87.059998,69.078148,9233100
2021-02-03,87.050003,89.389999,86.889999,88.959999,70.585716,9256500
2021-02-04,89.510002,89.650002,87.949997,89.000000,70.617455,7917600
2021-02-05,89.940002,90.470001,88.639999,89.260002,70.823753,8017300
2021-02-08,90.290001,92.040001,90.010002,91.480003,72.585213,9886600
2021-02-09,91.099998,91.269997,89.809998,90.959999,72.172630,7605500
2021-02-10,91.379997,92.589996,90.599998,92.519997,73.410393,8778800
2021-02-11,92.370003,92.440002,90.080002,92.019997,73.013672,8572400
2021-02-12,91.529999,92.730003,91.349998,92.550003,73.434196,7858300
2021-02-16,93.050003,93.860001,92.610001,93.129997,74.938942,14006000
2021-02-17,95.419998,96.720001,94.199997,95.919998,77.183975,14342300
2021-02-18,95.750000,95.779999,94.300003,95.000000,76.443672,9030600
2021-02-19,95.129997,96.379997,94.650002,95.800003,77.087418,8913900
2021-02-22,96.989998,99.639999,96.459999,98.389999,79.171501,13178700
2021-02-23,99.970001,100.160004,96.800003,99.629997,80.169289,14874000
2021-02-24,100.330002,104.040001,99.809998,103.309998,83.130470,16116000
2021-02-25,104.900002,104.959999,101.589996,102.349998,82.357994,13219200
2021-02-26,100.300003,101.059998,97.610001,100.000000,80.467026,14454100
2021-03-01,102.459999,103.800003,101.400002,102.050003,82.116600,10439900
2021-03-02,101.889999,103.309998,101.709999,102.440002,82.430420,10643500
2021-03-03,103.410004,105.750000,103.400002,103.589996,83.355789,14958200
2021-03-04,104.519997,107.580002,103.129997,104.500000,84.088051,22994200
2021-03-05,106.959999,109.129997,106.150002,109.000000,87.709061,23638200
2021-03-08,109.860001,110.430000,108.059998,109.750000,88.312561,18033600
2021-03-09,109.070000,110.690002,107.879997,109.500000,88.111404,19010700
2021-03-10,110.199997,112.010002,109.699997,111.370003,89.616135,17389900
2021-03-11,111.650002,112.550003,110.889999,111.190002,89.471298,10989500
2021-03-12,111.639999,112.699997,110.720001,111.559998,89.768997,10930300
2021-03-15,111.529999,111.910004,108.889999,110.250000,88.714890,10488000
2021-03-16,108.529999,108.879997,107.080002,107.639999,86.614716,11698400
2021-03-17,107.209999,108.559998,106.599998,108.029999,86.928528,9168600
2021-03-18,107.010002,107.529999,103.709999,104.120003,83.782257,13246600
2021-03-19,103.940002,104.889999,102.739998,103.379997,83.186813,18491000
2021-03-22,103.059998,104.500000,102.309998,102.540001,82.510880,12508500
2021-03-23,101.449997,104.300003,100.690002,101.970001,82.052231,14781700
2021-03-24,102.989998,105.760002,102.910004,104.699997,84.248978,11026800
2021-03-25,102.849998,105.260002,102.070000,105.070000,84.546700,11138200
2021-03-26,106.540001,107.540001,105.360001,107.480003,86.485970,9820200
2021-03-29,106.400002,107.529999,105.699997,106.919998,86.035355,7542300
2021-03-30,106.059998,106.830002,105.589996,105.930000,85.238724,6284600
2021-03-31,105.550003,106.220001,104.599998,104.790001,84.321396,8954400
2021-04-01,105.260002,105.860001,104.209999,105.750000,85.093872,8515800
2021-04-05,105.730003,105.830002,104.169998,104.510002,84.096100,8692700
2021-04-06,104.250000,105.080002,103.449997,103.580002,83.347740,8125100
2021-04-07,103.470001,104.570000,103.260002,104.190002,83.838600,7699300
2021-04-08,103.519997,103.620003,102.070000,103.019997,82.897133,8283000
2021-04-09,103.120003,103.680000,102.099998,102.919998,82.816650,7163700
2021-04-12,103.669998,103.860001,101.510002,101.779999,81.899353,7845900
2021-04-13,101.559998,102.599998,101.290001,102.239998,82.269478,6829900
2021-04-14,102.650002,105.330002,102.599998,104.269997,83.902977,10194800
2021-04-15,104.010002,104.269997,102.930000,103.419998,83.219002,7860500
2021-04-16,103.800003,104.360001,102.430000,102.959999,82.848846,7459700
2021-04-19,103.269997,103.830002,102.209999,103.260002,83.090263,7068700
2021-04-20,102.830002,102.989998,100.510002,101.330002,81.537239,9783800
2021-04-21,100.330002,102.989998,100.139999,102.730003,82.663773,8264400
2021-04-22,102.870003,102.870003,100.870003,100.949997,81.231453,9899400
2021-04-23,101.099998,102.169998,100.720001,101.550003,81.714272,6756000
2021-04-26,101.269997,102.669998,101.260002,101.519997,81.690125,5639700
2021-04-27,101.809998,103.099998,101.510002,102.699997,82.639626,6898900
2021-04-28,103.540001,105.860001,103.370003,105.220001,84.667397,8718400
2021-04-29,106.419998,107.650002,105.750000,106.900002,86.019257,9740300
2021-04-30,104.980003,105.389999,102.970001,103.070000,82.937355,13730000
2021-05-03,103.980003,105.720001,103.220001,105.529999,84.916840,7938100
2021-05-04,105.959999,106.510002,104.849998,106.110001,85.383545,8704300
2021-05-05,107.089996,109.540001,106.820000,108.959999,87.676872,12872400
2021-05-06,108.949997,109.129997,107.419998,109.019997,87.725143,9654900
2021-05-07,108.089996,110.669998,107.699997,110.019997,88.529816,10273000
2021-05-10,111.440002,113.110001,109.519997,109.570000,88.167717,13586500
2021-05-11,109.059998,109.580002,106.209999,106.699997,85.858307,12754800
2021-05-12,107.000000,110.150002,106.720001,107.370003,86.397461,11661900
2021-05-13,106.070000,107.870003,105.440002,106.680000,85.842216,9706300
2021-05-14,107.800003,109.820000,107.800003,109.470001,88.087257,9124100
2021-05-17,109.089996,110.879997,108.970001,110.809998,89.165520,12692900
2021-05-18,108.940002,109.059998,105.970001,106.180000,86.485725,12759900
2021-05-19,103.820000,104.290001,101.970001,103.199997,84.058472,14762700
2021-05-20,103.070000,104.070000,101.970001,103.559998,84.351692,9706300
2021-05-21,104.099998,105.199997,103.680000,104.120003,84.807846,10352800
2021-05-24,104.949997,105.839996,104.000000,105.599998,86.013321,6785600
2021-05-25,105.430000,105.620003,103.610001,103.870003,84.604202,7884000
2021-05-26,104.519997,104.910004,103.660004,104.120003,84.807846,9232400
2021-05-27,104.120003,104.910004,102.570000,103.010002,83.903725,11703400
2021-05-28,103.620003,104.120003,102.949997,103.790001,84.539040,7278200
2021-06-01,105.300003,107.430000,105.300003,106.650002,86.868561,10260600
2021-06-02,107.209999,108.559998,106.209999,108.080002,88.033333,9141800
2021-06-03,107.559998,108.089996,106.559998,107.589996,87.634216,8809300
2021-06-04,108.239998,108.669998,107.209999,108.449997,88.334686,6699300
2021-06-07,108.370003,108.699997,107.570000,107.750000,87.764534,6748600
2021-06-08,107.650002,108.980003,106.300003,108.730003,88.562775,10559500
2021-06-09,109.059998,109.529999,107.650002,107.779999,87.788986,10146900
2021-06-10,109.059998,110.250000,107.250000,108.410004,88.302116,13526200
2021-06-11,108.839996,108.970001,107.860001,107.910004,87.894859,7731700
2021-06-14,108.180000,108.959999,106.830002,107.970001,87.943733,9051900
2021-06-15,108.410004,110.480003,108.389999,110.300003,89.841560,10540200
2021-06-16,110.029999,110.510002,108.900002,109.669998,89.328430,9283300
2021-06-17,109.239998,109.980003,96.309998,107.070000,87.210663,14337800
2021-06-18,105.250000,106.269997,102.910004,103.029999,83.919998,22284500
2021-06-21,104.099998,106.440002,103.930000,106.050003,86.379845,13591500
2021-06-22,105.330002,106.959999,104.309998,106.400002,86.664932,10230100
2021-06-23,107.360001,108.129997,106.230003,106.269997,86.559052,7792800
2021-06-24,107.139999,107.779999,106.360001,107.139999,87.267685,8724600
2021-06-25,107.589996,108.059998,106.779999,107.300003,87.398018,8102300
2021-06-28,106.949997,107.000000,103.660004,103.989998,84.701935,11348400
2021-06-29,104.589996,104.970001,103.610001,103.760002,84.514618,7225500
2021-06-30,103.839996,104.879997,103.720001,104.739998,85.312828,7927500
2021-07-01,106.949997,107.099998,105.739998,106.209999,86.510185,10873200
2021-07-02,105.699997,106.400002,105.040001,106.070000,86.396149,7107700
2021-07-06,105.970001,105.970001,103.389999,103.989998,84.701935,10162800
2021-07-07,103.959999,104.900002,102.120003,102.930000,83.838562,8245000
2021-07-08,101.500000,103.089996,101.220001,102.599998,83.569748,8695500
2021-07-09,103.459999,104.230003,102.360001,104.070000,84.767105,8567900
2021-07-12,103.559998,105.019997,103.239998,104.279999,84.938164,9898600
2021-07-13,104.000000,104.580002,103.220001,103.930000,84.653076,6738000
2021-07-14,104.480003,105.320000,101.720001,101.970001,83.056618,9216600
2021-07-15,101.050003,102.250000,100.849998,101.300003,82.510887,9665700
2021-07-16,101.629997,101.690002,98.330002,98.620003,80.327972,12199100
2021-07-19,95.820000,96.949997,94.519997,95.959999,78.161354,17385500
2021-07-20,95.889999,98.040001,95.050003,96.529999,78.625626,12114600
2021-07-21,97.980003,100.470001,97.699997,99.820000,81.305405,11478100
2021-07-22,99.400002,99.410004,97.889999,98.820000,80.490868,7694300
2021-07-23,98.800003,99.120003,97.940002,98.860001,80.523445,7570800
2021-07-26,99.459999,101.260002,99.440002,100.949997,82.225792,10227500
2021-07-27,100.050003,100.720001,98.940002,100.610001,81.948868,8332100
2021-07-28,100.900002,101.809998,100.279999,101.180000,82.413139,8546100
2021-07-29,102.379997,102.879997,101.940002,102.570000,83.545319,8681300
2021-07-30,103.059998,104.050003,100.769997,101.809998,82.926285,12295300
2021-08-02,102.080002,103.980003,101.559998,101.629997,82.779671,8911800
2021-08-03,101.589996,102.910004,100.669998,102.599998,83.569748,8437300
2021-08-04,100.440002,101.900002,100.099998,100.300003,81.696373,10389800
2021-08-05,100.940002,102.430000,100.669998,101.230003,82.453865,7986100
2021-08-06,102.019997,102.580002,101.599998,101.949997,83.040321,6475600
2021-08-09,100.910004,101.379997,99.930000,100.250000,81.655647,9243100
2021-08-10,100.739998,102.320000,100.580002,102.080002,83.146217,9762600
2021-08-11,102.040001,102.970001,101.599998,102.849998,83.773384,7079800
2021-08-12,102.860001,103.250000,101.779999,102.639999,83.602341,7377600
2021-08-13,102.230003,102.540001,101.639999,101.959999,83.048470,6572600
2021-08-16,100.830002,101.199997,99.910004,100.919998,82.201363,9476600
2021-08-17,100.199997,101.680000,99.629997,100.730003,82.046608,10937500
2021-08-18,98.690002,99.419998,96.550003,96.699997,79.825996,12893600
2021-08-19,94.809998,95.309998,92.860001,94.290001,77.836540,17423400
2021-08-20,93.519997,94.879997,93.209999,94.300003,77.844810,9707600
2021-08-23,96.089996,97.000000,96.059998,96.730003,79.850777,10277800
2021-08-24,97.500000,98.610001,97.389999,97.839996,80.767075,8924900
2021-08-25,97.220001,98.720001,96.720001,98.510002,81.320168,9342300
2021-08-26,98.110001,98.730003,97.199997,97.220001,80.255272,8124800
2021-08-27,98.139999,99.459999,98.050003,98.639999,81.427483,10281200
2021-08-30,99.089996,99.309998,97.970001,98.389999,81.221100,8127200
2021-08-31,98.139999,98.410004,96.639999,96.769997,79.883789,15676900
2021-09-01,96.860001,97.070000,95.470001,95.709999,79.008766,10557300
2021-09-02,96.639999,98.389999,96.550003,97.709999,80.659760,12340100
2021-09-03,97.400002,98.430000,97.379997,97.489998,80.478149,9097000
2021-09-07,97.019997,97.980003,96.739998,97.059998,80.123184,9237800
2021-09-08,97.500000,98.470001,96.349998,96.389999,79.570099,10775900
2021-09-09,95.889999,97.620003,95.349998,96.000000,79.248169,10219400
2021-09-10,97.599998,97.699997,95.889999,96.070000,79.305931,11006000
2021-09-13,97.209999,98.709999,97.059998,97.970001,80.874413,11500900
2021-09-14,98.379997,98.739998,95.980003,96.199997,79.413261,15294100
2021-09-15,96.989998,98.529999,96.989998,98.239998,81.097275,11623400
2021-09-16,98.320000,98.589996,96.910004,97.320000,80.337807,10616700
2021-09-17,97.110001,98.379997,96.370003,96.760002,79.875549,16006100
2021-09-20,94.639999,95.250000,93.309998,94.779999,78.241051,15796100
2021-09-21,95.570000,95.889999,94.029999,94.849998,78.298820,10958400
2021-09-22,96.239998,98.779999,96.239998,97.639999,80.601982,13292800
2021-09-23,98.239998,100.269997,97.750000,100.059998,82.599701,10094900
2021-09-24,99.650002,100.970001,99.650002,100.599998,83.045456,8225300
2021-09-27,102.589996,103.779999,102.589996,102.970001,85.001892,12697500
2021-09-28,103.910004,104.889999,102.879997,103.360001,85.323868,15560800
2021-09-29,103.209999,104.239998,102.339996,103.330002,85.299088,10268100
2021-09-30,103.419998,103.449997,101.449997,101.449997,83.747131,15319800
2021-10-01,102.220001,104.540001,101.879997,104.330002,86.124588,10854900
2021-10-04,105.000000,105.860001,104.110001,104.720001,86.446526,13305400
2021-10-05,106.040001,107.769997,105.419998,105.860001,87.387596,13017300
2021-10-06,104.180000,105.349998,103.580002,104.930000,86.619888,10630100
2021-10-07,105.610001,106.300003,105.220001,105.680000,87.239021,8830900
2021-10-08,106.809998,108.430000,106.599998,108.050003,89.195442,10586700
2021-10-11,109.559998,109.629997,106.919998,107.129997,88.435982,9794800
2021-10-12,106.989998,107.580002,106.169998,107.150002,88.452507,9085000
2021-10-13,106.769997,108.339996,106.480003,107.790001,88.980804,9220700
2021-10-14,108.879997,109.160004,108.110001,108.809998,89.822823,7648600
2021-10-15,109.769997,110.029999,109.430000,109.610001,90.483238,9968100
2021-10-18,110.220001,110.410004,108.959999,109.559998,90.441948,10677400
2021-10-19,110.160004,111.699997,109.800003,111.699997,92.208527,10362800
2021-10-20,111.089996,113.169998,110.779999,113.160004,93.413773,10811400
2021-10-21,112.709999,112.809998,110.870003,111.739998,92.241547,9372600
2021-10-22,112.220001,112.879997,111.449997,112.800003,93.116585,8673800
2021-10-25,113.529999,114.349998,113.300003,113.849998,93.983337,9579800
2021-10-26,113.980003,114.599998,113.510002,114.099998,94.189728,7463000
2021-10-27,113.220001,113.580002,111.650002,112.070000,92.513954,9096100
2021-10-28,111.580002,113.269997,111.580002,113.120003,93.380753,7538200
2021-10-29,114.830002,115.290001,113.150002,114.489998,94.511681,15294200
2021-11-01,115.029999,115.089996,114.050003,114.529999,94.544708,11213800
2021-11-02,114.180000,114.190002,113.209999,113.830002,93.966850,9189700
2021-11-03,112.269997,113.269997,111.970001,113.010002,93.289940,10416000
2021-11-04,114.220001,114.260002,112.910004,113.510002,93.702705,9673000
2021-11-05,114.269997,115.050003,113.930000,114.739998,94.718040,8102100
2021-11-08,115.089996,115.989998,114.690002,115.150002,95.056511,7695900
2021-11-09,115.269997,116.120003,114.459999,116.000000,95.758194,10945900
2021-11-10,115.760002,116.209999,113.660004,114.150002,94.231010,10305100
2021-11-11,113.599998,114.669998,113.570000,114.160004,94.239273,7317500
2021-11-12,113.800003,114.309998,113.589996,114.230003,94.297058,8682800
2021-11-15,114.949997,116.949997,114.269997,116.820000,96.435097,11050400
2021-11-16,117.110001,118.080002,116.860001,117.279999,96.814827,10566300
2021-11-17,114.870003,116.529999,114.660004,115.419998,96.380608,11108000
2021-11-18,114.849998,115.379997,113.410004,114.449997,95.570618,8368600
2021-11-19,112.510002,113.150002,111.099998,111.910004,93.449615,13532600
2021-11-22,112.019997,115.190002,111.849998,113.910004,95.119713,9947100
2021-11-23,115.190002,116.839996,115.059998,116.300003,97.115456,10366800
2021-11-24,116.809998,118.000000,116.680000,117.190002,97.858643,8500900
2021-11-26,113.349998,114.830002,112.629997,114.510002,95.620720,11861800
2021-11-29,116.339996,117.169998,114.709999,114.849998,95.904640,12003800
2021-11-30,113.449997,115.860001,112.440002,112.870003,94.251251,24451200
2021-12-01,114.949997,116.059998,112.089996,112.099998,93.608261,12302700
2021-12-02,113.250000,115.699997,111.930000,115.139999,96.146805,11392400
2021-12-03,116.739998,117.000000,113.589996,114.410004,95.537231,10445100
2021-12-06,115.959999,117.449997,115.050003,116.199997,97.031929,9833900
2021-12-07,117.239998,118.660004,117.239998,117.919998,98.468216,11419600
2021-12-08,118.389999,119.260002,117.660004,118.449997,98.910789,8827900
2021-12-09,117.849998,118.599998,117.580002,118.139999,98.651939,8334700
2021-12-10,118.930000,119.199997,116.870003,118.339996,98.818939,9090700
2021-12-13,117.459999,117.849998,115.610001,115.879997,96.764725,8533000
2021-12-14,115.739998,116.919998,115.470001,116.220001,97.048622,12245300
2021-12-15,116.320000,116.320000,113.949997,115.559998,96.497505,11069500
2021-12-16,116.190002,118.190002,115.919998,116.639999,97.399353,11344700
2021-12-17,115.919998,116.459999,113.529999,113.599998,94.860817,22727900
2021-12-20,111.860001,113.709999,110.730003,113.650002,94.902580,13464400
2021-12-21,114.430000,116.070000,114.290001,115.470001,96.422363,11368200
2021-12-22,115.419998,116.680000,114.410004,116.129997,96.973503,8345200
2021-12-23,116.510002,117.919998,116.400002,116.410004,97.207306,7416600
2021-12-27,116.070000,118.820000,115.410004,118.790001,99.194702,7745500
2021-12-28,118.660004,119.339996,118.040001,118.559998,99.002647,6516000
2021-12-29,118.080002,118.650002,117.290001,117.949997,98.493256,6957400
2021-12-30,118.129997,118.690002,117.339996,117.430000,98.059044,6016000
2021-12-31,117.379997,118.089996,117.129997,117.349998,97.992233,5706600
2022-01-03,117.419998,119.690002,117.290001,119.260002,99.587166,10717700
2022-01-04,119.949997,121.980003,119.660004,121.430000,101.399216,16413100
2022-01-05,122.239998,123.839996,122.070000,122.220001,102.058899,15487100
2022-01-06,123.620003,124.320000,121.639999,123.260002,102.927345,13318500
2022-01-07,123.550003,125.540001,122.949997,125.029999,104.405357,14164600
2022-01-10,125.150002,125.690002,123.860001,125.110001,104.472168,12626100
2022-01-11,125.860001,128.000000,124.830002,127.970001,106.860405,14609000
2022-01-12,127.989998,128.429993,126.470001,127.330002,106.325958,12469200
2022-01-13,127.139999,128.100006,126.449997,126.800003,105.883377,9691300
2022-01-14,126.760002,129.199997,126.760002,128.960007,107.687088,13281000
2022-01-18,129.690002,130.000000,127.870003,129.380005,108.037796,12905500
2022-01-19,129.949997,130.149994,128.539993,128.910004,107.645340,12064300
2022-01-20,128.270004,130.860001,127.879997,128.449997,107.261215,11370400
2022-01-21,127.760002,128.399994,126.230003,126.910004,105.975243,13055700
2022-01-24,124.449997,127.730003,122.839996,127.180000,106.200699,19513700
2022-01-25,127.120003,132.740005,125.269997,132.589996,110.718285,19984500
2022-01-26,132.899994,134.710007,131.589996,132.690002,110.801781,17266500
2022-01-27,134.449997,137.000000,133.589996,135.369995,113.039719,20654100
2022-01-28,130.000000,132.059998,128.070007,130.610001,109.064911,24817800
2022-01-31,130.190002,131.860001,129.330002,131.330002,109.666145,16401800
2022-02-01,130.830002,135.740005,130.509995,134.789993,112.555382,16169700
2022-02-02,134.350006,135.800003,132.800003,135.410004,113.073112,10906700
2022-02-03,134.850006,135.350006,133.190002,134.199997,112.062706,9447700
2022-02-04,135.009995,137.000000,135.009995,135.880005,113.465584,13034700
2022-02-07,135.339996,139.429993,134.830002,138.550003,115.695152,18422500
2022-02-08,138.179993,138.429993,135.009995,136.440002,113.933235,11021600
2022-02-09,136.720001,138.339996,136.100006,137.789993,115.060509,10140800
2022-02-10,137.559998,138.789993,135.389999,136.039993,113.599159,11012700
2022-02-11,136.860001,139.440002,136.279999,138.809998,115.912254,12821200
2022-02-14,137.940002,138.050003,135.050003,136.669998,114.125244,15945000
2022-02-15,133.080002,134.839996,132.179993,134.259995,113.289871,11746800
2022-02-16,134.949997,136.160004,133.759995,134.300003,113.323654,11348800
2022-02-17,134.169998,134.580002,132.449997,133.610001,112.741402,10073900
2022-02-18,132.820007,133.910004,132.050003,133.419998,112.581100,10691800
2022-02-22,137.000000,137.000000,130.520004,132.399994,111.720398,19428700
2022-02-23,132.929993,136.080002,132.559998,135.550003,114.378410,16134200
2022-02-24,137.929993,138.229996,131.720001,134.850006,113.787750,22108900
2022-02-25,135.960007,140.500000,135.429993,140.380005,118.453987,28028000
2022-02-28,139.270004,144.000000,138.649994,144.000000,121.508598,24394300
2022-03-01,145.009995,149.960007,144.699997,149.720001,126.335197,31159900
2022-03-02,150.199997,155.750000,150.050003,154.139999,130.064835,31329500
2022-03-03,152.259995,157.119995,151.750000,156.220001,131.819977,22492900
2022-03-04,155.789993,159.949997,155.089996,158.649994,133.870361,29034400
2022-03-07,159.899994,162.100006,155.720001,162.039993,136.730911,34824700
2022-03-08,164.309998,174.000000,164.100006,170.529999,143.894867,57231000
2022-03-09,162.770004,169.770004,161.210007,166.270004,140.300262,43430000
2022-03-10,168.740005,174.759995,168.289993,170.820007,144.139572,34913600
2022-03-11,165.889999,172.979996,165.880005,170.899994,144.207092,28423600
2022-03-14,166.210007,168.350006,164.300003,166.720001,140.679947,25156200
2022-03-15,159.110001,160.190002,155.259995,158.279999,133.558212,28534400
2022-03-16,158.789993,160.500000,156.210007,157.710007,133.077209,22299700
2022-03-17,159.949997,160.990005,157.919998,160.440002,135.380829,15750700
2022-03-18,160.889999,161.729996,158.779999,161.729996,136.469330,23214700
2022-03-21,163.020004,165.580002,162.720001,164.639999,138.924850,13180600
2022-03-22,163.690002,165.259995,162.580002,164.089996,138.460709,11063900
2022-03-23,166.000000,167.350006,164.940002,165.860001,139.954285,10755000
2022-03-24,166.429993,167.399994,165.000000,166.300003,140.325577,9024800
2022-03-25,165.220001,169.690002,165.160004,169.309998,142.865417,10254700
2022-03-28,165.899994,166.630005,165.130005,166.350006,140.367752,9992000
2022-03-29,163.509995,164.479996,160.500000,164.320007,138.654831,15102600
2022-03-30,165.240005,166.350006,163.660004,165.479996,139.633621,9906000
2022-03-31,163.470001,166.160004,162.720001,162.830002,137.397537,10395900
2022-04-01,162.779999,165.949997,162.330002,164.220001,138.570419,8795300
2022-04-04,165.000000,165.449997,163.000000,164.369995,138.697006,8718600
2022-04-05,165.029999,167.720001,163.100006,163.360001,137.844757,9538200
2022-04-06,164.830002,167.009995,164.330002,164.809998,139.068253,9269000
2022-04-07,165.100006,167.699997,163.419998,167.100006,141.000626,8018400
2022-04-08,167.050003,171.100006,167.020004,169.929993,143.388580,10801200
2022-04-11,168.570007,168.779999,164.910004,165.559998,139.701111,10206100
2022-04-12,168.970001,172.679993,168.149994,169.009995,142.612274,9528400
2022-04-13,170.929993,172.080002,168.289993,171.669998,144.856842,7330700
2022-04-14,170.690002,172.940002,170.559998,171.589996,144.789307,9421100
2022-04-18,173.000000,174.539993,171.869995,173.889999,146.730072,7639000
2022-04-19,173.080002,173.690002,171.029999,171.830002,144.991806,6970200
2022-04-20,171.619995,173.580002,171.460007,172.529999,145.582458,7495000
2022-04-21,171.740005,172.440002,163.830002,164.580002,138.874191,14594800
2022-04-22,164.380005,165.470001,160.860001,160.949997,135.811157,12160100
2022-04-25,155.729996,158.360001,151.360001,157.490005,132.891617,15449800
2022-04-26,158.820007,160.369995,156.389999,156.529999,132.081528,9810600
2022-04-27,157.080002,157.919998,154.520004,156.240005,131.836807,10396600
2022-04-28,157.449997,163.000000,154.929993,161.789993,136.519943,9366400
2022-04-29,161.279999,162.440002,156.289993,156.669998,132.199677,14713200
2022-05-02,156.309998,160.000000,155.149994,159.750000,134.798599,11559000
2022-05-03,159.570007,163.429993,159.259995,162.490005,137.110641,8827200
2022-05-04,164.970001,167.889999,163.470001,167.589996,141.414062,9183200
2022-05-05,169.259995,169.500000,162.649994,166.259995,140.291824,9807600
2022-05-06,168.270004,170.970001,165.419998,170.690002,144.029877,10418100
2022-05-09,167.750000,167.750000,158.479996,159.250000,134.376663,14110700
2022-05-10,162.210007,164.190002,157.869995,160.779999,135.667725,11636000
2022-05-11,163.580002,167.460007,162.509995,163.160004,137.675995,9105500
2022-05-12,163.220001,164.850006,158.860001,164.710007,138.983902,8936400
2022-05-13,166.500000,168.789993,164.880005,167.869995,141.650299,9229900
2022-05-16,169.000000,174.970001,168.860001,173.009995,145.987518,13296300
2022-05-17,174.839996,175.649994,172.610001,174.029999,146.848206,12827600
2022-05-18,174.119995,174.130005,165.789993,168.059998,142.977280,13107500
2022-05-19,164.630005,169.639999,162.830002,166.860001,141.956390,10958700
2022-05-20,168.880005,171.039993,164.089996,167.820007,142.773087,9615000
2022-05-23,169.429993,172.960007,169.110001,171.720001,146.091003,10216400
2022-05-24,170.690002,173.580002,169.809998,172.639999,146.873734,9782700
2022-05-25,173.139999,175.990005,172.970001,175.410004,149.230286,10174500
2022-05-26,176.490005,177.929993,175.009995,176.589996,150.234207,11213900
2022-05-27,176.520004,178.350006,175.690002,178.279999,151.671951,10512300
2022-05-31,179.960007,180.960007,173.470001,174.660004,148.592255,20547600
2022-06-01,176.729996,178.130005,174.940002,176.320007,150.004471,8824100
2022-06-02,174.740005,176.509995,174.100006,176.000000,149.732239,7441900
2022-06-03,176.000000,178.250000,176.000000,177.600006,151.093445,8435300
2022-06-06,177.899994,178.000000,175.509995,176.830002,150.438370,6734200
2022-06-07,177.470001,180.660004,176.919998,180.199997,153.305389,9668300
2022-06-08,180.949997,182.399994,180.250000,181.130005,154.096649,8715200
2022-06-09,180.029999,180.639999,177.389999,177.520004,151.025406,9764600
2022-06-10,176.369995,178.570007,173.649994,175.399994,149.221802,9529700
2022-06-13,171.610001,172.000000,164.059998,167.330002,142.356262,14614900
2022-06-14,169.369995,172.289993,165.839996,167.550003,142.543396,10269300
2022-06-15,166.779999,167.850006,161.940002,164.259995,139.744431,11565300
2022-06-16,159.940002,160.539993,153.750000,155.479996,132.274811,18125900
2022-06-17,154.880005,155.470001,145.789993,148.380005,126.234482,35575100
2022-06-21,152.050003,156.020004,151.440002,154.589996,131.517624,13772000
2022-06-22,148.070007,150.800003,146.330002,147.869995,125.800598,13735800
2022-06-23,148.789993,149.229996,140.149994,142.429993,121.172523,15713700
2022-06-24,145.199997,147.089996,142.600006,144.770004,123.163269,11108300
2022-06-27,145.860001,148.820007,145.600006,147.570007,125.545403,9242400
2022-06-28,150.880005,152.190002,148.110001,149.940002,127.561684,9183300
2022-06-29,151.630005,152.110001,146.089996,146.979996,125.043465,9082900
2022-06-30,144.550003,147.919998,143.410004,144.779999,123.171799,10685000
2022-07-01,146.600006,146.960007,142.470001,146.509995,124.643593,7684600
2022-07-05,143.649994,144.539993,139.410004,142.660004,121.368195,11513100
2022-07-06,141.660004,143.259995,136.800003,140.779999,119.768776,12421200
2022-07-07,144.100006,145.300003,143.080002,143.520004,122.099854,12741800
2022-07-08,144.880005,145.449997,141.089996,142.770004,121.461807,7915500
2022-07-11,141.910004,142.850006,139.929993,141.509995,120.389832,7056800
2022-07-12,138.500000,139.619995,137.259995,138.919998,118.186394,8653900
2022-07-13,137.610001,140.729996,137.139999,137.990005,117.395203,9414600
2022-07-14,134.309998,136.160004,132.539993,135.940002,115.651154,10150200
2022-07-15,138.960007,138.960007,136.429993,137.649994,117.105934,7051900
2022-07-18,140.559998,142.139999,139.080002,139.580002,118.747887,7943900
2022-07-19,139.690002,145.009995,139.419998,144.610001,123.027153,9152100
2022-07-20,144.500000,147.259995,143.320007,146.520004,124.652107,7856600
2022-07-21,143.119995,145.470001,141.500000,145.399994,123.699234,6724200
2022-07-22,145.559998,146.300003,143.419998,144.190002,122.669846,5889500
2022-07-25,145.699997,148.610001,144.179993,148.479996,126.319565,6210900
2022-07-26,149.500000,150.679993,146.529999,147.320007,125.332718,6112800
2022-07-27,148.339996,150.199997,146.660004,149.259995,126.983162,6223000
2022-07-28,150.690002,151.470001,148.029999,150.389999,127.944504,6574300
2022-07-29,156.539993,164.660004,155.899994,163.779999,139.336060,17143700
2022-08-01,161.179993,161.860001,159.149994,160.509995,136.554108,8017800
2022-08-02,160.889999,161.470001,158.300003,159.139999,135.388611,5928300
2022-08-03,159.309998,159.960007,154.350006,155.360001,132.172714,8751400
2022-08-04,155.320007,155.440002,150.729996,151.139999,128.582550,10640000
2022-08-05,149.639999,155.009995,149.020004,153.639999,130.709442,7170200
2022-08-08,153.589996,154.979996,153.149994,153.410004,130.513748,5966900
2022-08-09,155.940002,157.800003,154.600006,155.410004,132.215271,5842200
2022-08-10,156.000000,156.470001,152.929993,155.820007,132.564102,6145800
2022-08-11,158.110001,161.160004,157.619995,159.619995,135.796951,7888600
2022-08-12,158.250000,159.910004,157.139999,159.850006,135.992615,7244700
2022-08-15,155.179993,157.789993,153.440002,156.809998,133.406326,8975200
2022-08-16,157.410004,157.919998,155.820007,156.410004,133.066040,7218400
2022-08-17,156.630005,159.339996,155.509995,157.699997,134.163513,6741100
2022-08-18,157.149994,159.660004,157.089996,159.020004,136.515717,6477500
2022-08-19,158.460007,159.740005,157.619995,157.690002,135.373947,6834200
2022-08-22,156.690002,157.740005,154.419998,156.899994,134.695770,9147000
2022-08-23,159.100006,162.339996,158.710007,161.990005,139.065445,10354800
2022-08-24,161.660004,163.350006,160.669998,163.190002,140.095596,9468100
2022-08-25,163.919998,164.899994,162.610001,164.619995,141.323227,8050700
2022-08-26,164.179993,166.130005,162.460007,163.410004,140.284470,7765800
2022-08-29,163.889999,166.830002,163.639999,164.630005,141.331833,8462600
2022-08-30,162.320007,162.559998,158.759995,160.619995,137.889297,8814300
2022-08-31,157.610001,161.410004,156.149994,158.059998,135.691574,13582700
2022-09-01,156.479996,156.880005,153.229996,155.539993,133.528214,8244400
2022-09-02,158.240005,159.130005,156.720001,157.850006,135.511322,7526600
2022-09-06,159.889999,159.990005,155.710007,157.119995,134.884628,8550000
2022-09-07,154.059998,155.820007,152.619995,155.110001,133.159058,9442100
2022-09-08,155.589996,156.380005,153.380005,155.949997,133.880173,9232500
2022-09-09,158.410004,160.649994,157.529999,159.970001,137.331268,8261100
2022-09-12,162.809998,164.529999,161.250000,162.500000,139.503250,8920800
2022-09-13,161.410004,162.660004,158.740005,159.410004,136.850540,10308300
2022-09-14,160.940002,163.570007,160.350006,163.270004,140.164261,11160800
2022-09-15,160.679993,161.699997,159.580002,160.619995,137.889297,9665000
2022-09-16,160.520004,161.139999,155.610001,156.449997,134.309433,43741600
2022-09-19,152.929993,156.949997,152.800003,156.899994,134.695770,6813800
2022-09-20,156.039993,156.850006,154.339996,156.279999,134.163513,8955200
2022-09-21,158.309998,158.779999,154.949997,155.009995,133.073227,6877000
2022-09-22,157.600006,158.279999,154.740005,154.889999,132.970200,6981100
2022-09-23,149.750000,150.179993,143.660004,144.770004,124.282379,13919700
2022-09-26,143.570007,145.050003,140.889999,140.960007,121.011574,9444000
2022-09-27,142.289993,143.770004,140.460007,141.020004,121.063080,10121000
2022-09-28,142.080002,146.440002,141.399994,145.779999,125.149445,8279800
2022-09-29,144.509995,145.410004,142.270004,144.770004,124.282379,8197600
2022-09-30,144.029999,145.139999,142.490005,143.669998,123.338058,9402700
2022-10-03,148.970001,152.339996,148.300003,151.729996,130.257385,9597400
2022-10-04,154.429993,157.880005,153.630005,157.630005,135.322464,9520200
2022-10-05,155.839996,159.729996,154.800003,158.529999,136.095108,10633100
2022-10-06,157.339996,161.940002,157.199997,161.419998,138.576080,9498300
2022-10-07,162.509995,163.929993,159.059998,160.029999,137.382797,9972500
2022-10-10,161.000000,161.470001,156.440002,157.139999,134.901794,5904500
2022-10-11,154.750000,159.929993,154.110001,157.169998,134.927551,7533300
2022-10-12,156.139999,158.809998,155.520004,157.639999,135.331055,4942000
2022-10-13,156.350006,165.990005,156.350006,165.279999,141.889862,10227500
2022-10-14,164.039993,165.460007,159.929993,160.139999,137.477234,7327900
2022-10-17,163.289993,164.910004,161.100006,161.309998,138.481659,5890400
2022-10-18,162.360001,163.309998,158.960007,162.720001,139.692108,5631200
2022-10-19,163.589996,169.210007,163.589996,168.000000,144.224869,9766800
2022-10-20,169.300003,171.820007,167.940002,168.960007,145.049026,8871500
2022-10-21,169.149994,173.839996,168.850006,173.190002,148.680420,7971300
2022-10-24,172.080002,174.669998,171.610001,173.130005,148.628906,7007700
2022-10-25,173.059998,175.000000,172.169998,174.929993,150.174164,7280600
2022-10-26,175.320007,178.479996,175.169998,177.089996,152.028488,6865300
2022-10-27,179.889999,181.399994,177.479996,177.899994,152.723862,9177400
2022-10-28,181.470001,182.860001,176.529999,179.979996,154.509506,10773900
2022-10-31,178.059998,183.839996,178.059998,180.899994,155.299316,13281000
2022-11-01,183.869995,184.500000,181.899994,182.220001,156.432510,9185600
2022-11-02,180.929993,182.899994,178.270004,178.500000,153.238968,8087500
2022-11-03,177.970001,182.190002,177.410004,181.130005,155.496780,6607800
2022-11-04,184.839996,185.399994,180.600006,183.419998,157.462677,7491900
2022-11-07,182.500000,186.380005,182.110001,185.610001,159.342743,7578000
2022-11-08,185.320007,186.250000,183.860001,185.339996,159.110947,6308200
2022-11-09,183.610001,183.809998,177.220001,177.929993,152.749603,8021700
2022-11-10,182.229996,182.330002,178.039993,181.300003,155.642685,6981500
2022-11-11,184.050003,187.100006,183.889999,186.460007,160.072479,8428300
2022-11-14,186.309998,189.679993,186.179993,186.550003,160.149734,9722400
2022-11-15,187.119995,188.440002,185.270004,188.050003,161.437439,7747300
2022-11-16,186.539993,187.820007,183.679993,184.990005,158.810516,7941100
2022-11-17,181.509995,184.229996,180.270004,184.089996,159.260361,6550500
2022-11-18,180.960007,183.410004,179.649994,182.990005,158.308716,7661500
2022-11-21,179.729996,181.699997,175.820007,181.240005,156.794769,8432900
2022-11-22,183.750000,186.559998,183.080002,185.889999,160.817566,9018000
2022-11-23,183.210007,185.149994,182.580002,184.240005,159.390121,5831200
2022-11-25,184.889999,185.300003,183.309998,183.699997,158.922943,2796400
2022-11-28,180.279999,181.470001,177.960007,178.360001,154.303207,9365500
2022-11-29,180.259995,181.850006,179.649994,181.029999,156.613098,6985400
2022-11-30,182.850006,183.339996,179.619995,183.309998,158.585556,10936700
2022-12-01,184.259995,184.550003,181.440002,182.490005,157.876160,5217400
2022-12-02,181.529999,183.630005,179.929993,181.029999,156.613098,6852300
2022-12-05,182.669998,182.949997,174.630005,176.559998,152.745987,8162200
2022-12-06,175.509995,178.059998,171.119995,172.009995,148.809677,8765000
2022-12-07,171.059998,174.580002,170.850006,172.520004,149.250900,6936300
2022-12-08,176.250000,176.399994,172.029999,173.539993,150.133316,8076600
2022-12-09,172.300003,173.190002,167.929993,168.000000,145.340546,10754300
2022-12-12,168.929993,170.520004,167.710007,169.750000,146.854507,9364900
2022-12-13,173.570007,174.460007,172.479996,173.529999,150.124634,7838800
2022-12-14,174.490005,174.919998,171.270004,172.330002,149.086517,7045500
2022-12-15,170.600006,171.369995,168.059998,171.039993,147.970490,7272900
2022-12-16,168.529999,170.149994,167.100006,168.720001,145.963470,23876000
2022-12-19,170.110001,170.820007,168.250000,169.880005,146.966995,7131600
2022-12-20,169.809998,173.289993,169.600006,172.669998,149.380630,6199100
2022-12-21,175.190002,175.960007,173.160004,174.699997,151.136887,5479400
2022-12-22,175.160004,175.210007,168.330002,172.080002,148.870255,5755000
2022-12-23,174.100006,177.580002,173.690002,177.399994,153.472687,6079100
2022-12-27,178.360001,180.229996,177.399994,179.630005,155.401901,5168000
2022-12-28,178.860001,179.300003,175.929993,176.979996,153.109329,4494400
2022-12-29,176.649994,179.199997,176.649994,178.320007,154.268616,4142100
2022-12-30,178.029999,179.949997,177.699997,179.490005,155.280807,5005100
2023-01-03,178.039993,179.000000,171.509995,173.990005,150.522614,7565400
2023-01-04,170.949997,174.289993,170.850006,172.139999,148.922150,7684500
2023-01-05,171.500000,176.190002,171.240005,175.240005,151.604050,6088200
2023-01-06,177.020004,179.389999,175.699997,176.559998,152.745987,7191200
2023-01-09,178.259995,178.330002,174.380005,175.179993,151.552109,8385600
2023-01-10,176.399994,176.710007,173.720001,176.039993,152.296112,8307000
2023-01-11,177.889999,178.139999,174.300003,175.199997,151.569397,6962600
2023-01-12,175.990005,178.369995,175.899994,177.080002,153.195862,6891400
2023-01-13,177.089996,177.990005,175.679993,177.559998,153.611115,5726300
2023-01-17,178.440002,181.320007,178.179993,180.490005,156.145905,10697700
2023-01-18,180.820007,182.380005,176.940002,177.229996,153.325623,8899200
2023-01-19,176.610001,179.949997,176.160004,179.000000,154.856873,5907200
2023-01-20,178.809998,181.360001,177.520004,180.899994,156.500641,10477900
2023-01-23,181.210007,182.550003,180.029999,180.660004,156.292984,8381300
2023-01-24,181.089996,182.000000,178.699997,180.830002,156.440048,5989000
2023-01-25,179.289993,180.029999,176.350006,179.080002,154.926071,6727500
2023-01-26,184.990005,187.809998,183.479996,187.789993,162.461288,14307800
2023-01-27,184.229996,184.229996,177.919998,179.449997,155.246185,19654700
2023-01-30,178.000000,178.339996,173.669998,174.199997,150.704315,11476000
2023-01-31,172.750000,174.630005,171.419998,174.020004,150.548553,14481300
2023-02-01,173.309998,173.660004,169.539993,171.360001,148.247360,11526400
2023-02-02,171.130005,171.429993,166.820007,169.009995,146.214310,10463400
2023-02-03,169.860001,171.550003,168.490005,169.449997,146.594955,8404900
2023-02-06,169.559998,170.119995,167.369995,169.639999,146.759369,7659500
2023-02-07,170.070007,174.389999,169.610001,174.089996,150.609131,10256500
2023-02-08,172.479996,174.070007,169.470001,170.000000,147.070801,9784700
2023-02-09,170.229996,170.660004,168.000000,168.440002,145.721207,10123400
2023-02-10,170.800003,172.729996,170.779999,171.970001,148.775085,11602400
2023-02-13,171.320007,171.899994,169.770004,171.009995,147.944565,9442900
2023-02-14,170.479996,173.509995,169.979996,172.320007,149.077896,8077300
2023-02-15,169.399994,169.520004,167.500000,169.009995,147.506866,8885700
2023-02-16,168.190002,168.660004,166.399994,166.570007,145.377335,6727500
2023-02-17,164.729996,164.839996,161.850006,162.850006,142.130615,9612100
2023-02-21,162.179993,163.750000,160.699997,161.000000,140.516006,7259700
2023-02-22,160.279999,161.660004,158.910004,160.350006,139.948685,6205900
2023-02-23,162.250000,162.839996,160.559998,161.929993,141.327667,6445500
2023-02-24,160.770004,162.600006,159.149994,162.410004,141.746597,5330200
2023-02-27,163.009995,163.369995,161.919998,162.820007,142.104431,6386800
2023-02-28,164.320007,164.320007,160.279999,160.770004,140.315247,10854200
2023-03-01,160.919998,163.589996,160.589996,162.050003,141.432419,7470400
2023-03-02,161.979996,163.490005,161.589996,162.559998,141.877518,5582000
2023-03-03,160.869995,165.580002,160.419998,164.960007,143.972153,6007500
2023-03-06,164.339996,166.800003,163.809998,166.169998,145.028229,7703600
2023-03-07,165.699997,166.600006,163.580002,164.029999,143.160492,7393000
2023-03-08,163.229996,165.289993,161.380005,162.990005,142.252823,5435800
2023-03-09,163.789993,165.490005,160.190002,160.509995,140.088348,6214700
2023-03-10,160.940002,164.669998,158.669998,159.669998,139.355194,7385800
2023-03-13,156.440002,160.949997,153.800003,158.710007,138.517380,10106100
2023-03-14,158.259995,164.020004,157.880005,160.759995,140.306519,10035200
2023-03-15,155.589996,157.949997,152.009995,153.800003,134.232056,14063100
2023-03-16,150.160004,155.470001,149.910004,154.289993,134.659698,12849600
2023-03-17,153.619995,155.380005,150.600006,152.339996,132.957794,33161800
2023-03-20,151.740005,155.779999,151.289993,154.580002,134.912811,8469200
2023-03-21,157.160004,159.570007,156.470001,159.309998,139.041000,9753500
2023-03-22,159.869995,160.059998,155.929993,156.070007,136.213257,6315000
2023-03-23,157.020004,158.759995,153.139999,154.520004,134.860443,7859400
2023-03-24,152.100006,156.649994,151.830002,156.059998,136.204514,6600100
2023-03-27,157.399994,158.479996,155.690002,157.649994,137.592194,7006800
2023-03-28,157.279999,160.190002,156.679993,159.490005,139.198090,5605400
2023-03-29,160.619995,161.320007,159.330002,160.860001,140.393799,7569700
2023-03-30,162.250000,163.009995,161.580002,162.389999,141.729141,6322400
2023-03-31,162.699997,163.720001,162.149994,163.160004,142.401184,7041400
2023-04-03,169.800003,171.100006,168.919998,169.949997,148.327286,12868200
2023-04-04,171.139999,171.139999,167.720001,169.039993,147.533066,7521400
2023-04-05,169.259995,170.440002,167.740005,169.880005,148.266190,6478100
2023-04-06,169.350006,169.410004,167.130005,167.649994,146.319916,5803200
2023-04-10,168.490005,169.679993,167.309998,168.289993,146.878525,5923500
2023-04-11,169.070007,170.339996,168.070007,169.220001,147.690170,5469600
2023-04-12,170.449997,171.119995,169.470001,169.820007,148.213821,6157900
2023-04-13,170.250000,172.470001,169.820007,172.089996,150.195023,6856600
2023-04-14,172.500000,172.880005,171.220001,172.440002,150.500488,4930700
2023-04-17,172.389999,172.539993,170.220001,170.919998,149.173859,7006000
2023-04-18,170.820007,172.389999,170.130005,170.520004,148.824799,8045600
2023-04-19,169.460007,170.740005,169.100006,170.679993,148.964417,5506800
2023-04-20,168.759995,170.059998,168.020004,169.850006,148.240021,5851100
2023-04-21,169.830002,170.589996,168.839996,169.119995,147.602875,7179000
2023-04-24,169.100006,172.380005,168.580002,171.479996,149.662613,7177600
2023-04-25,170.320007,170.399994,168.429993,168.990005,147.489410,5807200
2023-04-26,168.210007,168.949997,165.229996,165.979996,144.862381,5927400
2023-04-27,166.429993,167.389999,165.070007,166.949997,145.708969,6417200
2023-04-28,164.500000,168.940002,164.050003,168.580002,147.131577,10036300
2023-05-01,167.710007,168.729996,166.360001,167.240005,145.962112,6099800
2023-05-02,165.320007,165.380005,158.449997,160.039993,139.678162,10701700
2023-05-03,158.149994,159.570007,156.740005,156.830002,136.876556,7538100
2023-05-04,157.110001,158.199997,155.419998,156.220001,136.344147,7500400
2023-05-05,159.300003,161.119995,158.779999,160.210007,139.826523,5802000
2023-05-08,161.570007,162.300003,159.520004,159.580002,139.276688,5028200
2023-05-09,158.110001,160.419998,157.910004,159.119995,138.875198,5019800
2023-05-10,160.440002,160.440002,155.880005,157.089996,137.103470,6161200
2023-05-11,155.380005,156.320007,153.889999,156.220001,136.344147,6666100
2023-05-12,157.000000,157.929993,155.559998,156.619995,136.693222,4898900
2023-05-15,157.229996,158.160004,156.229996,157.199997,137.199463,5096700
2023-05-16,156.479996,157.020004,153.330002,153.509995,133.978943,7007700
2023-05-17,154.789993,156.419998,153.960007,155.710007,135.899048,6169600
2023-05-18,152.869995,154.240005,151.529999,154.009995,135.731598,7477700
2023-05-19,154.889999,156.440002,153.990005,155.229996,136.806808,8100900
2023-05-22,153.789993,154.830002,152.089996,152.440002,134.347916,11661000
2023-05-23,154.139999,157.679993,153.839996,156.850006,138.234528,10436200
2023-05-24,157.949997,158.570007,156.289993,157.270004,138.604691,7064000
2023-05-25,154.679993,155.630005,153.500000,154.559998,136.216309,7037700
2023-05-26,155.289993,155.630005,153.460007,154.080002,135.793274,7736200
2023-05-30,151.669998,153.259995,151.210007,153.119995,134.947235,7814800
2023-05-31,151.539993,152.419998,150.360001,150.619995,132.743912,13346400
2023-06-01,151.300003,153.740005,149.740005,152.160004,134.101181,9887700
2023-06-02,154.580002,156.750000,153.610001,156.259995,137.714554,9464300
2023-06-05,158.449997,158.449997,155.240005,155.509995,137.053558,6443800
2023-06-06,153.330002,156.160004,153.199997,155.789993,137.300308,6176400
2023-06-07,156.550003,160.210007,156.500000,159.830002,140.860855,9900000
2023-06-08,160.160004,160.490005,157.089996,159.240005,140.340881,7142200
2023-06-09,159.279999,160.389999,158.619995,158.860001,140.005966,6669500
2023-06-12,157.059998,159.330002,156.229996,157.330002,138.657578,7159600
2023-06-13,158.520004,160.580002,158.270004,158.509995,139.697510,7660800
2023-06-14,159.979996,160.770004,156.149994,157.089996,138.446030,7721100
2023-06-15,157.320007,159.789993,157.320007,158.279999,139.494812,7705400
2023-06-16,158.570007,159.240005,157.259995,157.259995,138.595886,22908100
2023-06-20,156.149994,156.570007,152.240005,153.679993,135.440750,10438700
2023-06-21,152.669998,155.960007,152.500000,154.880005,136.498306,7328200
2023-06-22,153.350006,153.589996,151.970001,152.639999,134.524185,7088600
2023-06-23,151.009995,151.699997,150.130005,151.350006,133.387283,15172700
2023-06-26,151.619995,154.970001,151.539993,154.009995,135.731598,7371800
2023-06-27,153.500000,154.710007,152.820007,153.529999,135.308548,6581700
2023-06-28,153.440002,155.020004,152.190002,154.919998,136.533585,5773800
2023-06-29,155.429993,156.270004,154.440002,156.240005,137.696945,5633500
2023-06-30,157.460007,157.919998,156.600006,157.350006,138.675186,6346600
2023-07-03,157.179993,158.100006,156.699997,157.210007,138.551804,3272600
2023-07-05,157.699997,157.699997,155.119995,156.309998,137.758621,6318700
2023-07-06,155.199997,155.830002,151.630005,152.880005,134.735718,9203000
2023-07-07,152.139999,155.990005,151.960007,154.220001,135.916641,6602200
2023-07-10,153.929993,155.789993,153.919998,155.250000,136.824432,5167900
2023-07-11,156.000000,158.410004,155.660004,158.119995,139.353790,5060500
2023-07-12,159.220001,160.339996,158.330002,159.639999,140.693405,6464000
2023-07-13,159.839996,160.600006,156.570007,157.509995,138.816208,8143900
2023-07-14,157.009995,157.020004,153.300003,153.580002,135.352631,7065700
2023-07-17,153.350006,154.139999,152.639999,153.440002,135.229248,4351700
2023-07-18,152.669998,156.070007,152.369995,153.750000,135.502441,6798300
2023-07-19,153.830002,155.779999,153.279999,154.690002,136.330887,5653100
2023-07-20,156.160004,157.190002,155.710007,156.399994,137.837936,5866600
2023-07-21,157.529999,158.830002,157.059998,158.690002,139.856140,8760100
2023-07-24,160.470001,164.039993,160.009995,161.820007,142.614700,9722100
2023-07-25,161.910004,163.509995,160.660004,162.559998,143.266846,6767600
2023-07-26,160.880005,162.089996,160.550003,161.339996,142.191620,6056400
2023-07-27,162.089996,162.470001,159.220001,159.660004,140.711014,6470100
2023-07-28,158.410004,159.000000,156.509995,158.869995,140.014771,6542300
2023-07-31,161.130005,163.979996,160.619995,163.660004,144.236282,13056300
2023-08-01,163.639999,163.639999,160.550003,162.300003,143.037704,7531400
2023-08-02,161.169998,161.220001,158.059998,159.729996,140.772720,7067100
2023-08-03,159.910004,161.699997,158.850006,159.669998,140.719864,6680700
2023-08-04,160.660004,163.020004,159.039993,159.309998,140.402588,10185400
2023-08-07,161.009995,161.380005,159.080002,159.889999,140.913742,13927400
2023-08-08,157.940002,159.789993,156.220001,159.649994,140.702209,6451300
2023-08-09,160.860001,161.440002,159.309998,159.860001,140.887314,10531500
2023-08-10,160.330002,162.479996,159.619995,160.830002,141.742188,8647100
2023-08-11,160.500000,164.169998,160.179993,164.149994,144.668152,6682600
2023-08-14,163.770004,164.250000,162.610001,164.029999,144.562393,6060100
2023-08-15,163.399994,163.410004,159.100006,159.240005,140.340881,7876500
2023-08-16,160.520004,161.830002,158.470001,158.630005,139.803268,7920500
2023-08-17,159.179993,162.139999,158.970001,159.750000,142.143433,8270500
2023-08-18,158.380005,161.320007,158.160004,160.899994,143.166656,5999200
2023-08-21,161.199997,162.070007,159.449997,160.360001,142.686172,6802300
2023-08-22,160.490005,161.250000,158.970001,159.039993,141.511658,6080800
2023-08-23,158.139999,159.410004,156.699997,159.250000,141.698502,4975600
2023-08-24,157.729996,159.889999,157.559998,157.940002,140.532913,5989600
2023-08-25,159.070007,159.910004,157.649994,159.119995,141.582840,5291800
2023-08-28,159.529999,161.800003,159.220001,160.210007,142.552719,4386100
2023-08-29,160.910004,160.949997,159.100006,159.960007,142.330276,5374800
2023-08-30,160.589996,161.250000,159.929993,160.179993,142.526016,5534900
2023-08-31,161.009995,161.240005,159.929993,161.100006,143.344635,7003700
2023-09-01,162.639999,164.690002,162.639999,164.300003,146.191971,6663000
2023-09-05,165.279999,167.559998,165.199997,166.460007,148.113876,9755800
2023-09-06,166.279999,167.440002,165.580002,166.630005,148.265137,7195500
2023-09-07,167.139999,167.899994,166.279999,166.639999,148.274033,7925900
2023-09-08,167.419998,168.490005,166.710007,167.210007,148.781204,7434400
2023-09-11,168.080002,168.589996,162.869995,163.759995,145.711456,7155100
2023-09-12,165.300003,167.190002,165.100006,166.809998,148.425308,7521100
2023-09-13,167.410004,167.750000,165.580002,166.199997,147.882523,5759500
2023-09-14,167.699997,168.500000,167.119995,167.229996,148.799026,8822800
2023-09-15,166.210007,168.369995,165.880005,166.500000,148.149460,17439700
2023-09-18,167.869995,168.360001,166.399994,167.220001,148.790115,7027600
2023-09-19,168.690002,168.960007,166.429993,167.199997,148.772308,6615100
2023-09-20,167.070007,168.509995,166.600006,166.690002,148.318527,5939100
2023-09-21,167.119995,167.869995,165.050003,165.190002,146.983856,7150000
2023-09-22,166.229996,167.419998,165.940002,166.279999,147.953720,5963000
2023-09-25,166.330002,168.779999,165.990005,168.710007,150.115891,5510000
2023-09-26,167.440002,168.410004,166.979996,167.800003,149.306183,5659200
2023-09-27,169.369995,171.229996,168.809998,171.039993,152.189102,9124400
2023-09-28,170.550003,171.699997,169.429993,170.589996,151.788727,7151800
2023-09-29,170.490005,170.500000,167.820007,168.619995,150.035812,7396100
2023-10-02,168.339996,168.570007,165.229996,166.539993,148.185059,6839600
2023-10-03,165.919998,167.360001,165.509995,166.929993,148.532059,6168600
2023-10-04,164.699997,164.979996,161.490005,163.039993,145.070801,9664700
2023-10-05,161.419998,164.750000,161.389999,163.899994,145.836029,8073000
2023-10-06,164.309998,164.369995,158.990005,162.229996,144.350067,10190400
2023-10-09,166.380005,168.190002,164.949997,166.720001,148.345200,8183500
2023-10-10,166.770004,167.399994,165.679993,166.539993,148.185059,6512900
2023-10-11,165.070007,165.080002,160.479996,161.100006,143.344635,12570700
2023-10-12,163.259995,163.259995,160.899994,161.229996,143.460297,7397000
2023-10-13,163.410004,164.839996,162.300003,164.059998,145.978394,8042800
2023-10-16,165.339996,165.809998,163.850006,165.399994,147.170685,5446000
2023-10-17,164.830002,168.199997,164.649994,167.589996,149.119354,7538300
2023-10-18,168.470001,169.699997,167.580002,168.919998,150.302734,6893500
2023-10-19,168.699997,170.169998,167.509995,169.100006,150.462921,6580200
2023-10-20,168.410004,169.100006,166.100006,166.830002,148.443100,7458300
2023-10-23,163.300003,164.429993,160.250000,160.679993,142.970886,16232400
2023-10-24,160.889999,161.080002,156.470001,156.649994,139.385071,17689900
2023-10-25,156.940002,157.410004,155.169998,155.869995,138.691010,10502400
2023-10-26,155.009995,155.179993,153.630005,154.750000,137.694489,10830400
2023-10-27,150.720001,151.250000,143.960007,144.350006,128.440704,24524300
2023-10-30,145.660004,146.440002,144.320007,146.089996,129.988907,13857100
2023-10-31,146.100006,146.520004,144.229996,145.729996,129.668594,14261300
2023-11-01,145.979996,146.009995,143.820007,143.979996,128.111481,10819600
2023-11-02,144.539993,149.000000,143.830002,148.759995,132.364655,11099100
2023-11-03,148.300003,148.559998,146.149994,147.610001,131.341385,13160000
2023-11-06,148.729996,149.330002,146.690002,147.000000,130.798615,10634200
2023-11-07,145.160004,145.610001,143.240005,144.410004,128.494095,15054600
2023-11-08,143.880005,144.649994,142.250000,142.399994,126.705574,12654100
2023-11-09,143.050003,143.910004,141.779999,141.940002,126.296326,10359500
2023-11-10,143.289993,143.440002,141.729996,142.949997,127.194969,11988200
2023-11-13,143.149994,144.300003,142.850006,144.000000,128.129272,8747700
2023-11-14,144.479996,145.500000,143.860001,145.050003,129.063553,11224400
2023-11-15,144.860001,146.639999,144.410004,145.559998,129.517334,10052100
2023-11-16,143.020004,143.509995,140.740005,141.770004,127.467361,14031300
2023-11-17,142.949997,145.190002,142.399994,144.460007,129.885956,11075600
2023-11-20,144.630005,145.690002,144.270004,144.380005,129.814041,8062400
2023-11-21,143.830002,144.300003,142.699997,144.039993,129.508347,6783300
2023-11-22,141.740005,144.389999,140.720001,144.330002,129.769073,7216100
2023-11-24,144.300003,145.940002,144.199997,144.899994,130.281601,3861000
2023-11-27,144.649994,144.820007,142.850006,144.360001,129.796066,9850800
2023-11-28,144.779999,146.520004,144.059998,145.509995,130.830032,9746500
2023-11-29,146.389999,146.490005,143.059998,143.910004,129.391449,16417100
2023-11-30,144.979996,146.009995,142.029999,143.600006,129.112732,16276000
2023-12-01,143.490005,146.509995,142.600006,144.809998,130.200668,11906500
2023-12-04,144.000000,145.699997,143.250000,144.869995,130.254608,11842800
2023-12-05,144.759995,145.070007,142.630005,142.860001,128.447388,9597600
2023-12-06,141.899994,144.029999,141.350006,142.529999,128.150681,18079700
2023-12-07,143.509995,144.009995,140.990005,142.419998,128.051743,14786700
2023-12-08,143.509995,144.669998,143.119995,144.309998,129.751083,10821700
2023-12-11,144.839996,145.399994,143.820007,144.350006,129.787079,9849600
2023-12-12,143.169998,143.589996,141.750000,142.500000,128.123718,9863900
2023-12-13,142.169998,144.679993,141.649994,144.610001,130.020844,10641300
2023-12-14,145.850006,149.929993,145.850006,149.929993,134.804092,14960500
2023-12-15,147.320007,149.820007,147.320007,149.350006,134.282623,30850900
2023-12-18,150.830002,152.119995,149.320007,149.679993,134.579346,11561700
2023-12-19,149.960007,151.830002,149.490005,151.639999,136.341599,8738100
2023-12-20,152.149994,153.059998,150.059998,150.250000,135.091827,9370000
2023-12-21,150.779999,150.800003,149.220001,150.710007,135.505417,7264700
2023-12-22,151.740005,152.389999,150.750000,151.050003,135.811142,6396100
2023-12-26,152.070007,153.009995,151.899994,152.410004,137.033936,5165600
2023-12-27,152.270004,152.970001,151.339996,151.910004,136.584381,5337200
2023-12-28,151.179993,152.020004,149.399994,149.770004,134.660278,8148000
2023-12-29,150.029999,150.229996,148.669998,149.160004,134.111816,7658600
2024-01-02,149.990005,151.479996,149.240005,149.479996,134.399536,8879700
2024-01-03,149.389999,153.190002,148.679993,152.330002,136.961990,10255300
2024-01-04,153.660004,154.350006,150.589996,150.660004,135.460480,8220300
2024-01-05,151.979996,152.029999,149.830002,150.399994,135.226715,7455400
2024-01-08,148.419998,149.699997,146.580002,149.500000,134.417480,10038200
2024-01-09,149.949997,149.949997,145.589996,145.699997,131.000885,11784700
2024-01-10,146.020004,146.020004,144.110001,144.500000,129.921951,8490400
2024-01-11,145.559998,146.169998,144.619995,145.279999,130.623276,8612500
2024-01-12,147.830002,148.500000,146.169998,147.270004,132.412506,9386900
2024-01-16,146.509995,146.580002,143.580002,143.690002,129.193665,9380400
2024-01-17,142.419998,144.020004,142.039993,143.119995,128.681152,8167000
2024-01-18,143.000000,143.190002,139.619995,141.820007,127.512299,11187800
2024-01-19,141.729996,142.250000,141.009995,142.240005,127.889938,11192500
2024-01-22,141.910004,142.660004,140.919998,142.490005,128.114716,9184600
2024-01-23,141.990005,143.330002,141.899994,142.089996,127.755074,6767200
2024-01-24,142.699997,144.979996,142.220001,144.919998,130.299561,8100000
2024-01-25,146.220001,148.690002,145.229996,148.570007,133.581329,9773600
2024-01-26,148.029999,149.259995,146.979996,149.139999,134.093811,9151900
2024-01-29,149.089996,149.220001,147.110001,149.080002,134.039886,10494800
2024-01-30,148.179993,150.309998,147.710007,150.119995,134.974945,9902900
2024-01-31,150.369995,150.380005,147.339996,147.429993,132.556351,10428000
2024-02-01,148.190002,149.020004,146.520004,147.889999,132.969910,8641100
2024-02-02,150.860001,153.380005,149.550003,152.240005,136.881088,12839100
2024-02-05,151.619995,153.509995,150.789993,152.330002,136.961990,8277800
2024-02-06,152.500000,153.539993,151.809998,152.350006,136.979996,6198200
2024-02-07,153.020004,153.779999,151.169998,152.130005,136.782166,6252000
2024-02-08,151.949997,154.300003,151.649994,154.059998,138.517471,9237000
2024-02-09,154.419998,155.320007,150.979996,151.039993,135.802139,9194500
2024-02-12,151.619995,152.610001,151.389999,152.080002,136.737213,6713000
2024-02-13,152.619995,153.070007,149.600006,150.600006,135.406509,6987100
2024-02-14,151.279999,152.199997,150.080002,151.009995,135.775177,5995100
2024-02-15,149.910004,155.089996,149.669998,154.460007,140.392502,8950300
2024-02-16,155.369995,155.770004,154.089996,154.630005,140.547012,7570200
2024-02-20,155.470001,155.610001,153.830002,154.000000,139.974411,6977900
2024-02-21,154.570007,155.570007,154.100006,155.440002,141.283249,6628900
2024-02-22,154.820007,156.630005,153.830002,155.429993,141.274170,8874900
2024-02-23,154.869995,154.919998,153.250000,154.660004,140.574280,6561600
2024-02-26,154.539993,155.550003,153.830002,154.449997,140.383423,6900800
2024-02-27,153.199997,153.880005,149.899994,152.160004,138.301987,15093800
2024-02-28,152.360001,153.860001,151.779999,152.339996,138.465591,6715900
2024-02-29,152.910004,153.240005,151.479996,152.009995,138.165634,9334400
2024-03-01,153.050003,154.350006,152.250000,152.809998,138.892776,7459100
2024-03-04,152.500000,152.589996,147.669998,148.880005,135.320694,12503200
2024-03-05,148.830002,150.619995,148.300003,149.589996,135.966034,6985500
2024-03-06,150.830002,152.410004,148.139999,148.330002,134.820786,14692100
2024-03-07,148.500000,150.750000,148.449997,149.369995,135.766068,8739300
2024-03-08,149.369995,149.990005,148.389999,149.880005,136.229630,7528400
2024-03-11,150.500000,152.080002,149.589996,152.000000,138.156540,7577100
2024-03-12,151.830002,152.570007,150.789993,151.889999,138.056549,6432900
2024-03-13,153.240005,154.880005,153.149994,153.889999,139.874420,8065600
2024-03-14,153.770004,155.729996,152.759995,155.699997,141.519547,9047200
2024-03-15,155.190002,157.039993,154.419998,155.550003,141.383240,20387200
2024-03-18,156.029999,156.669998,154.940002,155.410004,141.255981,7242700
2024-03-19,155.300003,156.839996,155.009995,156.619995,142.355774,7736700
2024-03-20,155.759995,156.429993,154.229996,154.550003,140.474289,8449100
2024-03-21,154.949997,155.690002,154.410004,154.860001,140.756088,7899100
2024-03-22,155.080002,155.279999,154.160004,154.660004,140.574280,5974700
2024-03-25,155.479996,157.309998,155.270004,156.470001,142.219437,6058700
2024-03-26,156.520004,156.860001,154.649994,155.270004,141.128723,6677900
2024-03-27,154.869995,156.440002,154.850006,156.350006,142.110382,7416900
2024-03-28,157.149994,158.190002,156.369995,157.740005,143.373764,8331600
2024-04-01,158.270004,159.589996,156.940002,159.080002,144.591766,6285700
2024-04-02,160.050003,161.220001,159.020004,159.779999,145.227966,8815400
2024-04-03,160.100006,160.949997,159.720001,160.440002,145.827881,7819700
2024-04-04,160.800003,161.949997,159.820007,160.690002,146.055099,9269700
2024-04-05,161.330002,162.169998,159.860001,161.600006,146.882217,7432800
2024-04-08,161.649994,162.500000,160.330002,161.270004,146.582275,7253200
2024-04-09,161.850006,162.529999,160.460007,162.000000,147.245773,6576200
2024-04-10,162.210007,162.770004,161.009995,162.669998,147.854782,7525800
2024-04-11,163.619995,163.619995,159.800003,161.889999,147.145813,7682500
2024-04-12,162.289993,163.869995,158.039993,158.960007,144.482666,11071000
2024-04-15,159.940002,160.490005,157.360001,157.589996,143.237442,7236900
2024-04-16,157.300003,157.809998,155.419998,156.279999,142.046738,5541900
2024-04-17,155.990005,157.710007,155.639999,156.399994,142.155807,6733900
2024-04-18,157.139999,158.039993,156.389999,157.570007,143.219269,4979200
2024-04-19,158.750000,160.750000,158.149994,160.000000,145.427948,7734700
2024-04-22,159.949997,162.699997,158.440002,161.919998,147.173080,6779200
2024-04-23,161.309998,162.850006,160.600006,162.850006,148.018417,5597600
2024-04-24,161.880005,163.839996,161.449997,163.570007,148.672821,7610300
2024-04-25,163.699997,165.600006,162.669998,165.279999,150.227066,9702600
2024-04-26,165.229996,166.979996,163.300003,165.889999,150.781494,9736400
2024-04-29,165.910004,167.110001,164.690002,166.330002,151.181442,6364000
2024-04-30,165.970001,166.119995,160.949997,161.270004,146.582275,8457300
2024-05-01,160.779999,161.449997,158.899994,159.630005,145.091629,7713700
2024-05-02,160.410004,161.779999,159.889999,160.729996,146.091461,8597100
2024-05-03,160.660004,160.660004,157.039993,160.250000,145.655167,11664500
2024-05-06,160.729996,164.020004,160.729996,162.300003,147.518463,8430300
2024-05-07,162.309998,163.149994,162.020004,162.669998,147.854782,6869900
2024-05-08,161.949997,163.080002,161.539993,162.539993,147.736603,6706400
2024-05-09,163.020004,165.509995,162.729996,165.449997,150.381577,6683300
2024-05-10,166.039993,166.419998,165.020004,165.820007,150.717926,5490900
2024-05-13,166.479996,166.910004,162.979996,164.529999,149.545364,6848300
2024-05-14,164.339996,165.199997,163.020004,163.610001,148.709167,4924000
2024-05-15,163.130005,163.800003,160.169998,163.050003,148.200180,7603100
2024-05-16,161.529999,162.000000,160.479996,161.089996,147.897186,6409400
2024-05-17,161.750000,162.970001,161.190002,162.669998,149.347809,5497900
2024-05-20,162.720001,163.000000,161.070007,161.139999,147.943085,4913800
2024-05-21,160.580002,161.460007,159.740005,159.970001,146.868912,4783300
2024-05-22,159.520004,159.520004,156.520004,157.570007,144.665482,6260500
2024-05-23,157.919998,158.600006,156.330002,156.940002,144.087082,6718400
2024-05-24,158.080002,158.970001,157.300003,157.750000,144.830734,4477700
2024-05-28,158.119995,159.419998,157.949997,159.039993,146.015091,6928300
2024-05-29,158.020004,158.490005,156.440002,156.899994,144.050354,5909600
2024-05-30,156.850006,158.460007,156.809998,158.259995,145.298965,6369600
2024-05-31,158.630005,162.580002,158.509995,162.300003,149.008087,10334200
2024-06-03,161.490005,161.679993,156.460007,157.460007,144.564468,9009900
2024-06-04,155.720001,156.350006,154.110001,156.130005,143.343399,6360500
2024-06-05,156.160004,157.020004,154.529999,154.979996,142.287552,7058500
2024-06-06,154.500000,156.020004,153.389999,155.929993,143.159790,5215100
2024-06-07,155.710007,157.690002,155.130005,156.080002,143.297485,5887700
2024-06-10,156.410004,158.199997,156.320007,156.740005,143.903458,7074700
2024-06-11,156.169998,156.750000,154.479996,156.490005,143.673920,5132000
2024-06-12,157.490005,157.630005,152.399994,154.220001,141.589813,10017400
2024-06-13,153.770004,154.089996,152.229996,152.839996,140.322845,6163000
2024-06-14,153.130005,153.289993,151.970001,152.570007,140.074966,6159100
2024-06-17,152.500000,153.929993,151.929993,153.190002,140.644165,6321400
2024-06-18,153.550003,155.949997,152.839996,153.330002,140.772705,6942900
2024-06-20,153.710007,157.410004,153.250000,156.639999,143.811661,8336000
2024-06-21,156.800003,157.669998,155.220001,155.279999,142.563004,21289800
2024-06-24,156.270004,159.539993,156.190002,159.309998,146.262985,7971600
2024-06-25,159.119995,159.360001,157.669998,158.460007,145.482590,5985400
2024-06-26,158.460007,158.460007,155.789993,155.949997,143.178131,8637800
2024-06-27,156.699997,156.940002,155.639999,156.320007,143.517883,5568700
2024-06-28,157.520004,158.580002,156.169998,156.419998,143.609650,11283400
2024-07-01,157.160004,158.699997,155.979996,156.520004,143.701447,5584100
2024-07-02,157.679993,157.720001,155.449997,156.750000,143.912628,7216800
2024-07-03,156.940002,157.740005,156.559998,156.710007,143.875916,3264200
2024-07-05,156.550003,156.550003,153.679993,154.309998,141.672455,6183100
2024-07-08,153.320007,155.279999,153.320007,154.330002,141.690811,4990700
2024-07-09,153.000000,154.759995,152.350006,152.979996,140.451385,5301600
2024-07-10,152.500000,155.440002,152.300003,155.130005,142.425308,5416600
2024-07-11,155.000000,156.679993,154.220001,155.259995,142.544647,8322500
2024-07-12,156.160004,156.440002,154.559998,155.589996,142.847610,6446300
2024-07-15,156.949997,159.520004,156.369995,158.039993,145.096985,5661200
2024-07-16,157.009995,158.309998,156.149994,157.770004,144.849106,6924200
2024-07-17,158.500000,161.479996,158.289993,161.229996,148.025711,7296600
2024-07-18,161.229996,164.279999,160.240005,161.970001,148.705139,6577700
2024-07-19,162.479996,162.699997,158.410004,159.149994,146.116089,6427700
2024-07-22,158.220001,158.979996,156.850006,156.990005,144.132980,5577300
2024-07-23,156.350006,156.600006,153.839996,154.089996,141.470490,6238700
2024-07-24,154.690002,155.699997,153.419998,155.070007,142.370209,5971700
2024-07-25,155.369995,158.259995,154.619995,157.539993,144.637939,5432100
2024-07-26,157.729996,159.039993,157.059998,157.839996,144.913345,5232500
2024-07-29,158.250000,158.250000,154.860001,156.600006,143.774902,5072000
2024-07-30,156.460007,160.089996,156.440002,159.570007,146.501663,5740900
2024-07-31,161.690002,161.690002,160.050003,160.470001,147.327942,6209200
2024-08-01,158.710007,159.500000,152.029999,152.619995,140.120880,16689900
2024-08-02,151.130005,152.039993,147.020004,148.550003,136.384171,13278600
2024-08-05,145.520004,145.770004,143.410004,144.660004,132.812775,13037200
2024-08-06,144.490005,145.089996,143.119995,143.229996,131.499878,9692700
2024-08-07,144.580002,145.729996,142.279999,142.410004,130.747025,8867900
2024-08-08,143.070007,144.820007,142.710007,144.490005,132.656693,7531100
2024-08-09,144.210007,146.110001,143.190002,144.990005,133.115738,7653100
2024-08-12,145.839996,146.740005,139.690002,145.020004,133.143311,8442200
2024-08-13,144.080002,144.550003,143.050003,144.149994,132.344513,7794800
2024-08-14,144.389999,145.240005,143.429993,144.669998,132.821945,5874200
2024-08-15,145.589996,147.520004,145.479996,146.800003,134.777496,6304200
2024-08-16,146.050003,147.619995,145.639999,147.270004,135.209015,6874400
2024-08-19,146.009995,147.729996,145.889999,146.830002,136.313766,5967400
2024-08-20,146.330002,146.509995,144.559998,144.690002,134.327042,7497600
2024-08-21,145.429993,146.639999,144.550003,145.320007,134.911942,5985000
2024-08-22,145.350006,146.330002,145.130005,145.729996,135.292557,4027000
2024-08-23,146.529999,148.089996,146.320007,147.619995,137.047180,4824100
2024-08-26,148.970001,150.089996,147.550003,148.500000,137.864197,5780300
2024-08-27,148.669998,149.550003,146.740005,146.949997,136.425171,5100000
2024-08-28,146.440002,147.139999,145.479996,146.000000,135.543228,5614400
2024-08-29,146.460007,148.179993,145.440002,147.419998,136.861511,4466700
2024-08-30,146.220001,148.080002,145.699997,147.949997,137.353546,6414800
2024-09-03,145.550003,145.770004,144.279999,144.660004,134.299210,7944700
2024-09-04,144.639999,145.529999,141.669998,142.070007,131.894714,9820700
2024-09-05,143.169998,143.169998,140.600006,140.929993,130.836334,9371100
2024-09-06,141.070007,142.110001,137.869995,138.559998,128.636093,7836400
2024-09-09,138.639999,142.020004,138.539993,140.300003,130.251465,9892300
2024-09-10,140.899994,141.080002,137.089996,138.229996,128.329727,8202500
2024-09-11,138.210007,138.479996,135.369995,137.880005,128.004822,9534000
2024-09-12,138.229996,139.470001,137.419998,139.210007,129.239563,6591500
2024-09-13,139.869995,141.529999,139.710007,140.610001,130.539261,5900700
2024-09-16,141.690002,143.169998,141.070007,142.089996,131.913284,6864300
2024-09-17,141.800003,144.139999,141.740005,143.410004,133.138733,7338800
2024-09-18,143.320007,145.600006,143.190002,143.960007,133.649338,6180300
2024-09-19,145.809998,146.779999,144.929993,144.990005,134.605576,7247400
2024-09-20,145.229996,145.910004,143.440002,145.679993,135.246140,23162900
2024-09-23,146.250000,148.419998,145.949997,147.539993,136.972916,6960600
2024-09-24,148.880005,149.100006,146.910004,147.449997,136.889374,6014200
2024-09-25,146.949997,147.410004,143.500000,143.970001,133.658615,7888400
2024-09-26,140.899994,143.220001,140.630005,141.990005,131.820435,8046200
2024-09-27,142.979996,145.770004,142.839996,145.490005,135.069763,8049200
2024-09-30,145.369995,147.479996,144.279999,147.270004,136.722275,7491700
2024-10-01,146.350006,150.520004,145.449997,149.699997,138.978226,9489100
2024-10-02,151.679993,152.279999,149.259995,150.949997,140.138687,8105400
2024-10-03,151.309998,152.169998,150.020004,151.250000,140.417221,6553300
2024-10-04,152.479996,152.500000,150.139999,150.740005,139.943741,7892400
2024-10-07,151.500000,152.750000,150.690002,151.119995,140.296524,5895900
2024-10-08,149.199997,149.600006,147.729996,148.750000,138.096268,5892700
2024-10-09,147.509995,150.369995,147.360001,149.649994,138.931808,4973500
2024-10-10,150.679993,151.550003,149.850006,150.619995,139.832352,4420900
2024-10-11,150.380005,152.330002,150.250000,151.419998,140.575027,5051300
2024-10-14,150.520004,151.899994,150.179993,151.779999,140.909256,4214700
2024-10-15,148.800003,149.960007,147.559998,147.729996,137.149307,6704600
2024-10-16,148.350006,149.029999,148.210007,148.729996,138.077682,4303700
2024-10-17,149.259995,151.330002,148.970001,151.199997,140.370789,6593100
2024-10-18,150.820007,151.080002,149.380005,150.750000,139.953018,5208200
2024-10-21,152.000000,152.479996,150.490005,150.880005,140.073715,5074000
2024-10-22,151.250000,151.679993,150.220001,150.919998,140.110855,4416400
2024-10-23,150.360001,151.000000,149.289993,150.479996,139.702347,5248600
2024-10-24,151.130005,151.449997,149.380005,150.449997,139.674500,5474300
2024-10-25,151.389999,152.119995,150.460007,150.809998,140.008743,6839900
2024-10-28,148.250000,150.699997,148.160004,150.539993,139.758072,8892000
2024-10-29,150.039993,150.419998,147.869995,148.520004,137.882736,6014700
2024-10-30,149.080002,149.649994,147.660004,148.050003,137.446381,5784000
2024-10-31,148.759995,149.570007,147.889999,148.820007,138.161270,8400900
2024-11-01,152.479996,155.929993,151.699997,153.070007,142.106873,11728000
2024-11-04,154.419998,154.419998,152.619995,153.970001,142.942413,6130000
2024-11-05,154.529999,154.669998,152.550003,153.410004,142.422516,5978900
2024-11-06,157.100006,158.610001,156.119995,157.720001,146.423813,12118900
2024-11-07,157.940002,158.009995,156.399994,156.770004,145.541855,8143200
2024-11-08,156.600006,157.580002,155.669998,156.929993,145.690414,6041500
2024-11-11,157.139999,157.940002,155.899994,156.500000,145.291199,7771700
2024-11-12,157.300003,157.470001,155.119995,155.289993,144.167847,5681900
2024-11-13,156.070007,159.020004,154.529999,158.720001,147.352219,8824000
2024-11-14,159.839996,161.830002,159.679993,161.800003,150.211594,10111200
2024-11-15,161.520004,162.380005,160.759995,161.419998,149.858826,9022800
2024-11-18,160.559998,161.520004,159.070007,160.759995,150.768524,6075400
2024-11-19,159.979996,160.429993,158.750000,159.600006,149.680634,4657400
2024-11-20,159.910004,161.440002,159.779999,161.330002,151.303116,6391300
2024-11-21,162.020004,162.649994,161.289993,161.630005,151.584473,7945200
2024-11-22,161.509995,162.610001,161.149994,162.360001,152.269089,7005900
2024-11-25,162.149994,163.169998,159.830002,160.360001,150.393372,10702400
2024-11-26,162.309998,162.940002,161.399994,162.529999,152.428513,7369500
2024-11-27,162.759995,164.679993,161.610001,162.110001,152.034607,7674500
2024-11-29,162.250000,162.750000,160.660004,161.929993,151.865829,5077000
2024-12-02,162.289993,162.949997,160.110001,162.210007,152.128418,6229600
2024-12-03,162.979996,163.199997,161.389999,161.919998,151.856430,5900100
2024-12-04,161.830002,161.839996,157.860001,158.320007,148.480194,7862700
2024-12-05,159.289993,160.669998,158.690002,159.330002,149.427414,6358400
2024-12-06,158.750000,158.830002,155.169998,155.240005,145.591614,9701700
2024-12-09,157.000000,160.080002,156.820007,157.080002,147.317261,9404500
2024-12-10,159.059998,159.520004,156.699997,157.000000,147.242218,9126200
2024-12-11,156.860001,157.169998,155.800003,156.210007,146.501312,13764700
2024-12-12,155.869995,156.529999,154.270004,154.710007,145.094543,7621500
2024-12-13,154.869995,154.960007,153.070007,153.869995,144.306732,5816200
2024-12-16,153.889999,153.889999,149.250000,149.360001,140.077057,11961200
2024-12-17,148.000000,148.649994,146.910004,148.110001,138.904739,11909300
2024-12-18,147.759995,148.669998,143.979996,144.080002,135.125244,10174500
2024-12-19,144.570007,144.759995,140.949997,141.149994,132.377304,16544300
2024-12-20,140.820007,142.850006,140.550003,142.850006,133.971680,32209200
2024-12-23,142.479996,143.350006,141.539993,142.970001,134.084213,8156500
2024-12-24,143.100006,144.039993,142.259995,143.839996,134.900131,3556100
2024-12-26,143.669998,144.309998,142.899994,143.979996,135.031464,4492600
2024-12-27,144.289993,145.710007,143.389999,144.000000,135.050186,5296500
2024-12-30,143.789993,143.979996,142.350006,143.070007,134.177994,6194800
2024-12-31,143.520004,145.339996,143.320007,144.839996,135.837982,6137800
2025-01-02,145.479996,148.070007,145.479996,146.710007,137.591766,7170300
2025-01-03,147.539993,148.500000,147.300003,147.850006,138.660919,5809000
2025-01-06,148.399994,150.330002,146.869995,147.259995,138.107574,5888700
2025-01-07,148.509995,150.500000,147.630005,149.589996,140.292770,7736000
2025-01-08,148.039993,151.179993,148.029999,150.300003,140.958633,7640900
2025-01-10,153.410004,154.339996,150.869995,153.139999,143.622131,11074700
2025-01-13,154.100006,157.350006,154.000000,155.350006,145.694763,11774100
2025-01-14,155.210007,156.910004,154.460007,156.899994,147.148438,6830200
2025-01-15,156.880005,158.690002,156.380005,158.330002,148.489578,7900000
2025-01-16,158.029999,159.899994,158.029999,159.380005,149.474289,5578900
2025-01-17,159.130005,161.770004,158.800003,161.470001,151.434402,9260400
2025-01-21,161.149994,161.399994,157.490005,158.240005,148.405167,10131400
2025-01-22,157.679993,158.440002,156.270004,156.410004,146.688889,7232200
2025-01-23,157.630005,157.940002,155.619995,156.009995,146.313751,5979800
2025-01-24,156.460007,157.470001,155.270004,155.649994,145.976120,8003800
2025-01-27,156.330002,157.889999,155.520004,157.229996,147.457947,7141000
2025-01-28,157.710007,158.919998,155.179993,156.210007,146.501312,6425400
2025-01-29,155.720001,156.580002,154.809998,155.690002,146.013641,5630600
2025-01-30,156.559998,157.449997,155.520004,156.320007,146.604492,6931900
2025-01-31,153.759995,154.369995,148.649994,149.190002,139.917633,16726800
2025-02-03,149.000000,150.860001,147.800003,149.339996,140.058304,7605000
2025-02-04,148.720001,153.389999,148.720001,153.220001,143.697144,8458100
2025-02-05,152.990005,153.800003,152.289993,152.990005,143.481461,6533700
2025-02-06,154.220001,155.259995,151.059998,151.899994,142.459198,6420500
2025-02-07,152.479996,153.809998,151.919998,152.619995,143.134445,4724900
2025-02-10,154.289993,155.800003,154.059998,155.770004,146.088669,5653800
2025-02-11,156.350006,158.710007,156.119995,157.440002,147.654877,6011800
2025-02-12,156.750000,157.470001,154.570007,154.899994,145.272736,6693500
2025-02-13,154.779999,156.419998,153.320007,155.880005,146.191849,7836400
2025-02-14,155.080002,157.449997,154.880005,155.339996,147.301285,5828800
2025-02-18,155.339996,157.309998,154.779999,156.160004,148.078857,5981500
2025-02-19,156.520004,158.360001,156.000000,157.229996,149.093475,4945800
2025-02-20,157.500000,158.949997,157.070007,158.789993,150.572754,6256200
2025-02-21,158.130005,158.949997,156.820007,156.919998,148.799515,6689800
2025-02-24,157.089996,158.330002,156.750000,157.889999,149.719315,5925000
2025-02-25,157.990005,158.990005,155.460007,156.419998,148.325409,6810900
2025-02-26,156.619995,156.690002,154.399994,155.139999,147.111633,6005200
2025-02-27,155.690002,158.289993,154.809998,156.669998,148.562454,7517200
2025-02-28,156.699997,158.669998,154.919998,158.619995,150.411545,8828500
2025-03-03,159.460007,160.089996,151.759995,153.089996,145.167709,9059800
2025-03-04,151.210007,154.149994,150.050003,152.000000,144.134140,8826300
2025-03-05,150.149994,151.369995,147.740005,150.809998,143.005707,9288300
2025-03-06,150.509995,153.330002,149.470001,152.949997,145.034958,7314700
2025-03-07,153.949997,157.449997,153.710007,156.339996,148.249542,8562600
2025-03-10,157.190002,160.369995,156.169998,157.570007,149.415894,11750300
2025-03-11,158.429993,158.839996,153.789993,154.080002,146.106506,10466300
2025-03-12,153.639999,154.789993,152.220001,152.669998,144.769455,9710200
2025-03-13,152.259995,154.429993,151.919998,153.610001,145.660812,9022800
2025-03-14,153.990005,157.240005,153.009995,157.020004,148.894363,6671500
2025-03-17,157.220001,159.449997,156.759995,158.720001,150.506378,7615200
2025-03-18,159.740005,161.089996,158.820007,160.809998,152.488220,9289500
2025-03-19,160.970001,164.539993,160.899994,164.050003,155.560562,11503900
2025-03-20,163.130005,165.309998,162.410004,164.770004,156.243286,9545900
2025-03-21,164.490005,164.889999,163.110001,164.750000,156.224335,21625500
2025-03-24,164.690002,166.429993,164.320007,165.020004,156.480362,8068000
2025-03-25,166.080002,167.820007,165.110001,165.940002,157.352753,7869200
2025-03-26,167.369995,168.960007,167.250000,167.970001,159.277679,10076100
2025-03-27,167.250000,168.220001,165.850006,166.649994,158.026001,6862700
2025-03-28,166.699997,167.130005,165.300003,166.089996,157.494980,4923000
2025-03-31,166.190002,168.919998,166.130005,167.289993,158.632889,10675300
2025-04-01,167.289993,168.600006,166.160004,168.509995,159.789764,6378600
2025-04-02,167.399994,167.979996,165.850006,166.470001,157.855301,7044900
2025-04-03,160.119995,161.350006,155.800003,156.119995,148.040909,15501000
2025-04-04,151.759995,152.460007,142.750000,143.279999,135.865387,20374700
2025-04-07,138.729996,146.190002,137.289993,140.149994,132.897339,17817000
2025-04-08,144.149994,144.490005,134.869995,136.929993,129.843979,12904400
2025-04-09,135.020004,147.470001,133.880005,146.029999,138.473068,16846800
2025-04-10,143.220001,143.630005,133.449997,134.979996,127.994904,20991200
2025-04-11,135.009995,137.119995,132.039993,135.630005,128.611267,17224400
2025-04-14,138.479996,138.539993,134.100006,135.320007,128.317307,9628200
2025-04-15,134.320007,136.630005,134.250000,134.539993,127.577675,9334800
2025-04-16,135.399994,137.550003,134.800003,135.360001,128.355240,8637200
2025-04-17,136.690002,140.240005,136.449997,137.869995,130.735367,8434400
2025-04-21,136.020004,136.289993,132.330002,133.729996,126.809578,9967500
2025-04-22,135.259995,138.240005,134.940002,137.300003,130.194839,7984700
2025-04-23,137.210007,138.550003,135.149994,136.679993,129.606934,10002000
2025-04-24,137.919998,139.399994,137.220001,139.070007,131.873245,7745800
2025-04-25,138.330002,139.050003,137.250000,138.729996,131.550827,6878500
2025-04-28,138.970001,140.460007,138.679993,140.100006,132.849960,6715500
2025-04-29,138.690002,140.009995,138.570007,139.300003,132.091370,7343800
2025-04-30,138.000000,138.149994,134.139999,136.059998,129.019012,13858000
2025-05-01,135.419998,137.949997,135.119995,136.259995,129.208664,10199800
2025-05-02,137.880005,139.779999,135.289993,138.500000,131.332748,12393200
2025-05-05,136.770004,137.000000,135.179993,135.500000,128.487991,9665000
2025-05-06,136.350006,137.309998,135.039993,135.600006,128.582825,9916200
2025-05-07,136.070007,136.300003,134.619995,135.789993,128.762970,8422100
2025-05-08,136.690002,138.889999,136.470001,137.039993,129.948288,8669300
2025-05-09,138.899994,139.369995,137.699997,138.490005,131.323273,5965700
2025-05-12,142.449997,143.710007,140.570007,141.619995,134.291275,8028200
2025-05-13,141.529999,143.229996,140.919998,142.350006,134.983505,8536800
2025-05-14,141.759995,142.229996,140.729996,141.669998,134.338699,6453600
2025-05-15,140.000000,142.460007,139.509995,142.259995,134.898148,7545400
2025-05-16,142.699997,143.000000,140.699997,142.100006,134.746445,8200100
2025-05-19,139.470001,139.520004,137.119995,138.490005,132.922836,7713600
2025-05-20,138.289993,138.750000,137.029999,137.270004,131.751862,6503900
2025-05-21,136.619995,137.130005,135.490005,135.559998,130.110596,9073200
2025-05-22,134.990005,135.990005,133.770004,135.289993,129.851456,8877600
2025-05-23,134.389999,136.789993,134.059998,136.539993,131.051193,7025900
2025-05-27,137.380005,137.970001,136.410004,137.830002,132.289368,8348900
2025-05-28,138.779999,138.789993,135.660004,136.020004,130.552124,6876300
2025-05-29,136.500000,137.940002,136.100006,137.910004,132.366135,7554300
2025-05-30,136.880005,137.449997,135.210007,136.699997,131.204773,12858900
2025-06-02,138.490005,138.690002,136.429993,137.839996,132.298935,9076600
2025-06-03,137.649994,140.589996,136.600006,139.550003,133.940216,9001300
2025-06-04,139.419998,140.630005,137.330002,137.369995,131.847855,8735600
2025-06-05,138.149994,138.289993,136.699997,136.899994,131.396744,6342600
2025-06-06,138.089996,140.610001,138.089996,140.210007,134.573685,6563500
2025-06-09,140.550003,142.139999,139.690002,140.759995,135.101578,7159500
2025-06-10,142.220001,144.940002,141.910004,143.350006,137.587463,9841500
2025-06-11,144.190002,145.119995,142.610001,144.779999,138.959961,9256700
2025-06-12,144.500000,145.199997,143.429993,144.970001,139.142334,6999400
2025-06-13,147.080002,147.600006,144.539993,145.910004,140.044556,14148000
2025-06-16,145.729996,146.869995,143.740005,146.029999,140.159714,10105100
2025-06-17,147.330002,149.979996,146.500000,148.850006,142.866379,11330300
2025-06-18,149.440002,150.169998,147.699997,148.190002,142.232895,9841900
2025-06-20,148.520004,149.899994,147.899994,149.550003,143.538223,23705900
2025-06-23,152.119995,152.149994,146.320007,146.860001,140.956345,10540600
2025-06-24,144.539993,146.389999,143.160004,143.550003,137.779419,10778400
2025-06-25,143.410004,144.199997,142.509995,143.229996,137.472275,7386100
2025-06-26,143.699997,145.080002,143.399994,144.440002,138.633636,7415700
2025-06-27,144.550003,144.669998,142.570007,143.789993,138.009750,9213500
2025-06-30,143.039993,144.100006,142.399994,143.190002,137.433884,6980300
2025-07-01,143.339996,146.270004,142.509995,145.570007,139.718216,8508200
2025-07-02,147.009995,148.009995,145.470001,147.979996,142.031326,8228700
2025-07-03,147.839996,148.979996,147.360001,148.369995,142.405655,5173300
2025-07-07,147.399994,148.169998,145.580002,147.399994,141.474640,9460900
2025-07-08,147.320007,153.240005,147.259995,153.240005,147.079895,14082100
2025-07-09,152.940002,153.960007,152.479996,153.020004,146.868744,9495900
2025-07-10,152.789993,155.279999,151.679993,154.169998,147.972504,8395100
2025-07-11,154.289993,155.889999,153.570007,155.309998,149.066681,8333200
2025-07-14,154.899994,154.899994,151.139999,151.649994,145.553802,10706300
2025-07-15,151.600006,152.309998,150.250000,150.690002,144.632401,7346300
2025-07-16,150.759995,151.479996,149.220001,149.919998,143.893341,7923400
2025-07-17,149.160004,151.839996,148.600006,151.380005,145.294662,8359600
2025-07-18,155.020004,155.910004,146.529999,150.039993,144.008514,45782600
2025-07-21,151.199997,151.669998,149.130005,149.679993,143.662994,17982200
2025-07-22,149.259995,150.940002,148.479996,150.039993,144.008514,26196500
2025-07-23,150.910004,153.139999,150.470001,153.119995,146.964706,13162800
2025-07-24,152.690002,156.000000,152.199997,155.830002,149.565765,15701000
2025-07-25,155.830002,156.199997,153.960007,154.839996,148.615570,7875500
2025-07-28,155.399994,156.550003,154.949997,156.279999,149.997665,8755400
2025-07-29,156.679993,157.210007,155.449997,157.029999,150.717529,6446000
2025-07-30,156.139999,156.309998,152.699997,153.559998,147.387024,9191700
2025-07-31,152.000000,153.929993,151.139999,151.639999,145.544205,10237100
2025-08-01,152.539993,154.649994,150.350006,151.399994,145.313843,10706500
2025-08-04,151.250000,152.080002,149.820007,151.039993,144.968307,10116600
2025-08-05,151.029999,153.100006,149.899994,153.039993,146.887924,8604100
2025-08-06,154.479996,155.160004,152.220001,152.779999,146.638382,7840900
2025-08-07,153.789993,155.149994,152.830002,153.160004,147.003113,6510400
2025-08-08,153.990005,155.750000,153.500000,155.009995,148.778732,6332800
2025-08-11,155.339996,155.929993,152.990005,153.449997,147.281448,6169700
2025-08-12,154.089996,156.050003,153.360001,154.440002,148.231644,6641600
2025-08-13,154.570007,156.009995,154.199997,155.869995,149.604156,6581900
2025-08-14,155.699997,155.699997,154.100006,155.160004,148.922714,7337300
2025-08-15,155.479996,158.539993,155.289993,156.550003,150.256836,11617000
2025-08-18,156.130005,156.490005,154.750000,155.320007,149.076279,8174300
2025-08-19,153.460007,153.940002,151.850006,152.000000,147.513794,8567500
2025-08-20,152.419998,153.490005,151.929993,153.220001,148.697769,8076300
2025-08-21,152.820007,155.669998,152.729996,155.550003,150.959015,7533600
2025-08-22,155.320007,158.789993,155.320007,158.179993,153.511368,9084300
2025-08-25,157.899994,158.320007,157.169998,158.199997,153.530807,7030000
2025-08-26,157.509995,160.000000,156.550003,157.360001,152.715591,10270000
2025-08-27,157.399994,159.990005,157.210007,159.240005,154.540115,7483000
2025-08-28,159.009995,159.520004,157.850006,159.320007,154.617752,6502000
2025-08-29,159.699997,161.100006,159.449997,160.600006,155.859970,6934800
2025-09-02,160.479996,161.860001,159.380005,161.830002,157.053650,8947300
2025-09-03,160.000000,161.850006,157.020004,158.059998,153.394928,9556100
2025-09-04,158.059998,159.649994,157.500000,157.690002,153.035858,7243000
2025-09-05,156.059998,156.720001,153.490005,153.660004,149.124786,11011700
2025-09-08,153.910004,155.029999,152.880005,154.000000,149.454758,9462000
2025-09-09,154.910004,156.990005,154.600006,154.850006,150.279678,7769200
2025-09-10,155.050003,157.919998,155.000000,157.789993,153.132889,7440800
2025-09-11,156.500000,158.919998,156.009995,158.250000,153.579315,6417400
2025-09-12,158.850006,159.779999,157.100006,157.110001,152.472977,5546300
2025-09-15,157.380005,158.320007,156.500000,157.309998,152.667068,5030500
2025-09-16,158.250000,160.100006,158.119995,159.539993,154.831238,8011000
2025-09-17,159.199997,160.669998,158.610001,160.089996,155.365021,5736800
2025-09-18,160.029999,160.289993,158.089996,158.839996,154.151901,6244200
2025-09-19,159.000000,159.000000,155.550003,156.210007,151.599533,16734000
2025-09-22,155.619995,157.119995,155.149994,156.050003,151.444244,5244000
2025-09-23,157.119995,159.830002,156.990005,157.419998,152.773804,7181400
2025-09-24,158.320007,160.490005,158.250000,159.179993,154.481857,6285200
2025-09-25,159.440002,161.009995,159.350006,160.720001,155.976425,6311000
2025-09-26,160.570007,161.300003,159.509995,160.160004,155.432953,7015200
2025-09-29,159.130005,159.130005,155.559998,156.100006,151.492783,8315100
2025-09-30,154.889999,155.729996,153.929993,155.289993,150.706665,7755700
2025-10-01,154.830002,155.089996,153.190002,154.580002,150.017639,6768400
2025-10-02,153.960007,156.600006,153.320007,153.369995,148.843353,7562400
2025-10-03,153.580002,154.279999,152.229996,153.550003,149.018051,7249300
2025-10-06,153.970001,154.649994,152.919998,154.020004,149.474167,4778900
2025-10-07,153.649994,154.960007,151.279999,154.910004,150.337906,5479600
2025-10-08,154.360001,154.679993,152.839996,153.740005,149.202438,5678000
2025-10-09,154.130005,154.970001,151.559998,151.639999,147.164398,6178600
2025-10-10,150.699997,151.350006,148.889999,148.899994,144.505280,7796600
2025-10-13,150.000000,151.979996,149.429993,151.940002,147.455566,5978800
2025-10-14,149.809998,153.460007,149.660004,152.389999,147.892273,6419400
2025-10-15,152.899994,154.210007,151.039993,152.110001,147.620544,5824900
2025-10-16,152.139999,152.729996,150.229996,151.710007,147.232346,5276800
2025-10-17,152.259995,154.190002,152.199997,153.080002,148.561905,7735500
2025-10-20,153.429993,154.720001,153.179993,154.479996,149.920578,5676500
2025-10-21,154.740005,155.289993,153.210007,153.789993,149.250961,6304900
2025-10-22,154.649994,155.979996,153.610001,155.570007,150.978424,6036700
2025-10-23,158.199997,158.589996,156.119995,156.559998,151.939194,9810900
2025-10-24,157.419998,157.630005,155.429993,155.559998,150.968719,4979900
2025-10-27,155.800003,156.500000,154.869995,155.279999,150.696976,4884400
2025-10-28,154.899994,156.229996,153.889999,154.130005,149.580933,5066500
2025-10-29,153.860001,156.149994,153.860001,155.100006,150.522308,7344400
2025-10-30,155.229996,155.229996,153.240005,153.520004,148.988937,8971200
2025-10-31,155.729996,159.179993,155.110001,157.720001,153.064957,11136100
2025-11-03,157.410004,157.720001,153.570007,154.039993,149.493576,8512200
2025-11-04,153.429993,153.759995,152.149994,153.389999,148.862747,6976800
2025-11-05,153.529999,154.399994,152.660004,152.660004,148.154312,5894700
2025-11-06,152.910004,154.789993,152.679993,152.940002,148.426041,6466300
2025-11-07,153.429993,156.169998,153.429993,155.020004,150.444656,9835900
2025-11-10,155.419998,155.979996,152.369995,155.649994,151.056061,8436800
2025-11-11,156.750000,157.990005,155.899994,156.240005,151.628647,6361400
2025-11-12,155.580002,155.789993,152.080002,153.320007,148.794830,11670900
2025-11-13,154.000000,156.199997,153.929993,155.580002,150.988129,7998700
2025-11-14,156.229996,157.949997,154.809998,157.619995,152.967926,8484800
2025-11-17,157.720001,157.889999,154.440002,154.820007,150.250565,8745000
2025-11-18,152.500000,154.279999,151.759995,153.619995,150.751038,10813400
2025-11-19,151.160004,151.960007,150.250000,151.699997,148.866898,7539900
2025-11-20,152.539993,153.039993,150.050003,150.309998,147.502838,7623400
2025-11-21,150.440002,151.009995,148.750000,149.979996,147.179016,9248400
2025-11-24,149.820007,150.119995,147.740005,149.750000,146.953308,14181100
2025-11-25,148.899994,149.899994,148.270004,148.529999,145.756088,11447900
2025-11-26,148.259995,150.460007,148.199997,149.509995,146.717789,7578900
2025-11-28,149.460007,151.520004,149.259995,151.130005,148.307541,3848600
2025-12-01,151.750000,153.949997,151.500000,152.539993,149.691193,8209000
2025-12-02,152.020004,152.460007,149.259995,150.250000,147.443970,9196300
2025-12-03,151.039993,152.500000,150.979996,151.589996,148.758942,8060200
2025-12-04,151.750000,152.940002,151.220001,152.259995,149.416428,7254700
2025-12-05,152.000000,152.630005,149.830002,150.000000,147.198639,12659800
2025-12-08,149.250000,150.070007,147.660004,148.710007,145.932739,10237200
2025-12-09,149.050003,150.100006,148.220001,148.490005,145.716843,8916700
2025-12-10,149.179993,151.800003,148.699997,151.410004,148.582306,10976300
2025-12-11,150.830002,151.940002,150.100006,150.720001,147.905182,8414200
2025-12-12,151.149994,151.550003,149.630005,149.990005,147.188843,5848100
2025-12-15,149.839996,150.100006,148.429993,149.800003,147.002380,7503000
2025-12-16,148.539993,148.820007,146.490005,146.750000,144.009338,11290500
2025-12-17,147.500000,149.869995,147.350006,149.520004,146.727600,8805300
2025-12-18,148.850006,149.270004,147.080002,147.690002,144.931793,6998800
2025-12-19,147.960007,149.009995,147.190002,147.750000,144.990662,21701400
2025-12-22,148.809998,150.490005,148.699997,149.800003,147.002380,8143600
2025-12-23,150.039993,151.080002,149.850006,150.509995,147.699097,4663700
2025-12-24,150.380005,150.990005,150.100006,150.500000,147.689301,2227600
2025-12-26,150.380005,151.139999,149.649994,150.020004,147.218277,3706900
2025-12-29,151.000000,151.639999,150.089996,150.990005,148.170151,5589100
2025-12-30,151.500000,152.669998,151.470001,152.309998,149.465500,5150500
2025-12-31,152.389999,152.550003,151.669998,152.410004,149.563629,4953100
2026-01-02,152.169998,155.899994,151.250000,155.899994,152.988449,6862100
2026-01-05,165.750000,165.750000,159.309998,163.850006,160.789993,35094900
2026-01-06,164.880005,165.050003,156.110001,156.539993,153.616501,20564900
2026-01-07,157.440002,158.009995,154.899994,155.199997,152.301529,13537900
2026-01-08,155.500000,160.440002,155.210007,159.250000,156.275894,12929600
2026-01-09,160.559998,162.699997,159.940002,162.110001,159.082489,12549600
2026-01-12,162.699997,163.559998,160.710007,162.339996,159.308182,9796800
2026-01-13,163.470001,166.130005,163.300003,163.869995,160.809601,12068600
2026-01-14,164.100006,169.369995,164.100006,167.240005,164.116669,16414900
2026-01-15,165.770004,167.330002,165.100006,166.160004,163.056854,8097400
2026-01-16,166.589996,167.289993,165.809998,166.259995,163.154968,9745800
2026-01-20,166.710007,167.649994,165.149994,165.300003,162.212906,11142500
2026-01-21,167.000000,168.479996,166.059998,166.729996,163.616196,10918500
2026-01-22,166.259995,167.559998,165.729996,166.660004,163.547501,8957400
2026-01-23,167.949997,168.440002,166.440002,166.720001,163.606384,8368700
2026-01-26,168.330002,168.410004,166.770004,167.500000,164.371826,8912600
2026-01-27,167.770004,169.350006,166.649994,169.050003,165.892883,9784900
2026-01-28,169.960007,170.419998,168.199997,169.929993,166.756424,9200200
2026-01-29,172.649994,174.919998,171.039993,171.190002,167.992905,16786600
2026-01-30,172.619995,177.300003,171.270004,176.899994,173.596252,22946600
2026-02-02,173.440002,176.270004,172.649994,174.029999,170.779846,14235300
2026-02-03,173.880005,178.820007,173.750000,178.039993,174.714966,18425400
2026-02-04,178.880005,182.589996,178.880005,181.229996,177.845398,16170500
2026-02-05,179.639999,180.460007,177.410004,179.229996,175.882736,10474100
2026-02-06,180.300003,182.100006,179.509995,180.860001,177.482315,9901800
2026-02-09,181.009995,182.820007,179.949997,182.600006,179.189819,12021300
2026-02-10,182.729996,182.949997,180.860001,182.259995,178.856155,7458200
2026-02-11,183.940002,186.520004,183.550003,185.820007,182.349686,10502100
2026-02-12,185.800003,185.800003,182.089996,182.399994,178.993546,9673700
2026-02-13,182.539993,184.839996,181.720001,183.740005,180.308533,9034700
2026-02-17,183.300003,183.800003,178.740005,180.550003,178.911316,9849000
2026-02-18,183.229996,183.919998,181.979996,183.869995,182.201187,10313400
2026-02-19,185.289993,187.899994,184.740005,184.779999,183.102921,10773300
2026-02-20,184.589996,184.889999,182.320007,183.929993,182.260635,9566200
2026-02-23,184.669998,186.630005,184.050003,184.910004,183.231750,7047200
2026-02-24,185.289993,185.960007,183.850006,185.339996,183.657837,7451800
2026-02-25,185.839996,185.979996,182.509995,184.220001,182.548004,9440700
2026-02-26,182.899994,186.259995,181.759995,184.160004,182.488556,7133800
2026-02-27,186.000000,187.550003,183.770004,186.759995,185.064957,12035500
2026-03-02,190.330002,191.440002,187.220001,189.600006,187.879181,15809100
2026-03-03,190.520004,191.559998,187.419998,188.770004,187.056717,14004200
2026-03-04,187.449997,188.460007,184.149994,186.029999,184.341583,11054400
2026-03-05,186.600006,189.970001,186.490005,189.899994,188.176453,13567200
2026-03-06,190.880005,192.410004,188.119995,189.940002,188.216095,13073100
2026-03-09,191.000000,191.649994,188.110001,189.440002,187.720627,15987500
2026-03-10,188.630005,189.179993,185.639999,186.289993,184.599213,11999600
2026-03-11,186.589996,191.860001,186.490005,191.789993,190.049301,11371700
2026-03-12,192.580002,198.880005,191.770004,196.970001,195.182297,27151800
2026-03-13,196.000000,197.630005,194.690002,196.820007,195.033661,13017000
2026-03-16,196.600006,197.839996,195.580002,196.839996,195.053467,12683900
2026-03-17,197.490005,200.580002,196.460007,197.970001,196.173218,14018600
2026-03-18,199.220001,200.729996,198.509995,198.610001,196.807404,13305000
2026-03-19,199.789993,202.440002,199.000000,201.440002,199.611725,16918400
2026-03-20,201.399994,205.080002,201.000000,201.729996,199.899078,35849500
2026-03-23,198.630005,205.360001,197.369995,205.210007,203.347504,15735700
2026-03-24,206.050003,209.789993,205.809998,206.789993,204.913162,16695500
2026-03-25,206.000000,207.240005,204.619995,205.149994,203.288040,8865000
2026-03-26,206.029999,209.210007,205.160004,207.789993,205.904083,11085600
2026-03-27,208.149994,212.460007,206.250000,211.149994,209.233582,13907800
2026-03-30,213.259995,214.710007,210.289993,210.710007,208.797592,10409000
2026-03-31,210.899994,213.100006,201.960007,206.899994,205.022156,17403900
2026-04-01,201.990005,204.779999,194.910004,197.410004,195.618301,23051900
2026-04-02,202.509995,205.479996,198.039993,198.970001,197.164139,11528000
2026-04-06,198.500000,199.770004,196.350006,198.860001,197.055130,8245700
2026-04-07,199.970001,204.619995,199.240005,201.539993,199.710800,11672600
2026-04-08,191.410004,193.169998,188.600006,192.889999,191.139313,17195400
2026-04-09,194.309998,196.669998,189.270004,190.360001,188.632278,11634000
2026-04-10,189.710007,190.960007,186.470001,188.550003,186.838715,11151400
2026-04-13,191.449997,192.610001,189.720001,191.779999,190.039398,12000200
2026-04-14,188.600006,189.169998,184.600006,187.020004,185.322601,12111000
2026-04-15,186.360001,187.240005,184.039993,184.910004,183.231750,8661600
2026-04-16,185.619995,188.229996,185.339996,188.149994,186.442337,8013200
2026-04-17,181.889999,184.300003,177.740005,183.990005,182.320099,15720600
2026-04-20,184.500000,186.270004,182.830002,183.250000,181.586807,9661100
2026-04-21,183.970001,186.369995,182.339996,185.979996,184.292038,9799000
2026-04-22,187.270004,189.419998,186.119995,186.320007,184.628952,8708300
2026-04-23,187.119995,188.419998,185.500000,187.600006,185.897339,6684700
2026-04-24,185.229996,186.419998,183.199997,185.210007,183.529022,9626700
2026-04-27,186.190002,188.369995,183.669998,184.779999,183.102921,10836600
2026-04-28,188.279999,189.960007,186.550003,188.360001,186.650436,10754900
2026-04-29,190.130005,192.619995,189.500000,192.220001,190.475403,8644600
2026-04-30,190.250000,194.130005,188.500000,193.309998,191.555511,11748600
2026-05-01,191.300003,194.089996,189.750000,190.630005,188.899841,10435900
2026-05-04,190.850006,193.710007,187.970001,192.279999,190.534851,8229500
2026-05-05,191.220001,193.669998,190.449997,192.639999,190.891586,5642800
2026-05-06,185.589996,186.779999,183.139999,185.160004,183.479477,11082900
2026-05-07,181.580002,183.440002,179.529999,182.500000,180.843613,12194000
2026-05-08,182.039993,182.729996,180.740005,181.619995,179.971603,13053000
2026-05-11,183.000000,185.199997,183.000000,184.740005,183.063293,12042100
2026-05-12,186.500000,186.889999,184.660004,185.949997,184.262299,8995100
2026-05-13,185.809998,186.009995,183.960007,186.000000,184.311859,7554700
2026-05-14,186.190002,187.570007,185.250000,186.639999,184.946045,6222400
2026-05-15,188.600006,191.500000,187.899994,191.100006,189.365570,11210800
2026-05-18,191.169998,196.199997,189.029999,196.119995,194.339996,9869700
2026-05-19,194.929993,198.869995,193.470001,197.250000,197.250000,11819200
2026-05-20,196.250000,198.190002,191.270004,191.330002,191.330002,14564900
2026-05-21,193.789993,194.160004,189.000000,191.009995,191.009995,9051200
2026-05-22,190.369995,192.000000,189.800003,191.429993,191.429993,7209600
2026-05-26,190.000000,190.490005,183.899994,184.710007,184.710007,14264600
2026-05-27,181.850006,183.720001,180.669998,182.399994,182.399994,9442800
2026-05-28,183.710007,185.259995,182.089996,183.029999,183.029999,8725400
2026-05-29,182.720001,182.970001,180.399994,182.460007,182.460007,13886500
2026-06-01,184.380005,187.940002,184.020004,185.830002,185.830002,8850500
2026-06-02,184.880005,188.449997,184.880005,187.550003,187.550003,6549800
2026-06-03,188.889999,191.479996,187.960007,189.710007,189.710007,7983700
2026-06-04,189.000000,190.100006,187.669998,188.350006,188.350006,5163200
2026-06-05,189.059998,189.610001,186.589996,187.309998,187.309998,6310900
2026-06-08,188.699997,191.029999,188.500000,189.240005,189.240005,6113000
2026-06-09,188.500000,189.380005,185.470001,186.759995,186.759995,8469900
2026-06-10,189.190002,192.690002,188.229996,189.800003,189.800003,10041800
2026-06-11,191.809998,192.250000,185.550003,185.820007,185.820007,9274100
2026-06-12,185.080002,188.399994,184.360001,187.220001,187.220001,8703400
2026-06-15,178.899994,181.669998,177.759995,180.399994,180.399994,10184900
2026-06-16,178.619995,180.250000,178.330002,180.110001,180.110001,6663500
2026-06-17,179.009995,180.080002,177.100006,177.580002,177.580002,8430000
2026-06-18,175.639999,175.639999,172.229996,173.630005,173.630005,19146100
2026-06-22,174.080002,175.449997,172.860001,175.059998,175.059998,11108900
2026-06-23,175.779999,176.399994,174.699997,175.979996,175.979996,6555300
2026-06-24,173.889999,173.990005,170.860001,171.449997,171.449997,10634600
2026-06-25,170.220001,172.770004,169.270004,172.240005,172.240005,7954200
2026-06-26,172.240005,172.250000,169.929993,171.059998,171.059998,13102200
2026-06-29,171.369995,171.600006,168.369995,168.470001,168.470001,8813700
2026-06-30,169.699997,170.460007,165.199997,165.759995,165.759995,19428800
2026-07-01,164.779999,167.470001,164.779999,165.690002,165.690002,9175500
2026-07-02,168.279999,169.550003,167.399994,169.199997,169.199997,9561800
2026-07-06,168.860001,169.259995,167.160004,168.100006,168.100006,9974300
2026-07-07,170.139999,174.610001,170.000000,174.009995,174.009995,9748900
2026-07-08,176.800003,178.580002,174.949997,175.970001,175.970001,9921800
2026-07-09,174.630005,175.589996,173.899994,174.050003,174.050003,6582400
2026-07-10,174.970001,176.419998,173.509995,176.399994,176.399994,5996600
2026-07-13,179.020004,182.380005,179.020004,182.199997,182.199997,7685100
2026-07-14,182.750000,183.360001,180.630005,181.759995,181.759995,6823300
2026-07-15,182.169998,182.399994,178.580002,181.600006,181.600006,6665700
2026-07-16,182.570007,184.830002,181.949997,183.860001,183.860001,6257600
2026-07-17,187.470001,188.149994,185.500000,187.380005,187.380005,7058300
2026-07-20,186.289993,190.350006,185.929993,189.710007,189.710007,7767000
2026-07-21,190.500000,191.259995,189.320007,191.070007,191.070007,6884094
