Date,Open,High,Low,Close,AdjClose,Volume
2005-01-03,18.049999,18.100000,17.490000,17.490000,9.504977,7963200
2005-01-04,17.600000,17.674999,17.389999,17.400000,9.456072,12666600
2005-01-05,17.400000,17.525000,17.280001,17.325001,9.415308,7948000
2005-01-06,17.275000,17.754999,17.270000,17.625000,9.578344,10057600
2005-01-07,17.700001,17.700001,17.330000,17.485001,9.502262,9445800
2005-01-10,17.674999,17.799999,17.549999,17.615000,9.572912,9003600
2005-01-11,17.610001,17.695000,17.500000,17.639999,9.586503,3295800
2005-01-12,17.700001,17.950001,17.605000,17.950001,9.754972,7048000
2005-01-13,18.075001,18.215000,17.975000,18.070000,9.820182,7199600
2005-01-14,18.125000,18.235001,18.025000,18.230000,9.907138,3292000
2005-01-18,18.350000,18.455000,18.295000,18.410000,10.004960,8216000
2005-01-19,18.325001,18.480000,18.325001,18.344999,9.969634,5354000
2005-01-20,18.299999,18.299999,18.025000,18.160000,9.869099,7888400
2005-01-21,18.275000,18.420000,18.195000,18.200001,9.890833,8703600
2005-01-24,18.400000,18.510000,18.340000,18.360001,9.977783,7715000
2005-01-25,18.475000,18.525000,18.299999,18.434999,10.018544,4257000
2005-01-26,18.465000,18.645000,18.405001,18.615000,10.116364,7096400
2005-01-27,18.575001,18.855000,18.549999,18.780001,10.206038,5924600
2005-01-28,18.674999,18.674999,18.490000,18.555000,10.083757,9997800
2005-01-31,18.500000,18.850000,18.424999,18.775000,10.203314,11261400
2005-02-01,18.879999,19.100000,18.855000,19.094999,10.377225,8331000
2005-02-02,19.174999,19.370001,19.110001,19.360001,10.521235,6205200
2005-02-03,19.250000,19.469999,19.184999,19.455000,10.572865,5870200
2005-02-04,19.500000,19.555000,19.395000,19.525000,10.610909,8835600
2005-02-07,19.575001,19.600000,19.254999,19.395000,10.540261,7347600
2005-02-08,19.309999,19.570000,19.280001,19.535000,10.616344,4345200
2005-02-09,19.549999,19.690001,19.344999,19.500000,10.597320,11826400
2005-02-10,19.709999,20.059999,19.625000,20.035000,10.888067,11408400
2005-02-11,20.014999,20.315001,19.975000,20.209999,10.983172,8490400
2005-02-14,20.235001,20.315001,20.190001,20.235001,10.996758,5754200
2005-02-15,20.325001,20.340000,20.129999,20.280001,11.021206,5439200
2005-02-16,20.340000,20.875000,20.295000,20.850000,11.330981,10859600
2005-02-17,20.900000,20.995001,20.535000,20.570000,11.178812,10380200
2005-02-18,20.615000,21.129999,20.600000,21.025000,11.426087,13099400
2005-02-22,21.250000,21.385000,20.860001,20.875000,11.344568,13194600
2005-02-23,20.850000,21.174999,20.850000,21.139999,11.488580,6509400
2005-02-24,21.225000,21.575001,21.125000,21.555000,11.714116,10095200
2005-02-25,21.639999,22.195000,21.590000,22.084999,12.002145,13596200
2005-02-28,22.250000,22.375000,21.205000,21.924999,11.915194,18948400
2005-03-01,21.875000,22.000000,21.469999,21.500000,11.684229,14922400
2005-03-02,21.410000,21.855000,21.360001,21.815001,11.855420,12231400
2005-03-03,21.900000,22.219999,21.875000,22.174999,12.051056,19723400
2005-03-04,22.200001,22.545000,22.059999,22.459999,12.205940,11982000
2005-03-07,22.375000,22.480000,22.049999,22.305000,12.121707,14403600
2005-03-08,22.225000,22.465000,22.200001,22.280001,12.108117,11586800
2005-03-09,22.445000,22.570000,21.625000,21.665001,11.773900,30848600
2005-03-10,21.650000,21.775000,21.025000,21.225000,11.534770,39681400
2005-03-11,21.155001,21.600000,21.094999,21.400000,11.629877,21890600
2005-03-14,21.450001,21.620001,21.065001,21.555000,11.714116,20316400
2005-03-15,21.600000,21.834999,21.250000,21.254999,11.551078,22709200
2005-03-16,21.250000,21.625000,21.049999,21.325001,11.589126,23806400
2005-03-17,21.450001,21.725000,21.450001,21.695000,11.790200,23589200
2005-03-18,21.924999,21.924999,21.620001,21.889999,11.935787,16131400
2005-03-21,21.850000,21.950001,21.520000,21.700001,11.832184,17719400
2005-03-22,21.625000,22.030001,21.410000,21.440001,11.690413,19579800
2005-03-23,21.200001,21.295000,20.850000,21.030001,11.466856,48613000
2005-03-24,21.150000,21.334999,20.815001,21.014999,11.458677,21760800
2005-03-28,21.049999,21.165001,20.850000,21.040001,11.472307,21631200
2005-03-29,21.049999,21.309999,20.670000,20.700001,11.286922,18394800
2005-03-30,20.750000,21.040001,20.389999,21.010000,11.455955,48348400
2005-03-31,21.344999,21.500000,21.200001,21.434999,11.687690,24952200
2005-04-01,21.715000,21.995001,21.424999,21.965000,11.976686,17830400
2005-04-04,22.049999,22.240000,21.610001,21.775000,11.873078,28208400
2005-04-05,21.580000,21.875000,21.350000,21.500000,11.723129,17903600
2005-04-06,21.495001,21.940001,21.350000,21.840000,11.908525,20893000
2005-04-07,22.000000,22.100000,21.510000,21.754999,11.862175,38581400
2005-04-08,21.600000,21.795000,21.355000,21.360001,11.646794,23421400
2005-04-11,21.325001,21.565001,21.150000,21.520000,11.734038,23246400
2005-04-12,21.445000,21.520000,21.080000,21.180000,11.548652,29360800
2005-04-13,21.004999,21.299999,20.650000,20.660000,11.265109,36177400
2005-04-14,20.775000,21.010000,20.584999,20.650000,11.259653,39069800
2005-04-15,20.525000,20.625000,19.834999,19.865000,10.831628,80558200
2005-04-18,19.844999,20.264999,19.705000,20.225000,11.027922,58074600
2005-04-19,20.480000,20.825001,20.379999,20.700001,11.286922,40263000
2005-04-20,20.834999,20.905001,20.275000,20.275000,11.055182,40722000
2005-04-21,20.330000,20.975000,20.275000,20.975000,11.436865,29369000
2005-04-22,21.049999,21.245001,20.725000,21.020000,11.461411,22903800
2005-04-25,21.200001,21.445000,21.155001,21.315001,11.622260,25917000
2005-04-26,21.250000,21.400000,20.965000,20.965000,11.431415,28130000
2005-04-27,20.955000,21.000000,20.410000,20.424999,11.136971,57888600
2005-04-28,20.275000,20.350000,19.985001,20.014999,10.913417,43846200
2005-04-29,20.200001,20.385000,20.004999,20.275000,11.055182,29798800
2005-05-02,20.245001,20.665001,20.084999,20.639999,11.254207,45705600
2005-05-03,20.600000,20.600000,20.080000,20.155001,10.989752,23528800
2005-05-04,20.155001,20.410000,19.680000,20.389999,11.117889,35418000
2005-05-05,20.575001,20.725000,20.375000,20.610001,11.237852,26727600
2005-05-06,20.700001,20.885000,20.525000,20.549999,11.205126,17781600
2005-05-09,20.650000,20.840000,20.580000,20.825001,11.355083,18524800
2005-05-10,20.844999,20.844999,20.415001,20.475000,11.164238,30573800
2005-05-11,20.330000,20.620001,20.250000,20.600000,11.232398,21360400
2005-05-12,20.424999,20.525000,19.680000,19.700001,10.741657,46778600
2005-05-13,19.850000,19.850000,19.299999,19.400000,10.578082,44202800
2005-05-16,19.295000,19.350000,18.969999,19.315001,10.531730,48238600
2005-05-17,19.334999,19.695000,19.275000,19.660000,10.719847,37085800
2005-05-18,19.830000,19.990000,19.500000,19.620001,10.698043,55853800
2005-05-19,19.719999,19.995001,19.549999,19.975000,10.891607,31536400
2005-05-20,19.875000,20.100000,19.820000,19.825001,10.809821,23633000
2005-05-23,19.950001,20.230000,19.889999,20.155001,10.989752,19972200
2005-05-24,20.184999,20.309999,20.139999,20.240000,11.036100,24069000
2005-05-25,20.285000,20.650000,20.155001,20.549999,11.205126,31210800
2005-05-26,20.584999,20.709999,20.459999,20.655001,11.262388,17919800
2005-05-27,20.740000,21.004999,20.700001,21.000000,11.450500,20082400
2005-05-31,21.045000,21.045000,20.684999,20.840000,11.363258,16916800
2005-06-01,20.959999,21.299999,20.905001,21.235001,11.578639,27831800
2005-06-02,21.190001,21.330000,21.000000,21.195000,11.556826,31970200
2005-06-03,21.235001,21.424999,21.174999,21.315001,11.622260,18222200
2005-06-06,21.450001,21.450001,21.195000,21.379999,11.657701,12931600
2005-06-07,21.400000,21.540001,21.160000,21.174999,11.545916,18602200
2005-06-08,21.155001,21.570000,21.070000,21.235001,11.578639,33232400
2005-06-09,21.299999,21.870001,21.250000,21.850000,11.913974,32937200
2005-06-10,21.809999,21.889999,21.580000,21.825001,11.900341,23413200
2005-06-13,21.705000,21.975000,21.645000,21.910000,11.946693,21866600
2005-06-14,21.825001,22.084999,21.825001,22.045000,12.020298,21126200
2005-06-15,22.000000,22.309999,22.000000,22.309999,12.164794,22493600
2005-06-16,22.370001,22.625000,22.295000,22.625000,12.336554,19638600
2005-06-17,22.900000,22.955000,22.629999,22.920000,12.536469,38455400
2005-06-20,23.004999,23.075001,22.764999,22.945000,12.550141,19233600
2005-06-21,22.625000,22.910000,22.445000,22.459999,12.284863,33293000
2005-06-22,22.500000,22.735001,22.290001,22.590000,12.355972,47478400
2005-06-23,22.605000,23.020000,22.580000,22.610001,12.366909,29875000
2005-06-24,22.700001,22.799999,22.440001,22.469999,12.290330,17967400
2005-06-27,22.650000,22.879999,22.575001,22.815001,12.479035,22184200
2005-06-28,22.725000,22.815001,22.385000,22.389999,12.246580,23333000
2005-06-29,22.340000,22.520000,22.174999,22.370001,12.235638,25027000
2005-06-30,22.400000,22.650000,22.205000,22.225000,12.156326,29436600
2005-07-01,22.254999,22.730000,22.254999,22.719999,12.427073,16233000
2005-07-05,22.910000,23.415001,22.820000,23.400000,12.799011,33487000
2005-07-06,23.650000,23.650000,22.920000,22.980000,12.569284,29358200
2005-07-07,22.674999,23.280001,22.674999,23.275000,12.730644,31388400
2005-07-08,23.370001,23.475000,22.940001,23.120001,12.645860,29977400
2005-07-11,22.900000,23.309999,22.834999,23.290001,12.738845,19920600
2005-07-12,23.405001,23.615000,23.230000,23.500000,12.853708,27570400
2005-07-13,23.510000,23.600000,23.275000,23.365000,12.779872,23530200
2005-07-14,23.355000,23.514999,22.674999,22.805000,12.473568,60506800
2005-07-15,23.000000,23.000000,22.594999,22.684999,12.407927,42729200
2005-07-18,22.510000,22.725000,22.430000,22.590000,12.355972,25366600
2005-07-19,22.700001,23.075001,22.575001,23.075001,12.621248,24609200
2005-07-20,23.065001,23.174999,22.775000,23.100000,12.634921,22040600
2005-07-21,23.014999,23.180000,22.740000,22.875000,12.511860,23705200
2005-07-22,23.110001,23.730000,23.100000,23.695000,12.960368,48244400
2005-07-25,23.590000,24.105000,23.590000,23.915001,13.080697,34083400
2005-07-26,23.889999,24.025000,23.725000,23.860001,13.050613,15805200
2005-07-27,23.900000,23.995001,23.629999,23.980000,13.116250,24545000
2005-07-28,24.084999,24.150000,23.785000,24.049999,13.154537,16556400
2005-07-29,24.240000,24.240000,23.795000,23.799999,13.017797,17639000
2005-08-01,23.910000,24.170000,23.889999,24.049999,13.154537,14161200
2005-08-02,24.145000,24.469999,24.110001,24.450001,13.373329,15673600
2005-08-03,24.645000,24.650000,24.254999,24.330000,13.307692,21247200
2005-08-04,24.299999,24.625000,24.299999,24.379999,13.335039,21083200
2005-08-05,24.400000,24.500000,24.025000,24.195000,13.233845,18391600
2005-08-08,24.389999,24.799999,24.389999,24.545000,13.425287,22965600
2005-08-09,24.610001,24.674999,24.375000,24.490000,13.395204,17855200
2005-08-10,24.625000,24.934999,24.549999,24.889999,13.613990,23931400
2005-08-11,24.980000,25.205000,24.855000,25.129999,13.745266,25603600
2005-08-12,25.250000,25.275000,24.959999,25.084999,13.720649,18358200
2005-08-15,24.975000,25.049999,24.750000,24.840000,13.586641,20461000
2005-08-16,24.785000,24.860001,24.285000,24.295000,13.288548,33384800
2005-08-17,24.275000,24.549999,23.625000,23.735001,12.982243,56127400
2005-08-18,23.575001,23.834999,23.434999,23.684999,12.954894,32587800
2005-08-19,23.825001,24.160000,23.825001,24.090000,13.176420,24550800
2005-08-22,24.230000,24.445000,23.905001,24.150000,13.209235,26200400
2005-08-23,24.150000,24.299999,23.825001,24.105000,13.184626,33849800
2005-08-24,24.299999,24.500000,24.094999,24.334999,13.310426,29120800
2005-08-25,24.434999,24.434999,24.135000,24.270000,13.274874,25794600
2005-08-26,24.155001,24.370001,23.975000,23.995001,13.124454,20387800
2005-08-29,24.500000,24.525000,24.000000,24.190001,13.231115,30181600
2005-08-30,24.290001,24.709999,24.275000,24.639999,13.477245,30198200
2005-08-31,24.660000,25.445000,24.615000,25.320000,13.849192,42814800
2005-09-01,25.650000,26.014999,25.500000,25.980000,14.210184,39612800
2005-09-02,25.775000,25.775000,25.415001,25.475000,13.933966,28966000
2005-09-06,25.480000,25.709999,25.219999,25.655001,14.032424,24194600
2005-09-07,25.594999,25.975000,25.540001,25.695000,14.054305,26198200
2005-09-08,25.625000,25.934999,25.625000,25.730000,14.073442,31804200
2005-09-09,25.840000,26.410000,25.840000,26.400000,14.439913,26980000
2005-09-12,26.295000,26.350000,25.820000,25.860001,14.144545,27957000
2005-09-13,25.875000,26.075001,25.635000,25.639999,14.024216,21725800
2005-09-14,25.780001,26.075001,25.670000,25.959999,14.199244,23563600
2005-09-15,26.190001,26.209999,25.645000,25.959999,14.199244,29921000
2005-09-16,25.975000,26.165001,25.915001,26.139999,14.338575,27790400
2005-09-19,26.455000,26.975000,26.400000,26.830000,14.717054,32382600
2005-09-20,26.725000,26.844999,26.410000,26.575001,14.577177,30426600
2005-09-21,27.100000,27.155001,26.735001,26.950001,14.782879,39852000
2005-09-22,27.325001,27.325001,26.225000,26.750000,14.673176,51834200
2005-09-23,26.600000,26.700001,26.129999,26.280001,14.415365,32064000
2005-09-26,26.100000,26.805000,26.100000,26.760000,14.678664,23424000
2005-09-27,26.584999,26.790001,26.450001,26.780001,14.689625,14196000
2005-09-28,26.950001,27.049999,26.545000,27.000000,14.810305,34448200
2005-09-29,27.165001,27.280001,26.930000,27.260000,14.952922,26904600
2005-09-30,27.190001,27.245001,26.795000,26.834999,14.719796,20336600
2005-10-03,27.025000,27.150000,26.665001,26.764999,14.681400,13257400
2005-10-04,26.530001,26.650000,25.754999,25.799999,14.152077,35211400
2005-10-05,25.850000,25.905001,24.809999,24.809999,13.609026,63111800
2005-10-06,24.200001,24.760000,23.830000,24.219999,13.285390,101702200
2005-10-07,24.514999,24.805000,24.375000,24.764999,13.584340,43041600
2005-10-10,24.750000,24.809999,24.219999,24.389999,13.378641,32451000
2005-10-11,24.730000,25.125000,24.625000,24.975000,13.699538,34082600
2005-10-12,25.049999,25.065001,24.350000,24.495001,13.436236,41327000
2005-10-13,24.200001,24.350000,23.355000,23.830000,13.071465,78428400
2005-10-14,23.650000,24.260000,23.299999,24.170000,13.257966,62164000
2005-10-17,24.700001,24.700001,24.330000,24.469999,13.422528,29973200
2005-10-18,24.160000,24.395000,23.330000,23.334999,12.799949,62569400
2005-10-19,23.350000,23.905001,22.825001,23.860001,13.087925,92579600
2005-10-20,23.700001,23.809999,22.469999,22.775000,12.492769,95887800
2005-10-21,22.889999,23.405001,22.680000,23.010000,12.621667,62963400
2005-10-24,22.900000,23.834999,22.895000,23.830000,13.071465,60696800
2005-10-25,23.915001,24.445000,23.775000,24.325001,13.342992,67175400
2005-10-26,24.320000,24.969999,24.075001,24.180000,13.263450,61851800
2005-10-27,24.275000,24.434999,23.485001,23.495001,12.887710,54528600
2005-10-28,23.525000,24.245001,23.155001,24.135000,13.238769,56558800
2005-10-31,24.275000,24.745001,24.080000,24.410000,13.389620,45360800
2005-11-01,24.280001,24.625000,24.250000,24.559999,13.471893,41405000
2005-11-02,24.530001,25.055000,24.475000,25.040001,13.735188,41859400
2005-11-03,25.240000,25.645000,25.155001,25.514999,13.995744,37997400
2005-11-04,25.375000,25.475000,24.695000,24.750000,13.576114,58942200
2005-11-07,24.600000,24.785000,24.190001,24.320000,13.340243,43073400
2005-11-08,24.254999,24.700001,24.139999,24.525000,13.452695,26947800
2005-11-09,24.450001,24.920000,24.075001,24.299999,13.329275,64432000
2005-11-10,24.115000,24.125000,23.365000,23.545000,12.915135,80092400
2005-11-11,23.375000,23.865000,23.375000,23.735001,13.019361,31180400
2005-11-14,24.075001,24.100000,23.655001,23.860001,13.087925,30897200
2005-11-15,23.820000,24.469999,23.790001,23.900000,13.109862,50381200
2005-11-16,23.900000,24.520000,23.870001,24.520000,13.449950,45751000
2005-11-17,24.795000,24.799999,24.309999,24.510000,13.444468,36924000
2005-11-18,24.600000,24.695000,24.235001,24.520000,13.449950,48028800
2005-11-21,24.764999,25.129999,24.635000,25.129999,13.784555,35605400
2005-11-22,25.375000,25.584999,25.209999,25.530001,14.003963,28823000
2005-11-23,25.330000,25.670000,25.165001,25.434999,13.951853,24430200
2005-11-25,25.424999,25.610001,25.405001,25.500000,13.987510,7350000
2005-11-28,25.355000,25.355000,24.610001,24.639999,13.515775,44192200
2005-11-29,24.850000,24.980000,24.600000,24.680000,13.537722,29985000
2005-11-30,24.625000,25.049999,24.625000,24.775000,13.589832,35525800
2005-12-01,24.975000,25.559999,24.969999,25.559999,14.020424,37357000
2005-12-02,25.775000,25.775000,25.315001,25.584999,14.034135,30877800
2005-12-05,25.850000,26.000000,25.629999,25.764999,14.132872,40542800
2005-12-06,25.705000,26.100000,25.615000,25.875000,14.193210,28030000
2005-12-07,26.045000,26.270000,25.615000,25.780001,14.141096,66806000
2005-12-08,25.840000,26.260000,25.799999,26.235001,14.390676,32613200
2005-12-09,26.004999,26.174999,25.795000,25.910000,14.212410,28286800
2005-12-12,26.254999,26.264999,25.969999,26.245001,14.396163,27012400
2005-12-13,26.325001,26.594999,26.100000,26.135000,14.335829,37813200
2005-12-14,26.150000,26.480000,26.040001,26.450001,14.508615,31727200
2005-12-15,26.299999,26.475000,26.049999,26.240000,14.393422,30722400
2005-12-16,26.174999,26.295000,25.500000,25.535000,14.043375,45466600
2005-12-19,25.660000,25.799999,25.320000,25.325001,13.927879,38872400
2005-12-20,25.400000,25.750000,25.400000,25.670000,14.117611,29189000
2005-12-21,25.750000,25.985001,25.605000,25.725000,14.147862,35378400
2005-12-22,25.875000,25.930000,25.615000,25.695000,14.131368,16832200
2005-12-23,25.445000,25.715000,25.205000,25.625000,14.092869,27793000
2005-12-27,25.400000,25.400000,24.730000,24.870001,13.677645,51304200
2005-12-28,25.020000,25.389999,24.990000,25.245001,13.883882,38797800
2005-12-29,25.200001,25.485001,25.025000,25.049999,13.776636,25124200
2005-12-30,24.900000,25.350000,24.820000,25.155001,13.834382,24225600
2006-01-03,25.315001,26.350000,25.315001,26.350000,14.491595,48380400
2006-01-04,26.200001,26.475000,25.995001,26.424999,14.532841,39995800
2006-01-05,26.475000,26.500000,25.840000,26.090000,14.348607,47122000
2006-01-06,26.514999,26.799999,26.385000,26.730000,14.700583,36291800
2006-01-09,26.725000,26.844999,26.440001,26.700001,14.684078,30470400
2006-01-10,26.700001,27.129999,26.650000,26.990000,14.843574,34982600
2006-01-11,26.875000,27.225000,26.549999,27.105000,14.906815,39429000
2006-01-12,27.325001,27.520000,26.844999,26.910000,14.799576,44637600
2006-01-13,26.674999,27.285000,26.674999,27.230000,14.975563,35416000
2006-01-17,27.650000,27.855000,27.565001,27.830000,15.305547,30796000
2006-01-18,27.754999,27.825001,27.094999,27.600000,15.179053,43220200
2006-01-19,27.309999,28.150000,27.309999,28.080000,15.443031,52820200
2006-01-20,28.450001,28.754999,28.000000,28.205000,15.511785,57437800
2006-01-23,28.049999,28.650000,27.955000,28.514999,15.682264,43304200
2006-01-24,28.260000,28.600000,28.254999,28.344999,15.588768,39394200
2006-01-25,28.605000,28.650000,27.475000,27.750000,15.261548,74196800
2006-01-26,27.680000,27.875000,27.275000,27.840000,15.311042,54059400
2006-01-27,28.055000,28.455000,28.004999,28.325001,15.577781,45753000
2006-01-30,28.655001,29.139999,28.600000,28.975000,15.935252,57694400
2006-01-31,28.875000,28.975000,28.635000,28.830000,15.855512,35137400
2006-02-01,28.745001,29.035000,28.129999,28.145000,15.478775,64991200
2006-02-02,27.995001,28.295000,27.500000,27.865000,15.324798,71964400
2006-02-03,27.875000,27.940001,27.469999,27.610001,15.184548,41721800
2006-02-06,27.879999,28.325001,27.850000,28.150000,15.481525,43949800
2006-02-07,27.850000,27.850000,26.860001,26.975000,14.835324,73028600
2006-02-08,27.045000,27.125000,26.400000,26.980000,14.838078,88577400
2006-02-09,27.250000,27.475000,26.309999,26.365000,14.499839,62496200
2006-02-10,26.450001,26.584999,25.795000,26.270000,14.447595,86765000
2006-02-13,26.325001,26.650000,26.035000,26.165001,14.389850,46839200
2006-02-14,25.750000,26.125000,25.639999,25.870001,14.227612,61700000
2006-02-15,26.025000,26.250000,25.545000,25.730000,14.150616,104064400
2006-02-16,25.980000,26.360001,25.969999,26.320000,14.475085,54272800
2006-02-17,26.855000,26.990000,26.350000,26.504999,14.576838,47213200
2006-02-21,26.950001,27.250000,26.805000,27.025000,14.862819,41752400
2006-02-22,26.799999,26.825001,26.395000,26.520000,14.585080,48568000
2006-02-23,26.455000,26.844999,26.049999,26.490000,14.568591,57958600
2006-02-24,27.000000,27.065001,26.780001,26.815001,14.747328,33029400
2006-02-27,26.674999,26.750000,26.350000,26.350000,14.491595,32065200
2006-02-28,26.275000,26.275000,25.934999,26.170000,14.392597,47670000
2006-03-01,26.370001,26.629999,26.290001,26.615000,14.637328,26790800
2006-03-02,26.700001,27.110001,26.594999,27.059999,14.882068,42100600
2006-03-03,26.809999,27.260000,26.775000,27.065001,14.884819,45045200
2006-03-06,26.825001,26.889999,26.110001,26.125000,14.367854,47172200
2006-03-07,26.010000,26.030001,25.580000,25.740000,14.156113,47732200
2006-03-08,25.485001,26.045000,25.325001,25.740000,14.156113,81573200
2006-03-09,26.000000,26.110001,25.540001,25.555000,14.054373,45627000
2006-03-10,25.450001,25.875000,25.275000,25.695000,14.131368,47799400
2006-03-13,25.844999,26.230000,25.775000,26.200001,14.409096,23997000
2006-03-14,26.299999,26.725000,25.719999,26.684999,14.675830,33197600
2006-03-15,26.549999,26.830000,26.455000,26.825001,14.752827,43330400
2006-03-16,26.740000,27.285000,26.650000,27.250000,14.986567,54604800
2006-03-17,27.150000,27.325001,26.799999,26.825001,14.796535,46593600
2006-03-20,26.750000,26.945000,26.200001,26.230000,14.468338,45785400
2006-03-21,26.150000,26.575001,26.010000,26.184999,14.443512,50832800
2006-03-22,26.184999,26.709999,26.165001,26.360001,14.540051,43925600
2006-03-23,26.580000,26.795000,26.510000,26.750000,14.755169,34714000
2006-03-24,26.725000,27.150000,26.709999,26.930000,14.854459,42517000
2006-03-27,26.725000,27.139999,26.639999,27.070000,14.931678,38741200
2006-03-28,27.225000,27.545000,27.190001,27.280001,15.047513,45004800
2006-03-29,27.200001,27.620001,27.200001,27.600000,15.224031,36419200
2006-03-30,27.650000,27.850000,27.465000,27.584999,15.215749,46860200
2006-03-31,27.350000,27.375000,27.030001,27.200001,15.003386,51697800
2006-04-03,27.375000,27.840000,27.270000,27.350000,15.086127,36763000
2006-04-04,27.125000,27.760000,27.125000,27.709999,15.284698,27552000
2006-04-05,27.700001,28.174999,27.555000,28.165001,15.535673,40829600
2006-04-06,28.379999,28.430000,27.934999,28.225000,15.568774,42543600
2006-04-07,28.100000,28.209999,27.629999,27.674999,15.265397,43387400
2006-04-10,27.985001,28.275000,27.900000,28.200001,15.554981,34570400
2006-04-11,28.450001,28.559999,27.865000,28.000000,15.444662,27590200
2006-04-12,27.915001,28.170000,27.684999,27.815001,15.342614,32700200
2006-04-13,27.530001,27.930000,27.395000,27.905001,15.392264,22807200
2006-04-17,28.334999,28.420000,28.094999,28.420000,15.676328,27431400
2006-04-18,28.650000,29.165001,28.600000,29.115000,16.059690,58448800
2006-04-19,28.950001,29.575001,28.900000,29.565001,16.307915,48529200
2006-04-20,29.400000,29.590000,28.750000,29.260000,16.139673,52530000
2006-04-21,29.475000,29.924999,29.260000,29.870001,16.476139,39209200
2006-04-24,29.750000,29.799999,29.260000,29.415001,16.225170,59635400
2006-04-25,29.725000,29.865000,28.705000,29.035000,16.015560,67672600
2006-04-26,29.094999,29.565001,28.540001,28.575001,15.761827,58854200
2006-04-27,27.924999,28.799999,27.625000,28.250000,15.582560,89759000
2006-04-28,28.434999,28.930000,28.434999,28.570000,15.759069,38107800
2006-05-01,28.775000,29.315001,28.715000,29.040001,16.018322,39191600
2006-05-02,29.365000,29.719999,29.184999,29.684999,16.374102,38083000
2006-05-03,29.570000,29.680000,29.004999,29.225000,16.120369,51569400
2006-05-04,28.975000,29.360001,28.565001,29.090000,16.045906,55618400
2006-05-05,29.440001,29.575001,29.190001,29.430000,16.233444,31436800
2006-05-08,29.059999,29.355000,28.799999,29.299999,16.161737,34185400
2006-05-09,29.200001,29.625000,29.170000,29.475000,16.258265,26333400
2006-05-10,29.385000,29.754999,29.285000,29.750000,16.409956,41188800
2006-05-11,30.004999,30.075001,29.275000,29.365000,16.197592,43551400
2006-05-12,29.275000,29.275000,28.334999,28.370001,15.648752,70278200
2006-05-15,27.815001,28.250000,27.465000,27.775000,15.320553,58166600
2006-05-16,27.950001,28.260000,27.620001,27.875000,15.375714,41205200
2006-05-17,27.625000,27.955000,26.959999,27.165001,14.984086,72929200
2006-05-18,27.180000,27.475000,26.799999,26.834999,14.802052,49518600
2006-05-19,26.690001,27.225000,26.295000,27.010000,14.898580,80607600
2006-05-22,26.549999,27.070000,26.125000,26.855000,14.813085,75077600
2006-05-23,27.355000,27.700001,26.750000,26.860001,14.815845,58351800
2006-05-24,26.549999,27.075001,26.075001,26.530001,14.633817,76549600
2006-05-25,26.895000,27.555000,26.754999,27.459999,15.146799,64495800
2006-05-26,27.445000,27.660000,27.305000,27.549999,15.196446,28766600
2006-05-30,27.799999,27.950001,27.084999,27.115000,14.956499,38809200
2006-05-31,27.020000,27.775000,27.010000,27.775000,15.320553,39841400
2006-06-01,27.500000,27.995001,27.305000,27.850000,15.361925,39707800
2006-06-02,28.125000,28.315001,27.795000,28.264999,15.590841,35372600
2006-06-05,28.580000,28.590000,27.355000,27.375000,15.099911,73397400
2006-06-06,27.320000,27.680000,27.094999,27.350000,15.086127,49843400
2006-06-07,27.160000,27.295000,26.299999,26.299999,14.506949,92812800
2006-06-08,26.110001,26.725000,25.475000,26.670000,14.711039,150771000
2006-06-09,26.905001,26.905001,26.155001,26.400000,14.562106,62874000
2006-06-12,26.559999,26.719999,25.820000,25.860001,14.264249,43478000
2006-06-13,25.525000,25.930000,25.004999,25.094999,13.842275,75171200
2006-06-14,25.190001,25.790001,25.100000,25.740000,14.198057,79172400
2006-06-15,26.059999,26.889999,26.020000,26.719999,14.738626,76566600
2006-06-16,26.525000,26.735001,26.059999,26.549999,14.699038,59343200
2006-06-19,26.450001,26.450001,25.520000,25.549999,14.145402,93441400
2006-06-20,25.815001,26.035000,25.365000,25.430000,14.078963,44635400
2006-06-21,25.514999,26.309999,25.495001,26.000000,14.394533,78507000
2006-06-22,26.000000,26.250000,25.795000,26.110001,14.455439,35386800
2006-06-23,26.645000,26.875000,26.600000,26.690001,14.776542,53731800
2006-06-26,26.650000,27.020000,26.440001,26.985001,14.939864,33053200
2006-06-27,27.165001,27.389999,26.980000,27.035000,14.967543,48294800
2006-06-28,27.115000,27.565001,27.100000,27.500000,15.224989,44248000
2006-06-29,27.670000,28.290001,27.670000,28.280001,15.656823,60785200
2006-06-30,28.389999,28.545000,28.129999,28.375000,15.709416,22692400
2006-07-03,28.525000,28.764999,28.440001,28.680000,15.878278,7662000
2006-07-05,28.514999,28.879999,28.200001,28.809999,15.950257,32829800
2006-07-06,28.775000,29.030001,28.629999,28.735001,15.908730,33697200
2006-07-07,28.850000,29.105000,28.254999,28.344999,15.692811,39374600
2006-07-10,28.360001,28.719999,28.219999,28.430000,15.739875,29220400
2006-07-11,28.525000,29.030001,28.504999,28.950001,16.027761,25975000
2006-07-12,29.070000,29.120001,28.719999,28.850000,15.972404,30260400
2006-07-13,28.975000,29.035000,28.525000,28.575001,15.820150,37032600
2006-07-14,28.799999,28.959999,28.280001,28.910000,16.005615,35258000
2006-07-17,28.610001,28.754999,27.830000,27.975000,15.487970,64838800
2006-07-18,28.225000,28.350000,27.629999,28.010000,15.507347,37958000
2006-07-19,27.920000,28.400000,27.820000,28.299999,15.667890,45156400
2006-07-20,28.375000,28.395000,27.615000,27.615000,15.288659,37870600
2006-07-21,27.754999,27.754999,27.125000,27.240000,15.081038,60833000
2006-07-24,27.250000,28.110001,27.250000,28.059999,15.535024,45137000
2006-07-25,28.254999,28.594999,28.070000,28.549999,15.806304,38077800
2006-07-26,28.379999,29.285000,28.340000,29.125000,16.124651,39309400
2006-07-27,29.455000,29.490000,28.805000,28.875000,15.986245,34664600
2006-07-28,28.719999,28.965000,28.430000,28.885000,15.991775,29452600
2006-07-31,29.100000,29.475000,28.879999,29.325001,16.235376,31043000
2006-08-01,29.270000,29.434999,28.995001,29.360001,16.254755,22086000
2006-08-02,29.680000,29.940001,29.215000,29.420000,16.287975,35554600
2006-08-03,29.000000,29.475000,28.975000,29.165001,16.146793,23421000
2006-08-04,29.250000,29.415001,28.665001,28.920000,16.011152,33659400
2006-08-07,29.129999,29.400000,28.900000,29.225000,16.180016,38116200
2006-08-08,29.174999,29.415001,29.014999,29.055000,16.085892,40603600
2006-08-09,29.350000,29.674999,29.230000,29.299999,16.221537,37053200
2006-08-10,29.129999,29.200001,28.825001,29.059999,16.088659,35670800
2006-08-11,29.025000,29.160000,28.834999,29.075001,16.096968,16322600
2006-08-14,28.860001,28.860001,27.930000,28.475000,15.764789,33443400
2006-08-15,28.725000,28.840000,28.379999,28.620001,15.845064,33198800
2006-08-16,28.520000,28.950001,28.295000,28.500000,15.778627,44679200
2006-08-17,28.219999,28.365000,28.065001,28.299999,15.667890,69987200
2006-08-18,28.500000,28.750000,28.150000,28.740000,15.911506,27279600
2006-08-21,28.969999,29.059999,28.815001,28.930000,16.016691,24737000
2006-08-22,28.900000,29.125000,28.855000,29.125000,16.124651,13917800
2006-08-23,28.990000,29.070000,28.485001,28.514999,15.786934,24303600
2006-08-24,28.600000,28.940001,28.480000,28.885000,15.991775,21704600
2006-08-25,29.150000,29.375000,29.030001,29.110001,16.116348,26378800
2006-08-28,28.750000,28.924999,28.635000,28.690001,15.883810,35186400
2006-08-29,28.540001,28.540001,28.225000,28.510000,15.784161,26977000
2006-08-30,28.405001,28.514999,27.785000,28.030001,15.518410,39981000
2006-08-31,27.990000,28.150000,27.770000,27.834999,15.410459,21933000
2006-09-01,28.000000,28.250000,27.905001,28.250000,15.640214,17497000
2006-09-05,28.150000,28.635000,28.120001,28.620001,15.845064,33220400
2006-09-06,28.315001,28.350000,27.620001,27.650000,15.308036,34454000
2006-09-07,27.500000,27.795000,27.375000,27.674999,15.321880,50465600
2006-09-08,27.555000,27.780001,26.975000,26.975000,14.934327,33601600
2006-09-11,26.645000,26.725000,26.065001,26.139999,14.472048,88824200
2006-09-12,26.190001,26.420000,25.830000,25.975000,14.380689,50193000
2006-09-13,26.200001,26.684999,26.184999,26.514999,14.679662,45052000
2006-09-14,26.500000,26.655001,25.844999,25.924999,14.353008,61271400
2006-09-15,25.940001,26.055000,25.709999,25.924999,14.402172,61135400
2006-09-18,26.075001,26.684999,25.975000,26.549999,14.749390,66620800
2006-09-19,26.549999,26.680000,25.860001,26.150000,14.527174,52592800
2006-09-20,25.900000,26.135000,25.375000,25.450001,14.138298,58647400
2006-09-21,25.575001,26.045000,25.520000,25.775000,14.318849,47660800
2006-09-22,25.955000,26.020000,25.480000,25.665001,14.257735,48575000
2006-09-25,25.350000,25.879999,25.084999,25.700001,14.277182,69880800
2006-09-26,25.500000,26.290001,25.500000,26.264999,14.591050,62279800
2006-09-27,26.570000,26.785000,26.139999,26.700001,14.832711,70352200
2006-09-28,26.695000,26.985001,26.545000,26.615000,14.785497,48496200
2006-09-29,26.450001,26.875000,26.385000,26.725000,14.846601,33727800
2006-10-02,26.610001,26.910000,26.405001,26.420000,14.677174,29895400
2006-10-03,26.000000,26.090000,25.450001,25.450001,14.138298,68121000
2006-10-04,25.590000,25.930000,25.100000,25.825001,14.346620,75332400
2006-10-05,26.299999,26.415001,26.014999,26.320000,14.621610,62842800
2006-10-06,26.100000,26.355000,25.879999,26.344999,14.635502,51216400
2006-10-09,26.570000,26.620001,25.945000,25.950001,14.416059,40557200
2006-10-10,25.799999,26.495001,25.799999,26.434999,14.685498,53543600
2006-10-11,26.290001,26.405001,25.959999,26.014999,14.452180,43451400
2006-10-12,26.174999,26.625000,26.165001,26.625000,14.791055,46280400
2006-10-13,26.815001,27.195000,26.735001,26.990000,14.993816,54467400
2006-10-16,26.950001,27.625000,26.905001,27.625000,15.346581,56224600
2006-10-17,27.549999,27.565001,27.135000,27.325001,15.179921,45572600
2006-10-18,27.290001,27.549999,26.940001,27.150000,15.082703,57421600
2006-10-19,27.280001,27.709999,27.150000,27.709999,15.393801,37268800
2006-10-20,27.825001,27.825001,27.250000,27.350000,15.193812,55108600
2006-10-23,27.174999,27.520000,27.035000,27.400000,15.221582,38240800
2006-10-24,27.355000,27.969999,27.250000,27.900000,15.499352,35451000
2006-10-25,27.834999,28.570000,27.730000,28.379999,15.766010,59867600
2006-10-26,28.709999,28.725000,28.110001,28.315001,15.729899,40829800
2006-10-27,28.290001,28.500000,27.995001,28.084999,15.602124,42041200
2006-10-30,27.700001,27.955000,27.525000,27.580000,15.321579,77003400
2006-10-31,27.575001,27.934999,27.225000,27.865000,15.479913,61219400
2006-11-01,27.809999,28.010000,27.370001,27.580000,15.321579,55034800
2006-11-02,27.420000,27.865000,27.360001,27.690001,15.382696,36178000
2006-11-03,27.870001,28.370001,27.865000,28.299999,15.721564,63797000
2006-11-06,28.200001,28.600000,28.100000,28.504999,15.835445,38969600
2006-11-07,28.504999,28.575001,28.084999,28.285000,15.713229,62714000
2006-11-08,28.105000,28.805000,28.105000,28.760000,15.977104,46124400
2006-11-09,28.985001,29.299999,28.820000,29.000000,16.110439,41382200
2006-11-10,28.934999,28.975000,28.545000,28.725000,15.957664,34595600
2006-11-13,28.504999,28.940001,28.405001,28.674999,15.929892,37889000
2006-11-14,28.865000,28.900000,28.625000,28.844999,16.024330,33182600
2006-11-15,28.995001,29.245001,28.775000,29.115000,16.174328,34606200
2006-11-16,29.309999,29.309999,28.250000,28.315001,15.729899,69076600
2006-11-17,28.014999,28.600000,27.959999,28.549999,15.860445,50567000
2006-11-20,28.420000,28.725000,28.254999,28.475000,15.818784,52260200
2006-11-21,28.535000,29.030001,28.535000,29.000000,16.110439,27773000
2006-11-22,28.855000,29.070000,28.525000,28.830000,16.015997,37745000
2006-11-24,28.719999,29.020000,28.665001,28.770000,15.982664,9024000
2006-11-27,28.870001,29.000000,28.514999,28.639999,15.910452,26066000
2006-11-28,28.745001,29.225000,28.740000,29.100000,16.165995,35626600
2006-11-29,29.225000,30.165001,29.190001,30.025000,16.679859,56393200
2006-11-30,30.025000,30.415001,29.900000,30.254999,16.807632,52887400
2006-12-01,30.055000,30.379999,29.740000,30.360001,16.865963,44489400
2006-12-04,30.150000,30.334999,30.014999,30.315001,16.840967,36796400
2006-12-05,30.500000,30.635000,30.125000,30.434999,16.907629,45401600
2006-12-06,30.325001,30.700001,30.235001,30.350000,16.860409,40079000
2006-12-07,30.225000,30.389999,30.014999,30.170000,16.760410,34637400
2006-12-08,30.309999,30.485001,30.084999,30.135000,16.740969,28623800
2006-12-11,30.004999,30.280001,29.900000,30.059999,16.699306,36886000
2006-12-12,30.150000,30.355000,29.924999,30.129999,16.738192,37962000
2006-12-13,30.150000,30.530001,30.105000,30.434999,16.907629,39544600
2006-12-14,30.600000,31.065001,30.455000,30.875000,17.152061,45614200
2006-12-15,30.940001,30.940001,30.469999,30.504999,16.997158,36120600
2006-12-18,30.549999,30.549999,29.615000,29.625000,16.506832,71225000
2006-12-19,29.465000,30.174999,29.250000,30.129999,16.788219,40950200
2006-12-20,30.195000,30.195000,29.660000,29.719999,16.559769,35164400
2006-12-21,29.750000,29.910000,29.299999,29.580000,16.481756,48419600
2006-12-22,29.405001,29.700001,29.295000,29.295000,16.322958,23659000
2006-12-26,29.250000,29.594999,29.094999,29.330000,16.342466,20251600
2006-12-27,29.295000,29.674999,29.195000,29.674999,16.534693,18653800
2006-12-28,29.750000,29.825001,29.514999,29.610001,16.498474,24348400
2006-12-29,29.500000,29.600000,29.315001,29.315001,16.334106,16129400
2007-01-03,29.155001,29.195000,28.080000,28.290001,15.762975,94931000
2007-01-04,27.940001,28.120001,27.645000,27.775000,15.476027,101763800
2007-01-05,27.790001,28.040001,27.594999,27.959999,15.579110,76607000
2007-01-08,28.240000,28.350000,27.695000,27.959999,15.579110,65947600
2007-01-09,27.570000,27.920000,27.400000,27.719999,15.445379,74036200
2007-01-10,27.549999,27.584999,27.084999,27.184999,15.147279,76061200
2007-01-11,27.275000,27.865000,26.945000,27.030001,15.060913,97682800
2007-01-12,27.125000,27.799999,27.100000,27.719999,15.445379,63076600
2007-01-16,27.525000,27.815001,27.290001,27.434999,15.286578,62727000
2007-01-17,27.389999,27.860001,27.385000,27.740000,15.456525,72263600
2007-01-18,27.875000,28.045000,27.355000,27.535000,15.342296,62343000
2007-01-19,27.725000,28.299999,27.665001,28.290001,15.762975,62563400
2007-01-22,28.450001,28.455000,27.950001,28.094999,15.654327,63137800
2007-01-23,28.315001,28.955000,28.315001,28.825001,16.061079,72533000
2007-01-24,28.745001,28.959999,28.400000,28.950001,16.130728,43948600
2007-01-25,28.850000,28.905001,28.165001,28.355000,15.799194,44287400
2007-01-26,28.549999,28.639999,28.285000,28.424999,15.838197,27642800
2007-01-29,28.434999,28.650000,28.165001,28.285000,15.760189,39899600
2007-01-30,28.405001,28.934999,28.340000,28.860001,16.080580,43022200
2007-01-31,28.809999,29.135000,28.650000,29.045000,16.183664,55691600
2007-02-01,29.049999,29.340000,28.885000,29.150000,16.242168,46168400
2007-02-02,29.315001,29.465000,28.980000,29.315001,16.334106,36886000
2007-02-05,29.375000,29.549999,29.195000,29.285000,16.317383,26218800
2007-02-06,29.459999,29.469999,29.020000,29.195000,16.267241,38592800
2007-02-07,29.295000,29.430000,28.855000,29.020000,16.169731,39181600
2007-02-08,29.014999,29.370001,28.865000,29.315001,16.334106,49711600
2007-02-09,29.350000,29.455000,29.059999,29.195000,16.267241,38082400
2007-02-12,28.900000,29.020000,28.670000,28.790001,16.041574,37392800
2007-02-13,28.905001,29.215000,28.895000,29.209999,16.275595,30053600
2007-02-14,29.155001,29.520000,29.059999,29.215000,16.278378,47036000
2007-02-15,29.129999,29.205000,28.760000,28.995001,16.155804,49922200
2007-02-16,29.000000,29.040001,28.870001,29.000000,16.158588,32549200
2007-02-20,28.684999,28.754999,28.559999,28.674999,15.977496,32566800
2007-02-21,28.674999,29.035000,28.504999,28.990000,16.153013,40853400
2007-02-22,28.995001,29.355000,28.850000,29.250000,16.297882,43117200
2007-02-23,29.504999,29.514999,29.254999,29.325001,16.339674,33278800
2007-02-26,29.584999,29.764999,29.424999,29.500000,16.437181,42328000
2007-02-27,29.059999,29.450001,28.225000,28.325001,15.782483,104771600
2007-02-28,28.450001,28.840000,28.365000,28.450001,15.852126,65250400
2007-03-01,28.160000,28.735001,27.525000,28.360001,15.801984,63812400
2007-03-02,28.405001,28.469999,27.860001,28.025000,15.615326,67580200
2007-03-05,27.575001,28.129999,27.469999,27.700001,15.434237,72762400
2007-03-06,28.105000,28.299999,27.940001,28.225000,15.726768,43864200
2007-03-07,28.290001,29.115000,28.160000,28.575001,15.921783,88860200
2007-03-08,28.965000,28.980000,28.629999,28.825001,16.061079,46413800
2007-03-09,28.855000,29.020000,28.620001,28.700001,15.991426,43495600
2007-03-12,28.500000,28.785000,28.475000,28.660000,15.969137,42803200
2007-03-13,28.650000,29.010000,28.225000,28.275000,15.754627,62941200
2007-03-14,28.400000,28.684999,28.100000,28.600000,15.935710,75853600
2007-03-15,28.594999,28.805000,28.485001,28.594999,15.932930,41611800
2007-03-16,28.665001,28.684999,28.129999,28.195000,15.761587,56097000
2007-03-19,28.475000,28.785000,28.410000,28.645000,16.013142,43157600
2007-03-20,28.674999,28.945000,28.580000,28.850000,16.127752,48250600
2007-03-21,29.065001,29.540001,28.930000,29.370001,16.418438,48850800
2007-03-22,29.525000,30.090000,29.525000,29.959999,16.748255,67233000
2007-03-23,30.094999,30.209999,29.910000,30.110001,16.832109,29860400
2007-03-26,30.350000,30.500000,29.885000,30.320000,16.949505,38024600
2007-03-27,30.245001,30.375000,30.084999,30.375000,16.980251,34342000
2007-03-28,30.570000,30.570000,30.145000,30.370001,16.977455,37145200
2007-03-29,30.465000,30.580000,30.245001,30.559999,17.083668,46594200
2007-03-30,30.430000,30.475000,29.950001,30.139999,16.848875,42370600
2007-04-02,30.129999,30.525000,30.094999,30.434999,17.013790,35790800
2007-04-03,30.315001,30.655001,30.215000,30.625000,17.120007,32316200
2007-04-04,30.424999,30.740000,30.309999,30.674999,17.147959,31624800
2007-04-05,30.754999,30.910000,30.629999,30.875000,17.259768,24371800
2007-04-09,30.820000,31.155001,30.709999,30.760000,17.195471,39235200
2007-04-10,30.825001,31.305000,30.780001,31.225000,17.455416,34376800
2007-04-11,31.235001,31.385000,30.950001,31.035000,17.349199,49695000
2007-04-12,31.075001,31.520000,30.990000,31.510000,17.614735,33672200
2007-04-13,31.565001,31.584999,31.350000,31.525000,17.623127,26788600
2007-04-16,31.594999,31.760000,31.290001,31.709999,17.726542,28336000
2007-04-17,31.785000,31.870001,31.365000,31.530001,17.625916,29040600
2007-04-18,31.385000,31.440001,31.205000,31.420000,17.564426,31142400
2007-04-19,31.180000,31.230000,30.920000,30.980000,17.318455,32242400
2007-04-20,31.270000,31.680000,31.270000,31.549999,17.637102,36407800
2007-04-23,31.559999,31.895000,31.500000,31.584999,17.656664,40033600
2007-04-24,31.555000,31.625000,31.325001,31.490000,17.603556,42760600
2007-04-25,31.615000,32.285000,31.600000,32.080002,17.933380,57692600
2007-04-26,32.055000,32.230000,31.820000,32.070000,17.927792,38278600
2007-04-27,31.995001,32.294998,31.840000,32.064999,17.924990,28250400
2007-04-30,32.070000,32.375000,31.684999,31.684999,17.712559,35122000
2007-05-01,31.719999,31.930000,31.490000,31.825001,17.790834,53459200
2007-05-02,31.930000,32.205002,31.840000,32.090000,17.938969,33324400
2007-05-03,31.959999,32.514999,31.930000,32.349998,18.084314,34106600
2007-05-04,32.500000,32.869999,32.264999,32.325001,18.070339,40888800
2007-05-07,32.209999,32.470001,32.174999,32.410000,18.117851,22546800
2007-05-08,32.299999,32.490002,32.000000,32.415001,18.120653,30772400
2007-05-09,32.380001,32.540001,32.025002,32.400002,18.112268,44234400
2007-05-10,32.529999,32.564999,31.830000,31.875000,17.818777,41594400
2007-05-11,31.924999,32.625000,31.889999,32.605000,18.226860,42647800
2007-05-14,32.595001,32.814999,32.500000,32.615002,18.232456,33049600
2007-05-15,32.665001,33.000000,32.575001,32.724998,18.293949,32117600
2007-05-16,32.689999,32.875000,32.340000,32.849998,18.363823,34880800
2007-05-17,32.950001,33.544998,32.680000,33.375000,18.657310,37547000
2007-05-18,33.500000,33.924999,33.470001,33.915001,18.959179,42464600
2007-05-21,34.035000,34.509998,33.959999,34.200001,19.118496,90720000
2007-05-22,34.165001,34.430000,33.880001,33.880001,18.939627,50212000
2007-05-23,34.009998,34.395000,33.950001,33.950001,18.978743,49737000
2007-05-24,34.029999,34.330002,33.294998,33.330002,18.632156,56356600
2007-05-25,33.695000,33.919998,33.610001,33.849998,18.922840,26041600
2007-05-29,33.700001,33.884998,33.389999,33.625000,18.797062,41121800
2007-05-30,33.485001,34.375000,33.410000,34.330002,19.191179,38506000
2007-05-31,34.419998,34.535000,34.020000,34.150002,19.090557,33403000
2007-06-01,34.320000,34.590000,34.305000,34.459999,19.263847,23829800
2007-06-04,34.365002,35.035000,34.320000,35.000000,19.565725,35336000
2007-06-05,34.794998,34.980000,34.605000,34.875000,19.495836,30652000
2007-06-06,34.755001,34.755001,34.250000,34.430000,19.247078,37970800
2007-06-07,34.369999,34.625000,33.705002,33.820000,18.906071,40308600
2007-06-08,33.580002,34.029999,33.395000,33.959999,18.984341,41979200
2007-06-11,34.029999,34.490002,33.875000,34.220001,19.129688,27590200
2007-06-12,34.174999,34.349998,33.799999,33.799999,18.894886,41113800
2007-06-13,33.970001,34.544998,33.900002,34.474998,19.272228,50487400
2007-06-14,34.564999,35.215000,34.555000,35.055000,19.596462,38401000
2007-06-15,35.255001,35.595001,35.209999,35.490002,19.897253,32450400
2007-06-18,35.535000,35.709999,35.445000,35.529999,19.919674,23275600
2007-06-19,35.490002,35.724998,35.310001,35.570000,19.942101,22868400
2007-06-20,35.555000,35.665001,34.400002,34.535000,19.361839,59250800
2007-06-21,34.764999,35.259998,34.634998,35.224998,19.748680,45713400
2007-06-22,35.150002,35.264999,34.500000,34.875000,19.552448,39709200
2007-06-25,34.650002,35.070000,34.424999,34.595001,19.395477,49853400
2007-06-26,34.615002,34.705002,33.805000,33.849998,18.977791,51648000
2007-06-27,33.724998,34.520000,33.474998,34.375000,19.272135,47399800
2007-06-28,34.599998,34.840000,34.255001,34.375000,19.272135,34510600
2007-06-29,34.575001,34.924999,34.314999,34.494999,19.339411,36467200
2007-07-02,34.555000,35.105000,34.555000,35.105000,19.681408,32160000
2007-07-03,35.130001,35.389999,35.064999,35.375000,19.832775,10600800
2007-07-05,35.400002,35.580002,34.930000,35.290001,19.785114,33578600
2007-07-06,35.500000,35.779999,35.424999,35.770000,20.054234,23052400
2007-07-09,35.740002,36.220001,35.650002,36.105000,20.242048,38314400
2007-07-10,35.904999,36.334999,35.700001,35.785000,20.062641,58750800
2007-07-11,35.650002,36.014999,35.535000,35.919998,20.138330,55289800
2007-07-12,36.200001,36.700001,36.200001,36.615002,20.527979,62177400
2007-07-13,36.584999,37.160000,36.509998,36.974998,20.729809,50968000
2007-07-16,37.040001,37.040001,36.090000,36.500000,20.463491,52113000
2007-07-17,36.665001,36.875000,36.014999,36.025002,20.197195,49148800
2007-07-18,36.040001,36.919998,35.935001,36.840000,20.654123,74638400
2007-07-19,37.005001,37.240002,36.939999,37.174999,20.841930,37691800
2007-07-20,37.150002,37.365002,36.715000,37.000000,20.743816,40165600
2007-07-23,37.025002,37.320000,36.700001,37.150002,20.827923,30433600
2007-07-24,36.825001,36.825001,35.884998,36.075001,20.225235,50225400
2007-07-25,36.305000,36.705002,35.520000,36.650002,20.547602,65361000
2007-07-26,36.099998,36.180000,34.590000,35.270000,19.773909,79532200
2007-07-27,35.325001,35.494999,34.250000,34.250000,19.202057,85094800
2007-07-30,34.595001,35.055000,34.055000,34.840000,19.532833,64797800
2007-07-31,35.325001,35.490002,34.500000,34.500000,19.342207,45528200
2007-08-01,34.334999,35.084999,33.605000,34.410000,19.291756,86169000
2007-08-02,34.494999,34.750000,33.740002,34.174999,19.160006,68290800
2007-08-03,34.145000,34.584999,33.005001,33.060001,18.534887,68139400
2007-08-06,32.849998,33.355000,32.115002,33.250000,18.641415,109071600
2007-08-07,32.994999,34.320000,32.880001,34.029999,19.078712,62339200
2007-08-08,34.325001,35.044998,34.080002,34.674999,19.440317,60435200
2007-08-09,33.799999,34.619999,33.650002,33.680000,18.882479,65071200
2007-08-10,33.445000,34.220001,32.814999,33.860001,18.983404,55367600
2007-08-13,34.330002,34.709999,33.785000,33.900002,19.005829,39376800
2007-08-14,34.195000,34.290001,33.500000,33.674999,18.879684,40611000
2007-08-15,33.695000,33.985001,32.695000,32.750000,18.361088,52163800
2007-08-16,32.165001,32.724998,31.365000,32.549999,18.248960,84094800
2007-08-17,33.575001,33.834999,32.910000,33.750000,18.921730,61897400
2007-08-20,33.595001,33.955002,32.974998,33.674999,18.879684,65976200
2007-08-21,33.529999,33.794998,33.000000,33.200001,18.613377,40832600
2007-08-22,33.599998,33.735001,33.320000,33.599998,18.837629,36239000
2007-08-23,33.770000,34.029999,33.470001,33.900002,19.005829,35967000
2007-08-24,34.049999,34.750000,33.974998,34.625000,19.412294,31269000
2007-08-27,34.459999,34.474998,34.084999,34.200001,19.174021,21383400
2007-08-28,34.000000,34.125000,33.375000,33.375000,18.711487,39279000
2007-08-29,33.619999,34.625000,33.580002,34.480000,19.331003,54728000
2007-08-30,34.279999,34.685001,34.110001,34.459999,19.319799,33744400
2007-08-31,34.869999,35.150002,34.465000,34.915001,19.574879,26635400
2007-09-04,34.799999,35.790001,34.705002,35.549999,19.930891,31791600
2007-09-05,35.500000,35.540001,35.189999,35.360001,19.824366,32728600
2007-09-06,35.700001,36.125000,35.514999,35.900002,20.127113,36015000
2007-09-07,35.480000,35.535000,35.040001,35.130001,19.695425,40178600
2007-09-10,35.264999,35.310001,34.389999,35.075001,19.664585,61778000
2007-09-11,35.099998,35.755001,34.840000,35.674999,20.000963,54152400
2007-09-12,35.575001,36.145000,35.575001,35.924999,20.141125,48045600
2007-09-13,35.980000,36.369999,35.935001,36.150002,20.267277,30474800
2007-09-14,35.910000,36.480000,35.900002,36.250000,20.323341,28053400
2007-09-17,36.174999,36.575001,36.075001,36.325001,20.365389,26959800
2007-09-18,36.445000,37.500000,36.134998,37.424999,20.982098,37287000
2007-09-19,37.660000,38.014999,37.505001,37.750000,21.164307,38740600
2007-09-20,37.669998,37.869999,37.465000,37.724998,21.150297,32586000
2007-09-21,38.040001,38.150002,37.825001,37.849998,21.276207,24444400
2007-09-24,37.900002,37.965000,37.525002,37.779999,21.236856,35679600
2007-09-25,37.290001,37.320000,36.939999,37.160000,20.888346,34937800
2007-09-26,37.520000,37.660000,36.845001,37.264999,20.947365,41332000
2007-09-27,37.630001,37.790001,37.435001,37.750000,21.219988,25186200
2007-09-28,37.915001,38.049999,37.310001,37.400002,21.023249,34826000
2007-10-01,37.375000,38.070000,37.340000,38.049999,21.388632,38886800
2007-10-02,37.759998,37.794998,37.130001,37.455002,21.054152,43783000
2007-10-03,37.205002,37.424999,36.970001,37.235001,20.930502,43850800
2007-10-04,37.075001,37.520000,36.750000,37.375000,21.009197,31124600
2007-10-05,37.555000,37.639999,37.040001,37.555000,21.110390,32311200
2007-10-08,37.264999,37.410000,37.070000,37.174999,20.896776,26189000
2007-10-09,37.349998,37.930000,37.334999,37.924999,21.318371,35899200
2007-10-10,37.365002,38.500000,37.365002,38.415001,21.593801,43909800
2007-10-11,38.700001,39.044998,37.840000,38.224998,21.486990,64721400
2007-10-12,38.270000,38.709999,38.244999,38.584999,21.689369,27868600
2007-10-15,38.924999,39.205002,38.744999,38.900002,21.866428,37512800
2007-10-16,38.849998,39.195000,38.794998,39.000000,21.922638,40045600
2007-10-17,39.195000,39.250000,38.415001,38.750000,21.782110,46440800
2007-10-18,38.750000,39.084999,38.630001,39.049999,21.950750,42443800
2007-10-19,38.724998,38.730000,37.200001,37.200001,20.910826,66866800
2007-10-22,36.794998,36.980000,36.334999,36.775002,20.671936,62531000
2007-10-23,37.055000,37.450001,36.660000,37.299999,20.967043,42582400
2007-10-24,37.220001,37.695000,36.845001,37.544998,21.104755,46342600
2007-10-25,37.820000,38.130001,37.470001,37.900002,21.304319,40123200
2007-10-26,38.450001,38.715000,38.209999,38.474998,21.627525,31556000
2007-10-29,38.500000,38.825001,38.500000,38.660000,21.731527,19328800
2007-10-30,38.404999,38.404999,37.345001,37.345001,20.992344,49539800
2007-10-31,37.750000,38.465000,37.535000,38.349998,21.557261,58567800
2007-11-01,37.785000,38.380001,37.195000,37.224998,20.924883,44493000
2007-11-02,37.375000,37.939999,37.080002,37.924999,21.318371,56069200
2007-11-05,37.485001,37.900002,37.195000,37.619999,21.146921,47670600
2007-11-06,38.005001,38.875000,38.005001,38.875000,21.852375,36266200
2007-11-07,38.849998,38.849998,37.275002,37.275002,20.952986,59806600
2007-11-08,37.884998,38.580002,37.310001,37.924999,21.318371,74325400
2007-11-09,37.445000,37.849998,37.195000,37.224998,20.924883,56925800
2007-11-12,36.630001,36.880001,35.424999,35.424999,19.913065,63528400
2007-11-13,35.724998,36.674999,35.334999,36.674999,20.615717,56002800
2007-11-14,37.049999,37.264999,36.320000,36.619999,20.584795,44226400
2007-11-15,36.279999,36.544998,35.294998,35.400002,19.899015,58108600
2007-11-16,35.845001,36.419998,35.735001,36.330002,20.421785,50881800
2007-11-19,36.174999,36.384998,35.610001,35.724998,20.081692,35531000
2007-11-20,36.195000,37.105000,36.000000,36.875000,20.728142,56381200
2007-11-21,36.555000,36.855000,36.064999,36.075001,20.278446,39537400
2007-11-23,36.125000,37.025002,36.125000,37.025002,20.812456,13740200
2007-11-26,37.020000,37.130001,35.744999,35.744999,20.092947,50628600
2007-11-27,35.299999,35.660000,34.805000,35.349998,19.870901,57528000
2007-11-28,35.974998,36.330002,35.580002,36.224998,20.362762,45945800
2007-11-29,36.375000,36.849998,36.235001,36.625000,20.587612,39496800
2007-11-30,36.584999,36.875000,36.174999,36.735001,20.649443,34133800
2007-12-03,36.439999,37.064999,36.439999,36.875000,20.728142,39093200
2007-12-04,36.799999,36.825001,36.500000,36.500000,20.517342,29133400
2007-12-05,37.000000,37.525002,36.935001,37.305000,20.969843,48980200
2007-12-06,37.320000,38.325001,37.165001,38.325001,21.543200,42270000
2007-12-07,38.150002,38.355000,37.855000,38.090000,21.411108,24755400
2007-12-10,38.299999,38.549999,38.165001,38.474998,21.627525,22776400
2007-12-11,38.470001,38.785000,37.505001,37.525002,21.093517,40003600
2007-12-12,38.375000,38.875000,38.145000,38.750000,21.782110,48037600
2007-12-13,38.505001,38.884998,38.209999,38.845001,21.835508,30835600
2007-12-14,38.744999,38.764999,38.189999,38.224998,21.486990,30176200
2007-12-17,38.150002,38.224998,37.264999,37.540001,21.101948,54364400
2007-12-18,37.935001,38.134998,37.290001,37.900002,21.304319,41742800
2007-12-19,37.930000,38.490002,37.930000,38.264999,21.509480,33666200
2007-12-20,38.590000,38.750000,38.064999,38.750000,21.782110,26022400
2007-12-21,38.779999,39.650002,38.709999,39.650002,22.345411,33735800
2007-12-24,39.794998,39.830002,39.400002,39.830002,22.446844,38001600
2007-12-26,39.869999,40.299999,39.730000,40.275002,22.697624,27990600
2007-12-27,40.294998,40.294998,39.750000,39.849998,22.458105,21799600
2007-12-28,40.070000,40.230000,39.825001,40.185001,22.646900,20981400
2007-12-31,40.220001,40.220001,39.525002,39.674999,22.359478,22609800
2008-01-02,39.974998,40.150002,39.634998,39.750000,22.401760,38591400
2008-01-03,40.035000,40.375000,39.924999,40.220001,22.666632,29210800
2008-01-04,39.845001,39.869999,38.750000,38.750000,21.838188,53756000
2008-01-07,39.000000,39.305000,38.115002,38.599998,21.753654,64817600
2008-01-08,38.939999,39.095001,37.924999,37.924999,21.373253,45215800
2008-01-09,37.924999,38.669998,37.814999,38.424999,21.655031,50178400
2008-01-10,38.174999,38.500000,37.160000,38.264999,21.564852,46105600
2008-01-11,37.994999,38.514999,37.680000,37.799999,21.302797,57543200
2008-01-14,38.215000,38.615002,38.150002,38.549999,21.725470,40291200
2008-01-15,38.044998,38.044998,36.955002,36.955002,20.826586,53263200
2008-01-16,36.750000,37.075001,35.529999,35.724998,20.133390,87574800
2008-01-17,36.064999,36.580002,34.299999,34.375000,19.372597,76335400
2008-01-18,34.625000,35.005001,33.570000,34.450001,19.414854,83086200
2008-01-22,31.900000,34.080002,31.500000,33.474998,18.865379,80178400
2008-01-23,32.520000,33.814999,31.485001,33.785000,19.040077,109372800
2008-01-24,34.020000,35.169998,33.990002,34.974998,19.710730,65186400
2008-01-25,35.490002,35.785000,34.250000,34.349998,19.358492,62751800
2008-01-28,34.294998,35.224998,34.075001,35.130001,19.798079,44986000
2008-01-29,35.215000,35.674999,35.084999,35.525002,20.020691,37258000
2008-01-30,35.345001,36.105000,34.884998,35.080002,19.769905,49692600
2008-01-31,34.509998,35.395000,34.250000,34.799999,19.612103,47823800
2008-02-01,35.259998,35.805000,35.110001,35.674999,20.105219,47327200
2008-02-04,35.735001,35.900002,35.230000,35.700001,20.119312,34515600
2008-02-05,35.139999,35.200001,34.224998,34.224998,19.288050,55389400
2008-02-06,34.599998,34.775002,33.674999,33.755001,19.023182,56930600
2008-02-07,33.509998,34.590000,33.465000,34.419998,19.397943,51201000
2008-02-08,34.389999,34.924999,34.275002,34.924999,19.682549,34556400
2008-02-11,34.950001,35.825001,34.580002,35.825001,20.189760,61999400
2008-02-12,35.935001,36.380001,35.275002,35.805000,20.178484,52058800
2008-02-13,36.020000,36.674999,35.799999,36.674999,20.668791,41427000
2008-02-14,36.750000,37.090000,36.355000,36.360001,20.491261,50669400
2008-02-15,36.615002,36.615002,35.794998,36.424999,20.527893,42606400
2008-02-19,37.025002,37.669998,36.950001,37.625000,21.204176,57454200
2008-02-20,37.105000,38.115002,36.950001,38.075001,21.457777,37282200
2008-02-21,37.990002,38.070000,37.000000,37.029999,20.868853,57236000
2008-02-22,37.395000,37.580002,36.584999,37.450001,21.105551,33638000
2008-02-25,37.424999,38.580002,37.410000,38.520000,21.708557,41729200
2008-02-26,38.205002,39.174999,38.084999,39.174999,22.077698,33266000
2008-02-27,38.959999,39.180000,38.575001,38.665001,21.790285,31695400
2008-02-28,38.549999,39.509998,38.549999,39.330002,22.165056,30196200
2008-02-29,39.075001,39.200001,37.875000,38.025002,21.429600,41564600
2008-03-03,38.049999,38.865002,37.834999,38.500000,21.697290,47872000
2008-03-04,38.270000,38.480000,37.169998,37.750000,21.274618,67485000
2008-03-05,38.005001,38.700001,37.924999,38.700001,21.810011,44337600
2008-03-06,38.529999,38.674999,37.709999,37.924999,21.373253,46552600
2008-03-07,37.500000,37.645000,36.570000,36.880001,20.784325,60823600
2008-03-10,36.955002,37.165001,36.380001,36.424999,20.527893,58049200
2008-03-11,37.250000,38.299999,37.014999,38.299999,21.584583,67791600
2008-03-12,38.000000,38.220001,37.450001,37.450001,21.105551,43799400
2008-03-13,37.064999,38.224998,36.814999,38.075001,21.457777,50412400
2008-03-14,38.419998,38.480000,36.799999,37.380001,21.066113,56320400
2008-03-17,36.150002,36.904999,35.590000,36.075001,20.330648,63273000
2008-03-18,36.799999,37.650002,36.764999,37.650002,21.218254,55044000
2008-03-19,37.360001,37.575001,35.349998,35.349998,19.922056,87022600
2008-03-20,34.935001,35.750000,34.424999,35.404999,20.010513,75077400
2008-03-24,35.689999,36.540001,35.580002,36.025002,20.360931,31195600
2008-03-25,36.130001,36.610001,35.889999,36.384998,20.564400,43855200
2008-03-26,36.470001,37.435001,36.459999,37.174999,21.010897,46397800
2008-03-27,37.305000,37.665001,36.799999,36.799999,20.798950,45120400
2008-03-28,37.090000,37.375000,36.665001,36.700001,20.742439,35051000
2008-03-31,36.814999,37.480000,36.605000,37.029999,20.928949,43855600
2008-04-01,36.900002,37.775002,36.674999,37.724998,21.321751,72571000
2008-04-02,37.715000,38.514999,37.330002,38.250000,21.618477,42384000
2008-04-03,38.000000,38.730000,37.900002,38.340000,21.669344,37203800
2008-04-04,38.365002,39.110001,38.365002,38.654999,21.847378,38562000
2008-04-07,39.134998,39.514999,38.689999,38.860001,21.963243,35357600
2008-04-08,38.639999,39.369999,38.564999,39.299999,22.211924,45450200
2008-04-09,39.259998,39.775002,39.165001,39.375000,22.254307,38980200
2008-04-10,39.360001,39.584999,38.974998,39.299999,22.211924,29849600
2008-04-11,39.090000,39.380001,38.750000,38.750000,21.901064,33016600
2008-04-14,38.799999,39.705002,38.799999,39.639999,22.404085,29866200
2008-04-15,39.919998,40.025002,39.419998,39.849998,22.522776,28587400
2008-04-16,40.099998,41.200001,39.959999,41.200001,23.285789,44378200
2008-04-17,40.810001,41.345001,40.700001,41.165001,23.266003,33158800
2008-04-18,40.994999,42.415001,40.904999,41.794998,23.622076,47077400
2008-04-21,41.880001,42.330002,41.669998,42.270000,23.890539,31648600
2008-04-22,42.090000,42.645000,42.055000,42.290001,23.901846,52607600
2008-04-23,42.205002,42.224998,41.625000,41.959999,23.715332,43527000
2008-04-24,41.509998,41.625000,40.625000,40.860001,23.093616,51476000
2008-04-25,41.349998,41.529999,40.930000,41.439999,23.421432,75227000
2008-04-28,41.599998,41.895000,41.299999,41.509998,23.460995,26412600
2008-04-29,41.125000,41.355000,40.500000,40.575001,22.932535,46405400
2008-04-30,40.799999,41.355000,40.544998,40.875000,23.102095,48948400
2008-05-01,40.360001,40.410000,39.215000,39.980000,22.596254,112186000
2008-05-02,40.320000,40.935001,40.320000,40.735001,23.022968,35185800
2008-05-05,40.814999,41.590000,40.805000,41.325001,23.356434,25992800
2008-05-06,41.474998,42.424999,41.325001,42.419998,23.975317,42192400
2008-05-07,42.470001,42.500000,41.630001,41.630001,23.528814,46247000
2008-05-08,41.834999,42.549999,41.630001,42.465000,24.000753,49814600
2008-05-09,42.529999,42.555000,41.755001,42.384998,23.955536,39830000
2008-05-12,42.055000,42.264999,41.619999,42.150002,23.822708,36915400
2008-05-13,42.150002,42.840000,41.744999,42.840000,24.212696,39394000
2008-05-14,42.650002,43.009998,42.150002,42.349998,23.935749,49692600
2008-05-15,42.700001,43.099998,42.134998,42.910000,24.252264,57307000
2008-05-16,43.590000,44.474998,43.509998,44.474998,25.136780,55097600
2008-05-19,44.485001,45.040001,44.235001,44.750000,25.292217,45504000
2008-05-20,44.810001,45.195000,44.544998,45.195000,25.543711,51403800
2008-05-21,45.009998,45.709999,44.415001,44.525002,25.165043,90144400
2008-05-22,44.445000,44.840000,43.785000,43.875000,24.797661,74709200
2008-05-23,44.240002,44.345001,42.884998,43.130001,24.376596,49994000
2008-05-27,42.955002,43.169998,42.514999,42.849998,24.218349,51455400
2008-05-28,42.619999,43.764999,42.360001,43.755001,24.729845,52428400
2008-05-29,43.310001,43.549999,42.560001,42.560001,24.054436,71883800
2008-05-30,42.889999,43.195000,42.685001,43.000000,24.303123,53572600
2008-06-02,42.790001,43.669998,42.744999,43.255001,24.447248,50623800
2008-06-03,43.049999,43.625000,42.299999,42.325001,23.921623,77687800
2008-06-04,42.255001,42.720001,41.695000,41.695000,23.565554,63250600
2008-06-05,42.075001,43.869999,42.070000,43.869999,24.794846,69828600
2008-06-06,44.150002,44.860001,42.980000,43.009998,24.308771,93650000
2008-06-09,43.299999,44.465000,43.299999,44.275002,25.023741,53569800
2008-06-10,44.095001,44.205002,42.619999,43.185001,24.407686,55989800
2008-06-11,43.584999,43.904999,43.040001,43.450001,24.557453,61922800
2008-06-12,43.150002,43.230000,42.669998,42.790001,24.184439,70576000
2008-06-13,42.665001,43.419998,42.525002,43.299999,24.472672,33191600
2008-06-16,43.549999,43.790001,43.349998,43.455002,24.560284,32483800
2008-06-17,43.279999,44.320000,43.279999,44.174999,24.967226,40344000
2008-06-18,44.075001,44.424999,43.645000,44.345001,25.063303,42916400
2008-06-19,44.674999,44.799999,43.279999,43.279999,24.461374,80901400
2008-06-20,43.599998,43.735001,42.605000,42.875000,24.296467,65453200
2008-06-23,42.820000,44.575001,42.805000,44.570000,25.257004,65764200
2008-06-24,44.215000,44.290001,43.700001,43.724998,24.778139,66276000
2008-06-25,43.865002,44.099998,42.535000,43.560001,24.684650,80067600
2008-06-26,43.695000,43.900002,42.599998,43.244999,24.506149,64154200
2008-06-27,43.320000,43.825001,43.205002,43.625000,24.721481,46935600
2008-06-30,44.025002,44.505001,43.880001,44.240002,25.069990,59832000
2008-07-01,44.084999,44.520000,43.634998,44.424999,25.174828,63893000
2008-07-02,44.580002,45.080002,42.764999,43.084999,24.415470,73395400
2008-07-03,43.134998,43.345001,41.794998,42.450001,24.055635,65181800
2008-07-07,42.139999,42.830002,41.025002,41.384998,23.452114,79041400
2008-07-08,41.000000,41.110001,39.810001,40.700001,23.063940,99812800
2008-07-09,41.099998,41.595001,39.790001,39.924999,22.624767,64659600
2008-07-10,40.075001,41.259998,39.465000,41.150002,23.318953,75233200
2008-07-11,41.250000,41.480000,40.205002,40.900002,23.177279,67957800
2008-07-14,41.000000,41.634998,40.639999,41.169998,23.330286,43191000
2008-07-15,41.009998,41.174999,39.340000,39.435001,22.347092,65259400
2008-07-16,39.345001,39.485001,37.959999,38.419998,21.771910,98724200
2008-07-17,38.794998,39.200001,37.025002,37.790001,21.414904,106995000
2008-07-18,38.005001,38.840000,37.794998,38.450001,21.788897,79220000
2008-07-21,38.750000,39.599998,38.244999,39.599998,22.440594,68166200
2008-07-22,39.130001,39.430000,38.165001,38.285000,21.695404,97812400
2008-07-23,38.259998,38.560001,36.695000,36.895000,20.907711,111284200
2008-07-24,37.080002,37.404999,35.924999,36.805000,20.856714,104924400
2008-07-25,36.724998,37.605000,36.619999,36.904999,20.913383,74391600
2008-07-28,37.189999,37.785000,36.924999,37.049999,20.995558,48087600
2008-07-29,36.880001,37.005001,36.145000,36.610001,20.746218,57967800
2008-07-30,36.625000,38.794998,36.369999,38.790001,21.981577,88865200
2008-07-31,38.290001,38.345001,36.884998,37.200001,21.080553,66341000
2008-08-01,37.224998,38.185001,37.080002,37.195000,21.077724,59539800
2008-08-04,37.250000,37.275002,35.145000,35.445000,20.086029,96359600
2008-08-05,35.220001,35.889999,34.915001,35.709999,20.236208,87812400
2008-08-06,35.740002,36.555000,35.645000,36.525002,20.698042,77053000
2008-08-07,36.880001,36.985001,35.930000,36.099998,20.457197,67407000
2008-08-08,35.645000,35.845001,34.860001,35.490002,20.111534,75292400
2008-08-11,35.845001,36.005001,34.830002,35.474998,20.103029,66751800
2008-08-12,35.794998,35.919998,35.310001,35.494999,20.114374,62058200
2008-08-13,35.384998,36.755001,35.384998,36.750000,20.825544,88254600
2008-08-14,36.494999,36.680000,35.680000,36.075001,20.443035,72349800
2008-08-15,35.919998,35.935001,35.080002,35.400002,20.060530,83507400
2008-08-18,35.665001,36.044998,34.174999,34.950001,19.805525,64136800
2008-08-19,34.959999,36.244999,34.930000,36.205002,20.516701,88471200
2008-08-20,36.610001,37.375000,36.185001,37.250000,21.108881,93456200
2008-08-21,37.730000,38.355000,37.455002,38.185001,21.638739,66346200
2008-08-22,37.840000,37.915001,36.980000,37.310001,21.142900,49947400
2008-08-25,37.410000,37.674999,36.685001,36.825001,20.868048,44783600
2008-08-26,37.224998,37.799999,37.060001,37.575001,21.293055,53910600
2008-08-27,38.035000,38.330002,37.799999,38.169998,21.630238,48113000
2008-08-28,38.380001,38.455002,37.049999,37.500000,21.250565,56840400
2008-08-29,37.955002,37.990002,37.174999,37.325001,21.151394,44765800
2008-09-02,36.049999,36.095001,35.275002,35.275002,19.989691,100913400
2008-09-03,35.110001,35.779999,34.634998,35.139999,19.913187,100350400
2008-09-04,35.154999,35.505001,33.930000,34.349998,19.465511,108092200
2008-09-05,34.544998,34.564999,33.404999,34.209999,19.386181,101422400
2008-09-08,35.029999,35.145000,33.610001,33.974998,19.253002,100427600
2008-09-09,33.654999,33.660000,31.625000,31.625000,17.921309,130110200
2008-09-10,32.064999,33.139999,31.855000,32.869999,18.626820,120754000
2008-09-11,32.505001,33.474998,31.850000,33.340000,18.893177,103951200
2008-09-12,33.380001,34.490002,33.375000,34.465000,19.530685,106758000
2008-09-15,32.810001,33.605000,31.825001,31.825001,18.034645,108897800
2008-09-16,31.000000,33.169998,30.530001,33.169998,18.796829,122460000
2008-09-17,32.715000,33.799999,31.879999,32.474998,18.402985,133010400
2008-09-18,33.490002,33.820000,31.805000,33.445000,18.952667,126511000
2008-09-19,35.680000,39.049999,34.205002,35.625000,20.253128,92288400
2008-09-22,35.680000,36.290001,35.000000,35.000000,19.897814,68529600
2008-09-23,35.084999,35.549999,33.845001,33.845001,19.241173,64386200
2008-09-24,34.349998,34.514999,33.810001,33.945000,19.298037,59170400
2008-09-25,33.959999,34.974998,33.950001,34.775002,19.769896,55444400
2008-09-26,33.794998,34.244999,33.009998,33.849998,19.244019,69241400
2008-09-29,32.994999,32.994999,29.565001,29.825001,16.955776,91723400
2008-09-30,30.959999,32.145000,30.715000,31.650000,17.993309,66400600
2008-10-01,31.350000,31.715000,30.000000,31.129999,17.697683,93231000
2008-10-02,30.650000,30.709999,28.809999,29.355000,16.688580,93994200
2008-10-03,29.250000,34.959999,28.745001,29.004999,16.489599,97079200
2008-10-06,27.879999,27.965000,25.490000,27.445000,15.602731,139090000
2008-10-07,28.270000,28.639999,25.770000,25.940001,14.747125,96050600
2008-10-08,25.160000,27.325001,24.580000,26.430000,15.025689,160996400
2008-10-09,26.625000,27.014999,22.625000,22.625000,12.862512,110524800
2008-10-10,21.495001,22.870001,19.420000,21.700001,12.336642,186766400
2008-10-13,22.670000,25.815001,22.209999,25.275000,14.369061,100972600
2008-10-14,26.365000,28.475000,24.190001,25.305000,14.386123,125450200
2008-10-15,24.100000,24.420000,20.980000,21.650000,12.308215,119568000
2008-10-16,21.889999,23.040001,20.129999,22.475000,12.777242,154834800
2008-10-17,22.264999,24.825001,21.805000,22.969999,13.058647,126661000
2008-10-20,23.865000,25.645000,23.809999,25.645000,14.579416,90005200
2008-10-21,24.889999,25.530001,23.945000,24.480000,13.917101,87792200
2008-10-22,23.500000,23.500000,21.205000,22.100000,12.564047,124200400
2008-10-23,22.260000,23.405001,21.155001,23.275000,13.232045,174627800
2008-10-24,20.635000,22.760000,20.600000,21.825001,12.407702,108626800
2008-10-27,21.600000,22.740000,20.389999,20.430000,11.614636,93196800
2008-10-28,21.735001,23.545000,20.530001,23.545000,13.385543,125925600
2008-10-29,23.740000,25.230000,23.545000,24.065001,13.681164,127611400
2008-10-30,24.695000,25.309999,23.680000,25.174999,14.312213,105421200
2008-10-31,24.740000,26.315001,24.440001,25.700001,14.610683,95992600
2008-11-03,25.299999,25.620001,24.450001,24.905001,14.158715,62059000
2008-11-04,25.480000,26.650000,25.469999,26.510000,15.071170,67894200
2008-11-05,25.825001,26.650000,25.205000,25.325001,14.397491,85242200
2008-11-06,25.075001,25.305000,23.500000,23.799999,13.530510,104532600
2008-11-07,24.115000,24.965000,23.910000,24.924999,14.170089,67146600
2008-11-10,25.660000,25.955000,24.514999,25.010000,14.218410,81374200
2008-11-11,24.370001,24.780001,23.750000,24.290001,13.809080,73709600
2008-11-12,23.600000,23.770000,22.245001,22.299999,12.677749,79129000
2008-11-13,22.674999,25.000000,21.504999,24.920000,14.167243,127985200
2008-11-14,24.250000,25.250000,23.440001,23.885000,13.578835,111201000
2008-11-17,23.645000,24.480000,23.334999,23.389999,13.297420,89162400
2008-11-18,23.540001,24.250000,22.959999,24.045000,13.669794,104807000
2008-11-19,23.985001,24.440001,22.715000,22.799999,12.962004,98284600
2008-11-20,22.150000,22.340000,19.910000,19.980000,11.358807,132242400
2008-11-21,20.639999,22.469999,20.260000,22.209999,12.626588,150731800
2008-11-24,22.809999,24.535000,22.410000,23.815001,13.539038,110990200
2008-11-25,24.105000,24.424999,23.400000,24.195000,13.755078,93198000
2008-11-26,23.924999,25.725000,23.725000,25.549999,14.525397,78718000
2008-11-28,25.230000,25.299999,24.590000,25.139999,14.292313,31942400
2008-12-01,24.125000,24.125000,22.440001,22.465000,12.771551,74521200
2008-12-02,23.045000,23.305000,22.365000,23.225000,13.203617,75605800
2008-12-03,22.639999,23.315001,22.295000,23.240000,13.212148,95997200
2008-12-04,22.844999,23.135000,21.200001,21.629999,12.296846,98205400
2008-12-05,21.180000,22.115000,20.264999,22.080000,12.552673,104990800
2008-12-08,22.975000,23.590000,22.760000,23.059999,13.109815,98376200
2008-12-09,23.014999,23.934999,22.885000,23.290001,13.240575,86006600
2008-12-10,23.745001,24.690001,23.735001,24.495001,13.925625,82922400
2008-12-11,24.695000,25.395000,24.090000,24.379999,13.860249,82029200
2008-12-12,23.510000,24.365000,23.280001,24.139999,13.723809,81449000
2008-12-15,24.620001,24.840000,23.575001,24.000000,13.644216,71277000
2008-12-16,24.745001,24.959999,24.100000,24.745001,14.067752,81836800
2008-12-17,24.695000,25.270000,24.459999,24.584999,13.976794,82104800
2008-12-18,24.500000,24.575001,22.895000,23.155001,13.163825,99837200
2008-12-19,23.075001,23.709999,22.924999,23.000000,13.143536,87478600
2008-12-22,23.145000,23.230000,21.959999,22.315001,12.752089,63606600
2008-12-23,22.469999,22.745001,22.080000,22.365000,12.780657,55987600
2008-12-24,22.180000,22.370001,22.010000,22.280001,12.732086,12669200
2008-12-26,22.469999,22.725000,22.275000,22.580000,12.903526,11565600
2008-12-29,23.125000,23.240000,22.780001,23.075001,13.186398,29313200
2008-12-30,23.135000,23.674999,22.930000,23.635000,13.506417,32908800
2008-12-31,23.570000,24.205000,23.375000,23.885000,13.649279,46827600
2009-01-02,24.100000,25.334999,24.040001,25.075001,14.329316,68567400
2009-01-05,25.020000,26.094999,24.959999,25.665001,14.666476,95289000
2009-01-06,26.055000,26.594999,25.785000,25.945000,14.826483,96745000
2009-01-07,25.549999,25.549999,24.600000,24.844999,14.197881,78427000
2009-01-08,24.709999,25.205000,24.580000,25.165001,14.380744,66533600
2009-01-09,25.155001,25.180000,24.225000,24.320000,13.897860,79913600
2009-01-12,23.985001,24.030001,23.240000,23.360001,13.349266,68882200
2009-01-13,23.400000,24.065001,23.340000,23.945000,13.683562,93531800
2009-01-14,23.559999,23.584999,22.580000,22.799999,13.029244,81218200
2009-01-15,22.760000,23.135000,22.000000,23.084999,13.192108,88215400
2009-01-16,23.504999,23.684999,22.715000,23.270000,13.297833,87339600
2009-01-20,22.870001,23.430000,21.980000,22.030001,12.589220,89839400
2009-01-21,22.340000,23.575001,22.215000,23.510000,13.434978,84770200
2009-01-22,22.975000,23.344999,22.379999,22.865000,13.066390,107140400
2009-01-23,22.315001,23.850000,22.174999,23.530001,13.446410,88452600
2009-01-26,23.700001,24.575001,23.584999,23.965000,13.694989,86314400
2009-01-27,23.850000,24.219999,23.575001,24.004999,13.717849,77673600
2009-01-28,24.424999,24.844999,24.010000,24.660000,14.092156,78603600
2009-01-29,24.155001,24.315001,23.674999,23.790001,13.594987,87422800
2009-01-30,24.190001,24.325001,23.290001,23.459999,13.406405,85838800
2009-02-02,22.969999,23.299999,22.809999,23.084999,13.192108,61179600
2009-02-03,23.209999,23.635000,22.985001,23.485001,13.420695,62642000
2009-02-04,23.700001,24.030001,23.459999,23.705000,13.546410,72235400
2009-02-05,23.540001,24.370001,23.270000,24.285000,13.877861,85168400
2009-02-06,24.004999,24.900000,23.924999,24.735001,14.135010,77044000
2009-02-09,24.855000,25.385000,24.610001,24.825001,14.186448,68026600
2009-02-10,24.945000,25.174999,23.455000,23.670000,13.526416,113454600
2009-02-11,23.850000,24.065001,22.940001,23.400000,13.372117,85024800
2009-02-12,22.959999,23.495001,22.665001,23.440001,13.394984,90264600
2009-02-13,23.415001,23.860001,23.340000,23.495001,13.426413,74918600
2009-02-17,22.674999,22.805000,21.830000,21.870001,12.497793,103792600
2009-02-18,22.000000,22.115000,21.495001,21.745001,12.426357,85612800
2009-02-19,21.980000,22.190001,21.639999,21.750000,12.429215,67991000
2009-02-20,21.309999,21.495001,20.684999,21.190001,12.109201,89403000
2009-02-23,21.575001,21.655001,20.139999,20.200001,11.543456,68967000
2009-02-24,20.415001,21.270000,20.275000,21.150000,12.086341,67763200
2009-02-25,21.139999,21.555000,20.580000,21.025000,12.014905,87614800
2009-02-26,21.410000,21.870001,21.049999,21.075001,12.043482,64285400
2009-02-27,20.615000,21.275000,20.340000,20.565001,11.752036,86158200
2009-03-02,20.094999,20.219999,19.000000,19.059999,10.891994,93377800
2009-03-03,19.410000,19.750000,18.950001,19.155001,10.946280,90922200
2009-03-04,19.820000,20.485001,19.625000,20.070000,11.469167,92007600
2009-03-05,19.629999,19.895000,19.000000,19.184999,10.963426,90310000
2009-03-06,19.485001,19.965000,18.700001,19.395000,11.083427,95548400
2009-03-09,19.174999,20.065001,19.045000,19.430000,11.103434,84001400
2009-03-10,19.940001,20.665001,19.825001,20.415001,11.666318,83388200
2009-03-11,20.540001,20.815001,19.959999,20.330000,11.617749,76690000
2009-03-12,20.525000,21.030001,20.165001,20.940001,11.966335,63845200
2009-03-13,21.084999,21.170000,20.480000,20.750000,11.857759,59145800
2009-03-16,20.740000,21.514999,20.655001,21.014999,12.009192,56123000
2009-03-17,20.980000,22.424999,20.764999,21.740000,12.423502,55410200
2009-03-18,21.445000,22.215000,20.950001,21.959999,12.549223,84792400
2009-03-19,22.700001,23.010000,22.415001,22.490000,12.852092,79527000
2009-03-20,22.540001,22.610001,21.430000,21.500000,12.349499,75273200
2009-03-23,22.014999,23.290001,21.965000,23.270000,13.366177,93572200
2009-03-24,22.924999,23.160000,22.535000,22.830000,13.113445,59595400
2009-03-25,22.764999,23.155001,22.110001,22.719999,13.050254,66918400
2009-03-26,23.084999,23.325001,22.645000,22.915001,13.162270,68444800
2009-03-27,22.424999,22.514999,22.105000,22.235001,12.771683,57336600
2009-03-30,21.674999,21.695000,21.045000,21.410000,12.297798,54638200
2009-03-31,21.745001,21.785000,21.219999,21.230000,12.194407,78684000
2009-04-01,20.750000,21.834999,20.735001,21.680000,12.452891,66401200
2009-04-02,22.490000,22.945000,22.405001,22.570000,12.964098,70610200
2009-04-03,22.485001,23.170000,22.415001,23.010000,13.216832,55045400
2009-04-06,22.709999,22.740000,22.209999,22.545000,12.949742,52423400
2009-04-07,22.065001,22.125000,21.750000,21.870001,12.562029,44630200
2009-04-08,21.915001,22.375000,21.475000,22.150000,12.722853,47116600
2009-04-09,22.760000,22.910000,22.514999,22.799999,13.096210,40653400
2009-04-13,22.334999,22.760000,22.010000,22.549999,12.952609,35503600
2009-04-14,22.405001,22.860001,22.190001,22.490000,12.918147,42165000
2009-04-15,22.395000,22.625000,22.155001,22.520000,12.935381,42437000
2009-04-16,22.735001,22.809999,22.170000,22.625000,12.995687,35525800
2009-04-17,22.680000,23.004999,22.535000,22.889999,13.147903,44136600
2009-04-20,22.320000,22.370001,21.655001,21.780001,12.510327,36891800
2009-04-21,21.535000,22.264999,21.445000,22.209999,12.757319,16007400
2009-04-22,21.969999,22.459999,21.865000,21.975000,12.622334,42870200
2009-04-23,22.299999,22.420000,21.945000,22.385000,12.857830,38427600
2009-04-24,22.760000,23.219999,22.719999,23.035000,13.231193,47660400
2009-04-27,22.540001,22.830000,22.355000,22.600000,12.981337,36723800
2009-04-28,22.275000,22.930000,22.250000,22.650000,13.010052,31412400
2009-04-29,22.875000,23.875000,22.825001,23.275000,13.369049,42310600
2009-04-30,23.545000,23.555000,22.570000,22.889999,13.147903,59166600
2009-05-01,22.980000,23.815001,22.870001,23.629999,13.572962,43703400
2009-05-04,23.895000,24.605000,23.805000,24.575001,14.115762,56332400
2009-05-05,24.480000,24.565001,23.860001,24.245001,13.926209,35813400
2009-05-06,24.684999,25.330000,24.594999,25.184999,14.466141,43682200
2009-05-07,25.760000,25.805000,24.525000,24.860001,14.279470,46984200
2009-05-08,25.240000,26.174999,25.230000,25.920000,14.888324,56479600
2009-05-11,25.500000,25.545000,24.905001,25.129999,14.434552,36681600
2009-05-12,25.459999,25.504999,24.754999,25.290001,14.526450,46931000
2009-05-13,24.940001,25.055000,24.270000,24.455000,14.046832,60138400
2009-05-14,24.264999,24.754999,24.045000,24.525000,14.087041,35979000
2009-05-15,24.405001,24.629999,23.795000,24.000000,13.785486,60101200
2009-05-18,24.370001,24.860001,24.350000,24.830000,14.262238,33953800
2009-05-19,24.875000,25.205000,24.715000,24.950001,14.331158,32915400
2009-05-20,25.305000,25.754999,24.965000,25.035000,14.379988,44500400
2009-05-21,24.660000,24.680000,24.020000,24.295000,13.954932,51213600
2009-05-22,24.450001,24.730000,24.250000,24.305000,13.960674,27292000
2009-05-26,24.145000,24.889999,23.825001,24.820000,14.256493,53813800
2009-05-27,24.924999,25.250000,24.514999,24.549999,14.101402,41742600
2009-05-28,24.770000,25.605000,24.530001,25.365000,14.569536,51813800
2009-05-29,25.770000,25.945000,25.485001,25.840000,14.842374,44477400
2009-06-01,26.340000,26.975000,26.285000,26.790001,15.388048,59445800
2009-06-02,26.655001,26.905001,26.514999,26.719999,15.347836,40510200
2009-06-03,26.385000,26.385000,25.309999,25.690001,14.756216,56498000
2009-06-04,25.995001,26.334999,25.760000,26.270000,15.089355,62122000
2009-06-05,26.549999,28.855000,25.730000,26.055000,14.965869,46431000
2009-06-08,25.820000,26.200001,25.495001,25.995001,14.931402,36661600
2009-06-09,26.290001,26.480000,25.969999,26.250000,15.077880,29609000
2009-06-10,26.700001,26.775000,26.055000,26.485001,15.212864,50113800
2009-06-11,26.570000,27.410000,26.525000,27.014999,15.517285,49884800
2009-06-12,26.715000,26.754999,26.400000,26.754999,15.367943,39909000
2009-06-15,26.295000,26.309999,25.705000,26.045000,14.960127,38825600
2009-06-16,26.275000,26.379999,25.415001,25.490000,14.641337,46876600
2009-06-17,25.299999,25.350000,24.735001,25.075001,14.402961,72678600
2009-06-18,25.035000,25.330000,24.834999,24.980000,14.348395,46122600
2009-06-19,25.120001,25.180000,24.410000,24.605000,14.205213,49653600
2009-06-22,24.225000,24.225000,23.330000,23.375000,13.495097,64228800
2009-06-23,23.504999,23.730000,23.155001,23.514999,13.575927,50627800
2009-06-24,23.684999,24.020000,23.455000,23.610001,13.630775,36044600
2009-06-25,23.540001,24.215000,23.500000,24.105000,13.916548,53431000
2009-06-26,24.030001,24.120001,23.840000,23.945000,13.824176,24620000
2009-06-29,24.100000,24.400000,24.035000,24.170000,13.954077,27624400
2009-06-30,24.170000,24.455000,23.635000,24.025000,13.870361,45739400
2009-07-01,24.290001,24.559999,24.004999,24.045000,13.881907,40023400
2009-07-02,23.635000,23.635000,23.065001,23.080000,13.324786,47966800
2009-07-06,22.559999,22.850000,22.275000,22.844999,13.189116,63343800
2009-07-07,22.805000,22.825001,22.200001,22.260000,12.851377,43153800
2009-07-08,22.195000,22.514999,21.830000,22.264999,12.854268,68756200
2009-07-09,22.495001,22.820000,22.299999,22.495001,12.987053,49091200
2009-07-10,22.139999,22.389999,21.990000,22.334999,12.894671,50377600
2009-07-13,22.330000,22.705000,21.900000,22.674999,13.090964,44888200
2009-07-14,22.930000,23.080000,22.684999,22.980000,13.267048,54760600
2009-07-15,23.415001,23.885000,23.405001,23.795000,13.737577,59843600
2009-07-16,23.660000,24.230000,23.540001,24.084999,13.904997,32160800
2009-07-17,24.070000,24.360001,23.855000,24.225000,13.985830,37788600
2009-07-20,24.545000,24.730000,24.225000,24.639999,14.225417,39242000
2009-07-21,24.915001,25.010000,24.455000,24.855000,14.349553,36666800
2009-07-22,24.485001,24.934999,24.424999,24.629999,14.219646,43119200
2009-07-23,24.600000,25.424999,24.535000,25.330000,14.623775,43464400
2009-07-24,25.225000,25.635000,25.125000,25.594999,14.776770,30936600
2009-07-27,25.655001,25.834999,25.389999,25.680000,14.825842,26397200
2009-07-28,25.389999,25.495001,24.805000,25.305000,14.609341,38322000
2009-07-29,24.895000,24.915001,24.420000,24.719999,14.271607,44510600
2009-07-30,24.955000,25.330000,24.750000,25.065001,14.470790,41371800
2009-07-31,24.940001,25.424999,24.764999,25.309999,14.612233,35830400
2009-08-03,25.745001,26.139999,25.705000,25.959999,14.987498,41977800
2009-08-04,25.830000,26.049999,25.645000,25.915001,14.961525,28837000
2009-08-05,25.905001,25.905001,25.500000,25.655001,14.811416,32381600
2009-08-06,25.750000,25.750000,25.245001,25.445000,14.690178,33406200
2009-08-07,25.745001,25.809999,25.280001,25.415001,14.672854,37257400
2009-08-10,25.344999,25.680000,25.285000,25.525000,14.736362,28121400
2009-08-11,25.434999,25.495001,25.049999,25.155001,14.522749,41350400
2009-08-12,25.100000,25.655001,25.084999,25.424999,14.678628,31199200
2009-08-13,25.629999,25.764999,25.285000,25.735001,14.857601,33626200
2009-08-14,25.730000,25.760000,25.075001,25.355000,14.638218,33078000
2009-08-17,24.745001,24.799999,24.370001,24.535000,14.164798,37469800
2009-08-18,24.594999,24.889999,24.495001,24.780001,14.306248,25840200
2009-08-19,24.530001,25.434999,24.450001,25.240000,14.571819,41163600
2009-08-20,25.245001,25.525000,25.230000,25.455000,14.695946,20052600
2009-08-21,25.760000,26.275000,25.750000,26.174999,15.111627,43980200
2009-08-24,26.420000,26.705000,26.410000,26.510000,15.305033,38163200
2009-08-25,26.594999,26.730000,26.014999,26.105000,15.071206,42513200
2009-08-26,25.905001,26.290001,25.790001,26.225000,15.140491,32536200
2009-08-27,26.075001,26.325001,25.559999,26.145000,15.094301,36828200
2009-08-28,26.334999,26.375000,25.920000,26.090000,15.062553,21096600
2009-08-31,25.674999,25.760000,25.420000,25.584999,14.770996,26625400
2009-09-01,25.510000,25.844999,25.080000,25.139999,14.514084,40933200
2009-09-02,25.000000,25.295000,24.955000,24.955000,14.407280,28713200
2009-09-03,25.155001,25.250000,24.969999,25.129999,14.508312,18870200
2009-09-04,25.080000,25.555000,25.055000,25.480000,14.710378,23645600
2009-09-08,26.000000,27.245001,25.910000,26.180000,15.114508,38221600
2009-09-09,26.250000,26.504999,26.065001,26.240000,15.149145,26240800
2009-09-10,26.365000,26.745001,26.174999,26.695000,15.411829,34983000
2009-09-11,26.850000,27.160000,26.580000,26.799999,15.472455,42355800
2009-09-14,26.495001,27.014999,26.405001,27.000000,15.587919,31227000
2009-09-15,27.129999,27.344999,26.895000,27.270000,15.743804,36972000
2009-09-16,27.475000,27.959999,27.434999,27.945000,16.133497,45770000
2009-09-17,27.915001,28.139999,27.610001,27.809999,16.055565,34738800
2009-09-18,27.860001,27.879999,27.350000,27.590000,15.999309,36729600
2009-09-21,27.135000,27.450001,26.990000,27.355000,15.863035,31133000
2009-09-22,27.795000,27.885000,27.584999,27.785000,16.112389,27074000
2009-09-23,27.805000,27.865000,27.190001,27.205000,15.776044,67976400
2009-09-24,27.254999,27.275000,26.605000,26.815001,15.549891,45889600
2009-09-25,26.719999,27.115000,26.559999,26.780001,15.529594,40207200
2009-09-28,26.795000,27.299999,26.745001,27.209999,15.778941,28126000
2009-09-29,27.190001,27.325001,26.915001,27.135000,15.735450,35139000
2009-09-30,27.285000,27.290001,26.605000,26.959999,15.633970,50769600
2009-10-01,26.950001,26.959999,26.120001,26.120001,15.146864,47306800
2009-10-02,25.775000,26.170000,25.670000,25.985001,15.068575,37126800
2009-10-05,26.020000,26.670000,25.924999,26.559999,15.402012,33735400
2009-10-06,26.945000,27.385000,26.915001,27.190001,15.767348,43871200
2009-10-07,27.110001,27.400000,26.975000,27.400000,15.889127,41166000
2009-10-08,27.545000,28.184999,27.485001,28.105000,16.297956,73616400
2009-10-09,27.995001,28.205000,27.870001,28.080000,16.283459,26629200
2009-10-12,28.299999,28.674999,28.295000,28.459999,16.503813,27144000
2009-10-13,28.540001,28.559999,28.020000,28.504999,16.529917,41277000
2009-10-14,28.870001,28.995001,28.690001,28.980000,16.805363,45796000
2009-10-15,28.805000,29.590000,28.754999,29.584999,17.156197,46201200
2009-10-16,29.450001,29.625000,29.225000,29.495001,17.104015,44899800
2009-10-19,29.545000,29.995001,29.424999,29.879999,17.327269,43175800
2009-10-20,29.975000,29.995001,29.250000,29.690001,17.217091,36996600
2009-10-21,29.455000,30.280001,29.415001,29.610001,17.170694,52015600
2009-10-22,29.400000,29.834999,29.090000,29.725000,17.237383,36697200
2009-10-23,29.889999,29.920000,28.900000,29.150000,16.903942,42302400
2009-10-26,29.170000,29.830000,28.600000,28.670000,16.625597,53872800
2009-10-27,28.740000,29.205000,28.625000,28.924999,16.773470,50598400
2009-10-28,28.775000,28.775000,27.905001,27.969999,16.219667,47924600
2009-10-29,28.160000,28.775000,28.049999,28.715000,16.651690,43452600
2009-10-30,28.635000,28.745001,27.440001,27.625000,16.019594,59776600
2009-11-02,27.820000,28.270000,27.355000,27.799999,16.121086,58815200
2009-11-03,27.450001,28.340000,27.344999,28.160000,16.329853,40061600
2009-11-04,28.500000,28.660000,28.070000,28.135000,16.315355,52054000
2009-11-05,28.285000,28.700001,28.155001,28.615000,16.593699,37093800
2009-11-06,28.330000,28.830000,28.245001,28.540001,16.550211,43677600
2009-11-09,28.934999,29.125000,28.855000,29.084999,16.866255,33857400
2009-11-10,29.000000,29.240000,28.785000,29.105000,16.877850,35903800
2009-11-11,29.370001,29.480000,28.945000,29.094999,16.872046,36047200
2009-11-12,28.950001,29.129999,28.340000,28.455000,16.500914,50834400
2009-11-13,28.520000,28.865000,28.245001,28.635000,16.605293,38712800
2009-11-16,28.980000,29.565001,28.915001,29.385000,17.040218,41948200
2009-11-17,29.315001,29.420000,29.094999,29.334999,17.011225,33699200
2009-11-18,29.475000,29.490000,29.020000,29.219999,16.944538,34286600
2009-11-19,29.000000,29.030001,28.385000,28.565001,16.564709,44870400
2009-11-20,28.405001,28.455000,28.070000,28.299999,16.411036,33801600
2009-11-23,28.834999,29.110001,28.580000,28.665001,16.622698,35071200
2009-11-24,28.705000,28.840000,28.290001,28.830000,16.718376,31882400
2009-11-25,28.885000,29.165001,28.610001,29.055000,16.848856,29218200
2009-11-27,28.209999,28.559999,28.049999,28.510000,16.532814,25622400
2009-11-30,28.350000,28.665001,28.180000,28.410000,16.474819,38884600
2009-12-01,28.790001,29.020000,28.725000,28.785000,16.692282,31061400
2009-12-02,28.785000,28.924999,28.485001,28.615000,16.593699,31288600
2009-12-03,28.605000,28.684999,28.129999,28.155001,16.326948,39432200
2009-12-04,28.510000,28.815001,27.770000,27.950001,16.208078,60389000
2009-12-07,27.725000,28.225000,27.725000,27.885000,16.170372,27159400
2009-12-08,27.740000,27.754999,27.245001,27.410000,15.894930,40475400
2009-12-09,27.504999,27.660000,27.084999,27.410000,15.894930,50632600
2009-12-10,27.635000,27.870001,27.500000,27.750000,16.092091,30380000
2009-12-11,27.895000,27.965000,27.584999,27.764999,16.100790,31250600
2009-12-14,28.195000,28.250000,28.020000,28.049999,16.266060,31263000
2009-12-15,28.035000,28.315001,27.969999,28.139999,16.318247,26852400
2009-12-16,28.325001,28.625000,28.245001,28.320000,16.422625,37594200
2009-12-17,28.150000,28.350000,28.004999,28.080000,16.283459,30876400
2009-12-18,28.225000,28.330000,27.940001,28.075001,16.369169,41544400
2009-12-21,28.275000,28.535000,28.260000,28.410000,16.564491,32098200
2009-12-22,28.469999,28.674999,28.375000,28.545000,16.643204,20155200
2009-12-23,28.639999,28.850000,28.575001,28.770000,16.774389,26062400
2009-12-24,28.870001,28.969999,28.799999,28.905001,16.853098,5590600
2009-12-28,29.125000,29.129999,28.834999,28.955000,16.882250,11669200
2009-12-29,29.075001,29.080000,28.690001,28.764999,16.771469,17026800
2009-12-30,28.660000,28.770000,28.559999,28.735001,16.753979,14507200
2009-12-31,28.795000,28.865000,28.475000,28.504999,16.619877,11897800
2010-01-04,28.959999,29.405001,28.895000,29.405001,17.144629,33856800
2010-01-05,29.445000,29.705000,29.309999,29.645000,17.284557,34736200
2010-01-06,29.660000,30.090000,29.594999,30.000000,17.491535,48703800
2010-01-07,29.870001,30.004999,29.650000,29.955000,17.465303,34899000
2010-01-08,29.850000,30.174999,29.745001,30.150000,17.578999,26688600
2010-01-11,30.344999,30.434999,29.865000,30.110001,17.555677,38919800
2010-01-12,29.650000,29.855000,29.520000,29.674999,17.302052,43021200
2010-01-13,29.660000,29.900000,29.260000,29.785000,17.366186,44275000
2010-01-14,29.780001,29.945000,29.665001,29.870001,17.415745,31090800
2010-01-15,29.834999,29.900000,29.424999,29.629999,17.275814,38110400
2010-01-19,29.549999,29.950001,29.495001,29.900000,17.433239,29226200
2010-01-20,29.580000,29.580000,29.209999,29.434999,17.162113,31283400
2010-01-21,29.459999,29.549999,28.764999,28.834999,16.812286,50413200
2010-01-22,28.695000,28.860001,28.070000,28.150000,16.412889,46057200
2010-01-25,28.340000,28.610001,28.245001,28.334999,16.520754,31802400
2010-01-26,28.100000,28.650000,27.959999,28.155001,16.415812,43030600
2010-01-27,28.075001,28.325001,27.590000,28.045000,16.351675,53233400
2010-01-28,28.250000,28.309999,27.400000,27.750000,16.179674,68861400
2010-01-29,27.955000,28.230000,27.110001,27.250000,15.888151,65605400
2010-02-01,27.575001,28.155001,27.555000,28.150000,16.412889,43626600
2010-02-02,28.254999,28.570000,28.025000,28.520000,16.628624,44501600
2010-02-03,28.440001,28.674999,28.209999,28.275000,16.485781,39498600
2010-02-04,28.049999,28.059999,27.100000,27.115000,15.809443,74346400
2010-02-05,27.110001,27.240000,26.334999,27.120001,15.812354,92756800
2010-02-08,27.125000,27.445000,26.865000,26.870001,15.666590,48230200
2010-02-09,27.240000,27.780001,27.155001,27.434999,15.996015,67116200
2010-02-10,27.445000,27.490000,26.889999,27.320000,15.928965,48364600
2010-02-11,27.264999,27.844999,27.145000,27.785000,16.200083,45889000
2010-02-12,27.450001,27.809999,27.270000,27.795000,16.205917,39667800
2010-02-16,28.150000,28.549999,28.120001,28.450001,16.587803,39669800
2010-02-17,28.530001,28.590000,28.219999,28.410000,16.564491,36275600
2010-02-18,28.379999,28.639999,28.240000,28.570000,16.657774,33145400
2010-02-19,28.465000,28.780001,28.330000,28.680000,16.721907,32996600
2010-02-22,28.750000,28.754999,28.225000,28.285000,16.491606,34699400
2010-02-23,28.150000,28.219999,27.684999,27.815001,16.217573,42202400
2010-02-24,27.805000,28.094999,27.719999,27.990000,16.319605,35260600
2010-02-25,27.590000,28.020000,27.360001,28.004999,16.328352,41896200
2010-02-26,28.070000,28.170000,27.825001,28.070000,16.366249,34493600
2010-03-01,28.200001,28.400000,28.174999,28.330000,16.517843,27932000
2010-03-02,28.514999,28.780001,28.455000,28.565001,16.654861,33492600
2010-03-03,28.674999,28.940001,28.674999,28.690001,16.727741,33534600
2010-03-04,28.735001,28.825001,28.420000,28.540001,16.640284,32662000
2010-03-05,28.820000,29.139999,28.790001,29.075001,16.952213,30670400
2010-03-08,29.155001,29.254999,28.905001,29.030001,16.925976,25224000
2010-03-09,28.875000,29.190001,28.834999,29.030001,16.925976,33407600
2010-03-10,29.059999,29.325001,28.924999,29.285000,17.074656,34744400
2010-03-11,29.174999,29.290001,29.084999,29.235001,17.045502,26066600
2010-03-12,29.424999,29.424999,29.125000,29.250000,17.054249,27319600
2010-03-15,29.139999,29.180000,28.645000,28.950001,16.879333,36747200
2010-03-16,29.094999,29.240000,28.865000,29.209999,17.030924,38322600
2010-03-17,29.355000,29.709999,29.315001,29.530001,17.217505,43343600
2010-03-18,29.530001,29.575001,28.930000,29.090000,16.960968,39453800
2010-03-19,28.639999,29.125000,28.379999,28.639999,16.757063,44824800
2010-03-22,28.280001,28.695000,28.165001,28.565001,16.713177,39713000
2010-03-23,28.629999,28.719999,28.445000,28.674999,16.777533,34841400
2010-03-24,28.485001,28.760000,28.420000,28.510000,16.680996,41494000
2010-03-25,28.715000,28.785000,27.985001,28.030001,16.400152,44246000
2010-03-26,28.125000,28.219999,27.860001,28.040001,16.406004,42987800
2010-03-29,28.219999,28.639999,28.200001,28.584999,16.724878,38952000
2010-03-30,28.650000,28.684999,28.455000,28.629999,16.751209,26115600
2010-03-31,28.684999,28.889999,28.565001,28.760000,16.827269,30335400
2010-04-01,29.045000,29.334999,29.020000,29.270000,17.125671,35980200
2010-04-05,29.450001,29.844999,29.350000,29.790001,17.429916,34911400
2010-04-06,29.750000,29.889999,29.629999,29.790001,17.429916,27071600
2010-04-07,29.719999,29.740000,29.325001,29.495001,17.257313,39071600
2010-04-08,29.275000,29.695000,29.135000,29.600000,17.318747,38919400
2010-04-09,29.795000,29.965000,29.750000,29.915001,17.503054,34977200
2010-04-12,29.889999,30.190001,29.879999,29.985001,17.544010,30055600
2010-04-13,29.945000,30.020000,29.565001,29.879999,17.482571,27711000
2010-04-14,30.030001,30.190001,29.764999,30.165001,17.649324,29171200
2010-04-15,30.129999,30.270000,30.035000,30.160000,17.646402,27894400
2010-04-16,29.990000,30.125000,29.455000,29.650000,17.348003,73328400
2010-04-19,29.379999,29.700001,29.290001,29.690001,17.371408,42298200
2010-04-20,29.915001,30.379999,29.889999,30.270000,17.710756,39333200
2010-04-21,30.280001,30.465000,30.020000,30.240000,17.693205,37143200
2010-04-22,29.985001,30.320000,29.760000,30.315001,17.737083,21374000
2010-04-23,30.325001,31.045000,30.285000,31.045000,18.164211,52021800
2010-04-26,31.100000,31.150000,30.889999,30.940001,18.102768,34525600
2010-04-27,30.725000,30.955000,29.915001,29.990000,17.546934,82804800
2010-04-28,30.195000,30.375000,29.885000,30.295000,17.725384,46190000
2010-04-29,30.450001,30.695000,30.125000,30.330000,17.745863,57721400
2010-04-30,30.400000,30.415001,29.764999,29.955000,17.526457,45833000
2010-05-03,30.084999,30.535000,29.745001,30.295000,17.725384,33379800
2010-05-04,29.895000,29.920000,29.174999,29.485001,17.251459,61168800
2010-05-05,28.945000,29.424999,28.760000,29.020000,16.979393,70413000
2010-05-06,28.760000,29.090000,26.145000,28.030001,16.400152,94401400
2010-05-07,27.950001,28.315001,27.145000,27.495001,16.087128,98981800
2010-05-10,28.565001,28.780001,28.260000,28.670000,16.774609,59433800
2010-05-11,28.370001,28.915001,28.344999,28.480000,16.663435,45673200
2010-05-12,28.540001,28.969999,28.540001,28.875000,16.894552,37616200
2010-05-13,28.830000,29.055000,28.555000,28.690001,16.786312,42234600
2010-05-14,28.424999,28.510000,27.680000,28.120001,16.452810,56791400
2010-05-17,28.209999,28.290001,27.230000,27.830000,16.283133,63878600
2010-05-18,28.235001,28.430000,27.455000,27.615000,16.157335,61329800
2010-05-19,27.455000,27.660000,26.830000,27.299999,15.973033,60211200
2010-05-20,26.600000,26.684999,26.000000,26.080000,15.259219,89767600
2010-05-21,25.565001,26.594999,25.504999,26.535000,15.525433,80312000
2010-05-24,26.480000,26.549999,25.889999,25.930000,15.171455,54698400
2010-05-25,25.235001,26.000000,25.075001,25.990000,15.206557,86228000
2010-05-26,26.295000,26.540001,25.850000,25.934999,15.174383,59695200
2010-05-27,26.590000,27.070000,26.495001,27.035000,15.817986,60610400
2010-05-28,26.969999,27.004999,26.325001,26.525000,15.519588,52657400
2010-06-01,26.084999,26.270000,25.219999,25.264999,14.782364,72695200
2010-06-02,25.440001,26.400000,25.395000,26.360001,15.423053,55296400
2010-06-03,26.635000,26.770000,26.065001,26.715000,15.630751,67379800
2010-06-04,26.145000,26.719999,25.590000,25.775000,15.080768,59718800
2010-06-07,25.879999,26.180000,25.500000,25.549999,14.949128,48249600
2010-06-08,25.590000,26.055000,25.344999,25.975000,15.197784,70188800
2010-06-09,26.235001,26.639999,25.570000,25.705000,15.039809,61359800
2010-06-10,26.389999,27.049999,26.330000,26.995001,15.794583,51986800
2010-06-11,26.615000,27.174999,26.615000,27.160000,15.891116,30326200
2010-06-14,27.495001,27.695000,27.004999,27.020000,15.809211,47629000
2010-06-15,27.299999,27.850000,27.230000,27.809999,16.271429,34142400
2010-06-16,27.615000,27.980000,27.500000,27.790001,16.259731,28992600
2010-06-17,27.875000,27.875000,27.459999,27.760000,16.242178,34826000
2010-06-18,27.629999,27.850000,27.430000,27.805000,16.342684,27196400
2010-06-21,28.264999,28.350000,27.535000,27.745001,16.307419,33251400
2010-06-22,27.725000,27.740000,26.844999,26.934999,15.831331,43145200
2010-06-23,26.900000,26.924999,26.575001,26.730000,15.710842,35639200
2010-06-24,26.570000,26.735001,26.049999,26.170000,15.381697,33908000
2010-06-25,26.209999,26.480000,25.885000,26.245001,15.425779,40874800
2010-06-28,26.365000,26.365000,25.860001,25.889999,15.217124,31908800
2010-06-29,25.525000,25.530001,24.850000,25.035000,14.714589,44985200
2010-06-30,24.995001,25.375000,24.785000,24.840000,14.599971,33385600
2010-07-01,24.924999,25.065001,24.280001,24.750000,14.547068,51605200
2010-07-02,24.905001,25.014999,24.480000,24.690001,14.511808,22839200
2010-07-06,25.120001,25.379999,24.655001,24.930000,14.652876,34598000
2010-07-07,25.059999,25.825001,25.000000,25.809999,15.170098,37817400
2010-07-08,26.110001,26.250000,25.705000,26.174999,15.384630,29743000
2010-07-09,26.150000,26.350000,26.040001,26.309999,15.463983,18225800
2010-07-12,26.209999,26.434999,25.995001,26.240000,15.422839,16413800
2010-07-13,26.590000,26.754999,26.459999,26.555000,15.607985,28330200
2010-07-14,26.434999,26.670000,26.250000,26.525000,15.590350,23880200
2010-07-15,26.490000,26.600000,26.045000,26.495001,15.572719,29824600
2010-07-16,26.264999,26.365000,25.674999,25.865000,15.202426,36261600
2010-07-19,25.969999,26.180000,25.754999,26.030001,15.299410,25082600
2010-07-20,25.660000,26.660000,25.655001,26.625000,15.649122,33496400
2010-07-21,26.795000,26.795000,25.995001,26.190001,15.393450,45027600
2010-07-22,26.555000,27.010000,26.480000,26.770000,15.734350,45984400
2010-07-23,26.709999,26.895000,26.400000,26.889999,15.804883,36051600
2010-07-26,26.905001,27.170000,26.825001,27.125000,15.943010,23881600
2010-07-27,27.245001,27.290001,26.760000,26.995001,15.866594,32817800
2010-07-28,26.930000,27.129999,26.850000,26.934999,15.831331,21551400
2010-07-29,27.115000,27.360001,26.709999,26.975000,15.854840,29114600
2010-07-30,26.700001,27.059999,26.615000,26.920000,15.822511,23632200
2010-08-02,27.424999,27.945000,27.385000,27.860001,16.375010,55158000
2010-08-03,27.745001,28.030001,27.620001,27.850000,16.369131,28509000
2010-08-04,27.924999,28.135000,27.790001,28.065001,16.495510,26215400
2010-08-05,27.879999,28.155001,27.750000,28.155001,16.548409,17817400
2010-08-06,27.805000,27.959999,27.415001,27.820000,16.351503,36234800
2010-08-09,27.950001,28.035000,27.764999,27.934999,16.419094,13428400
2010-08-10,27.610001,27.840000,27.424999,27.705000,16.283907,24521000
2010-08-11,27.195000,27.235001,26.790001,26.879999,15.799007,37659400
2010-08-12,26.485001,26.930000,26.450001,26.719999,15.704962,30510800
2010-08-13,26.660000,26.920000,26.594999,26.674999,15.678514,18199400
2010-08-16,26.530001,26.745001,26.375000,26.670000,15.675578,20571400
2010-08-17,26.940001,27.254999,26.809999,27.115000,15.937129,36034800
2010-08-18,27.040001,27.080000,26.610001,26.855000,15.784313,37387800
2010-08-19,26.725000,26.775000,26.270000,26.420000,15.528631,32998200
2010-08-20,26.275000,26.295000,25.885000,26.094999,15.337605,24849400
2010-08-23,26.145000,26.360001,26.084999,26.105000,15.343494,16351600
2010-08-24,25.750000,26.045000,25.610001,25.700001,15.105447,29477600
2010-08-25,25.555000,25.700001,25.209999,25.620001,15.058424,38673400
2010-08-26,25.764999,25.850000,25.245001,25.389999,14.923244,21953600
2010-08-27,25.540001,26.100000,25.165001,26.049999,15.311156,39417400
2010-08-30,26.000000,26.120001,25.665001,25.670000,15.087816,18313200
2010-08-31,25.555000,25.799999,25.405001,25.600000,15.046672,35157400
2010-09-01,26.025000,26.620001,25.985001,26.555000,15.607985,38265800
2010-09-02,26.590000,26.825001,26.440001,26.775000,15.737288,19697400
2010-09-03,27.014999,27.219999,26.875000,27.100000,15.928311,26494200
2010-09-07,26.895000,26.924999,26.610001,26.695000,15.690259,22814000
2010-09-08,26.725000,27.059999,26.709999,26.924999,15.825451,18584400
2010-09-09,27.254999,27.305000,26.879999,26.980000,15.857781,15673400
2010-09-10,27.139999,27.315001,27.090000,27.260000,16.022356,15190600
2010-09-13,27.500000,27.535000,27.285000,27.480000,16.151661,18263200
2010-09-14,27.424999,27.615000,27.270000,27.385000,16.095821,27955800
2010-09-15,27.200001,27.334999,27.045000,27.330000,16.063494,28226000
2010-09-16,27.195000,27.320000,27.040001,27.205000,15.990028,33517600
2010-09-17,27.160000,27.205000,26.855000,26.945000,15.910024,28705800
2010-09-20,27.030001,27.504999,26.910000,27.400000,16.178680,38781800
2010-09-21,27.434999,27.584999,27.184999,27.420000,16.190483,33533000
2010-09-22,27.365000,27.684999,27.200001,27.219999,16.072392,32318000
2010-09-23,26.980000,27.280001,26.910000,27.049999,15.972016,24716800
2010-09-24,27.350000,27.770000,27.235001,27.635000,16.317436,49249000
2010-09-27,27.705000,27.799999,27.530001,27.530001,16.255445,21783000
2010-09-28,27.555000,27.825001,27.275000,27.725000,16.370583,33159200
2010-09-29,27.680000,28.150000,27.625000,28.020000,16.544769,42985800
2010-09-30,28.240000,28.375000,27.750000,28.030001,16.550671,46339600
2010-10-01,28.299999,28.475000,28.129999,28.405001,16.772099,40019800
2010-10-04,28.270000,28.445000,27.840000,28.049999,16.562483,29505400
2010-10-05,28.355000,28.815001,28.299999,28.709999,16.952185,43231600
2010-10-06,28.709999,29.055000,28.700001,28.965000,17.102747,28210200
2010-10-07,29.084999,29.120001,28.605000,28.820000,17.017138,27125600
2010-10-08,28.795000,29.290001,28.730000,29.180000,17.229704,31677600
2010-10-11,29.200001,29.410000,29.150000,29.260000,17.276939,16092000
2010-10-12,29.135000,29.344999,28.815001,29.215000,17.250376,33330200
2010-10-13,29.389999,29.719999,29.330000,29.570000,17.459984,29362800
2010-10-14,29.475000,29.730000,29.285000,29.525000,17.433413,23005600
2010-10-15,29.690001,29.735001,29.280001,29.605000,17.480654,30153600
2010-10-18,29.530001,29.905001,29.440001,29.684999,17.527885,21854400
2010-10-19,29.375000,29.430000,28.850000,29.094999,17.179518,38568400
2010-10-20,29.195000,29.655001,29.084999,29.469999,17.400930,25257200
2010-10-21,29.555000,29.790001,29.135000,29.455000,17.392082,26826000
2010-10-22,29.605000,29.745001,29.510000,29.650000,17.507225,13117600
2010-10-25,29.879999,30.145000,29.680000,29.730000,17.554455,22706400
2010-10-26,29.645000,29.825001,29.555000,29.790001,17.589886,21375800
2010-10-27,29.520000,29.695000,29.219999,29.665001,17.516081,25804800
2010-10-28,29.860001,29.934999,29.485001,29.600000,17.477697,23175600
2010-10-29,29.445000,29.650000,29.379999,29.620001,17.489511,18718400
2010-11-01,29.915001,30.084999,29.535000,29.655001,17.510176,24041200
2010-11-02,29.875000,30.120001,29.770000,29.980000,17.702076,20455000
2010-11-03,30.080000,30.105000,29.594999,30.045000,17.740456,45454800
2010-11-04,30.485001,31.010000,30.485001,31.000000,18.304346,38657000
2010-11-05,30.969999,31.155001,30.875000,31.155001,18.395866,29371800
2010-11-08,30.975000,31.290001,30.955000,31.250000,18.451960,23977400
2010-11-09,31.395000,31.629999,31.004999,31.190001,18.416538,40127600
2010-11-10,31.290001,31.605000,30.965000,31.590000,18.652716,35556600
2010-11-11,31.445000,31.945000,31.424999,31.940001,18.859385,36081400
2010-11-12,31.590000,31.740000,31.190001,31.469999,18.581860,35748600
2010-11-15,31.665001,31.680000,31.305000,31.309999,18.487389,21502600
2010-11-16,30.995001,31.004999,30.480000,30.725000,18.141968,47399600
2010-11-17,30.650000,31.049999,30.559999,30.850000,18.215776,33635600
2010-11-18,31.150000,31.629999,31.150000,31.530001,18.617292,32105000
2010-11-19,31.440001,31.805000,31.205000,31.795000,18.773766,22721600
2010-11-22,31.620001,31.715000,31.075001,31.695000,18.714718,36263000
2010-11-23,31.240000,31.254999,30.790001,31.075001,18.348631,45070000
2010-11-24,31.290001,31.670000,31.270000,31.635000,18.679291,45245200
2010-11-26,31.325001,31.520000,31.174999,31.254999,18.454910,13178800
2010-11-29,31.100000,31.535000,30.815001,31.465000,18.578909,29468800
2010-11-30,31.055000,31.610001,30.959999,31.355000,18.513952,38537600
2010-12-01,31.870001,32.360001,31.870001,32.285000,19.063086,39947600
2010-12-02,32.275002,32.785000,32.270000,32.764999,19.346519,35355200
2010-12-03,32.570000,32.970001,32.555000,32.910000,19.432129,20023400
2010-12-06,32.884998,33.099998,32.860001,33.020000,19.497084,23980400
2010-12-07,33.450001,33.500000,32.814999,32.895000,19.423271,45864800
2010-12-08,32.930000,33.080002,32.535000,32.740002,19.331749,25520400
2010-12-09,32.904999,32.974998,32.520000,32.814999,19.376041,21904800
2010-12-10,32.889999,32.985001,32.744999,32.950001,19.455753,17352200
2010-12-13,33.154999,33.485001,33.110001,33.230000,19.621075,25768800
2010-12-14,33.270000,33.360001,32.965000,33.075001,19.529552,23029200
2010-12-15,32.935001,33.189999,32.799999,32.895000,19.423271,22232200
2010-12-16,32.884998,33.090000,32.625000,33.080002,19.532513,22051600
2010-12-17,32.924999,32.990002,32.794998,32.945000,19.539326,22644800
2010-12-20,33.070000,33.264999,32.884998,33.160000,19.666843,20469400
2010-12-21,33.345001,33.535000,33.240002,33.494999,19.865526,17402000
2010-12-22,33.595001,33.645000,33.494999,33.610001,19.933733,15711000
2010-12-23,33.575001,33.744999,33.555000,33.705002,19.990078,9052000
2010-12-27,33.544998,33.645000,33.455002,33.584999,19.918911,8286400
2010-12-28,33.630001,33.764999,33.560001,33.709999,19.993044,10298200
2010-12-29,33.825001,34.130001,33.764999,34.044998,20.191723,11065400
2010-12-30,34.075001,34.235001,33.955002,34.075001,20.209526,11953400
2010-12-31,34.064999,34.250000,33.965000,34.125000,20.239178,8889000
2011-01-03,34.450001,34.595001,34.299999,34.380001,20.390411,20391600
2011-01-04,34.595001,34.595001,33.759998,34.084999,20.215446,29084000
2011-01-05,33.915001,34.279999,33.785000,34.220001,20.295519,22572400
2011-01-06,34.334999,34.349998,33.750000,33.895000,20.102768,22898400
2011-01-07,33.910000,34.220001,33.799999,34.139999,20.248068,22160600
2011-01-10,34.035000,34.070000,33.744999,34.005001,20.168011,21608400
2011-01-11,34.224998,34.610001,34.180000,34.570000,20.503103,22730600
2011-01-12,34.875000,35.064999,34.715000,35.044998,20.784819,22053200
2011-01-13,35.099998,35.174999,34.820000,34.945000,20.725504,23043800
2011-01-14,34.900002,35.334999,34.740002,35.325001,20.950880,28010800
2011-01-18,35.299999,35.564999,35.189999,35.544998,21.081369,25070400
2011-01-19,35.605000,35.619999,35.055000,35.115002,20.826334,30234000
2011-01-20,34.845001,34.970001,34.365002,34.865002,20.678062,46345000
2011-01-21,35.220001,35.310001,34.855000,35.049999,20.787781,29148000
2011-01-24,34.994999,35.259998,34.860001,35.180000,20.864887,26197000
2011-01-25,35.099998,35.154999,34.680000,35.080002,20.805578,31635400
2011-01-26,35.200001,36.014999,35.174999,35.919998,21.303768,48443200
2011-01-27,35.900002,35.974998,35.525002,35.709999,21.179224,29977200
2011-01-28,35.650002,35.825001,35.424999,35.555000,21.087290,47383200
2011-01-31,35.860001,36.575001,35.744999,36.575001,21.692247,50229800
2011-02-01,36.720001,37.205002,35.610001,37.169998,22.045134,40886400
2011-02-02,37.000000,37.415001,36.915001,37.139999,22.027340,27115200
2011-02-03,37.150002,37.220001,36.689999,37.160000,22.039202,29031000
2011-02-04,37.244999,37.285000,36.865002,37.064999,21.982853,26557200
2011-02-07,37.220001,37.610001,37.215000,37.279999,22.110363,32347200
2011-02-08,37.220001,37.279999,36.825001,37.154999,22.036228,31192000
2011-02-09,36.990002,37.125000,36.424999,36.685001,21.757488,32643400
2011-02-10,36.505001,37.119999,36.465000,37.060001,21.979897,33611400
2011-02-11,36.910000,37.255001,36.810001,37.055000,21.976929,37725400
2011-02-14,36.990002,37.915001,36.990002,37.869999,22.460295,30430800
2011-02-15,37.810001,37.880001,37.314999,37.474998,22.226032,22887200
2011-02-16,37.674999,38.014999,37.549999,37.974998,22.522572,31806600
2011-02-17,37.970001,38.435001,37.904999,38.349998,22.744976,21592800
2011-02-18,38.435001,38.599998,38.169998,38.509998,22.839872,24816400
2011-02-22,38.685001,39.029999,37.955002,38.134998,22.617462,49665600
2011-02-23,38.345001,39.185001,38.275002,38.910000,23.077099,64379400
2011-02-24,39.009998,39.029999,38.125000,38.360001,22.750906,44766600
2011-02-25,38.500000,39.000000,38.404999,38.970001,23.112694,23537400
2011-02-28,39.119999,39.345001,38.849998,39.270000,23.290625,31746200
2011-03-01,39.500000,39.540001,38.485001,38.535000,22.854696,40399200
2011-03-02,38.430000,38.830002,38.145000,38.755001,22.985186,30085800
2011-03-03,39.000000,39.455002,38.880001,39.419998,23.379576,22657600
2011-03-04,39.410000,39.455002,38.860001,39.169998,23.231304,28247000
2011-03-07,39.430000,39.610001,38.680000,38.895000,23.068213,29327200
2011-03-08,38.875000,38.904999,38.189999,38.575001,22.878420,32348400
2011-03-09,38.455002,38.705002,38.185001,38.310001,22.721254,27189800
2011-03-10,37.799999,37.805000,36.805000,36.915001,21.893898,72320600
2011-03-11,36.660000,37.825001,36.514999,37.555000,22.273478,48341000
2011-03-14,37.375000,37.889999,37.180000,37.759998,22.395052,32830400
2011-03-15,36.590000,37.805000,36.450001,37.474998,22.226032,43619000
2011-03-16,37.584999,37.904999,36.490002,36.875000,21.870178,63229400
2011-03-17,37.599998,38.195000,37.355000,38.000000,22.537394,41830600
2011-03-18,38.340000,38.430000,37.645000,37.695000,22.431768,48328600
2011-03-21,38.349998,38.849998,38.275002,38.840000,23.113142,34325600
2011-03-22,38.849998,38.980000,38.630001,38.755001,23.062563,20025000
2011-03-23,38.744999,38.985001,38.494999,38.855000,23.122072,20190800
2011-03-24,39.009998,39.064999,38.575001,38.994999,23.205372,30706200
2011-03-25,39.035000,39.450001,38.895000,39.345001,23.413658,23273800
2011-03-28,39.250000,39.700001,39.169998,39.250000,23.357130,28291000
2011-03-29,39.200001,39.810001,39.064999,39.730000,23.642769,33912800
2011-03-30,39.990002,40.185001,39.665001,40.005001,23.806417,38082400
2011-03-31,40.215000,40.485001,39.860001,39.875000,23.729052,37701000
2011-04-01,40.224998,40.345001,39.889999,39.994999,23.800470,25823800
2011-04-04,40.180000,40.275002,39.965000,40.020000,23.815344,14951200
2011-04-05,39.985001,40.365002,39.945000,40.139999,23.886751,38580800
2011-04-06,40.349998,40.450001,39.540001,39.720001,23.636820,32947400
2011-04-07,39.645000,39.884998,39.365002,39.720001,23.636820,29621400
2011-04-08,40.009998,40.189999,39.634998,39.860001,23.720133,38279600
2011-04-11,39.875000,39.950001,38.935001,39.075001,23.252981,35365400
2011-04-12,38.630001,38.650002,37.650002,37.865002,22.532942,75875600
2011-04-13,38.209999,38.334999,37.724998,38.020000,22.625174,53669400
2011-04-14,37.810001,38.389999,37.669998,38.279999,22.779890,41344800
2011-04-15,38.380001,38.650002,38.084999,38.595001,22.967346,30527800
2011-04-18,38.020000,38.195000,37.595001,38.020000,22.625174,40069400
2011-04-19,37.994999,38.500000,37.974998,38.404999,22.854273,30109200
2011-04-20,39.145000,39.330002,38.959999,39.310001,23.392843,44828000
2011-04-21,39.389999,39.595001,39.205002,39.490002,23.499949,25276600
2011-04-25,39.509998,39.544998,39.040001,39.285000,23.377954,14150800
2011-04-26,39.404999,39.735001,39.235001,39.674999,23.610037,18399000
2011-04-27,39.834999,39.849998,38.990002,39.654999,23.598131,37414200
2011-04-28,39.520000,39.770000,39.275002,39.650002,23.595169,29992400
2011-04-29,39.660000,40.255001,39.639999,40.240002,23.946260,19857200
2011-05-02,40.325001,40.400002,39.459999,39.705002,23.627886,35524000
2011-05-03,39.400002,39.485001,38.369999,38.709999,23.035788,57490400
2011-05-04,38.630001,38.634998,37.695000,38.025002,22.628147,59484200
2011-05-05,37.455002,37.825001,36.790001,37.235001,22.158035,89000000
2011-05-06,37.665001,38.224998,36.990002,37.400002,22.256216,70404600
2011-05-09,37.575001,38.235001,37.509998,38.055000,22.645996,48448600
2011-05-10,38.049999,38.415001,37.755001,38.235001,22.753117,35520600
2011-05-11,38.000000,38.040001,36.855000,37.130001,22.095547,82325600
2011-05-12,36.950001,37.375000,36.389999,37.075001,22.062813,77901800
2011-05-13,37.250000,37.424999,36.564999,36.895000,21.955698,71863800
2011-05-16,36.740002,37.365002,36.520000,36.615002,21.789076,56288200
2011-05-17,36.445000,36.790001,36.139999,36.615002,21.789076,60198400
2011-05-18,36.779999,37.619999,36.639999,37.355000,22.229445,51692600
2011-05-19,37.525002,37.680000,37.044998,37.360001,22.232420,39321800
2011-05-20,37.325001,37.634998,36.860001,37.314999,22.205633,54092800
2011-05-23,36.665001,36.935001,36.500000,36.735001,21.860491,40600000
2011-05-24,37.110001,37.665001,37.099998,37.255001,22.169933,49661600
2011-05-25,37.064999,38.080002,37.060001,37.884998,22.544834,49835400
2011-05-26,37.759998,38.165001,37.570000,38.075001,22.657900,37491000
2011-05-27,38.285000,38.560001,37.980000,38.169998,22.714439,33394200
2011-05-31,38.669998,38.830002,38.125000,38.555000,22.943544,38622400
2011-06-01,38.459999,38.625000,37.535000,37.634998,22.396063,55227800
2011-06-02,37.650002,37.945000,37.215000,37.619999,22.387131,48210600
2011-06-03,37.055000,37.990002,36.985001,37.630001,22.393097,44755000
2011-06-06,37.549999,37.705002,36.700001,36.779999,21.887260,46875200
2011-06-07,37.099998,37.290001,36.720001,36.779999,21.887260,38331600
2011-06-08,36.895000,37.340000,36.810001,36.889999,21.952717,50113200
2011-06-09,37.075001,37.590000,37.000000,37.389999,22.250269,34544000
2011-06-10,37.099998,37.174999,36.605000,36.665001,21.818834,41937000
2011-06-13,36.685001,36.950001,35.740002,36.084999,21.473684,55501200
2011-06-14,36.555000,37.035000,36.544998,36.855000,21.931896,45755400
2011-06-15,36.415001,36.740002,35.810001,36.009998,21.429052,71279800
2011-06-16,36.025002,36.395000,35.700001,36.064999,21.461775,50527800
2011-06-17,36.250000,36.310001,35.610001,35.840000,21.406532,54247600
2011-06-20,35.650002,36.900002,35.570000,35.939999,21.466251,34722600
2011-06-21,36.189999,36.830002,36.165001,36.654999,21.893314,46391000
2011-06-22,36.540001,37.040001,36.430000,36.549999,21.830603,37099800
2011-06-23,35.775002,36.205002,35.224998,36.150002,21.591682,90907200
2011-06-24,36.150002,36.235001,35.415001,35.465000,21.182550,34131400
2011-06-27,35.340000,35.875000,35.255001,35.654999,21.296032,39388400
2011-06-28,35.965000,36.709999,35.935001,36.695000,21.917202,31715600
2011-06-29,36.814999,37.380001,36.639999,37.125000,22.174040,42642800
2011-06-30,37.250000,37.709999,37.244999,37.674999,22.502535,38834800
2011-07-01,37.595001,38.070000,37.275002,38.029999,22.714567,29776800
2011-07-05,38.080002,38.435001,37.985001,38.264999,22.854939,31367000
2011-07-06,38.180000,38.250000,37.855000,38.195000,22.813124,21930600
2011-07-07,38.709999,38.825001,38.419998,38.770000,23.156555,35648000
2011-07-08,38.095001,38.445000,38.040001,38.445000,22.962439,34260000
2011-07-11,37.895000,37.900002,37.384998,37.535000,22.418915,38289000
2011-07-12,37.380001,37.910000,37.349998,37.395000,22.335310,41091400
2011-07-13,37.564999,38.215000,37.525002,37.674999,22.502535,40326000
2011-07-14,38.064999,38.145000,37.375000,37.424999,22.353218,45265800
2011-07-15,37.849998,38.474998,37.825001,38.430000,22.953487,54734200
2011-07-18,38.264999,38.369999,37.994999,38.299999,22.875837,40723800
2011-07-19,38.575001,39.029999,38.544998,39.000000,23.293943,39114600
2011-07-20,39.165001,39.180000,38.825001,38.900002,23.234207,21035600
2011-07-21,39.130001,39.715000,39.105000,39.665001,23.691128,34714000
2011-07-22,39.700001,39.915001,39.465000,39.865002,23.810581,22999200
2011-07-25,39.369999,39.985001,39.310001,39.705002,23.715010,30966400
2011-07-26,39.680000,39.880001,39.375000,39.514999,23.601542,33937800
2011-07-27,39.244999,39.325001,38.650002,38.770000,23.156555,47569000
2011-07-28,38.615002,39.090000,38.535000,38.610001,23.060999,39108000
2011-07-29,38.095001,38.560001,37.980000,38.224998,22.831039,34671200
2011-08-01,38.900002,38.924999,37.814999,38.169998,22.798197,43970000
2011-08-02,37.955002,38.349998,37.095001,37.105000,22.162081,54402400
2011-08-03,37.160000,37.180000,36.025002,36.895000,22.036661,71128000
2011-08-04,36.205002,36.244999,34.134998,34.365002,20.525545,109053800
2011-08-05,34.785000,35.080002,32.235001,34.035000,20.328444,132818800
2011-08-08,32.654999,33.189999,31.000000,31.139999,18.599310,111986400
2011-08-09,31.790001,32.744999,30.549999,32.724998,19.546003,100798200
2011-08-10,32.299999,32.889999,31.465000,31.594999,18.871077,98747400
2011-08-11,31.799999,33.730000,31.605000,33.235001,19.850615,84065200
2011-08-12,33.730000,33.924999,33.264999,33.480000,19.996946,53101000
2011-08-15,33.924999,34.674999,33.915001,34.610001,20.671879,58621200
2011-08-16,34.165001,34.525002,33.645000,34.035000,20.328444,59890400
2011-08-17,34.415001,34.799999,33.950001,34.169998,20.409067,43327800
2011-08-18,33.105000,33.180000,31.830000,32.189999,19.226454,74495400
2011-08-19,31.695000,32.740002,31.500000,31.620001,18.886013,54637400
2011-08-22,32.584999,32.595001,31.250000,31.365000,18.733698,49050800
2011-08-23,31.570000,32.805000,31.355000,32.779999,19.578850,71707000
2011-08-24,32.590000,33.035000,32.299999,32.974998,19.695322,37735600
2011-08-25,33.209999,33.404999,32.110001,32.279999,19.280210,53585400
2011-08-26,31.959999,33.049999,31.555000,32.904999,19.653509,47672200
2011-08-29,33.424999,33.910000,33.165001,33.865002,20.226904,71086400
2011-08-30,33.634998,34.299999,33.355000,34.064999,20.346357,39676600
2011-08-31,34.375000,34.820000,33.994999,34.320000,20.498661,48969600
2011-09-01,34.375000,34.825001,33.980000,34.060001,20.343374,42588400
2011-09-02,33.154999,33.450001,32.825001,33.110001,19.775957,41702000
2011-09-06,32.055000,32.799999,31.785000,32.750000,19.560940,38711000
2011-09-07,33.355000,33.970001,33.305000,33.950001,20.277664,37051400
2011-09-08,33.785000,34.279999,33.365002,33.555000,20.041744,36978200
2011-09-09,33.115002,33.275002,32.209999,32.445000,19.378761,70078800
2011-09-12,31.879999,32.669998,31.670000,32.599998,19.471340,51513800
2011-09-13,32.744999,32.915001,32.095001,32.689999,19.525095,56409000
2011-09-14,32.884998,33.560001,32.240002,33.095001,19.766996,51431800
2011-09-15,33.505001,33.785000,33.224998,33.750000,20.158215,34662400
2011-09-16,33.755001,33.880001,33.160000,33.544998,20.114443,46072800
2011-09-19,32.724998,33.314999,32.375000,33.014999,19.796638,41719800
2011-09-20,33.169998,33.584999,32.759998,32.810001,19.673719,40268800
2011-09-21,32.720001,32.840000,31.415001,31.445000,18.855232,53565800
2011-09-22,30.334999,30.350000,29.129999,29.670000,17.790884,76132000
2011-09-23,29.290001,29.790001,29.184999,29.350000,17.599010,65590600
2011-09-26,29.565001,30.485001,28.975000,30.420000,18.240612,68786400
2011-09-27,31.320000,31.665001,30.690001,30.865000,18.507439,64972400
2011-09-28,30.920000,31.205000,29.795000,29.855000,17.901823,46186600
2011-09-29,30.625000,30.665001,29.530001,30.139999,18.072716,45739000
2011-09-30,29.615000,29.980000,29.254999,29.254999,17.542048,59458800
2011-10-03,28.920000,29.254999,28.235001,28.260000,16.945423,70130600
2011-10-04,27.750000,29.270000,27.129999,29.184999,17.500076,82731000
2011-10-05,29.400000,30.350000,28.965000,30.260000,18.144669,75130000
2011-10-06,30.200001,30.889999,29.860001,30.830000,18.486460,47634400
2011-10-07,31.065001,31.090000,30.145000,30.450001,18.258600,48779200
2011-10-10,31.014999,31.844999,31.010000,31.830000,19.086081,35816000
2011-10-11,31.535000,32.169998,31.455000,31.895000,19.125055,44856000
2011-10-12,32.150002,32.549999,31.920000,32.064999,19.226995,37262400
2011-10-13,31.740000,32.180000,31.389999,32.020000,19.200016,30318400
2011-10-14,32.564999,33.310001,32.560001,33.299999,19.967535,33232000
2011-10-17,33.209999,33.320000,32.619999,32.695000,19.604759,37612800
2011-10-18,32.654999,33.970001,32.294998,33.744999,20.234373,48910600
2011-10-19,33.595001,34.119999,33.240002,33.395000,20.024494,48058000
2011-10-20,33.375000,33.805000,32.959999,33.654999,20.180401,43755000
2011-10-21,34.020000,34.415001,33.855000,34.275002,20.552172,48340200
2011-10-24,34.380001,34.814999,34.285000,34.724998,20.821995,45945000
2011-10-25,34.639999,34.705002,33.750000,34.000000,20.387278,43836600
2011-10-26,34.520000,34.855000,33.744999,34.735001,20.827993,36364800
2011-10-27,35.685001,36.595001,35.590000,36.275002,21.751425,62364800
2011-10-28,35.900002,36.584999,35.799999,36.520000,21.898333,35022400
2011-10-31,35.900002,35.924999,34.799999,34.855000,20.899948,43910200
2011-11-01,33.490002,34.240002,33.169998,33.730000,20.225374,83484400
2011-11-02,34.564999,34.840000,34.220001,34.744999,20.833992,40618800
2011-11-03,35.250000,35.779999,34.785000,35.660000,21.382660,39424400
2011-11-04,35.349998,35.730000,35.000000,35.630001,21.364668,25105800
2011-11-07,35.639999,36.075001,35.200001,35.825001,21.481588,26937800
2011-11-08,36.115002,36.450001,35.634998,36.410000,21.832369,38305400
2011-11-09,35.334999,35.674999,34.709999,34.799999,20.866970,50543200
2011-11-10,35.365002,35.665001,34.724998,35.404999,21.229740,40707200
2011-11-11,35.799999,36.275002,35.750000,36.130001,21.664474,28803000
2011-11-14,35.910000,35.990002,35.325001,35.654999,21.379644,30765000
2011-11-15,35.544998,35.910000,35.330002,35.615002,21.355673,33349400
2011-11-16,35.334999,35.990002,35.035000,35.080002,21.034864,43882200
2011-11-17,35.064999,35.250000,33.955002,34.279999,20.555162,51071800
2011-11-18,34.474998,34.660000,33.865002,34.075001,20.432243,53903400
2011-11-21,33.459999,33.674999,32.990002,33.465000,20.066469,40016600
2011-11-22,33.430000,33.650002,32.939999,33.150002,19.877592,37392600
2011-11-23,32.674999,32.750000,32.139999,32.145000,19.274967,43575200
2011-11-25,32.005001,32.465000,31.915001,31.915001,19.137053,14299600
2011-11-28,33.080002,33.389999,32.805000,33.110001,19.853605,43699600
2011-11-29,33.255001,33.945000,33.139999,33.584999,20.138428,28954200
2011-11-30,34.825001,35.535000,34.814999,35.435001,21.247740,65999200
2011-12-01,35.340000,35.695000,35.044998,35.240002,21.130804,32664600
2011-12-02,35.580002,35.770000,35.139999,35.209999,21.112818,29879400
2011-12-05,35.849998,36.084999,35.340000,35.645000,21.373655,29724000
2011-12-06,35.619999,35.930000,35.349998,35.639999,21.370659,27718800
2011-12-07,35.500000,35.575001,35.000000,35.299999,21.166777,34288600
2011-12-08,35.044998,35.230000,34.215000,34.314999,20.576159,34289800
2011-12-09,34.529999,35.240002,34.455002,35.095001,21.043865,31036600
2011-12-12,34.669998,34.695000,33.794998,34.275002,20.552172,38629800
2011-12-13,34.540001,34.980000,33.740002,33.955002,20.360289,37277600
2011-12-14,33.555000,33.709999,32.855000,33.000000,19.787649,53368600
2011-12-15,33.459999,33.494999,32.775002,32.860001,19.703697,35498600
2011-12-16,32.985001,33.255001,32.730000,33.070000,19.913555,43941200
2011-12-19,33.209999,33.209999,32.400002,32.490002,19.564299,25074800
2011-12-20,33.145000,33.889999,33.105000,33.825001,20.368185,25326600
2011-12-21,33.830002,34.290001,33.615002,34.200001,20.594000,24051600
2011-12-22,34.389999,34.674999,34.275002,34.599998,20.834860,21976200
2011-12-23,34.730000,34.840000,34.525002,34.799999,20.955294,10428200
2011-12-27,34.724998,35.049999,34.724998,34.889999,21.009493,11260600
2011-12-28,34.900002,34.985001,34.180000,34.224998,20.609043,22641400
2011-12-29,34.305000,34.619999,34.275002,34.580002,20.822815,15404200
2011-12-30,34.500000,34.730000,34.465000,34.564999,20.813786,13160000
2012-01-03,35.299999,35.700001,35.244999,35.525002,21.391863,48509600
2012-01-04,35.389999,35.660000,35.180000,35.599998,21.437025,28037000
2012-01-05,35.369999,35.455002,35.000000,35.430000,21.334656,25349400
2012-01-06,35.494999,35.509998,35.145000,35.220001,21.208200,17786200
2012-01-09,35.294998,35.470001,35.189999,35.389999,21.310568,24086400
2012-01-10,35.945000,35.990002,35.605000,35.705002,21.500259,27266800
2012-01-11,35.540001,35.544998,35.084999,35.224998,21.211218,26944000
2012-01-12,35.035000,35.189999,34.740002,34.895000,21.012503,39409600
2012-01-13,34.674999,34.770000,34.369999,34.720001,20.907116,32434800
2012-01-17,35.110001,35.275002,34.855000,34.965000,21.054651,25054000
2012-01-18,34.945000,35.555000,34.775002,35.540001,21.400898,30723600
2012-01-19,35.724998,35.814999,35.520000,35.685001,21.488214,26608800
2012-01-20,35.680000,35.820000,35.410000,35.689999,21.491222,30786600
2012-01-23,35.814999,36.075001,35.715000,35.974998,21.662836,25974000
2012-01-24,35.660000,35.895000,35.514999,35.869999,21.599609,21234400
2012-01-25,35.814999,36.430000,35.355000,36.310001,21.864563,39276200
2012-01-26,36.535000,36.580002,35.674999,35.814999,21.566483,33958400
2012-01-27,35.654999,35.895000,35.599998,35.740002,21.521330,18448200
2012-01-30,35.330002,35.595001,35.064999,35.570000,21.418964,27251600
2012-01-31,35.825001,35.860001,35.169998,35.345001,21.283480,29361800
2012-02-01,35.665001,35.790001,35.410000,35.485001,21.367779,25553000
2012-02-02,35.540001,35.889999,35.430000,35.755001,21.530355,30942200
2012-02-03,36.220001,36.419998,36.014999,36.384998,21.909725,29993000
2012-02-06,36.180000,36.825001,36.125000,36.820000,22.171663,26769200
2012-02-07,36.730000,37.070000,36.349998,37.009998,22.286070,35097400
2012-02-08,37.099998,37.150002,36.645000,36.884998,22.210810,22055600
2012-02-09,36.939999,37.029999,36.595001,36.889999,22.213814,19210800
2012-02-10,36.459999,36.584999,36.279999,36.520000,21.991011,29674000
2012-02-13,36.889999,36.915001,36.529999,36.810001,22.165644,19828600
2012-02-14,36.770000,36.939999,36.575001,36.875000,22.204784,29095800
2012-02-15,36.994999,37.099998,36.695000,36.814999,22.168652,29478800
2012-02-16,36.889999,37.360001,36.665001,37.294998,22.457691,36203200
2012-02-17,37.590000,37.634998,37.215000,37.435001,22.541994,26986000
2012-02-21,37.685001,37.895000,37.584999,37.689999,22.695543,28764600
2012-02-22,37.770000,38.035000,37.680000,37.775002,22.746735,24684600
2012-02-23,37.799999,38.009998,37.525002,37.965000,22.861145,28176200
2012-02-24,38.049999,38.250000,38.020000,38.115002,22.951471,24549800
2012-02-27,37.965000,38.154999,37.705002,37.994999,22.879202,22366400
2012-02-28,37.945000,38.119999,37.654999,37.869999,22.803947,33212600
2012-02-29,37.910000,38.070000,37.334999,37.439999,22.545008,34488600
2012-03-01,37.605000,37.880001,37.514999,37.799999,22.761791,28015000
2012-03-02,37.660000,37.810001,37.220001,37.369999,22.502853,29042600
2012-03-05,37.209999,37.240002,36.770000,37.130001,22.358332,25370400
2012-03-06,36.564999,36.665001,36.290001,36.525002,21.994024,27735600
2012-03-07,36.660000,36.930000,36.410000,36.830002,22.177687,28964400
2012-03-08,37.020000,37.255001,36.834999,37.130001,22.358332,20596200
2012-03-09,37.209999,37.435001,37.035000,37.095001,22.337263,29306400
2012-03-12,37.060001,37.115002,36.730000,36.889999,22.213814,24517400
2012-03-13,37.090000,37.384998,36.720001,37.334999,22.481781,35585600
2012-03-14,37.360001,37.459999,36.884998,36.974998,22.264996,27712800
2012-03-15,37.020000,37.205002,36.785000,37.035000,22.301132,30353200
2012-03-16,37.070000,37.514999,37.014999,37.400002,22.607904,47180800
2012-03-19,37.380001,37.735001,37.270000,37.570000,22.710676,28405400
2012-03-20,37.235001,37.279999,36.930000,37.005001,22.369135,26568200
2012-03-21,36.959999,36.965000,36.509998,36.564999,22.103167,33163800
2012-03-22,36.160000,36.215000,35.575001,35.740002,21.604456,40430600
2012-03-23,35.820000,36.244999,35.634998,36.130001,21.840214,26443800
2012-03-26,36.450001,36.500000,36.195000,36.400002,22.003412,20377200
2012-03-27,36.465000,36.474998,36.025002,36.035000,21.782780,25545800
2012-03-28,35.869999,35.994999,35.294998,35.584999,21.510757,30570400
2012-03-29,35.340000,35.645000,35.084999,35.584999,21.510757,32660600
2012-03-30,35.849998,35.965000,35.520000,35.875000,21.686069,25506600
2012-04-02,35.785000,36.494999,35.674999,36.224998,21.897635,35776400
2012-04-03,36.150002,36.205002,35.544998,35.910000,21.707226,27989600
2012-04-04,35.474998,35.639999,35.264999,35.450001,21.429152,31660600
2012-04-05,35.325001,35.744999,35.205002,35.250000,21.308258,19157800
2012-04-09,34.709999,35.070000,34.674999,34.805000,21.039251,28859200
2012-04-10,34.755001,34.814999,34.049999,34.119999,20.625181,43906000
2012-04-11,34.500000,34.599998,34.060001,34.130001,20.631233,25650000
2012-04-12,34.160000,34.959999,34.134998,34.875000,21.081572,30117800
2012-04-13,34.724998,34.830002,34.279999,34.349998,20.764214,26215000
2012-04-16,34.490002,34.599998,33.974998,34.119999,20.625181,30250800
2012-04-17,34.435001,34.849998,34.404999,34.674999,20.960674,25510600
2012-04-18,34.570000,34.820000,34.500000,34.605000,20.918362,21588600
2012-04-19,34.625000,34.900002,34.430000,34.560001,20.891163,41945800
2012-04-20,34.889999,35.060001,34.470001,34.480000,20.842804,30190600
2012-04-23,33.904999,34.540001,33.840000,34.445000,20.821646,34055200
2012-04-24,34.570000,34.814999,34.404999,34.700001,20.975779,19830600
2012-04-25,34.915001,35.064999,34.680000,35.044998,21.184340,29285600
2012-04-26,34.875000,35.430000,34.820000,35.415001,21.408007,22459600
2012-04-27,35.500000,35.525002,35.220001,35.400002,21.398928,13670000
2012-04-30,35.365002,35.645000,35.264999,35.619999,21.531914,15218000
2012-05-01,35.689999,36.384998,35.630001,36.130001,21.840214,28510400
2012-05-02,35.820000,35.830002,35.439999,35.540001,21.483561,24164400
2012-05-03,35.529999,35.575001,34.845001,34.950001,21.126905,32080800
2012-05-04,34.595001,34.650002,33.985001,34.150002,20.643326,44377000
2012-05-07,33.950001,34.264999,33.720001,34.049999,20.582869,30416000
2012-05-08,33.779999,34.000000,33.215000,33.939999,20.516375,50350400
2012-05-09,33.419998,33.974998,33.244999,33.775002,20.416632,43909800
2012-05-10,34.110001,34.294998,33.849998,33.919998,20.504284,24600000
2012-05-11,33.680000,34.169998,33.610001,33.669998,20.353163,20606800
2012-05-14,33.255001,33.310001,33.040001,33.110001,20.014647,27105800
2012-05-15,33.130001,33.255001,32.459999,32.560001,19.682180,33951000
2012-05-16,32.639999,33.154999,32.375000,32.375000,19.570351,33026600
2012-05-17,32.450001,32.705002,32.165001,32.169998,19.446428,38364400
2012-05-18,32.400002,32.580002,31.834999,31.969999,19.325531,36966800
2012-05-21,32.014999,32.735001,31.995001,32.705002,19.769831,27340800
2012-05-22,32.750000,33.209999,32.404999,32.625000,19.721478,42672000
2012-05-23,32.349998,32.790001,31.889999,32.744999,19.794008,37762000
2012-05-24,32.915001,32.915001,32.310001,32.720001,19.778898,37363000
2012-05-25,32.685001,32.904999,32.494999,32.564999,19.685200,16028600
2012-05-29,32.939999,33.345001,32.770000,33.110001,20.014647,28107400
2012-05-30,32.650002,32.669998,31.990000,32.095001,19.401091,46467400
2012-05-31,32.075001,32.160000,31.270000,31.815001,19.231840,53377000
2012-06-01,31.174999,31.365000,30.980000,31.020000,18.751263,39020600
2012-06-04,31.139999,31.235001,30.555000,30.995001,18.736160,38069800
2012-06-05,30.924999,31.465000,30.910000,31.260000,18.896338,31604600
2012-06-06,31.590000,32.255001,31.590000,32.224998,19.479673,41568000
2012-06-07,32.645000,32.939999,32.180000,32.244999,19.491758,29372000
2012-06-08,32.009998,32.294998,31.735001,32.250000,19.494793,31168000
2012-06-11,32.580002,32.730000,31.764999,31.809999,19.228809,32296600
2012-06-12,31.985001,32.340000,31.809999,32.259998,19.500834,29032600
2012-06-13,32.075001,32.395000,31.705000,31.850000,19.252993,24344800
2012-06-14,31.924999,32.490002,31.799999,32.349998,19.555233,29129400
2012-06-15,32.415001,32.845001,32.255001,32.810001,19.929106,31002000
2012-06-18,32.485001,32.610001,32.294998,32.514999,19.749918,28074000
2012-06-19,32.770000,33.150002,32.599998,32.985001,20.035387,30745800
2012-06-20,32.970001,33.215000,32.549999,32.855000,19.956436,35247000
2012-06-21,32.865002,32.865002,31.455000,31.510000,19.139475,37929000
2012-06-22,31.719999,31.865000,31.334999,31.719999,19.267021,40126000
2012-06-25,31.250000,31.260000,30.735001,31.010000,18.835764,31107600
2012-06-26,31.059999,31.459999,30.834999,31.344999,19.039246,28524000
2012-06-27,31.514999,32.115002,31.514999,31.995001,19.434059,23315600
2012-06-28,31.809999,32.270000,31.665001,32.215000,19.567688,33047000
2012-06-29,33.070000,33.250000,32.735001,33.185001,20.156874,43491000
2012-07-02,33.185001,33.330002,32.834999,33.200001,20.165989,29112600
2012-07-03,33.465000,34.349998,33.435001,33.994999,20.648876,31383200
2012-07-05,33.794998,33.814999,33.430000,33.549999,20.378582,24282000
2012-07-06,33.035000,33.294998,32.884998,33.145000,20.132584,22381200
2012-07-09,33.119999,33.180000,32.759998,32.994999,20.041468,19127800
2012-07-10,33.195000,33.294998,32.320000,32.480000,19.728651,37602200
2012-07-11,32.650002,33.084999,32.564999,32.919998,19.995913,41929800
2012-07-12,32.529999,32.980000,32.410000,32.810001,19.929106,38736800
2012-07-13,32.945000,33.415001,32.900002,33.384998,20.278360,20419200
2012-07-16,33.279999,33.650002,33.084999,33.494999,20.345175,22669600
2012-07-17,33.685001,33.950001,33.150002,33.915001,20.600286,35969200
2012-07-18,33.794998,34.250000,33.724998,34.209999,20.779467,31036000
2012-07-19,34.349998,34.419998,34.105000,34.314999,20.843243,27978800
2012-07-20,34.205002,34.404999,34.049999,34.395000,20.891842,27328800
2012-07-23,33.680000,34.134998,33.465000,34.064999,20.691395,25441000
2012-07-24,34.080002,34.115002,33.080002,33.520000,20.360359,25317800
2012-07-25,33.650002,33.790001,33.255001,33.544998,20.375542,18999000
2012-07-26,34.060001,34.615002,34.040001,34.500000,20.955618,28081000
2012-07-27,34.685001,35.244999,34.450001,35.110001,21.326143,30720600
2012-07-30,35.060001,35.340000,34.950001,35.209999,21.386887,19466600
2012-07-31,35.130001,35.275002,34.790001,34.825001,21.153019,24031200
2012-08-01,34.955002,35.169998,34.580002,34.994999,21.256281,32289200
2012-08-02,34.560001,34.759998,34.080002,34.410000,20.900953,30882600
2012-08-03,35.049999,35.435001,35.009998,35.220001,21.392956,28752000
2012-08-06,35.285000,35.509998,35.250000,35.314999,21.450661,11872400
2012-08-07,35.580002,36.000000,35.549999,35.845001,21.772583,24501800
2012-08-08,35.689999,36.000000,35.625000,35.875000,21.790810,18998000
2012-08-09,35.799999,36.255001,35.750000,36.119999,21.939619,23966000
2012-08-10,35.875000,36.230000,35.654999,36.185001,21.979105,22631000
2012-08-13,36.180000,36.230000,35.875000,36.049999,21.897104,16578000
2012-08-14,36.224998,36.264999,35.869999,35.985001,21.857618,14242600
2012-08-15,35.994999,36.084999,35.834999,35.980000,21.854584,13064200
2012-08-16,36.040001,36.365002,35.939999,36.299999,22.048962,13767800
2012-08-17,36.375000,36.389999,36.160000,36.285000,22.039846,24208200
2012-08-20,36.189999,36.290001,36.035000,36.160000,21.963917,11135600
2012-08-21,36.325001,36.514999,35.985001,36.044998,21.894060,17460400
2012-08-22,35.930000,36.215000,35.820000,36.180000,21.976076,17077600
2012-08-23,36.095001,36.195000,35.709999,35.779999,21.733105,14657200
2012-08-24,35.720001,36.090000,35.529999,35.990002,21.860662,14983200
2012-08-27,36.029999,36.250000,35.884998,36.005001,21.869776,12135600
2012-08-28,35.930000,36.139999,35.865002,36.029999,21.884958,13641600
2012-08-29,36.049999,36.080002,35.755001,35.790001,21.739178,12703800
2012-08-30,35.650002,35.650002,35.305000,35.410000,21.508362,15570800
2012-08-31,35.705002,35.945000,35.490002,35.764999,21.723995,20299800
2012-09-04,35.730000,35.755001,35.200001,35.490002,21.556955,17550000
2012-09-05,35.470001,35.599998,35.294998,35.355000,21.474958,14450000
2012-09-06,35.634998,36.340000,35.630001,36.099998,21.927473,27044200
2012-09-07,36.185001,36.735001,36.150002,36.724998,22.307106,26845200
2012-09-10,36.674999,36.915001,36.549999,36.564999,22.209919,11684200
2012-09-11,36.674999,37.055000,36.674999,36.955002,22.446808,15011000
2012-09-12,37.174999,37.275002,37.025002,37.180000,22.583469,16683400
2012-09-13,37.264999,38.005001,36.974998,37.785000,22.950953,28348400
2012-09-14,38.049999,38.674999,38.009998,38.285000,23.254658,30480600
2012-09-17,38.130001,38.404999,37.869999,37.994999,23.078514,20367000
2012-09-18,37.869999,37.884998,37.430000,37.724998,22.914513,19840400
2012-09-19,37.689999,37.724998,37.325001,37.360001,22.692808,29613600
2012-09-20,37.040001,37.540001,36.889999,37.465000,22.756592,23487600
2012-09-21,37.619999,37.634998,37.250000,37.340000,22.782211,25396400
2012-09-24,37.014999,37.250000,37.009998,37.150002,22.666296,14781000
2012-09-25,37.250000,37.320000,36.709999,36.744999,22.419182,26986600
2012-09-26,36.595001,36.639999,36.270000,36.395000,22.205645,31606200
2012-09-27,36.674999,36.994999,36.520000,36.889999,22.507654,16654600
2012-09-28,36.785000,36.820000,36.494999,36.715000,22.400888,16897200
2012-10-01,36.970001,37.264999,36.849998,36.900002,22.513762,22242800
2012-10-02,37.150002,37.150002,36.740002,36.965000,22.553415,17582200
2012-10-03,36.895000,36.945000,36.334999,36.509998,22.275805,25151600
2012-10-04,36.715000,36.970001,36.639999,36.875000,22.498505,22754600
2012-10-05,37.084999,37.130001,36.669998,36.790001,22.446640,27778400
2012-10-08,36.584999,36.895000,36.549999,36.849998,22.483252,10885600
2012-10-09,36.884998,37.189999,36.840000,36.900002,22.513762,20581200
2012-10-10,36.685001,36.744999,36.110001,36.209999,22.092766,30383600
2012-10-11,36.560001,36.785000,36.459999,36.480000,22.257507,16543400
2012-10-12,36.470001,36.535000,36.020000,36.279999,22.135475,21523600
2012-10-15,36.215000,36.520000,35.955002,36.465000,22.248343,16188000
2012-10-16,36.680000,37.115002,36.680000,37.044998,22.602232,26698600
2012-10-17,37.150002,37.535000,37.075001,37.509998,22.885942,20691400
2012-10-18,37.340000,37.595001,37.314999,37.505001,22.882881,28824800
2012-10-19,37.474998,37.549999,36.779999,36.915001,22.522903,28185200
2012-10-22,36.930000,37.049999,36.360001,36.730000,22.410038,21687800
2012-10-23,36.110001,36.145000,35.615002,35.875000,21.888376,30857000
2012-10-24,36.055000,36.125000,35.535000,35.599998,21.720583,21391000
2012-10-25,35.955002,36.020000,35.509998,35.935001,21.924984,19586400
2012-10-26,35.865002,36.200001,35.799999,35.980000,21.952436,22016800
2012-10-31,36.125000,36.235001,35.674999,35.970001,21.946337,22251600
2012-11-01,35.830002,36.195000,35.770000,36.125000,22.040901,18981600
2012-11-02,36.244999,36.345001,35.410000,35.529999,21.677876,22529800
2012-11-05,35.459999,35.895000,35.419998,35.799999,21.842623,14834800
2012-11-06,35.980000,36.529999,35.959999,36.375000,22.193441,21038400
2012-11-07,35.840000,35.919998,35.174999,35.424999,21.613817,38087200
2012-11-08,35.400002,35.535000,34.764999,34.785000,21.223331,30026600
2012-11-09,34.674999,35.185001,34.575001,34.775002,21.217228,24455400
2012-11-12,34.910000,34.950001,34.700001,34.845001,21.259943,11166800
2012-11-13,34.535000,35.154999,34.500000,34.700001,21.171471,22601200
2012-11-14,34.810001,34.875000,34.189999,34.279999,20.915211,38484200
2012-11-15,34.294998,34.634998,34.095001,34.325001,20.942673,29302200
2012-11-16,34.375000,34.509998,33.884998,34.459999,21.025040,42955400
2012-11-19,34.930000,35.310001,34.904999,35.255001,21.510094,22916200
2012-11-20,35.160000,35.294998,34.869999,35.115002,21.424677,15425000
2012-11-21,35.224998,35.349998,35.080002,35.305000,21.540602,11737000
2012-11-23,35.470001,35.805000,35.384998,35.805000,21.845667,9004800
2012-11-26,35.494999,35.520000,35.209999,35.455002,21.632120,18781000
2012-11-27,35.349998,35.505001,35.095001,35.160000,21.452139,15576000
2012-11-28,34.825001,35.535000,34.715000,35.480000,21.647371,23175800
2012-11-29,35.715000,35.855000,35.435001,35.560001,21.696196,21902200
2012-11-30,35.599998,35.724998,35.400002,35.529999,21.677876,16730200
2012-12-03,35.799999,35.849998,35.294998,35.334999,21.558899,19533000
2012-12-04,35.349998,35.514999,35.185001,35.205002,21.479584,22791600
2012-12-05,35.314999,35.645000,35.220001,35.450001,21.629078,25062200
2012-12-06,35.375000,35.564999,35.314999,35.564999,21.699228,16213600
2012-12-07,35.685001,35.785000,35.509998,35.779999,21.830412,20768800
2012-12-10,35.764999,35.904999,35.665001,35.740002,21.806005,11671600
2012-12-11,35.884998,36.084999,35.814999,35.950001,21.934141,15749400
2012-12-12,36.060001,36.410000,35.959999,36.080002,22.013449,18386600
2012-12-13,36.035000,36.040001,35.599998,35.744999,21.809052,21534600
2012-12-14,35.505001,35.680000,35.455002,35.610001,21.726692,18883400
2012-12-17,35.730000,35.950001,35.665001,35.935001,21.924984,18989000
2012-12-18,35.930000,36.674999,35.860001,36.595001,22.327671,22374000
2012-12-19,36.654999,36.695000,36.325001,36.345001,22.175138,16181200
2012-12-20,36.349998,36.619999,36.275002,36.590000,22.324610,18014800
2012-12-21,35.959999,36.139999,35.820000,36.035000,22.098022,30420400
2012-12-24,35.959999,35.994999,35.700001,35.759998,21.929380,7179600
2012-12-26,35.974998,35.990002,35.549999,35.599998,21.831259,13040200
2012-12-27,35.605000,35.645000,35.095001,35.535000,21.791403,23321600
2012-12-28,35.320000,35.340000,34.884998,34.915001,21.411198,23604800
2012-12-31,34.855000,35.720001,34.785000,35.709999,21.898722,32769600
2013-01-02,36.474998,36.509998,36.000000,36.500000,22.383177,29091600
2013-01-03,36.445000,36.814999,36.279999,36.490002,22.377056,19572000
2013-01-04,36.544998,36.945000,36.525002,36.895000,22.625408,18585400
2013-01-07,36.724998,36.724998,36.470001,36.610001,22.450642,15946800
2013-01-08,36.509998,36.520000,36.259998,36.490002,22.377056,14751400
2013-01-09,36.595001,36.639999,36.275002,36.430000,22.340252,14745000
2013-01-10,36.730000,36.825001,36.529999,36.759998,22.542618,16733600
2013-01-11,36.799999,36.860001,36.669998,36.805000,22.570217,12732800
2013-01-14,36.785000,36.915001,36.680000,36.810001,22.573284,16794200
2013-01-15,36.669998,37.005001,36.595001,36.974998,22.674465,19279000
2013-01-16,36.915001,37.145000,36.860001,37.139999,22.775654,17170400
2013-01-17,37.325001,37.610001,37.220001,37.375000,22.919769,21004000
2013-01-18,37.404999,37.744999,37.325001,37.744999,23.146664,26813000
2013-01-22,37.680000,38.154999,37.575001,38.105000,23.367426,20299600
2013-01-23,38.014999,38.080002,37.830002,37.974998,23.287708,14338600
2013-01-24,38.020000,38.395000,37.980000,38.084999,23.355162,17641600
2013-01-25,38.270000,38.525002,38.205002,38.445000,23.575922,15590600
2013-01-28,38.590000,38.590000,38.154999,38.380001,23.536070,14902400
2013-01-29,38.485001,39.075001,38.470001,39.000000,23.916271,23292000
2013-01-30,39.080002,39.294998,38.740002,38.805000,23.796694,19886000
2013-01-31,38.680000,38.869999,38.535000,38.674999,23.716976,21030600
2013-02-01,38.880001,39.084999,38.580002,39.035000,23.937727,23636600
2013-02-04,38.700001,38.840000,38.639999,38.665001,23.710842,21348000
2013-02-05,38.930000,39.105000,38.779999,39.000000,23.916271,23370200
2013-02-06,38.790001,39.044998,38.674999,39.025002,23.931608,22772800
2013-02-07,38.994999,39.084999,38.665001,38.924999,23.870281,23861800
2013-02-08,38.980000,39.305000,38.980000,39.290001,24.094116,18895400
2013-02-11,39.294998,39.294998,39.040001,39.095001,23.974533,13922000
2013-02-12,39.185001,39.270000,38.974998,39.200001,24.038919,14405400
2013-02-13,39.240002,39.375000,39.215000,39.340000,24.124767,11385800
2013-02-14,39.259998,39.755001,39.145000,39.680000,24.333281,14621400
2013-02-15,39.630001,39.645000,39.014999,39.224998,24.054255,28675600
2013-02-19,39.369999,39.715000,39.360001,39.680000,24.333281,15394000
2013-02-20,39.665001,39.669998,38.814999,38.849998,23.824286,25535400
2013-02-21,38.654999,38.724998,38.290001,38.580002,23.658718,24524800
2013-02-22,38.825001,39.000000,38.514999,38.985001,23.907076,13129200
2013-02-25,39.240002,39.360001,37.939999,37.965000,23.281569,27616000
2013-02-26,38.174999,38.435001,37.730000,38.340000,23.511541,33703000
2013-02-27,38.224998,39.029999,38.224998,38.924999,23.870281,21989200
2013-02-28,38.884998,39.235001,38.825001,38.845001,23.821228,19879800
2013-03-01,38.689999,38.965000,38.514999,38.895000,23.851891,26525400
2013-03-04,38.759998,38.865002,38.424999,38.810001,23.799759,20843400
2013-03-05,39.070000,39.209999,38.904999,39.060001,23.953070,19969800
2013-03-06,39.224998,39.299999,38.959999,39.105000,23.980661,16400200
2013-03-07,39.195000,39.369999,39.020000,39.305000,24.103312,16932400
2013-03-08,39.465000,39.560001,39.244999,39.494999,24.219824,15633400
2013-03-11,39.365002,39.580002,39.195000,39.514999,24.232092,16334200
2013-03-12,39.549999,39.770000,39.435001,39.560001,24.259687,17046600
2013-03-13,39.500000,39.619999,39.369999,39.470001,24.204498,15565400
2013-03-14,39.535000,40.070000,39.535000,40.009998,24.535643,21982200
2013-03-15,39.820000,39.974998,39.630001,39.799999,24.516241,22493200
2013-03-18,39.294998,39.720001,39.264999,39.480000,24.319132,16094000
2013-03-19,39.544998,39.544998,38.695000,39.044998,24.051165,24704200
2013-03-20,39.330002,39.395000,39.040001,39.264999,24.186680,13646000
2013-03-21,39.075001,39.380001,39.035000,39.064999,24.063488,16555000
2013-03-22,39.174999,39.439999,39.150002,39.375000,24.254444,15809600
2013-03-25,39.529999,39.695000,39.060001,39.224998,24.162046,19679000
2013-03-26,39.435001,39.689999,39.375000,39.639999,24.417685,13862400
2013-03-27,39.419998,39.834999,39.314999,39.770000,24.497761,11389400
2013-03-28,39.770000,39.935001,39.634998,39.654999,24.426926,13790600
2013-04-01,39.654999,39.770000,39.305000,39.575001,24.377647,14815600
2013-04-02,39.639999,39.669998,39.224998,39.349998,24.239048,16816200
2013-04-03,39.365002,39.389999,38.494999,38.615002,23.786303,31487000
2013-04-04,38.584999,38.799999,38.320000,38.564999,23.755501,27505400
2013-04-05,38.064999,38.695000,37.994999,38.650002,23.807854,33239600
2013-04-08,38.709999,38.930000,38.575001,38.910000,23.968012,17807200
2013-04-09,39.000000,39.404999,38.814999,39.240002,24.171291,19159600
2013-04-10,39.340000,39.605000,39.279999,39.450001,24.300646,18383600
2013-04-11,39.630001,39.810001,39.365002,39.619999,24.405363,22622600
2013-04-12,39.355000,39.430000,38.785000,39.000000,24.023455,38874200
2013-04-15,38.564999,38.584999,37.380001,37.410000,23.044043,49586400
2013-04-16,37.785000,37.924999,37.349998,37.869999,23.327391,32920800
2013-04-17,37.535000,37.575001,36.759998,37.040001,22.816124,41253400
2013-04-18,37.145000,37.590000,36.805000,37.355000,23.010157,41071200
2013-04-19,37.639999,37.715000,37.055000,37.279999,22.963957,26833000
2013-04-22,37.465000,37.834999,37.139999,37.680000,23.210354,26696000
2013-04-23,37.830002,38.150002,37.650002,38.115002,23.478306,27895200
2013-04-24,38.255001,38.805000,38.215000,38.625000,23.792454,27430200
2013-04-25,38.720001,39.119999,38.470001,38.654999,23.810944,27277600
2013-04-26,38.570000,38.685001,38.285000,38.590000,23.770897,22324800
2013-04-29,38.825001,39.139999,38.650002,38.980000,24.011133,24429400
2013-04-30,39.025002,39.150002,38.674999,39.134998,24.106613,20071000
2013-05-01,38.799999,38.904999,38.480000,38.525002,23.730856,30648000
2013-05-02,38.680000,39.139999,38.544998,39.029999,24.041931,27194200
2013-05-03,39.305000,39.840000,39.294998,39.735001,24.476189,28098000
2013-05-06,39.755001,40.165001,39.755001,40.005001,24.642513,24014400
2013-05-07,40.185001,40.490002,40.035000,40.314999,24.833473,19401200
2013-05-08,40.285000,40.455002,40.130001,40.380001,24.873507,14340800
2013-05-09,40.395000,40.540001,40.125000,40.345001,24.851952,16271200
2013-05-10,40.119999,40.200001,39.785000,40.134998,24.722603,26442200
2013-05-13,40.035000,40.150002,39.904999,40.130001,24.719524,14846200
2013-05-14,40.165001,40.700001,40.139999,40.700001,25.070631,19200600
2013-05-15,40.509998,40.715000,40.244999,40.584999,24.999794,26097200
2013-05-16,40.470001,40.695000,40.294998,40.384998,24.876593,24110800
2013-05-17,40.605000,41.105000,40.560001,41.060001,25.292385,29314200
2013-05-20,41.040001,41.730000,41.040001,41.639999,25.649656,20384400
2013-05-21,41.740002,41.915001,41.415001,41.555000,25.597296,21676600
2013-05-22,41.615002,41.974998,40.875000,41.075001,25.301622,39678800
2013-05-23,40.560001,41.095001,40.424999,41.095001,25.313940,25583400
2013-05-24,40.730000,40.860001,40.500000,40.855000,25.166103,17330000
2013-05-28,41.430000,41.615002,41.075001,41.285000,25.430984,21416800
2013-05-29,40.974998,41.349998,40.895000,41.195000,25.375546,25506000
2013-05-30,41.080002,41.305000,40.814999,41.099998,25.317011,24149600
2013-05-31,40.930000,41.060001,40.244999,40.250000,24.793430,30014400
2013-06-03,40.400002,40.650002,40.215000,40.639999,25.033665,36730800
2013-06-04,40.439999,40.695000,40.020000,40.320000,24.836555,31962000
2013-06-05,40.200001,40.345001,39.825001,39.849998,24.547035,35592200
2013-06-06,39.875000,40.169998,39.549999,40.150002,24.731834,36648400
2013-06-07,40.415001,40.689999,40.180000,40.654999,25.042915,21164000
2013-06-10,40.830002,40.840000,40.404999,40.540001,24.972075,15888000
2013-06-11,40.044998,40.310001,39.875000,39.924999,24.593235,21191800
2013-06-12,40.325001,40.395000,39.590000,39.680000,24.442324,18689400
2013-06-13,39.669998,40.450001,39.619999,40.345001,24.851952,24786000
2013-06-14,40.369999,40.410000,39.860001,39.955002,24.611725,20796800
2013-06-17,40.224998,40.634998,40.205002,40.529999,24.965916,22195000
2013-06-18,40.474998,40.884998,40.459999,40.759998,25.107576,15483400
2013-06-19,40.724998,40.950001,40.345001,40.384998,24.876593,30107200
2013-06-20,39.855000,39.875000,39.084999,39.205002,24.149740,50979600
2013-06-21,39.345001,39.384998,38.625000,39.084999,24.191198,41108400
2013-06-24,38.660000,38.935001,38.009998,38.505001,23.832211,37809600
2013-06-25,38.930000,39.125000,38.669998,39.000000,24.138599,25080600
2013-06-26,39.189999,39.360001,38.904999,39.240002,24.287128,22405600
2013-06-27,39.439999,39.669998,39.294998,39.314999,24.333549,16327000
2013-06-28,39.165001,39.459999,39.025002,39.150002,24.231430,21635400
2013-07-01,39.395000,39.759998,39.314999,39.430000,24.404728,23921400
2013-07-02,39.439999,39.849998,39.320000,39.514999,24.457357,17383600
2013-07-03,39.410000,39.555000,39.174999,39.490002,24.441872,10511600
2013-07-05,39.720001,39.994999,39.419998,39.980000,24.745148,20617000
2013-07-08,40.174999,40.480000,40.150002,40.240002,24.906076,23158400
2013-07-09,40.465000,40.705002,40.384998,40.650002,25.159830,18514600
2013-07-10,40.799999,40.799999,40.314999,40.400002,25.005100,21623000
2013-07-11,40.910000,40.939999,40.505001,40.724998,25.206255,28972400
2013-07-12,40.674999,40.980000,40.665001,40.955002,25.348614,17555600
2013-07-15,40.980000,41.060001,40.845001,40.919998,25.326942,20790200
2013-07-16,40.945000,41.025002,40.410000,40.669998,25.172216,13447600
2013-07-17,40.790001,40.970001,40.724998,40.849998,25.283623,15846000
2013-07-18,40.990002,41.400002,40.970001,41.285000,25.552862,18839000
2013-07-19,41.435001,41.860001,41.340000,41.860001,25.908751,21369600
2013-07-22,41.799999,41.915001,41.685001,41.724998,25.825201,13604600
2013-07-23,41.830002,41.980000,41.744999,41.794998,25.868513,12019400
2013-07-24,41.840000,41.869999,41.119999,41.330002,25.580717,18677200
2013-07-25,41.294998,41.660000,41.174999,41.605000,25.750919,19242200
2013-07-26,41.415001,41.529999,41.139999,41.500000,25.685930,13660200
2013-07-29,41.369999,41.404999,40.990002,41.154999,25.472403,16587200
2013-07-30,41.165001,41.250000,40.840000,41.075001,25.422886,15870400
2013-07-31,41.150002,41.509998,41.119999,41.209999,25.506435,22495000
2013-08-01,41.544998,41.924999,41.529999,41.880001,25.921137,21293400
2013-08-02,41.724998,41.750000,41.424999,41.695000,25.806633,16371000
2013-08-05,41.544998,41.625000,41.384998,41.595001,25.744740,10382000
2013-08-06,41.494999,41.700001,41.224998,41.340000,25.586903,12988800
2013-08-07,41.224998,41.349998,41.025002,41.195000,25.497154,14067200
2013-08-08,41.395000,41.509998,41.060001,41.419998,25.636419,13478600
2013-08-09,41.410000,41.505001,41.095001,41.294998,25.559048,19630000
2013-08-12,41.014999,41.279999,41.000000,41.119999,25.450735,12627000
2013-08-13,41.160000,41.290001,40.930000,41.195000,25.497154,13832600
2013-08-14,41.099998,41.275002,40.974998,41.005001,25.379557,12425000
2013-08-15,40.750000,40.959999,40.599998,40.779999,25.240288,21638000
2013-08-16,40.700001,40.764999,40.455002,40.615002,25.138168,17900800
2013-08-19,40.514999,40.560001,39.945000,39.970001,24.738962,21694800
2013-08-20,39.990002,41.500000,39.924999,40.215000,24.890594,18071200
2013-08-21,40.105000,40.345001,39.915001,39.994999,24.754436,18975800
2013-08-22,40.174999,40.750000,40.090000,40.590000,25.122700,16674400
2013-08-23,40.720001,40.945000,40.474998,40.880001,25.302202,14785000
2013-08-26,40.994999,41.154999,40.730000,40.810001,25.258867,14524000
2013-08-27,40.509998,40.849998,40.474998,40.555000,25.101049,20401000
2013-08-28,40.685001,41.389999,40.669998,41.230000,25.518816,23796400
2013-08-29,41.154999,41.180000,40.730000,40.799999,25.252674,22817600
2013-08-30,40.955002,41.005001,40.685001,40.785000,25.243391,17082600
2013-09-03,41.195000,41.340000,40.884998,41.084999,25.429075,17268800
2013-09-04,41.035000,41.430000,40.945000,41.305000,25.565243,14980000
2013-09-05,41.384998,41.634998,41.365002,41.445000,25.651888,12230200
2013-09-06,41.610001,41.764999,41.154999,41.439999,25.648798,16046200
2013-09-09,41.590000,41.955002,41.529999,41.904999,25.936615,16869800
2013-09-10,41.950001,41.980000,41.560001,41.919998,25.945889,18304400
2013-09-11,41.915001,42.240002,41.724998,42.240002,26.143948,21400400
2013-09-12,42.154999,42.279999,41.959999,41.990002,25.989210,21404800
2013-09-13,42.025002,42.139999,41.900002,41.974998,25.979927,11958000
2013-09-16,42.299999,42.330002,41.904999,41.965000,25.973732,16112600
2013-09-17,41.974998,42.275002,41.919998,42.154999,26.091335,10843800
2013-09-18,42.145000,42.840000,42.020000,42.665001,26.407001,22313200
2013-09-19,42.730000,42.869999,42.485001,42.560001,26.342007,18277000
2013-09-20,42.389999,42.494999,41.939999,42.020000,26.128422,27947800
2013-09-23,41.910000,42.005001,41.695000,41.814999,26.000952,17040200
2013-09-24,41.805000,42.165001,41.685001,41.855000,26.025820,11080800
2013-09-25,41.974998,42.105000,41.834999,41.845001,26.019611,22387400
2013-09-26,41.950001,42.014999,41.720001,41.919998,26.066236,15440400
2013-09-27,41.744999,41.830002,41.610001,41.775002,25.976076,14342000
2013-09-30,41.270000,41.599998,41.195000,41.455002,25.777094,20866400
2013-10-01,41.340000,41.830002,41.320000,41.720001,25.941875,21688200
2013-10-02,41.544998,41.865002,41.325001,41.814999,26.000952,15428400
2013-10-03,41.775002,41.799999,41.250000,41.450001,25.773993,20280200
2013-10-04,41.540001,41.980000,41.360001,41.869999,26.035143,18626200
2013-10-07,41.435001,41.790001,41.384998,41.525002,25.820623,15857400
2013-10-08,41.540001,41.630001,41.040001,41.080002,25.543926,21146800
2013-10-09,41.080002,41.115002,40.654999,40.935001,25.453758,26219400
2013-10-10,41.220001,41.700001,41.209999,41.695000,25.926336,25655200
2013-10-11,41.509998,42.275002,41.470001,42.145000,26.206150,23850800
2013-10-14,41.895000,42.455002,41.799999,42.430000,26.383364,16739800
2013-10-15,42.275002,42.549999,42.115002,42.275002,26.286983,22783600
2013-10-16,42.560001,43.040001,42.540001,42.910000,26.681826,25208800
2013-10-17,42.865002,43.020000,42.744999,43.000000,26.737785,24574000
2013-10-18,43.334999,43.494999,43.139999,43.470001,27.030048,25901200
2013-10-21,43.450001,43.619999,43.180000,43.275002,26.908783,15707000
2013-10-22,43.485001,43.794998,43.325001,43.514999,27.058012,28575800
2013-10-23,43.154999,43.195000,42.709999,42.834999,26.635187,33670600
2013-10-24,42.880001,43.115002,42.605000,43.040001,26.762665,15746600
2013-10-25,43.134998,43.415001,43.009998,43.299999,26.924334,17492200
2013-10-28,43.325001,43.430000,43.099998,43.334999,26.946093,15322400
2013-10-29,43.445000,43.669998,43.410000,43.639999,27.135742,12934000
2013-10-30,43.625000,43.810001,43.005001,43.345001,26.952314,22793200
2013-10-31,43.380001,43.590000,43.055000,43.195000,26.859045,18169600
2013-11-01,43.180000,43.220001,42.520000,43.040001,26.762665,24695200
2013-11-04,43.250000,43.610001,43.154999,43.575001,27.095329,14466400
2013-11-05,43.384998,43.505001,43.139999,43.180000,26.849722,16054600
2013-11-06,43.439999,43.634998,43.160000,43.310001,26.930550,18167400
2013-11-07,43.424999,43.485001,42.500000,42.639999,26.513933,41767000
2013-11-08,42.660000,43.314999,42.599998,43.275002,26.908783,26485800
2013-11-11,43.349998,43.494999,43.215000,43.355000,26.958530,10358200
2013-11-12,43.275002,43.345001,42.830002,42.955002,26.709812,17361400
2013-11-13,42.764999,43.334999,42.759998,43.330002,26.942991,21806800
2013-11-14,43.310001,43.619999,43.285000,43.590000,27.104652,19336200
2013-11-15,43.755001,43.840000,43.505001,43.830002,27.253891,14739600
2013-11-18,44.014999,44.055000,43.355000,43.494999,27.045582,20932400
2013-11-19,43.410000,43.715000,43.200001,43.570000,27.092222,18912800
2013-11-20,43.750000,43.895000,43.334999,43.465000,27.026949,26525600
2013-11-21,43.615002,43.950001,43.560001,43.880001,27.284977,14242800
2013-11-22,44.029999,44.119999,43.639999,44.115002,27.431108,15119000
2013-11-25,44.070000,44.070000,43.494999,43.715000,27.182392,19505200
2013-11-26,43.669998,43.880001,43.430000,43.605000,27.113983,13549200
2013-11-27,43.485001,43.685001,43.060001,43.310001,26.930550,18638600
2013-11-29,43.305000,43.595001,43.099998,43.220001,26.874582,9953400
2013-12-02,43.264999,43.544998,43.005001,43.250000,26.893234,19238800
2013-12-03,43.150002,43.490002,43.060001,43.355000,26.958530,21690200
2013-12-04,43.299999,43.445000,42.869999,43.215000,26.871475,20068600
2013-12-05,43.105000,43.290001,42.985001,43.070000,26.781315,20142200
2013-12-06,43.445000,43.520000,43.070000,43.205002,26.865263,23346000
2013-12-09,43.299999,43.430000,43.070000,43.264999,26.902567,26144200
2013-12-10,43.165001,43.395000,43.080002,43.134998,26.821732,21122800
2013-12-11,43.180000,43.180000,42.435001,42.525002,26.442432,29365400
2013-12-12,42.520000,42.895000,42.439999,42.705002,26.554363,21967200
2013-12-13,42.605000,42.630001,42.369999,42.564999,26.467302,24326800
2013-12-16,42.794998,43.075001,42.674999,42.935001,26.697376,24321600
2013-12-17,42.900002,42.974998,42.549999,42.689999,26.545019,19712400
2013-12-18,42.814999,43.349998,42.404999,43.334999,26.946093,30528000
2013-12-19,43.185001,43.480000,43.090000,43.459999,27.023821,22421200
2013-12-20,43.244999,43.505001,43.220001,43.334999,27.071611,31388600
2013-12-23,43.494999,43.669998,43.325001,43.380001,27.099735,19535800
2013-12-24,43.415001,43.660000,43.360001,43.619999,27.249655,11188800
2013-12-26,43.740002,43.990002,43.669998,43.930000,27.443321,17715200
2013-12-27,44.080002,44.205002,43.935001,44.145000,27.577627,11731800
2013-12-30,44.200001,44.244999,43.785000,43.830002,27.380848,14091400
2013-12-31,43.935001,44.270000,43.775002,44.255001,27.646341,16150800
2014-01-02,43.990002,44.119999,43.450001,43.625000,27.252787,22267200
2014-01-03,43.669998,43.845001,43.375000,43.465000,27.152840,19428600
2014-01-06,43.595001,43.669998,43.279999,43.525002,27.190304,18513200
2014-01-07,43.650002,43.884998,43.424999,43.855000,27.396463,13302000
2014-01-08,43.860001,43.875000,43.384998,43.549999,27.205929,21883000
2014-01-09,43.595001,43.669998,43.055000,43.415001,27.121582,24445400
2014-01-10,43.445000,43.505001,43.165001,43.450001,27.143452,20940200
2014-01-13,43.330002,43.395000,42.544998,42.584999,26.603086,33435200
2014-01-14,42.755001,43.160000,42.755001,43.139999,26.949799,26444200
2014-01-15,43.200001,43.240002,42.950001,43.014999,26.871708,23335800
2014-01-16,42.935001,43.084999,42.735001,43.075001,26.909185,22594200
2014-01-17,43.180000,43.415001,42.950001,43.005001,26.865454,25265800
2014-01-21,43.310001,43.459999,42.994999,43.360001,27.087231,25451600
2014-01-22,43.465000,43.610001,43.285000,43.560001,27.212173,21115200
2014-01-23,43.325001,43.415001,42.860001,43.064999,26.902950,29801600
2014-01-24,42.805000,42.805000,42.139999,42.165001,26.340702,34852200
2014-01-27,42.240002,42.325001,41.720001,42.014999,26.247004,32109000
2014-01-28,42.115002,42.400002,42.000000,42.334999,26.446915,18225600
2014-01-29,41.965000,42.389999,41.744999,42.099998,26.300097,40249800
2014-01-30,42.384998,42.455002,41.994999,42.235001,26.384441,24531400
2014-01-31,41.744999,42.060001,41.514999,41.689999,26.043972,31966400
2014-02-03,41.650002,41.825001,40.889999,40.945000,25.578571,50345600
2014-02-04,41.174999,41.470001,41.025002,41.365002,25.840944,40679600
2014-02-05,41.365002,41.375000,40.904999,40.959999,25.587933,54541800
2014-02-06,41.070000,41.669998,41.055000,41.570000,25.969004,26056600
2014-02-07,41.825001,42.084999,41.570000,42.020000,26.250124,24804600
2014-02-10,42.009998,42.064999,41.639999,41.814999,26.122066,15922000
2014-02-11,41.860001,42.505001,41.814999,42.360001,26.462517,21739400
2014-02-12,42.490002,42.575001,42.215000,42.259998,26.400051,13624800
2014-02-13,42.060001,42.570000,41.945000,42.459999,26.524998,19598000
2014-02-14,42.494999,43.099998,42.430000,43.014999,26.871708,25236600
2014-02-18,43.080002,43.264999,43.005001,43.209999,26.993530,17708000
2014-02-19,43.075001,43.705002,43.075001,43.264999,27.027876,47644000
2014-02-20,43.250000,43.634998,43.189999,43.549999,27.205929,18873800
2014-02-21,43.645000,43.654999,43.180000,43.205002,26.990398,23165600
2014-02-24,43.334999,44.240002,43.310001,43.855000,27.396463,37227800
2014-02-25,43.770000,43.919998,43.480000,43.834999,27.383963,19166600
2014-02-26,43.855000,43.904999,43.424999,43.560001,27.212173,20096600
2014-02-27,43.575001,43.674999,43.290001,43.605000,27.240284,18666800
2014-02-28,43.634998,43.994999,43.564999,43.825001,27.377728,20949000
2014-03-03,43.560001,44.044998,43.404999,43.544998,27.202801,24927200
2014-03-04,43.924999,44.150002,43.755001,44.020000,27.499525,21049000
2014-03-05,43.884998,43.924999,43.494999,43.610001,27.243410,21730800
2014-03-06,43.639999,43.970001,43.615002,43.924999,27.440186,15576600
2014-03-07,44.105000,44.134998,43.840000,44.009998,27.493290,19705600
2014-03-10,43.965000,44.110001,43.709999,44.080002,27.537018,17729000
2014-03-11,44.134998,44.165001,43.435001,43.580002,27.224667,24536000
2014-03-12,43.275002,43.695000,43.230000,43.584999,27.227787,18737400
2014-03-13,43.650002,43.665001,42.985001,43.150002,26.956051,22545600
2014-03-14,43.099998,43.360001,43.040001,43.189999,26.981024,21306800
2014-03-17,43.360001,43.555000,43.250000,43.419998,27.124720,20838400
2014-03-18,43.580002,43.919998,43.445000,43.785000,27.352728,13990400
2014-03-19,43.799999,43.814999,43.185001,43.455002,27.146584,18645200
2014-03-20,43.240002,43.695000,43.095001,43.625000,27.252787,17426800
2014-03-21,43.560001,43.855000,43.520000,43.529999,27.327173,28260400
2014-03-24,43.665001,43.865002,43.360001,43.439999,27.270679,20088000
2014-03-25,43.665001,43.865002,43.650002,43.830002,27.515499,14337600
2014-03-26,43.980000,44.095001,43.595001,43.625000,27.386812,17128800
2014-03-27,43.639999,44.115002,43.535000,43.980000,27.609663,22772600
2014-03-28,44.125000,44.625000,44.099998,44.529999,27.954945,19911200
2014-03-31,44.750000,44.794998,44.395000,44.529999,27.954945,16903200
2014-04-01,44.544998,44.799999,44.525002,44.794998,28.121317,20494600
2014-04-02,44.700001,45.035000,44.665001,44.955002,28.221748,20017200
2014-04-03,45.055000,45.430000,44.980000,45.244999,28.403811,21584000
2014-04-04,45.584999,45.650002,45.000000,45.080002,28.300226,27995600
2014-04-07,44.974998,45.064999,44.325001,44.325001,27.826258,22489600
2014-04-08,44.435001,44.865002,44.349998,44.770000,28.105614,23288800
2014-04-09,44.910000,45.005001,44.520000,44.974998,28.234304,14449000
2014-04-10,44.805000,45.095001,44.255001,44.349998,27.841946,24596600
2014-04-11,44.130001,44.485001,44.110001,44.224998,27.763475,26911800
2014-04-14,44.564999,44.919998,44.355000,44.830002,28.143276,19922800
2014-04-15,44.799999,45.445000,44.660000,45.430000,28.519947,44885800
2014-04-16,45.695000,45.985001,45.630001,45.974998,28.862080,26073400
2014-04-17,46.035000,46.535000,45.955002,46.395000,29.125755,37082000
2014-04-21,46.439999,46.744999,46.355000,46.709999,29.323500,17012800
2014-04-22,46.580002,46.764999,46.355000,46.634998,29.276409,12690400
2014-04-23,46.630001,47.009998,46.630001,46.880001,29.430227,17123400
2014-04-24,47.014999,47.125000,46.810001,46.895000,29.439648,17753000
2014-04-25,46.764999,46.910000,46.470001,46.615002,29.263857,17744200
2014-04-28,46.775002,46.814999,46.305000,46.695000,29.314095,22334000
2014-04-29,46.919998,47.330002,46.895000,46.910000,29.449051,16545200
2014-04-30,46.805000,46.939999,46.570000,46.869999,29.423948,21643200
2014-05-01,46.805000,46.930000,46.630001,46.764999,29.358019,21430600
2014-05-02,46.680000,47.209999,46.615002,46.860001,29.417658,17422000
2014-05-05,46.685001,47.160000,46.599998,47.080002,29.555777,16074600
2014-05-06,47.125000,47.400002,47.084999,47.150002,29.599730,14953400
2014-05-07,47.360001,47.625000,47.095001,47.560001,29.857117,19261800
2014-05-08,47.465000,47.544998,46.840000,46.880001,29.430227,21932600
2014-05-09,46.939999,47.025002,46.654999,46.834999,29.401974,17421600
2014-05-12,47.049999,47.189999,46.904999,47.165001,29.609140,10427800
2014-05-13,47.255001,47.410000,47.185001,47.340000,29.718994,9977600
2014-05-14,47.389999,47.509998,47.294998,47.360001,29.731558,9969200
2014-05-15,47.264999,47.279999,46.474998,46.820000,29.392555,22897600
2014-05-16,46.735001,46.869999,46.465000,46.700001,29.317215,29622000
2014-05-19,46.570000,46.970001,46.570000,46.845001,29.408264,10064400
2014-05-20,46.744999,46.930000,46.619999,46.709999,29.323500,9351200
2014-05-21,46.924999,47.279999,46.860001,47.215000,29.640526,11714800
2014-05-22,47.215000,47.419998,47.110001,47.169998,29.612282,13738400
2014-05-23,47.160000,47.340000,47.064999,47.075001,29.552647,10561200
2014-05-27,47.209999,47.314999,47.029999,47.205002,29.634262,10114600
2014-05-28,47.200001,47.445000,47.099998,47.285000,29.684481,15071000
2014-05-29,47.375000,47.715000,47.244999,47.689999,29.938725,14556600
2014-05-30,47.560001,47.709999,47.424999,47.654999,29.916758,11916000
2014-06-02,47.700001,47.869999,47.459999,47.595001,29.879082,10151400
2014-06-03,47.485001,47.820000,47.480000,47.759998,29.982672,11997200
2014-06-04,47.680000,47.785000,47.535000,47.735001,29.966980,7373200
2014-06-05,47.685001,48.090000,47.590000,48.009998,30.139614,12349600
2014-06-06,48.119999,48.474998,48.119999,48.404999,30.387587,10840000
2014-06-09,48.470001,48.735001,48.360001,48.480000,30.434673,11304000
2014-06-10,48.485001,48.525002,48.279999,48.400002,30.384441,7532200
2014-06-11,48.255001,48.650002,48.150002,48.584999,30.500587,11303400
2014-06-12,48.799999,49.070000,48.654999,48.744999,30.601034,23739200
2014-06-13,48.875000,49.215000,48.584999,49.209999,30.892944,19473200
2014-06-16,49.384998,49.615002,49.294998,49.505001,31.078140,26773800
2014-06-17,49.404999,49.480000,49.154999,49.470001,31.056173,20091000
2014-06-18,49.490002,49.889999,49.325001,49.845001,31.291592,29727200
2014-06-19,49.875000,50.209999,49.735001,50.200001,31.514448,17354000
2014-06-20,50.224998,50.494999,50.060001,50.465000,31.827896,18192400
2014-06-23,50.619999,50.759998,50.490002,50.645000,31.941425,15918400
2014-06-24,50.599998,50.639999,49.470001,49.580002,31.269735,35497000
2014-06-25,49.375000,50.005001,49.320000,49.955002,31.506252,27720600
2014-06-26,49.985001,50.049999,49.555000,50.009998,31.540930,16160000
2014-06-27,49.889999,50.035000,49.720001,50.009998,31.540930,16444200
2014-06-30,49.974998,50.110001,49.779999,50.049999,31.566160,12589000
2014-07-01,50.174999,50.330002,49.955002,50.080002,31.585073,13771600
2014-07-02,50.040001,50.185001,49.900002,50.005001,31.537781,11852800
2014-07-03,50.244999,50.244999,49.915001,50.195000,31.657604,7337600
2014-07-07,50.145000,50.150002,49.720001,49.810001,31.414795,13864800
2014-07-08,49.735001,49.855000,49.535000,49.730000,31.364346,20784600
2014-07-09,49.810001,50.090000,49.730000,50.060001,31.572468,12816000
2014-07-10,49.605000,49.764999,49.325001,49.580002,31.269735,29817400
2014-07-11,49.520000,49.529999,49.070000,49.200001,31.030083,21610400
2014-07-14,49.439999,49.685001,49.369999,49.625000,31.298122,13740600
2014-07-15,49.490002,49.615002,49.090000,49.410000,31.162521,19908400
2014-07-16,49.615002,50.180000,49.599998,50.160000,31.635546,16334800
2014-07-17,50.119999,50.275002,49.314999,49.349998,31.124674,22035600
2014-07-18,49.474998,49.619999,49.250000,49.494999,31.216122,16635600
2014-07-21,49.369999,49.605000,49.294998,49.570000,31.263430,18793400
2014-07-22,49.790001,50.080002,49.740002,49.924999,31.487326,11955800
2014-07-23,50.049999,50.250000,49.834999,50.244999,31.689144,13402400
2014-07-24,50.325001,50.485001,50.119999,50.290001,31.717533,11494400
2014-07-25,50.110001,50.154999,49.855000,49.919998,31.484177,9605800
2014-07-28,49.880001,49.965000,49.494999,49.799999,31.408491,14957200
2014-07-29,49.709999,49.959999,49.650002,49.674999,31.329664,13657600
2014-07-30,49.910000,50.064999,49.220001,49.380001,31.143589,21560600
2014-07-31,49.064999,49.090000,48.279999,48.314999,30.471916,34569600
2014-08-01,48.180000,48.334999,47.509998,47.924999,30.225939,35666600
2014-08-04,47.915001,48.849998,47.770000,48.730000,30.733648,25793000
2014-08-05,48.525002,48.625000,47.384998,47.665001,30.061962,32879800
2014-08-06,47.564999,48.360001,47.480000,47.805000,30.150257,23094000
2014-08-07,48.049999,48.134998,47.244999,47.505001,29.961046,26513400
2014-08-08,47.650002,48.349998,47.535000,48.299999,30.462450,23170000
2014-08-11,48.615002,48.790001,48.270000,48.305000,30.465603,22407200
2014-08-12,48.235001,48.235001,47.750000,47.950001,30.241713,19996200
2014-08-13,48.209999,48.365002,47.930000,48.105000,30.339466,12978000
2014-08-14,48.174999,48.250000,47.759998,47.830002,30.166012,15234800
2014-08-15,47.924999,48.255001,47.799999,48.185001,30.389925,22150600
2014-08-18,48.360001,48.459999,48.110001,48.314999,30.471916,17195000
2014-08-19,48.415001,48.775002,48.380001,48.685001,30.705267,11995400
2014-08-20,48.625000,48.855000,48.424999,48.790001,30.771496,11895800
2014-08-21,48.855000,48.880001,48.610001,48.830002,30.796713,11134400
2014-08-22,48.759998,48.759998,48.305000,48.505001,30.591751,14766800
2014-08-25,48.639999,48.970001,48.625000,48.935001,30.862953,8758000
2014-08-26,49.075001,49.435001,48.980000,49.185001,31.020607,11193000
2014-08-27,49.230000,49.285000,48.955002,49.084999,30.957548,7720200
2014-08-28,48.935001,49.145000,48.855000,49.095001,30.963854,6209000
2014-08-29,49.205002,49.395000,49.029999,49.369999,31.137293,10734800
2014-09-02,49.299999,49.345001,48.535000,48.744999,30.743114,17284600
2014-09-03,49.070000,49.220001,48.845001,48.875000,30.825104,14381800
2014-09-04,48.990002,49.009998,47.990002,48.215000,30.408852,24573000
2014-09-05,48.240002,48.555000,47.910000,48.540001,30.613825,17549800
2014-09-08,48.299999,48.340000,47.564999,47.785000,30.137640,21956200
2014-09-09,47.759998,48.055000,47.294998,47.575001,30.005194,19996600
2014-09-10,47.529999,47.529999,46.904999,47.459999,29.932663,20865400
2014-09-11,47.080002,47.560001,46.880001,47.490002,29.951590,25011400
2014-09-12,47.349998,47.395000,46.634998,46.779999,29.503796,30880400
2014-09-15,46.730000,47.235001,46.494999,47.110001,29.711924,26782600
2014-09-16,47.044998,47.980000,46.974998,47.680000,30.071423,26910800
2014-09-17,47.794998,47.884998,47.279999,47.419998,29.907448,22138600
2014-09-18,47.575001,47.599998,47.049999,47.174999,29.752926,24569200
2014-09-19,47.029999,47.244999,46.875000,46.895000,29.728525,18949200
2014-09-22,46.820000,46.845001,46.025002,46.205002,29.291098,21259200
2014-09-23,46.134998,46.529999,46.060001,46.070000,29.205519,18280200
2014-09-24,46.040001,46.375000,45.380001,46.110001,29.230877,49479800
2014-09-25,46.084999,46.105000,45.380001,45.404999,28.783953,26872800
2014-09-26,45.410000,46.185001,45.250000,45.990002,29.154808,22969600
2014-09-29,45.404999,45.970001,45.294998,45.884998,29.088232,30908600
2014-09-30,45.840000,45.950001,45.029999,45.310001,28.723719,43464200
2014-10-01,45.305000,45.529999,44.244999,44.384998,28.137335,37954600
2014-10-02,44.125000,44.445000,43.389999,44.154999,27.991522,58485400
2014-10-03,44.375000,44.400002,43.709999,44.084999,27.947145,40196000
2014-10-06,44.310001,44.584999,43.810001,44.134998,27.978849,40244400
2014-10-07,43.900002,44.465000,43.544998,43.560001,27.614336,35798600
2014-10-08,43.435001,44.025002,42.735001,43.985001,27.883760,71977200
2014-10-09,43.650002,43.724998,42.250000,42.369999,26.859947,73334800
2014-10-10,42.244999,42.705002,41.320000,41.775002,26.482758,120948600
2014-10-13,41.685001,42.195000,40.430000,40.485001,25.664980,95098600
2014-10-14,40.825001,41.145000,39.759998,39.974998,25.341663,111991200
2014-10-15,39.455002,40.384998,38.755001,40.279999,25.535013,138939200
2014-10-16,39.415001,41.410000,39.250000,41.000000,25.991455,119592600
2014-10-17,41.755001,42.950001,41.000000,41.349998,26.213337,76000000
2014-10-20,41.314999,41.834999,41.110001,41.709999,26.441551,53005200
2014-10-21,42.185001,43.075001,42.169998,42.980000,27.246655,62716400
2014-10-22,43.090000,43.355000,42.139999,42.165001,26.729996,72285000
2014-10-23,42.759998,43.404999,42.535000,42.950001,27.227627,53116000
2014-10-24,42.970001,43.044998,42.235001,42.799999,27.132538,50494800
2014-10-27,42.119999,42.145000,41.470001,41.900002,26.562004,47002800
2014-10-28,42.119999,42.970001,41.840000,42.855000,27.167398,47250000
2014-10-29,43.325001,43.685001,42.584999,42.994999,27.256161,53445000
2014-10-30,42.665001,43.029999,42.345001,42.840000,27.157898,37592000
2014-10-31,42.930000,43.759998,42.529999,43.709999,27.709425,40528600
2014-11-03,43.740002,44.205002,42.889999,43.020000,27.272007,53211200
2014-11-04,42.500000,42.525002,41.764999,42.134998,26.710968,46878200
2014-11-05,42.560001,43.060001,42.230000,42.875000,27.180096,54890200
2014-11-06,42.605000,43.424999,42.465000,43.415001,27.522417,46052600
2014-11-07,43.514999,44.240002,43.430000,43.895000,27.826706,36084000
2014-11-10,44.275002,44.480000,43.369999,43.500000,27.576296,45906800
2014-11-11,43.540001,43.735001,43.115002,43.630001,27.658709,34761800
2014-11-12,43.355000,43.805000,43.195000,43.244999,27.414639,35249200
2014-11-13,43.014999,43.070000,41.974998,42.669998,27.050125,63176600
2014-11-14,42.880001,43.154999,42.590000,43.105000,27.325897,35924600
2014-11-17,42.840000,43.134998,42.680000,42.880001,27.183260,24430200
2014-11-18,42.865002,43.270000,42.709999,42.915001,27.205446,39360600
2014-11-19,42.994999,43.290001,42.615002,43.139999,27.348089,29492400
2014-11-20,43.224998,43.744999,43.110001,43.680000,27.690403,33834600
2014-11-21,44.435001,44.610001,43.930000,44.250000,28.051750,57370400
2014-11-24,44.105000,44.345001,43.720001,43.910000,27.836212,33356200
2014-11-25,44.150002,44.185001,43.134998,43.195000,27.382948,45108000
2014-11-26,42.994999,43.105000,42.575001,42.650002,27.037445,41746400
2014-11-28,40.869999,41.000000,39.790001,39.910000,25.300467,85076600
2014-12-01,39.695000,40.174999,39.334999,40.049999,25.389200,103189000
2014-12-02,39.764999,40.875000,39.750000,40.485001,25.664980,66469800
2014-12-03,40.744999,41.305000,40.605000,40.980000,25.978779,63098400
2014-12-04,40.584999,40.884998,40.259998,40.625000,25.753731,47159000
2014-12-05,40.535000,40.654999,39.980000,40.139999,25.446272,46886600
2014-12-08,39.599998,39.750000,38.430000,38.514999,24.416121,82385400
2014-12-09,38.430000,39.095001,38.299999,38.935001,24.682375,67337800
2014-12-10,38.325001,38.369999,37.485001,37.735001,23.921644,89067600
2014-12-11,37.685001,38.669998,37.625000,37.709999,23.905796,71103400
2014-12-12,37.259998,37.689999,36.945000,37.009998,23.462040,100108600
2014-12-15,37.314999,37.665001,36.599998,36.680000,23.252842,94962200
2014-12-16,36.345001,38.145000,36.255001,37.005001,23.458864,114568800
2014-12-17,37.215000,38.915001,37.145000,38.540001,24.431965,124940400
2014-12-18,39.529999,39.674999,38.285000,39.279999,24.901075,104527000
2014-12-19,39.480000,40.334999,39.044998,40.285000,25.696831,93485600
2014-12-22,39.985001,40.084999,39.459999,39.875000,25.435295,66476200
2014-12-23,40.165001,40.494999,39.880001,40.360001,25.744671,53058400
2014-12-24,40.125000,40.220001,39.599998,40.064999,25.556498,28095600
2014-12-26,40.220001,40.404999,39.880001,40.055000,25.550119,28929200
2014-12-29,40.145000,40.500000,39.959999,40.200001,25.642609,36448200
2014-12-30,40.150002,40.235001,39.755001,39.880001,25.438488,38296200
2014-12-31,39.645000,40.000000,39.345001,39.580002,25.247129,43083800
2015-01-02,39.365002,39.895000,39.189999,39.764999,25.365133,55498200
2015-01-05,39.209999,39.224998,37.924999,38.119999,24.315834,90790400
2015-01-06,38.055000,38.365002,37.294998,37.560001,23.958614,83753200
2015-01-07,38.014999,38.180000,37.389999,37.639999,24.009644,62384800
2015-01-08,37.945000,38.575001,37.790001,38.485001,24.548651,56373800
2015-01-09,38.509998,38.575001,37.834999,38.180000,24.354107,49904200
2015-01-12,37.695000,37.695000,36.880001,37.080002,23.652439,57881200
2015-01-13,37.230000,37.520000,36.439999,36.785000,23.464262,68102800
2015-01-14,36.435001,36.955002,35.849998,36.900002,23.537621,104305000
2015-01-15,37.334999,37.430000,36.400002,36.430000,23.237814,82692000
2015-01-16,36.645000,37.665001,36.615002,37.615002,23.993708,85483800
2015-01-20,37.419998,37.680000,36.965000,37.660000,24.022400,56171600
2015-01-21,37.935001,38.435001,37.660000,38.424999,24.510372,56661600
2015-01-22,38.669998,38.724998,37.900002,38.605000,24.625196,66037600
2015-01-23,38.430000,38.880001,38.270000,38.330002,24.449781,42294800
2015-01-26,38.459999,38.980000,38.119999,38.880001,24.800617,36724200
2015-01-27,38.575001,39.040001,38.480000,38.855000,24.784670,43204600
2015-01-28,38.750000,38.750000,37.250000,37.325001,23.808718,77666800
2015-01-29,37.625000,37.674999,36.605000,37.450001,23.888454,60247400
2015-01-30,37.169998,38.205002,36.919998,37.775002,24.095758,87696200
2015-02-02,38.240002,38.945000,37.980000,38.930000,24.832510,70931400
2015-02-03,39.380001,40.200001,39.365002,39.994999,25.511847,94055800
2015-02-04,39.474998,39.700001,39.005001,39.334999,25.090849,82264400
2015-02-05,39.799999,40.125000,39.560001,39.900002,25.451248,63572400
2015-02-06,40.215000,40.285000,39.709999,39.910000,25.457634,52269200
2015-02-09,40.080002,40.410000,39.860001,39.950001,25.483137,40407600
2015-02-10,40.020000,40.055000,39.205002,39.930000,25.470377,43942600
2015-02-11,39.419998,39.830002,39.220001,39.650002,25.291782,52393200
2015-02-12,40.189999,40.355000,39.900002,40.169998,25.623476,52844600
2015-02-13,40.564999,41.064999,40.459999,41.020000,26.165670,62375800
2015-02-17,40.825001,41.215000,40.584999,41.145000,26.245403,44251800
2015-02-18,40.810001,40.974998,40.544998,40.654999,25.932838,38762800
2015-02-19,39.810001,40.695000,39.630001,40.465000,25.811647,47744000
2015-02-20,40.355000,40.560001,39.935001,40.270000,25.687265,51283600
2015-02-23,39.875000,40.430000,39.775002,40.105000,25.582010,39359000
2015-02-24,40.349998,40.384998,39.955002,40.215000,25.652182,30861400
2015-02-25,40.244999,40.500000,40.044998,40.435001,25.792509,32051400
2015-02-26,40.195000,40.215000,39.474998,39.685001,25.314108,38698200
2015-02-27,39.840000,39.869999,39.470001,39.509998,25.202475,26724400
2015-03-02,39.430000,39.465000,38.855000,39.235001,25.027063,35957000
2015-03-03,39.259998,39.615002,39.084999,39.380001,25.119556,24699400
2015-03-04,39.389999,39.419998,38.889999,39.325001,25.084465,33205600
2015-03-05,39.224998,39.275002,39.029999,39.090000,24.934566,22489000
2015-03-06,38.814999,39.014999,38.294998,38.389999,24.488064,38352600
2015-03-09,38.325001,38.764999,38.115002,38.115002,24.312643,34882200
2015-03-10,37.810001,38.029999,37.564999,37.584999,23.974558,38061200
2015-03-11,37.650002,37.849998,37.424999,37.695000,24.044729,26102000
2015-03-12,37.755001,37.935001,37.439999,37.455002,23.891640,38490000
2015-03-13,37.209999,37.360001,36.910000,37.314999,23.802330,42023800
2015-03-16,37.110001,37.849998,36.994999,37.820000,24.124472,33897000
2015-03-17,37.590000,37.814999,37.400002,37.674999,24.031975,27872600
2015-03-18,37.430000,38.974998,37.369999,38.770000,24.730448,55507400
2015-03-19,38.299999,38.465000,38.044998,38.154999,24.338160,46481800
2015-03-20,38.314999,38.680000,38.165001,38.455002,24.696186,45221200
2015-03-23,38.540001,38.799999,38.320000,38.320000,24.609480,24320200
2015-03-24,38.419998,38.480000,38.040001,38.064999,24.445726,29561800
2015-03-25,38.305000,38.849998,38.264999,38.560001,24.763624,31797000
2015-03-26,39.005001,39.125000,38.375000,38.514999,24.734728,30637200
2015-03-27,38.369999,38.445000,38.119999,38.200001,24.532427,23934600
2015-03-30,38.570000,39.095001,38.555000,39.020000,25.059038,36375600
2015-03-31,38.724998,39.000000,38.500000,38.790001,24.911327,18807400
2015-04-01,38.915001,39.115002,38.700001,38.779999,24.904902,26586600
2015-04-02,38.599998,39.084999,38.509998,38.860001,24.956284,27715400
2015-04-06,39.084999,39.775002,38.904999,39.560001,25.405819,31086600
2015-04-07,39.525002,39.855000,39.415001,39.584999,25.421879,28284200
2015-04-08,39.770000,39.865002,39.250000,39.264999,25.216387,24091400
2015-04-09,39.369999,39.985001,39.334999,39.895000,25.620975,27750200
2015-04-10,40.000000,40.134998,39.830002,40.070000,25.733356,17701000
2015-04-13,40.244999,40.299999,39.605000,39.669998,25.476475,19880600
2015-04-14,39.930000,40.480000,39.880001,40.384998,25.935648,27440200
2015-04-15,40.615002,41.435001,40.535000,41.349998,26.555387,40013800
2015-04-16,41.195000,41.615002,40.930000,41.255001,26.494377,42555000
2015-04-17,41.060001,41.115002,40.630001,40.955002,26.301712,33834800
2015-04-20,41.000000,41.560001,40.985001,41.110001,26.401257,25420800
2015-04-21,41.215000,41.240002,40.505001,40.674999,26.121897,23640800
2015-04-22,40.779999,41.099998,40.509998,40.945000,26.295290,20259000
2015-04-23,41.035000,41.490002,40.990002,41.224998,26.475107,25151600
2015-04-24,41.099998,41.139999,40.794998,40.990002,26.324190,23015200
2015-04-27,41.160000,41.285000,40.875000,40.945000,26.295290,22651200
2015-04-28,40.935001,41.224998,40.805000,41.150002,26.426945,22250800
2015-04-29,41.005001,41.529999,40.875000,41.470001,26.632442,31806200
2015-04-30,41.625000,41.689999,41.105000,41.340000,26.548964,33104200
2015-05-01,41.380001,41.505001,41.105000,41.435001,26.609970,22709200
2015-05-04,41.535000,41.674999,41.119999,41.330002,26.542536,28868400
2015-05-05,41.639999,41.830002,40.805000,40.820000,26.215014,32152600
2015-05-06,41.185001,41.349998,40.470001,40.660000,26.112263,32777200
2015-05-07,40.580002,40.590000,39.919998,40.220001,25.829687,34793200
2015-05-08,40.540001,40.924999,40.080002,40.880001,26.253540,29030400
2015-05-11,40.919998,40.939999,40.070000,40.110001,25.759047,36288800
2015-05-12,40.049999,40.505001,39.980000,40.294998,25.877848,19703000
2015-05-13,40.645000,40.695000,40.040001,40.189999,25.810415,25069400
2015-05-14,40.305000,40.575001,40.150002,40.174999,25.800791,19235800
2015-05-15,40.005001,40.494999,39.904999,40.334999,25.903534,19561200
2015-05-18,40.255001,40.419998,40.084999,40.369999,25.926014,14459600
2015-05-19,40.099998,40.139999,39.735001,39.794998,25.556747,27839600
2015-05-20,39.935001,40.000000,39.639999,39.869999,25.604912,25247600
2015-05-21,40.095001,40.305000,39.950001,40.244999,25.845747,20174600
2015-05-22,39.970001,40.279999,39.895000,40.099998,25.752617,12721400
2015-05-26,39.775002,39.860001,39.314999,39.465000,25.344818,26367200
2015-05-27,39.439999,39.759998,39.180000,39.395000,25.299858,22750000
2015-05-28,39.259998,39.310001,38.990002,39.240002,25.200323,24328400
2015-05-29,39.230000,39.445000,39.099998,39.195000,25.171419,25956200
2015-06-01,39.294998,39.299999,39.044998,39.095001,25.107204,16974400
2015-06-02,39.215000,39.555000,39.005001,39.365002,25.280592,20366000
2015-06-03,39.244999,39.535000,39.040001,39.095001,25.107204,17280600
2015-06-04,38.889999,38.965000,38.535000,38.564999,24.766832,31892200
2015-06-05,38.389999,39.180000,38.375000,38.834999,24.940229,37912000
2015-06-08,38.685001,38.910000,38.525002,38.615002,24.798944,19414600
2015-06-09,38.849998,39.095001,38.595001,38.610001,24.795731,22066200
2015-06-10,39.084999,39.195000,38.950001,39.084999,25.100771,19570800
2015-06-11,39.154999,39.220001,38.875000,38.910000,24.988386,16833000
2015-06-12,38.689999,38.720001,38.410000,38.474998,24.709026,21009000
2015-06-15,38.209999,38.590000,38.095001,38.384998,24.651230,16151000
2015-06-16,38.455002,38.695000,38.270000,38.685001,24.843901,18035200
2015-06-17,38.889999,39.060001,38.395000,38.590000,24.782888,20827400
2015-06-18,38.709999,38.884998,38.529999,38.564999,24.766832,25345200
2015-06-19,38.145000,38.299999,37.939999,37.955002,24.536999,34469800
2015-06-22,38.299999,38.455002,38.130001,38.419998,24.837624,21154800
2015-06-23,38.365002,38.615002,38.325001,38.544998,24.918423,14235400
2015-06-24,38.459999,38.680000,38.290001,38.305000,24.763275,13596600
2015-06-25,38.294998,38.340000,37.904999,37.915001,24.511148,17371400
2015-06-26,37.880001,38.049999,37.669998,38.040001,24.591957,23544600
2015-06-29,37.560001,37.799999,37.290001,37.320000,24.126490,27794400
2015-06-30,37.665001,37.724998,37.340000,37.580002,24.294579,30341200
2015-07-01,37.654999,37.669998,36.950001,37.099998,23.984264,27820200
2015-07-02,37.200001,37.465000,37.169998,37.264999,24.090942,19400400
2015-07-06,36.775002,37.130001,36.619999,36.775002,23.774166,27018200
2015-07-07,36.630001,37.240002,36.215000,37.110001,23.990740,41372200
2015-07-08,36.855000,37.110001,36.209999,36.360001,23.505882,33042600
2015-07-09,36.860001,37.014999,36.544998,36.544998,23.625473,23912000
2015-07-10,36.764999,36.994999,36.564999,36.744999,23.754772,26500800
2015-07-13,36.869999,37.095001,36.770000,37.005001,23.922850,28717600
2015-07-14,36.900002,37.419998,36.884998,37.270000,24.094175,25308400
2015-07-15,37.080002,37.264999,36.485001,36.615002,23.670729,25416600
2015-07-16,36.825001,36.935001,36.595001,36.665001,23.703047,15721400
2015-07-17,36.630001,36.665001,36.099998,36.220001,23.415369,28192000
2015-07-20,36.285000,36.290001,35.695000,35.740002,23.105059,27666800
2015-07-21,35.825001,36.110001,35.645000,35.755001,23.114754,21238000
2015-07-22,35.610001,35.825001,35.389999,35.465000,22.927277,30418600
2015-07-23,35.500000,35.724998,35.165001,35.435001,22.907888,22569200
2015-07-24,35.435001,35.450001,34.625000,34.755001,22.468285,25108200
2015-07-27,34.310001,34.660000,34.105000,34.255001,22.145048,34393400
2015-07-28,34.305000,35.424999,34.279999,35.235001,22.778595,37877200
2015-07-29,35.145000,35.750000,35.035000,35.715000,23.088896,46854600
2015-07-30,35.639999,35.744999,35.310001,35.465000,22.927277,25254400
2015-07-31,35.160000,35.209999,34.634998,34.689999,22.426266,43578800
2015-08-03,34.320000,34.535000,33.889999,33.959999,21.954336,33853200
2015-08-04,34.110001,34.375000,33.700001,33.845001,21.879997,25525000
2015-08-05,34.110001,34.485001,33.555000,33.590000,21.715139,36947600
2015-08-06,33.389999,34.215000,33.145000,34.125000,22.061003,46519200
2015-08-07,33.985001,34.255001,33.395000,33.514999,21.666653,34163400
2015-08-10,33.584999,34.610001,33.584999,34.584999,22.358389,38888800
2015-08-11,33.895000,34.685001,33.830002,34.650002,22.400404,42107800
2015-08-12,34.529999,35.369999,34.330002,35.279999,22.807684,46966000
2015-08-13,35.049999,35.180000,34.700001,34.744999,22.461815,39627200
2015-08-14,34.820000,35.060001,34.590000,34.669998,22.413330,24242400
2015-08-17,34.500000,34.915001,34.384998,34.744999,22.461815,19064200
2015-08-18,34.680000,34.770000,34.445000,34.615002,22.377779,22126800
2015-08-19,34.424999,34.480000,33.500000,33.660000,21.760397,40366000
2015-08-20,33.570000,33.799999,32.895000,32.900002,21.269068,50673200
2015-08-21,32.570000,32.924999,31.730000,31.750000,20.525627,50840400
2015-08-24,29.895000,31.290001,29.370001,30.045000,19.423380,86002200
2015-08-25,31.365000,31.365000,29.584999,29.610001,19.142157,55393200
2015-08-26,30.360001,30.665001,29.770000,30.629999,19.801567,79464400
2015-08-27,31.340000,32.220001,31.225000,32.145000,20.780983,64482800
2015-08-28,32.035000,33.209999,32.020000,32.875000,21.252905,62926800
2015-08-31,32.625000,33.430000,32.040001,33.215000,21.472710,72387000
2015-09-01,32.259998,32.639999,31.770000,32.044998,20.716331,57425200
2015-09-02,32.500000,32.549999,31.590000,32.340000,20.907045,51057800
2015-09-03,32.555000,33.125000,32.230000,32.430000,20.965227,43790000
2015-09-04,31.965000,32.125000,31.760000,31.895000,20.619366,33368400
2015-09-08,32.240002,32.439999,31.844999,32.395000,20.942595,31255200
2015-09-09,32.619999,33.009998,31.735001,31.785000,20.548250,36955400
2015-09-10,31.920000,32.150002,31.480000,31.969999,20.667849,36985600
2015-09-11,31.650000,31.725000,31.245001,31.684999,20.483603,26688600
2015-09-14,31.465000,31.605000,31.250000,31.410000,20.305822,24962600
2015-09-15,31.510000,31.865000,31.504999,31.760000,20.532085,29633200
2015-09-16,32.014999,32.705002,31.965000,32.660000,21.113918,34433400
2015-09-17,32.685001,33.220001,32.430000,32.639999,21.100983,39645400
2015-09-18,31.790001,32.025002,31.360001,31.549999,20.546774,42473800
2015-09-21,31.885000,31.965000,31.530001,31.730000,20.663998,31379400
2015-09-22,31.240000,31.725000,31.174999,31.395000,20.445835,34100800
2015-09-23,31.514999,31.660000,30.975000,30.990000,20.182077,27969400
2015-09-24,30.750000,31.344999,30.545000,31.125000,20.269999,37824000
2015-09-25,31.469999,31.469999,30.905001,31.184999,20.309071,31666800
2015-09-28,30.860001,30.860001,29.915001,29.940001,19.498274,32702800
2015-09-29,30.084999,30.330000,29.695000,29.895000,19.468967,37762400
2015-09-30,30.170000,30.715000,30.135000,30.600000,19.928085,32256200
2015-10-01,30.990000,31.330000,30.385000,30.660000,19.967171,34891000
2015-10-02,30.309999,31.945000,30.254999,31.924999,20.790995,39859600
2015-10-05,32.325001,33.000000,32.294998,32.889999,21.419439,47614000
2015-10-06,33.005001,33.869999,32.830002,33.619999,21.894854,54932800
2015-10-07,34.049999,34.470001,33.349998,34.044998,22.171627,80006200
2015-10-08,33.980000,34.834999,33.770000,34.695000,22.594942,54143400
2015-10-09,34.770000,34.810001,34.255001,34.470001,22.448408,51971400
2015-10-12,34.525002,34.529999,33.715000,34.025002,22.158598,43492400
2015-10-13,33.764999,34.174999,33.575001,33.669998,21.927414,41675600
2015-10-14,33.595001,34.084999,33.520000,33.959999,22.116280,30353400
2015-10-15,33.805000,34.584999,33.689999,34.570000,22.513542,39016400
2015-10-16,34.689999,34.779999,34.139999,34.615002,22.542839,40062400
2015-10-19,34.270000,34.290001,33.750000,33.930000,22.096743,39000400
2015-10-20,33.860001,34.185001,33.680000,34.025002,22.158598,27513000
2015-10-21,33.875000,34.040001,33.570000,33.605000,21.885094,29324200
2015-10-22,33.790001,34.294998,33.775002,34.209999,22.279091,37481400
2015-10-23,34.049999,34.450001,33.830002,34.130001,22.226986,31262000
2015-10-26,34.064999,34.064999,33.285000,33.294998,21.683201,23672200
2015-10-27,32.834999,33.005001,32.555000,32.895000,21.422703,42214600
2015-10-28,33.125000,33.849998,32.860001,33.625000,21.898108,39513000
2015-10-29,33.500000,34.110001,33.450001,33.794998,22.008821,19507200
2015-10-30,33.974998,34.380001,33.575001,34.014999,22.152094,28514400
2015-11-02,33.810001,34.990002,33.759998,34.810001,22.669836,30773800
2015-11-03,35.055000,35.965000,35.040001,35.700001,23.249443,42654400
2015-11-04,35.735001,35.834999,35.115002,35.380001,23.041050,35437600
2015-11-05,35.205002,35.595001,34.919998,35.080002,22.845663,32467000
2015-11-06,34.770000,35.040001,34.384998,34.900002,22.728449,27522400
2015-11-09,34.820000,35.205002,34.410000,34.555000,22.503771,25374000
2015-11-10,34.410000,34.935001,34.279999,34.630001,22.552608,25370800
2015-11-11,34.625000,34.674999,33.814999,33.895000,22.073950,28739400
2015-11-12,33.419998,33.654999,33.064999,33.125000,21.572493,38623000
2015-11-13,33.014999,33.290001,32.599998,32.990002,21.484571,35559200
2015-11-16,32.945000,34.125000,32.919998,34.090000,22.200941,34726200
2015-11-17,34.000000,34.139999,33.590000,33.715000,21.956722,30457800
2015-11-18,33.950001,34.314999,33.630001,34.270000,22.318169,41903000
2015-11-19,34.070000,34.255001,33.529999,33.810001,22.018585,37825000
2015-11-20,33.820000,33.974998,33.415001,33.450001,21.784143,28428000
2015-11-23,33.419998,33.880001,33.205002,33.689999,21.940443,32814600
2015-11-24,33.849998,34.564999,33.785000,34.410000,22.409336,37886200
2015-11-25,34.119999,34.415001,33.919998,34.130001,22.226986,22201200
2015-11-27,33.855000,34.025002,33.764999,33.884998,22.067427,16752800
2015-11-30,34.025002,34.340000,33.884998,34.009998,22.148840,35210600
2015-12-01,34.040001,34.310001,33.955002,34.279999,22.324678,27594000
2015-12-02,34.055000,34.185001,33.110001,33.220001,21.634361,50856200
2015-12-03,33.380001,33.490002,32.395000,32.555000,21.201281,48438400
2015-12-04,32.250000,32.540001,31.740000,32.349998,21.067780,65678600
2015-12-07,31.549999,31.594999,30.674999,31.120001,20.266741,65600800
2015-12-08,30.434999,31.219999,30.125000,30.799999,20.058344,54673800
2015-12-09,30.940001,31.865000,30.764999,31.205000,20.322094,57513800
2015-12-10,31.219999,31.870001,31.004999,31.405001,20.452349,77829800
2015-12-11,30.865000,30.980000,30.200001,30.230000,19.687130,58008000
2015-12-14,30.084999,30.549999,29.760000,30.389999,19.791330,78233200
2015-12-15,30.820000,31.299999,30.780001,31.155001,20.289536,58140600
2015-12-16,31.035000,31.360001,30.620001,30.950001,20.156034,57502400
2015-12-17,30.969999,31.030001,30.190001,30.190001,19.661083,58149600
2015-12-18,29.950001,29.969999,29.385000,29.395000,19.316734,54278400
2015-12-21,29.400000,29.660000,29.105000,29.424999,19.336451,48030000
2015-12-22,29.530001,29.959999,29.385000,29.770000,19.563169,50583000
2015-12-23,30.370001,31.084999,30.264999,31.065001,20.414171,60421000
2015-12-24,31.105000,31.145000,30.674999,30.785000,20.230169,14430600
2015-12-28,30.250000,30.410000,30.070000,30.225000,19.862171,25107800
2015-12-29,30.745001,30.834999,30.270000,30.434999,20.000168,30212600
2015-12-30,30.014999,30.445000,29.995001,30.025000,19.730743,30102400
2015-12-31,29.885000,30.320000,29.790001,30.160000,19.819460,38404800
2016-01-04,30.080000,30.389999,29.650000,30.150000,19.812876,43617400
2016-01-05,30.129999,30.299999,29.795000,30.264999,19.888454,31058400
2016-01-06,29.549999,29.610001,28.855000,29.100000,19.122885,53924200
2016-01-07,28.535000,29.190001,28.270000,28.389999,18.656313,56163800
2016-01-08,28.629999,28.695000,27.920000,28.025000,18.416451,38454200
2016-01-11,28.139999,28.174999,27.080000,27.424999,18.022169,56889400
2016-01-12,27.850000,27.940001,26.730000,27.490000,18.064878,71188200
2016-01-13,27.825001,28.025000,26.540001,26.830000,17.631165,67916800
2016-01-14,27.105000,28.230000,26.680000,27.985001,18.390167,76148600
2016-01-15,26.815001,27.434999,26.660000,27.174999,17.857885,73760400
2016-01-19,27.379999,27.510000,26.165001,26.590000,17.473452,71744600
2016-01-20,26.065001,26.275000,24.965000,25.885000,17.010168,102614800
2016-01-21,25.855000,27.014999,25.684999,26.690001,17.539164,87341400
2016-01-22,27.665001,28.059999,27.225000,27.870001,18.314600,77245000
2016-01-25,27.340000,28.040001,26.549999,26.570000,17.460314,58240000
2016-01-26,27.049999,27.610001,26.700001,27.575001,18.120739,50709800
2016-01-27,27.385000,28.209999,27.100000,27.445000,18.035313,72989000
2016-01-28,28.485001,28.594999,27.715000,28.280001,18.584021,76343800
2016-01-29,28.330000,29.135000,28.245001,29.105000,19.126169,62996400
2016-02-01,28.620001,28.834999,28.195000,28.620001,18.807459,55370200
2016-02-02,27.920000,28.049999,27.525000,27.665001,18.179882,50462400
2016-02-03,28.065001,28.674999,27.055000,28.650000,18.827171,72881400
2016-02-04,28.709999,29.250000,28.500000,28.635000,18.817310,74112200
2016-02-05,28.250000,28.370001,27.735001,27.969999,18.380310,60482000
2016-02-08,27.415001,28.000000,27.000000,27.825001,18.285027,69613400
2016-02-09,27.410000,27.745001,26.719999,27.155001,17.844740,74822600
2016-02-10,27.075001,27.660000,26.754999,27.045000,17.772455,60431600
2016-02-11,26.575001,27.135000,26.184999,26.930000,17.696884,95973800
2016-02-12,27.299999,27.760000,27.055000,27.639999,18.163456,51564000
2016-02-16,28.105000,28.190001,27.510000,27.915001,18.344166,67600400
2016-02-17,28.250000,28.955000,28.139999,28.830000,18.945454,58560000
2016-02-18,29.075001,29.120001,28.330000,28.469999,18.708883,57664600
2016-02-19,28.090000,28.415001,27.850000,28.405001,18.666166,50257600
2016-02-22,28.945000,29.260000,28.820000,29.129999,19.142601,49416600
2016-02-23,28.850000,28.990000,28.084999,28.135000,18.488737,42910000
2016-02-24,27.610001,28.485001,27.535000,28.420000,18.676025,50559600
2016-02-25,28.334999,28.520000,27.889999,28.445000,18.692455,37177800
2016-02-26,28.920000,29.000000,28.520000,28.615000,18.804165,42310200
2016-02-29,28.730000,28.809999,28.264999,28.290001,18.590595,45966600
2016-03-01,28.490000,29.075001,28.200001,29.030001,19.076883,47286000
2016-03-02,28.850000,29.760000,28.709999,29.740000,19.543457,53590000
2016-03-03,29.620001,30.245001,29.605000,30.190001,19.839163,48791200
2016-03-04,30.360001,30.915001,30.035000,30.480000,20.029737,61103200
2016-03-07,30.465000,31.230000,30.320000,31.195000,20.499598,66721000
2016-03-08,30.940001,30.959999,29.834999,29.885000,19.638739,59635200
2016-03-09,30.290001,30.760000,29.920000,30.370001,19.957457,50935200
2016-03-10,30.240000,30.430000,29.844999,30.395000,19.973888,57247200
2016-03-11,30.795000,31.285000,30.760000,31.180000,20.489746,49567200
2016-03-14,30.790001,31.084999,30.670000,30.975000,20.355030,43532200
2016-03-15,30.549999,30.920000,30.330000,30.915001,20.315596,43439200
2016-03-16,31.100000,31.520000,30.885000,31.450001,20.667175,53940800
2016-03-17,31.705000,32.139999,31.420000,31.879999,20.949741,56321600
2016-03-18,31.895000,31.924999,31.450001,31.745001,21.009964,60948000
2016-03-21,31.620001,31.844999,31.285000,31.635000,20.937166,33397000
2016-03-22,31.264999,31.745001,31.245001,31.459999,20.821344,28360200
2016-03-23,31.235001,31.350000,30.709999,30.770000,20.364677,37747600
2016-03-24,30.344999,30.920000,30.200001,30.920000,20.463953,31032000
2016-03-28,30.930000,31.014999,30.540001,30.754999,20.354750,23129800
2016-03-29,30.410000,30.924999,30.230000,30.900000,20.450712,28733800
2016-03-30,31.180000,31.309999,30.780001,30.959999,20.490427,31489600
2016-03-31,30.840000,31.184999,30.790001,30.945000,20.480495,28092800
2016-04-01,30.410000,30.620001,30.305000,30.530001,20.205837,29609600
2016-04-04,30.475000,30.795000,30.215000,30.305000,20.056931,31619000
2016-04-05,30.049999,30.315001,29.969999,30.100000,19.921244,32097600
2016-04-06,30.344999,30.754999,30.120001,30.750000,20.351442,36437600
2016-04-07,30.510000,30.795000,30.315001,30.570000,20.232313,27854200
2016-04-08,31.145000,31.355000,31.030001,31.184999,20.639341,35333000
2016-04-11,31.434999,31.530001,31.055000,31.055000,20.553301,32471400
2016-04-12,31.174999,32.165001,31.110001,31.980000,21.165497,55260800
2016-04-13,31.965000,32.224998,31.740000,32.130001,21.264774,37405800
2016-04-14,32.264999,32.270000,32.014999,32.205002,21.314417,34871000
2016-04-15,32.025002,32.080002,31.730000,31.770000,21.026512,28442400
2016-04-18,31.115000,32.375000,31.040001,32.294998,21.373976,41371600
2016-04-19,32.480000,32.974998,32.330002,32.939999,21.800859,34682800
2016-04-20,32.764999,33.490002,32.660000,33.235001,21.996101,42176600
2016-04-21,33.279999,33.419998,32.970001,33.040001,21.867044,38670200
2016-04-22,33.119999,33.645000,33.095001,33.520000,22.184723,31529000
2016-04-25,33.404999,33.410000,32.895000,33.145000,21.936541,34468600
2016-04-26,33.334999,33.689999,33.255001,33.674999,22.287308,27171400
2016-04-27,33.849998,34.389999,33.825001,34.314999,22.710880,43924800
2016-04-28,34.160000,34.410000,33.674999,33.805000,22.373352,31110400
2016-04-29,33.880001,34.209999,33.235001,33.750000,22.336946,48214800
2016-05-02,33.689999,33.830002,33.299999,33.715000,22.313786,30132000
2016-05-03,33.259998,33.320000,32.715000,32.919998,21.787624,32316200
2016-05-04,32.939999,33.169998,32.250000,32.445000,21.473257,37210800
2016-05-05,32.994999,33.174999,32.439999,32.709999,21.648640,28704000
2016-05-06,32.500000,33.035000,32.415001,32.634998,21.598993,25091000
2016-05-09,32.450001,32.520000,31.750000,32.160000,21.284630,32041600
2016-05-10,32.325001,32.735001,32.310001,32.724998,21.658562,20702800
2016-05-11,32.645000,33.115002,32.380001,32.825001,21.724751,28429600
2016-05-12,33.119999,33.369999,32.669998,32.915001,21.784311,24954400
2016-05-13,32.770000,33.020000,32.424999,32.494999,21.506346,24743800
2016-05-16,32.919998,33.150002,32.825001,33.044998,21.870352,27455400
2016-05-17,33.049999,33.455002,32.945000,33.200001,21.972946,31674600
2016-05-18,33.195000,33.305000,32.669998,32.880001,21.761152,41166400
2016-05-19,32.549999,32.959999,32.244999,32.884998,21.764458,33709800
2016-05-20,32.985001,33.150002,32.785000,33.080002,21.893517,19667000
2016-05-23,32.884998,33.139999,32.770000,32.994999,21.837267,20545000
2016-05-24,33.165001,33.355000,32.955002,33.160000,21.946463,22605800
2016-05-25,33.360001,33.735001,33.330002,33.685001,22.293932,28511000
2016-05-26,33.814999,33.959999,33.439999,33.544998,22.201281,21433600
2016-05-27,33.424999,33.590000,33.240002,33.564999,22.214510,18517400
2016-05-31,33.645000,33.910000,33.285000,33.435001,22.128468,30812200
2016-06-01,33.110001,33.544998,33.025002,33.445000,22.135086,33391400
2016-06-02,33.189999,33.419998,33.064999,33.400002,22.105310,25700000
2016-06-03,33.400002,33.575001,33.075001,33.270000,22.019270,24315400
2016-06-06,33.595001,34.035000,33.535000,34.005001,22.505716,36447600
2016-06-07,34.115002,34.865002,34.105000,34.775002,23.015331,31236600
2016-06-08,34.985001,35.130001,34.599998,34.695000,22.962383,36259400
2016-06-09,34.294998,34.605000,34.259998,34.430000,22.787006,24681200
2016-06-10,34.075001,34.294998,33.639999,33.685001,22.293932,28980400
2016-06-13,33.520000,34.040001,33.485001,33.584999,22.227753,23147600
2016-06-14,33.445000,33.735001,33.185001,33.564999,22.214510,24405000
2016-06-15,33.439999,33.889999,33.250000,33.485001,22.161568,33659000
2016-06-16,33.125000,33.375000,32.669998,33.325001,22.055670,39987400
2016-06-17,33.450001,33.509998,33.250000,33.445000,22.280838,34871800
2016-06-20,33.924999,34.000000,33.705002,33.735001,22.474039,21826400
2016-06-21,33.660000,34.205002,33.560001,34.134998,22.740515,22444600
2016-06-22,34.285000,34.285000,33.915001,33.945000,22.613943,20516400
2016-06-23,34.299999,34.514999,34.169998,34.505001,22.987007,19077000
2016-06-24,33.174999,33.775002,33.145000,33.389999,22.244198,53759800
2016-06-27,32.935001,32.965000,32.055000,32.320000,21.531378,43319400
2016-06-28,32.924999,33.224998,32.735001,33.220001,22.130949,29100800
2016-06-29,33.424999,34.049999,33.424999,33.849998,22.550652,32708800
2016-06-30,33.705002,34.139999,33.634998,34.119999,22.730518,24264600
2016-07-01,34.080002,34.424999,34.055000,34.299999,22.850433,25357600
2016-07-05,33.840000,33.959999,33.275002,33.610001,22.390760,30139800
2016-07-06,33.415001,33.779999,33.185001,33.755001,22.487360,31795000
2016-07-07,33.955002,34.169998,33.174999,33.410000,22.257526,28195600
2016-07-08,33.709999,33.974998,33.525002,33.855000,22.553980,23135800
2016-07-11,34.035000,34.195000,33.889999,33.919998,22.597281,19500800
2016-07-12,34.430000,34.910000,34.360001,34.759998,23.156887,31049000
2016-07-13,34.660000,34.849998,34.139999,34.459999,22.957027,25092400
2016-07-14,34.730000,34.814999,34.535000,34.634998,23.073610,21797200
2016-07-15,34.759998,34.840000,34.485001,34.615002,23.060291,18259000
2016-07-18,34.514999,34.654999,34.294998,34.639999,23.076952,18802200
2016-07-19,34.555000,34.610001,34.314999,34.445000,22.947037,13983800
2016-07-20,34.305000,34.564999,34.020000,34.395000,22.913723,23110000
2016-07-21,34.299999,34.615002,33.970001,34.055000,22.687216,18513800
2016-07-22,34.130001,34.215000,33.939999,34.160000,22.757164,15981200
2016-07-25,33.935001,34.009998,33.355000,33.480000,22.304155,25543400
2016-07-26,33.285000,33.705002,33.264999,33.674999,22.434059,24787800
2016-07-27,33.720001,33.965000,33.200001,33.345001,22.214226,32355800
2016-07-28,33.305000,33.509998,33.115002,33.349998,22.217552,21727000
2016-07-29,32.875000,33.730000,32.845001,33.689999,22.444065,33003600
2016-08-01,33.395000,33.419998,32.465000,32.580002,21.704590,61297000
2016-08-02,32.810001,33.035000,32.285000,32.875000,21.901115,51200200
2016-08-03,32.880001,33.525002,32.750000,33.509998,22.324142,47811200
2016-08-04,33.384998,33.689999,33.270000,33.459999,22.290831,33580400
2016-08-05,33.480000,33.810001,33.419998,33.764999,22.494026,22853600
2016-08-08,34.000000,34.445000,33.990002,34.215000,22.793806,43326800
2016-08-09,34.310001,34.365002,33.900002,34.035000,22.673899,22256800
2016-08-10,34.105000,34.180000,33.595001,33.665001,22.427406,36073600
2016-08-11,33.810001,34.305000,33.735001,34.160000,22.757164,34859400
2016-08-12,34.250000,34.455002,34.160000,34.349998,22.883743,20379400
2016-08-15,34.544998,34.695000,34.445000,34.625000,23.066954,21406800
2016-08-16,34.564999,34.790001,34.355000,34.680000,23.103588,20485600
2016-08-17,34.509998,34.805000,34.474998,34.785000,23.173532,29439000
2016-08-18,34.904999,35.500000,34.869999,35.500000,23.649876,48297000
2016-08-19,35.384998,35.384998,35.075001,35.205002,23.453344,22091400
2016-08-22,34.900002,34.965000,34.639999,34.799999,23.183535,28273400
2016-08-23,34.799999,35.134998,34.799999,35.044998,23.346750,24912400
2016-08-24,34.849998,35.080002,34.814999,34.904999,23.253485,32905200
2016-08-25,34.849998,34.955002,34.695000,34.810001,23.190195,23791600
2016-08-26,34.869999,35.139999,34.525002,34.689999,23.110249,29150200
2016-08-29,34.590000,34.955002,34.549999,34.924999,23.266808,14788000
2016-08-30,35.005001,35.139999,34.674999,34.805000,23.186861,14265800
2016-08-31,34.610001,34.660000,34.064999,34.255001,22.820457,26465600
2016-09-01,34.110001,34.235001,33.884998,34.154999,22.753832,33337000
2016-09-02,34.490002,34.625000,34.325001,34.540001,23.010321,21588800
2016-09-06,34.630001,35.090000,34.599998,35.060001,23.356754,25688200
2016-09-07,35.220001,35.334999,35.064999,35.259998,23.489981,30189000
2016-09-08,35.485001,35.970001,35.314999,35.919998,23.929668,36010600
2016-09-09,35.584999,35.695000,34.849998,34.849998,23.216841,43543600
2016-09-12,34.605000,35.375000,34.540001,35.195000,23.446684,43945800
2016-09-13,34.810001,34.825001,34.090000,34.189999,22.777159,49160800
2016-09-14,34.150002,34.560001,33.700001,33.785000,22.507343,52940400
2016-09-15,33.919998,34.455002,33.865002,34.205002,22.787151,32954800
2016-09-16,33.505001,33.849998,33.505001,33.724998,22.603170,34788800
2016-09-19,34.000000,34.095001,33.700001,33.705002,22.589769,23595000
2016-09-20,33.665001,33.895000,33.435001,33.459999,22.425562,28265800
2016-09-21,33.750000,34.250000,33.709999,34.235001,22.944988,40521800
2016-09-22,34.605000,34.730000,34.244999,34.275002,22.971802,26631800
2016-09-23,34.110001,34.419998,33.625000,33.820000,22.666851,46150400
2016-09-26,33.935001,34.115002,33.605000,33.669998,22.566309,26480400
2016-09-27,33.334999,33.535000,33.070000,33.445000,22.415508,38820400
2016-09-28,33.639999,34.939999,33.355000,34.889999,23.383976,82286800
2016-09-29,34.865002,35.224998,34.514999,34.830002,23.343775,54003200
2016-09-30,35.075001,35.490002,34.849998,35.305000,23.662119,29429000
2016-10-03,35.365002,35.419998,34.985001,35.279999,23.645363,26309800
2016-10-04,35.310001,35.395000,34.779999,34.919998,23.404085,23705600
2016-10-05,35.275002,35.619999,35.240002,35.455002,23.762659,26702400
2016-10-06,35.560001,35.674999,35.189999,35.509998,23.799517,22351600
2016-10-07,35.514999,35.665001,35.200001,35.305000,23.662119,23488800
2016-10-10,35.305000,35.990002,35.305000,35.860001,24.034101,23069000
2016-10-11,35.735001,35.794998,35.255001,35.450001,23.759306,27424400
2016-10-12,35.299999,35.424999,35.000000,35.299999,23.658779,20878200
2016-10-13,35.080002,35.285000,34.645000,35.105000,23.528076,27086800
2016-10-14,35.285000,35.400002,34.875000,34.900002,23.390688,22744800
2016-10-17,34.910000,35.020000,34.540001,34.730000,23.276743,14850000
2016-10-18,35.075001,35.150002,34.715000,34.869999,23.370573,13890200
2016-10-19,35.139999,35.634998,35.105000,35.365002,23.702335,28631800
2016-10-20,35.154999,35.470001,34.959999,35.325001,23.675524,24989000
2016-10-21,35.095001,35.154999,34.889999,35.095001,23.521376,28477000
2016-10-24,35.095001,35.215000,34.605000,34.990002,23.451000,21336800
2016-10-25,34.980000,35.355000,34.770000,34.830002,23.343775,26454200
2016-10-26,34.520000,35.055000,34.459999,34.910000,23.397387,35735600
2016-10-27,35.060001,35.110001,34.770000,34.779999,23.310253,28412600
2016-10-28,34.720001,35.215000,34.465000,34.685001,23.246586,37116800
2016-10-31,34.560001,34.744999,34.250000,34.310001,22.995258,25947600
2016-11-01,34.564999,34.685001,33.939999,34.314999,22.998598,37649600
2016-11-02,33.990002,34.110001,33.500000,33.935001,22.743925,45966000
2016-11-03,33.935001,34.130001,33.750000,34.070000,22.834398,25496200
2016-11-04,33.900002,34.230000,33.680000,33.884998,22.710403,35108200
2016-11-07,34.270000,34.634998,34.270000,34.615002,23.199675,29599000
2016-11-08,34.445000,34.855000,34.395000,34.660000,23.229834,22417400
2016-11-09,34.779999,35.485001,34.375000,35.224998,23.608507,51987600
2016-11-10,35.200001,35.639999,35.080002,35.375000,23.709042,41269600
2016-11-11,35.165001,35.235001,34.445000,34.730000,23.276743,35319400
2016-11-14,34.605000,34.959999,34.415001,34.924999,23.407436,25144000
2016-11-15,35.230000,35.930000,35.200001,35.910000,24.067612,38457400
2016-11-16,35.830002,36.070000,35.549999,35.660000,23.900053,33218200
2016-11-17,35.959999,36.195000,35.330002,35.419998,23.739193,20676000
2016-11-18,35.544998,35.764999,35.365002,35.564999,23.836380,23924600
2016-11-21,36.064999,36.450001,36.064999,36.410000,24.402716,33750800
2016-11-22,36.419998,36.599998,35.950001,36.389999,24.389313,32026400
2016-11-23,36.215000,36.654999,36.174999,36.540001,24.489843,22924000
2016-11-25,36.384998,36.465000,36.180000,36.360001,24.369207,17583600
2016-11-28,36.535000,36.544998,35.790001,35.855000,24.030739,37580200
2016-11-29,35.310001,35.630001,35.035000,35.415001,23.735847,36723400
2016-11-30,36.645000,37.560001,36.645000,37.215000,24.942244,89709600
2016-12-01,37.904999,38.029999,37.275002,37.305000,25.002565,54764800
2016-12-02,37.285000,37.590000,37.180000,37.415001,25.076284,36677600
2016-12-05,37.755001,38.049999,37.595001,37.744999,25.297455,45070200
2016-12-06,37.514999,37.825001,37.290001,37.674999,25.250542,33927000
2016-12-07,37.590000,38.029999,37.590000,37.974998,25.451612,32016600
2016-12-08,38.075001,38.230000,37.779999,38.180000,25.589005,29200400
2016-12-09,38.380001,38.380001,38.080002,38.299999,25.669426,17949600
2016-12-12,39.150002,39.224998,38.320000,38.480000,25.790066,32260400
2016-12-13,38.770000,39.195000,38.415001,38.915001,26.081617,32057200
2016-12-14,38.730000,38.884998,38.029999,38.134998,25.558846,39702800
2016-12-15,37.974998,38.360001,37.759998,38.220001,25.615810,40503600
2016-12-16,38.290001,38.290001,38.060001,38.255001,25.774822,35729800
2016-12-19,38.215000,38.285000,38.005001,38.080002,25.656916,14226400
2016-12-20,38.275002,38.325001,37.889999,37.994999,25.599648,17964200
2016-12-21,38.075001,38.230000,37.865002,38.055000,25.640070,16205400
2016-12-22,38.080002,38.310001,38.005001,38.209999,25.744499,21940800
2016-12-23,38.150002,38.255001,38.090000,38.174999,25.720915,12796200
2016-12-27,38.235001,38.389999,38.200001,38.259998,25.778189,20017800
2016-12-28,38.345001,38.360001,37.814999,37.845001,25.498581,16187400
2016-12-29,37.790001,37.900002,37.634998,37.770000,25.448050,13394800
2016-12-30,37.735001,37.945000,37.540001,37.660000,25.373932,17706600
2017-01-03,38.055000,38.404999,37.680000,38.084999,25.660282,49246200
2017-01-04,38.115002,38.185001,37.880001,38.005001,25.606379,22371000
2017-01-05,38.029999,38.169998,37.730000,37.910000,25.542370,22282400
2017-01-06,38.029999,38.075001,37.695000,37.945000,25.565948,14821000
2017-01-09,37.695000,37.730000,37.340000,37.395000,25.195393,21921800
2017-01-10,37.365002,37.450001,37.025002,37.055000,24.966307,19321600
2017-01-11,37.185001,37.525002,37.029999,37.455002,25.235813,26254000
2017-01-12,37.665001,37.705002,37.150002,37.299999,25.131374,21791200
2017-01-13,37.250000,37.330002,37.095001,37.189999,25.057264,19813400
2017-01-17,37.305000,37.509998,37.275002,37.419998,25.212223,19566000
2017-01-18,37.215000,37.435001,37.169998,37.334999,25.154955,17450400
2017-01-19,37.334999,37.349998,37.040001,37.130001,25.016840,18001800
2017-01-20,37.369999,37.494999,37.145000,37.270000,25.111158,18364400
2017-01-23,37.099998,37.174999,36.695000,36.875000,24.845028,30414000
2017-01-24,37.020000,37.439999,36.950001,37.279999,25.117905,23714400
2017-01-25,37.290001,37.590000,37.279999,37.474998,25.249281,18820600
2017-01-26,37.595001,37.654999,37.424999,37.505001,25.269493,17303400
2017-01-27,37.275002,37.314999,37.005001,37.115002,25.006739,19901800
2017-01-30,36.945000,36.965000,36.180000,36.435001,24.548573,26572800
2017-01-31,36.455002,36.509998,36.064999,36.450001,24.558680,28014800
2017-02-01,36.645000,36.695000,35.955002,36.180000,24.376764,36848600
2017-02-02,36.240002,36.450001,35.950001,36.384998,24.514877,25760200
2017-02-03,36.529999,36.889999,36.314999,36.700001,24.727125,23657200
2017-02-06,36.700001,36.825001,36.285000,36.389999,24.518255,21043400
2017-02-07,36.230000,36.400002,35.685001,35.875000,24.171261,28315600
2017-02-08,35.875000,36.040001,35.325001,35.959999,24.228533,32296800
2017-02-09,36.174999,36.474998,36.174999,36.365002,24.501406,18523200
2017-02-10,36.654999,36.845001,36.529999,36.639999,24.686695,20810800
2017-02-13,36.564999,36.724998,36.494999,36.709999,24.733854,15969800
2017-02-14,36.814999,36.845001,36.369999,36.830002,24.814711,21543400
2017-02-15,36.720001,36.880001,36.564999,36.685001,24.717014,17853200
2017-02-16,36.720001,36.770000,36.130001,36.185001,24.380136,22750800
2017-02-17,36.000000,36.105000,35.869999,35.985001,24.245377,23290000
2017-02-21,36.325001,36.424999,36.174999,36.230000,24.410446,23605000
2017-02-22,36.060001,36.099998,35.654999,35.680000,24.039879,23078800
2017-02-23,36.080002,36.139999,35.605000,35.830002,24.140945,34780200
2017-02-24,35.570000,35.705002,35.314999,35.494999,23.915237,27995200
2017-02-27,35.529999,35.955002,35.470001,35.799999,24.120737,47372800
2017-02-28,35.695000,35.860001,35.590000,35.689999,24.046614,28036800
2017-03-01,36.020000,36.570000,35.994999,36.404999,24.528358,37995200
2017-03-02,36.224998,36.404999,36.044998,36.060001,24.295912,21540600
2017-03-03,36.119999,36.255001,35.915001,35.994999,24.252115,22333000
2017-03-06,35.935001,36.125000,35.794998,36.075001,24.306017,16749400
2017-03-07,36.205002,36.215000,35.709999,35.755001,24.090414,22923600
2017-03-08,35.610001,35.820000,34.810001,34.825001,23.463816,51132400
2017-03-09,34.650002,35.075001,34.445000,35.055000,23.618771,55541400
2017-03-10,35.279999,35.325001,34.799999,35.005001,23.585091,34958600
2017-03-13,34.970001,35.180000,34.889999,35.009998,23.588459,26157600
2017-03-14,34.740002,34.744999,34.310001,34.615002,23.322325,52769600
2017-03-15,34.910000,35.465000,34.740002,35.384998,23.841116,46410000
2017-03-16,35.459999,35.459999,35.035000,35.134998,23.672672,32555000
2017-03-17,35.070000,35.145000,34.900002,34.900002,23.655401,28487800
2017-03-20,34.785000,34.924999,34.575001,34.849998,23.621502,24437400
2017-03-21,35.014999,35.040001,34.474998,34.605000,23.455441,33434400
2017-03-22,34.500000,34.715000,34.360001,34.555000,23.421555,24839200
2017-03-23,34.455002,34.709999,34.380001,34.415001,23.326666,23600800
2017-03-24,34.465000,34.540001,34.215000,34.279999,23.235157,20885000
2017-03-27,33.955002,34.215000,33.930000,34.119999,23.126711,22982600
2017-03-28,34.169998,34.689999,34.090000,34.605000,23.455441,55845200
2017-03-29,34.599998,35.139999,34.505001,35.080002,23.777399,37150400
2017-03-30,35.299999,35.384998,34.980000,35.070000,23.770626,31824600
2017-03-31,34.955002,35.169998,34.790001,34.950001,23.689283,39722400
2017-04-03,35.005001,35.029999,34.540001,34.889999,23.648617,26266600
2017-04-04,34.965000,35.174999,34.630001,35.145000,23.821459,25948000
2017-04-05,35.439999,35.744999,34.985001,35.035000,23.746901,45467400
2017-04-06,35.174999,35.415001,35.080002,35.314999,23.936686,26249400
2017-04-07,35.334999,35.430000,35.125000,35.180000,23.845177,25160600
2017-04-10,35.375000,35.605000,35.299999,35.445000,24.024799,21641800
2017-04-11,35.500000,35.514999,35.070000,35.450001,24.028191,27783000
2017-04-12,35.485001,35.709999,35.189999,35.299999,23.926519,22907200
2017-04-13,35.270000,35.294998,34.575001,34.654999,23.489328,35312000
2017-04-17,34.645000,34.764999,34.560001,34.730000,23.540169,16024400
2017-04-18,34.575001,34.805000,34.334999,34.404999,23.319880,29500600
2017-04-19,34.490002,34.555000,33.810001,33.900002,22.977598,36250800
2017-04-20,34.000000,34.314999,33.965000,34.064999,23.089426,32470800
2017-04-21,33.919998,34.064999,33.724998,33.895000,22.974205,28232200
2017-04-24,34.145000,34.235001,33.990002,34.095001,23.109768,26701400
2017-04-25,34.180000,34.465000,34.075001,34.384998,23.306322,31182000
2017-04-26,34.224998,34.735001,34.209999,34.270000,23.228384,37475200
2017-04-27,34.005001,34.040001,33.555000,33.895000,22.974205,41095400
2017-04-28,34.185001,34.244999,33.869999,33.919998,22.991144,28852000
2017-05-01,33.910000,34.005001,33.750000,33.825001,22.926756,18838800
2017-05-02,33.895000,34.005001,33.514999,33.654999,22.811525,32871200
2017-05-03,33.580002,33.910000,33.485001,33.750000,22.875919,33869600
2017-05-04,33.514999,33.555000,32.915001,33.130001,22.455679,67889000
2017-05-05,33.150002,33.709999,33.134998,33.654999,22.811525,37487600
2017-05-08,33.650002,33.955002,33.619999,33.895000,22.974205,37897400
2017-05-09,33.965000,33.965000,33.514999,33.615002,22.784420,21439400
2017-05-10,33.810001,34.220001,33.779999,34.060001,23.086042,36518400
2017-05-11,34.180000,34.240002,33.939999,33.990002,23.038599,23937400
2017-05-12,33.965000,34.029999,33.775002,33.875000,22.960644,21417200
2017-05-15,34.380001,34.435001,34.029999,34.139999,23.140261,26413800
2017-05-16,34.299999,34.299999,33.849998,33.970001,23.025036,23386800
2017-05-17,33.770000,34.060001,33.619999,33.634998,22.797974,31213600
2017-05-18,33.485001,33.790001,33.360001,33.625000,22.791191,28230000
2017-05-19,33.790001,34.110001,33.709999,34.040001,23.072487,31249000
2017-05-22,34.220001,34.240002,33.845001,33.965000,23.021652,20678400
2017-05-23,34.055000,34.090000,33.865002,34.044998,23.075872,18173600
2017-05-24,34.005001,34.110001,33.709999,33.865002,22.953875,26961400
2017-05-25,33.779999,34.115002,33.130001,33.250000,22.537016,46658400
2017-05-26,33.250000,33.334999,33.090000,33.305000,22.574295,26398200
2017-05-30,33.130001,33.130001,32.845001,32.860001,22.272676,29058200
2017-05-31,32.599998,32.820000,32.549999,32.720001,22.177782,32186000
2017-06-01,32.735001,33.044998,32.630001,32.924999,22.316729,35967400
2017-06-02,32.775002,32.785000,32.404999,32.544998,22.059166,33085000
2017-06-05,32.445000,32.724998,32.435001,32.605000,22.099834,25105000
2017-06-06,32.584999,33.044998,32.509998,32.990002,22.360792,29670600
2017-06-07,32.855000,33.014999,32.299999,32.525002,22.045612,45884200
2017-06-08,32.369999,32.669998,32.360001,32.430000,21.981213,39138600
2017-06-09,32.505001,33.320000,32.500000,33.209999,22.509905,46368400
2017-06-12,33.505001,33.775002,33.375000,33.445000,22.669186,45848800
2017-06-13,33.544998,33.740002,33.384998,33.695000,22.838642,31615800
2017-06-14,33.605000,33.605000,32.830002,33.084999,22.425182,60560400
2017-06-15,32.935001,33.099998,32.689999,32.834999,22.255733,38517800
2017-06-16,32.805000,33.165001,32.595001,33.150002,22.623922,49242000
2017-06-19,33.075001,33.145000,32.855000,32.939999,22.480600,31356800
2017-06-20,32.560001,32.610001,32.154999,32.520000,22.193966,32126800
2017-06-21,32.419998,32.610001,31.820000,31.995001,21.835670,54611000
2017-06-22,32.009998,32.250000,31.844999,31.975000,21.822014,30863200
2017-06-23,31.980000,32.224998,31.889999,32.189999,21.968746,29111000
2017-06-26,32.290001,32.349998,31.990000,32.119999,21.920980,27206800
2017-06-27,32.235001,32.380001,32.064999,32.070000,21.886852,28455000
2017-06-28,32.110001,32.439999,32.090000,32.244999,22.006277,33719800
2017-06-29,32.340000,32.669998,32.244999,32.314999,22.054062,38044800
2017-06-30,32.549999,32.610001,32.250000,32.459999,22.153017,39286400
2017-07-03,32.575001,33.240002,32.540001,33.084999,22.579559,36805600
2017-07-05,32.919998,32.950001,32.290001,32.415001,22.122313,41976400
2017-07-06,32.470001,32.564999,31.985001,32.055000,21.876616,41367200
2017-07-07,31.950001,32.049999,31.645000,32.005001,21.842493,32073400
2017-07-10,31.959999,32.185001,31.889999,32.110001,21.914152,28307600
2017-07-11,32.165001,32.400002,31.965000,32.285000,22.033587,23799600
2017-07-12,32.605000,32.685001,32.235001,32.375000,22.095007,29637200
2017-07-13,32.400002,32.529999,32.220001,32.505001,22.183727,20113600
2017-07-14,32.525002,32.759998,32.494999,32.700001,22.316809,20545000
2017-07-17,32.639999,32.884998,32.610001,32.660000,22.289511,24429800
2017-07-18,32.825001,32.834999,32.369999,32.505001,22.183727,29913600
2017-07-19,32.470001,33.009998,32.445000,32.980000,22.507902,49605400
2017-07-20,33.165001,33.285000,32.790001,32.880001,22.439653,34318600
2017-07-21,32.770000,32.924999,32.509998,32.555000,22.217855,26095200
2017-07-24,32.625000,32.674999,32.419998,32.494999,22.176905,20866800
2017-07-25,32.884998,33.139999,32.810001,32.904999,22.456715,30958600
2017-07-26,33.090000,33.320000,32.849998,32.939999,22.480600,42422800
2017-07-27,32.950001,33.290001,32.799999,33.275002,22.709236,31631800
2017-07-28,33.165001,33.564999,33.110001,33.235001,22.681932,29530000
2017-07-31,33.244999,33.500000,33.154999,33.310001,22.733116,27039000
2017-08-01,33.330002,33.494999,33.160000,33.305000,22.729710,25337400
2017-08-02,33.134998,33.314999,32.840000,33.180000,22.644400,30237000
2017-08-03,33.125000,33.180000,32.570000,32.715000,22.327045,30655600
2017-08-04,32.730000,32.910000,32.654999,32.820000,22.398706,18742000
2017-08-07,32.680000,32.740002,32.470001,32.570000,22.228088,22874600
2017-08-08,32.474998,32.779999,32.400002,32.494999,22.176905,20858200
2017-08-09,32.544998,32.730000,32.404999,32.525002,22.197374,20875800
2017-08-10,32.580002,32.634998,32.125000,32.180000,21.961926,30524200
2017-08-11,32.080002,32.259998,31.940001,31.969999,21.818607,31981800
2017-08-14,32.029999,32.169998,31.834999,31.875000,21.753771,22813400
2017-08-15,31.924999,31.924999,31.570000,31.754999,21.671879,25451200
2017-08-16,31.764999,31.855000,31.385000,31.450001,21.463720,33166600
2017-08-17,31.325001,31.445000,30.995001,31.004999,21.160017,29593800
2017-08-18,30.924999,31.370001,30.905001,31.160000,21.265802,37265400
2017-08-21,31.115000,31.129999,30.900000,31.000000,21.156605,20750400
2017-08-22,31.084999,31.275000,31.065001,31.205000,21.296511,30343600
2017-08-23,31.139999,31.500000,31.110001,31.340000,21.388647,23052000
2017-08-24,31.230000,31.434999,31.219999,31.360001,21.402298,20781000
2017-08-25,31.420000,31.625000,31.410000,31.500000,21.497841,16440400
2017-08-28,31.514999,31.620001,31.190001,31.360001,21.402298,19912000
2017-08-29,31.209999,31.360001,31.090000,31.320000,21.374998,17454200
2017-08-30,31.200001,31.430000,31.110001,31.334999,21.385237,17328800
2017-08-31,31.469999,31.565001,31.365000,31.485001,21.487604,20667400
2017-09-01,31.535000,31.895000,31.455000,31.790001,21.695761,23191000
2017-09-05,31.920000,32.119999,31.740000,31.965000,21.815187,36229600
2017-09-06,32.125000,32.575001,32.110001,32.485001,22.170078,34104200
2017-09-07,32.500000,32.625000,32.330002,32.544998,22.211029,17280600
2017-09-08,32.474998,32.494999,32.049999,32.200001,21.975574,20529400
2017-09-11,32.325001,32.549999,32.250000,32.505001,22.183727,27102200
2017-09-12,32.599998,32.775002,32.514999,32.705002,22.320225,18819400
2017-09-13,32.775002,33.134998,32.740002,33.115002,22.600035,31786600
2017-09-14,33.180000,33.500000,33.174999,33.275002,22.709236,29166800
2017-09-15,32.910000,32.919998,32.700001,32.919998,22.762817,26136200
2017-09-18,32.845001,33.080002,32.820000,33.060001,22.859625,25167000
2017-09-19,33.130001,33.244999,33.064999,33.195000,22.952963,21008600
2017-09-20,33.290001,33.509998,33.259998,33.419998,23.108547,36547600
2017-09-21,33.375000,33.514999,33.279999,33.430000,23.115461,17748200
2017-09-22,33.400002,33.695000,33.365002,33.599998,23.233007,29295800
2017-09-25,33.755001,34.185001,33.720001,34.084999,23.568363,29667600
2017-09-26,34.000000,34.134998,33.904999,34.070000,23.557991,21421400
2017-09-27,34.099998,34.224998,33.910000,34.215000,23.658251,21836400
2017-09-28,34.290001,34.450001,34.150002,34.244999,23.679001,23599800
2017-09-29,34.125000,34.244999,34.014999,34.240002,23.675547,28575000
2017-10-02,33.875000,34.240002,33.744999,34.230000,23.668631,24833600
2017-10-03,34.185001,34.310001,34.119999,34.195000,23.644426,14479600
2017-10-04,34.195000,34.294998,34.049999,34.169998,23.627138,20395200
2017-10-05,34.195000,34.380001,34.174999,34.325001,23.734320,20323600
2017-10-06,34.000000,34.189999,33.919998,34.035000,23.533796,23926600
2017-10-09,34.075001,34.209999,34.035000,34.105000,23.582193,11528200
2017-10-10,34.345001,34.465000,34.099998,34.134998,23.602943,15527400
2017-10-11,34.095001,34.235001,33.955002,34.215000,23.658251,20574000
2017-10-12,33.955002,34.134998,33.900002,34.090000,23.571825,20362200
2017-10-13,34.290001,34.389999,34.049999,34.070000,23.557991,17787400
2017-10-16,34.174999,34.345001,34.075001,34.145000,23.609856,15333800
2017-10-17,34.134998,34.235001,33.980000,34.165001,23.623690,16754200
2017-10-18,34.139999,34.279999,33.884998,33.924999,23.457737,15412600
2017-10-19,33.689999,33.959999,33.674999,33.820000,23.385134,15183800
2017-10-20,33.895000,33.904999,33.660000,33.884998,23.430071,19640400
2017-10-23,33.910000,34.020000,33.680000,33.709999,23.309061,17310600
2017-10-24,33.830002,33.924999,33.705002,33.775002,23.354017,19640400
2017-10-25,33.715000,33.814999,33.435001,33.540001,23.191513,27045400
2017-10-26,33.555000,33.720001,33.410000,33.610001,23.239925,18724400
2017-10-27,33.435001,33.849998,33.169998,33.669998,23.281408,32376000
2017-10-30,33.435001,33.939999,33.435001,33.845001,23.402412,23229600
2017-10-31,33.860001,34.080002,33.709999,33.955002,23.478479,19298000
2017-11-01,34.160000,34.500000,34.145000,34.340000,23.744688,34612600
2017-11-02,34.340000,34.435001,34.035000,34.240002,23.675547,22656600
2017-11-03,34.224998,34.474998,34.189999,34.340000,23.744688,22223800
2017-11-06,34.494999,35.169998,34.435001,35.125000,24.287485,38200000
2017-11-07,35.185001,35.235001,34.895000,35.080002,24.256371,26820600
2017-11-08,34.994999,35.084999,34.715000,34.910000,24.138821,28493200
2017-11-09,34.775002,35.075001,34.724998,35.014999,24.211426,25977800
2017-11-10,34.955002,34.985001,34.564999,34.830002,24.083513,21068400
2017-11-13,34.735001,34.865002,34.590000,34.630001,23.945215,14979600
2017-11-14,34.500000,34.500000,34.029999,34.070000,23.557991,33055400
2017-11-15,33.764999,33.834999,33.544998,33.685001,23.291784,35386200
2017-11-16,33.580002,33.700001,33.455002,33.549999,23.198437,25028000
2017-11-17,33.615002,33.785000,33.529999,33.715000,23.312525,18344800
2017-11-20,33.674999,33.705002,33.485001,33.634998,23.257214,15570600
2017-11-21,33.764999,33.900002,33.639999,33.709999,23.309061,16928800
2017-11-22,33.910000,33.980000,33.825001,33.845001,23.402412,18615000
2017-11-24,33.980000,34.049999,33.935001,33.939999,23.468105,9981400
2017-11-27,33.794998,33.834999,33.525002,33.595001,23.229557,21191600
2017-11-28,33.630001,33.904999,33.590000,33.855000,23.409328,24226600
2017-11-29,33.840000,34.105000,33.770000,34.040001,23.537256,27198600
2017-11-30,34.119999,34.615002,34.119999,34.549999,23.889894,44607200
2017-12-01,34.794998,35.080002,34.470001,34.840000,24.090420,42376600
2017-12-04,35.134998,35.375000,34.715000,34.825001,24.080038,27151800
2017-12-05,34.825001,34.950001,34.634998,34.674999,23.976330,21379600
2017-12-06,34.575001,34.634998,34.174999,34.224998,23.665169,24122400
2017-12-07,34.189999,34.384998,34.160000,34.325001,23.734320,17280000
2017-12-08,34.500000,34.654999,33.345001,34.639999,23.952137,21393400
2017-12-11,34.705002,35.070000,34.685001,34.889999,24.124989,22633400
2017-12-12,34.794998,35.064999,34.750000,34.794998,24.059303,23516400
2017-12-13,34.794998,34.875000,34.645000,34.744999,24.024733,18432000
2017-12-14,34.615002,34.865002,34.605000,34.619999,23.938305,23565600
2017-12-15,34.634998,34.634998,34.314999,34.360001,23.916725,20306800
2017-12-18,34.445000,34.799999,34.435001,34.625000,24.101179,19321400
2017-12-19,34.785000,34.875000,34.595001,34.674999,24.135977,13528400
2017-12-20,34.790001,35.224998,34.685001,35.165001,24.477049,24509000
2017-12-21,35.180000,36.014999,35.145000,35.910000,24.995609,33606200
2017-12-22,35.950001,36.130001,35.799999,35.985001,25.047823,21321600
2017-12-26,36.115002,36.360001,36.040001,36.299999,25.267080,17262200
2017-12-27,36.305000,36.320000,36.105000,36.180000,25.183552,21710600
2017-12-28,36.174999,36.235001,36.110001,36.235001,25.221842,15933600
2017-12-29,36.330002,36.349998,36.070000,36.130001,25.148756,14712800
2018-01-02,36.310001,36.764999,36.195000,36.724998,25.562918,29782800
2018-01-03,36.799999,37.369999,36.759998,37.275002,25.945738,38599200
2018-01-04,37.250000,37.525002,37.115002,37.500000,26.102360,28613600
2018-01-05,37.450001,37.514999,37.174999,37.485001,26.091917,28408800
2018-01-08,37.470001,37.730000,37.369999,37.709999,26.248528,19558400
2018-01-09,37.785000,37.794998,37.555000,37.615002,26.182407,18469000
2018-01-10,37.724998,37.750000,37.540001,37.570000,26.151083,21644000
2018-01-11,37.700001,38.474998,37.564999,38.340000,26.687057,36179000
2018-01-12,38.349998,38.810001,38.349998,38.709999,26.944597,39638400
2018-01-16,38.799999,38.825001,38.150002,38.220001,26.603523,33789800
2018-01-17,38.330002,38.720001,38.080002,38.555000,26.836704,28014800
2018-01-18,38.410000,38.505001,38.169998,38.240002,26.617437,23029200
2018-01-19,38.154999,38.205002,37.939999,38.189999,26.582642,25925400
2018-01-22,38.240002,39.029999,38.230000,39.014999,27.156887,34033400
2018-01-23,39.090000,39.130001,38.759998,38.955002,27.115139,20369800
2018-01-24,39.000000,39.195000,38.715000,38.849998,27.042044,25839400
2018-01-25,39.044998,39.044998,38.474998,38.544998,26.829742,23436800
2018-01-26,38.630001,38.820000,38.549999,38.755001,26.975924,15570600
2018-01-29,38.599998,38.735001,38.110001,38.169998,26.568707,25294400
2018-01-30,37.849998,37.955002,37.369999,37.400002,26.032753,45503600
2018-01-31,37.500000,37.564999,37.165001,37.424999,26.050148,31450600
2018-02-01,37.474998,37.834999,37.264999,37.810001,26.318136,36023200
2018-02-02,37.115002,37.205002,36.029999,36.230000,25.218353,62010800
2018-02-05,35.744999,36.200001,34.139999,34.709999,24.160334,69535200
2018-02-06,34.115002,35.235001,33.950001,34.985001,24.351763,65630400
2018-02-07,35.095001,35.535000,34.395000,34.400002,23.944571,49207400
2018-02-08,34.435001,34.575001,33.345001,33.360001,23.220665,55542200
2018-02-09,33.755001,33.790001,32.224998,33.334999,23.203251,70348200
2018-02-12,33.764999,34.255001,33.605000,33.880001,23.582613,49913800
2018-02-13,33.705002,33.884998,33.505001,33.740002,23.485161,24570000
2018-02-14,33.410000,34.330002,33.330002,34.230000,23.826229,39513800
2018-02-15,34.299999,34.325001,33.595001,34.145000,23.767065,32938800
2018-02-16,34.000000,34.380001,33.855000,34.060001,23.707909,27582200
2018-02-20,34.130001,34.380001,33.720001,33.875000,23.579132,35616200
2018-02-21,33.775002,34.090000,33.305000,33.305000,23.182377,25090800
2018-02-22,33.544998,34.165001,33.459999,33.669998,23.436434,30660600
2018-02-23,33.834999,34.424999,33.775002,34.400002,23.944571,31369600
2018-02-26,34.575001,34.674999,34.404999,34.605000,24.087254,24312800
2018-02-27,34.674999,34.950001,34.150002,34.154999,23.774025,26931400
2018-02-28,34.334999,34.459999,33.355000,33.369999,23.227615,35244000
2018-03-01,33.334999,33.845001,33.080002,33.320000,23.192812,45950000
2018-03-02,33.090000,33.595001,32.825001,33.474998,23.300703,29157800
2018-03-05,33.320000,33.935001,33.259998,33.830002,23.547812,25663000
2018-03-06,34.040001,34.165001,33.680000,33.849998,23.561729,31355800
2018-03-07,33.485001,33.840000,33.279999,33.595001,23.384232,24725200
2018-03-08,33.669998,33.770000,33.345001,33.584999,23.377277,16026600
2018-03-09,33.845001,34.255001,33.814999,34.224998,23.822746,22786200
2018-03-12,34.244999,34.465000,34.044998,34.215000,23.815792,18972000
2018-03-13,34.320000,34.474998,33.830002,33.970001,23.645260,21461800
2018-03-14,34.099998,34.195000,33.700001,33.770000,23.506042,22696400
2018-03-15,33.895000,34.040001,33.340000,33.595001,23.384232,24817000
2018-03-16,33.375000,33.805000,33.310001,33.654999,23.592787,28685200
2018-03-19,33.549999,33.595001,32.945000,33.134998,23.228258,29050000
2018-03-20,33.314999,33.639999,33.270000,33.415001,23.424543,22518200
2018-03-21,33.615002,34.509998,33.509998,34.290001,24.037930,32879200
2018-03-22,33.910000,34.090000,33.525002,33.590000,23.547222,36967600
2018-03-23,33.759998,34.150002,33.310001,33.384998,23.403509,38428600
2018-03-26,33.770000,34.035000,33.380001,33.985001,23.824120,31906000
2018-03-27,34.130001,34.270000,33.470001,33.665001,23.599791,27846200
2018-03-28,33.685001,33.799999,32.955002,33.009998,23.140627,36457400
2018-03-29,33.154999,33.840000,33.150002,33.705002,23.627834,27936200
2018-04-02,33.575001,33.634998,32.465000,33.029999,23.154648,37986200
2018-04-03,33.154999,33.764999,32.840000,33.735001,23.648863,28228600
2018-04-04,33.220001,33.764999,32.990002,33.689999,23.617325,24981600
2018-04-05,33.775002,34.509998,33.775002,34.294998,24.041439,27056800
2018-04-06,34.080002,34.244999,33.230000,33.674999,23.606810,37767800
2018-04-09,33.834999,34.264999,33.700001,33.834999,23.718966,21639600
2018-04-10,34.369999,35.230000,34.360001,34.955002,24.504116,43684400
2018-04-11,34.900002,35.400002,34.855000,35.320000,24.759981,42381800
2018-04-12,35.439999,35.595001,35.189999,35.314999,24.756477,28623200
2018-04-13,35.505001,35.849998,35.455002,35.705002,25.029879,26660800
2018-04-16,35.785000,36.235001,35.595001,36.070000,25.285744,28048600
2018-04-17,36.165001,36.375000,35.959999,36.209999,25.383884,32210600
2018-04-18,36.525002,37.110001,36.514999,36.779999,25.783476,34623000
2018-04-19,36.810001,37.099998,36.599998,36.825001,25.815006,36300600
2018-04-20,36.750000,36.779999,36.415001,36.650002,25.692335,27380800
2018-04-23,36.535000,36.880001,36.334999,36.875000,25.850065,29689200
2018-04-24,36.974998,37.230000,36.279999,36.480000,25.573162,45575000
2018-04-25,36.365002,36.820000,36.134998,36.770000,25.776459,26326600
2018-04-26,36.904999,37.334999,36.790001,37.305000,26.151506,24433800
2018-04-27,36.924999,37.095001,36.764999,36.910000,25.874605,21078600
2018-04-30,36.849998,37.320000,36.840000,36.904999,25.871099,25926400
2018-05-01,36.720001,36.744999,36.215000,36.680000,25.713366,27601800
2018-05-02,36.570000,37.119999,36.520000,36.830002,25.818520,26869400
2018-05-03,36.660000,36.805000,36.250000,36.744999,25.758928,30659200
2018-05-04,36.645000,37.055000,36.494999,36.924999,25.885115,27171000
2018-05-07,37.215000,37.785000,36.900002,36.974998,25.920170,35947400
2018-05-08,36.990002,37.285000,36.320000,37.264999,26.123466,57548200
2018-05-09,37.720001,38.445000,37.715000,38.025002,26.656239,49807800
2018-05-10,38.174999,38.400002,38.000000,38.310001,26.856030,27780200
2018-05-11,38.395000,38.625000,38.279999,38.365002,26.894588,24021400
2018-05-14,38.485001,38.805000,38.485001,38.630001,27.080355,20452600
2018-05-15,38.544998,38.700001,38.345001,38.639999,27.087362,20965400
2018-05-16,38.584999,38.799999,38.389999,38.775002,27.182001,23994400
2018-05-17,38.900002,39.415001,38.880001,39.360001,27.592098,32542600
2018-05-18,39.290001,39.330002,39.025002,39.055000,27.378286,28185400
2018-05-21,39.275002,39.455002,39.075001,39.455002,27.658701,23026200
2018-05-22,39.450001,39.709999,38.820000,38.930000,27.290663,33166800
2018-05-23,38.705002,38.955002,38.384998,38.924999,27.287144,33211600
2018-05-24,38.474998,38.535000,38.110001,38.285000,26.838501,38309600
2018-05-25,37.610001,37.660000,36.919998,37.290001,26.140995,64907000
2018-05-29,37.000000,37.404999,36.830002,37.174999,26.060377,38655000
2018-05-30,37.494999,38.470001,37.480000,38.299999,26.849026,46044400
2018-05-31,38.020000,38.465000,37.930000,38.009998,26.645720,26517400
2018-06-01,38.139999,38.445000,37.985001,38.189999,26.771900,28205000
2018-06-04,38.320000,38.599998,37.759998,37.860001,26.540564,27378400
2018-06-05,37.674999,38.060001,37.590000,37.770000,26.477480,27415800
2018-06-06,37.910000,38.049999,37.615002,37.950001,26.603664,26958400
2018-06-07,38.150002,38.744999,38.139999,38.525002,27.006748,30357800
2018-06-08,38.570000,38.674999,38.209999,38.450001,26.954168,22473200
2018-06-11,38.439999,38.825001,38.360001,38.650002,27.094383,21435600
2018-06-12,38.650002,38.740002,38.250000,38.355000,26.887571,31414400
2018-06-13,38.235001,38.435001,38.055000,38.209999,26.785925,25004200
2018-06-14,38.320000,38.430000,38.064999,38.154999,26.747374,20582200
2018-06-15,37.680000,37.755001,37.005001,37.084999,26.172876,32178800
2018-06-18,36.990002,37.705002,36.990002,37.455002,26.434011,26368800
2018-06-19,37.005001,37.509998,36.900002,37.369999,26.374023,25215200
2018-06-20,37.595001,37.674999,37.235001,37.535000,26.490477,23311800
2018-06-21,37.270000,37.290001,36.665001,36.840000,25.999979,30019600
2018-06-22,37.750000,37.985001,37.570000,37.575001,26.518713,56072600
2018-06-25,37.465000,37.520000,36.570000,36.820000,25.985867,36760600
2018-06-26,36.915001,37.430000,36.785000,37.285000,26.314039,27047200
2018-06-27,37.595001,38.255001,37.580002,37.785000,26.666918,41167800
2018-06-28,37.840000,37.980000,37.445000,37.735001,26.631628,28570800
2018-06-29,37.840000,38.369999,37.840000,37.970001,26.797482,26335800
2018-07-02,37.705002,37.715000,37.205002,37.410000,26.402254,30593200
2018-07-03,37.799999,38.230000,37.555000,37.645000,26.568108,18616400
2018-07-05,37.875000,37.994999,37.494999,37.605000,26.539875,19939000
2018-07-06,37.490002,37.955002,37.314999,37.834999,26.702200,18620600
2018-07-09,38.064999,38.455002,38.044998,38.400002,27.100958,22118400
2018-07-10,38.634998,39.000000,38.590000,38.685001,27.302099,22007200
2018-07-11,38.325001,38.560001,37.615002,37.865002,26.723377,38725600
2018-07-12,37.965000,38.174999,37.660000,37.930000,26.769245,25136000
2018-07-13,37.965000,38.360001,37.865002,38.130001,26.910404,22846200
2018-07-16,37.755001,37.939999,37.369999,37.689999,26.599869,22781200
2018-07-17,37.564999,37.750000,37.330002,37.540001,26.493999,19506400
2018-07-18,37.360001,37.619999,36.990002,37.564999,26.511648,30703000
2018-07-19,37.465000,37.735001,37.424999,37.575001,26.518713,32463600
2018-07-20,37.575001,37.660000,37.325001,37.445000,26.426958,21722400
2018-07-23,37.549999,37.575001,37.215000,37.279999,26.310501,15247600
2018-07-24,37.445000,37.970001,37.395000,37.750000,26.642220,20337000
2018-07-25,37.799999,38.160000,37.615002,38.064999,26.864527,22070600
2018-07-26,38.145000,38.549999,38.070000,38.480000,27.157412,24374800
2018-07-27,38.049999,38.514999,38.000000,38.314999,27.040960,25281800
2018-07-30,38.619999,38.779999,38.490002,38.630001,27.263277,22790000
2018-07-31,38.700001,38.805000,38.470001,38.560001,27.213871,22581000
2018-08-01,38.224998,38.240002,37.820000,38.025002,26.836287,22345000
2018-08-02,37.744999,37.889999,37.500000,37.814999,26.688082,19379400
2018-08-03,37.744999,37.814999,37.430000,37.619999,26.550468,15326600
2018-08-06,37.730000,37.939999,37.505001,37.759998,26.649269,16400200
2018-08-07,38.145000,38.250000,37.919998,38.040001,26.846884,23596600
2018-08-08,37.775002,37.904999,37.540001,37.764999,26.652796,18797600
2018-08-09,37.794998,37.865002,37.355000,37.415001,26.405788,30465000
2018-08-10,37.330002,37.645000,37.255001,37.645000,26.568108,33955400
2018-08-13,37.575001,37.705002,37.145000,37.165001,26.229349,19634000
2018-08-14,37.450001,37.505001,37.099998,37.255001,26.292862,20875800
2018-08-15,36.900002,36.959999,35.849998,35.955002,25.375387,52800800
2018-08-16,36.130001,36.419998,36.110001,36.215000,25.558882,50026600
2018-08-17,36.310001,36.400002,36.174999,36.305000,25.622396,23065400
2018-08-20,36.314999,36.680000,36.299999,36.549999,25.795307,16691400
2018-08-21,36.855000,37.029999,36.695000,36.735001,25.925884,19018200
2018-08-22,36.965000,37.290001,36.939999,37.174999,26.236403,18690800
2018-08-23,37.000000,37.064999,36.860001,37.000000,26.112902,12937800
2018-08-24,37.230000,37.490002,37.195000,37.270000,26.303452,15506600
2018-08-27,37.395000,37.595001,37.340000,37.544998,26.497532,13969800
2018-08-28,37.615002,37.770000,37.360001,37.384998,26.384609,16787000
2018-08-29,37.505001,37.770000,37.389999,37.615002,26.546938,15520800
2018-08-30,37.599998,37.674999,37.314999,37.509998,26.472830,18500400
2018-08-31,37.395000,37.404999,37.064999,37.220001,26.268164,17819200
2018-09-04,37.389999,37.419998,36.990002,37.139999,26.211699,30189400
2018-09-05,36.970001,37.110001,36.595001,37.090000,26.176414,19196200
2018-09-06,36.950001,37.075001,36.305000,36.404999,25.692974,28812800
2018-09-07,36.270000,36.465000,35.889999,36.400002,25.689444,20268800
2018-09-10,36.584999,36.735001,36.375000,36.384998,25.678856,17823400
2018-09-11,36.349998,36.939999,36.250000,36.730000,25.922342,28563200
2018-09-12,37.029999,37.285000,36.910000,36.919998,26.056438,25378800
2018-09-13,36.860001,37.005001,36.615002,36.935001,26.067020,22074800
2018-09-14,36.939999,37.270000,36.924999,37.130001,26.204643,18988600
2018-09-17,37.224998,37.439999,37.099998,37.189999,26.246986,29457800
2018-09-18,37.455002,37.689999,37.430000,37.435001,26.419897,20447000
2018-09-19,37.445000,37.705002,37.410000,37.549999,26.501066,21823000
2018-09-20,37.709999,37.855000,37.514999,37.560001,26.508116,25024800
2018-09-21,37.505001,37.674999,37.250000,37.549999,26.683285,27420200
2018-09-24,37.880001,38.264999,37.849998,38.099998,27.074120,25569000
2018-09-25,38.340000,38.505001,38.290001,38.345001,27.248209,26055200
2018-09-26,38.110001,38.310001,37.910000,37.974998,26.985289,25457200
2018-09-27,38.125000,38.174999,37.875000,37.974998,26.985289,21344200
2018-09-28,37.794998,38.270000,37.775002,37.869999,26.910673,29666200
2018-10-01,38.009998,38.555000,38.009998,38.395000,27.283741,25425200
2018-10-02,38.490002,38.564999,38.169998,38.435001,27.312174,18936800
2018-10-03,38.599998,38.860001,38.490002,38.744999,27.532459,26489600
2018-10-04,38.619999,38.855000,38.360001,38.584999,27.418760,30385400
2018-10-05,38.544998,38.705002,38.345001,38.580002,27.415209,23966400
2018-10-08,38.294998,38.610001,38.145000,38.549999,27.393887,23157200
2018-10-09,38.685001,39.180000,38.520000,38.895000,27.639048,33633400
2018-10-10,38.959999,39.025002,37.500000,37.674999,26.772112,52810600
2018-10-11,37.310001,37.334999,36.125000,36.400002,25.866083,71184200
2018-10-12,36.759998,36.869999,35.945000,36.500000,25.937151,47158000
2018-10-15,36.494999,36.645000,36.185001,36.195000,25.720417,23180800
2018-10-16,36.294998,36.560001,36.145000,36.494999,25.933590,29142200
2018-10-17,36.424999,36.535000,35.955002,36.264999,25.770151,31608400
2018-10-18,35.930000,36.419998,35.855000,36.084999,25.642244,33173400
2018-10-19,35.904999,36.290001,35.740002,35.764999,25.414852,27136200
2018-10-22,35.740002,35.814999,35.154999,35.369999,25.134159,24589000
2018-10-23,34.849998,34.860001,33.955002,34.445000,24.476849,52955400
2018-10-24,34.610001,34.619999,33.075001,33.084999,23.510426,56200400
2018-10-25,33.490002,33.834999,33.264999,33.490002,23.798222,50666600
2018-10-26,33.215000,33.650002,32.689999,33.240002,23.620569,51159800
2018-10-29,33.485001,33.529999,32.185001,32.619999,23.179995,48919600
2018-10-30,32.599998,33.455002,32.450001,33.375000,23.716501,52794800
2018-10-31,33.700001,34.145000,33.535000,33.580002,23.862179,34575600
2018-11-01,33.650002,34.025002,33.305000,33.865002,24.064701,42951600
2018-11-02,34.240002,34.490002,33.439999,33.779999,24.004292,42425000
2018-11-05,34.189999,34.480000,34.110001,34.345001,24.405787,26463200
2018-11-06,34.430000,34.580002,34.095001,34.505001,24.519485,26144200
2018-11-07,34.950001,35.180000,34.549999,35.070000,24.920977,33325800
2018-11-08,34.910000,35.185001,34.185001,34.310001,24.380915,30289800
2018-11-09,33.855000,34.470001,33.669998,34.250000,24.338287,45835600
2018-11-12,34.485001,34.630001,33.470001,33.540001,23.833750,36083200
2018-11-13,33.445000,33.625000,32.595001,32.770000,23.286577,65463800
2018-11-14,33.279999,33.404999,32.415001,32.715000,23.247503,45084200
2018-11-15,32.505001,33.235001,32.505001,33.195000,23.588585,40613600
2018-11-16,33.400002,33.705002,33.235001,33.590000,23.869284,39511000
2018-11-19,33.384998,33.715000,33.279999,33.580002,23.862179,31167600
2018-11-20,33.139999,33.220001,32.230000,32.480000,23.080507,52648800
2018-11-21,32.735001,33.340000,32.660000,32.990002,23.442919,34661800
2018-11-23,32.169998,32.285000,31.719999,31.955000,22.707438,28843600
2018-11-26,32.189999,32.650002,32.185001,32.435001,23.048532,33365400
2018-11-27,32.270000,32.580002,32.160000,32.345001,22.984577,44528600
2018-11-28,32.314999,32.924999,32.110001,32.900002,23.378963,42296400
2018-11-29,32.924999,33.380001,32.880001,33.115002,23.531748,28828400
2018-11-30,32.825001,33.150002,32.660000,33.055000,23.489101,36258000
2018-12-03,33.810001,33.994999,33.395000,33.790001,24.011404,43990800
2018-12-04,33.805000,33.915001,32.759998,32.820000,23.322115,36592600
2018-12-06,32.099998,32.264999,31.535000,32.215000,22.892199,70712200
2018-12-07,32.830002,33.314999,31.980000,32.035000,22.764288,54891400
2018-12-10,31.809999,31.965000,30.809999,31.535000,22.408983,46765600
2018-12-11,32.020000,32.080002,31.215000,31.545000,22.416084,34483200
2018-12-12,32.060001,32.275002,31.650000,31.670000,22.504917,38534800
2018-12-13,31.594999,31.969999,31.455000,31.770000,22.575975,30598000
2018-12-14,31.575001,31.705000,30.895000,31.045000,22.060791,45787200
2018-12-17,30.965000,31.225000,30.260000,30.480000,21.659294,41464600
2018-12-18,30.424999,30.535000,29.594999,29.760000,21.147659,53234000
2018-12-19,29.915001,30.480000,29.165001,29.410000,20.898945,91097800
2018-12-20,29.049999,29.495001,28.420000,28.594999,20.319796,77008800
2018-12-21,28.334999,28.805000,27.820000,28.055000,20.122555,74787400
2018-12-24,27.725000,27.860001,26.895000,26.920000,19.308474,31211800
2018-12-26,27.180000,28.600000,26.680000,28.594999,20.509874,58194000
2018-12-27,28.020000,28.780001,27.639999,28.745001,20.617464,48754600
2018-12-28,28.875000,29.004999,28.350000,28.525000,20.459667,38874800
2018-12-31,28.780001,28.885000,28.340000,28.674999,20.567253,37410400
2019-01-02,28.219999,29.434999,28.075001,29.240000,20.972500,49785200
2019-01-03,29.325001,29.430000,28.620001,28.950001,20.764496,36048200
2019-01-04,29.450001,30.025000,29.280001,29.934999,21.470987,42703000
2019-01-07,30.160000,30.600000,29.760000,30.379999,21.790171,36113400
2019-01-08,30.805000,30.875000,30.450001,30.615000,21.958725,37384600
2019-01-09,31.025000,31.205000,30.705000,31.100000,22.306599,37513600
2019-01-10,30.865000,31.230000,30.690001,31.190001,22.371145,38335200
2019-01-11,31.030001,31.205000,30.730000,31.004999,22.238453,28211800
2019-01-14,30.709999,31.055000,30.665001,30.930000,22.184658,26383400
2019-01-15,31.100000,31.334999,30.885000,31.040001,22.263559,19642400
2019-01-16,31.004999,31.254999,30.895000,31.000000,22.234863,25082200
2019-01-17,30.764999,31.420000,30.695000,31.285000,22.439291,20349600
2019-01-18,31.655001,31.945000,31.469999,31.920000,22.894737,29063600
2019-01-22,31.570000,31.639999,31.139999,31.225000,22.396248,39726400
2019-01-23,31.334999,31.375000,30.650000,30.905001,22.166729,46735400
2019-01-24,30.840000,31.350000,30.715000,31.070000,22.285080,26098400
2019-01-25,31.334999,31.660000,31.285000,31.465000,22.568390,20467200
2019-01-28,31.049999,31.165001,30.809999,31.150000,22.342453,24044800
2019-01-29,31.330000,31.455000,31.219999,31.245001,22.410597,23768200
2019-01-30,31.440001,31.785000,31.270000,31.684999,22.726183,24233000
2019-01-31,31.735001,32.040001,31.650000,31.889999,22.873226,35688400
2019-02-01,32.235001,32.634998,32.130001,32.445000,23.271296,29544800
2019-02-04,32.224998,32.529999,31.985001,32.520000,23.325094,20215800
2019-02-05,32.494999,32.625000,32.389999,32.570000,23.360956,15705400
2019-02-06,32.415001,32.505001,32.299999,32.330002,23.188822,13607600
2019-02-07,32.130001,32.240002,31.320000,31.615000,22.675978,29200200
2019-02-08,31.530001,31.605000,30.934999,31.469999,22.571981,21268800
2019-02-11,31.320000,31.670000,31.230000,31.620001,22.679567,24994800
2019-02-12,32.044998,32.205002,31.650000,32.020000,22.966467,21354600
2019-02-13,32.150002,32.674999,32.115002,32.419998,23.253365,26123400
2019-02-14,32.305000,32.779999,32.244999,32.535000,23.335850,20426400
2019-02-15,32.875000,33.084999,32.799999,33.060001,23.712414,20367600
2019-02-19,32.895000,33.285000,32.845001,33.160000,23.784132,17443200
2019-02-20,33.110001,33.465000,33.105000,33.299999,23.884546,19871400
2019-02-21,33.195000,33.279999,32.665001,32.785000,23.515167,23732200
2019-02-22,33.029999,33.130001,32.715000,32.880001,23.583303,19896600
2019-02-25,32.775002,33.044998,32.744999,32.935001,23.622749,31808800
2019-02-26,32.904999,33.130001,32.820000,32.830002,23.547441,21101400
2019-02-27,32.990002,33.294998,32.799999,32.955002,23.637104,20588000
2019-02-28,32.959999,33.005001,32.419998,32.625000,23.400406,22498800
2019-03-01,32.799999,33.230000,32.799999,33.224998,23.830757,40655800
2019-03-04,33.345001,33.424999,32.785000,33.285000,23.873793,39560000
2019-03-05,33.330002,33.345001,32.939999,33.174999,23.794895,31615000
2019-03-06,32.904999,32.974998,32.590000,32.755001,23.493647,45381000
2019-03-07,32.775002,32.799999,32.430000,32.560001,23.353783,46892400
2019-03-08,32.035000,32.099998,31.655001,31.950001,22.916254,31243000
2019-03-11,32.185001,32.525002,32.154999,32.450001,23.274887,26424200
2019-03-12,32.505001,32.825001,32.494999,32.660000,23.425507,22026200
2019-03-13,32.865002,33.005001,32.730000,32.990002,23.662201,26413600
2019-03-14,33.020000,33.189999,32.985001,33.025002,23.687309,24640800
2019-03-15,32.740002,32.855000,32.630001,32.755001,23.677910,24854800
2019-03-18,32.794998,33.264999,32.779999,33.209999,24.006819,20135800
2019-03-19,33.375000,33.544998,32.985001,33.119999,23.941755,25052000
2019-03-20,33.090000,33.709999,32.990002,33.410000,24.151394,27325800
2019-03-21,33.310001,33.700001,33.240002,33.645000,24.321266,35755800
2019-03-22,33.340000,33.395000,32.610001,32.735001,23.663454,39949600
2019-03-25,32.595001,32.805000,32.435001,32.750000,23.674297,24692600
2019-03-26,33.130001,33.445000,33.040001,33.220001,24.014051,23033000
2019-03-27,33.195000,33.345001,32.735001,32.985001,23.844168,19165200
2019-03-28,32.845001,33.150002,32.779999,33.110001,23.934534,18298400
2019-03-29,33.430000,33.509998,32.950001,33.060001,23.898388,20075200
2019-04-01,33.279999,33.564999,33.235001,33.494999,24.212835,24823400
2019-04-02,33.580002,33.610001,33.185001,33.264999,24.046577,22304800
2019-04-03,33.360001,33.424999,32.830002,32.945000,23.815258,23979600
2019-04-04,32.965000,33.244999,32.805000,33.220001,24.014051,21008600
2019-04-05,33.310001,33.845001,33.294998,33.805000,24.436932,34538400
2019-04-08,33.855000,34.125000,33.814999,33.955002,24.545366,21204200
2019-04-09,33.855000,33.855000,33.435001,33.540001,24.245367,29083800
2019-04-10,33.615002,33.820000,33.575001,33.665001,24.335732,18751200
2019-04-11,33.634998,33.924999,33.430000,33.689999,24.353802,21828400
2019-04-12,34.174999,34.200001,33.695000,33.779999,24.418856,30853600
2019-04-15,33.740002,33.820000,33.525002,33.580002,24.274286,16601400
2019-04-16,33.700001,33.849998,33.580002,33.799999,24.433321,16260400
2019-04-17,34.005001,34.080002,33.709999,33.755001,24.400789,21869200
2019-04-18,33.849998,33.895000,33.509998,33.595001,24.285130,19519000
2019-04-22,33.904999,34.330002,33.810001,34.305000,24.798372,28329400
2019-04-23,34.330002,34.404999,34.025002,34.250000,24.758614,20424400
2019-04-24,34.279999,34.299999,33.634998,33.650002,24.324890,22038200
2019-04-25,33.645000,33.820000,33.470001,33.544998,24.248983,24121800
2019-04-26,33.299999,33.310001,32.820000,33.110001,23.934534,33676800
2019-04-29,33.119999,33.259998,33.014999,33.080002,23.912849,25949000
2019-04-30,33.400002,33.424999,33.014999,33.055000,23.894770,28654000
2019-05-01,33.064999,33.165001,32.369999,32.395000,23.417671,44311400
2019-05-02,32.189999,32.384998,31.815001,31.830000,23.009249,56066000
2019-05-03,32.130001,32.380001,32.055000,32.125000,23.222496,39249000
2019-05-06,31.879999,32.259998,31.850000,32.154999,23.244179,40689400
2019-05-07,31.775000,31.900000,31.469999,31.875000,23.041782,30129000
2019-05-08,31.860001,32.139999,31.790001,31.875000,23.041782,19647400
2019-05-09,31.725000,31.995001,31.455000,31.875000,23.041782,28819000
2019-05-10,31.875000,32.105000,31.424999,32.025002,23.150208,26150000
2019-05-13,31.735001,31.889999,31.325001,31.475000,22.752625,28139600
2019-05-14,31.645000,32.130001,31.615000,31.860001,23.030931,18484000
2019-05-15,31.680000,32.095001,31.594999,32.025002,23.150208,20184600
2019-05-16,32.105000,32.320000,32.105000,32.200001,23.276712,18753000
2019-05-17,31.985001,32.160000,31.834999,31.875000,23.041782,21111400
2019-05-20,31.879999,32.040001,31.825001,31.889999,23.052618,16372200
2019-05-21,32.025002,32.349998,31.985001,32.259998,23.320084,36761000
2019-05-22,32.064999,32.139999,31.655001,31.760000,22.958643,19274000
2019-05-23,31.230000,31.254999,30.510000,30.695000,22.188778,47927200
2019-05-24,30.940001,31.059999,30.545000,30.809999,22.271906,20306800
2019-05-28,30.830000,30.885000,30.445000,30.490000,22.040586,25861200
2019-05-29,30.070000,30.315001,29.889999,30.295000,21.899626,33903200
2019-05-30,30.245001,30.299999,29.815001,29.910000,21.621317,30347800
2019-05-31,29.500000,29.770000,29.385000,29.385000,21.241806,43797000
2019-06-03,29.584999,29.905001,29.540001,29.760000,21.512888,36049400
2019-06-04,30.040001,30.344999,29.959999,30.275000,21.885166,29486800
2019-06-05,30.334999,30.344999,29.760000,29.940001,21.643005,31763800
2019-06-06,30.000000,30.610001,30.000000,30.495001,22.044205,64787800
2019-06-07,30.590000,30.830000,30.514999,30.635000,22.145403,31548200
2019-06-10,30.799999,31.000000,30.680000,30.725000,22.210463,19675600
2019-06-11,30.995001,31.094999,30.775000,30.785000,22.253839,19045200
2019-06-12,30.584999,30.655001,30.254999,30.350000,21.939386,27633000
2019-06-13,30.700001,30.844999,30.340000,30.705000,22.196005,24383000
2019-06-14,30.780001,30.785000,30.430000,30.504999,22.051430,15832600
2019-06-17,30.440001,30.844999,30.344999,30.760000,22.235764,17590400
2019-06-18,30.959999,31.370001,30.905001,31.184999,22.542992,34444200
2019-06-19,31.139999,31.330000,30.985001,31.150000,22.517687,17655400
2019-06-20,31.650000,31.889999,31.615000,31.840000,23.016472,51908000
2019-06-21,31.600000,31.895000,31.600000,31.780001,23.182796,32712600
2019-06-24,31.770000,31.860001,31.445000,31.495001,22.974894,20793200
2019-06-25,31.475000,31.504999,31.209999,31.245001,22.792532,23774600
2019-06-26,31.559999,31.965000,31.480000,31.725000,23.142670,28653600
2019-06-27,31.725000,31.820000,31.424999,31.490000,22.971251,21217400
2019-06-28,31.565001,31.885000,31.565001,31.855000,23.237509,34739200
2019-07-01,32.250000,32.355000,31.805000,31.885000,23.259386,29772600
2019-07-02,31.790001,31.855000,31.235001,31.375000,22.887354,24190800
2019-07-03,31.420000,31.525000,31.230000,31.500000,22.978542,13974600
2019-07-05,31.385000,31.575001,31.315001,31.545000,23.011374,14726400
2019-07-08,31.495001,31.764999,31.405001,31.590000,23.044195,17256400
2019-07-09,31.540001,31.635000,31.330000,31.615000,23.062431,14976200
2019-07-10,31.815001,32.130001,31.605000,32.020000,23.357874,23534800
2019-07-11,32.115002,32.119999,31.885000,32.084999,23.405283,25362600
2019-07-12,32.105000,32.330002,32.105000,32.220001,23.503767,16162800
2019-07-15,32.275002,32.294998,31.860001,31.930000,23.292213,19077800
2019-07-16,31.865000,31.920000,31.465000,31.590000,23.044195,21174200
2019-07-17,31.565001,31.665001,31.209999,31.230000,22.781578,27329400
2019-07-18,31.080000,31.235001,30.900000,31.235001,22.785227,25509000
2019-07-19,31.264999,31.485001,31.120001,31.379999,22.891005,19930600
2019-07-22,31.500000,31.629999,31.275000,31.525000,22.996778,15686200
2019-07-23,31.525000,31.695000,31.430000,31.610001,23.058783,14537600
2019-07-24,31.570000,31.950001,31.535000,31.745001,23.157265,19815400
2019-07-25,31.865000,31.905001,31.290001,31.385000,22.894653,20140800
2019-07-26,31.385000,31.389999,31.090000,31.225000,22.777939,19307600
2019-07-29,31.200001,31.225000,30.870001,31.100000,22.686750,16569800
2019-07-30,30.975000,31.525000,30.915001,31.450001,22.942066,21602600
2019-07-31,31.450001,31.719999,31.090000,31.350000,22.869120,30556000
2019-08-01,31.004999,31.150000,30.445000,30.639999,22.351187,50380400
2019-08-02,30.764999,30.945000,29.889999,30.200001,22.030222,43399800
2019-08-05,29.639999,29.719999,29.090000,29.299999,21.373690,55153800
2019-08-06,29.375000,29.545000,28.950001,29.264999,21.348158,33995000
2019-08-07,28.730000,29.184999,28.580000,29.045000,21.187679,49604400
2019-08-08,29.240000,29.895000,29.105000,29.879999,21.796783,46535600
2019-08-09,29.905001,29.969999,29.424999,29.549999,21.556057,29186400
2019-08-12,29.480000,29.525000,29.070000,29.200001,21.300745,43838000
2019-08-13,29.070000,29.745001,28.915001,29.469999,21.497704,28695200
2019-08-14,28.840000,28.910000,28.270000,28.315001,20.655155,47299400
2019-08-15,28.165001,28.299999,27.834999,28.139999,20.527500,28575800
2019-08-16,28.290001,28.594999,28.195000,28.510000,20.797401,42798600
2019-08-19,28.910000,29.245001,28.855000,29.139999,21.256975,27763200
2019-08-20,29.000000,29.035000,28.785000,28.895000,21.078255,19042600
2019-08-21,29.195000,29.245001,28.975000,29.080000,21.213211,24074800
2019-08-22,29.180000,29.295000,28.934999,28.950001,21.118380,18706200
2019-08-23,28.605000,28.875000,27.820000,27.980000,20.410782,48817800
2019-08-26,28.225000,28.375000,27.980000,28.100000,20.498318,21610600
2019-08-27,28.250000,28.365000,27.775000,27.924999,20.370657,23662600
2019-08-28,28.070000,28.465000,27.930000,28.325001,20.662451,31388800
2019-08-29,28.545000,28.860001,28.514999,28.740000,20.965183,24663400
2019-08-30,28.850000,29.100000,28.570000,28.740000,20.965183,26044600
2019-09-03,28.275000,28.660000,28.190001,28.600000,20.863056,27929600
2019-09-04,29.000000,29.125000,28.915001,29.000000,21.154850,22381800
2019-09-05,29.254999,29.684999,29.209999,29.360001,21.417459,29077000
2019-09-06,29.299999,29.549999,29.135000,29.514999,21.530531,24468600
2019-09-09,29.754999,30.174999,29.695000,30.105000,21.960920,49514200
2019-09-10,30.290001,30.900000,30.230000,30.459999,22.219883,51436000
2019-09-11,30.629999,30.870001,30.325001,30.490000,22.241770,45504000
2019-09-12,30.105000,30.520000,29.855000,30.299999,22.103168,38119000
2019-09-13,30.500000,30.700001,30.370001,30.540001,22.278238,28123200
2019-09-16,31.820000,31.825001,31.200001,31.565001,23.025959,61355600
2019-09-17,31.584999,31.594999,30.915001,31.125000,22.704988,52900000
2019-09-18,30.900000,31.100000,30.760000,30.975000,22.595566,23209000
2019-09-19,31.160000,31.230000,30.799999,30.895000,22.537209,28037000
2019-09-20,30.635000,30.760000,30.490000,30.639999,22.555611,40300200
2019-09-23,30.434999,30.730000,30.400000,30.650000,22.562969,18660800
2019-09-24,30.555000,30.584999,29.985001,30.165001,22.205944,41101000
2019-09-25,30.025000,30.250000,29.955000,30.215000,22.242746,20248400
2019-09-26,30.080000,30.150000,29.670000,29.820000,21.951965,28011000
2019-09-27,29.655001,30.045000,29.600000,29.815001,21.948290,31263200
2019-09-30,29.674999,29.795000,29.570000,29.600000,21.790020,39616800
2019-10-01,29.700001,29.809999,28.910000,28.915001,21.285757,32749400
2019-10-02,28.745001,28.815001,28.125000,28.205000,20.763084,37824600
2019-10-03,28.049999,28.540001,27.820000,28.510000,20.987614,40914200
2019-10-04,28.629999,28.730000,28.340000,28.690001,21.120123,20275800
2019-10-07,28.735001,28.844999,28.420000,28.434999,20.932402,23284800
2019-10-08,28.145000,28.365000,27.910000,27.950001,20.575371,40038400
2019-10-09,28.200001,28.360001,28.150000,28.205000,20.763084,17833800
2019-10-10,28.299999,28.635000,28.254999,28.559999,21.024420,20111400
2019-10-11,28.855000,29.215000,28.805000,28.945000,21.307837,45127800
2019-10-14,28.735001,29.035000,28.625000,28.930000,21.296801,24321200
2019-10-15,28.870001,29.340000,28.834999,29.049999,21.385134,22170000
2019-10-16,28.950001,29.155001,28.635000,28.645000,21.086996,23910600
2019-10-17,28.764999,28.855000,28.575001,28.665001,21.101717,22616200
2019-10-18,28.590000,28.820000,28.510000,28.514999,20.991291,20555600
2019-10-21,28.570000,29.049999,28.535000,29.025000,21.366732,20948000
2019-10-22,29.115000,29.735001,29.025000,29.400000,21.642784,39393800
2019-10-23,29.350000,29.705000,29.225000,29.645000,21.823147,23640800
2019-10-24,29.815001,29.834999,29.365000,29.520000,21.731127,24233600
2019-10-25,29.530001,29.844999,29.490000,29.760000,21.907803,23750000
2019-10-28,29.860001,30.030001,29.540001,29.590000,21.782654,23513200
2019-10-29,29.480000,29.959999,29.379999,29.709999,21.870989,26936800
2019-10-30,29.780001,29.795000,28.990000,29.105000,21.425619,31013400
2019-10-31,28.985001,29.030001,28.695000,28.980000,21.333603,30064800
2019-11-01,29.125000,29.695000,29.100000,29.639999,21.819458,26620200
2019-11-04,29.980000,30.695000,29.975000,30.605000,22.529846,43060400
2019-11-05,30.690001,30.915001,30.545000,30.645000,22.559294,35110200
2019-11-06,30.600000,30.665001,29.934999,30.020000,22.099197,35655800
2019-11-07,30.325001,30.565001,30.245001,30.469999,22.430466,26483400
2019-11-08,30.285000,30.385000,30.000000,30.344999,22.338449,20779600
2019-11-11,30.059999,30.315001,29.945000,30.174999,22.213297,28961000
2019-11-12,30.264999,30.430000,29.865000,30.020000,22.099197,25082400
2019-11-13,29.865000,29.995001,29.764999,29.889999,22.003494,21151200
2019-11-14,29.879999,30.045000,29.670000,29.809999,21.944605,16233600
2019-11-15,29.934999,30.155001,29.900000,30.040001,22.113922,18363600
2019-11-18,29.850000,29.885000,29.549999,29.674999,21.845230,25508200
2019-11-19,29.580000,29.605000,29.200001,29.235001,21.521322,30758200
2019-11-20,29.225000,29.745001,29.045000,29.530001,21.738487,34290000
2019-11-21,29.629999,30.040001,29.535000,30.014999,22.095516,31283400
2019-11-22,30.040001,30.184999,29.855000,29.915001,22.021904,22984000
2019-11-25,29.879999,29.995001,29.764999,29.945000,22.043989,24672000
2019-11-26,29.985001,29.995001,29.559999,29.670000,21.841545,26804000
2019-11-27,29.705000,29.805000,29.500000,29.745001,21.896757,19336600
2019-11-29,29.500000,29.605000,29.334999,29.445000,21.675909,15660400
2019-12-02,29.545000,29.735001,29.410000,29.445000,21.675909,30779000
2019-12-03,29.184999,29.235001,28.900000,29.004999,21.352005,33891000
2019-12-04,29.260000,29.530001,29.165001,29.440001,21.672234,34853000
2019-12-05,29.565001,29.600000,29.200001,29.299999,21.569170,21784800
2019-12-06,29.424999,29.950001,29.420000,29.860001,21.981417,33459200
2019-12-09,29.629999,29.965000,29.629999,29.825001,21.955652,16812600
2019-12-10,29.924999,29.995001,29.754999,29.885000,21.999823,17570200
2019-12-11,29.840000,30.040001,29.775000,29.834999,21.963009,24872400
2019-12-12,29.879999,30.490000,29.844999,30.385000,22.367895,44981600
2019-12-13,30.490000,30.684999,30.135000,30.155001,22.198582,22743000
2019-12-16,30.370001,30.680000,30.355000,30.559999,22.496719,22271800
2019-12-17,30.690001,30.855000,30.465000,30.580000,22.511438,46292400
2019-12-18,30.545000,30.889999,30.504999,30.695000,22.596100,25881400
2019-12-19,30.700001,30.785000,30.629999,30.684999,22.588734,25534800
2019-12-20,30.480000,30.715000,30.424999,30.680000,22.805416,34839600
2019-12-23,30.645000,31.014999,30.610001,30.995001,23.039570,26944400
2019-12-24,31.065001,31.110001,30.924999,30.980000,23.028423,10074800
2019-12-26,31.115000,31.219999,30.930000,30.969999,23.020988,20312400
2019-12-27,31.084999,31.115000,30.820000,30.840000,22.924353,21436600
2019-12-30,30.059999,30.115000,29.805000,29.850000,22.852001,29259000
2019-12-31,29.700001,30.049999,29.615000,30.020000,22.982151,21444800
2020-01-02,30.219999,30.334999,30.115000,30.290001,23.188854,23889400
2020-01-03,30.565001,30.655001,30.049999,30.200001,23.119955,59005800
2020-01-06,30.305000,30.590000,30.200001,30.434999,23.299860,44916200
2020-01-07,30.350000,30.385000,30.000000,30.355000,23.238611,22925000
2020-01-08,30.325001,30.360001,29.815001,29.855000,22.855831,38042800
2020-01-09,29.840000,30.105000,29.490000,30.075001,23.024258,30733600
2020-01-10,30.059999,30.084999,29.870001,29.905001,22.894112,18302400
2020-01-13,29.860001,30.010000,29.705000,29.915001,22.901770,17557000
2020-01-14,29.850000,29.955000,29.655001,29.920000,22.905598,34678000
2020-01-15,29.790001,29.879999,29.615000,29.700001,22.737175,21661600
2020-01-16,29.875000,29.975000,29.735001,29.750000,22.775450,16449000
2020-01-17,29.830000,29.844999,29.510000,29.559999,22.629992,23818200
2020-01-21,29.395000,29.400000,28.980000,29.030001,22.224253,34709200
2020-01-22,28.975000,28.995001,28.670000,28.750000,22.009895,29355400
2020-01-23,28.450001,28.730000,28.230000,28.639999,21.925674,26556000
2020-01-24,28.510000,28.639999,28.090000,28.309999,21.673042,40781200
2020-01-27,27.740000,27.850000,27.490000,27.525000,21.072077,43365000
2020-01-28,27.680000,27.820000,27.540001,27.650000,21.167776,28600200
2020-01-29,27.805000,27.905001,27.325001,27.360001,20.945759,27490800
2020-01-30,27.075001,27.610001,27.004999,27.580000,21.114185,48861000
2020-01-31,27.115000,27.190001,26.580000,26.719999,20.455797,66861000
2020-02-03,26.684999,26.725000,26.275000,26.370001,20.187855,42578400
2020-02-04,26.750000,26.959999,26.415001,26.465000,20.260582,39639600
2020-02-05,26.905001,27.555000,26.889999,27.459999,21.022312,68764000
2020-02-06,27.590000,27.590000,27.135000,27.180000,20.807953,30801200
2020-02-07,26.975000,27.105000,26.850000,26.990000,20.662498,27386600
2020-02-10,26.850000,26.915001,26.690001,26.855000,20.559151,29281200
2020-02-11,27.219999,27.260000,27.035000,27.155001,20.788822,27689200
2020-02-12,27.559999,27.674999,27.295000,27.520000,21.068249,34399600
2020-02-13,27.445000,27.590000,27.275000,27.434999,21.003176,23949800
2020-02-14,27.530001,27.549999,27.120001,27.290001,20.892166,25040000
2020-02-18,27.049999,27.285000,26.815001,27.065001,20.719917,32629400
2020-02-19,27.245001,27.535000,27.094999,27.424999,20.995520,24910800
2020-02-20,27.495001,27.700001,27.325001,27.395000,20.972555,26101600
2020-02-21,27.135000,27.160000,26.844999,27.070000,20.723743,27616400
2020-02-24,26.049999,26.200001,25.740000,25.820000,19.766790,66075000
2020-02-25,25.889999,25.910000,24.520000,24.680000,18.894053,85674600
2020-02-26,24.770000,24.889999,23.924999,23.934999,18.323711,97656600
2020-02-27,23.315001,23.764999,22.645000,22.655001,17.343794,122557400
2020-02-28,21.940001,22.920000,21.760000,22.635000,17.328480,137511600
2020-03-02,23.139999,23.580000,22.465000,23.549999,18.028967,73285400
2020-03-03,23.684999,23.995001,22.575001,22.830000,17.477764,97190600
2020-03-04,23.320000,23.375000,22.834999,23.370001,17.891167,48969000
2020-03-05,22.700001,22.805000,22.139999,22.514999,17.236616,58774600
2020-03-06,21.750000,21.945000,20.930000,21.250000,16.268183,123034800
2020-03-09,17.535000,18.215000,16.865000,16.969999,12.991575,133113800
2020-03-10,18.334999,18.410000,16.680000,17.775000,13.607853,96862200
2020-03-11,17.225000,17.525000,16.565001,16.834999,12.888227,86954600
2020-03-12,15.595000,16.000000,14.690000,14.735000,11.280545,77658200
2020-03-13,15.980000,16.110001,14.400000,16.094999,12.321709,68196800
2020-03-16,13.975000,15.560000,13.835000,13.905000,10.645130,80467200
2020-03-17,14.040000,14.590000,13.475000,14.000000,10.717858,90887200
2020-03-18,13.020000,13.290000,11.440000,11.990000,9.179078,104271600
2020-03-19,12.165000,12.855000,11.490000,12.805000,9.803013,104453000
2020-03-20,13.130000,13.420000,12.380000,12.930000,9.898707,116714400
2020-03-23,12.565000,12.645000,11.575000,11.785000,9.224030,96520400
2020-03-24,12.700000,13.745000,12.700000,13.675000,10.703316,89022200
2020-03-25,13.975000,15.000000,13.370000,14.320000,11.208150,104869800
2020-03-26,14.465000,15.500000,14.285000,15.195000,11.893007,93836200
2020-03-27,14.560000,14.605000,14.080000,14.165000,11.086835,73056800
2020-03-30,13.975000,14.435000,13.545000,14.310000,11.200326,84254800
2020-03-31,14.710000,15.000000,14.240000,14.530000,11.372515,68701200
2020-04-01,14.060000,14.240000,13.615000,13.810000,10.808978,47653000
2020-04-02,14.505000,15.880000,14.130000,15.075000,11.799084,146256200
2020-04-03,15.550000,15.655000,14.490000,14.915000,11.673856,127668600
2020-04-06,15.250000,15.810000,15.045000,15.705000,12.292180,76041400
2020-04-07,16.480000,16.934999,16.010000,16.040001,12.554383,103019000
2020-04-08,16.379999,17.165001,16.245001,17.110001,13.391864,83811600
2020-04-09,17.770000,18.230000,16.309999,16.955000,13.270545,182655200
2020-04-13,17.545000,17.610001,16.629999,16.900000,13.227495,67685600
2020-04-14,16.985001,17.190001,16.709999,16.820000,13.164885,72648200
2020-04-15,16.150000,16.190001,15.530000,16.030001,12.546556,73421000
2020-04-16,15.990000,16.040001,15.325000,15.345000,12.010412,64605800
2020-04-17,15.665000,16.995001,15.655000,16.975000,13.286202,91706800
2020-04-20,15.975000,17.049999,15.890000,16.445000,12.871374,112790000
2020-04-21,15.970000,16.450001,15.695000,16.155001,12.644392,120861600
2020-04-22,16.885000,16.995001,16.504999,16.730000,13.094439,73753200
2020-04-23,17.240000,17.674999,17.070000,17.270000,13.517095,83207200
2020-04-24,17.615000,17.770000,17.035000,17.309999,13.548401,64859200
2020-04-27,17.180000,17.809999,16.790001,17.684999,13.841909,46576000
2020-04-28,17.950001,18.200001,17.660000,18.090000,14.158903,59138000
2020-04-29,18.684999,19.495001,18.670000,19.430000,15.207712,71075000
2020-04-30,19.540001,19.540001,18.719999,19.000000,14.871154,84040200
2020-05-01,18.610001,18.750000,17.705000,17.924999,14.029755,58531800
2020-05-04,17.594999,18.559999,17.510000,18.545000,14.515024,52780400
2020-05-05,19.305000,19.459999,18.495001,18.559999,14.526766,68733400
2020-05-06,18.650000,18.809999,18.059999,18.075001,14.147161,47350200
2020-05-07,18.584999,18.895000,18.415001,18.545000,14.515024,48469400
2020-05-08,18.980000,19.400000,18.870001,19.389999,15.176397,49646200
2020-05-11,19.260000,19.315001,18.959999,19.049999,14.910286,46531400
2020-05-12,19.240000,19.264999,18.690001,18.715000,14.648086,56129000
2020-05-13,18.590000,18.615000,17.735001,17.865000,13.982791,68994800
2020-05-14,17.549999,18.235001,17.150000,18.065001,14.139333,61968400
2020-05-15,18.070000,18.445000,17.834999,17.995001,14.084544,54427800
2020-05-18,19.025000,19.590000,18.975000,19.465000,15.235102,73139600
2020-05-19,19.490000,19.549999,18.905001,18.920000,14.808539,53940600
2020-05-20,19.309999,19.709999,19.209999,19.674999,15.399470,54521200
2020-05-21,19.735001,19.815001,19.205000,19.360001,15.152925,56241800
2020-05-22,19.205000,19.260000,18.844999,19.240000,15.058997,38495000
2020-05-26,19.855000,19.980000,19.725000,19.775000,15.477736,74888600
2020-05-27,20.065001,20.180000,19.469999,20.030001,15.677326,71225600
2020-05-28,20.080000,20.080000,19.375000,19.469999,15.239016,54356800
2020-05-29,19.299999,19.525000,18.975000,19.379999,15.168571,71500400
2020-06-01,19.350000,19.830000,19.090000,19.719999,15.434686,47680000
2020-06-02,19.934999,20.290001,19.910000,20.270000,15.865170,50318400
2020-06-03,20.590000,20.959999,20.549999,20.865000,16.330870,54601800
2020-06-04,20.750000,20.950001,20.450001,20.870001,16.334787,54849400
2020-06-05,21.915001,22.625000,21.895000,22.420000,17.547956,100393400
2020-06-08,23.235001,23.440001,22.715000,23.430000,18.338478,95069400
2020-06-09,22.680000,22.745001,22.240000,22.549999,17.649708,87399000
2020-06-10,22.340000,22.360001,21.430000,21.440001,16.780922,80977000
2020-06-11,19.945000,20.520000,19.355000,19.420000,15.199882,96304400
2020-06-12,20.275000,20.420000,19.370001,19.910000,15.583400,85635000
2020-06-15,19.059999,20.174999,18.850000,19.969999,15.630357,65694800
2020-06-16,20.920000,20.950001,19.959999,20.545000,16.080412,64083800
2020-06-17,20.465000,20.469999,19.840000,19.844999,15.532525,46736000
2020-06-18,19.645000,20.309999,19.525000,20.090000,15.724287,36937800
2020-06-19,20.715000,20.719999,19.764999,19.785000,15.485567,53934200
2020-06-22,19.440001,19.690001,19.209999,19.625000,15.557303,38896400
2020-06-23,19.920000,19.969999,19.584999,19.645000,15.573159,29611600
2020-06-24,19.340000,19.344999,18.430000,18.555000,14.709084,64726000
2020-06-25,18.379999,18.980000,18.285000,18.910000,14.990502,48034400
2020-06-26,18.775000,18.775000,18.170000,18.254999,14.471267,67722200
2020-06-29,18.299999,18.660000,18.219999,18.500000,14.665487,38905600
2020-06-30,18.350000,19.035000,18.160000,18.924999,15.002398,41886800
2020-07-01,19.000000,19.254999,18.440001,18.465000,14.637745,49146800
2020-07-02,18.844999,19.105000,18.629999,18.670000,14.800252,41558400
2020-07-06,19.000000,19.135000,18.490000,18.725000,14.843852,45084400
2020-07-07,18.490000,18.514999,18.100000,18.129999,14.372178,41821800
2020-07-08,18.129999,18.410000,17.965000,18.115000,14.360285,41301800
2020-07-09,18.035000,18.084999,17.200001,17.219999,13.650793,61087200
2020-07-10,17.120001,17.790001,17.120001,17.770000,14.086796,50456000
2020-07-13,17.934999,18.004999,17.540001,17.674999,14.011484,74447600
2020-07-14,17.555000,18.330000,17.504999,18.295000,14.502975,68442200
2020-07-15,18.760000,18.809999,18.415001,18.690001,14.816107,51805000
2020-07-16,18.565001,18.844999,18.330000,18.605000,14.748723,37645600
2020-07-17,18.665001,18.870001,18.264999,18.344999,14.542611,35433800
2020-07-20,18.280001,18.490000,18.025000,18.040001,14.300835,40153000
2020-07-21,18.350000,19.275000,18.325001,19.129999,15.164906,72340400
2020-07-22,18.924999,18.924999,18.620001,18.895000,14.978615,39243400
2020-07-23,18.830000,18.955000,18.620001,18.860001,14.950868,42087800
2020-07-24,18.860001,19.139999,18.684999,18.754999,14.867633,39901200
2020-07-27,18.730000,18.860001,18.495001,18.775000,14.883481,36462000
2020-07-28,18.665001,18.844999,18.405001,18.455000,14.629812,35553800
2020-07-29,18.504999,18.855000,18.379999,18.840000,14.935016,34430000
2020-07-30,18.445000,18.455000,17.940001,18.100000,14.348393,65667400
2020-07-31,17.825001,18.035000,17.650000,18.014999,14.281013,49548200
2020-08-03,18.010000,18.180000,17.860001,18.080000,14.332541,42206800
2020-08-04,18.020000,18.559999,18.004999,18.520000,14.681340,45144200
2020-08-05,18.885000,18.950001,18.545000,18.715000,14.835924,61517400
2020-08-06,18.610001,18.780001,18.495001,18.565001,14.717011,38381400
2020-08-07,18.400000,18.635000,18.184999,18.590000,14.736830,36753200
2020-08-10,18.730000,19.174999,18.684999,19.165001,15.192657,52616200
2020-08-11,19.540001,19.764999,19.010000,19.100000,15.141127,53026200
2020-08-12,19.389999,19.514999,19.084999,19.290001,15.291744,51065400
2020-08-13,19.135000,19.295000,18.870001,18.915001,14.994468,31522000
2020-08-14,18.764999,19.125000,18.695000,19.094999,15.137158,26559400
2020-08-17,19.100000,19.110001,18.879999,18.985001,15.049958,28511600
2020-08-18,18.915001,19.100000,18.690001,18.745001,14.859705,28697600
2020-08-19,18.730000,18.815001,18.469999,18.530001,14.689269,29587800
2020-08-20,18.254999,18.375000,18.125000,18.129999,14.372178,38215400
2020-08-21,18.059999,18.094999,17.844999,18.014999,14.281013,34695600
2020-08-24,18.125000,18.639999,18.014999,18.510000,14.673413,49654000
2020-08-25,18.610001,18.635000,18.160000,18.250000,14.467306,40237000
2020-08-26,18.225000,18.225000,17.840000,17.865000,14.162100,36002400
2020-08-27,17.870001,18.020000,17.680000,17.900000,14.189848,44519400
2020-08-28,17.969999,18.275000,17.879999,18.219999,14.443521,29150200
2020-08-31,18.245001,18.270000,17.825001,17.825001,14.130396,37583000
2020-09-01,17.745001,17.785000,17.485001,17.705000,14.035264,36521000
2020-09-02,17.700001,17.805000,17.510000,17.620001,13.967884,47700400
2020-09-03,17.584999,17.950001,17.385000,17.490000,13.864832,78884600
2020-09-04,17.670000,17.790001,17.219999,17.434999,13.821231,68682000
2020-09-08,17.105000,17.184999,16.610001,16.799999,13.317846,98437600
2020-09-09,16.990000,17.084999,16.855000,16.915001,13.409011,49955200
2020-09-10,16.965000,16.985001,16.264999,16.295000,12.917518,74006600
2020-09-11,16.330000,16.415001,16.174999,16.309999,12.929411,50794600
2020-09-14,16.355000,16.584999,16.240000,16.434999,13.028499,38888400
2020-09-15,16.545000,16.695000,16.264999,16.315001,12.933374,51220800
2020-09-16,16.459999,17.190001,16.320000,16.969999,13.452609,71772200
2020-09-17,16.700001,17.010000,16.535000,16.995001,13.472430,44713400
2020-09-18,16.985001,16.995001,16.635000,16.805000,13.321810,52812800
2020-09-21,16.129999,16.170000,15.715000,15.985000,12.880248,61439200
2020-09-22,15.995000,16.250000,15.790000,15.820000,12.747297,44697400
2020-09-23,15.880000,15.940000,15.085000,15.105000,12.171169,52969200
2020-09-24,15.050000,15.375000,14.770000,15.100000,12.167141,70487600
2020-09-25,14.945000,15.205000,14.850000,15.090000,12.159082,55116800
2020-09-28,15.365000,15.615000,15.345000,15.445000,12.445131,52752000
2020-09-29,15.400000,15.435000,14.870000,15.020000,12.102677,47601800
2020-09-30,15.115000,15.290000,14.905000,14.975000,12.066421,49149000
2020-10-01,14.810000,14.875000,14.425000,14.515000,11.695766,56730400
2020-10-02,14.125000,14.780000,14.100000,14.655000,11.808574,57410400
2020-10-05,14.785000,15.105000,14.750000,15.095000,12.163113,63144400
2020-10-06,15.315000,15.400000,14.830000,14.870000,11.981812,62223200
2020-10-07,14.955000,15.120000,14.785000,15.080000,12.151024,42086000
2020-10-08,15.205000,15.655000,15.135000,15.645000,12.606287,61126200
2020-10-09,15.785000,15.825000,15.370000,15.395000,12.404844,51035800
2020-10-12,15.345000,15.490000,15.185000,15.435000,12.437075,33369200
2020-10-13,15.435000,15.525000,15.150000,15.195000,12.243689,50767600
2020-10-14,15.230000,15.615000,15.200000,15.260000,12.296065,54488000
2020-10-15,15.000000,15.450000,14.865000,15.445000,12.445131,40707800
2020-10-16,15.415000,15.435000,15.070000,15.095000,12.163113,37423000
2020-10-19,15.150000,15.225000,14.760000,14.775000,11.905265,50372000
2020-10-20,14.860000,15.080000,14.760000,14.950000,12.046275,45980600
2020-10-21,14.865000,14.950000,14.660000,14.665000,11.816630,49315200
2020-10-22,14.690000,15.290000,14.595000,15.270000,12.304123,65648400
2020-10-23,15.350000,15.440000,15.005000,15.195000,12.243689,49975400
2020-10-26,14.935000,14.955000,14.505000,14.650000,11.804544,60802000
2020-10-27,14.635000,14.640000,14.425000,14.460000,11.651447,43193600
2020-10-28,14.105000,14.195000,13.775000,13.855000,11.163956,81098200
2020-10-29,13.675000,14.325000,13.490000,14.280000,11.506409,74504200
2020-10-30,14.180000,14.370000,14.015000,14.360000,11.570871,75799400
2020-11-02,14.555000,15.045000,14.285000,14.850000,11.965700,83786200
2020-11-03,15.100000,15.110000,14.630000,14.765000,11.897208,69755000
2020-11-04,14.785000,15.140000,14.385000,14.785000,11.913321,87227400
2020-11-05,14.805000,15.080000,14.755000,14.785000,11.913321,63591600
2020-11-06,14.785000,15.005000,14.405000,14.465000,11.655477,66446400
2020-11-09,16.200001,16.895000,16.150000,16.530001,13.319397,198713400
2020-11-10,16.840000,17.065001,16.490000,17.065001,13.750481,146676200
2020-11-11,17.250000,17.285000,16.730000,16.889999,13.609469,93085000
2020-11-12,16.594999,16.830000,16.170000,16.344999,13.170322,77169600
2020-11-13,16.469999,17.025000,16.450001,16.940001,13.649760,78865400
2020-11-16,17.660000,18.094999,17.445000,18.055000,14.548199,95865400
2020-11-17,17.820000,18.250000,17.584999,18.240000,14.697263,78020200
2020-11-18,18.395000,18.465000,17.709999,17.709999,14.270202,82000400
2020-11-19,17.584999,18.035000,17.405001,18.000000,14.503877,65872400
2020-11-20,17.955000,18.035000,17.780001,17.905001,14.427327,39506400
2020-11-23,18.184999,19.195000,18.165001,19.170000,15.446631,76324600
2020-11-24,19.815001,20.209999,19.639999,20.155001,16.240314,106932000
2020-11-25,20.025000,20.025000,19.575001,19.684999,15.861600,71352400
2020-11-27,19.575001,19.735001,19.299999,19.455000,15.676274,37510800
2020-11-30,19.240000,19.264999,18.350000,18.379999,14.810074,83087200
2020-12-01,18.889999,18.995001,18.434999,18.465000,14.878563,68935600
2020-12-02,18.405001,19.355000,18.344999,19.065001,15.362024,75483600
2020-12-03,19.150000,19.500000,18.955000,19.264999,15.523176,72975400
2020-12-04,19.615000,20.330000,19.615000,20.315001,16.369238,103700400
2020-12-07,20.075001,20.120001,19.650000,19.840000,15.986491,69313200
2020-12-08,19.594999,20.334999,19.590000,20.135000,16.224197,57854600
2020-12-09,20.340000,20.670000,19.934999,20.180000,16.260458,86691800
2020-12-10,20.205000,21.040001,20.150000,20.799999,16.760036,77604400
2020-12-11,20.660000,20.665001,20.270000,20.559999,16.566654,56152200
2020-12-14,20.875000,20.879999,19.764999,19.840000,15.986491,79884400
2020-12-15,19.950001,20.330000,19.764999,20.230000,16.300745,58671800
2020-12-16,20.280001,20.355000,19.990000,20.129999,16.220171,47628800
2020-12-17,20.309999,20.315001,19.915001,20.035000,16.143618,46363400
2020-12-18,19.995001,20.105000,19.545000,19.700001,15.873687,73140400
2020-12-21,18.705000,19.230000,18.510000,19.065001,15.567485,80158800
2020-12-22,19.025000,19.090000,18.725000,18.745001,15.306188,50185800
2020-12-23,18.905001,19.424999,18.900000,19.160000,15.645052,53931800
2020-12-24,19.184999,19.184999,18.870001,19.059999,15.563399,22903000
2020-12-28,19.129999,19.370001,18.885000,18.940001,15.465413,37824600
2020-12-29,19.055000,19.110001,18.725000,18.815001,15.363345,37968600
2020-12-30,18.830000,19.290001,18.785000,19.110001,15.604226,56436600
2020-12-31,19.025000,19.105000,18.865000,18.950001,15.473578,36309800
2021-01-04,19.170000,19.330000,18.754999,18.980000,15.498075,67717600
2021-01-05,19.184999,20.350000,19.170000,19.830000,16.192142,95473400
2021-01-06,20.219999,20.625000,19.959999,20.434999,16.686150,86262800
2021-01-07,20.615000,20.945000,20.400000,20.735001,16.931118,51457200
2021-01-08,21.000000,21.000000,20.545000,20.709999,16.910704,62744000
2021-01-11,20.260000,21.120001,20.145000,21.035000,17.176079,46890400
2021-01-12,21.290001,21.885000,21.129999,21.770000,17.776241,87947200
2021-01-13,21.844999,21.855000,21.434999,21.600000,17.637432,54764400
2021-01-14,21.735001,22.500000,21.715000,22.240000,18.160019,83314600
2021-01-15,21.844999,21.850000,21.165001,21.375000,17.453705,95497000
2021-01-19,21.635000,21.955000,21.565001,21.805000,17.804821,55619400
2021-01-20,21.990000,22.045000,21.670000,21.885000,17.870148,50725600
2021-01-21,21.764999,21.875000,20.950001,21.145000,17.265903,59968000
2021-01-22,20.680000,21.094999,20.510000,21.035000,17.176079,50444600
2021-01-25,20.805000,20.885000,20.440001,20.820000,17.000525,81823200
2021-01-26,21.004999,21.320000,20.365000,20.375000,16.637161,54999600
2021-01-27,20.040001,20.660000,19.754999,20.100000,16.412609,99867200
2021-01-28,20.264999,20.580000,20.080000,20.334999,16.604496,57248200
2021-01-29,20.049999,20.309999,19.584999,19.660000,16.053326,63069000
2021-02-01,19.900000,20.000000,19.469999,19.799999,16.167643,61021400
2021-02-02,20.275000,20.495001,20.014999,20.014999,16.343201,63929000
2021-02-03,20.120001,20.924999,20.045000,20.870001,17.041349,74385600
2021-02-04,21.025000,21.105000,20.655001,21.100000,17.229155,48327800
2021-02-05,21.430000,21.500000,21.219999,21.280001,17.376139,48196400
2021-02-08,21.590000,22.275000,21.570000,22.170000,18.102861,62368200
2021-02-09,21.995001,22.065001,21.645000,21.934999,17.910973,64798800
2021-02-10,22.010000,22.375000,21.870001,22.355000,18.253923,58451000
2021-02-11,22.285000,22.290001,21.545000,22.010000,17.972218,49632600
2021-02-12,21.855000,22.355000,21.815001,22.334999,18.237595,47400800
2021-02-16,22.850000,23.160000,22.735001,22.895000,18.694855,76593400
2021-02-17,23.129999,23.385000,22.795000,23.235001,18.972488,68964400
2021-02-18,23.135000,23.180000,22.639999,22.709999,18.543800,61360200
2021-02-19,22.740000,23.180000,22.715000,23.090000,18.854090,54404200
2021-02-22,23.245001,24.235001,23.205000,23.889999,19.507324,75644600
2021-02-23,24.174999,24.355000,23.254999,24.285000,19.829863,98370800
2021-02-24,24.445000,25.290001,24.240000,25.145000,20.532091,77748800
2021-02-25,25.405001,25.405001,24.490000,24.660000,20.136065,75887800
2021-02-26,24.330000,24.400000,23.365000,24.075001,19.658384,90308800
2021-03-01,24.709999,25.040001,24.530001,24.700001,20.168734,69391600
2021-03-02,24.790001,24.990000,24.549999,24.565001,20.058495,74468200
2021-03-03,24.745001,25.490000,24.740000,24.924999,20.352451,82574400
2021-03-04,25.150000,25.980000,24.915001,25.520000,20.838295,107573800
2021-03-05,26.245001,26.535000,25.590000,26.475000,21.618097,112395800
2021-03-08,26.735001,26.875000,26.139999,26.525000,21.658930,100610000
2021-03-09,26.375000,26.754999,25.875000,26.059999,21.279232,118889600
2021-03-10,26.100000,26.809999,25.975000,26.719999,21.818157,78416600
2021-03-11,26.775000,27.184999,26.670000,26.730000,21.826319,50797400
2021-03-12,26.780001,27.025000,26.584999,26.785000,21.871229,59786800
2021-03-15,26.725000,26.799999,26.160000,26.480000,21.622183,60452600
2021-03-16,26.040001,26.065001,25.565001,25.725000,21.005688,77287000
2021-03-17,25.650000,26.049999,25.430000,25.924999,21.168997,64552200
2021-03-18,25.695000,25.809999,24.655001,24.760000,20.217722,87207200
2021-03-19,24.750000,25.174999,24.430000,24.764999,20.221807,81158600
2021-03-22,24.450001,24.545000,24.219999,24.270000,20.027878,59561800
2021-03-23,23.780001,24.450001,23.629999,23.915001,19.734928,103196200
2021-03-24,24.280001,24.844999,24.280001,24.514999,20.230055,81630800
2021-03-25,24.105000,24.674999,23.715000,24.605000,20.304321,80670200
2021-03-26,25.049999,25.250000,24.764999,25.215000,20.807707,72348600
2021-03-29,25.000000,25.129999,24.610001,24.915001,20.560143,47286200
2021-03-30,24.660000,24.965000,24.514999,24.700001,20.382721,53392200
2021-03-31,24.650000,24.760000,24.434999,24.530001,20.242434,48097400
2021-04-01,24.639999,25.165001,24.510000,25.155001,20.758190,65039600
2021-04-05,25.105000,25.110001,24.410000,24.555000,20.263067,53372200
2021-04-06,24.674999,25.004999,24.450001,24.490000,20.209425,53257800
2021-04-07,24.500000,24.700001,24.410000,24.575001,20.279566,49888600
2021-04-08,24.400000,24.405001,23.975000,24.254999,20.015499,63766600
2021-04-09,24.250000,24.459999,23.985001,24.094999,19.883467,44373400
2021-04-12,24.305000,24.480000,23.820000,23.905001,19.726681,39196200
2021-04-13,23.865000,24.059999,23.690001,23.930000,19.747303,44825400
2021-04-14,24.139999,24.920000,24.115000,24.594999,20.296076,66767800
2021-04-15,24.625000,24.625000,24.295000,24.395000,20.131029,49686200
2021-04-16,24.575001,24.635000,24.100000,24.200001,19.970116,57189000
2021-04-19,24.250000,24.430000,23.940001,24.174999,19.949484,40827800
2021-04-20,24.090000,24.125000,23.295000,23.535000,19.421349,72574000
2021-04-21,23.235001,23.920000,23.125000,23.834999,19.668915,56991000
2021-04-22,23.950001,23.959999,23.475000,23.555000,19.437853,50062800
2021-04-23,23.575001,23.875000,23.434999,23.770000,19.615273,33897800
2021-04-26,23.680000,24.110001,23.680000,23.930000,19.747303,35891800
2021-04-27,24.020000,24.305000,23.910000,24.219999,19.986618,42268800
2021-04-28,24.400000,25.150000,24.379999,25.055000,20.675674,65874000
2021-04-29,25.415001,25.645000,25.025000,25.334999,20.906731,66042400
2021-04-30,24.975000,25.320000,24.639999,24.695000,20.378592,58519000
2021-05-03,24.980000,25.440001,24.900000,25.375000,20.939743,45740000
2021-05-04,25.424999,25.615000,25.100000,25.389999,20.952114,53917600
2021-05-05,25.705000,26.290001,25.705000,26.209999,21.628788,79621200
2021-05-06,26.205000,26.344999,25.719999,26.344999,21.740196,58710400
2021-05-07,26.075001,26.860001,25.980000,26.815001,22.128042,63196200
2021-05-10,27.150000,27.570000,26.805000,26.825001,22.136297,68998000
2021-05-11,26.264999,26.639999,25.905001,26.135000,21.566898,113531800
2021-05-12,26.270000,27.035000,26.139999,26.260000,21.670050,82195600
2021-05-13,25.945000,26.424999,25.590000,25.940001,21.405981,79698200
2021-05-14,26.225000,26.844999,26.225000,26.745001,22.070276,57183600
2021-05-17,26.650000,27.375000,26.610001,27.365000,22.581907,67404200
2021-05-18,27.325001,27.424999,26.680000,26.730000,22.057898,70435400
2021-05-19,26.105000,26.360001,25.700001,26.065001,21.509136,87969600
2021-05-20,26.055000,26.145000,25.655001,26.025000,21.476122,56522600
2021-05-21,26.285000,26.469999,26.059999,26.080000,21.521513,50539800
2021-05-24,26.260000,26.400000,25.965000,26.340000,21.736065,48020400
2021-05-25,26.275000,26.344999,25.764999,25.805000,21.294579,48558600
2021-05-26,25.830000,26.129999,25.709999,26.035000,21.484373,39554400
2021-05-27,26.139999,26.375000,25.910000,26.055000,21.500883,39053600
2021-05-28,26.200001,26.235001,25.965000,26.105000,21.542143,37125400
2021-06-01,26.620001,27.170000,26.605000,27.110001,22.371477,72570200
2021-06-02,27.275000,27.745001,26.955000,27.615000,22.788212,67893400
2021-06-03,27.500000,27.844999,27.325001,27.690001,22.850101,58761600
2021-06-04,27.870001,27.990000,27.465000,27.875000,23.002766,52658800
2021-06-07,27.870001,28.040001,27.715000,27.754999,22.903738,40070400
2021-06-08,27.660000,28.045000,27.330000,27.995001,23.101789,57553000
2021-06-09,28.075001,28.195000,27.805000,27.820000,22.957375,56052200
2021-06-10,28.195000,28.325001,27.490000,27.785000,22.928499,57353800
2021-06-11,27.885000,28.040001,27.655001,27.690001,22.850101,38091400
2021-06-14,27.790001,27.959999,27.344999,27.570000,22.751078,37745000
2021-06-15,27.745001,28.170000,27.674999,28.094999,23.184313,64285000
2021-06-16,28.049999,28.275000,27.700001,27.945000,23.060532,60786400
2021-06-17,27.875000,28.110001,26.629999,26.995001,22.276579,106941800
2021-06-18,26.430000,26.764999,26.174999,26.195000,21.616411,113812200
2021-06-21,26.145000,27.084999,26.145000,27.035000,22.537588,84366800
2021-06-22,26.969999,27.320000,26.674999,27.215000,22.687647,48344400
2021-06-23,27.465000,27.775000,27.240000,27.290001,22.750168,40553000
2021-06-24,27.415001,27.545000,27.150000,27.525000,22.946077,41756800
2021-06-25,27.600000,27.684999,27.445000,27.670000,23.066954,38330000
2021-06-28,27.549999,27.565001,26.625000,26.735001,22.287497,65702800
2021-06-29,26.895000,27.045000,26.570000,26.605000,22.179117,31911000
2021-06-30,26.684999,27.014999,26.660000,26.934999,22.454222,47034000
2021-07-01,27.549999,27.635000,27.150000,27.405001,22.846039,47251600
2021-07-02,27.290001,27.434999,27.055000,27.344999,22.796013,30471800
2021-07-06,27.254999,27.305000,26.344999,26.455000,22.054075,68446200
2021-07-07,26.415001,26.660000,25.735001,26.025000,21.695602,60823800
2021-07-08,25.565001,26.120001,25.475000,25.875000,21.570564,49379800
2021-07-09,26.205000,26.445000,25.900000,26.424999,22.029062,51206000
2021-07-12,26.125000,26.545000,25.940001,26.385000,21.995720,41353000
2021-07-13,26.254999,26.420000,26.030001,26.184999,21.828993,49786800
2021-07-14,26.264999,26.570000,25.305000,25.405001,21.178751,66999400
2021-07-15,25.129999,25.434999,24.930000,25.049999,20.882803,59670800
2021-07-16,25.240000,25.250000,24.295000,24.340000,20.290920,74253800
2021-07-19,23.510000,23.815001,23.150000,23.480000,19.573978,114994800
2021-07-20,23.490000,24.045000,23.290001,23.795000,19.836580,83342000
2021-07-21,24.264999,24.825001,24.209999,24.625000,20.528505,82042600
2021-07-22,24.600000,24.600000,24.139999,24.350000,20.299255,47270000
2021-07-23,24.430000,24.440001,24.014999,24.260000,20.224224,46951800
2021-07-26,24.320000,24.959999,24.275000,24.860001,20.724409,47266200
2021-07-27,24.665001,24.705000,24.340000,24.629999,20.532671,46888400
2021-07-28,24.695000,25.059999,24.469999,24.855000,20.720242,39169200
2021-07-29,25.174999,25.285000,24.945000,25.094999,20.920319,43794000
2021-07-30,25.045000,25.150000,24.545000,24.695000,20.586859,49600600
2021-08-02,24.709999,25.309999,24.469999,24.510000,20.432638,57810800
2021-08-03,24.430000,24.980000,24.200001,24.930000,20.782770,64302000
2021-08-04,24.480000,24.785000,24.219999,24.254999,20.220055,64523800
2021-08-05,24.405001,24.830000,24.299999,24.530001,20.449306,45800000
2021-08-06,24.740000,24.950001,24.620001,24.754999,20.636877,36214800
2021-08-09,24.424999,24.600000,24.240000,24.405001,20.345102,42193400
2021-08-10,24.535000,24.900000,24.504999,24.834999,20.703569,53283000
2021-08-11,24.770000,25.075001,24.615000,25.030001,20.866131,47686200
2021-08-12,25.010000,25.145000,24.700001,25.004999,20.845289,36517200
2021-08-13,25.020000,25.020000,24.650000,24.709999,20.599363,33050800
2021-08-16,24.375000,24.385000,24.040001,24.254999,20.220055,48258400
2021-08-17,24.020000,24.395000,23.790001,24.004999,20.011642,51108200
2021-08-18,24.000000,24.190001,23.475000,23.504999,19.594824,56305800
2021-08-19,23.100000,23.250000,22.570000,22.895000,19.086298,99256200
2021-08-20,22.684999,23.090000,22.584999,22.945000,19.127981,61587600
2021-08-23,23.500000,23.870001,23.450001,23.805000,19.844917,58704400
2021-08-24,24.004999,24.325001,23.965000,24.200001,20.174208,45382200
2021-08-25,24.150000,24.520000,23.990000,24.385000,20.328428,39817600
2021-08-26,24.245001,24.379999,23.975000,24.014999,20.019985,41465400
2021-08-27,24.315001,24.820000,24.260000,24.655001,20.553511,46202600
2021-08-30,24.750000,24.844999,24.355000,24.365000,20.311760,31817800
2021-08-31,24.245001,24.465000,24.139999,24.200001,20.174208,53873200
2021-09-01,24.174999,24.315001,23.754999,23.844999,19.878258,63459800
2021-09-02,24.065001,24.645000,24.065001,24.450001,20.382620,61635400
2021-09-03,24.400000,24.580000,24.195000,24.309999,20.265905,39162800
2021-09-07,24.195000,24.500000,24.075001,24.165001,20.145027,42472800
2021-09-08,24.299999,24.459999,23.840000,23.855000,19.886599,43798400
2021-09-09,23.695000,24.280001,23.570000,23.905001,19.928282,50529600
2021-09-10,24.275000,24.325001,23.820000,23.895000,19.919945,37513000
2021-09-13,24.205000,24.745001,24.205000,24.580000,20.490988,68499600
2021-09-14,24.799999,24.844999,24.120001,24.225000,20.195044,58935800
2021-09-15,24.570000,25.150000,24.530001,25.129999,20.949495,76695000
2021-09-16,25.105000,25.110001,24.709999,24.844999,20.711906,60643800
2021-09-17,24.719999,25.110001,24.594999,24.660000,20.557686,64459000
2021-09-20,23.775000,23.905001,23.235001,23.620001,19.929916,85660000
2021-09-21,23.900000,24.025000,23.424999,23.674999,19.976322,51323400
2021-09-22,24.075001,24.690001,24.075001,24.405001,20.592283,79252200
2021-09-23,24.540001,25.334999,24.424999,25.260000,21.313700,49734200
2021-09-24,25.125000,25.580000,25.075001,25.450001,21.474020,55503000
2021-09-27,26.010000,26.459999,25.975000,26.355000,22.237633,81697400
2021-09-28,26.605000,26.915001,26.385000,26.445000,22.313576,132975200
2021-09-29,26.420000,26.610001,26.094999,26.445000,22.313576,69894400
2021-09-30,26.370001,26.514999,26.045000,26.045000,21.976063,89198800
2021-10-01,26.235001,26.945000,26.235001,26.920000,22.714365,83312000
2021-10-04,27.209999,27.660000,27.084999,27.360001,23.085627,114815800
2021-10-05,27.750000,28.025000,27.235001,27.520000,23.220631,98029600
2021-10-06,27.065001,27.379999,26.750000,27.230000,22.975939,100174800
2021-10-07,27.299999,27.590000,27.165001,27.440001,23.153128,77596200
2021-10-08,27.730000,28.350000,27.665001,28.285000,23.866116,86200400
2021-10-11,28.709999,28.795000,28.155001,28.180000,23.777519,86021400
2021-10-12,28.125000,28.475000,28.010000,28.205000,23.798615,71038200
2021-10-13,28.000000,28.325001,27.684999,28.180000,23.777519,57902600
2021-10-14,28.500000,28.645000,28.240000,28.525000,24.068617,46786600
2021-10-15,28.844999,28.955000,28.650000,28.665001,24.186747,45354800
2021-10-18,28.945000,29.105000,28.525000,28.684999,24.203623,65257600
2021-10-19,28.805000,29.110001,28.650000,29.010000,24.477848,44552600
2021-10-20,28.790001,29.250000,28.674999,29.245001,24.676140,50212600
2021-10-21,29.020000,29.125000,28.469999,28.705000,24.220499,64241800
2021-10-22,28.809999,29.000000,28.540001,28.975000,24.448324,43005000
2021-10-25,29.330000,29.559999,29.174999,29.400000,24.806923,50112200
2021-10-26,29.500000,29.705000,29.389999,29.570000,24.950363,45503200
2021-10-27,29.250000,29.410000,28.655001,28.719999,24.233158,68007600
2021-10-28,28.565001,28.950001,28.559999,28.924999,24.406132,46735000
2021-10-29,29.070000,29.135000,28.615000,28.735001,24.245811,43997800
2021-11-01,29.020000,29.309999,28.940001,29.230000,24.663479,49656800
2021-11-02,29.059999,29.285000,28.860001,28.955000,24.431444,34125400
2021-11-03,28.605000,29.014999,28.485001,28.715000,24.228933,46674800
2021-11-04,29.139999,29.215000,28.495001,28.754999,24.262684,76363200
2021-11-05,29.150000,29.260000,28.889999,29.129999,24.579105,45207000
2021-11-08,29.375000,29.700001,29.235001,29.395000,24.802706,40022400
2021-11-09,29.430000,29.525000,29.010000,29.514999,24.903954,39378000
2021-11-10,29.389999,29.485001,28.565001,28.735001,24.245811,72033000
2021-11-11,28.754999,29.040001,28.754999,28.844999,24.338629,48996600
2021-11-12,28.725000,28.889999,28.600000,28.775000,24.279564,34190000
2021-11-15,28.750000,29.184999,28.504999,29.014999,24.482065,42751400
2021-11-16,29.100000,29.295000,28.920000,29.059999,24.520042,40958800
2021-11-17,28.775000,29.190001,28.514999,28.615000,24.144562,47339000
2021-11-18,28.549999,28.775000,28.100000,28.445000,24.001120,57911000
2021-11-19,27.830000,27.905001,27.275000,27.334999,23.064533,91379600
2021-11-22,27.295000,28.240000,27.290001,27.820000,23.473759,67785800
2021-11-23,28.184999,28.770000,28.160000,28.674999,24.195185,67724600
2021-11-24,28.525000,29.120001,28.485001,28.955000,24.431444,42868600
2021-11-26,27.520000,27.879999,27.070000,27.790001,23.448448,89454400
2021-11-29,28.395000,28.680000,27.860001,27.950001,23.583456,70882400
2021-11-30,27.424999,27.840000,27.160000,27.295000,23.030779,92524000
2021-12-01,27.934999,28.190001,26.990000,27.004999,22.786087,89549600
2021-12-02,27.020000,27.889999,26.700001,27.790001,23.448448,100743800
2021-12-03,28.165001,28.290001,27.305000,27.570000,23.262819,75880200
2021-12-06,27.995001,28.309999,27.650000,27.980000,23.608761,63939000
2021-12-07,28.370001,28.905001,28.334999,28.635000,24.161440,73686600
2021-12-08,28.795000,28.934999,28.570000,28.629999,24.157219,47030000
2021-12-09,28.450001,28.525000,28.235001,28.410000,23.971590,46798800
2021-12-10,28.715000,28.735001,28.110001,28.620001,24.148781,39051200
2021-12-13,28.365000,28.450001,27.690001,27.825001,23.477982,57208000
2021-12-14,27.655001,28.135000,27.615000,27.709999,23.380941,57597600
2021-12-15,27.670000,27.740000,26.959999,27.575001,23.267036,67716200
2021-12-16,27.815001,28.320000,27.705000,27.750000,23.414692,53731800
2021-12-17,27.549999,27.674999,26.940001,27.184999,22.937967,69270200
2021-12-20,26.115000,26.525000,25.830000,26.504999,22.653774,72661600
2021-12-21,26.775000,27.360001,26.764999,27.260000,23.299076,50319400
2021-12-22,27.290001,27.620001,26.959999,27.434999,23.448648,42206200
2021-12-23,27.555000,27.830000,27.440001,27.450001,23.461470,33370600
2021-12-27,27.360001,28.075001,27.129999,28.049999,23.974285,43484400
2021-12-28,28.120001,28.305000,27.875000,28.030001,23.957195,35877000
2021-12-29,27.985001,28.120001,27.715000,27.850000,23.803345,30218200
2021-12-30,27.860001,28.080000,27.655001,27.680000,23.658051,27180000
2021-12-31,27.610001,27.895000,27.565001,27.750000,23.717876,26482400
2022-01-03,27.790001,28.655001,27.775000,28.610001,24.452921,65054200
2022-01-04,29.000000,29.715000,28.905001,29.600000,25.299074,79957600
2022-01-05,29.889999,30.219999,29.549999,29.594999,25.294796,90804000
2022-01-06,30.290001,30.424999,29.830000,30.254999,25.858896,74681400
2022-01-07,30.370001,30.750000,30.160000,30.670000,26.213598,71169200
2022-01-10,30.740000,30.799999,30.174999,30.575001,26.132402,66473000
2022-01-11,30.840000,31.670000,30.580000,31.615000,27.021290,76887800
2022-01-12,31.785000,31.870001,31.445000,31.674999,27.072567,60496800
2022-01-13,31.674999,31.930000,31.385000,31.514999,26.935818,59554000
2022-01-14,31.545000,32.305000,31.525000,32.255001,27.568296,64801000
2022-01-18,32.599998,32.764999,31.889999,32.384998,27.679405,82133400
2022-01-19,32.634998,32.669998,31.895000,32.150002,27.478550,65978000
2022-01-20,31.940001,32.709999,31.790001,31.855000,27.226416,83980800
2022-01-21,31.495001,31.695000,30.895000,31.225000,26.687956,114539600
2022-01-24,30.485001,31.545000,29.920000,31.434999,26.867437,124505600
2022-01-25,31.315001,32.775002,30.735001,32.654999,27.910172,118434400
2022-01-26,33.000000,33.264999,32.244999,32.599998,27.863171,130725400
2022-01-27,33.174999,33.529999,32.410000,32.955002,28.166584,108901400
2022-01-28,32.735001,33.134998,32.130001,32.814999,28.046925,105302400
2022-01-31,32.740002,33.169998,32.220001,32.959999,28.170862,63298400
2022-02-01,32.764999,34.215000,32.689999,34.134998,29.175125,90444600
2022-02-02,33.959999,34.310001,33.540001,34.244999,29.269142,65197000
2022-02-03,34.105000,34.174999,33.549999,33.919998,28.991365,61962600
2022-02-04,34.349998,35.000000,34.270000,34.450001,29.444363,81733400
2022-02-07,34.285000,35.215000,34.025002,34.889999,29.820423,65165000
2022-02-08,34.785000,34.855000,33.900002,34.139999,29.179399,75764200
2022-02-09,34.220001,34.689999,34.134998,34.424999,29.422987,70791400
2022-02-10,34.255001,34.869999,33.985001,34.209999,29.239227,75643200
2022-02-11,34.439999,35.250000,34.224998,35.205002,30.089653,93034000
2022-02-14,34.990002,35.029999,33.965000,34.375000,29.380259,99633000
2022-02-15,33.529999,34.095001,33.340000,34.014999,29.072563,86092200
2022-02-16,34.285000,34.884998,34.080002,34.290001,29.307604,73444200
2022-02-17,34.259998,34.595001,33.970001,34.235001,29.260593,67622800
2022-02-18,33.750000,34.294998,33.695000,34.025002,29.081108,63291600
2022-02-22,35.055000,35.055000,32.970001,33.474998,28.611021,93002800
2022-02-23,33.669998,34.080002,33.474998,33.820000,28.905897,67958000
2022-02-24,34.540001,34.580002,32.680000,33.555000,28.679405,123485800
2022-02-25,33.630001,34.474998,33.630001,34.439999,29.435810,78423000
2022-02-28,34.195000,35.330002,34.005001,35.290001,30.162298,96394200
2022-03-01,35.605000,36.244999,35.145000,35.645000,30.465725,124231000
2022-03-02,36.189999,36.750000,36.014999,36.459999,31.162296,90908200
2022-03-03,36.105000,36.810001,36.029999,36.560001,31.247770,89119800
2022-03-04,36.555000,37.634998,36.459999,37.615002,32.149475,105216800
2022-03-07,38.005001,38.779999,37.320000,38.169998,32.623833,131214800
2022-03-08,39.040001,40.110001,37.665001,38.770000,33.136654,196054400
2022-03-09,37.349998,38.470001,36.750000,37.584999,32.123840,174036400
2022-03-10,38.029999,38.834999,37.759998,38.735001,33.106739,137802600
2022-03-11,38.115002,38.904999,38.055000,38.424999,32.841778,91837800
2022-03-14,37.605000,37.869999,36.775002,37.275002,31.858883,101490000
2022-03-15,35.830002,36.325001,35.220001,35.910000,30.692223,124724400
2022-03-16,36.044998,36.360001,35.369999,35.744999,30.551189,107536200
2022-03-17,36.380001,37.070000,36.154999,36.974998,31.602461,76956400
2022-03-18,36.910000,37.189999,36.660000,36.939999,31.572550,58550800
2022-03-21,37.330002,38.185001,37.310001,38.064999,32.845291,68714800
2022-03-22,37.904999,38.115002,37.355000,37.785000,32.603695,66462200
2022-03-23,38.494999,38.790001,38.310001,38.435001,33.164551,58663000
2022-03-24,38.580002,38.910000,38.275002,38.529999,33.246521,52700600
2022-03-25,38.299999,39.424999,38.270000,39.375000,33.975662,56083600
2022-03-28,38.564999,38.580002,38.154999,38.400002,33.134357,69760400
2022-03-29,37.540001,38.320000,37.095001,38.299999,33.048069,73274000
2022-03-30,38.669998,39.020000,38.430000,38.744999,33.432049,49736400
2022-03-31,38.380001,39.105000,38.215000,38.220001,32.979038,65606600
2022-04-01,38.169998,38.889999,38.145000,38.529999,33.246521,49612600
2022-04-04,38.779999,38.904999,38.169998,38.580002,33.289677,46007400
2022-04-05,38.650002,39.244999,37.930000,37.974998,32.767639,54577200
2022-04-06,38.389999,38.735001,37.985001,38.200001,32.961784,64328400
2022-04-07,38.380001,38.830002,37.669998,38.700001,33.393211,54097400
2022-04-08,38.805000,39.875000,38.805000,39.764999,34.312180,53426200
2022-04-11,39.340000,39.349998,38.485001,38.570000,33.281040,52461000
2022-04-12,39.349998,39.924999,39.134998,39.209999,33.833279,63929400
2022-04-13,39.689999,39.904999,39.035000,39.794998,34.338066,49295800
2022-04-14,39.605000,40.240002,39.544998,39.924999,34.450245,51869400
2022-04-18,40.255001,40.750000,40.005001,40.509998,34.955017,60913200
2022-04-19,40.299999,40.695000,39.945000,40.180000,34.670277,45727800
2022-04-20,40.285000,40.549999,39.895000,40.334999,34.804020,52079400
2022-04-21,40.575001,40.755001,38.904999,39.055000,33.699539,65157800
2022-04-22,38.900002,39.459999,38.084999,38.099998,32.875496,71499200
2022-04-25,36.900002,37.040001,35.500000,36.840000,31.788275,110724400
2022-04-26,37.115002,37.900002,36.794998,36.889999,31.831423,89168600
2022-04-27,37.125000,37.794998,36.459999,37.430000,32.297371,89132600
2022-04-28,37.680000,38.880001,36.939999,38.564999,33.276730,87469600
2022-04-29,38.650002,38.869999,37.439999,37.575001,32.422482,79416200
2022-05-02,37.345001,38.189999,37.230000,38.174999,32.940216,104141200
2022-05-03,38.244999,39.424999,38.220001,39.244999,33.863483,83298800
2022-05-04,40.000000,40.959999,39.490002,40.875000,35.269962,90767400
2022-05-05,41.165001,41.205002,39.439999,40.259998,34.739307,93194000
2022-05-06,40.779999,41.465000,39.965000,41.459999,35.774742,94245600
2022-05-09,40.570000,40.605000,37.875000,38.029999,32.815094,106044000
2022-05-10,38.615002,39.345001,37.564999,38.375000,33.112789,113727800
2022-05-11,39.014999,40.165001,38.825001,38.889999,33.557167,99705000
2022-05-12,38.875000,39.075001,37.840000,39.055000,33.699539,90043600
2022-05-13,39.634998,40.549999,39.564999,40.389999,34.851475,59437400
2022-05-16,40.535000,41.880001,40.509998,41.455002,35.770432,56518800
2022-05-17,42.014999,42.189999,41.560001,41.935001,36.184620,56329400
2022-05-18,42.235001,42.285000,40.369999,40.860001,35.257023,66461400
2022-05-19,39.930000,41.395000,39.930000,40.709999,35.127598,71441000
2022-05-20,41.209999,41.695000,40.064999,40.884998,35.278595,63840000
2022-05-23,41.369999,42.110001,41.115002,41.965000,36.210499,53289400
2022-05-24,41.500000,42.299999,41.180000,42.125000,36.348564,53127600
2022-05-25,42.270000,43.055000,42.209999,42.994999,37.099262,52648000
2022-05-26,43.255001,43.794998,43.224998,43.470001,37.509125,42678200
2022-05-27,43.275002,44.384998,43.169998,44.264999,38.195114,37334400
2022-05-31,44.994999,45.230000,43.365002,43.599998,37.621292,78681200
2022-06-01,44.150002,44.634998,43.665001,44.310001,38.233944,59297200
2022-06-02,44.000000,44.480000,43.730000,44.169998,38.113140,52605400
2022-06-03,44.224998,44.895000,44.174999,44.755001,38.617920,41050600
2022-06-06,44.970001,45.000000,44.465000,44.705002,38.574787,33384600
2022-06-07,44.674999,46.099998,44.639999,46.040001,39.726715,51378800
2022-06-08,46.264999,46.654999,45.855000,46.139999,39.813007,56985400
2022-06-09,45.744999,46.035000,45.070000,45.119999,38.932865,49176200
2022-06-10,44.599998,45.270000,43.840000,44.355000,38.272770,62543600
2022-06-13,43.009998,43.055000,41.205002,42.040001,36.275219,89462600
2022-06-14,42.884998,43.435001,41.570000,42.119999,36.344250,69512800
2022-06-15,42.025002,42.235001,40.494999,41.189999,35.541775,86446400
2022-06-16,40.095001,40.314999,38.535000,38.869999,33.539906,115958200
2022-06-17,38.599998,38.884998,36.299999,36.744999,31.706305,128468400
2022-06-21,37.305000,38.480000,37.240002,38.220001,33.348877,70013400
2022-06-22,36.380001,37.334999,36.180000,36.689999,32.013870,82425200
2022-06-23,36.865002,37.130001,34.735001,35.330002,30.827209,113842200
2022-06-24,35.935001,36.555000,35.415001,35.794998,31.232937,94797000
2022-06-27,36.209999,37.095001,36.165001,36.845001,32.149128,67958800
2022-06-28,37.720001,38.450001,37.270000,37.840000,33.017296,79568000
2022-06-29,38.365002,38.494999,36.419998,36.525002,31.869905,71184000
2022-06-30,35.740002,36.680000,35.435001,35.755001,31.198042,75533400
2022-07-01,36.189999,36.445000,35.064999,36.290001,31.664854,69204000
2022-07-05,35.540001,35.709999,34.095001,34.849998,30.408382,89865800
2022-07-06,34.474998,35.095001,33.224998,34.255001,29.889219,96419000
2022-07-07,35.185001,35.770000,35.099998,35.490002,30.966816,67587200
2022-07-08,35.919998,36.070000,34.980000,35.474998,30.953732,43940600
2022-07-11,35.029999,35.430000,34.665001,35.134998,30.657059,45508200
2022-07-12,34.215000,34.654999,33.830002,34.450001,30.059368,64690200
2022-07-13,33.950001,35.115002,33.950001,34.395000,30.011374,58978000
2022-07-14,33.189999,33.785000,32.740002,33.744999,29.444208,73273600
2022-07-15,34.480000,34.514999,33.785000,34.294998,29.924109,59920600
2022-07-18,35.209999,35.660000,34.915001,35.080002,30.609068,51453600
2022-07-19,35.029999,36.250000,35.020000,36.160000,31.551414,48776400
2022-07-20,35.759998,36.674999,35.610001,36.509998,31.856813,41849400
2022-07-21,35.509998,35.904999,34.830002,35.869999,31.298382,43159200
2022-07-22,36.009998,36.365002,35.369999,35.575001,31.040979,40836400
2022-07-25,36.064999,36.915001,35.634998,36.880001,32.179653,39112000
2022-07-26,37.320000,37.485001,36.299999,36.544998,31.887360,37228800
2022-07-27,36.779999,37.555000,36.404999,37.369999,32.607204,44810800
2022-07-28,37.705002,37.965000,36.884998,37.580002,32.790447,46665400
2022-07-29,38.264999,39.330002,38.189999,39.209999,34.212704,51667600
2022-08-01,38.540001,38.639999,37.884998,38.400002,33.505936,51331000
2022-08-02,38.404999,38.695000,37.970001,38.310001,33.427406,39864400
2022-08-03,38.470001,38.584999,36.980000,37.209999,32.467598,57013200
2022-08-04,36.955002,37.060001,35.695000,35.830002,31.263487,55991000
2022-08-05,35.345001,36.855000,35.345001,36.540001,31.882988,45179600
2022-08-08,36.500000,37.060001,36.445000,36.730000,32.048771,37756600
2022-08-09,37.250000,37.849998,37.185001,37.375000,32.611565,34683000
2022-08-10,37.459999,37.860001,36.720001,37.645000,32.847157,34788400
2022-08-11,38.349998,39.270000,38.235001,38.939999,33.977108,60531600
2022-08-12,38.685001,39.255001,38.520000,39.235001,34.234520,38381000
2022-08-15,37.814999,38.680000,37.470001,38.470001,33.567020,42024400
2022-08-16,38.525002,38.930000,38.139999,38.380001,33.488480,39357600
2022-08-17,38.205002,39.099998,38.105000,38.700001,33.767696,45472400
2022-08-18,39.130001,39.779999,39.060001,39.740002,34.675156,46866000
2022-08-19,39.639999,40.005001,39.410000,39.730000,34.666428,39488400
2022-08-22,39.389999,39.900002,38.740002,39.654999,34.600990,45696200
2022-08-23,40.305000,41.395000,40.275002,41.084999,35.848732,54367000
2022-08-24,41.090000,41.650002,40.904999,41.590000,36.289368,49093200
2022-08-25,41.830002,42.119999,41.505001,41.910000,36.568588,39798600
2022-08-26,41.825001,42.279999,41.235001,41.419998,36.141037,38635200
2022-08-29,41.400002,42.590000,41.294998,42.044998,36.686378,52125000
2022-08-30,41.325001,41.334999,40.285000,40.619999,35.443001,57641800
2022-08-31,39.615002,40.919998,39.470001,40.250000,35.120155,58304600
2022-09-01,39.654999,39.805000,38.709999,39.259998,34.256332,56604200
2022-09-02,40.224998,40.509998,39.764999,39.980000,34.884571,57188200
2022-09-06,40.355000,40.490002,39.445000,39.610001,34.561726,45568200
2022-09-07,38.744999,39.320000,38.389999,39.150002,34.160347,60541400
2022-09-08,39.325001,39.514999,38.845001,39.320000,34.308681,53681600
2022-09-09,40.025002,40.494999,39.730000,40.299999,35.163788,38678800
2022-09-12,40.889999,41.485001,40.540001,41.040001,35.809471,41731800
2022-09-13,40.400002,41.090000,39.825001,40.005001,34.906372,61146000
2022-09-14,40.380001,41.424999,40.380001,41.134998,35.892365,54384200
2022-09-15,40.404999,40.575001,39.880001,40.075001,34.967457,55886400
2022-09-16,39.950001,39.980000,38.650002,39.220001,34.221420,70403600
2022-09-19,37.730000,38.845001,37.639999,38.820000,34.241722,37625800
2022-09-20,38.549999,38.775002,38.095001,38.549999,34.003559,42299600
2022-09-21,39.275002,39.330002,37.970001,37.985001,33.505188,68705800
2022-09-22,38.674999,38.799999,37.820000,37.849998,33.386108,57748000
2022-09-23,36.380001,36.450001,34.970001,35.240002,31.083933,105475600
2022-09-26,35.020000,35.459999,34.330002,34.375000,30.320946,72159600
2022-09-27,34.970001,35.404999,34.564999,34.759998,30.660536,67671200
2022-09-28,35.110001,36.500000,34.900002,36.299999,32.018909,63147600
2022-09-29,36.035000,36.375000,35.400002,36.299999,32.018909,48563000
2022-09-30,36.009998,36.509998,35.660000,36.009998,31.763121,43369400
2022-10-03,37.305000,38.244999,37.244999,38.044998,33.558113,69550600
2022-10-04,38.814999,39.715000,38.509998,39.680000,35.000290,66330800
2022-10-05,39.665001,40.814999,39.325001,40.500000,35.723576,61273600
2022-10-06,40.169998,41.345001,40.139999,41.220001,36.358665,52670200
2022-10-07,41.305000,41.770000,40.605000,40.900002,36.076412,56915400
2022-10-10,41.060001,41.410000,39.930000,40.060001,35.335464,46331600
2022-10-11,39.310001,40.424999,39.145000,39.740002,35.053211,53842200
2022-10-12,39.480000,40.340000,39.220001,40.060001,35.335464,41102400
2022-10-13,39.535000,41.855000,39.525002,41.695000,36.777649,70134800
2022-10-14,41.240002,41.834999,40.060001,40.139999,35.406048,53494600
2022-10-17,40.770000,41.310001,40.525002,40.639999,35.847076,37988400
2022-10-18,40.974998,41.375000,40.205002,40.994999,36.160198,50375800
2022-10-19,41.115002,42.360001,41.099998,42.205002,37.227505,62527600
2022-10-20,42.525002,42.915001,41.990002,42.244999,37.262787,50523600
2022-10-21,42.480000,43.549999,42.369999,43.465000,38.338894,50548400
2022-10-24,43.439999,43.974998,43.205002,43.669998,38.519726,44992000
2022-10-25,43.500000,43.915001,43.264999,43.715000,38.559414,37683600
2022-10-26,43.880001,44.660000,43.849998,44.310001,39.084244,45413000
2022-10-27,44.919998,45.220001,44.334999,44.470001,39.225365,50021200
2022-10-28,44.950001,45.314999,43.825001,44.625000,39.362091,49328000
2022-10-31,44.185001,45.590000,44.134998,45.000000,39.692867,59520800
2022-11-01,45.755001,45.775002,45.160000,45.435001,40.076561,43510800
2022-11-02,45.290001,45.525002,44.235001,44.340000,39.110710,56499200
2022-11-03,44.070000,45.415001,43.945000,45.160000,39.834000,53634400
2022-11-04,46.165001,46.509998,45.070000,45.709999,40.319138,60590600
2022-11-07,45.805000,46.639999,45.724998,46.494999,41.011547,38775400
2022-11-08,46.404999,46.740002,45.970001,46.540001,41.051247,43718600
2022-11-09,45.910000,46.055000,44.165001,44.264999,39.044556,63028000
2022-11-10,45.180000,45.299999,44.250000,45.250000,39.913383,58488200
2022-11-11,46.115002,46.805000,46.005001,46.564999,41.073292,51082600
2022-11-14,46.430000,47.355000,46.424999,46.549999,41.060059,46245200
2022-11-15,46.724998,47.160000,46.419998,47.040001,41.492279,51542200
2022-11-16,46.619999,46.904999,45.840000,46.080002,40.645504,47277200
2022-11-17,45.375000,46.220001,45.139999,46.180000,40.733707,42859800
2022-11-18,45.325001,45.939999,44.755001,45.814999,40.411755,47366200
2022-11-21,44.820000,45.314999,43.645000,45.195000,39.864876,85153600
2022-11-22,45.759998,46.715000,45.549999,46.610001,41.112995,53755000
2022-11-23,45.764999,46.400002,45.595001,46.105000,40.667549,41197400
2022-11-25,46.134998,46.459999,45.855000,45.935001,40.517601,15182600
2022-11-28,44.810001,45.375000,44.525002,44.674999,39.406200,58262400
2022-11-29,45.169998,45.615002,45.005001,45.349998,40.001591,38048400
2022-11-30,45.855000,45.945000,44.860001,45.575001,40.200054,43830200
2022-12-01,45.895000,46.125000,45.270000,45.424999,40.067749,38902000
2022-12-02,45.110001,45.689999,44.889999,45.154999,39.829586,36770000
2022-12-05,45.599998,45.779999,43.439999,43.814999,38.647625,51753800
2022-12-06,43.540001,44.064999,42.365002,42.660000,37.628834,64930200
2022-12-07,42.650002,43.209999,42.185001,42.560001,37.540630,48894200
2022-12-08,43.514999,43.610001,42.134998,42.369999,37.373047,51280800
2022-12-09,42.235001,42.700001,41.325001,41.340000,36.464516,48097800
2022-12-12,41.575001,42.525002,41.415001,42.424999,37.421555,42184800
2022-12-13,43.250000,43.590000,42.889999,43.230000,38.131618,54557400
2022-12-14,43.525002,43.680000,42.580002,42.965000,37.897869,52675600
2022-12-15,42.590000,42.805000,41.980000,42.705002,37.668537,40406600
2022-12-16,41.900002,42.380001,41.605000,42.180000,37.205452,59101000
2022-12-19,42.189999,42.325001,41.439999,41.744999,37.200993,36836600
2022-12-20,41.875000,42.645000,41.715000,42.375000,37.762424,28593000
2022-12-21,43.240002,43.375000,42.605000,43.180000,38.479790,34058200
2022-12-22,43.224998,43.250000,41.340000,42.185001,37.593098,37359400
2022-12-23,42.744999,43.540001,42.525002,43.529999,38.791695,29630000
2022-12-27,43.720001,44.180000,43.560001,43.994999,39.206078,32749200
2022-12-28,43.935001,43.935001,42.875000,43.009998,38.328297,31838000
2022-12-29,42.830002,43.654999,42.810001,43.459999,38.729313,26915800
2022-12-30,43.230000,43.820000,43.224998,43.735001,38.974377,22661800
2023-01-03,43.459999,43.680000,41.674999,42.200001,37.606468,53082800
2023-01-04,41.575001,42.439999,41.415001,42.195000,37.602013,45705200
2023-01-05,42.125000,43.200001,42.005001,42.965000,38.288197,38723800
2023-01-06,43.520000,44.314999,43.410000,43.779999,39.014481,44422400
2023-01-09,44.439999,44.509998,43.485001,43.625000,38.876354,46003200
2023-01-10,43.910000,44.025002,43.244999,43.935001,39.152611,31599000
2023-01-11,44.320000,44.430000,43.595001,44.070000,39.272919,32903000
2023-01-12,44.334999,45.200001,44.250000,44.910000,40.021481,36716000
2023-01-13,44.875000,45.084999,44.400002,44.974998,40.079403,31808400
2023-01-17,45.080002,45.540001,44.884998,45.070000,40.164062,33933200
2023-01-18,45.279999,45.785000,44.200001,44.244999,39.428867,38075200
2023-01-19,43.990002,44.974998,43.895000,44.794998,39.918991,34293800
2023-01-20,44.889999,45.395000,44.435001,45.240002,40.315552,28560000
2023-01-23,45.570000,45.794998,45.154999,45.299999,40.369026,29305000
2023-01-24,45.150002,45.230000,44.230000,45.125000,40.213078,30755200
2023-01-25,44.904999,45.130001,44.189999,45.130001,40.217537,26861200
2023-01-26,45.860001,46.575001,45.299999,46.555000,41.487419,36663000
2023-01-27,46.305000,46.535000,45.540001,45.615002,40.649742,34841000
2023-01-30,45.285000,45.349998,44.509998,44.570000,39.718491,27525000
2023-01-31,44.419998,45.035000,43.965000,44.965000,40.070499,27848200
2023-02-01,44.755001,44.945000,43.500000,44.080002,39.281830,46967200
2023-02-02,43.910000,43.994999,42.599998,43.075001,38.386219,49803000
2023-02-03,43.255001,43.955002,42.935001,42.980000,38.301563,45454800
2023-02-06,43.020000,43.345001,42.259998,42.785000,38.127785,31714400
2023-02-07,43.055000,44.240002,42.830002,44.174999,39.366493,41014000
2023-02-08,44.139999,44.365002,43.529999,43.779999,39.014481,26967200
2023-02-09,43.785000,43.924999,43.375000,43.404999,38.680305,32150400
2023-02-10,44.125000,45.195000,44.084999,45.105000,40.195251,40003200
2023-02-13,44.875000,45.165001,44.410000,44.990002,40.092773,24744800
2023-02-14,44.634998,45.334999,44.509998,45.005001,40.106140,27022600
2023-02-15,44.500000,44.595001,43.674999,44.240002,39.424404,31939600
2023-02-16,44.000000,44.380001,43.759998,43.805000,39.036762,25314200
2023-02-17,43.125000,43.154999,42.060001,42.244999,37.646568,44680400
2023-02-21,42.060001,42.520000,41.955002,42.035000,37.459427,33622600
2023-02-22,41.919998,42.314999,41.395000,41.755001,37.209904,40270400
2023-02-23,42.384998,42.630001,41.849998,42.384998,37.771324,35023400
2023-02-24,41.759998,42.389999,41.520000,42.330002,37.722321,37496800
2023-02-27,42.415001,42.639999,42.105000,42.455002,37.833714,30676400
2023-02-28,42.884998,42.900002,41.810001,41.845001,37.290108,38007600
2023-03-01,41.880001,42.884998,41.724998,42.669998,38.025299,37094000
2023-03-02,42.595001,43.205002,42.459999,43.044998,38.359482,32798600
2023-03-03,42.529999,43.845001,42.500000,43.630001,38.880806,50675200
2023-03-06,43.389999,43.720001,43.215000,43.650002,38.898636,33898400
2023-03-07,43.389999,43.500000,42.779999,42.889999,38.221359,37000400
2023-03-08,42.700001,43.244999,42.040001,42.450001,37.829254,39399000
2023-03-09,42.695000,43.294998,41.840000,41.849998,37.294571,37888200
2023-03-10,41.849998,42.439999,41.075001,41.314999,36.817806,56624800
2023-03-13,40.259998,41.200001,39.555000,40.474998,36.069229,83327000
2023-03-14,40.470001,41.785000,40.154999,40.875000,36.425694,61066400
2023-03-15,39.375000,39.674999,38.119999,38.680000,34.469624,115347000
2023-03-16,37.830002,39.200001,37.680000,39.099998,34.843910,88790400
2023-03-17,38.875000,39.200001,38.169998,38.485001,34.295849,67351600
2023-03-20,38.049999,39.099998,38.049999,38.849998,34.982437,52288800
2023-03-21,39.650002,40.320000,39.529999,40.195000,36.193546,59712400
2023-03-22,40.220001,40.404999,39.310001,39.340000,35.423660,49209400
2023-03-23,39.555000,39.900002,38.419998,38.794998,34.932919,49486200
2023-03-24,38.025002,39.095001,37.904999,38.945000,35.067978,41298000
2023-03-27,39.355000,40.000000,39.040001,39.775002,35.815357,40223800
2023-03-28,39.549999,40.564999,39.535000,40.389999,36.369141,32596800
2023-03-29,40.790001,40.994999,40.525002,40.950001,36.873386,36204600
2023-03-30,41.290001,41.349998,40.889999,41.130001,37.035465,27460800
2023-03-31,41.235001,41.485001,41.084999,41.415001,37.292095,32294600
2023-04-03,43.160000,43.570000,42.935001,43.290001,38.980438,62452200
2023-04-04,43.419998,43.474998,42.125000,42.505001,38.273586,49363000
2023-04-05,42.610001,43.145000,42.255001,43.145000,38.849876,40552200
2023-04-06,43.080002,43.125000,42.404999,42.490002,38.260078,33378600
2023-04-10,42.650002,43.320000,42.650002,42.830002,38.566238,26977200
2023-04-11,43.070000,43.505001,42.825001,43.235001,38.930908,25575200
2023-04-12,43.535000,43.625000,43.134998,43.264999,38.957924,33334400
2023-04-13,43.200001,43.645000,43.095001,43.535000,39.201042,31384600
2023-04-14,43.595001,43.869999,43.360001,43.615002,39.273083,23560200
2023-04-17,43.470001,43.650002,42.950001,43.099998,38.809353,23762000
2023-04-18,43.000000,43.380001,42.785000,43.270000,38.962429,24493600
2023-04-19,42.880001,43.154999,42.645000,43.119999,38.827354,34246200
2023-04-20,42.520000,42.750000,42.220001,42.740002,38.485188,30396200
2023-04-21,42.895000,42.915001,42.299999,42.490002,38.260078,33757600
2023-04-24,42.355000,43.340000,42.340000,43.139999,38.845367,25251800
2023-04-25,42.720001,42.794998,42.080002,42.330002,38.116009,30665200
2023-04-26,42.029999,42.419998,41.509998,41.764999,37.607254,40070000
2023-04-27,41.740002,42.020000,41.345001,41.915001,37.742313,34114600
2023-04-28,41.764999,42.794998,41.619999,42.564999,38.327618,38228600
2023-05-01,42.029999,42.540001,41.860001,42.084999,37.895390,27821400
2023-05-02,41.580002,41.645000,39.869999,40.255001,36.247574,67648000
2023-05-03,39.740002,40.205002,39.480000,39.494999,35.563236,59367600
2023-05-04,39.509998,39.910000,38.935001,39.055000,35.167042,52861000
2023-05-05,40.134998,40.430000,39.895000,40.115002,36.121510,39073400
2023-05-08,40.700001,40.875000,40.110001,40.115002,36.121510,32711800
2023-05-09,39.799999,40.509998,39.715000,40.130001,36.135021,41421200
2023-05-10,40.330002,40.410000,39.375000,39.674999,35.725307,36052000
2023-05-11,39.115002,39.404999,38.900002,39.200001,35.297604,38168200
2023-05-12,39.395000,39.660000,38.974998,39.259998,35.351624,37913200
2023-05-15,39.404999,39.685001,39.095001,39.459999,35.531708,32544600
2023-05-16,39.275002,39.445000,38.430000,38.490002,34.658279,44511200
2023-05-17,38.884998,39.439999,38.599998,39.230000,35.324612,46200600
2023-05-18,38.994999,39.564999,38.750000,39.514999,35.581242,33154200
2023-05-19,39.880001,40.130001,39.595001,39.820000,35.855881,36122200
2023-05-22,39.669998,40.060001,39.595001,39.654999,35.707306,26943600
2023-05-23,40.035000,40.535000,39.930000,40.080002,36.089993,42803800
2023-05-24,40.395000,40.564999,39.915001,40.255001,36.247574,33474200
2023-05-25,39.674999,39.759998,39.169998,39.540001,35.603752,38251000
2023-05-26,39.779999,39.889999,39.180000,39.384998,35.464184,28785800
2023-05-30,38.700001,39.025002,38.549999,38.980000,35.099499,40331600
2023-05-31,38.369999,38.665001,38.165001,38.294998,34.482693,44797600
2023-06-01,38.384998,39.205002,38.125000,38.770000,34.910408,51623600
2023-06-02,39.494999,40.139999,39.224998,39.950001,35.972931,55278800
2023-06-05,40.535000,40.535000,39.615002,39.685001,35.734318,37826200
2023-06-06,39.160000,40.040001,39.119999,40.005001,36.022461,34750800
2023-06-07,40.200001,41.115002,40.174999,41.064999,36.976936,60654200
2023-06-08,41.119999,41.259998,40.209999,40.889999,36.819355,46155200
2023-06-09,40.869999,41.070000,40.555000,40.665001,36.616764,38387000
2023-06-12,40.055000,40.680000,40.000000,40.275002,36.265587,36387000
2023-06-13,40.720001,41.259998,40.445000,40.465000,36.436672,40136400
2023-06-14,40.865002,41.044998,39.750000,40.049999,36.062981,47605400
2023-06-15,40.119999,40.794998,40.110001,40.490002,36.459183,46777000
2023-06-16,40.639999,40.755001,40.314999,40.430000,36.405151,47461800
2023-06-20,39.810001,39.855000,38.884998,39.180000,35.590340,42552000
2023-06-21,39.020000,39.825001,38.959999,39.490002,35.871933,34473800
2023-06-22,39.130001,39.174999,38.814999,38.959999,35.390491,33507400
2023-06-23,38.540001,38.785000,38.360001,38.680000,35.136143,34905200
2023-06-26,38.750000,39.595001,38.660000,39.375000,35.767475,32488600
2023-06-27,39.334999,39.634998,39.105000,39.465000,35.849220,28388400
2023-06-28,39.424999,39.915001,39.075001,39.865002,36.212578,32903200
2023-06-29,40.014999,40.325001,39.799999,40.325001,36.630428,28435800
2023-06-30,40.599998,40.790001,40.299999,40.584999,36.866615,35970600
2023-07-03,40.685001,40.985001,40.529999,40.680000,36.952900,19539800
2023-07-05,40.849998,40.860001,40.224998,40.455002,36.748520,32557400
2023-07-06,40.014999,40.294998,39.244999,39.544998,35.921894,41967800
2023-07-07,39.349998,40.770000,39.320000,40.395000,36.694019,48916000
2023-07-10,40.290001,40.790001,40.259998,40.709999,36.980156,30925000
2023-07-11,40.895000,41.669998,40.814999,41.605000,37.793159,39642000
2023-07-12,41.945000,42.224998,41.730000,41.990002,38.142891,43077600
2023-07-13,41.990002,42.250000,41.439999,41.830002,37.997543,53226400
2023-07-14,41.560001,41.599998,40.625000,40.724998,36.993782,43988200
2023-07-17,40.580002,40.820000,40.459999,40.645000,36.921112,32445800
2023-07-18,40.549999,41.480000,40.485001,41.055000,37.293541,43209400
2023-07-19,41.055000,41.575001,40.965000,41.294998,37.511555,37521000
2023-07-20,41.634998,41.865002,41.430000,41.779999,37.952126,35449800
2023-07-21,41.935001,42.169998,41.665001,42.150002,38.288227,31529000
2023-07-24,42.365002,43.139999,42.349998,42.830002,38.905933,44539600
2023-07-25,42.810001,43.305000,42.549999,43.055000,39.110306,33606600
2023-07-26,42.700001,43.240002,42.639999,43.070000,39.123928,32788000
2023-07-27,43.305000,43.480000,42.674999,42.794998,38.874126,35550600
2023-07-28,42.764999,42.935001,42.299999,42.924999,38.992218,34627800
2023-07-31,43.299999,43.865002,43.174999,43.740002,39.732555,36266400
2023-08-01,43.564999,43.660000,43.064999,43.535000,39.546329,35766000
2023-08-02,43.240002,43.459999,42.599998,42.965000,39.028564,45920000
2023-08-03,43.080002,43.790001,42.845001,43.400002,39.423702,41630600
2023-08-04,43.709999,44.119999,43.410000,43.459999,39.478199,43208200
2023-08-07,43.705002,43.794998,43.380001,43.509998,39.523624,26821600
2023-08-08,42.805000,43.744999,42.485001,43.724998,39.718922,37237200
2023-08-09,44.150002,44.680000,43.875000,44.275002,40.218533,52085600
2023-08-10,44.340000,44.845001,43.970001,44.270000,40.213993,39226600
2023-08-11,44.250000,45.000000,44.240002,44.950001,40.831688,46689200
2023-08-14,44.825001,44.945000,44.459999,44.759998,40.659096,30189400
2023-08-15,44.450001,44.500000,43.750000,43.830002,39.814301,44982400
2023-08-16,43.875000,44.349998,43.419998,43.450001,39.469120,37995400
2023-08-17,44.060001,44.570000,43.904999,43.970001,39.941475,40464200
2023-08-18,43.715000,44.459999,43.575001,44.404999,40.336617,35307200
2023-08-21,44.584999,44.764999,43.820000,44.125000,40.082272,30488400
2023-08-22,44.180000,44.334999,43.759998,43.785000,39.773426,25732800
2023-08-23,43.310001,43.715000,42.935001,43.674999,39.673500,38798600
2023-08-24,43.279999,43.834999,43.250000,43.375000,39.400986,33455000
2023-08-25,43.634998,44.014999,43.255001,43.794998,39.782509,38036800
2023-08-28,43.910000,44.419998,43.834999,44.090000,40.050476,25718200
2023-08-29,44.250000,44.255001,43.770000,44.209999,40.159485,27019400
2023-08-30,44.410000,44.509998,44.235001,44.430000,40.359333,27890200
2023-08-31,44.595001,44.669998,44.139999,44.459999,40.386585,29617400
2023-09-01,44.950001,45.419998,44.939999,45.369999,41.213207,35764200
2023-09-05,45.625000,46.075001,45.580002,45.610001,41.431225,48737400
2023-09-06,45.520000,45.875000,45.294998,45.630001,41.449383,40324200
2023-09-07,45.720001,45.955002,45.505001,45.584999,41.408508,30729200
2023-09-08,45.799999,46.355000,45.775002,46.025002,41.808205,34739000
2023-09-11,46.360001,46.500000,45.235001,45.419998,41.258629,44095000
2023-09-12,45.910000,46.540001,45.825001,46.490002,42.230595,53599400
2023-09-13,46.535000,46.630001,45.900002,46.139999,41.912663,36315400
2023-09-14,46.619999,46.845001,46.480000,46.680000,42.403183,37099800
2023-09-15,46.250000,46.705002,46.005001,46.005001,41.790031,49612800
2023-09-18,46.139999,46.275002,45.715000,46.055000,42.144161,33746600
2023-09-19,46.400002,46.465000,45.355000,45.625000,41.750679,36264400
2023-09-20,45.400002,45.915001,45.169998,45.200001,41.361774,35930400
2023-09-21,45.509998,45.615002,44.505001,44.580002,40.794418,43446200
2023-09-22,44.915001,45.215000,44.615002,44.654999,40.863049,42067400
2023-09-25,44.535000,45.285000,44.535000,45.215000,41.375500,35073800
2023-09-26,44.825001,45.224998,44.755001,44.955002,41.137577,33460000
2023-09-27,45.514999,46.205002,45.314999,46.075001,42.162472,46289400
2023-09-28,45.875000,46.395000,45.770000,46.125000,42.208225,48462800
2023-09-29,46.055000,46.235001,45.025002,45.195000,41.357193,48369200
2023-10-02,45.134998,45.255001,43.990002,44.294998,40.533619,50599800
2023-10-03,44.189999,44.349998,43.830002,44.264999,40.506165,41466600
2023-10-04,43.605000,43.680000,42.455002,42.875000,39.234203,59572400
2023-10-05,42.259998,42.985001,42.259998,42.610001,38.991703,47037000
2023-10-06,42.610001,43.255001,42.130001,42.865002,39.225052,51481000
2023-10-09,44.014999,44.480000,43.700001,44.294998,40.533619,61489000
2023-10-10,44.334999,44.645000,44.084999,44.349998,40.583942,41700600
2023-10-11,43.895000,43.939999,43.275002,43.779999,40.062351,47145400
2023-10-12,44.244999,44.285000,43.625000,43.830002,40.108105,39986400
2023-10-13,44.544998,45.009998,44.355000,44.794998,40.991161,48511800
2023-10-16,45.084999,45.230000,44.665001,45.095001,41.265686,38365200
2023-10-17,44.994999,45.705002,44.930000,45.564999,41.695770,40424000
2023-10-18,45.750000,46.169998,45.645000,45.980000,42.075531,47616800
2023-10-19,45.820000,46.279999,45.384998,45.900002,42.002327,63297000
2023-10-20,45.820000,45.990002,44.974998,45.130001,41.297714,46549600
2023-10-23,44.869999,44.875000,44.195000,44.400002,40.629711,51888200
2023-10-24,44.509998,44.544998,43.759998,43.775002,40.057781,44271600
2023-10-25,43.805000,44.029999,43.474998,43.695000,39.984570,41412600
2023-10-26,43.294998,43.555000,42.924999,43.355000,39.673443,44770400
2023-10-27,43.310001,43.474998,42.169998,42.314999,38.721752,53809400
2023-10-30,42.465000,42.770000,42.044998,42.455002,38.849869,45530600
2023-10-31,42.505001,42.685001,42.080002,42.595001,38.977974,37205600
2023-11-01,42.865002,43.095001,42.435001,42.494999,38.886467,46082600
2023-11-02,42.599998,43.820000,42.355000,43.779999,40.062351,45323000
2023-11-03,43.700001,43.840000,43.075001,43.340000,39.659718,47235000
2023-11-06,43.685001,43.685001,42.724998,42.849998,39.211323,41035400
2023-11-07,42.290001,42.365002,41.715000,41.900002,38.341991,47550200
2023-11-08,41.740002,42.014999,41.360001,41.375000,37.861576,50742000
2023-11-09,41.680000,41.775002,41.224998,41.250000,37.747185,38232200
2023-11-10,41.715000,41.805000,41.310001,41.705002,38.163551,34565600
2023-11-13,41.770000,42.090000,41.639999,42.005001,38.438080,28447400
2023-11-14,42.165001,42.500000,42.095001,42.380001,38.781239,34724000
2023-11-15,42.314999,42.834999,42.240002,42.299999,38.708027,33043600
2023-11-16,41.900002,42.060001,41.055000,41.474998,37.953083,53166000
2023-11-17,41.830002,42.625000,41.730000,42.345001,38.749210,48850800
2023-11-20,42.520000,42.770000,42.395000,42.404999,38.804111,29093800
2023-11-21,42.205002,42.384998,41.904999,42.310001,38.717178,26973800
2023-11-22,41.465000,42.325001,41.230000,42.290001,38.698879,36547200
2023-11-24,42.275002,42.779999,42.250000,42.465000,38.859013,19152600
2023-11-27,42.244999,42.389999,41.919998,42.314999,38.721752,24501800
2023-11-28,42.400002,42.715000,42.244999,42.325001,38.730907,28921800
2023-11-29,42.590000,42.645000,41.875000,42.009998,38.442657,45268000
2023-11-30,42.369999,42.895000,41.785000,42.290001,38.698879,58364600
2023-12-01,42.240002,43.014999,42.049999,42.509998,38.900196,43048000
2023-12-04,42.200001,42.580002,42.005001,42.314999,38.721752,37070200
2023-12-05,42.290001,42.369999,41.549999,41.575001,38.044594,37747200
2023-12-06,41.305000,41.595001,40.794998,40.955002,37.477242,62306600
2023-12-07,41.145000,41.349998,40.529999,40.674999,37.221016,40908800
2023-12-08,40.945000,41.240002,40.860001,41.115002,37.623657,34127200
2023-12-11,41.150002,41.299999,40.959999,41.165001,37.669407,29344200
2023-12-12,40.785000,40.830002,40.369999,40.599998,37.152390,45386600
2023-12-13,40.625000,41.180000,40.435001,41.165001,37.669407,46445600
2023-12-14,41.580002,42.430000,41.580002,42.375000,38.776665,60717400
2023-12-15,41.994999,42.230000,41.799999,42.150002,38.570766,46366400
2023-12-18,42.490002,42.705002,42.049999,42.090000,38.885811,42447200
2023-12-19,42.169998,42.639999,42.075001,42.595001,39.352364,36862400
2023-12-20,42.744999,42.994999,42.150002,42.200001,38.987434,39818200
2023-12-21,42.285000,42.430000,41.970001,42.365002,39.139870,26062800
2023-12-22,42.669998,42.860001,42.424999,42.490002,39.255356,25037800
2023-12-26,42.849998,43.084999,42.720001,42.855000,39.592567,25983400
2023-12-27,42.855000,43.000000,42.509998,42.665001,39.417034,20238200
2023-12-28,42.445000,42.610001,42.000000,42.014999,38.816517,26198000
2023-12-29,42.160000,42.200001,41.794998,41.919998,38.728748,24345400
2024-01-02,42.215000,42.759998,42.154999,42.369999,39.144489,39301800
2024-01-03,42.435001,43.215000,42.220001,43.060001,39.781967,37936000
2024-01-04,43.369999,43.555000,42.279999,42.305000,39.084435,42049000
2024-01-05,42.709999,42.730000,42.145000,42.340000,39.116779,34029200
2024-01-08,41.619999,41.900002,41.049999,41.849998,38.664074,47218600
2024-01-09,41.904999,41.950001,41.090000,41.180000,38.045082,33750400
2024-01-10,41.259998,41.275002,40.610001,40.775002,37.670914,33159800
2024-01-11,40.994999,41.099998,40.715000,40.880001,37.767921,38588600
2024-01-12,41.509998,41.674999,41.090000,41.340000,38.192905,38769200
2024-01-16,41.250000,41.305000,40.330002,40.355000,37.282887,36031200
2024-01-17,39.939999,40.419998,39.849998,40.020000,36.973385,39284200
2024-01-18,40.029999,40.064999,39.490002,39.955002,36.913338,35705600
2024-01-19,39.935001,40.090000,39.794998,40.084999,37.033436,39940200
2024-01-22,40.000000,40.325001,39.740002,40.235001,37.172016,30136800
2024-01-23,40.169998,40.645000,40.110001,40.320000,37.250549,24709200
2024-01-24,40.529999,40.915001,40.340000,40.895000,37.781776,33841000
2024-01-25,41.185001,41.830002,40.939999,41.814999,38.631741,37609400
2024-01-26,41.770000,42.139999,41.465000,42.125000,38.918137,36469600
2024-01-29,42.060001,42.125000,41.625000,42.064999,38.862713,29680600
2024-01-30,41.650002,42.509998,41.490002,42.500000,39.264599,35341200
2024-01-31,42.500000,42.580002,41.685001,41.705002,38.530113,38580800
2024-02-01,41.955002,42.150002,41.314999,41.700001,38.525494,51101400
2024-02-02,42.049999,42.090000,41.410000,41.759998,38.580925,38075000
2024-02-05,41.505001,41.904999,41.205002,41.654999,38.483917,31593600
2024-02-06,41.860001,42.200001,41.615002,41.790001,38.608643,28056200
2024-02-07,41.910000,42.090000,41.535000,41.875000,38.687176,26920400
2024-02-08,41.849998,42.459999,41.840000,42.305000,39.084435,36201000
2024-02-09,42.384998,42.564999,41.610001,41.654999,38.483917,38073400
2024-02-12,41.799999,42.235001,41.799999,42.115002,38.908901,25893800
2024-02-13,42.154999,42.299999,41.419998,41.689999,38.516254,41156800
2024-02-14,41.994999,42.125000,41.430000,41.650002,38.479301,40894600
2024-02-15,41.639999,42.930000,41.605000,42.810001,39.550999,43364400
2024-02-16,42.985001,43.125000,42.660000,42.785000,39.527893,26960800
2024-02-20,42.830002,42.855000,42.340000,42.395000,39.167591,28995600
2024-02-21,42.575001,43.230000,42.544998,43.189999,39.902069,28745800
2024-02-22,42.915001,43.445000,42.709999,43.264999,39.971355,35206800
2024-02-23,42.845001,43.119999,42.570000,42.980000,39.708057,28952400
2024-02-26,42.930000,43.415001,42.715000,43.130001,39.846638,23376400
2024-02-27,43.169998,43.355000,42.724998,42.945000,39.675720,26317400
2024-02-28,43.000000,43.325001,42.689999,42.860001,39.597191,26679600
2024-02-29,42.950001,43.209999,42.830002,43.070000,39.791199,27335400
2024-03-01,43.380001,43.770000,43.305000,43.570000,40.253139,32459600
2024-03-04,43.544998,43.660000,43.064999,43.105000,39.823536,33198000
2024-03-05,43.040001,43.705002,42.985001,43.424999,40.119175,32174200
2024-03-06,43.790001,44.020000,43.465000,43.560001,40.243896,28008800
2024-03-07,43.619999,44.174999,43.584999,43.930000,40.585728,24569200
2024-03-08,43.869999,44.095001,43.759998,44.084999,40.728931,28252000
2024-03-11,44.095001,44.555000,43.764999,44.540001,41.149292,24983800
2024-03-12,44.535000,44.660000,44.235001,44.470001,41.084621,23780600
2024-03-13,44.935001,45.424999,44.860001,45.180000,41.740574,42725200
2024-03-14,45.360001,45.665001,45.185001,45.645000,42.170174,35946000
2024-03-15,45.610001,46.110001,45.505001,45.779999,42.294891,37753400
2024-03-18,45.595001,45.730000,45.215000,45.570000,42.441116,30496800
2024-03-19,45.564999,46.125000,45.535000,46.090000,42.925411,28545800
2024-03-20,45.825001,46.189999,45.755001,46.025002,42.864880,32659400
2024-03-21,46.105000,46.395000,45.959999,46.299999,43.120995,23334200
2024-03-22,46.320000,46.435001,46.084999,46.200001,43.027859,17948800
2024-03-25,46.360001,46.939999,46.349998,46.630001,43.428337,35074400
2024-03-26,46.674999,46.779999,46.180000,46.270000,43.093052,35373800
2024-03-27,46.169998,46.709999,46.090000,46.700001,43.493526,33960000
2024-03-28,46.974998,47.290001,46.750000,47.205002,43.963856,34615200
2024-04-01,47.345001,47.695000,46.880001,47.555000,44.289822,42899000
2024-04-02,47.759998,48.270000,47.549999,48.220001,44.909168,38671200
2024-04-03,48.400002,48.615002,48.240002,48.549999,45.216503,29148800
2024-04-04,48.625000,48.799999,48.330002,48.520000,45.188564,36941200
2024-04-05,48.720001,49.235001,48.424999,49.040001,45.672859,31194600
2024-04-08,49.064999,49.205002,48.645000,48.730000,45.384148,34034600
2024-04-09,48.939999,49.070000,48.389999,48.744999,45.398113,35322800
2024-04-10,48.610001,49.075001,48.400002,48.895000,45.537819,39199600
2024-04-11,49.049999,49.070000,48.169998,48.860001,45.505222,39204600
2024-04-12,49.169998,49.485001,47.834999,48.064999,44.764801,46572400
2024-04-15,48.294998,48.525002,47.555000,47.615002,44.345711,48690800
2024-04-16,47.525002,47.744999,46.865002,47.200001,43.959198,36497600
2024-04-17,47.099998,47.570000,46.730000,47.064999,43.833466,27421000
2024-04-18,47.224998,47.360001,46.755001,46.919998,43.698421,25555600
2024-04-19,47.009998,47.805000,46.939999,47.485001,44.224632,35451400
2024-04-22,47.235001,48.119999,46.860001,47.794998,44.513336,30244400
2024-04-23,47.575001,48.060001,47.345001,48.060001,44.760151,28657400
2024-04-24,47.759998,48.150002,47.529999,48.095001,44.792751,21303800
2024-04-25,48.040001,48.459999,47.625000,48.314999,44.997643,26500200
2024-04-26,47.880001,48.060001,47.380001,47.869999,44.583195,32366600
2024-04-29,47.730000,48.299999,47.700001,48.195000,44.885883,22236400
2024-04-30,48.000000,48.084999,46.740002,46.759998,43.549404,35399000
2024-05-01,46.695000,46.845001,45.764999,46.014999,42.855564,50943800
2024-05-02,46.325001,46.595001,46.060001,46.279999,43.102360,34616800
2024-05-03,46.320000,46.369999,45.674999,46.285000,43.107029,38087800
2024-05-06,46.430000,47.119999,46.430000,46.650002,43.446964,33445600
2024-05-07,46.715000,46.950001,46.590000,46.605000,43.405045,20942200
2024-05-08,46.334999,46.775002,46.264999,46.549999,43.353825,19811800
2024-05-09,46.599998,47.174999,46.599998,47.174999,43.935917,22489400
2024-05-10,47.275002,47.430000,46.790001,46.915001,43.693771,20568400
2024-05-13,47.025002,47.200001,46.590000,46.790001,43.577354,20978000
2024-05-14,46.700001,46.884998,46.509998,46.849998,43.633224,24911600
2024-05-15,46.750000,47.040001,46.060001,46.955002,43.731022,38792200
2024-05-16,46.849998,47.189999,46.700001,46.825001,43.609943,24580200
2024-05-17,46.910000,47.555000,46.895000,47.480000,44.219971,29001600
2024-05-20,47.500000,47.605000,47.055000,47.169998,43.931255,20134600
2024-05-21,47.049999,47.435001,46.904999,46.939999,43.717056,22467600
2024-05-22,46.750000,46.770000,45.855000,46.040001,42.878845,34868000
2024-05-23,46.270000,46.430000,45.540001,45.619999,42.487682,26931400
2024-05-24,45.974998,46.095001,45.555000,45.685001,42.548218,19041400
2024-05-28,45.845001,46.275002,45.730000,46.154999,42.985947,28904200
2024-05-29,46.025002,46.064999,45.134998,45.340000,42.226910,30053600
2024-05-30,45.240002,45.634998,45.224998,45.470001,42.347984,22731400
2024-05-31,45.549999,46.634998,45.505001,46.599998,43.400394,32503000
2024-06-03,46.445000,46.459999,45.044998,45.380001,42.264160,40796600
2024-06-04,44.910000,44.985001,44.349998,44.945000,41.859028,34721400
2024-06-05,45.000000,45.070000,44.665001,44.939999,41.854370,21040200
2024-06-06,44.785000,45.189999,44.615002,45.174999,42.073238,25506600
2024-06-07,45.090000,45.520000,44.775002,44.994999,41.905598,20089800
2024-06-10,45.165001,45.605000,44.994999,45.334999,42.222244,22543800
2024-06-11,45.134998,45.294998,44.720001,45.244999,42.138428,18591200
2024-06-12,45.619999,45.634998,44.535000,44.759998,41.686733,32560600
2024-06-13,44.639999,44.764999,44.125000,44.349998,41.304882,28495600
2024-06-14,44.299999,44.349998,43.834999,44.020000,40.997543,25811400
2024-06-17,43.959999,44.334999,43.799999,44.134998,41.104645,29547800
2024-06-18,44.419998,44.880001,44.209999,44.320000,41.276936,29285800
2024-06-20,44.450001,45.365002,44.310001,45.134998,42.035980,34073800
2024-06-21,45.255001,45.380001,44.810001,44.875000,41.793835,39972600
2024-06-24,44.764999,45.814999,44.689999,45.639999,42.847660,31188200
2024-06-25,45.599998,45.750000,45.349998,45.744999,42.946239,27666600
2024-06-26,45.794998,45.794998,45.080002,45.294998,42.523758,23127400
2024-06-27,45.535000,45.584999,45.145000,45.400002,42.622345,15631600
2024-06-28,45.750000,45.910000,45.410000,45.575001,42.786636,25670000
2024-07-01,45.939999,46.090000,45.330002,45.599998,42.810104,24563200
2024-07-02,46.040001,46.049999,45.275002,45.564999,42.777245,25226800
2024-07-03,45.605000,45.974998,45.525002,45.764999,42.965012,16280000
2024-07-05,45.674999,45.709999,44.849998,45.049999,42.293755,23450400
2024-07-08,44.724998,45.189999,44.599998,44.775002,42.035580,19595000
2024-07-09,44.330002,44.869999,44.200001,44.380001,41.664745,19086600
2024-07-10,44.330002,44.695000,44.195000,44.680000,41.946392,19320800
2024-07-11,44.564999,45.240002,44.410000,45.145000,42.382946,22684800
2024-07-12,45.400002,45.465000,44.924999,45.259998,42.490906,18117200
2024-07-15,45.580002,46.360001,45.404999,45.945000,43.133995,30792000
2024-07-16,45.750000,46.195000,45.514999,46.150002,43.326458,24129400
2024-07-17,46.255001,46.910000,46.244999,46.610001,43.758316,29435400
2024-07-18,46.560001,47.255001,46.395000,46.695000,43.838116,32867600
2024-07-19,46.619999,46.939999,46.064999,46.185001,43.359318,26500200
2024-07-22,45.939999,46.160000,45.634998,45.895000,43.087055,21527600
2024-07-23,45.764999,45.805000,45.110001,45.165001,42.401722,33103800
2024-07-24,45.285000,45.575001,44.860001,45.169998,42.406406,29328600
2024-07-25,45.200001,46.095001,44.985001,45.950001,43.138691,36437400
2024-07-26,45.830002,46.290001,45.665001,46.095001,43.274826,23730800
2024-07-29,46.099998,46.134998,45.270000,45.700001,42.903988,27156600
2024-07-30,45.695000,46.555000,45.639999,46.410000,43.570549,25673200
2024-07-31,47.040001,47.070000,46.570000,46.605000,43.753613,36173800
2024-08-01,46.500000,46.735001,45.134998,45.369999,42.594181,42558400
2024-08-02,44.849998,45.095001,43.755001,44.200001,41.495762,45836200
2024-08-05,43.250000,43.590000,42.735001,43.224998,40.580410,50039200
2024-08-06,43.384998,43.980000,43.215000,43.490002,40.829197,31418600
2024-08-07,44.020000,44.470001,43.639999,43.665001,40.993496,26126000
2024-08-08,43.790001,44.665001,43.790001,44.605000,41.875977,21596800
2024-08-09,44.540001,44.895000,44.255001,44.705002,41.969864,22345600
2024-08-12,44.965000,45.215000,43.750000,44.924999,42.176403,28785800
2024-08-13,44.584999,44.625000,44.270000,44.490002,41.768017,31386400
2024-08-14,44.575001,44.950001,44.400002,44.750000,42.012112,21657600
2024-08-15,45.005001,45.430000,44.965000,45.285000,42.514381,18335200
2024-08-16,45.005001,45.345001,44.970001,45.235001,42.467438,17753000
2024-08-19,45.310001,45.924999,45.310001,45.540001,42.753780,21762600
2024-08-20,45.439999,45.480000,44.320000,44.340000,41.627197,33866400
2024-08-21,44.619999,44.845001,44.290001,44.415001,41.697601,22737800
2024-08-22,44.445000,44.730000,44.355000,44.529999,41.805569,19595400
2024-08-23,44.740002,45.270000,44.685001,45.195000,42.429882,20734600
2024-08-26,45.695000,46.000000,45.264999,45.599998,42.810104,19514800
2024-08-27,45.599998,45.724998,45.095001,45.174999,42.411110,16627200
2024-08-28,44.900002,45.165001,44.685001,44.884998,42.138851,17049000
2024-08-29,45.150002,45.639999,44.724998,45.470001,42.688061,22498800
2024-08-30,45.009998,45.654999,44.904999,45.639999,42.847660,28085000
2024-09-03,44.895000,44.965000,44.224998,44.505001,41.782097,38194200
2024-09-04,44.549999,44.834999,43.805000,43.889999,41.204727,30114000
2024-09-05,44.205002,44.240002,43.509998,43.549999,40.885525,24991200
2024-09-06,43.645000,43.910000,42.830002,43.005001,40.373875,35912000
2024-09-09,43.134998,43.715000,43.070000,43.314999,40.664909,32824400
2024-09-10,43.380001,43.435001,42.205002,42.570000,39.965488,49326800
2024-09-11,42.564999,42.584999,41.509998,42.174999,39.594658,48125800
2024-09-12,42.340000,42.720001,42.025002,42.555000,39.951405,31762000
2024-09-13,42.770000,43.115002,42.669998,42.794998,40.176723,26195400
2024-09-16,43.154999,43.555000,42.959999,43.285000,40.636745,26875000
2024-09-17,43.299999,43.900002,43.205002,43.869999,41.185951,25034600
2024-09-18,43.805000,44.494999,43.744999,43.955002,41.265751,28209600
2024-09-19,44.700001,44.980000,44.235001,44.480000,41.758629,37806800
2024-09-20,44.294998,44.485001,43.889999,44.380001,41.664745,27961600
2024-09-23,44.099998,44.779999,43.950001,44.560001,42.179211,26630200
2024-09-24,45.070000,45.070000,44.384998,44.450001,42.075085,34627400
2024-09-25,44.334999,44.470001,43.490002,43.580002,41.251572,27633600
2024-09-26,42.715000,43.290001,42.584999,42.724998,40.442249,46896400
2024-09-27,42.955002,43.660000,42.930000,43.595001,41.265770,30489600
2024-09-30,43.514999,43.980000,43.264999,43.900002,41.554470,22806600
2024-10-01,43.505001,45.080002,43.450001,44.900002,42.501049,66114200
2024-10-02,45.529999,45.645000,44.855000,45.360001,42.936466,41925200
2024-10-03,45.520000,46.220001,45.174999,46.160000,43.693722,44726000
2024-10-04,46.549999,46.735001,46.125000,46.590000,44.100754,35945600
2024-10-07,46.755001,47.105000,46.599998,46.755001,44.256939,32519400
2024-10-08,46.150002,46.200001,45.314999,45.535000,43.102116,39759800
2024-10-09,45.195000,45.930000,45.105000,45.810001,43.362423,31519600
2024-10-10,46.064999,46.375000,45.730000,46.119999,43.655861,26047400
2024-10-11,46.105000,46.570000,46.014999,46.404999,43.925636,26414600
2024-10-14,46.080002,46.459999,46.009998,46.384998,43.906704,22198600
2024-10-15,45.150002,45.450001,44.865002,44.889999,42.491577,37839200
2024-10-16,45.145000,45.255001,44.985001,45.105000,42.695091,19877000
2024-10-17,45.099998,45.470001,45.049999,45.320000,42.898605,21433400
2024-10-18,45.235001,45.365002,44.849998,45.169998,42.756611,24015200
2024-10-21,45.470001,45.615002,44.955002,45.035000,42.628830,21162000
2024-10-22,45.200001,45.349998,44.974998,45.139999,42.728218,17956400
2024-10-23,45.014999,45.189999,44.645000,44.904999,42.505772,19813200
2024-10-24,45.000000,45.134998,44.599998,44.900002,42.501049,17046600
2024-10-25,45.139999,45.259998,44.755001,44.884998,42.486843,19104600
2024-10-28,43.930000,44.630001,43.889999,44.599998,42.217072,24228000
2024-10-29,44.500000,44.535000,43.825001,43.919998,41.573406,23791600
2024-10-30,44.075001,44.365002,43.904999,44.020000,41.668064,19364200
2024-10-31,44.299999,44.630001,44.180000,44.294998,41.928364,31623200
2024-11-01,44.895000,45.055000,43.924999,44.014999,41.663330,26304600
2024-11-04,44.314999,44.855000,44.255001,44.785000,42.392185,25811800
2024-11-05,45.005001,45.200001,44.805000,45.084999,42.676159,20876600
2024-11-06,46.325001,47.134998,46.025002,46.779999,44.280598,50053200
2024-11-07,46.750000,46.750000,46.209999,46.564999,44.077084,26138000
2024-11-08,46.570000,46.945000,46.384998,46.875000,44.370522,22336800
2024-11-11,46.884998,47.299999,46.665001,47.139999,44.621365,20909400
2024-11-12,47.275002,47.424999,46.840000,46.889999,44.384716,18500400
2024-11-13,47.029999,47.450001,46.465000,47.255001,44.730221,23676200
2024-11-14,47.570000,47.590000,47.134998,47.435001,44.900608,18011000
2024-11-15,47.389999,47.845001,47.195000,47.365002,44.834343,28080400
2024-11-18,47.740002,48.090000,47.529999,47.994999,45.430683,23892600
2024-11-19,47.610001,47.974998,47.465000,47.689999,45.141972,23796400
2024-11-20,47.865002,48.205002,47.715000,48.169998,45.596333,17917600
2024-11-21,48.389999,48.924999,48.270000,48.560001,45.965492,33541000
2024-11-22,48.494999,48.959999,48.450001,48.634998,46.036484,21555600
2024-11-25,48.625000,48.869999,47.560001,47.674999,45.127773,32950600
2024-11-26,47.740002,47.840000,47.389999,47.610001,45.066254,24932800
2024-11-27,47.564999,47.965000,47.500000,47.560001,45.018921,15595600
2024-11-29,47.665001,47.845001,47.580002,47.764999,45.212971,13636400
2024-12-02,47.750000,47.830002,46.834999,47.259998,44.734947,22190000
2024-12-03,47.564999,47.650002,47.049999,47.255001,44.730221,17886600
2024-12-04,47.235001,47.235001,45.840000,46.115002,43.651131,32518000
2024-12-05,46.285000,46.599998,46.099998,46.294998,43.821510,22662400
2024-12-06,46.200001,46.205002,45.424999,45.509998,43.078449,26206600
2024-12-09,45.889999,46.134998,45.395000,45.435001,43.007458,23627800
2024-12-10,45.695000,45.759998,45.060001,45.125000,42.714020,23299800
2024-12-11,45.220001,45.369999,44.980000,45.200001,42.785011,23147600
2024-12-12,45.119999,45.200001,44.790001,44.834999,42.439514,21746200
2024-12-13,44.945000,44.959999,44.485001,44.610001,42.226540,22346000
2024-12-16,44.485001,44.485001,43.595001,43.630001,41.298904,25036200
2024-12-17,43.299999,43.384998,42.900002,43.305000,40.991264,32011600
2024-12-18,43.185001,43.389999,42.025002,42.025002,39.779652,39241200
2024-12-19,42.470001,42.605000,41.630001,41.660000,39.434155,49981400
2024-12-20,41.654999,42.215000,41.544998,42.070000,39.822247,35704800
2024-12-23,41.654999,42.105000,41.375000,41.965000,40.056107,34445400
2024-12-24,42.084999,42.400002,41.810001,42.320000,40.394955,15024200
2024-12-26,42.334999,42.360001,42.025002,42.285000,40.361553,15386400
2024-12-27,42.250000,42.740002,42.070000,42.279999,40.356777,20369800
2024-12-30,42.285000,42.514999,41.924999,42.275002,40.352001,23545400
2024-12-31,42.375000,42.950001,42.290001,42.830002,40.881760,21165000
2025-01-02,43.180000,43.650002,43.040001,43.330002,41.359013,34887000
2025-01-03,43.584999,43.880001,43.410000,43.735001,41.745594,22120800
2025-01-06,43.935001,44.285000,43.424999,43.535000,41.554688,22835200
2025-01-07,43.855000,44.305000,43.590000,43.970001,41.969898,25035800
2025-01-08,43.700001,44.035000,43.544998,44.014999,42.012856,28483800
2025-01-10,44.584999,45.099998,43.959999,44.195000,42.184666,34075800
2025-01-13,44.395000,45.389999,44.395000,45.125000,43.072365,48896200
2025-01-14,45.044998,45.650002,44.980000,45.610001,43.535301,31173000
2025-01-15,45.889999,46.404999,45.700001,46.285000,44.179600,34657800
2025-01-16,46.130001,46.665001,46.075001,46.619999,44.499352,25230600
2025-01-17,46.619999,47.145000,46.455002,46.980000,44.842979,23899600
2025-01-21,46.860001,47.000000,46.494999,46.740002,44.613899,49302000
2025-01-22,46.595001,46.650002,45.860001,45.889999,43.802570,35880200
2025-01-23,46.240002,46.410000,45.775002,46.099998,44.003010,29359200
2025-01-24,46.165001,46.355000,45.599998,45.654999,43.578251,29156800
2025-01-27,45.500000,45.580002,44.865002,45.180000,43.124863,31993400
2025-01-28,45.314999,45.474998,44.525002,44.750000,42.714417,37401800
2025-01-29,44.639999,45.080002,44.575001,44.849998,42.809868,20681800
2025-01-30,45.125000,45.314999,44.799999,45.080002,43.029408,39092600
2025-01-31,44.955002,45.055000,43.715000,43.820000,41.826721,44537400
2025-02-03,43.814999,44.275002,43.415001,44.095001,42.089214,39816400
2025-02-04,43.889999,45.115002,43.814999,45.020000,42.972134,40279800
2025-02-05,45.005001,45.180000,44.755001,45.115002,43.062817,21772000
2025-02-06,45.320000,45.430000,44.044998,44.285000,42.270573,41309600
2025-02-07,44.450001,44.685001,44.220001,44.279999,42.265797,22568400
2025-02-10,44.674999,45.330002,44.674999,45.255001,43.196453,25871400
2025-02-11,45.470001,45.924999,45.180000,45.619999,43.544849,26226800
2025-02-12,45.244999,45.555000,44.439999,44.520000,42.494881,38798800
2025-02-13,44.450001,44.955002,44.160000,44.855000,42.814640,31550400
2025-02-14,45.025002,45.665001,45.025002,45.035000,42.986458,25885800
2025-02-18,45.250000,45.950001,44.990002,45.650002,43.573483,29574800
2025-02-19,45.840000,46.439999,45.814999,46.009998,43.917107,24531200
2025-02-20,45.915001,46.509998,45.720001,46.430000,44.318001,28332200
2025-02-21,46.150002,46.275002,45.439999,45.465000,43.396896,31276600
2025-02-24,45.544998,45.720001,45.235001,45.474998,43.406441,26295200
2025-02-25,45.465000,45.674999,44.455002,44.820000,42.781239,26608600
2025-02-26,44.875000,44.994999,44.360001,44.564999,42.537834,24305600
2025-02-27,44.875000,45.355000,44.490002,44.805000,42.766918,30048000
2025-02-28,44.660000,45.535000,44.380001,45.500000,43.430309,26627200
2025-03-03,45.674999,45.935001,43.505001,43.910000,41.912636,49501800
2025-03-04,43.264999,44.189999,42.715000,43.485001,41.506962,50677000
2025-03-05,42.855000,43.075001,42.014999,42.849998,40.900848,56510800
2025-03-06,42.645000,43.244999,42.310001,42.980000,41.024933,47104200
2025-03-07,43.174999,44.029999,43.174999,43.715000,41.726505,44849200
2025-03-10,43.955002,44.645000,43.630001,44.040001,42.036716,40045400
2025-03-11,44.220001,44.410000,43.455002,43.689999,41.702637,30230200
2025-03-12,43.720001,44.294998,43.555000,43.889999,41.893539,32240400
2025-03-13,43.735001,44.365002,43.325001,43.590000,41.607185,30742000
2025-03-14,43.830002,44.939999,43.630001,44.880001,42.838512,32023200
2025-03-17,44.845001,45.805000,44.845001,45.595001,43.520985,29761600
2025-03-18,45.849998,45.955002,45.310001,45.669998,43.592571,30806600
2025-03-19,45.730000,46.619999,45.720001,46.415001,44.303684,31742600
2025-03-20,46.160000,46.740002,45.965000,46.584999,44.465950,33163600
2025-03-21,46.430000,46.540001,45.970001,46.259998,44.155727,36975600
2025-03-24,46.110001,46.700001,46.035000,46.424999,44.658833,23824600
2025-03-25,46.630001,47.020000,46.474998,46.615002,44.841614,22292000
2025-03-26,47.049999,47.410000,46.775002,46.889999,45.106148,25564600
2025-03-27,46.750000,46.924999,46.250000,46.435001,44.668461,19147800
2025-03-28,46.410000,46.584999,45.985001,46.215000,44.456825,22248800
2025-03-31,46.115002,47.000000,46.049999,46.724998,44.947426,28813800
2025-04-01,46.750000,47.044998,46.244999,47.000000,45.211964,27121200
2025-04-02,46.599998,47.105000,46.490002,47.064999,45.274487,33960600
2025-04-03,44.825001,45.169998,43.355000,43.369999,41.720058,75657800
2025-04-04,41.825001,42.294998,39.380001,39.380001,37.881855,100752000
2025-04-07,38.105000,40.790001,37.490002,39.125000,37.636555,113906800
2025-04-08,40.330002,40.540001,37.610001,38.220001,36.765984,90538400
2025-04-09,37.474998,41.605000,37.244999,41.180000,39.613377,118962400
2025-04-10,40.110001,40.110001,37.740002,38.490002,37.025715,79046600
2025-04-11,38.669998,39.740002,37.910000,39.445000,37.944378,41916800
2025-04-14,40.380001,40.380001,39.189999,39.584999,38.079052,32748200
2025-04-15,39.549999,40.259998,39.505001,39.525002,38.021339,22167000
2025-04-16,39.770000,40.525002,39.669998,39.849998,38.333973,27331400
2025-04-17,40.174999,41.380001,40.154999,40.750000,39.199738,47908800
2025-04-21,40.105000,40.205002,39.244999,39.685001,38.175251,31012000
2025-04-22,40.200001,40.994999,40.025002,40.695000,39.146828,22097400
2025-04-23,41.049999,41.490002,40.369999,40.619999,39.074680,43216200
2025-04-24,41.000000,41.389999,40.645000,41.270000,39.699951,21219000
2025-04-25,40.900002,41.230000,40.740002,41.195000,39.627808,17664800
2025-04-28,41.150002,41.599998,41.095001,41.485001,39.906769,16436800
2025-04-29,41.020000,41.514999,40.939999,41.365002,39.791336,19843400
2025-04-30,40.700001,40.759998,39.755001,40.250000,38.718761,37814200
2025-05-01,39.919998,40.930000,39.919998,40.400002,38.863049,36314400
2025-05-02,40.889999,41.195000,40.160000,40.990002,39.430599,32038800
2025-05-05,40.474998,40.529999,40.025002,40.250000,38.718761,29530200
2025-05-06,40.430000,40.610001,40.035000,40.259998,38.728374,22995400
2025-05-07,40.349998,40.480000,39.970001,40.275002,38.742802,22446200
2025-05-08,40.645000,41.360001,40.580002,40.805000,39.252644,30565800
2025-05-09,41.299999,41.419998,40.880001,41.215000,39.647049,19993200
2025-05-12,42.740002,42.935001,41.980000,42.290001,40.681149,32610000
2025-05-13,42.500000,43.224998,42.330002,42.884998,41.253510,29031600
2025-05-14,42.599998,42.790001,42.459999,42.625000,41.003407,21332600
2025-05-15,42.084999,42.830002,41.980000,42.805000,41.176556,29721600
2025-05-16,42.900002,42.924999,42.305000,42.740002,41.114029,21725800
2025-05-19,42.384998,42.430000,41.875000,42.185001,40.580143,24787000
2025-05-20,42.154999,42.250000,41.755001,41.794998,40.204979,22782200
2025-05-21,41.544998,41.625000,41.020000,41.025002,39.464275,25698400
2025-05-22,40.810001,41.099998,40.360001,40.865002,39.310360,23732200
2025-05-23,40.505001,41.099998,40.490002,40.994999,39.435413,23511000
2025-05-27,41.279999,41.415001,40.974998,41.349998,39.776909,19028000
2025-05-28,41.549999,41.674999,40.720001,40.825001,39.271877,29552600
2025-05-29,40.889999,41.130001,40.630001,41.130001,39.565285,23792800
2025-05-30,40.814999,40.980000,40.439999,40.764999,39.214161,31038600
2025-06-02,41.529999,41.584999,40.825001,41.299999,39.728813,32031000
2025-06-03,41.330002,42.049999,40.939999,41.790001,40.200172,30352600
2025-06-04,41.770000,42.095001,40.924999,40.974998,39.416172,44939200
2025-06-05,41.279999,41.299999,40.830002,40.935001,39.377697,27655000
2025-06-06,41.305000,41.830002,41.305000,41.705002,40.118401,28556800
2025-06-09,41.869999,42.220001,41.540001,41.785000,40.195358,28680400
2025-06-10,42.230000,42.805000,42.209999,42.529999,40.912010,46092200
2025-06-11,42.820000,43.215000,42.400002,43.145000,41.503624,48996600
2025-06-12,42.945000,43.310001,42.630001,43.294998,41.647915,34028200
2025-06-13,44.105000,44.285000,43.474998,44.049999,42.374191,84194800
2025-06-16,43.930000,44.375000,43.590000,43.919998,42.249134,69406600
2025-06-17,44.285000,44.660000,44.009998,44.330002,42.643539,67884200
2025-06-18,44.490002,44.715000,43.939999,44.040001,42.364571,70473000
2025-06-20,44.215000,44.615002,44.084999,44.490002,42.797459,56744800
2025-06-23,44.685001,44.715000,42.830002,43.014999,41.715176,105688200
2025-06-24,42.389999,42.900002,42.294998,42.455002,41.172096,65358800
2025-06-25,42.404999,42.560001,42.130001,42.270000,40.992687,43723000
2025-06-26,42.365002,42.959999,42.259998,42.875000,41.579403,33565600
2025-06-27,42.849998,42.849998,42.395000,42.650002,41.361206,35411800
2025-06-30,42.485001,42.669998,42.279999,42.404999,41.123611,26247600
2025-07-01,42.470001,42.930000,42.080002,42.730000,41.438789,40772800
2025-07-02,43.090000,43.535000,42.615002,43.465000,42.151577,42468800
2025-07-03,43.404999,43.654999,43.305000,43.514999,42.200066,22266200
2025-07-07,43.250000,43.480000,42.650002,43.095001,41.792755,35673000
2025-07-08,43.044998,44.415001,43.035000,44.255001,42.917706,47472400
2025-07-09,44.145000,44.320000,43.900002,44.029999,42.699501,28672400
2025-07-10,43.930000,44.389999,43.615002,44.365002,43.024380,28823800
2025-07-11,44.290001,44.720001,44.154999,44.564999,43.218338,30171600
2025-07-14,44.480000,44.480000,43.840000,44.075001,42.743149,33441600
2025-07-15,43.990002,44.180000,43.384998,43.439999,42.127331,33859000
2025-07-16,43.380001,43.630001,42.910000,43.064999,41.763664,35501600
2025-07-17,42.845001,43.395000,42.740002,43.330002,42.020657,36085600
2025-07-18,43.674999,43.875000,42.810001,42.980000,41.681229,60975600
2025-07-21,43.009998,43.084999,42.450001,42.535000,41.249680,30434400
2025-07-22,42.485001,42.970001,42.445000,42.735001,41.443638,32444000
2025-07-23,42.910000,43.430000,42.799999,43.404999,42.093391,28046000
2025-07-24,43.290001,43.770000,43.095001,43.715000,42.394024,24022200
2025-07-25,43.759998,43.834999,43.325001,43.549999,42.234009,20143200
2025-07-28,43.840000,44.119999,43.775002,44.044998,42.714046,23705200
2025-07-29,44.115002,44.490002,43.970001,44.474998,43.131050,24552000
2025-07-30,44.200001,44.224998,43.564999,43.840000,42.515244,26552400
2025-07-31,43.380001,44.110001,43.380001,43.605000,42.287346,24960800
2025-08-01,43.439999,43.595001,42.560001,42.794998,41.501823,42329400
2025-08-04,42.720001,43.040001,42.480000,42.700001,41.409695,26509600
2025-08-05,42.689999,42.814999,42.174999,42.755001,41.463032,31413600
2025-08-06,43.025002,43.275002,42.235001,42.360001,41.079971,38249400
2025-08-07,42.610001,43.084999,42.139999,42.195000,40.919956,35042000
2025-08-08,42.395000,42.855000,42.180000,42.465000,41.181797,40736200
2025-08-11,42.549999,42.735001,42.049999,42.125000,40.852070,28828800
2025-08-12,42.209999,42.700001,42.084999,42.330002,41.050877,34522600
2025-08-13,42.360001,42.825001,42.209999,42.820000,41.526066,25601200
2025-08-14,42.790001,42.845001,42.325001,42.779999,41.487278,24944600
2025-08-15,42.799999,43.264999,42.645000,42.779999,41.487278,27297800
2025-08-18,42.555000,42.724998,42.279999,42.525002,41.239986,26428400
2025-08-19,42.404999,42.790001,42.294998,42.540001,41.254528,25693800
2025-08-20,42.610001,43.070000,42.570000,42.895000,41.598804,27967200
2025-08-21,42.820000,43.285000,42.705002,43.189999,41.884888,22088000
2025-08-22,43.334999,44.174999,43.264999,44.070000,42.738297,30936400
2025-08-25,43.959999,44.240002,43.814999,44.185001,42.849823,23412800
2025-08-26,44.009998,44.154999,43.705002,44.115002,42.781937,22855600
2025-08-27,44.049999,44.770000,44.000000,44.610001,43.261978,26877400
2025-08-28,44.625000,45.014999,44.330002,44.950001,43.591702,24086200
2025-08-29,44.970001,45.310001,44.910000,45.195000,43.829296,23745000
2025-09-02,45.075001,45.340000,44.735001,45.259998,43.892334,25964400
2025-09-03,44.900002,45.275002,44.095001,44.244999,42.908005,36018200
2025-09-04,44.250000,44.724998,44.060001,44.540001,43.194092,25895400
2025-09-05,44.174999,44.320000,43.459999,43.680000,42.360081,48182200
2025-09-08,43.825001,44.014999,43.195000,43.580002,42.263103,34931800
2025-09-09,43.814999,44.410000,43.764999,43.790001,42.466755,41193400
2025-09-10,43.889999,44.580002,43.790001,44.555000,43.208641,29932800
2025-09-11,44.200001,44.660000,44.064999,44.564999,43.218338,25176800
2025-09-12,44.750000,44.950001,44.290001,44.299999,42.961342,22297800
2025-09-15,44.384998,44.500000,44.075001,44.150002,42.815876,23287800
2025-09-16,44.345001,45.029999,44.334999,44.889999,43.533516,41593000
2025-09-17,44.830002,45.310001,44.634998,44.994999,43.635345,26044800
2025-09-18,45.035000,45.125000,44.514999,44.855000,43.499569,28713000
2025-09-19,44.814999,44.849998,44.105000,44.259998,42.922550,29979200
2025-09-22,43.730000,44.049999,43.555000,43.834999,42.873158,22502400
2025-09-23,44.009998,45.070000,44.009998,44.590000,43.611595,44214800
2025-09-24,44.904999,45.590000,44.855000,45.169998,44.178871,35406200
2025-09-25,45.165001,45.619999,45.040001,45.575001,44.574982,31887200
2025-09-26,45.650002,46.455002,45.639999,45.994999,44.985767,40161600
2025-09-29,45.674999,45.740002,44.915001,45.150002,44.159309,37674400
2025-09-30,44.755001,44.849998,44.320000,44.669998,43.689838,47544800
2025-10-01,44.450001,44.820000,44.400002,44.669998,43.689838,27661200
2025-10-02,44.570000,44.965000,44.174999,44.220001,43.249714,31793600
2025-10-03,44.445000,44.715000,44.389999,44.455002,43.479557,24048000
2025-10-06,44.735001,44.930000,44.494999,44.674999,43.694733,21488400
2025-10-07,44.634998,44.779999,43.955002,44.744999,43.763195,25324000
2025-10-08,44.744999,44.744999,44.150002,44.485001,43.508896,20024200
2025-10-09,44.580002,44.959999,43.834999,43.880001,42.917175,23397800
2025-10-10,43.555000,43.775002,42.595001,42.610001,41.675041,44892200
2025-10-13,42.935001,43.244999,42.794998,43.189999,42.242310,22889600
2025-10-14,42.575001,43.430000,42.520000,43.185001,42.237423,25084600
2025-10-15,43.459999,43.705002,42.840000,43.160000,42.212971,24267000
2025-10-16,43.235001,43.365002,42.349998,42.639999,41.704380,29193800
2025-10-17,42.820000,43.080002,42.645000,42.990002,42.046700,24071800
2025-10-20,43.064999,43.544998,43.064999,43.445000,42.491714,25352400
2025-10-21,43.564999,43.665001,43.125000,43.345001,42.393913,25885200
2025-10-22,43.634998,44.090000,43.270000,43.900002,42.936733,32814000
2025-10-23,44.685001,44.779999,44.215000,44.485001,43.508896,47308800
2025-10-24,44.685001,44.700001,44.005001,44.035000,43.068771,21191000
2025-10-27,44.174999,44.320000,43.945000,44.139999,43.171467,19597200
2025-10-28,43.974998,44.115002,43.654999,43.680000,42.721561,22474600
2025-10-29,43.730000,44.230000,43.639999,44.005001,43.039429,26807800
2025-10-30,43.990002,44.310001,43.685001,43.744999,42.785133,20663400
2025-10-31,43.849998,44.314999,43.660000,44.064999,43.098114,26985400
2025-11-03,44.075001,44.189999,43.564999,44.070000,43.103001,22232000
2025-11-04,43.529999,43.715000,43.185001,43.595001,42.638428,29477600
2025-11-05,43.599998,44.195000,43.544998,43.709999,42.750900,23857200
2025-11-06,43.775002,44.549999,43.775002,44.134998,43.166573,32154800
2025-11-07,44.290001,44.875000,44.169998,44.770000,43.787647,35458400
2025-11-10,44.884998,45.279999,44.305000,45.174999,44.183758,31264600
2025-11-11,45.445000,46.084999,45.410000,45.764999,44.760815,38752800
2025-11-12,45.455002,45.665001,45.060001,45.125000,44.134857,29863200
2025-11-13,45.270000,45.650002,45.040001,45.240002,44.247334,32243800
2025-11-14,45.480000,46.110001,44.910000,46.009998,45.000435,34179400
2025-11-17,45.955002,45.970001,44.990002,45.169998,44.178871,37447400
2025-11-18,44.974998,45.650002,44.849998,45.529999,44.530968,34839400
2025-11-19,44.724998,45.084999,44.410000,44.939999,43.953915,41062800
2025-11-20,45.169998,45.785000,44.395000,44.430000,43.455105,41630000
2025-11-21,44.505001,44.904999,44.035000,44.709999,43.728962,39317200
2025-11-24,44.660000,44.724998,43.895000,44.584999,43.606709,33681800
2025-11-25,44.235001,44.480000,43.939999,44.305000,43.332848,29299000
2025-11-26,44.294998,44.959999,44.255001,44.639999,43.660496,26611000
2025-11-28,44.665001,45.419998,44.599998,45.224998,44.232658,16666600
2025-12-01,45.290001,45.910000,45.255001,45.660000,44.658119,31150000
2025-12-02,45.590000,45.590000,44.845001,45.070000,44.081062,33305000
2025-12-03,45.375000,45.994999,45.310001,45.915001,44.907524,30174000
2025-12-04,45.889999,46.185001,45.755001,46.110001,45.098244,23799600
2025-12-05,46.029999,46.660000,45.910000,45.919998,44.912411,22164400
2025-12-08,45.660000,45.919998,45.270000,45.419998,44.423382,27891900
2025-12-09,45.500000,46.080002,45.459999,45.700001,44.697243,20917400
2025-12-10,45.840000,46.270000,45.630001,46.180000,45.166710,26255100
2025-12-11,45.900002,46.250000,45.840000,45.959999,44.951534,25827200
2025-12-12,46.049999,46.240002,45.389999,45.509998,44.511406,33161200
2025-12-15,45.610001,45.610001,44.820000,45.189999,44.198429,27521600
2025-12-16,44.830002,44.849998,43.770000,43.810001,42.848709,49312400
2025-12-17,44.130001,44.880001,44.060001,44.779999,43.797428,43375300
2025-12-18,44.650002,44.709999,43.980000,44.130001,43.161690,29920200
2025-12-19,44.250000,44.529999,44.029999,44.130001,43.161690,31959600
2025-12-22,44.139999,44.490002,44.090000,44.209999,43.608524,23707400
2025-12-23,44.369999,44.549999,44.220001,44.500000,43.894577,19137500
2025-12-24,44.419998,44.560001,44.310001,44.369999,43.766346,11293900
2025-12-26,44.320000,44.439999,43.990002,44.200001,43.598660,17884500
2025-12-29,44.509998,44.740002,44.290001,44.619999,44.012947,31352100
2025-12-30,44.799999,45.090000,44.799999,44.959999,44.348320,18654700
2025-12-31,44.930000,45.020000,44.570000,44.709999,44.101723,16965900
2026-01-02,44.720001,45.779999,44.490002,45.650002,45.028938,31935500
2026-01-05,47.160000,47.320000,45.750000,46.889999,46.252064,94961000
2026-01-06,47.000000,47.060001,45.529999,45.639999,45.019066,69568200
2026-01-07,45.820000,45.820000,45.080002,45.130001,44.516010,42739200
2026-01-08,45.320000,46.849998,45.220001,46.549999,45.916687,51451000
2026-01-09,46.750000,46.880001,46.509998,46.669998,46.035053,38839900
2026-01-12,46.750000,46.810001,46.099998,46.340000,45.709549,28264400
2026-01-13,46.730000,47.389999,46.680000,47.000000,46.360569,50469200
2026-01-14,47.250000,48.650002,47.180000,48.060001,47.406147,80750200
2026-01-15,47.630001,48.070000,47.270000,47.610001,46.962269,49328800
2026-01-16,47.560001,47.810001,47.490002,47.689999,47.041180,30796300
2026-01-20,48.090000,48.310001,47.500000,47.599998,46.952404,50178700
2026-01-21,48.290001,49.049999,48.290001,48.750000,48.086758,58996000
2026-01-22,48.619999,49.000000,48.419998,48.910000,48.244583,50869500
2026-01-23,49.520000,49.889999,49.090000,49.189999,48.520771,51431200
2026-01-26,49.869999,49.889999,48.950001,49.220001,48.550365,40122600
2026-01-27,49.389999,49.820000,49.160000,49.669998,48.994240,39840300
2026-01-28,49.970001,50.139999,49.560001,50.049999,49.369072,41890400
2026-01-29,51.150002,51.730000,50.480000,50.509998,49.822815,77520700
2026-01-30,50.360001,51.090000,49.880001,51.049999,50.355465,74039400
2026-02-02,50.099998,50.509998,49.770000,50.049999,49.369072,61479900
2026-02-03,50.240002,51.779999,50.020000,51.669998,50.967030,83754100
2026-02-04,51.820000,52.959999,51.820000,52.830002,52.111252,78149900
2026-02-05,52.259998,52.490002,51.439999,52.209999,51.499687,54235600
2026-02-06,52.500000,53.419998,52.360001,53.250000,52.525539,41669600
2026-02-09,53.209999,53.720001,52.980000,53.639999,52.910233,38798500
2026-02-10,53.770000,53.790001,53.240002,53.580002,52.851048,32146000
2026-02-11,54.279999,55.110001,54.250000,54.980000,54.231998,57349700
2026-02-12,54.939999,55.240002,53.759998,53.980000,53.245602,67427800
2026-02-13,53.939999,54.580002,53.810001,54.349998,53.610569,48392100
2026-02-17,54.560001,54.910000,53.180000,53.750000,53.018734,50499600
2026-02-18,54.529999,54.860001,54.220001,54.779999,54.034721,59196100
2026-02-19,55.459999,55.880001,54.930000,55.180000,54.429279,62513500
2026-02-20,55.000000,55.290001,54.509998,54.880001,54.133362,50833500
2026-02-23,55.040001,55.930000,54.869999,55.150002,54.399689,44013500
2026-02-24,55.110001,55.220001,54.400002,55.099998,54.350365,42921700
2026-02-25,55.299999,55.369999,54.189999,54.869999,54.123497,36207500
2026-02-26,54.369999,55.669998,54.119999,55.049999,54.301048,47033500
2026-02-27,55.639999,56.150002,54.930000,55.919998,55.159210,59071500
2026-03-02,57.770000,57.880001,56.270000,57.040001,56.263977,135633300
2026-03-03,57.389999,57.720001,56.049999,56.520000,55.751049,154770800
2026-03-04,56.060001,56.430000,55.330002,56.189999,55.425537,70732700
2026-03-05,56.529999,57.060001,56.080002,56.480000,55.711594,85177800
2026-03-06,57.150002,57.340000,56.169998,56.570000,55.800369,68219000
2026-03-09,56.840000,57.150002,55.939999,56.320000,55.553768,88747400
2026-03-10,56.060001,56.459999,55.369999,55.599998,54.843563,88817900
2026-03-11,55.630001,57.040001,55.540001,56.980000,56.204788,48743700
2026-03-12,57.130001,58.220001,57.060001,57.509998,56.727577,69358700
2026-03-13,57.500000,57.930000,57.099998,57.700001,56.914993,43374600
2026-03-16,57.759998,58.099998,57.270000,57.900002,57.112278,39474300
2026-03-17,58.230000,59.049999,57.980000,58.509998,57.713974,40137700
2026-03-18,58.740002,58.970001,58.430000,58.430000,57.635063,42908000
2026-03-19,58.869999,59.720001,58.520000,59.360001,58.552410,69231400
2026-03-20,59.560001,60.320000,59.279999,59.310001,58.503090,73003400
2026-03-23,57.889999,59.840000,57.660000,59.630001,59.203041,71027200
2026-03-24,59.799999,61.470001,59.770000,60.840000,60.404377,51207500
2026-03-25,60.320000,61.000000,60.259998,60.570000,60.136311,42680700
2026-03-26,60.669998,61.860001,60.590000,61.520000,61.079510,54967600
2026-03-27,61.529999,62.790001,61.259998,62.560001,62.112064,59553200
2026-03-30,63.130001,63.459999,61.779999,61.959999,61.516357,49750100
2026-03-31,62.040001,62.830002,60.040001,61.259998,60.821369,94766900
2026-04-01,59.720001,60.619999,58.360001,58.970001,58.547768,96652900
2026-04-02,60.529999,61.009998,58.980000,59.250000,58.825764,60400500
2026-04-06,59.110001,59.689999,58.889999,59.680000,59.252686,25474200
2026-04-07,59.810001,60.770000,59.790001,60.160000,59.729248,38811700
2026-04-08,56.680000,58.189999,56.180000,58.049999,57.634354,88023600
2026-04-09,58.200001,59.020000,57.110001,57.330002,56.919510,55088500
2026-04-10,57.169998,57.480000,56.400002,56.939999,56.532303,42561700
2026-04-13,57.619999,57.720001,56.650002,57.110001,56.701084,43100900
2026-04-14,56.500000,56.500000,55.410000,55.950001,55.549393,58830100
2026-04-15,55.599998,56.209999,55.270000,55.759998,55.360748,39551500
2026-04-16,55.840000,56.880001,55.770000,56.580002,56.174881,31282600
2026-04-17,54.410000,55.160000,53.410000,55.020000,54.626049,90913300
2026-04-20,55.099998,55.720001,54.799999,55.070000,54.675690,35150000
2026-04-21,55.320000,55.959999,54.919998,55.869999,55.469963,41299800
2026-04-22,56.360001,56.779999,56.130001,56.540001,56.135166,40565500
2026-04-23,56.889999,57.189999,56.470001,56.980000,56.572014,34707200
2026-04-24,56.770000,56.919998,56.169998,56.869999,56.462803,36426700
2026-04-27,57.099998,57.680000,56.630001,56.770000,56.363522,33070600
2026-04-28,57.720001,58.049999,57.380001,57.709999,57.296787,39151300
2026-04-29,58.279999,59.110001,58.060001,59.029999,58.607338,40616700
2026-04-30,58.200001,59.840000,57.939999,59.650002,59.222900,35896800
2026-05-01,59.060001,59.599998,58.259998,58.849998,58.428623,35828400
2026-05-04,58.730000,59.630001,58.220001,59.389999,58.964760,36883000
2026-05-05,59.230000,59.759998,58.889999,59.450001,59.024330,27041400
2026-05-06,57.290001,57.889999,56.660000,57.000000,56.591873,57907500
2026-05-07,55.869999,56.150002,55.130001,55.950001,55.549393,52909900
2026-05-08,55.849998,56.230000,55.459999,55.700001,55.301182,30573500
2026-05-11,56.259998,57.220001,56.240002,57.169998,56.760654,31943300
2026-05-12,57.730000,57.840000,57.139999,57.570000,57.157791,36814500
2026-05-13,57.470001,57.709999,56.959999,57.630001,57.217361,22707200
2026-05-14,57.650002,58.180000,57.509998,58.070000,57.654213,23487000
2026-05-15,58.700001,59.470001,58.480000,59.439999,59.014400,33565500
2026-05-18,59.130001,60.700001,58.720001,60.580002,60.146240,41516600
2026-05-19,60.810001,61.490002,60.299999,61.290001,60.851158,31111000
2026-05-20,60.810001,61.700001,59.680000,59.799999,59.371822,61776800
2026-05-21,60.480000,60.590000,58.720001,59.130001,58.706623,45851100
2026-05-22,58.990002,59.610001,58.830002,59.490002,59.064045,42428900
2026-05-26,58.869999,59.570000,57.840000,57.849998,57.435783,38819900
2026-05-27,57.009998,57.500000,56.480000,56.990002,56.581947,48329800
2026-05-28,57.549999,57.680000,56.680000,56.950001,56.542233,46554100
2026-05-29,56.680000,56.790001,55.990002,56.290001,55.886959,32389600
2026-06-01,57.029999,57.810001,56.849998,57.299999,56.889725,55879400
2026-06-02,57.189999,58.169998,57.080002,57.959999,57.544998,23842600
2026-06-03,58.240002,59.380001,58.009998,58.709999,58.289627,46312800
2026-06-04,58.500000,59.029999,58.169998,58.750000,58.329342,23916300
2026-06-05,58.669998,58.779999,57.630001,57.669998,57.257072,28213000
2026-06-08,58.080002,58.959999,57.970001,58.330002,57.912350,25717800
2026-06-09,58.080002,58.209999,56.810001,57.389999,56.979080,46026300
2026-06-10,57.939999,59.040001,57.779999,58.250000,57.832924,36515300
2026-06-11,58.779999,58.990002,57.060001,57.119999,56.711014,40863500
2026-06-12,56.790001,58.150002,56.630001,57.549999,57.137936,31964700
2026-06-15,55.200001,56.049999,55.020000,55.549999,55.152256,44319100
2026-06-16,55.000000,55.480000,54.950001,55.360001,54.963615,42008400
2026-06-17,55.259998,55.360001,54.540001,54.669998,54.278553,38553000
2026-06-18,54.139999,54.250000,53.250000,53.770000,53.385002,39645700
2026-06-22,53.529999,54.130001,53.169998,54.060001,54.060001,30765600
2026-06-23,54.139999,54.560001,53.869999,54.459999,54.459999,38690400
2026-06-24,53.500000,53.770000,52.939999,53.570000,53.570000,43034600
2026-06-25,53.200001,54.320000,53.000000,54.090000,54.090000,28221700
2026-06-26,54.000000,54.150002,53.680000,53.840000,53.840000,19025200
2026-06-29,53.980000,54.279999,53.470001,53.580002,53.580002,25142300
2026-06-30,53.619999,54.119999,53.080002,53.110001,53.110001,28284000
2026-07-01,53.049999,53.439999,52.619999,52.810001,52.810001,33662700
2026-07-02,53.240002,53.650002,52.910000,53.220001,53.220001,28525600
2026-07-06,53.060001,53.549999,53.000000,53.130001,53.130001,24735300
2026-07-07,53.610001,54.820000,53.599998,54.639999,54.639999,41833600
2026-07-08,55.459999,56.040001,54.869999,55.599998,55.599998,39741400
2026-07-09,55.279999,55.480000,54.730000,54.820000,54.820000,21770700
2026-07-10,55.080002,55.240002,54.360001,55.080002,55.080002,22974700
2026-07-13,55.860001,56.970001,55.860001,56.740002,56.740002,41200900
2026-07-14,57.000000,57.220001,56.290001,56.950001,56.950001,32579000
2026-07-15,56.939999,57.040001,55.759998,56.500000,56.500000,33184200
2026-07-16,56.660000,57.299999,56.599998,57.020000,57.020000,27477000
2026-07-17,57.950001,58.119999,57.279999,57.680000,57.680000,31397800
2026-07-20,57.560001,58.389999,57.410000,57.939999,57.939999,27329300
2026-07-21,58.160000,58.529999,57.834999,58.500000,58.500000,20135456
