Date,Open,High,Low,Close,AdjClose,Volume
2005-01-03,24.979691,25.012184,24.679123,24.711617,16.085995,5011647
2005-01-04,24.817223,24.857840,24.427296,24.476036,15.932651,7426746
2005-01-05,24.451666,24.638506,24.427296,24.435417,15.906208,2943321
2005-01-06,24.500406,24.630383,24.476036,24.557270,15.985525,3211925
2005-01-07,24.654753,24.654753,24.427296,24.427296,15.900910,1519670
2005-01-10,24.370432,24.565393,24.329813,24.451666,15.916784,3742117
2005-01-11,24.370432,24.467913,24.297319,24.346060,15.848048,7431178
2005-01-12,24.411049,24.411049,24.134850,24.313566,15.826888,4748336
2005-01-13,24.337936,24.337936,24.045490,24.077986,15.673531,8480851
2005-01-14,24.086109,24.207960,24.061737,24.159220,15.726411,6409202
2005-01-18,24.061737,24.557270,24.061737,24.541023,15.974952,7196426
2005-01-19,24.573517,24.573517,24.289196,24.297319,15.816305,4413504
2005-01-20,24.045490,24.248577,24.045490,24.118603,15.699971,4996998
2005-01-21,24.167343,24.207960,23.972380,23.996752,15.620648,5053132
2005-01-24,24.151096,24.199839,24.004873,24.004873,15.625945,6601238
2005-01-25,24.118603,24.427296,24.012999,24.021120,15.636522,3229529
2005-01-26,24.086109,24.159220,24.012999,24.134850,15.710551,2403035
2005-01-27,24.086109,24.167343,23.939886,24.012999,15.631239,1782365
2005-01-28,23.964256,24.086109,23.866776,23.980503,15.610074,3086609
2005-01-31,24.004873,24.281073,24.004873,24.264826,15.795166,4741320
2005-02-01,24.370432,24.622257,24.289196,24.524776,15.964371,4151671
2005-02-02,24.573517,24.573517,24.427296,24.524776,15.964371,10027111
2005-02-03,24.492283,24.492283,24.346060,24.411049,15.890347,6478630
2005-02-04,24.492283,24.752234,24.476036,24.703493,16.080708,5067412
2005-02-07,24.841593,24.841593,24.614136,24.727863,16.096563,3950525
2005-02-08,24.695370,24.744110,24.630383,24.630383,16.033115,4563933
2005-02-09,24.695370,24.727863,24.549147,24.565393,15.990814,2699214
2005-02-10,24.735987,24.735987,24.573517,24.638506,16.038410,8895206
2005-02-11,24.573517,24.874086,24.573517,24.833469,16.165314,2650959
2005-02-14,24.857840,24.898457,24.727863,24.792850,16.138882,6321185
2005-02-15,24.833469,24.898457,24.768480,24.849716,16.175896,6984202
2005-02-16,24.695370,24.784727,24.638506,24.679123,16.064844,3653854
2005-02-17,24.573517,24.703493,24.459789,24.459789,15.922066,2258023
2005-02-18,24.532900,24.532900,24.199839,24.199839,15.752857,10973257
2005-02-22,24.045490,24.175467,23.826159,23.842405,15.520180,8719296
2005-02-23,23.842405,24.102356,23.842405,24.061737,15.662957,10591524
2005-02-24,24.045490,24.151096,23.972380,24.094233,15.684110,19070406
2005-02-25,24.061737,24.370432,24.061737,24.337936,15.842752,13521920
2005-02-28,24.289196,24.289196,24.053616,24.102356,15.689392,9929738
2005-03-01,24.248577,24.427296,24.167343,24.337936,15.842752,6158693
2005-03-02,24.337936,24.459789,24.199839,24.264826,15.795166,7729449
2005-03-03,24.289196,24.411049,24.102356,24.224209,15.768716,6592990
2005-03-04,24.378553,24.589764,24.362307,24.532900,15.969660,9135497
2005-03-07,24.532900,24.687246,24.532900,24.532900,15.969660,3544418
2005-03-08,24.614136,24.614136,24.411049,24.492283,15.943216,14748857
2005-03-09,24.573517,24.573517,24.191713,24.191713,15.747572,8946046
2005-03-10,24.232330,24.394800,24.183592,24.329813,15.837458,11290117
2005-03-11,24.289196,24.362307,24.021120,24.118603,15.699971,15419629
2005-03-14,24.045490,24.264826,24.045490,24.248577,15.784570,10302855
2005-03-15,24.305443,24.370432,24.061737,24.086109,15.678823,11003540
2005-03-16,24.045490,24.077986,23.809912,23.842405,15.520180,10547824
2005-03-17,23.842405,23.891146,23.712429,23.777416,15.477878,9455680
2005-03-18,23.761169,23.761169,23.419985,23.533712,15.400789,14370694
2005-03-21,23.476849,24.191713,23.281885,23.322502,15.262577,11070629
2005-03-22,23.436232,23.452478,22.891958,22.891958,14.980822,24746424
2005-03-23,22.794476,23.078798,22.794476,22.940699,15.012725,15802470
2005-03-24,22.908205,23.095045,22.826969,22.826969,14.938289,5773267
2005-03-28,22.916328,23.111292,22.908205,22.989439,15.044609,3886390
2005-03-29,22.956945,23.192526,22.883835,22.908205,14.991463,6737263
2005-03-30,22.908205,23.192526,22.883835,23.192526,15.177517,6679406
2005-03-31,23.233145,23.281885,23.062551,23.062551,15.092466,9881483
2005-04-01,23.233145,23.363119,22.680746,22.745735,14.885133,14815085
2005-04-04,22.745735,23.005686,22.510155,22.908205,14.991463,14883898
2005-04-05,22.956945,23.127539,22.932575,22.973192,15.033978,10589554
2005-04-06,23.111292,23.233145,23.070675,23.127539,15.134985,8935460
2005-04-07,23.127539,23.330626,23.078798,23.216896,15.193469,13217616
2005-04-08,23.225019,23.290009,23.005686,23.005686,15.055252,6165340
2005-04-11,23.151909,23.184402,22.989439,23.054426,15.087141,7842209
2005-04-12,23.070675,23.436232,22.916328,23.371243,15.294477,14569254
2005-04-13,23.371243,23.379366,22.981316,23.030058,15.071202,3904486
2005-04-14,22.989439,23.030058,22.753859,22.770105,14.901084,5226087
2005-04-15,22.826969,22.924452,22.469538,22.526402,14.741598,13627662
2005-04-18,22.623882,22.778229,22.550772,22.713242,14.863859,10240566
2005-04-19,22.948822,22.948822,22.721365,22.745735,14.885133,8712403
2005-04-20,22.826969,22.826969,22.428921,22.461412,14.699061,13415930
2005-04-21,22.583265,22.656378,22.250202,22.591389,14.784125,14294003
2005-04-22,22.664499,22.705118,22.363932,22.534525,14.746908,15870175
2005-04-25,22.737612,22.843218,22.623882,22.818846,14.932981,3569038
2005-04-26,22.786352,22.924452,22.664499,22.688871,14.847921,12282179
2005-04-27,22.502031,23.054426,22.502031,23.005686,15.055252,7104717
2005-04-28,22.989439,23.030058,22.753859,22.753859,14.890450,9885792
2005-04-29,22.875711,23.127539,22.648252,23.103168,15.119047,13999424
2005-05-02,23.306255,23.314379,22.989439,23.160032,15.156250,9578534
2005-05-03,23.192526,23.354996,23.070675,23.184402,15.172205,17944656
2005-05-04,23.192526,23.663689,23.168156,23.631193,15.464592,15000843
2005-05-05,23.720552,23.720552,23.338749,23.525589,15.395481,13850473
2005-05-06,23.720552,23.720552,23.346872,23.354996,15.283845,13104241
2005-05-09,23.460602,23.582453,23.346872,23.558083,15.416748,4848170
2005-05-10,23.330626,23.436232,23.200649,23.249392,15.214736,14970191
2005-05-11,23.314379,23.436232,23.135662,23.354996,15.283845,11012034
2005-05-12,23.476849,23.517466,23.119415,23.135662,15.140309,16620716
2005-05-13,23.135662,23.200649,22.778229,22.932575,15.007402,12172005
2005-05-16,22.989439,23.338749,22.948822,23.338749,15.273206,10449713
2005-05-17,23.290009,23.517466,23.160032,23.484972,15.368898,10526650
2005-05-18,23.696182,23.818033,23.598700,23.761169,15.549651,23050967
2005-05-19,23.785540,23.809912,23.639318,23.785540,15.565599,4378421
2005-05-20,23.720552,23.785540,23.639318,23.761169,15.549651,5941914
2005-05-23,23.639318,23.858652,23.639318,23.793665,15.570909,5491368
2005-05-24,23.842405,23.842405,23.598700,23.712429,15.517748,11176865
2005-05-25,23.761169,23.761169,23.549959,23.631193,15.464592,4678416
2005-05-26,23.712429,23.866776,23.639318,23.785540,15.565599,7317803
2005-05-27,23.785540,23.866776,23.777416,23.826159,15.592176,4881777
2005-05-31,23.874899,23.874899,23.728676,23.785540,15.565599,4031279
2005-06-01,23.801786,24.134850,23.744923,23.972380,15.687863,18682764
2005-06-02,23.883022,23.956133,23.834282,23.907393,15.645340,4226639
2005-06-03,23.931763,23.948009,23.712429,23.785540,15.565599,4204604
2005-06-06,23.736799,23.858652,23.671812,23.842405,15.602808,3995580
2005-06-07,23.923639,24.045490,23.801786,23.826159,15.592176,5202452
2005-06-08,23.809912,23.972380,23.809912,23.842405,15.602808,6171249
2005-06-09,23.793665,23.980503,23.769293,23.915516,15.650652,4126435
2005-06-10,23.874899,23.956133,23.744923,23.842405,15.602808,8842765
2005-06-13,23.801786,23.996752,23.761169,23.842405,15.602808,6442931
2005-06-14,23.801786,23.972380,23.801786,23.907393,15.645340,3297972
2005-06-15,24.029245,24.045490,23.850529,23.964256,15.682553,7133276
2005-06-16,23.883022,24.102356,23.883022,24.086109,15.762297,5908677
2005-06-17,24.061737,24.086109,23.956133,24.069862,15.845178,7549108
2005-06-20,24.045490,24.094233,23.883022,24.012999,15.807755,2831177
2005-06-21,24.053616,24.134850,23.948009,24.102356,15.866576,3163178
2005-06-22,24.191713,24.224209,24.061737,24.069862,15.845178,3711465
2005-06-23,24.077986,24.126726,23.818033,23.850529,15.700794,4814195
2005-06-24,23.883022,23.899269,23.769293,23.809912,15.674055,4695034
2005-06-27,23.842405,23.842405,23.720552,23.801786,15.668710,2754978
2005-06-28,23.858652,24.012999,23.834282,23.980503,15.786361,5373931
2005-06-29,24.045490,24.142973,24.021120,24.094233,15.861220,3537032
2005-06-30,24.248577,24.248577,23.915516,23.939886,15.759616,4857526
2005-07-01,24.094233,24.094233,23.915516,23.964256,15.775663,4179122
2005-07-05,24.004873,24.183592,23.891146,24.159220,15.904008,3199123
2005-07-06,24.126726,24.183592,23.980503,23.980503,15.786361,5527929
2005-07-07,23.883022,24.045490,23.696182,24.029245,15.818444,7762071
2005-07-08,23.980503,24.289196,23.972380,24.272949,15.978873,2798679
2005-07-11,24.370432,24.492283,24.216084,24.378553,16.048386,3586765
2005-07-12,24.411049,24.484159,24.297319,24.378553,16.048386,6681376
2005-07-13,24.386677,24.524776,24.370432,24.484159,16.117920,2753008
2005-07-14,24.654753,24.695370,24.541023,24.606010,16.198124,3672319
2005-07-15,24.679123,24.687246,24.500406,24.671000,16.240906,11394136
2005-07-18,24.581640,24.638506,24.402924,24.411049,16.069786,6636937
2005-07-19,24.476036,24.524776,24.394800,24.402924,16.064428,4621174
2005-07-20,24.370432,24.565393,24.313566,24.492283,16.123259,10014308
2005-07-21,24.451666,24.524776,24.321690,24.362307,16.037703,7327404
2005-07-22,24.411049,24.508530,24.321690,24.492283,16.123259,5558581
2005-07-25,24.451666,24.573517,24.386677,24.394800,16.059088,2830438
2005-07-26,24.394800,24.476036,24.370432,24.427296,16.080482,5911754
2005-07-27,24.484159,24.484159,24.354183,24.459789,16.101864,5182141
2005-07-28,24.484159,24.581640,24.435417,24.532900,16.149998,8298540
2005-07-29,24.492283,24.573517,24.305443,24.313566,16.005608,5599327
2005-08-01,24.467913,24.467913,24.281073,24.313566,16.005608,5210946
2005-08-02,24.297319,24.492283,24.297319,24.492283,16.123259,2315019
2005-08-03,24.492283,24.532900,24.362307,24.524776,16.144655,4249043
2005-08-04,24.370432,24.443542,24.321690,24.354183,16.032347,6744526
2005-08-05,24.297319,24.297319,24.053616,24.077986,15.850530,6716582
2005-08-08,24.077986,24.175467,23.948009,23.980503,15.786361,6635582
2005-08-09,24.045490,24.175467,24.004873,24.134850,15.887969,7031718
2005-08-10,24.159220,24.386677,24.037369,24.110479,15.871921,5165522
2005-08-11,24.183592,24.232330,23.988626,24.199839,15.930742,4689864
2005-08-12,24.159220,24.207960,24.012999,24.134850,15.887969,3932676
2005-08-15,24.110479,24.297319,24.029245,24.248577,15.962824,5816721
2005-08-16,24.248577,24.354183,24.086109,24.086109,15.855877,14594121
2005-08-17,24.110479,24.232330,24.045490,24.142973,15.893310,11855392
2005-08-18,24.077986,24.191713,24.012999,24.126726,15.882612,13065219
2005-08-19,24.134850,24.248577,24.134850,24.167343,15.909347,6882644
2005-08-22,24.167343,24.337936,24.126726,24.232330,15.952135,6522577
2005-08-23,24.232330,24.232330,24.045490,24.077986,15.850530,8087916
2005-08-24,24.004873,24.159220,23.801786,23.801786,15.668710,13036906
2005-08-25,23.801786,23.964256,23.761169,23.923639,15.748924,8257302
2005-08-26,23.923639,23.923639,23.671812,23.671812,15.583144,16319983
2005-08-29,23.671812,23.891146,23.541836,23.858652,15.706138,11118884
2005-08-30,23.720552,23.801786,23.574329,23.647442,15.567101,20823227
2005-08-31,23.314379,23.915516,23.314379,23.915516,15.743576,14215465
2005-09-01,23.996752,24.061737,23.728676,23.972380,15.781008,19850860
2005-09-02,24.004873,24.086109,23.907393,23.956133,15.770318,7385877
2005-09-06,24.045490,24.248577,24.029245,24.248577,15.962824,10429032
2005-09-07,24.272949,24.289196,24.118603,24.191713,15.925399,10585738
2005-09-08,24.086109,24.175467,24.053616,24.053616,15.834488,7680578
2005-09-09,24.086109,24.305443,24.077986,24.264826,15.973533,8127062
2005-09-12,24.329813,24.337936,24.248577,24.337936,16.021660,8269119
2005-09-13,24.289196,24.297319,24.134850,24.134850,15.887969,5414307
2005-09-14,24.134850,24.264826,24.086109,24.110479,15.871921,8381264
2005-09-15,24.207960,24.207960,24.029245,24.126726,15.882612,5711101
2005-09-16,24.134850,24.337936,24.045490,24.329813,16.109592,12791813
2005-09-19,24.370432,24.370432,24.069862,24.110479,15.964371,6953919
2005-09-20,24.029245,24.354183,23.972380,23.980503,15.878314,23278456
2005-09-21,23.988626,23.988626,23.574329,23.582453,15.614743,17675437
2005-09-22,23.574329,23.761169,23.395613,23.761169,15.733083,15650934
2005-09-23,23.720552,23.866776,23.623072,23.842405,15.786865,4365865
2005-09-26,23.883022,24.086109,23.688059,23.712429,15.700804,7957430
2005-09-27,23.639318,23.891146,23.631193,23.793665,15.754602,7322973
2005-09-28,23.793665,23.858652,23.598700,23.598700,15.625503,7652019
2005-09-29,23.639318,24.045490,23.590576,24.037369,15.915965,8617862
2005-09-30,24.086109,24.240456,23.907393,23.980503,15.878314,6617856
2005-10-03,24.086109,24.386677,23.842405,23.923639,15.840660,4219006
2005-10-04,24.329813,24.329813,23.623072,23.623072,15.641645,11310428
2005-10-05,23.720552,23.809912,23.525589,23.525589,15.577093,12952828
2005-10-06,23.639318,23.785540,23.468725,23.590576,15.620124,12219645
2005-10-07,23.590576,23.777416,23.582453,23.671812,15.673918,6118439
2005-10-10,23.761169,23.761169,23.419985,23.419985,15.507171,5314473
2005-10-11,23.525589,23.590576,23.314379,23.346872,15.458760,10020586
2005-10-12,23.395613,23.509342,23.135662,23.241266,15.388840,12442948
2005-10-13,23.273762,23.371243,23.095045,23.354996,15.464144,21803841
2005-10-14,23.411860,23.623072,23.411860,23.614946,15.636267,11216133
2005-10-17,23.639318,23.744923,23.484972,23.639318,15.652405,9411611
2005-10-18,23.614946,23.753046,23.452478,23.452478,15.528689,6495987
2005-10-19,23.501219,23.980503,23.379366,23.923639,15.840660,19473189
2005-10-20,24.004873,24.053616,23.614946,23.712429,15.700804,16381902
2005-10-21,24.086109,24.086109,23.720552,23.850529,15.792252,8709325
2005-10-24,23.964256,24.321690,23.907393,24.321690,16.104219,9280263
2005-10-25,24.289196,24.321690,24.045490,24.183592,16.012785,12154279
2005-10-26,24.207960,24.435417,24.102356,24.346060,16.120358,15936157
2005-10-27,24.248577,24.402924,24.207960,24.207960,16.028919,17731940
2005-10-28,24.370432,24.622257,24.264826,24.622257,16.303244,20482363
2005-10-31,24.630383,24.809097,24.630383,24.711617,16.362408,11654000
2005-11-01,24.719740,24.719740,24.532900,24.622257,16.303244,10145533
2005-11-02,24.573517,24.898457,24.565393,24.825344,16.437702,12949258
2005-11-03,25.060926,25.060926,24.735987,24.841593,16.448463,10983844
2005-11-04,24.939074,24.939074,24.752234,24.882210,16.475368,8035845
2005-11-07,25.020309,25.109667,24.930950,25.093420,16.615210,9374188
2005-11-08,24.890333,25.182777,24.890333,25.020309,16.566799,7569419
2005-11-09,25.060926,25.199024,24.963444,25.085297,16.609831,10027726
2005-11-10,25.182777,25.613323,25.101543,25.588951,16.943317,18624907
2005-11-11,25.613323,25.735174,25.548334,25.678310,17.002485,10650120
2005-11-14,25.702681,25.727051,25.588951,25.694557,17.013245,6888922
2005-11-15,25.710804,25.913891,25.361494,25.458977,16.857264,16973767
2005-11-16,25.450853,25.580830,25.255890,25.320877,16.765818,21732197
2005-11-17,25.393990,25.670187,25.320877,25.621447,16.964838,11009325
2005-11-18,25.792040,26.482534,25.572704,25.751423,17.050901,9416658
2005-11-21,25.792040,25.938263,25.710804,25.873274,17.131582,7275456
2005-11-22,25.913891,26.149471,25.767670,26.100731,17.282188,15687372
2005-11-23,26.116978,26.441917,26.060114,26.303818,17.416653,11811322
2005-11-25,26.360682,26.409424,26.287571,26.360682,17.454311,2176654
2005-11-28,26.441917,26.441917,26.190088,26.238831,17.373631,19170609
2005-11-29,26.320065,26.376928,26.035744,26.222584,17.362867,18621953
2005-11-30,26.238831,26.238831,25.824533,25.889521,17.142334,25968807
2005-12-01,26.035744,26.165718,25.995127,26.027620,17.233772,12589068
2005-12-02,26.092607,26.108854,25.987001,26.084484,17.271427,7858335
2005-12-05,25.995127,26.051991,25.800161,26.035744,17.239149,15691188
2005-12-06,26.157595,26.222584,25.938263,25.954510,17.185368,8581793
2005-12-07,25.930138,26.003248,25.629568,25.743298,17.045523,9688955
2005-12-08,25.751423,25.897644,25.629568,25.727051,17.034758,9374557
2005-12-09,26.157595,26.157595,25.702681,25.913891,17.158472,9121833
2005-12-12,25.922014,25.978880,25.710804,25.800161,17.083170,6234400
2005-12-13,25.792040,26.206335,25.759544,26.133224,17.303698,19211602
2005-12-14,26.108854,26.279448,26.060114,26.230707,17.368252,11667664
2005-12-15,26.246954,26.246954,26.051991,26.084484,17.271427,11066936
2005-12-16,26.076361,26.116978,25.930138,25.978880,17.313667,7611765
2005-12-19,25.930138,25.995127,25.735174,25.751423,17.162067,7940196
2005-12-20,25.759544,25.922014,25.751423,25.865150,17.237860,5430680
2005-12-21,25.905767,26.100731,25.865150,25.938263,17.286581,7313863
2005-12-22,25.995127,26.116978,25.913891,26.116978,17.405697,6719783
2005-12-23,26.141348,26.181967,26.076361,26.149471,17.427345,3939692
2005-12-27,26.287571,26.287571,25.922014,25.946384,17.291996,8312820
2005-12-28,25.938263,26.043867,25.873274,25.889521,17.254107,5012386
2005-12-29,25.962631,25.987001,25.824533,25.865150,17.237860,4117326
2005-12-30,25.727051,25.832657,25.653940,25.727051,17.145823,6315399
2006-01-03,25.727051,26.206335,25.645817,26.157595,17.432756,17719999
2006-01-04,26.157595,26.255077,26.035744,26.133224,17.416519,19258380
2006-01-05,26.149471,26.238831,26.125101,26.222584,17.476076,6362054
2006-01-06,26.246954,26.401300,26.165718,26.376928,17.578939,9402870
2006-01-09,26.385054,26.490658,26.344435,26.450041,17.627661,8239329
2006-01-10,26.515028,26.523151,26.287571,26.474411,17.643902,8345072
2006-01-11,26.303818,26.628757,26.303818,26.620634,17.741354,9195078
2006-01-12,26.515028,26.555647,26.393175,26.433794,17.616835,7183747
2006-01-13,26.758734,26.758734,26.344435,26.417547,17.606018,7528550
2006-01-17,26.263201,26.263201,26.092607,26.141348,17.421940,7335529
2006-01-18,25.995127,26.279448,25.970755,26.068237,17.373207,10850896
2006-01-19,26.173841,26.173841,25.946384,25.987001,17.319067,7725879
2006-01-20,25.978880,25.978880,25.426483,25.442730,16.956345,26976750
2006-01-23,25.345247,25.678310,25.312754,25.507717,16.999651,13649574
2006-01-24,25.588951,25.751423,25.580830,25.621447,17.075445,16959733
2006-01-25,25.670187,25.743298,25.572704,25.670187,17.107935,8817284
2006-01-26,25.905767,26.198214,25.832657,26.108854,17.400284,14626496
2006-01-27,26.076361,26.368807,25.987001,26.133224,17.416519,12404418
2006-01-30,26.108854,26.133224,26.051991,26.051991,17.362389,7284073
2006-01-31,26.068237,26.125101,25.922014,25.954510,17.297413,16142719
2006-02-01,25.913891,26.060114,25.816408,25.938263,17.286581,13474526
2006-02-02,25.922014,25.954510,25.718927,25.759544,17.167480,17747327
2006-02-03,25.832657,25.848904,25.491470,25.653940,17.097099,15270063
2006-02-06,25.629568,25.743298,25.629568,25.727051,17.145823,9126634
2006-02-07,25.686434,25.783916,25.548334,25.556458,17.032135,9067177
2006-02-08,25.523964,25.751423,25.523964,25.718927,17.140411,11276452
2006-02-09,25.727051,25.970755,25.718927,25.783916,17.183722,7923701
2006-02-10,25.751423,25.946384,25.629568,25.930138,17.281183,6550151
2006-02-13,25.873274,25.905767,25.718927,25.832657,17.216204,18027749
2006-02-14,25.873274,26.246954,25.848904,26.141348,17.421940,18669346
2006-02-15,26.173841,26.320065,26.076361,26.295694,17.524794,16644351
2006-02-16,26.287571,26.450041,26.246954,26.450041,17.627661,9676768
2006-02-17,26.441917,26.498781,26.255077,26.344435,17.557287,9473161
2006-02-21,26.295694,26.417547,26.230707,26.263201,17.503145,14553744
2006-02-22,26.555647,26.791227,26.328188,26.758734,17.833395,22394968
2006-02-23,26.766855,26.839968,26.539398,26.661251,17.768425,9125895
2006-02-24,26.669374,26.799351,26.596264,26.718115,17.806330,9338858
2006-02-27,26.726238,26.839968,26.726238,26.766855,17.838810,11734508
2006-02-28,26.685621,26.709991,26.433794,26.506905,17.665556,15690203
2006-03-01,26.588140,26.645004,26.515028,26.645004,17.757593,6728277
2006-03-02,26.531275,26.531275,26.368807,26.482534,17.649323,17965706
2006-03-03,26.409424,26.571894,26.336311,26.417547,17.606018,13546047
2006-03-06,26.417547,26.490658,26.255077,26.336311,17.551865,17043687
2006-03-07,26.246954,26.441917,26.230707,26.425671,17.611416,26680694
2006-03-08,26.450041,26.498781,26.271324,26.441917,17.622248,10367236
2006-03-09,26.441917,26.523151,26.263201,26.279448,17.513979,7940196
2006-03-10,26.360682,26.563768,26.279448,26.515028,17.670969,9605493
2006-03-13,26.588140,26.653128,26.450041,26.523151,17.676384,12916268
2006-03-14,26.539398,26.831844,26.531275,26.831844,17.882114,17439577
2006-03-15,26.783104,26.913078,26.685621,26.864338,17.903772,23877830
2006-03-16,26.945574,27.067425,26.929325,26.953695,17.963327,14009888
2006-03-17,26.831844,26.888708,26.791227,26.888708,18.016119,8742685
2006-03-20,26.856215,26.945574,26.758734,26.904955,18.027006,9054374
2006-03-21,26.880585,26.896832,26.604387,26.636881,17.847391,10612574
2006-03-22,26.596264,26.872461,26.588140,26.848091,17.988905,8927212
2006-03-23,26.766855,26.783104,26.636881,26.718115,17.901821,10013077
2006-03-24,26.661251,26.799351,26.588140,26.709991,17.896372,12086450
2006-03-27,26.693745,26.742485,26.612511,26.693745,17.885492,8242530
2006-03-28,26.693745,26.774981,26.425671,26.474411,17.738531,13887403
2006-03-29,26.620634,26.653128,26.417547,26.596264,17.820169,6550767
2006-03-30,26.498781,26.669374,26.385054,26.433794,17.711321,10008276
2006-03-31,26.450041,26.563768,26.401300,26.441917,17.716766,9100291
2006-04-03,26.441917,26.693745,26.417547,26.482534,17.743973,17761607
2006-04-04,26.482534,26.807474,26.417547,26.766855,17.934473,5489768
2006-04-05,26.783104,26.888708,26.718115,26.815598,17.967131,10001506
2006-04-06,27.010561,27.010561,26.612511,26.718115,17.901821,14073654
2006-04-07,26.823721,26.848091,26.425671,26.466288,17.733093,15008229
2006-04-10,26.531275,26.653128,26.450041,26.515028,17.765745,8589795
2006-04-11,26.628757,26.628757,26.238831,26.287571,17.613340,11979107
2006-04-12,26.295694,26.425671,26.279448,26.344435,17.651443,8625986
2006-04-13,26.311941,26.417547,26.263201,26.385054,17.678656,6869965
2006-04-17,26.433794,26.490658,26.287571,26.360682,17.662327,7458260
2006-04-18,26.466288,26.872461,26.409424,26.848091,17.988905,16304226
2006-04-19,26.904955,26.945574,26.774981,26.880585,18.010689,11333325
2006-04-20,26.888708,27.059301,26.823721,26.937449,18.048786,5373561
2006-04-21,27.099918,27.099918,26.580015,26.904955,18.027006,6024760
2006-04-24,27.164907,27.164907,26.596264,26.913078,18.032452,6810631
2006-04-25,26.913078,26.913078,26.669374,26.750608,17.923595,8725328
2006-04-26,26.653128,26.913078,26.653128,26.904955,18.027006,6675959
2006-04-27,26.831844,27.376118,26.791227,27.327375,18.310053,21775528
2006-04-28,27.213648,27.692932,27.213648,27.587326,18.484205,16492446
2006-05-01,27.611698,27.644192,27.091795,27.156782,18.195740,16759696
2006-05-02,27.294882,27.343622,27.205524,27.327375,18.310053,4896426
2006-05-03,27.335501,27.376118,27.197399,27.303005,18.293713,5726120
2006-05-04,27.311129,27.465475,27.311129,27.359871,18.331808,10429278
2006-05-05,27.465475,27.782291,27.465475,27.749798,18.593081,14808930
2006-05-08,27.790415,27.798538,27.603575,27.636068,18.516878,10281189
2006-05-09,27.595451,27.717302,27.595451,27.684809,18.549530,12726324
2006-05-10,27.660439,27.749798,27.506092,27.701056,18.560413,10461900
2006-05-11,27.684809,27.684809,27.156782,27.246141,18.255613,10598048
2006-05-12,26.807474,27.246141,26.807474,26.969942,18.070545,10406628
2006-05-15,26.921202,27.181154,26.921202,27.156782,18.195740,6753635
2006-05-16,27.181154,27.254265,27.010561,27.124289,18.173965,9561546
2006-05-17,26.945574,26.986191,26.498781,26.580015,17.809296,13422578
2006-05-18,26.604387,26.701868,26.336311,26.344435,17.651443,8360460
2006-05-19,26.498781,26.604387,26.320065,26.482534,17.743973,12222599
2006-05-22,26.425671,26.539398,26.198214,26.417547,17.700434,12672653
2006-05-23,26.515028,26.612511,26.271324,26.287571,17.613340,9384775
2006-05-24,26.238831,26.482534,26.076361,26.303818,17.624228,13323113
2006-05-25,26.441917,26.555647,26.360682,26.539398,17.782076,6981001
2006-05-26,26.677498,26.766855,26.571894,26.758734,17.929037,4869713
2006-05-30,26.791227,26.791227,26.352558,26.360682,17.662327,9413457
2006-05-31,26.450041,26.580015,26.295694,26.547522,17.787521,6483062
2006-06-01,26.531275,26.896832,26.531275,26.856215,17.994349,4518016
2006-06-02,26.726238,27.067425,26.726238,27.010561,18.097775,12643847
2006-06-05,26.880585,26.961821,26.547522,26.571894,17.803844,8061819
2006-06-06,26.645004,26.709991,26.246954,26.506905,17.760302,23200411
2006-06-07,26.474411,26.823721,26.458164,26.596264,17.820169,10925987
2006-06-08,26.523151,26.726238,26.271324,26.645004,17.852840,28709259
2006-06-09,26.604387,26.758734,26.515028,26.555647,17.792963,11772669
2006-06-12,26.563768,26.620634,26.255077,26.263201,17.597021,9561177
2006-06-13,26.198214,26.360682,25.678310,25.751423,17.254108,24357797
2006-06-14,25.792040,25.881397,25.329000,25.597076,17.150700,18993099
2006-06-15,25.832657,26.222584,25.727051,26.165718,17.531696,15685648
2006-06-16,26.035744,26.035744,25.767670,25.848904,17.420565,10174461
2006-06-19,25.848904,26.011374,25.613323,25.670187,17.300129,7099054
2006-06-20,25.686434,25.922014,25.678310,25.743298,17.349392,22578140
2006-06-21,25.792040,26.051991,25.743298,25.954510,17.491743,15107817
2006-06-22,25.865150,25.946384,25.775791,25.857027,17.426046,3410732
2006-06-23,25.751423,25.848904,25.621447,25.686434,17.311068,5009308
2006-06-26,25.727051,25.913891,25.670187,25.913891,17.464365,5158506
2006-06-27,25.873274,25.946384,25.645817,25.662064,17.294647,4800038
2006-06-28,25.792040,25.808287,25.629568,25.800161,17.387718,5785946
2006-06-29,25.930138,26.368807,25.873274,26.344435,17.754526,11568569
2006-06-30,26.425671,26.466288,26.222584,26.271324,17.705252,7769333
2006-07-03,26.303818,26.588140,26.303818,26.580015,17.913290,4077195
2006-07-05,26.360682,26.417547,26.222584,26.328188,17.743574,5988692
2006-07-06,26.303818,26.490658,26.303818,26.409424,17.798323,4241411
2006-07-07,26.279448,26.515028,26.255077,26.279448,17.710730,3649669
2006-07-10,26.336311,26.498781,26.336311,26.458164,17.831171,3758735
2006-07-11,26.344435,26.490658,26.181967,26.466288,17.836639,5804534
2006-07-12,26.547522,26.547522,26.149471,26.206335,17.661455,6619579
2006-07-13,26.076361,26.116978,25.783916,25.792040,17.382244,11400168
2006-07-14,25.767670,25.865150,25.580830,25.686434,17.311068,9368033
2006-07-17,25.613323,25.792040,25.540211,25.735174,17.343914,6106622
2006-07-18,25.840780,25.873274,25.580830,25.792040,17.382244,8530461
2006-07-19,25.865150,26.490658,25.857027,26.474411,17.842110,40039875
2006-07-20,26.482534,26.563768,26.344435,26.368807,17.770950,15552085
2006-07-21,26.368807,26.450041,26.133224,26.222584,17.672407,16533069
2006-07-24,26.336311,26.588140,26.263201,26.563768,17.902338,11416417
2006-07-25,26.563768,26.701868,26.425671,26.628757,17.946135,8844489
2006-07-26,26.628757,26.701868,26.498781,26.596264,17.924240,5503678
2006-07-27,26.726238,26.774981,26.433794,26.441917,17.820221,9565486
2006-07-28,26.645004,27.010561,26.636881,26.913078,18.137751,14383373
2006-07-31,26.969942,26.978067,26.807474,26.872461,18.110380,8948878
2006-08-01,26.766855,26.864338,26.636881,26.791227,18.055628,7718493
2006-08-02,26.831844,26.904955,26.709991,26.839968,18.088476,7259699
2006-08-03,26.726238,27.010561,26.726238,26.953695,18.165129,7380461
2006-08-04,27.229895,27.457352,26.913078,27.010561,18.203463,19989840
2006-08-07,27.010561,27.026808,26.872461,26.953695,18.165129,4076580
2006-08-08,27.034931,27.099918,26.718115,26.758734,18.033739,10953069
2006-08-09,26.945574,27.010561,26.417547,26.441917,17.820221,10111680
2006-08-10,26.409424,26.628757,26.328188,26.571894,17.907812,12115379
2006-08-11,26.506905,26.555647,26.376928,26.490658,17.853060,6336819
2006-08-14,26.628757,26.766855,26.474411,26.523151,17.874966,6748958
2006-08-15,26.848091,27.303005,26.799351,26.969942,18.176077,10760910
2006-08-16,27.132414,27.164907,26.994314,27.116165,18.274614,5888119
2006-08-17,27.091795,27.229895,27.026808,27.205524,18.334839,6555814
2006-08-18,27.229895,27.246141,27.116165,27.246141,18.362219,7479802
2006-08-21,27.213648,27.213648,27.075548,27.140535,18.291039,4727532
2006-08-22,27.132414,27.205524,27.034931,27.132414,18.285570,6325617
2006-08-23,27.116165,27.164907,26.994314,27.051178,18.230825,4746121
2006-08-24,27.140535,27.189278,27.083672,27.140535,18.291039,4821458
2006-08-25,27.059301,27.083672,26.969942,26.994314,18.192503,4463729
2006-08-28,26.969942,27.246141,26.961821,27.189278,18.323895,11596882
2006-08-29,27.132414,27.132414,26.921202,27.075548,18.247244,17294196
2006-08-30,27.124289,27.229895,27.116165,27.156782,18.301991,4856418
2006-08-31,27.156782,27.205524,27.108042,27.189278,18.323895,4162627
2006-09-01,27.286758,27.286758,27.140535,27.229895,18.351263,3034169
2006-09-05,27.254265,27.416735,27.213648,27.327375,18.416971,9705573
2006-09-06,27.213648,27.538588,27.173031,27.238018,18.356745,6858886
2006-09-07,27.132414,27.197399,27.002438,27.026808,18.214401,8959341
2006-09-08,27.034931,27.205524,26.896832,27.181154,18.318420,6832419
2006-09-11,27.132414,27.238018,27.099918,27.197399,18.329367,4257044
2006-09-12,27.229895,27.587326,27.213648,27.546709,18.564783,7997561
2006-09-13,27.587326,27.806662,27.457352,27.749798,18.701651,8542032
2006-09-14,27.652315,27.814785,27.627945,27.814785,18.745449,3825456
2006-09-15,28.424046,28.432169,27.709181,27.741673,18.802698,7382923
2006-09-18,27.676685,27.798538,27.611698,27.709181,18.780684,9313623
2006-09-19,28.066612,28.066612,27.603575,27.757919,18.813723,7713815
2006-09-20,27.855402,27.993502,27.814785,27.944759,18.940355,9690678
2006-09-21,27.944759,28.017872,27.701056,27.749798,18.808226,6461027
2006-09-22,27.749798,27.847279,27.684809,27.798538,18.841244,7961369
2006-09-25,27.952885,28.147846,27.822908,28.082859,19.033958,7118627
2006-09-26,28.099106,28.237206,27.985378,28.237206,19.138565,7658913
2006-09-27,28.155972,28.229082,28.034119,28.107229,19.050478,6000140
2006-09-28,28.034119,28.237206,28.034119,28.204712,19.116545,3996811
2006-09-29,27.879772,28.391552,27.879772,28.123478,19.061485,6330171
2006-10-02,28.082859,28.164095,27.952885,28.058489,19.017441,4536481
2006-10-03,28.074736,28.399675,28.050365,28.334686,19.204638,8250778
2006-10-04,28.619009,28.675873,28.261576,28.675873,19.435884,14697525
2006-10-05,28.732738,28.952070,28.554022,28.659626,19.424879,10687542
2006-10-06,28.570269,28.602762,28.489033,28.562145,19.358812,6333126
2006-10-09,28.554022,28.683996,28.456539,28.643379,19.413862,4485395
2006-10-10,28.692120,28.732738,28.562145,28.643379,19.413862,6821710
2006-10-11,28.237206,28.643379,28.237206,28.570269,19.364311,7388216
2006-10-12,28.627132,28.773355,28.627132,28.724613,19.468925,6476045
2006-10-13,28.643379,28.830219,28.643379,28.830219,19.540504,4953544
2006-10-16,28.732738,28.757109,28.635256,28.675873,19.435884,6320200
2006-10-17,28.651503,28.748985,28.529652,28.675873,19.435884,6891754
2006-10-18,28.797726,28.911453,28.586515,28.757109,19.490953,7018177
2006-10-19,28.708366,28.708366,28.440292,28.570269,19.364311,8025012
2006-10-20,28.570269,28.578392,28.415922,28.537773,19.342281,8718681
2006-10-23,28.448416,28.765232,28.432169,28.724613,19.468925,4841769
2006-10-24,28.667749,28.724613,28.578392,28.716492,19.463413,3734362
2006-10-25,28.748985,28.838343,28.627132,28.838343,19.546007,5660261
2006-10-26,28.887083,29.049553,28.757109,29.041430,19.683649,11989201
2006-10-27,29.000813,29.000813,28.740862,28.822096,19.534990,5312134
2006-10-30,28.781479,28.919579,28.732738,28.830219,19.540504,9933801
2006-10-31,28.911453,28.984566,28.781479,28.781479,19.507467,9728224
2006-11-01,28.911453,28.960196,28.545898,28.602762,19.386337,11319784
2006-11-02,28.578392,28.627132,28.432169,28.521526,19.331276,4528357
2006-11-03,28.610886,28.675873,28.383429,28.521526,19.331276,4709191
2006-11-06,28.594639,28.895206,28.537773,28.854589,19.557022,9460727
2006-11-07,28.878960,29.025183,28.862713,28.919579,19.601068,4722239
2006-11-08,28.797726,29.090172,28.797726,29.041430,19.683649,3910518
2006-11-09,29.041430,29.041430,28.797726,28.846466,19.551517,4959084
2006-11-10,28.927702,29.082047,28.878960,29.082047,19.711189,6402431
2006-11-13,28.952070,29.171406,28.952070,29.049553,19.689157,4200541
2006-11-14,28.984566,29.252640,28.870836,29.220146,19.804789,7786321
2006-11-15,29.171406,29.252640,29.122665,29.179529,19.777256,4036203
2006-11-16,29.374493,29.463852,29.260763,29.463852,19.969963,11170217
2006-11-17,29.398863,29.398863,29.244516,29.244516,19.821302,12754637
2006-11-20,29.325750,29.488220,29.293259,29.431356,19.947943,13273750
2006-11-21,29.447603,29.447603,29.317629,29.382616,19.914900,4275632
2006-11-22,29.382616,29.488220,29.301380,29.415110,19.936924,2484035
2006-11-24,29.244516,29.366369,29.203899,29.268887,19.837822,2504100
2006-11-27,29.277012,29.277012,28.805849,28.813972,19.529486,9614110
2006-11-28,28.870836,28.919579,28.675873,28.862713,19.562525,8988270
2006-11-29,28.960196,29.130789,28.878960,29.041430,19.683649,5148781
2006-11-30,28.952070,29.130789,28.846466,28.984566,19.645113,4428276
2006-12-01,28.968319,29.057676,28.619009,28.813972,19.529486,10386439
2006-12-04,28.919579,29.268887,28.903332,29.220146,19.804789,8233544
2006-12-05,29.244516,29.374493,29.138910,29.358246,19.898390,10037943
2006-12-06,29.341997,29.439480,29.325750,29.398863,19.925917,3267566
2006-12-07,29.455727,29.577579,29.277012,29.325750,19.876358,5468471
2006-12-08,29.260763,29.480097,29.220146,29.415110,19.936924,6413387
2006-12-11,29.480097,29.634443,29.463852,29.577579,20.047047,10900874
2006-12-12,29.488220,29.650690,29.447603,29.601950,20.063559,7699043
2006-12-13,29.650690,29.756296,29.585703,29.634443,20.085590,4945666
2006-12-14,29.642567,29.886271,29.593826,29.886271,20.256271,7145586
2006-12-15,29.837530,29.853777,29.675060,29.731924,20.306759,8292755
2006-12-18,29.821283,29.943136,29.780666,29.878147,20.406631,6471367
2006-12-19,29.780666,29.926889,29.707556,29.853777,20.389982,13315481
2006-12-20,29.886271,29.959383,29.764420,29.951260,20.456564,5199498
2006-12-21,29.975630,30.008123,29.796913,29.821283,20.367792,6326109
2006-12-22,29.813160,29.821283,29.593826,29.675060,20.267923,4097137
2006-12-26,29.731924,29.943136,29.715677,29.943136,20.451014,5110497
2006-12-27,30.032494,30.170593,30.016247,30.154346,20.595274,5211439
2006-12-28,30.089357,30.170593,29.967506,30.016247,20.500948,8430380
2006-12-29,29.983753,30.056864,29.829407,29.845654,20.384447,4283265
2007-01-03,30.024370,30.211210,29.764420,29.991877,20.484308,9365079
2007-01-04,29.975630,29.991877,29.764420,29.894396,20.417728,6646292
2007-01-05,29.813160,29.878147,29.601950,29.658813,20.256824,7977372
2007-01-08,29.666937,29.813160,29.471973,29.788790,20.345598,4427415
2007-01-09,29.788790,29.902517,29.577579,29.740049,20.312313,5997309
2007-01-10,29.593826,29.861900,29.585703,29.837530,20.378893,3614216
2007-01-11,29.845654,30.024370,29.821283,30.024370,20.506498,4623513
2007-01-12,29.910643,30.089357,29.910643,30.056864,20.528694,8028582
2007-01-16,30.056864,30.138100,30.016247,30.138100,20.584177,5315827
2007-01-17,30.097483,30.186840,29.991877,30.056864,20.528694,4927693
2007-01-18,30.113729,30.138100,29.918764,29.935013,20.445484,5029004
2007-01-19,29.975630,30.048740,29.910643,30.024370,20.506498,4202880
2007-01-22,30.056864,30.089357,29.918764,30.000000,20.489853,5728582
2007-01-23,29.902517,30.040617,29.853777,29.983753,20.478760,7704706
2007-01-24,29.975630,30.292444,29.943136,30.292444,20.689596,5148904
2007-01-25,30.300570,30.316816,29.813160,29.853777,20.389982,15347739
2007-01-26,29.870024,29.991877,29.691307,29.910643,20.428827,9816486
2007-01-29,29.894396,29.951260,29.723803,29.764420,20.328953,13643419
2007-01-30,29.780666,29.926889,29.748173,29.878147,20.406631,7687718
2007-01-31,29.878147,30.194963,29.788790,30.121853,20.573084,15289143
2007-02-01,30.203087,30.333063,30.178717,30.316816,20.706244,18404066
2007-02-02,30.324940,30.414297,30.292444,30.373680,20.745081,7704460
2007-02-05,30.398050,30.422421,30.243704,30.365557,20.739529,5309672
2007-02-06,30.398050,30.528027,30.357433,30.503656,20.833845,9894778
2007-02-07,30.528027,30.666124,30.503656,30.617384,20.911526,5616561
2007-02-08,30.536148,30.552397,30.357433,30.519903,20.844948,6929176
2007-02-09,30.471163,30.625507,30.016247,30.194963,20.623007,21979751
2007-02-12,30.243704,30.276197,30.040617,30.121853,20.573084,11936268
2007-02-13,30.162470,30.406174,30.138100,30.341187,20.722889,12937195
2007-02-14,30.398050,30.714867,30.381804,30.633631,20.922621,12212751
2007-02-15,30.666124,30.731113,30.584890,30.682371,20.955914,12006928
2007-02-16,30.593014,30.682371,30.552397,30.674250,20.950363,6764837
2007-02-20,30.625507,30.861090,29.951260,30.836718,21.061331,6508666
2007-02-21,30.706741,30.787977,30.641754,30.706741,20.972559,5231258
2007-02-22,30.779854,30.828594,30.560520,30.584890,20.889339,11642552
2007-02-23,30.601137,30.617384,30.219334,30.300570,20.695135,20234563
2007-02-26,30.438667,30.479284,29.959383,30.081236,20.545338,21959686
2007-02-27,29.715677,29.886271,28.367182,28.675873,19.585474,37054454
2007-02-28,29.008936,29.390739,28.870836,29.203899,19.946119,26681186
2007-03-01,28.838343,29.285133,28.594639,29.171406,19.923929,32203945
2007-03-02,29.138910,29.236393,28.838343,28.838343,19.696445,15158657
2007-03-05,28.570269,28.911453,28.050365,28.383429,19.385742,21501508
2007-03-06,28.683996,29.065800,28.610886,28.976442,19.790762,23815665
2007-03-07,28.952070,29.065800,28.773355,28.805849,19.674261,14010257
2007-03-08,29.390739,29.390739,28.984566,29.065800,19.851803,24346841
2007-03-09,29.252640,29.293259,29.000813,29.138910,19.901733,11761343
2007-03-12,29.041430,29.244516,28.935825,29.138910,19.901733,17742649
2007-03-13,28.903332,28.935825,28.107229,28.269699,19.308071,55831266
2007-03-14,28.269699,28.464663,27.766045,28.334686,19.352448,49895631
2007-03-15,28.367182,28.813972,28.350933,28.675873,19.585474,38821062
2007-03-16,28.643379,28.683996,28.253452,28.448416,19.511942,23623136
2007-03-19,28.635256,28.757109,28.464663,28.635256,19.640079,19648360
2007-03-20,28.651503,28.943949,28.627132,28.895206,19.818382,17005896
2007-03-21,28.919579,29.715677,28.870836,29.553209,20.269680,41179658
2007-03-22,29.618196,29.650690,29.317629,29.374493,20.147112,20898072
2007-03-23,29.325750,29.520716,29.293259,29.406986,20.169392,15015984
2007-03-26,29.366369,29.488220,29.049553,29.260763,20.069088,20591183
2007-03-27,29.220146,29.236393,29.041430,29.082047,19.946527,7700028
2007-03-28,28.919579,29.065800,28.619009,28.716492,19.695797,21499784
2007-03-29,28.927702,29.082047,28.708366,28.862713,19.796095,17217135
2007-03-30,28.968319,29.090172,28.610886,28.943949,19.851805,14556206
2007-04-02,28.919579,28.919579,28.529652,28.675873,19.667933,14561130
2007-04-03,28.927702,29.122665,28.870836,29.033306,19.913099,16612222
2007-04-04,29.025183,29.138910,28.943949,29.033306,19.913099,14399623
2007-04-05,29.025183,29.114540,28.927702,29.049553,19.924242,6649862
2007-04-09,29.122665,29.130789,28.976442,29.041430,19.918663,7637370
2007-04-10,29.041430,29.179529,29.041430,29.171406,20.007805,11994372
2007-04-11,29.163282,29.163282,28.838343,28.927702,19.840664,13683427
2007-04-12,28.878960,28.943949,28.700245,28.878960,19.807234,12340406
2007-04-13,28.919579,29.090172,28.895206,29.000813,19.890799,19034461
2007-04-16,29.260763,29.715677,29.260763,29.707556,20.375538,39918991
2007-04-17,29.707556,29.845654,29.601950,29.699430,20.369972,15461483
2007-04-18,29.813160,30.146223,29.740049,30.040617,20.603983,31112540
2007-04-19,29.935013,30.073111,29.772543,30.000000,20.576124,17748558
2007-04-20,30.178717,30.251827,30.040617,30.154346,20.681988,20996552
2007-04-23,30.154346,30.276197,30.040617,30.073111,20.626261,11672834
2007-04-24,30.097483,30.121853,29.780666,29.983753,20.564972,15632223
2007-04-25,30.073111,30.406174,30.024370,30.389927,20.843563,19044801
2007-04-26,30.341187,30.406174,30.170593,30.341187,20.810135,9484363
2007-04-27,30.227457,30.333063,30.113729,30.300570,20.782270,11863393
2007-04-30,30.292444,30.381804,30.032494,30.064987,20.620689,18614690
2007-05-01,30.056864,30.219334,29.870024,30.121853,20.659700,14056789
2007-05-02,30.178717,30.357433,30.064987,30.251827,20.748837,10986183
2007-05-03,30.430544,30.536148,30.292444,30.536148,20.943848,12545244
2007-05-04,30.601137,30.666124,30.511780,30.641754,21.016279,10915031
2007-05-07,30.666124,30.755484,30.601137,30.682371,21.044140,5842449
2007-05-08,30.609261,30.641754,30.479284,30.617384,20.999569,7468477
2007-05-09,30.641754,30.812347,30.544273,30.779854,21.110998,14572824
2007-05-10,30.633631,30.747360,30.341187,30.341187,20.810135,15886547
2007-05-11,30.471163,30.666124,30.471163,30.666124,21.033001,16812136
2007-05-14,30.690496,30.706741,30.357433,30.519903,20.932711,37213869
2007-05-15,30.552397,30.714867,30.381804,30.446791,20.882565,20241333
2007-05-16,30.593014,30.796101,30.495531,30.796101,21.122137,19635558
2007-05-17,30.690496,30.714867,30.576767,30.641754,21.016279,7514024
2007-05-18,30.787977,30.787977,30.641754,30.722988,21.071995,12362071
2007-05-21,30.739237,30.820471,30.641754,30.755484,21.094290,16396428
2007-05-22,30.787977,30.869211,30.658003,30.779854,21.110998,15239165
2007-05-23,30.731113,30.950447,30.714867,30.755484,21.094290,20107400
2007-05-24,30.812347,30.869211,30.373680,30.479284,20.904852,24805266
2007-05-25,30.463037,30.576767,30.389927,30.536148,20.943848,11255895
2007-05-29,30.601137,30.682371,30.503656,30.666124,21.033001,9929985
2007-05-30,30.479284,30.877335,30.479284,30.877335,21.177870,16626748
2007-05-31,30.958570,30.991064,30.706741,30.787977,21.116577,13721342
2007-06-01,30.836718,30.942324,30.771730,30.885460,21.183437,8891390
2007-06-04,30.787977,30.844843,30.747360,30.844843,21.155579,12312831
2007-06-05,30.617384,30.771730,30.576767,30.658003,21.027424,17915974
2007-06-06,30.544273,30.544273,30.324940,30.398050,20.849140,18752069
2007-06-07,30.284323,30.430544,29.805037,29.886271,20.498116,31728533
2007-06-08,29.918764,30.243704,29.829407,30.235580,20.737694,22664803
2007-06-11,30.219334,30.446791,30.064987,30.373680,20.832417,24159975
2007-06-12,30.170593,30.422421,29.894396,29.959383,20.548265,25845214
2007-06-13,30.064987,30.544273,30.064987,30.528027,20.938282,15413228
2007-06-14,30.446791,30.641754,30.422421,30.479284,20.904852,23017607
2007-06-15,30.633631,30.633631,30.398050,30.422421,20.979906,11822770
2007-06-18,30.511780,30.593014,30.341187,30.414297,20.974312,9990181
2007-06-19,30.300570,30.544273,30.259951,30.544273,21.063953,10070934
2007-06-20,30.536148,30.609261,29.894396,30.008123,20.694214,25588058
2007-06-21,29.975630,30.097483,29.650690,30.056864,20.727825,47156286
2007-06-22,29.967506,29.967506,29.488220,29.675060,20.464525,47396331
2007-06-25,29.520716,29.813160,29.236393,29.439480,20.302055,40562066
2007-06-26,29.463852,29.601950,29.163282,29.163282,20.111591,36617449
2007-06-27,29.163282,29.601950,29.082047,29.601950,20.414103,36680599
2007-06-28,29.601950,29.764420,29.374493,29.553209,20.380491,32559827
2007-06-29,29.585703,29.731924,29.082047,29.390739,20.268450,37310133
2007-07-02,29.805037,29.829407,29.398863,29.642567,20.442114,18315064
2007-07-03,29.748173,29.926889,29.748173,29.902517,20.621386,18100132
2007-07-05,29.650690,29.853777,29.585703,29.650690,20.447720,24871247
2007-07-06,29.650690,29.805037,29.528837,29.796913,20.548548,16083138
2007-07-09,29.772543,29.813160,29.618196,29.675060,20.464525,19663255
2007-07-10,29.471973,29.504469,28.919579,29.049553,20.033165,52127187
2007-07-11,28.935825,29.252640,28.870836,29.147036,20.100388,55021761
2007-07-12,29.285133,29.788790,29.260763,29.683184,20.470127,40793370
2007-07-13,29.772543,29.894396,29.634443,29.796913,20.548548,26303516
2007-07-16,29.723803,30.000000,29.658813,29.691307,20.475725,29971649
2007-07-17,29.691307,29.935013,29.691307,29.788790,20.542950,34954984
2007-07-18,29.488220,30.048740,29.057676,29.406986,20.279654,62410223
2007-07-19,29.496344,29.650690,29.187653,29.309504,20.212420,40433180
2007-07-20,29.341997,29.374493,28.659626,28.797726,19.859495,86443405
2007-07-23,28.757109,29.065800,28.659626,28.781479,19.848295,44589774
2007-07-24,28.350933,28.570269,27.847279,28.058489,19.349707,94807681
2007-07-25,28.220959,28.415922,27.822908,28.188465,19.439337,91805026
2007-07-26,27.701056,27.871649,27.083672,27.522341,18.979971,105488206
2007-07-27,27.441105,27.790415,27.083672,27.091795,18.683044,95817101
2007-07-30,27.384239,27.636068,26.807474,27.603575,19.035986,103138720
2007-07-31,27.855402,28.001625,26.726238,26.726238,18.430962,121875278
2007-08-01,26.880585,27.197399,26.409424,27.026808,18.638235,123089167
2007-08-02,27.335501,27.538588,26.961821,27.205524,18.761480,81025282
2007-08-03,26.969942,27.221771,26.011374,26.043867,17.960373,165871095
2007-08-06,26.149471,27.416735,25.962631,27.376118,18.879124,141115193
2007-08-07,27.238018,27.952885,27.108042,27.571079,19.013573,122980347
2007-08-08,27.774166,28.586515,27.636068,28.229082,19.467352,134714239
2007-08-09,27.416735,27.977255,26.921202,27.213648,18.767082,124364360
2007-08-10,26.774981,27.538588,26.685621,27.091795,18.683044,94954662
2007-08-13,27.725426,27.725426,26.555647,26.848091,18.514990,70957671
2007-08-14,27.026808,27.051178,26.255077,26.376928,18.190069,87599807
2007-08-15,26.157595,26.896832,25.962631,26.141348,18.027601,100465603
2007-08-16,25.946384,27.205524,25.597076,26.929325,18.571005,201536366
2007-08-17,28.740862,28.748985,27.319254,28.025995,19.327290,217975263
2007-08-20,28.107229,28.131599,27.278635,27.652315,19.069601,108917403
2007-08-21,27.481722,28.082859,27.481722,27.847279,19.204048,58665521
2007-08-22,28.017872,28.261576,27.668562,27.920389,19.254473,86213085
2007-08-23,28.229082,28.269699,27.782291,27.961006,19.282476,63120017
2007-08-24,27.896019,28.196589,27.701056,28.058489,19.349707,43523236
2007-08-27,27.993502,28.017872,27.692932,27.733549,19.125614,24216232
2007-08-28,27.457352,27.481722,26.815598,26.904955,18.554203,76694378
2007-08-29,27.051178,27.376118,26.693745,27.229895,18.778286,61839654
2007-08-30,26.904955,27.286758,26.880585,27.059301,18.660639,58436186
2007-08-31,27.611698,27.619822,27.156782,27.416735,18.907139,68156531
2007-09-04,27.489845,27.944759,27.343622,27.627945,19.052788,45012131
2007-09-05,27.579205,27.595451,27.132414,27.294882,18.823103,55575588
2007-09-06,27.286758,27.554832,26.921202,27.091795,18.683044,39227662
2007-09-07,26.807474,27.083672,26.653128,26.815598,18.492577,92815307
2007-09-10,26.880585,27.043055,26.441917,26.726238,18.430962,73733576
2007-09-11,26.864338,27.205524,26.839968,27.002438,18.621437,62354089
2007-09-12,27.051178,27.205524,26.872461,27.059301,18.660639,40071266
2007-09-13,27.229895,27.538588,27.205524,27.506092,18.968760,67115967
2007-09-14,27.205524,27.603575,27.173031,27.603575,19.035986,37334014
2007-09-17,27.376118,27.376118,27.108042,27.343622,18.856718,50504853
2007-09-18,27.522341,28.513405,27.254265,28.375305,19.568182,170892836
2007-09-19,28.692120,28.976442,28.472786,28.554022,19.691435,92064397
2007-09-20,28.635256,28.667749,28.066612,28.204712,19.450537,79679183
2007-09-21,28.302193,28.302193,27.790415,28.107229,19.526728,66584544
2007-09-24,28.147846,28.147846,27.603575,27.717302,19.255838,60979432
2007-09-25,27.571079,27.676685,27.359871,27.660439,19.216337,44182190
2007-09-26,27.733549,27.912266,27.514215,27.668562,19.221975,65135164
2007-09-27,27.790415,28.009748,27.709181,27.993502,19.447714,44072139
2007-09-28,27.798538,28.058489,27.749798,27.879772,19.368710,37877378
2007-10-01,27.725426,28.472786,27.701056,28.407799,19.735540,61713354
2007-10-02,28.554022,28.781479,28.472786,28.732738,19.961279,36303175
2007-10-03,28.570269,28.838343,28.529652,28.667749,19.916136,52086564
2007-10-04,28.765232,28.878960,28.643379,28.838343,20.034645,37413783
2007-10-05,28.919579,29.220146,28.878960,29.155157,20.254745,48745754
2007-10-08,29.114540,29.114540,28.635256,28.757109,19.978218,25838567
2007-10-09,28.895206,29.106419,28.692120,29.000813,20.147514,39621212
2007-10-10,28.943949,29.033306,28.683996,28.838343,20.034645,40195843
2007-10-11,29.163282,29.163282,28.602762,28.683996,19.927420,77485418
2007-10-12,28.578392,28.878960,28.578392,28.870836,20.057222,41217081
2007-10-15,28.757109,28.765232,27.985378,28.285946,19.650885,94871077
2007-10-16,28.099106,28.131599,27.619822,27.757919,19.284050,83487897
2007-10-17,27.985378,28.090982,27.238018,27.741673,19.272770,91551809
2007-10-18,27.173031,27.473598,27.132414,27.392365,19.030098,88868475
2007-10-19,27.246141,27.400488,26.441917,26.482534,18.398020,110383770
2007-10-22,26.214460,26.969942,26.214460,26.807474,18.623758,80609696
2007-10-23,27.108042,27.108042,26.653128,26.953695,18.725336,60804137
2007-10-24,26.888708,26.921202,26.076361,26.750608,18.584255,128715083
2007-10-25,26.783104,26.986191,26.141348,26.726238,18.567327,96815442
2007-10-26,27.229895,27.376118,26.612511,27.376118,19.018806,97460117
2007-10-29,27.384239,27.457352,27.124289,27.457352,19.075253,46984685
2007-10-30,27.327375,27.327375,27.010561,27.034931,18.781780,35125231
2007-10-31,27.140535,27.530462,26.888708,27.400488,19.035736,104572465
2007-11-01,26.604387,27.173031,25.995127,25.995127,18.059395,112372574
2007-11-02,26.051991,26.108854,25.174656,25.865150,17.969110,196502191
2007-11-05,25.150284,25.637693,24.947197,25.402111,17.647421,124899599
2007-11-06,25.507717,25.832657,25.142160,25.832657,17.946541,101354877
2007-11-07,25.345247,25.450853,24.419170,24.419170,16.964558,125349037
2007-11-08,24.776604,24.792850,23.793665,24.671000,17.139503,146019004
2007-11-09,24.167343,25.182777,23.923639,24.484159,17.009701,165222358
2007-11-12,24.662876,25.329000,24.516653,24.573517,17.071774,134098862
2007-11-13,25.125914,25.873274,24.995937,25.727051,17.873167,161815812
2007-11-14,26.271324,26.393175,25.613323,25.629568,17.805452,118725765
2007-11-15,25.377743,25.613323,24.679123,24.979691,17.353956,134429139
2007-11-16,24.979691,25.101543,24.459789,24.784727,17.218510,100659855
2007-11-19,24.459789,24.532900,23.834282,24.118603,16.755739,168176266
2007-11-20,23.679935,24.248577,23.111292,23.590576,16.388901,179939948
2007-11-21,23.265638,23.623072,22.948822,23.225019,16.134945,134808533
2007-11-23,23.436232,23.939886,23.436232,23.777416,16.518700,88425684
2007-11-26,23.883022,23.883022,22.826969,22.981316,15.965640,127731884
2007-11-27,23.233145,23.533712,22.940699,23.395613,16.253462,122877928
2007-11-28,23.964256,24.792850,23.874899,24.792850,17.224157,205239337
2007-11-29,24.614136,24.776604,24.191713,24.573517,17.071774,107091214
2007-11-30,25.475224,25.735174,25.036556,25.182777,17.495043,144984226
2007-12-03,25.052803,25.166531,24.784727,24.979691,17.353956,72568927
2007-12-04,24.573517,24.695370,24.411049,24.516653,17.032280,75393703
2007-12-05,24.898457,25.101543,24.606010,24.882210,17.286230,107066841
2007-12-06,24.922827,25.686434,24.857840,25.686434,17.844940,122098951
2007-12-07,25.735174,25.792040,25.345247,25.345247,17.607922,100382387
2007-12-10,25.621447,26.068237,25.418360,25.881397,17.980396,97746201
2007-12-11,25.930138,26.108854,24.565393,24.573517,17.071774,168317584
2007-12-12,25.402111,25.467100,23.923639,24.386677,16.941973,175881956
2007-12-13,24.118603,24.402924,23.696182,24.378553,16.936338,167576892
2007-12-14,24.053616,24.467913,23.834282,23.842405,16.563858,86534622
2007-12-17,23.720552,24.045490,23.574329,23.590576,16.388901,85712684
2007-12-18,23.939886,23.972380,23.208773,23.606825,16.400192,103492386
2007-12-19,23.736799,24.118603,23.493095,23.744923,16.496130,135631334
2007-12-20,23.956133,24.102356,23.233145,23.574329,16.377619,120949197
2007-12-21,23.679935,23.842405,23.428106,23.793665,16.680592,76997942
2007-12-24,23.899269,24.264826,23.883022,24.224209,16.982430,53981935
2007-12-26,24.183592,24.191713,23.891146,24.053616,16.862837,29007653
2007-12-27,23.988626,23.988626,23.549959,23.566206,16.521130,44473322
2007-12-28,23.801786,23.801786,23.338749,23.509342,16.481258,39842546
2007-12-31,23.436232,23.826159,23.265638,23.501219,16.475571,61056985
2008-01-02,23.623072,23.696182,23.013809,23.038179,16.150957,80446096
2008-01-03,23.135662,23.257515,22.875711,22.891958,16.048454,55290488
2008-01-04,22.672625,22.688871,22.201462,22.242081,15.592855,93318540
2008-01-07,22.404549,22.607635,21.990252,22.298944,15.632720,112017799
2008-01-08,22.453291,22.599512,21.486595,21.486595,15.063222,148535168
2008-01-09,21.608448,21.982128,21.047930,21.892771,15.347973,164102394
2008-01-10,21.673435,22.761982,21.470348,22.266451,15.609942,275365714
2008-01-11,22.152721,22.835093,21.933388,22.339561,15.661192,224602351
2008-01-14,22.615761,22.664499,22.258327,22.648252,15.877598,108263988
2008-01-15,22.225834,22.258327,21.714054,21.714054,15.222684,141844191
2008-01-16,21.844028,22.502031,21.632818,22.079611,15.478951,176283632
2008-01-17,22.120228,22.128351,20.942324,20.958570,14.693046,208394513
2008-01-18,21.121040,21.283508,20.284323,20.714867,14.522190,220297790
2008-01-22,19.666937,21.657188,19.585703,21.161657,14.835428,314363301
2008-01-23,20.601137,22.664499,20.479284,22.664499,15.888994,301912352
2008-01-24,22.664499,22.883835,22.372055,22.672625,15.894685,197313666
2008-01-25,23.062551,23.078798,21.933388,22.079611,15.478951,166188693
2008-01-28,22.201462,23.549959,21.876522,22.867586,16.031361,113301609
2008-01-29,23.038179,23.233145,22.640129,23.216896,16.276249,124376916
2008-01-30,22.989439,23.818033,22.745735,22.745735,15.945943,263688448
2008-01-31,22.396425,24.313566,22.307068,23.671812,16.595171,223878523
2008-02-01,23.558083,24.110479,23.468725,24.110479,16.902699,162903277
2008-02-04,23.850529,23.956133,23.298132,23.411860,16.412928,93362610
2008-02-05,22.891958,23.005686,22.307068,22.461412,15.746616,154453447
2008-02-06,22.575142,22.696995,22.055241,22.201462,15.564367,129122052
2008-02-07,21.990252,22.696995,21.933388,22.404549,15.706756,159071913
2008-02-08,22.323315,22.388302,21.722178,22.030869,15.444780,128474177
2008-02-11,21.990252,21.990252,21.348497,21.543461,15.103086,134895811
2008-02-12,21.795288,22.177092,21.559708,22.136475,15.518812,189322753
2008-02-13,22.063362,22.120228,21.575954,22.055241,15.461869,106347813
2008-02-14,21.965881,22.112104,21.454102,21.454102,15.040448,128028801
2008-02-15,21.494720,21.795288,21.259138,21.795288,15.279629,125203287
2008-02-19,22.063362,22.136475,21.421608,21.762794,15.256847,117432107
2008-02-20,21.348497,22.014622,21.275387,22.014622,15.433393,145489059
2008-02-21,21.982128,22.152721,21.535337,21.624695,15.160038,93068155
2008-02-22,21.681561,22.095858,21.194151,22.095858,15.490340,137697075
2008-02-25,21.844028,22.290819,21.543461,22.095858,15.490340,184562476
2008-02-26,22.006498,22.623882,21.941511,22.290819,15.627019,127558805
2008-02-27,22.047115,22.672625,21.933388,22.388302,15.695363,121404790
2008-02-28,22.185215,22.201462,21.689684,21.689684,15.205600,109396139
2008-02-29,21.405361,21.429731,20.804224,20.982941,14.710125,172356126
2008-03-03,20.852964,20.885460,20.406174,20.698620,14.510804,136199687
2008-03-04,20.341187,20.641754,19.967506,20.584890,14.431077,200666418
2008-03-05,20.649878,20.885460,20.162470,20.422421,14.317174,225038495
2008-03-06,20.089357,20.227457,19.577579,19.715677,13.821707,172225394
2008-03-07,19.390739,20.186840,19.333876,19.756296,13.850190,245347286
2008-03-10,19.805037,19.910643,19.090172,19.195776,13.457239,208597874
2008-03-11,20.064987,20.576767,19.520716,20.454914,14.339962,280335753
2008-03-12,20.503656,21.047930,19.943136,20.113729,14.100770,210871654
2008-03-13,19.585703,20.926077,19.041430,20.064987,14.066603,258767525
2008-03-14,20.259951,20.389927,19.106419,19.496344,13.667952,313442513
2008-03-17,18.107229,19.333876,18.107229,19.049553,13.354722,261292799
2008-03-18,20.024370,20.747360,19.666937,20.649878,14.476634,343693354
2008-03-19,20.917953,21.202274,20.105604,20.105604,14.095070,266921300
2008-03-20,20.259951,21.551584,20.243704,21.380991,15.110064,274151455
2008-03-24,21.616571,22.233955,21.567831,21.657188,15.305253,182639531
2008-03-25,21.608448,21.811535,21.169781,21.592201,15.259326,156227318
2008-03-26,21.267262,21.348497,20.731113,20.812347,14.708199,158215752
2008-03-27,21.015434,21.047930,20.406174,20.487410,14.478568,151309473
2008-03-28,20.536148,20.649878,19.943136,20.024370,14.151333,109083465
2008-03-31,19.959383,20.552397,19.829407,20.203087,14.277637,108253278
2008-04-01,20.926077,21.705931,20.869211,21.624695,15.282294,206127626
2008-04-02,21.770918,22.071487,21.445978,21.608448,15.270810,157608254
2008-04-03,21.364744,21.811535,21.267262,21.705931,15.339697,121409591
2008-04-04,21.665314,21.714054,21.259138,21.413485,15.133031,109628675
2008-04-07,21.738424,21.917141,21.462227,21.543461,15.224884,121394696
2008-04-08,21.348497,21.519091,21.096668,21.299755,15.052659,110939936
2008-04-09,21.364744,21.364744,20.787977,20.942324,14.800059,120887401
2008-04-10,20.755484,21.104794,20.568644,20.812347,14.708199,135427111
2008-04-11,20.406174,20.877335,20.357433,20.414297,14.426899,113534638
2008-04-14,20.284323,20.308693,19.821283,19.935013,14.088186,122993519
2008-04-15,20.121853,20.333063,19.796913,20.138100,14.231711,115135922
2008-04-16,20.536148,20.787977,20.398050,20.682371,14.616349,138142820
2008-04-17,20.528027,21.153534,20.495531,21.039804,14.868942,155159918
2008-04-18,21.714054,21.844028,21.348497,21.502844,15.196177,155040388
2008-04-21,21.275387,21.283508,20.966694,21.169781,14.960802,80684295
2008-04-22,21.015434,21.072298,20.755484,20.877335,14.754126,103538795
2008-04-23,20.926077,21.064175,20.593014,20.739237,14.656532,100855461
2008-04-24,20.820471,21.632818,20.812347,21.486595,15.184701,151581647
2008-04-25,21.722178,21.949635,21.259138,21.892771,15.471744,102556949
2008-04-28,21.909018,22.063362,21.689684,21.949635,15.511934,94327960
2008-04-29,21.852154,21.974005,21.608448,21.681561,15.322478,79175827
2008-04-30,21.705931,21.974005,21.462227,21.616571,15.276550,106284786
2008-05-01,21.559708,22.437042,21.486595,22.355808,15.798973,125902987
2008-05-02,22.794476,22.883835,22.266451,22.510155,15.908050,121243775
2008-05-05,22.339561,22.396425,22.038994,22.120228,15.632493,78741654
2008-05-06,21.811535,22.372055,21.056051,22.355808,15.798973,124571291
2008-05-07,22.380178,22.380178,21.462227,21.551584,15.230626,118989199
2008-05-08,21.640942,21.640942,21.031681,21.112917,14.920626,166583229
2008-05-09,20.982941,21.462227,20.934200,21.112917,14.920626,142069218
2008-05-12,21.137287,21.429731,21.056051,21.364744,15.098582,83396557
2008-05-13,21.437855,21.454102,21.031681,21.169781,14.960802,92714119
2008-05-14,21.275387,21.421608,21.161657,21.316004,15.064137,80104494
2008-05-15,21.299755,21.608448,21.121040,21.527214,15.213401,90097013
2008-05-16,21.592201,21.592201,21.137287,21.437855,15.150249,64561765
2008-05-19,21.316004,21.567831,21.064175,21.234768,15.006725,85711945
2008-05-20,21.015434,21.023558,20.617384,20.739237,14.656532,97189420
2008-05-21,20.682371,20.812347,20.097483,20.211210,14.283376,133429075
2008-05-22,20.073111,20.528027,20.073111,20.324940,14.363746,81729044
2008-05-23,20.235580,20.243704,19.926889,20.024370,14.151333,89026043
2008-05-27,19.926889,20.227457,19.918764,20.129976,14.225965,83667623
2008-05-28,20.292444,20.308693,19.731924,20.016247,14.145596,139054252
2008-05-29,19.967506,20.463037,19.967506,20.373680,14.398197,96678678
2008-05-30,20.487410,20.511780,19.943136,20.113729,14.214490,79018259
2008-06-02,20.064987,20.064987,19.618196,19.813160,14.002070,104662574
2008-06-03,19.975630,20.032494,19.447603,19.748173,13.956149,151496831
2008-06-04,19.634443,19.983753,19.390739,19.626320,13.870032,169059385
2008-06-05,19.707556,20.016247,19.658813,20.016247,14.145596,138013073
2008-06-06,19.764420,19.772543,18.943949,18.952070,13.393531,192620233
2008-06-09,19.057676,19.171406,18.367182,18.692120,13.209826,210144379
2008-06-10,18.464663,18.992689,18.391552,18.748985,13.250017,217348930
2008-06-11,18.822096,18.854589,18.139725,18.204712,12.865373,214532033
2008-06-12,18.350933,18.830219,18.261576,18.700245,13.215565,245193165
2008-06-13,18.805849,18.992689,18.424046,18.992689,13.422236,157429513
2008-06-16,18.813972,19.293259,18.692120,19.171406,13.548537,152712567
2008-06-17,19.366369,19.374493,18.537773,18.610886,13.152417,150943989
2008-06-18,18.269699,18.765232,18.090982,18.302193,12.934257,185416667
2008-06-19,18.342812,18.537773,17.936638,18.497156,13.072042,204997568
2008-06-20,18.034119,18.277822,17.757919,18.017872,12.846169,222510144
2008-06-23,17.920389,17.952885,17.327375,17.449228,12.440742,150520894
2008-06-24,17.408611,17.847279,17.173031,17.652315,12.585539,249743926
2008-06-25,17.757919,18.245329,17.603575,17.611698,12.556577,270571830
2008-06-26,17.246141,17.400488,16.904955,16.978067,12.104814,177928986
2008-06-27,16.945574,17.108042,16.531275,16.709991,11.913687,179566216
2008-06-30,16.726238,16.758734,16.295694,16.458164,11.734141,180520980
2008-07-01,16.190088,16.580015,15.897644,16.506905,11.768894,292065583
2008-07-02,16.596264,16.839968,16.246954,16.255077,11.589351,180299400
2008-07-03,16.450041,16.555647,16.076361,16.198214,11.548809,102694575
2008-07-07,16.360682,16.531275,15.499594,15.662063,11.166550,234991745
2008-07-08,15.783916,16.685621,15.580829,16.677498,11.890520,305913840
2008-07-09,16.677498,16.758734,15.702681,15.727051,11.212884,277344669
2008-07-10,15.580829,15.954509,15.393989,15.613323,11.131797,287294227
2008-07-11,15.174655,15.670187,14.857839,15.174655,10.819039,383739753
2008-07-14,15.597076,15.759545,14.394801,14.394801,10.263030,291271342
2008-07-15,14.264825,14.800975,13.623071,13.948010,9.944486,577518234
2008-07-16,14.419171,15.775792,14.216084,15.775792,11.247633,448019742
2008-07-17,16.417547,16.969942,15.848903,16.458164,11.734141,649620981
2008-07-18,16.953695,17.132414,16.409424,16.791227,11.971609,316816931
2008-07-21,17.213648,17.449228,16.742485,16.856215,12.017945,260827481
2008-07-22,16.401300,18.269699,16.165718,18.269699,13.025712,407857505
2008-07-23,17.839155,18.757109,17.757919,18.245329,13.008335,438753143
2008-07-24,18.367182,18.367182,16.969942,17.018684,12.133777,335380780
2008-07-25,17.083672,17.408611,16.636881,16.953695,12.087442,241407348
2008-07-28,16.872461,17.221771,16.084484,16.157595,11.519846,209227038
2008-07-29,16.271324,17.465475,16.043867,17.465475,12.452324,307696205
2008-07-30,17.766045,17.969131,17.116165,17.733549,12.643450,334457776
2008-07-31,17.384239,17.871649,17.311129,17.571079,12.527619,208456555
2008-08-01,17.579205,17.725426,17.091795,17.571079,12.527619,233089604
2008-08-04,17.408611,17.676685,17.091795,17.424858,12.423370,173696931
2008-08-05,17.701056,18.310316,17.571079,18.310316,13.054667,222832666
2008-08-06,18.017872,18.253452,17.798538,18.123478,12.921454,174735772
2008-08-07,17.757919,17.936638,17.067425,17.229895,12.284359,232640658
2008-08-08,17.108042,17.977255,17.083672,17.822908,12.707166,217414542
2008-08-11,17.766045,18.489033,17.627945,18.123478,12.921454,198637484
2008-08-12,17.863525,17.879772,17.059301,17.205524,12.266987,235358583
2008-08-13,17.002438,17.043055,16.441917,16.709991,11.913687,282142492
2008-08-14,16.620634,17.270512,16.555647,17.229895,12.284359,159833779
2008-08-15,17.286758,17.579205,17.132414,17.351748,12.371238,164707308
2008-08-18,17.286758,17.286758,16.612511,16.685621,11.896311,199085937
2008-08-19,16.450041,16.515028,16.019497,16.198214,11.548809,214356492
2008-08-20,16.222584,16.531275,15.930138,16.531275,11.786270,210530790
2008-08-21,16.133224,16.417547,16.060114,16.230707,11.571972,162472673
2008-08-22,16.620634,16.913078,16.450041,16.848091,12.012144,181439675
2008-08-25,16.620634,16.628757,16.246954,16.255077,11.589351,118690804
2008-08-26,16.271324,16.515028,16.092607,16.385054,11.682018,130458179
2008-08-27,16.393175,16.726238,16.263201,16.701868,11.907899,109374842
2008-08-28,16.880585,17.424858,16.815598,17.376118,12.388618,190652725
2008-08-29,17.197399,17.497969,17.148661,17.400488,12.405992,171501320
2008-09-02,17.839155,17.969131,17.327375,17.644192,12.579745,200156538
2008-09-03,17.562958,17.936638,17.384239,17.920389,12.776662,178467795
2008-09-04,17.660439,17.814785,17.034931,17.043055,12.151151,226208068
2008-09-05,16.783104,17.660439,16.758734,17.660439,12.591329,294009947
2008-09-08,19.065800,19.090172,17.749798,18.424046,13.135754,518173693
2008-09-09,18.050365,18.440292,17.189278,17.246141,12.295947,407839902
2008-09-10,17.367994,17.790415,16.766855,17.034931,12.145359,310143310
2008-09-11,16.490658,17.473598,16.385054,17.424858,12.423370,411572786
2008-09-12,16.986191,17.481722,16.880585,17.181154,12.249616,313952147
2008-09-15,16.035744,16.848091,15.507717,15.507717,11.056506,555804994
2008-09-16,14.776604,16.669374,14.622258,16.669374,11.884729,594428727
2008-09-17,15.840780,15.978879,14.711617,15.069050,10.743750,625337783
2008-09-18,15.296507,16.628757,13.939886,16.255077,11.589351,1050592272
2008-09-19,19.658813,19.902517,17.270512,18.180342,13.086260,519107037
2008-09-22,18.066612,18.082859,15.800162,16.693745,12.016201,231788560
2008-09-23,16.685621,17.026808,16.246954,16.645004,11.981117,213533692
2008-09-24,16.799351,16.815598,16.206335,16.458164,11.846628,168258373
2008-09-25,16.547522,17.043055,16.401300,16.913078,12.174079,196826560
2008-09-26,16.125101,17.376118,16.019497,17.376118,12.507381,252887038
2008-09-29,16.693745,16.799351,14.939074,15.085297,10.858436,422434145
2008-09-30,15.353371,16.368807,15.166531,16.157595,11.630280,212701043
2008-10-01,16.133224,16.791227,15.913891,16.791227,12.086370,235842858
2008-10-02,16.645004,16.815598,15.913891,15.954509,11.484094,213501932
2008-10-03,16.401300,16.774981,15.255890,15.255890,10.981230,322736194
2008-10-06,14.638505,15.036556,13.996751,14.459789,10.408195,420354002
2008-10-07,14.711617,14.744110,12.932575,12.932575,9.308906,436457082
2008-10-08,12.396426,13.541836,12.258327,12.412673,8.934676,486205977
2008-10-09,13.062551,13.135662,11.112916,11.121040,8.004952,485969133
2008-10-10,10.731113,12.266450,10.389927,12.266450,8.829421,648326092
2008-10-13,12.981316,13.273761,12.071487,13.225020,9.519404,274509061
2008-10-14,14.159220,14.516653,13.493095,14.077985,10.133373,410632918
2008-10-15,13.468725,13.671812,12.550772,12.550772,9.034077,256192889
2008-10-16,12.900081,13.062551,11.852153,12.835093,9.238733,383211531
2008-10-17,12.567019,13.298132,12.453290,12.469537,8.975609,292251095
2008-10-20,12.794476,13.086921,12.388302,13.086921,9.419998,170736746
2008-10-21,12.696994,13.176279,12.680747,12.688871,9.133483,162976768
2008-10-22,12.437043,12.575142,11.502843,11.892770,8.560447,218857767
2008-10-23,11.941511,12.063363,11.047929,11.770918,8.472735,248715672
2008-10-24,10.722989,11.616572,10.698619,11.007311,7.923093,252223775
2008-10-27,11.186028,11.559708,10.666125,10.706742,7.706741,183470456
2008-10-28,11.316003,12.485784,10.560520,12.388302,8.917133,241738610
2008-10-29,12.103981,12.575142,11.624695,11.624695,8.367485,214718037
2008-10-30,12.185215,12.298944,11.779041,12.030869,8.659850,197687644
2008-10-31,11.868400,12.640130,11.868400,12.615760,9.080858,173640182
2008-11-03,12.583266,12.794476,12.534525,12.688871,9.133483,82914744
2008-11-04,12.924452,13.428107,12.867587,13.403737,9.648048,138595705
2008-11-05,13.184403,13.273761,12.144598,12.177092,8.765100,147492634
2008-11-06,12.030869,12.298944,11.332250,11.340374,8.162829,201705259
2008-11-07,11.551584,11.722177,11.267262,11.551584,8.314858,140329076
2008-11-10,11.835906,11.941511,10.974817,11.210398,8.069271,140162645
2008-11-11,10.991064,11.177904,10.641755,10.820471,7.788602,214783280
2008-11-12,10.633631,10.836718,10.129976,10.154346,7.309127,233086157
2008-11-13,10.308692,10.982941,9.504468,10.893582,7.841226,322958390
2008-11-14,10.658002,10.942323,10.203087,10.341186,7.443613,235483653
2008-11-17,10.162470,10.251828,9.626320,9.683184,6.969982,227032345
2008-11-18,9.723802,9.837530,9.147035,9.545085,6.870579,265910772
2008-11-19,9.488221,9.553209,8.480910,8.545898,6.151361,254938500
2008-11-20,8.399675,8.594639,7.506093,7.627945,5.490615,493582622
2008-11-21,7.985378,8.001625,7.043054,7.863526,5.660188,442404166
2008-11-24,8.294070,9.415110,8.188465,9.057677,6.519741,378163323
2008-11-25,9.626320,9.764419,9.114541,9.585703,6.899813,288533475
2008-11-26,9.317628,10.073111,9.260764,10.032494,7.221417,168369286
2008-11-28,10.048741,10.373680,9.935012,10.284322,7.402680,67060941
2008-12-01,9.886271,9.910642,8.554021,8.570268,6.168900,205318859
2008-12-02,8.846466,9.333875,8.480910,9.268887,6.671766,241340997
2008-12-03,8.895207,9.861901,8.846466,9.748172,7.016760,257054343
2008-12-04,9.512591,10.194963,9.415110,9.642567,6.940744,219393375
2008-12-05,9.406986,10.471162,9.390739,10.406174,7.490390,275159275
2008-12-08,10.836718,11.226645,10.714866,11.104793,7.993260,248535576
2008-12-09,10.909829,11.202275,10.560520,10.658002,7.671658,237956855
2008-12-10,10.739236,10.796101,10.243704,10.471162,7.537174,191223909
2008-12-11,10.308692,10.389927,9.618197,9.666937,6.958288,190928716
2008-12-12,9.317628,9.886271,9.203899,9.853777,7.092775,164449290
2008-12-15,9.829407,9.861901,9.309504,9.447604,6.800410,136861718
2008-12-16,10.503656,10.519903,9.610073,10.503656,7.560560,274174721
2008-12-17,10.308692,10.706742,10.194963,10.406174,7.490390,185359425
2008-12-18,10.454915,10.601137,9.991877,10.105605,7.274041,182620327
2008-12-19,9.959383,10.194963,9.788790,9.935012,7.258018,162598605
2008-12-22,9.959383,10.008123,9.439480,9.585703,7.002830,148061603
2008-12-23,9.634444,9.723802,9.333875,9.358245,6.836660,73468296
2008-12-24,9.431357,9.577579,9.341998,9.561332,6.985023,22234938
2008-12-26,9.658814,9.675061,9.455727,9.569456,6.990962,37218054
2008-12-29,9.593826,9.601950,9.309504,9.488221,6.931612,47453450
2008-12-30,9.536962,9.902518,9.504468,9.853777,7.198672,72357934
2008-12-31,9.878148,10.259951,9.805037,10.170593,7.430124,109208165
2009-01-02,10.178716,10.406174,9.918765,10.284322,7.513206,117919090
2009-01-05,10.235581,10.349310,10.056864,10.113729,7.388577,127885266
2009-01-06,10.235581,10.414297,10.162470,10.276198,7.507271,153337176
2009-01-07,10.040617,10.113729,9.723802,9.740049,7.115588,131015946
2009-01-08,9.683184,9.845654,9.593826,9.699431,7.085916,132274643
2009-01-09,9.780666,9.837530,9.374492,9.390739,6.860402,125745788
2009-01-12,9.358245,9.382616,8.765232,8.895207,6.498388,179488048
2009-01-13,8.765232,9.122665,8.675873,9.017059,6.587407,253377222
2009-01-14,8.716491,8.732738,8.432169,8.497157,6.207592,201367472
2009-01-15,8.472786,8.480910,7.790414,8.107230,5.922734,326492960
2009-01-16,8.326564,8.415922,7.506093,7.863526,5.744697,250760855
2009-01-20,7.424858,7.514216,6.555646,6.563769,4.795157,300320300
2009-01-21,6.953696,7.546710,6.669374,7.530463,5.501375,389759343
2009-01-22,7.229894,7.441105,6.872461,7.067425,5.163104,289483314
2009-01-23,6.750609,7.384240,6.726239,7.303006,5.335207,284052758
2009-01-26,7.449228,7.636068,7.067425,7.173030,5.240253,248432049
2009-01-27,7.319253,7.457352,7.197400,7.424858,5.424227,166844939
2009-01-28,8.074736,8.537774,7.952884,8.375305,6.118575,385065663
2009-01-29,8.058489,8.131600,7.676686,7.717303,5.637871,203495871
2009-01-30,7.822908,7.896019,7.376117,7.506093,5.483572,282654711
2009-02-02,7.311129,7.579204,7.238018,7.506093,5.483572,148428194
2009-02-03,7.627945,7.644192,7.205524,7.367994,5.382686,226112665
2009-02-04,7.441105,7.603574,7.229894,7.286759,5.323338,261722787
2009-02-05,7.197400,7.587327,6.937449,7.400487,5.406422,474387516
2009-02-06,7.603574,8.034119,7.546710,7.952884,5.809975,326797509
2009-02-09,8.025995,8.196588,7.904143,8.042242,5.875256,208984531
2009-02-10,7.944760,8.025995,7.148660,7.221771,5.275862,399645012
2009-02-11,7.343623,7.587327,7.311129,7.571080,5.531048,225005627
2009-02-12,7.327376,7.514216,7.026807,7.473599,5.459833,282216229
2009-02-13,7.311129,7.432981,7.164907,7.189277,5.252125,209027739
2009-02-17,6.734362,6.823721,6.474411,6.474411,4.729879,274266185
2009-02-18,6.669374,6.685621,6.271324,6.474411,4.729879,269314979
2009-02-19,6.596263,6.628757,6.092608,6.133225,4.480625,257146298
2009-02-20,5.832656,6.198213,5.564582,6.043867,4.415345,503483309
2009-02-23,6.263201,6.311942,5.832656,5.832656,4.261045,262755965
2009-02-24,5.913891,6.539399,5.840780,6.539399,4.777355,327940739
2009-02-25,6.441917,6.799350,6.116978,6.498781,4.747681,400245986
2009-02-26,6.807474,6.953696,6.539399,6.604387,4.824831,388346771
2009-02-27,6.133225,6.482535,6.125102,6.173842,4.510298,308811984
2009-03-02,5.938262,6.043867,5.718928,5.783916,4.225438,230782341
2009-03-03,5.930138,5.970755,5.556458,5.670187,4.142353,234076127
2009-03-04,5.873274,5.881397,5.442729,5.597076,4.088942,285063778
2009-03-05,5.442729,5.458976,4.947197,5.069050,3.703193,346455471
2009-03-06,5.142161,5.264013,4.776604,5.020309,3.667583,265816601
2009-03-09,4.914703,5.239643,4.849716,5.085297,3.715062,300571670
2009-03-10,5.410236,5.873274,5.361495,5.840780,4.266978,435885036
2009-03-11,6.068237,6.222583,5.857027,5.995126,4.379736,511086088
2009-03-12,5.970755,6.685621,5.897644,6.612510,4.830767,476439962
2009-03-13,6.734362,6.823721,6.368806,6.653128,4.860439,341559661
2009-03-16,6.815597,7.051178,6.498781,6.523152,4.765487,353656206
2009-03-17,6.515028,6.969943,6.393176,6.945573,5.074085,276164140
2009-03-18,6.864338,7.676686,6.791227,7.644192,5.584462,509248328
2009-03-19,7.863526,7.879773,7.018684,7.034931,5.139366,508014866
2009-03-20,6.961820,6.994314,6.571893,6.612510,4.879220,375016395
2009-03-23,7.189277,7.814785,7.034931,7.701056,5.682434,457828227
2009-03-24,7.489846,7.855402,7.270512,7.327376,5.406703,368470429
2009-03-25,7.497969,7.766044,7.059301,7.571080,5.586528,440502517
2009-03-26,7.709180,7.757920,7.408611,7.660439,5.652462,306281294
2009-03-27,7.457352,7.709180,7.408611,7.424858,5.478633,245167807
2009-03-30,7.010561,7.124289,6.718115,6.783103,5.005096,273044294
2009-03-31,6.961820,7.278635,6.856214,7.156783,5.280827,300060805
2009-04-01,6.953696,7.408611,6.937449,7.359870,5.430679,214623004
2009-04-02,7.790414,7.814785,7.457352,7.562957,5.580535,293319479
2009-04-03,7.489846,7.896019,7.449228,7.871649,5.808310,224946170
2009-04-06,7.611698,7.766044,7.538587,7.660439,5.652462,222197593
2009-04-07,7.424858,7.644192,7.416734,7.432981,5.484627,212819958
2009-04-08,7.546710,7.627945,7.319253,7.473599,5.514596,154755288
2009-04-09,8.147847,8.675873,8.034119,8.635256,6.371758,384778225
2009-04-13,8.464663,9.147035,8.407799,9.000812,6.641491,307171184
2009-04-14,8.862713,9.041430,8.350934,8.407799,6.203923,393041928
2009-04-15,8.294070,8.878960,8.172218,8.813972,6.503629,237804457
2009-04-16,8.976442,9.057677,8.602762,8.911454,6.575559,267621000
2009-04-17,8.870837,9.203899,8.708367,9.025183,6.659477,281153137
2009-04-20,8.602762,8.651503,7.993501,8.017872,5.916204,325535488
2009-04-21,7.676686,8.619009,7.644192,8.610885,6.353775,356329199
2009-04-22,8.326564,8.822096,8.277823,8.302193,6.125998,299510302
2009-04-23,8.424045,8.748985,8.302193,8.692120,6.413717,208109536
2009-04-24,8.740861,9.057677,8.578392,8.887084,6.557579,288261916
2009-04-27,8.635256,8.870837,8.554021,8.740861,6.449682,157074123
2009-04-28,8.399675,8.651503,8.375305,8.472786,6.251875,166197310
2009-04-29,8.586515,8.919578,8.570268,8.838343,6.521614,192158977
2009-04-30,8.992689,9.057677,8.643379,8.716491,6.431699,215537513
2009-05-01,8.724614,8.854590,8.570268,8.651503,6.383747,137526705
2009-05-04,8.765232,9.536962,8.757108,9.528838,7.031113,260737864
2009-05-05,9.350122,9.561332,9.293258,9.390739,6.929214,200012388
2009-05-06,9.675061,10.203087,9.626320,10.138099,7.480672,330286040
2009-05-07,10.617384,10.617384,9.691308,9.845654,7.264884,350441326
2009-05-08,10.000000,10.625508,9.918765,10.576767,7.804354,368943749
2009-05-11,10.243704,10.365556,9.918765,9.959383,7.348805,254006756
2009-05-12,10.032494,10.056864,9.439480,9.748172,7.192954,254245447
2009-05-13,9.471974,9.545085,9.203899,9.252640,6.827311,237690343
2009-05-14,9.171405,9.650690,9.163282,9.561332,7.055085,214387267
2009-05-15,9.593826,9.675061,9.285134,9.366369,6.911228,188082520
2009-05-18,9.634444,10.048741,9.561332,9.983753,7.366785,168822171
2009-05-19,9.983753,10.146223,9.764419,9.780666,7.216932,194454423
2009-05-20,10.008123,10.048741,9.455727,9.520715,7.025116,338297881
2009-05-21,9.382616,9.642567,9.358245,9.536962,7.037107,267674180
2009-05-22,9.626320,9.650690,9.431357,9.471974,6.989156,118089215
2009-05-26,9.358245,9.821284,9.350122,9.780666,7.216932,185271163
2009-05-27,9.870024,9.902518,9.455727,9.488221,7.001141,211276284
2009-05-28,9.561332,9.788790,9.398863,9.756296,7.198948,228614303
2009-05-29,9.837530,10.032494,9.650690,9.935012,7.330819,231964224
2009-06-01,10.064988,10.227457,9.943136,10.040617,7.408741,236336489
2009-06-02,9.902518,10.032494,9.821284,9.878148,7.288858,237238566
2009-06-03,9.813160,9.902518,9.650690,9.748172,7.192954,172765434
2009-06-04,9.837530,10.113729,9.813160,10.097482,7.450703,200735723
2009-06-05,10.268075,10.292445,9.935012,10.008123,7.384765,188049530
2009-06-08,9.910642,10.178716,9.902518,10.081235,7.438712,114387228
2009-06-09,10.138099,10.186840,10.032494,10.154346,7.492658,114763791
2009-06-10,10.211210,10.219334,9.878148,10.000000,7.378774,193137006
2009-06-11,10.000000,10.227457,9.983753,10.081235,7.438712,192736070
2009-06-12,10.073111,10.154346,10.048741,10.146223,7.486665,101101415
2009-06-15,10.048741,10.073111,9.845654,9.886271,7.294857,117569979
2009-06-16,9.910642,9.935012,9.675061,9.715678,7.168977,139644394
2009-06-17,9.650690,9.666937,9.350122,9.431357,6.959185,255798230
2009-06-18,9.463851,9.707555,9.455727,9.658814,7.127017,149106352
2009-06-19,9.731925,9.837530,9.593826,9.780666,7.254147,218644804
2009-06-22,9.650690,9.715678,9.203899,9.212023,6.832394,163965753
2009-06-23,9.285134,9.415110,9.179529,9.317628,6.910721,172708561
2009-06-24,9.447604,9.585703,9.358245,9.431357,6.995071,133115662
2009-06-25,9.398863,9.634444,9.341998,9.634444,7.145697,156577784
2009-06-26,9.585703,9.723802,9.536962,9.683184,7.181847,90023153
2009-06-29,9.707555,9.829407,9.601950,9.805037,7.272221,137113950
2009-06-30,9.813160,9.837530,9.634444,9.707555,7.199924,124690329
2009-07-01,9.723802,9.772543,9.642567,9.650690,7.157746,71842391
2009-07-02,9.553209,9.561332,9.293258,9.317628,6.910721,125072185
2009-07-06,9.228270,9.341998,9.138911,9.325751,6.916746,107628053
2009-07-07,9.333875,9.358245,9.147035,9.179529,6.808295,119638920
2009-07-08,9.195776,9.220146,8.797725,9.025183,6.693818,248119375
2009-07-09,9.155158,9.236393,9.065800,9.138911,6.778166,160788419
2009-07-10,9.073924,9.098294,8.952071,9.017059,6.687794,117735302
2009-07-13,9.220146,9.601950,9.163282,9.593826,7.115572,278149374
2009-07-14,9.601950,9.618197,9.439480,9.553209,7.085445,195259127
2009-07-15,9.707555,10.073111,9.691308,9.959383,7.386700,222874027
2009-07-16,9.870024,10.024370,9.764419,9.926889,7.362598,147851963
2009-07-17,9.951259,9.991877,9.788790,9.861901,7.314399,173246139
2009-07-20,9.935012,10.008123,9.870024,9.943136,7.374650,135604252
2009-07-21,9.951259,9.983753,9.756296,9.853777,7.308375,156874455
2009-07-22,9.675061,9.943136,9.658814,9.861901,7.314399,123101477
2009-07-23,9.878148,10.203087,9.821284,10.146223,7.525276,156626901
2009-07-24,10.056864,10.146223,9.959383,10.089358,7.483098,89317544
2009-07-27,10.121852,10.276198,10.081235,10.251828,7.603600,113482936
2009-07-28,10.162470,10.268075,10.129976,10.227457,7.585524,73711911
2009-07-29,10.162470,10.276198,10.129976,10.227457,7.585524,124764312
2009-07-30,10.324939,10.584890,10.324939,10.463038,7.760251,161803625
2009-07-31,10.463038,10.576767,10.398050,10.568643,7.838577,161635840
2009-08-03,10.763607,10.852965,10.690496,10.836718,8.037402,141779933
2009-08-04,10.779854,11.112916,10.739236,11.056052,8.200078,123182969
2009-08-05,11.121040,11.494720,11.064175,11.437855,8.483254,205272204
2009-08-06,11.616572,11.657189,11.259139,11.356621,8.423003,290627775
2009-08-07,11.519090,11.860276,11.454102,11.657189,8.645929,233042703
2009-08-10,11.640942,11.738424,11.470349,11.608448,8.609781,117157348
2009-08-11,11.535337,11.543461,11.161657,11.177904,8.290453,157646661
2009-08-12,11.145410,11.494720,11.137287,11.405361,8.459151,128570318
2009-08-13,11.584078,11.649066,11.372868,11.640942,8.633882,166225254
2009-08-14,11.632819,11.640942,11.372868,11.567831,8.579655,133410610
2009-08-17,11.226645,11.242892,11.064175,11.080422,8.218152,141513667
2009-08-18,11.186028,11.356621,11.169781,11.307880,8.386852,99642556
2009-08-19,11.129163,11.372868,11.104793,11.299756,8.380828,96251028
2009-08-20,11.332250,11.616572,11.324127,11.592201,8.597729,111257534
2009-08-21,11.722177,11.876523,11.657189,11.819659,8.766437,134382361
2009-08-24,11.990252,12.071487,11.697807,11.730301,8.700157,152575803
2009-08-25,11.819659,11.990252,11.819659,11.876523,8.808602,116332824
2009-08-26,11.811535,11.925264,11.705930,11.844029,8.784508,113992570
2009-08-27,11.835906,11.990252,11.705930,11.965881,8.874882,100287847
2009-08-28,12.079610,12.103981,11.844029,11.982128,8.886936,99309571
2009-08-31,11.762794,11.949634,11.746548,11.941511,8.856808,101467637
2009-09-01,11.852153,11.982128,11.275386,11.299756,8.380828,234730773
2009-09-02,11.202275,11.372868,11.161657,11.202275,8.308532,129933281
2009-09-03,11.324127,11.462226,11.242892,11.421608,8.471205,97488183
2009-09-04,11.494720,11.551584,11.389115,11.551584,8.567605,89279383
2009-09-08,11.722177,11.738424,11.535337,11.600325,8.603755,99369767
2009-09-09,11.632819,11.819659,11.600325,11.779041,8.736305,111341365
2009-09-10,11.738424,11.900894,11.600325,11.876523,8.808602,114235569
2009-09-11,11.917141,11.925264,11.795288,11.803412,8.754378,80452005
2009-09-14,11.649066,11.990252,11.640942,11.957758,8.868857,88924363
2009-09-15,11.990252,12.103981,11.835906,11.982128,8.886936,129108388
2009-09-16,12.055240,12.396426,12.022746,12.396426,9.194210,153591131
2009-09-17,12.388302,12.534525,12.266450,12.355808,9.164082,137935027
2009-09-18,12.372055,12.388302,12.225833,12.298944,9.150186,112413566
2009-09-21,12.185215,12.250203,12.144598,12.185215,9.065573,103587296
2009-09-22,12.363932,12.477660,12.290820,12.461413,9.271056,105834240
2009-09-23,12.485784,12.542648,12.193339,12.209586,9.083703,134086798
2009-09-24,12.282697,12.315191,11.892770,11.965881,8.902388,163284149
2009-09-25,11.900894,12.006499,11.762794,11.852153,8.817774,143733037
2009-09-28,11.917141,12.266450,11.900894,12.250203,9.113925,96599401
2009-09-29,12.298944,12.388302,12.168968,12.193339,9.071613,127167716
2009-09-30,12.266450,12.307067,11.998375,12.136474,9.029312,180006914
2009-10-01,12.071487,12.095857,11.592201,11.600325,8.630423,157511128
2009-10-02,11.405361,11.746548,11.348497,11.608448,8.636468,158977372
2009-10-05,11.754671,11.998375,11.722177,11.974005,8.908433,121768797
2009-10-06,12.136474,12.258327,11.949634,12.128351,9.023267,157014296
2009-10-07,12.071487,12.266450,12.047116,12.258327,9.119964,120700289
2009-10-08,12.347685,12.420796,12.233956,12.274574,9.132051,112612372
2009-10-09,12.242080,12.388302,12.217709,12.380179,9.210620,73837719
2009-10-12,12.437043,12.493907,12.363932,12.477660,9.283145,91643272
2009-10-13,12.396426,12.437043,12.250203,12.355808,9.192491,91537160
2009-10-14,12.623883,12.802600,12.534525,12.778229,9.506763,164466893
2009-10-15,12.640130,12.688871,12.550772,12.664500,9.422149,103035685
2009-10-16,12.428920,12.461413,12.331438,12.363932,9.198533,138771615
2009-10-19,12.412673,12.485784,12.307067,12.420796,9.240840,114214273
2009-10-20,12.396426,12.469537,12.250203,12.323314,9.168312,131393863
2009-10-21,12.290820,12.493907,12.079610,12.087734,8.993045,105829686
2009-10-22,12.144598,12.469537,12.095857,12.445167,9.258973,148468694
2009-10-23,12.469537,12.510154,12.185215,12.266450,9.126006,108821016
2009-10-26,12.258327,12.298944,11.884647,11.949634,8.890303,149608600
2009-10-27,11.957758,12.006499,11.787165,11.860276,8.823824,125341405
2009-10-28,11.811535,11.860276,11.462226,11.494720,8.551856,145026326
2009-10-29,11.697807,11.990252,11.608448,11.974005,8.908433,147296659
2009-10-30,11.868400,11.868400,11.348497,11.413485,8.491415,168815032
2009-11-02,11.502843,11.705930,11.194151,11.510967,8.563943,209353831
2009-11-03,11.316003,11.592201,11.307880,11.543461,8.588115,135013126
2009-11-04,11.714054,11.746548,11.364744,11.380991,8.467243,156933912
2009-11-05,11.478473,11.689683,11.397238,11.673436,8.684816,128854925
2009-11-06,11.478473,11.681560,11.462226,11.624695,8.648557,91056947
2009-11-09,11.787165,12.055240,11.714054,12.038993,8.956782,123283911
2009-11-10,11.982128,12.079610,11.884647,11.998375,8.926566,86729120
2009-11-11,12.120227,12.290820,12.079610,12.160845,9.047441,123428800
2009-11-12,12.136474,12.217709,11.909017,11.933387,8.878219,112801454
2009-11-13,11.949634,11.998375,11.811535,11.909017,8.860088,92111052
2009-11-16,12.055240,12.201462,11.982128,12.038993,8.956782,150075519
2009-11-17,12.014622,12.095857,11.965881,12.071487,8.980959,70430557
2009-11-18,12.087734,12.177092,12.038993,12.168968,9.053483,90591013
2009-11-19,12.095857,12.103981,11.884647,11.933387,8.878219,95800113
2009-11-20,11.835906,11.933387,11.811535,11.860276,8.823824,65219734
2009-11-23,11.990252,12.112104,11.965881,12.030869,8.950737,91208237
2009-11-24,11.998375,12.038993,11.876523,11.941511,8.884257,75278974
2009-11-25,12.006499,12.014622,11.892770,11.917141,8.866129,54272328
2009-11-27,11.575955,11.779041,11.535337,11.600325,8.630423,93325557
2009-11-30,11.657189,11.933387,11.649066,11.909017,8.860088,124414954
2009-12-01,11.990252,12.022746,11.852153,11.917141,8.866129,106757244
2009-12-02,11.892770,11.965881,11.844029,11.909017,8.860088,76497910
2009-12-03,12.006499,12.136474,11.640942,11.665313,8.678774,205411431
2009-12-04,11.884647,11.933387,11.681560,11.884647,8.841952,240718603
2009-12-07,11.835906,11.909017,11.649066,11.689683,8.696906,99919162
2009-12-08,11.616572,11.673436,11.551584,11.584078,8.618336,133715775
2009-12-09,11.608448,11.689683,11.519090,11.624695,8.648557,90631636
2009-12-10,11.657189,11.714054,11.551584,11.608448,8.636468,86215178
2009-12-11,11.616572,11.697807,11.519090,11.689683,8.696906,81270989
2009-12-14,11.722177,11.762794,11.608448,11.754671,8.745253,72967894
2009-12-15,11.681560,11.730301,11.519090,11.567831,8.606249,105373600
2009-12-16,11.640942,11.714054,11.592201,11.640942,8.660644,112051283
2009-12-17,11.543461,11.575955,11.421608,11.421608,8.497461,113375592
2009-12-18,11.462226,11.567831,11.380991,11.551584,8.626062,116291955
2009-12-21,11.608448,11.722177,11.600325,11.722177,8.753453,71633860
2009-12-22,11.714054,11.754671,11.689683,11.746548,8.771653,32138456
2009-12-23,11.762794,11.779041,11.673436,11.697807,8.735256,47493211
2009-12-24,11.738424,11.803412,11.730301,11.803412,8.814112,22487785
2009-12-28,11.819659,11.852153,11.714054,11.762794,8.783781,36303913
2009-12-29,11.795288,11.803412,11.714054,11.714054,8.747390,32447806
2009-12-30,11.665313,11.730301,11.616572,11.722177,8.753453,35503394
2009-12-31,11.738424,11.795288,11.681560,11.697807,8.735256,40923487
2010-01-04,11.795288,11.965881,11.770918,11.933387,8.911176,92942347
2010-01-05,11.917141,12.152721,11.900894,12.152721,9.074957,96770018
2010-01-06,12.144598,12.225833,12.055240,12.177092,9.093156,75492798
2010-01-07,12.201462,12.510154,12.177092,12.437043,9.287274,117869112
2010-01-08,12.372055,12.437043,12.266450,12.363932,9.232678,111866140
2010-01-11,12.485784,12.493907,12.298944,12.372055,9.238743,72747299
2010-01-12,12.274574,12.331438,12.112104,12.193339,9.105289,137613736
2010-01-13,12.193339,12.372055,12.095857,12.331438,9.208413,100839458
2010-01-14,12.290820,12.428920,12.258327,12.388302,9.250876,70844542
2010-01-15,12.315191,12.323314,12.120227,12.136474,9.062831,118059301
2010-01-19,12.087734,12.298944,12.022746,12.290820,9.178082,100437782
2010-01-20,12.209586,12.339561,12.128351,12.258327,9.153816,99359426
2010-01-21,12.250203,12.331438,11.779041,11.909017,8.892978,310007531
2010-01-22,11.868400,11.925264,11.454102,11.519090,8.601796,260932239
2010-01-25,11.681560,11.730301,11.470349,11.584078,8.650329,179396215
2010-01-26,11.510967,11.697807,11.364744,11.380991,8.498674,151799780
2010-01-27,11.413485,11.681560,11.364744,11.657189,8.704926,254674696
2010-01-28,11.746548,11.803412,11.454102,11.600325,8.662459,275452007
2010-01-29,11.681560,11.835906,11.486596,11.519090,8.601796,222839929
2010-02-01,11.592201,11.746548,11.592201,11.714054,8.747390,155187738
2010-02-02,11.722177,11.860276,11.673436,11.827782,8.832316,135155306
2010-02-03,11.762794,11.844029,11.665313,11.697807,8.735256,131388692
2010-02-04,11.592201,11.608448,11.186028,11.194151,8.359153,266891017
2010-02-05,11.259139,11.356621,10.974817,11.324127,8.456215,315216015
2010-02-08,11.348497,11.348497,11.080422,11.096669,8.286362,132199183
2010-02-09,11.234768,11.291633,11.047929,11.210398,8.371288,190172389
2010-02-10,11.226645,11.421608,11.153534,11.299756,8.438014,155220729
2010-02-11,11.299756,11.380991,11.031682,11.324127,8.456215,92212240
2010-02-12,11.194151,11.332250,11.121040,11.332250,8.462275,125390768
2010-02-16,11.413485,11.584078,11.340374,11.567831,8.638197,134800901
2010-02-17,11.657189,11.657189,11.551584,11.608448,8.668528,81067751
2010-02-18,11.559708,11.714054,11.551584,11.681560,8.723123,73617370
2010-02-19,11.608448,11.787165,11.600325,11.746548,8.771653,72633555
2010-02-22,11.787165,11.965881,11.770918,11.900894,8.886909,86110666
2010-02-23,11.844029,11.933387,11.640942,11.681560,8.723123,144519031
2010-02-24,11.689683,11.900894,11.689683,11.884647,8.874775,87297473
2010-02-25,11.722177,11.868400,11.649066,11.852153,8.850511,130407585
2010-02-26,11.852153,11.965881,11.787165,11.925264,8.905105,129857821
2010-03-01,11.965881,11.990252,11.884647,11.957758,8.929369,65465319
2010-03-02,11.990252,12.112104,11.982128,11.998375,8.959702,71151554
2010-03-03,12.014622,12.095857,11.974005,12.006499,8.965768,69710915
2010-03-04,12.038993,12.136474,12.022746,12.128351,9.056759,65092695
2010-03-05,12.193339,12.388302,12.177092,12.363932,9.232678,99635663
2010-03-08,12.388302,12.437043,12.363932,12.388302,9.250876,66161942
2010-03-09,12.323314,12.510154,12.282697,12.428920,9.281208,110608058
2010-03-10,12.510154,12.640130,12.485784,12.567019,9.384333,123834045
2010-03-11,12.534525,12.680747,12.518278,12.672624,9.463193,75285990
2010-03-12,12.778229,12.778229,12.567019,12.623883,9.426796,125183468
2010-03-15,12.550772,12.648253,12.485784,12.623883,9.426796,86475904
2010-03-16,12.664500,12.786353,12.632006,12.778229,9.542054,92828356
2010-03-17,12.851340,12.973193,12.835093,12.932575,9.657310,113668817
2010-03-18,12.908205,12.924452,12.778229,12.859464,9.602715,91978843
2010-03-19,12.745735,12.891958,12.696994,12.745735,9.539478,110142617
2010-03-22,12.615760,12.818846,12.607636,12.810723,9.588122,78909193
2010-03-23,12.843217,12.924452,12.770106,12.916328,9.667164,79992227
2010-03-24,12.835093,12.989439,12.835093,12.924452,9.673241,86346279
2010-03-25,13.013810,13.257514,12.965069,12.981316,9.715801,150906813
2010-03-26,13.038180,13.160032,12.924452,12.997563,9.727962,218970526
2010-03-29,13.070674,13.111292,12.932575,13.013810,9.740122,76076908
2010-03-30,13.021933,13.062551,12.900081,12.932575,9.679320,59183033
2010-03-31,12.851340,13.005686,12.843217,12.956946,9.697564,72467985
2010-04-01,13.062551,13.103168,12.973193,13.062551,9.776602,59488321
2010-04-05,13.135662,13.208773,13.103168,13.192526,9.873880,55300582
2010-04-06,13.184403,13.363119,13.160032,13.330626,9.977241,63364125
2010-04-07,13.363119,13.411860,13.200650,13.281885,9.940759,91544300
2010-04-08,13.233144,13.428107,13.176279,13.387490,10.019805,86447591
2010-04-09,13.436231,13.468725,13.354996,13.436231,10.056281,64967625
2010-04-12,13.476848,13.549959,13.460601,13.493095,10.098841,56718325
2010-04-13,13.476848,13.574330,13.411860,13.501219,10.104920,85280479
2010-04-14,13.671812,13.858652,13.655565,13.850528,10.366359,155369926
2010-04-15,13.883022,13.907392,13.753046,13.793664,10.323795,101626682
2010-04-16,13.736799,13.753046,13.054427,13.290008,9.946841,468533372
2010-04-19,13.135662,13.444354,13.119415,13.419984,10.044124,319699563
2010-04-20,13.525589,13.598700,13.444354,13.598700,10.177881,151176894
2010-04-21,13.606824,13.728676,13.363119,13.517465,10.117079,210131946
2010-04-22,13.371243,13.631194,13.314379,13.590577,10.171802,123733596
2010-04-23,13.614947,13.688058,13.541836,13.631194,10.202200,109054906
2010-04-26,13.623071,13.623071,13.387490,13.419984,10.044124,128910443
2010-04-27,13.273761,13.419984,12.932575,12.965069,9.703641,289883143
2010-04-28,13.143786,13.241267,13.030057,13.151909,9.843480,194917032
2010-04-29,13.322502,13.525589,13.257514,13.452478,10.068442,153177515
2010-04-30,13.387490,13.428107,13.103168,13.127539,9.825241,206146707
2010-05-03,13.241267,13.411860,13.200650,13.379366,10.013721,110817944
2010-05-04,13.184403,13.225020,12.932575,13.013810,9.740122,195182313
2010-05-05,12.802600,13.160032,12.753859,12.940699,9.685403,227201362
2010-05-06,12.883834,13.030057,11.827782,12.396426,9.278046,385070710
2010-05-07,12.404549,12.623883,12.079610,12.258327,9.174683,434082852
2010-05-10,12.891958,13.013810,12.729488,12.940699,9.685403,220172844
2010-05-11,12.745735,13.103168,12.737612,12.891958,9.648923,149938016
2010-05-12,12.973193,13.046304,12.867587,13.038180,9.758357,108045855
2010-05-13,12.997563,13.030057,12.802600,12.802600,9.582042,117497842
2010-05-14,12.656377,12.664500,12.339561,12.469537,9.332762,185612150
2010-05-17,12.469537,12.583266,12.177092,12.477660,9.338844,215164644
2010-05-18,12.623883,12.632006,12.030869,12.120227,9.071322,245298293
2010-05-19,12.006499,12.258327,11.892770,12.136474,9.083485,282446426
2010-05-20,11.909017,11.949634,11.551584,11.575955,8.663967,264759910
2010-05-21,11.332250,12.136474,11.332250,11.982128,8.967967,256736868
2010-05-24,12.038993,12.038993,11.624695,11.640942,8.712605,132667948
2010-05-25,11.316003,11.754671,11.242892,11.746548,8.791644,202843441
2010-05-26,11.933387,11.957758,11.600325,11.665313,8.730846,153920670
2010-05-27,11.917141,12.201462,11.852153,12.193339,9.126042,150171413
2010-05-28,12.160845,12.168968,11.884647,11.925264,8.925405,156946837
2010-06-01,11.795288,11.965881,11.657189,11.673436,8.736924,102271849
2010-06-02,11.795288,12.038993,11.681560,12.038993,9.010521,97060780
2010-06-03,12.087734,12.112104,11.844029,11.974005,8.961883,126116689
2010-06-04,11.730301,11.795288,11.437855,11.494720,8.603168,146914680
2010-06-07,11.543461,11.600325,11.226645,11.267262,8.432927,128171597
2010-06-08,11.332250,11.510967,11.129163,11.502843,8.609246,180966602
2010-06-09,11.584078,11.673436,11.332250,11.380991,8.518046,153438734
2010-06-10,11.551584,11.779041,11.470349,11.754671,8.797724,138725329
2010-06-11,11.640942,11.827782,11.608448,11.787165,8.822043,66406172
2010-06-14,11.884647,11.941511,11.722177,11.738424,8.785564,111620925
2010-06-15,11.811535,12.038993,11.738424,12.014622,8.992285,124529437
2010-06-16,11.941511,12.087734,11.892770,12.022746,8.998363,76874719
2010-06-17,12.055240,12.071487,11.876523,12.006499,8.986204,88713985
2010-06-18,12.038993,12.071487,11.957758,12.047116,9.035560,82191162
2010-06-21,12.185215,12.225833,11.965881,12.030869,9.023367,105541262
2010-06-22,12.038993,12.095857,11.827782,11.844029,8.883240,102404305
2010-06-23,11.852153,11.909017,11.714054,11.787165,8.840586,147406957
2010-06-24,11.714054,11.819659,11.527214,11.575955,8.682176,180425454
2010-06-25,11.722177,11.917141,11.559708,11.892770,8.919794,174342222
2010-06-28,11.900894,11.933387,11.746548,11.779041,8.834496,97958795
2010-06-29,11.616572,11.632819,11.267262,11.356621,8.517673,190216582
2010-06-30,11.340374,11.470349,11.169781,11.218522,8.414096,152587990
2010-07-01,11.202275,11.291633,10.844842,11.112916,8.334891,164533121
2010-07-02,11.194151,11.210398,10.893582,10.982941,8.237408,82338882
2010-07-06,11.226645,11.283509,10.926076,11.047929,8.286147,131649787
2010-07-07,11.121040,11.559708,11.104793,11.535337,8.651712,135275082
2010-07-08,11.673436,11.689683,11.445979,11.624695,8.718729,99375306
2010-07-09,11.584078,11.811535,11.575955,11.787165,8.840586,99814035
2010-07-12,11.770918,11.827782,11.657189,11.803412,8.852774,67070912
2010-07-13,11.957758,12.160845,11.949634,12.095857,9.072113,103837681
2010-07-14,12.038993,12.047116,11.876523,12.006499,9.005095,95201847
2010-07-15,12.022746,12.047116,11.722177,11.982128,8.986814,118284082
2010-07-16,11.835906,11.860276,11.445979,11.478473,8.609066,174393677
2010-07-19,11.494720,11.543461,11.283509,11.470349,8.602974,87813508
2010-07-20,11.259139,11.608448,11.242892,11.592201,8.694364,113625609
2010-07-21,11.803412,11.803412,11.372868,11.405361,8.554226,126180578
2010-07-22,11.551584,11.787165,11.551584,11.738424,8.804032,103468874
2010-07-23,11.714054,11.860276,11.608448,11.827782,8.871053,85939803
2010-07-26,11.844029,12.014622,11.779041,11.990252,8.992906,97582109
2010-07-27,12.144598,12.201462,11.998375,12.022746,9.017277,114958905
2010-07-28,11.990252,12.063363,11.876523,11.917141,8.938071,60830850
2010-07-29,12.022746,12.079610,11.811535,11.957758,8.968538,86025234
2010-07-30,11.803412,12.030869,11.803412,11.949634,8.962443,72789892
2010-08-02,12.120227,12.258327,12.071487,12.250203,9.187879,120011913
2010-08-03,12.185215,12.217709,12.095857,12.112104,9.084295,81845251
2010-08-04,12.160845,12.201462,12.087734,12.160845,9.120854,82030516
2010-08-05,12.071487,12.136474,12.038993,12.112104,9.084295,50578959
2010-08-06,11.990252,12.055240,11.844029,12.006499,9.005095,101926554
2010-08-09,12.063363,12.103981,11.949634,12.071487,9.053836,49583449
2010-08-10,11.957758,12.063363,11.884647,11.965881,8.974628,81174971
2010-08-11,11.779041,11.787165,11.527214,11.543461,8.657805,117411918
2010-08-12,11.421608,11.535337,11.380991,11.462226,8.596875,88825636
2010-08-13,11.454102,11.567831,11.429732,11.429732,8.572506,64041298
2010-08-16,11.397238,11.445979,11.340374,11.397238,8.548134,68304497
2010-08-17,11.519090,11.600325,11.421608,11.486596,8.615153,79810039
2010-08-18,11.478473,11.616572,11.437855,11.535337,8.651712,68372325
2010-08-19,11.462226,11.510967,11.242892,11.267262,8.450652,124471211
2010-08-20,11.226645,11.259139,11.129163,11.234768,8.426277,81137426
2010-08-23,11.291633,11.307880,11.153534,11.161657,8.371446,66239371
2010-08-24,11.023558,11.080422,10.942323,10.974817,8.231312,116123431
2010-08-25,10.893582,11.047929,10.796101,11.007311,8.255686,90747843
2010-08-26,11.064175,11.137287,10.885459,10.917953,8.188663,88256545
2010-08-27,10.966694,11.161657,10.844842,11.153534,8.365355,107590139
2010-08-30,11.104793,11.129163,10.909829,10.917953,8.188663,78521797
2010-08-31,10.909829,11.056052,10.828595,11.015435,8.261772,131233463
2010-09-01,11.153534,11.454102,11.145410,11.437855,8.578600,163002496
2010-09-02,11.429732,11.551584,11.421608,11.551584,8.663898,82205072
2010-09-03,11.705930,11.795288,11.657189,11.795288,8.846678,108976122
2010-09-07,11.681560,11.689683,11.510967,11.527214,8.645619,69632992
2010-09-08,11.567831,11.722177,11.559708,11.640942,8.730916,63465559
2010-09-09,11.819659,11.884647,11.714054,11.787165,8.840586,100214233
2010-09-10,11.795288,11.844029,11.754671,11.803412,8.852774,48934712
2010-09-13,11.982128,12.087734,11.982128,12.055240,9.041651,93892679
2010-09-14,12.014622,12.038993,11.884647,11.949634,8.962443,81324661
2010-09-15,11.860276,12.006499,11.819659,11.990252,8.992906,91766372
2010-09-16,11.949634,11.965881,11.876523,11.957758,8.968538,65492647
2010-09-17,11.974005,11.998375,11.852153,11.868400,8.921517,80925078
2010-09-20,11.884647,12.128351,11.868400,12.095857,9.092503,64263001
2010-09-21,12.128351,12.160845,11.941511,11.982128,9.007008,103705472
2010-09-22,11.900894,12.014622,11.762794,11.787165,8.860452,114854147
2010-09-23,11.673436,11.770918,11.535337,11.559708,8.689475,127349658
2010-09-24,11.697807,11.868400,11.689683,11.868400,8.921517,94600257
2010-09-27,11.868400,11.868400,11.714054,11.738424,8.823812,76726384
2010-09-28,11.779041,11.795288,11.624695,11.762794,8.842133,101337767
2010-09-29,11.722177,11.779041,11.616572,11.673436,8.774963,82229692
2010-09-30,11.746548,11.884647,11.649066,11.657189,8.762748,132373000
2010-10-01,11.770918,11.819659,11.649066,11.779041,8.854348,162650799
2010-10-04,11.762794,11.852153,11.640942,11.697807,8.793283,105309096
2010-10-05,11.803412,12.014622,11.714054,11.965881,8.994790,163731125
2010-10-06,11.990252,12.022746,11.917141,11.957758,8.988686,79712666
2010-10-07,12.014622,12.055240,11.844029,11.909017,8.952049,88379153
2010-10-08,11.925264,11.965881,11.876523,11.941511,8.976476,76830034
2010-10-11,11.949634,11.965881,11.876523,11.925264,8.964260,50798200
2010-10-12,11.860276,12.079610,11.835906,12.063363,9.068071,81038084
2010-10-13,12.136474,12.185215,12.038993,12.071487,9.074180,138693077
2010-10-14,11.957758,11.982128,11.746548,11.860276,8.915411,208325454
2010-10-15,11.900894,11.957758,11.575955,11.657189,8.762748,163544136
2010-10-18,11.616572,11.933387,11.616572,11.917141,8.958154,96393824
2010-10-19,11.827782,11.998375,11.705930,11.754671,8.836027,180636325
2010-10-20,11.762794,11.933387,11.657189,11.868400,8.921517,118915708
2010-10-21,11.917141,12.006499,11.770918,11.868400,8.921517,90587936
2010-10-22,11.892770,11.933387,11.827782,11.860276,8.915411,50796353
2010-10-25,11.965881,11.982128,11.803412,11.819659,8.884878,56338931
2010-10-26,11.770918,11.860276,11.746548,11.835906,8.897091,58349523
2010-10-27,11.795288,11.884647,11.754671,11.844029,8.903198,77185177
2010-10-28,11.909017,11.941511,11.770918,11.844029,8.903198,71284256
2010-10-29,11.811535,11.852153,11.762794,11.827782,8.890985,49026545
2010-11-01,11.852153,11.933387,11.714054,11.827782,8.890985,80929756
2010-11-02,11.900894,11.909017,11.827782,11.860276,8.915411,67197828
2010-11-03,11.868400,11.982128,11.779041,11.974005,9.000896,133181275
2010-11-04,12.095857,12.396426,12.087734,12.372055,9.300114,204934664
2010-11-05,12.404549,12.737612,12.372055,12.656377,9.513841,203857416
2010-11-08,12.640130,12.648253,12.445167,12.558895,9.440563,110754301
2010-11-09,12.599513,12.607636,12.242080,12.323314,9.263475,150410720
2010-11-10,12.323314,12.469537,12.217709,12.461413,9.367286,149972115
2010-11-11,12.339561,12.396426,12.274574,12.339561,9.275691,73585118
2010-11-12,12.274574,12.315191,12.103981,12.136474,9.123028,109245218
2010-11-15,12.217709,12.347685,12.177092,12.193339,9.165773,88027456
2010-11-16,12.128351,12.144598,11.892770,11.990252,9.013112,166446464
2010-11-17,11.982128,12.014622,11.876523,11.909017,8.952049,111420026
2010-11-18,12.055240,12.152721,12.022746,12.071487,9.074180,105170116
2010-11-19,12.006499,12.071487,11.957758,12.071487,9.074180,53682925
2010-11-22,11.990252,11.998375,11.811535,11.892770,8.939837,119643844
2010-11-23,11.762794,11.803412,11.697807,11.705930,8.799389,104476201
2010-11-24,11.787165,11.892770,11.754671,11.884647,8.933730,72325066
2010-11-26,11.779041,11.844029,11.714054,11.714054,8.805494,39044858
2010-11-29,11.689683,11.860276,11.665313,11.811535,8.878769,101123080
2010-11-30,11.714054,11.835906,11.697807,11.746548,8.829918,94421024
2010-12-01,11.917141,11.990252,11.884647,11.982128,9.007008,102218916
2010-12-02,12.038993,12.307067,12.022746,12.290820,9.239050,139900073
2010-12-03,12.209586,12.355808,12.144598,12.331438,9.269581,111832288
2010-12-06,12.298944,12.355808,12.250203,12.315191,9.257370,64905337
2010-12-07,12.485784,12.485784,12.298944,12.331438,9.269581,131973540
2010-12-08,12.339561,12.534525,12.323314,12.534525,9.422246,119732230
2010-12-09,12.615760,12.713241,12.550772,12.688871,9.538268,95687230
2010-12-10,12.729488,12.810723,12.648253,12.802600,9.623757,69683833
2010-12-13,12.859464,12.883834,12.753859,12.794476,9.617652,62184704
2010-12-14,12.794476,12.843217,12.632006,12.680747,9.532159,85879730
2010-12-15,12.623883,12.729488,12.550772,12.575142,9.452774,101531526
2010-12-16,12.607636,12.680747,12.526401,12.591389,9.464990,108179541
2010-12-17,12.567019,12.623883,12.502031,12.615760,9.517696,76205917
2010-12-20,12.640130,12.672624,12.583266,12.623883,9.523825,49879628
2010-12-21,12.672624,12.851340,12.672624,12.843217,9.689295,59296901
2010-12-22,12.891958,13.013810,12.867587,12.989439,9.799608,87852408
2010-12-23,12.965069,12.973193,12.843217,12.891958,9.726068,36235347
2010-12-27,12.826970,13.005686,12.818846,13.005686,9.811869,29735790
2010-12-28,13.005686,13.046304,12.973193,13.005686,9.811869,42018708
2010-12-29,13.021933,13.030057,12.965069,12.981316,9.793478,31035357
2010-12-30,12.981316,12.981316,12.891958,12.940699,9.762840,45377614
2010-12-31,12.908205,12.973193,12.891958,12.956946,9.775098,27080400
2011-01-03,13.135662,13.273761,13.103168,13.241267,9.989594,113566767
2011-01-04,13.290008,13.306255,13.111292,13.225020,9.977339,65761128
2011-01-05,13.176279,13.403737,13.160032,13.379366,10.093784,119644460
2011-01-06,13.387490,13.411860,13.281885,13.290008,10.026367,82408064
2011-01-07,13.338749,13.354996,13.013810,13.176279,9.940564,219266212
2011-01-10,13.103168,13.184403,13.021933,13.143786,9.916054,107038774
2011-01-11,13.225020,13.290008,13.135662,13.192526,9.952824,61620659
2011-01-12,13.346872,13.419984,13.322502,13.411860,10.118296,100785048
2011-01-13,13.436231,13.452478,13.322502,13.371243,10.087655,74704466
2011-01-14,13.363119,13.614947,13.346872,13.582453,10.246999,113359713
2011-01-18,13.549959,13.566206,13.436231,13.501219,10.185712,75478150
2011-01-19,13.395613,13.444354,13.160032,13.200650,9.958956,144544020
2011-01-20,13.200650,13.314379,13.151909,13.265638,10.007981,115484911
2011-01-21,13.354996,13.436231,13.306255,13.371243,10.087655,93333928
2011-01-24,13.395613,13.419984,13.306255,13.354996,10.075399,54863208
2011-01-25,13.290008,13.371243,13.168156,13.330626,10.057009,84937892
2011-01-26,13.371243,13.403737,13.306255,13.322502,10.050882,68221281
2011-01-27,13.322502,13.444354,13.306255,13.436231,10.136684,88248544
2011-01-28,13.444354,13.541836,13.184403,13.200650,9.958956,139244565
2011-01-31,13.225020,13.346872,13.225020,13.322502,10.050882,77839208
2011-02-01,13.403737,13.639318,13.395613,13.598700,10.259254,78635911
2011-02-02,13.558083,13.598700,13.476848,13.493095,10.179585,57381711
2011-02-03,13.493095,13.525589,13.371243,13.501219,10.185712,63619065
2011-02-04,13.484972,13.501219,13.387490,13.493095,10.179585,76650431
2011-02-07,13.541836,13.720552,13.533712,13.688058,10.326669,61790537
2011-02-08,13.696182,13.809911,13.655565,13.785540,10.400211,59912524
2011-02-09,13.696182,13.761170,13.590577,13.688058,10.326669,68776339
2011-02-10,13.623071,13.712429,13.598700,13.688058,10.326669,53665322
2011-02-11,13.639318,13.915516,13.606824,13.874898,10.467626,90898394
2011-02-14,13.866775,13.907392,13.818034,13.883022,10.473753,43128085
2011-02-15,13.858652,13.931763,13.818034,13.866775,10.461498,60650508
2011-02-16,13.915516,13.956133,13.858652,13.939886,10.516656,44080140
2011-02-17,13.891145,13.956133,13.858652,13.923639,10.504399,43641043
2011-02-18,13.939886,13.972380,13.891145,13.956133,10.528913,39684855
2011-02-22,13.736799,13.809911,13.493095,13.525589,10.204100,125808569
2011-02-23,13.517465,13.623071,13.298132,13.468725,10.161199,142391001
2011-02-24,13.436231,13.493095,13.273761,13.436231,10.136684,98899648
2011-02-25,13.533712,13.655565,13.517465,13.623071,10.277643,61174545
2011-02-28,13.712429,13.761170,13.631194,13.688058,10.326669,68170072
2011-03-01,13.728676,13.728676,13.395613,13.395613,10.106038,130762113
2011-03-02,13.379366,13.436231,13.265638,13.314379,10.044753,82293212
2011-03-03,13.460601,13.614947,13.452478,13.590577,10.253128,103454963
2011-03-04,13.566206,13.566206,13.322502,13.419984,10.124426,129134485
2011-03-07,13.452478,13.517465,13.273761,13.330626,10.057009,85241580
2011-03-08,13.387490,13.647441,13.387490,13.623071,10.277643,98070200
2011-03-09,13.614947,13.688058,13.517465,13.623071,10.277643,87131903
2011-03-10,13.460601,13.468725,13.314379,13.346872,10.069271,114185344
2011-03-11,13.265638,13.476848,13.265638,13.436231,10.136684,107898504
2011-03-14,13.330626,13.371243,13.200650,13.314379,10.044753,86120391
2011-03-15,12.973193,13.225020,12.924452,13.160032,9.928311,127169809
2011-03-16,13.176279,13.192526,12.826970,12.916328,9.744453,214034093
2011-03-17,13.095045,13.111292,12.916328,13.070674,9.860896,120224753
2011-03-18,13.208773,13.322502,13.160032,13.216897,9.997303,207386693
2011-03-21,13.363119,13.371243,13.208773,13.281885,10.046465,95996704
2011-03-22,13.281885,13.290008,13.200650,13.208773,9.991160,56765349
2011-03-23,13.168156,13.216897,13.013810,13.176279,9.966579,79906795
2011-03-24,13.208773,13.249391,13.086921,13.241267,10.015742,76789780
2011-03-25,13.257514,13.322502,13.208773,13.273761,10.040318,55517238
2011-03-28,13.281885,13.322502,13.225020,13.233144,10.009596,39245265
2011-03-29,13.208773,13.265638,13.127539,13.257514,10.028029,46897284
2011-03-30,13.322502,13.411860,13.281885,13.363119,10.107907,75779991
2011-03-31,13.281885,13.346872,13.265638,13.314379,10.071042,60843037
2011-04-01,13.403737,13.484972,13.371243,13.428107,10.157068,80709407
2011-04-04,13.428107,13.484972,13.354996,13.411860,10.144775,47174874
2011-04-05,13.379366,13.444354,13.346872,13.403737,10.138634,47211312
2011-04-06,13.460601,13.574330,13.419984,13.558083,10.255382,81798227
2011-04-07,13.549959,13.606824,13.452478,13.493095,10.206224,60873442
2011-04-08,13.558083,13.582453,13.338749,13.371243,10.114056,73274290
2011-04-11,13.387490,13.468725,13.338749,13.371243,10.114056,49493463
2011-04-12,13.290008,13.403737,13.233144,13.322502,10.077187,78789416
2011-04-13,13.428107,13.428107,13.176279,13.225020,10.003450,94654914
2011-04-14,13.119415,13.143786,13.038180,13.103168,9.911278,72457522
2011-04-15,13.160032,13.200650,13.078798,13.111292,9.917425,64317165
2011-04-18,12.965069,12.981316,12.851340,12.932575,9.782245,102992477
2011-04-19,12.997563,13.005686,12.883834,12.973193,9.812969,72236188
2011-04-20,13.070674,13.078798,12.956946,13.005686,9.837547,78296032
2011-04-21,13.070674,13.103168,12.989439,13.078798,9.892851,54159938
2011-04-25,13.054427,13.111292,13.046304,13.062551,9.880558,37023310
2011-04-26,13.111292,13.168156,13.070674,13.143786,9.942004,61796200
2011-04-27,13.176279,13.257514,13.078798,13.225020,10.003450,69756092
2011-04-28,13.208773,13.354996,13.200650,13.330626,10.083329,53786206
2011-04-29,13.322502,13.322502,13.249391,13.306255,10.064898,30507750
2011-05-02,13.354996,13.371243,13.233144,13.249391,10.021886,51127862
2011-05-03,13.216897,13.338749,13.208773,13.306255,10.064898,85342891
2011-05-04,13.314379,13.322502,13.160032,13.192526,9.978872,112329858
2011-05-05,13.127539,13.160032,12.981316,13.021933,9.849834,103157800
2011-05-06,13.160032,13.216897,13.046304,13.086921,9.898993,102177678
2011-05-09,13.046304,13.086921,12.989439,13.054427,9.874412,47858203
2011-05-10,13.078798,13.200650,13.070674,13.176279,9.966579,69163243
2011-05-11,13.143786,13.160032,12.981316,12.997563,9.831400,97156183
2011-05-12,12.965069,13.013810,12.851340,12.997563,9.831400,78830655
2011-05-13,12.997563,13.021933,12.794476,12.810723,9.690075,82158787
2011-05-16,12.753859,12.940699,12.729488,12.794476,9.677785,89906208
2011-05-17,12.745735,12.900081,12.737612,12.891958,9.751526,98470152
2011-05-18,12.883834,12.956946,12.835093,12.948822,9.794534,60153554
2011-05-19,12.997563,13.005686,12.900081,12.948822,9.794534,64194311
2011-05-20,12.908205,12.965069,12.753859,12.770106,9.659354,89394728
2011-05-23,12.615760,12.680747,12.591389,12.591389,9.524169,93564986
2011-05-24,12.632006,12.648253,12.502031,12.575142,9.511879,79566054
2011-05-25,12.510154,12.656377,12.510154,12.583266,9.518026,85723147
2011-05-26,12.550772,12.696994,12.526401,12.648253,9.567182,84613647
2011-05-27,12.688871,12.794476,12.680747,12.737612,9.634774,61971741
2011-05-31,12.875711,12.908205,12.778229,12.867587,9.733088,80145486
2011-06-01,12.818846,12.826970,12.420796,12.437043,9.407420,148857321
2011-06-02,12.453290,12.534525,12.355808,12.445167,9.413569,165873188
2011-06-03,12.307067,12.502031,12.290820,12.363932,9.352116,119706995
2011-06-06,12.307067,12.331438,12.095857,12.128351,9.173924,145434772
2011-06-07,12.217709,12.258327,12.087734,12.103981,9.155490,97768974
2011-06-08,12.071487,12.144598,11.965881,11.990252,9.069466,102198851
2011-06-09,12.014622,12.177092,11.982128,12.128351,9.173924,73352336
2011-06-10,12.071487,12.152721,11.876523,12.047116,9.112481,181570161
2011-06-13,12.095857,12.201462,12.022746,12.168968,9.204649,117670798
2011-06-14,12.282697,12.339561,12.201462,12.233956,9.253807,104946689
2011-06-15,12.103981,12.152721,11.884647,11.965881,9.051031,188730642
2011-06-16,11.957758,12.112104,11.900894,12.030869,9.100188,165893253
2011-06-17,12.120227,12.144598,12.038993,12.095857,9.182211,100420179
2011-06-20,12.038993,12.160845,11.998375,12.087734,9.176043,66083650
2011-06-21,12.160845,12.282697,12.087734,12.258327,9.305538,95554282
2011-06-22,12.209586,12.339561,12.168968,12.185215,9.250039,106150238
2011-06-23,12.038993,12.095857,11.917141,12.063363,9.157541,127233698
2011-06-24,12.071487,12.095857,11.925264,11.990252,9.102037,91530513
2011-06-27,11.974005,12.152721,11.974005,12.112104,9.194541,61283489
2011-06-28,12.168968,12.168968,12.087734,12.168968,9.237706,58644594
2011-06-29,12.282697,12.437043,12.250203,12.420796,9.428875,111616001
2011-06-30,12.461413,12.518278,12.355808,12.469537,9.465877,92703779
2011-07-01,12.445167,12.721365,12.445167,12.696994,9.638540,77715000
2011-07-05,12.664500,12.672624,12.526401,12.583266,9.552210,100972036
2011-07-06,12.493907,12.526401,12.420796,12.518278,9.502876,66252174
2011-07-07,12.672624,12.753859,12.656377,12.721365,9.657041,55920391
2011-07-08,12.526401,12.558895,12.469537,12.558895,9.533710,76580879
2011-07-11,12.388302,12.396426,12.160845,12.217709,9.274707,107713485
2011-07-12,12.168968,12.339561,12.152721,12.168968,9.237706,79766707
2011-07-13,12.242080,12.355808,12.160845,12.177092,9.243876,105923365
2011-07-14,12.282697,12.290820,12.079610,12.087734,9.176043,150775588
2011-07-15,12.185215,12.185215,11.965881,12.063363,9.157541,132402790
2011-07-18,11.998375,12.014622,11.762794,11.900894,9.034211,137133277
2011-07-19,11.941511,12.079610,11.900894,12.047116,9.145208,134575505
2011-07-20,12.112104,12.242080,12.103981,12.185215,9.250039,118538406
2011-07-21,12.315191,12.518278,12.307067,12.477660,9.472042,189235844
2011-07-22,12.502031,12.510154,12.388302,12.445167,9.447379,60323309
2011-07-25,12.323314,12.396426,12.250203,12.355808,9.379539,78466525
2011-07-26,12.331438,12.404549,12.274574,12.339561,9.367208,113040637
2011-07-27,12.282697,12.282697,12.030869,12.047116,9.145208,151973351
2011-07-28,12.071487,12.193339,12.022746,12.055240,9.151373,80068056
2011-07-29,11.925264,12.144598,11.884647,12.022746,9.126708,98119563
2011-08-01,12.209586,12.209586,11.876523,11.982128,9.095875,91890703
2011-08-02,11.900894,11.941511,11.649066,11.657189,8.849205,142203889
2011-08-03,11.673436,11.730301,11.478473,11.714054,8.892375,150485442
2011-08-04,11.575955,11.608448,11.096669,11.121040,8.442204,228842654
2011-08-05,11.234768,11.299756,10.698619,10.909829,8.281872,220311208
2011-08-08,10.552396,10.796101,9.780666,9.878148,7.498697,320107763
2011-08-09,10.178716,10.641755,9.780666,10.641755,8.078370,203780725
2011-08-10,10.389927,10.398050,9.861901,9.902518,7.517197,333138883
2011-08-11,10.048741,10.658002,9.943136,10.454915,7.936535,342125552
2011-08-12,10.666125,10.820471,10.308692,10.381803,7.881032,167083138
2011-08-15,10.511779,10.722989,10.511779,10.714866,8.133871,140239829
2011-08-16,10.552396,10.682372,10.414297,10.503656,7.973537,128292974
2011-08-17,10.584890,10.706742,10.479285,10.568643,8.022869,117996766
2011-08-18,10.203087,10.211210,9.943136,10.056864,7.634370,208364107
2011-08-19,9.886271,10.203087,9.829407,9.853777,7.480201,155535619
2011-08-22,10.113729,10.121852,9.707555,9.731925,7.387696,127443091
2011-08-23,9.740049,10.048741,9.593826,10.048741,7.628201,170500517
2011-08-24,10.048741,10.341186,10.000000,10.316816,7.831703,161958977
2011-08-25,10.690496,10.828595,10.146223,10.284322,7.807033,234626754
2011-08-26,10.178716,10.463038,10.000000,10.373680,7.874869,121201429
2011-08-29,10.560520,10.820471,10.552396,10.804224,8.201704,119732353
2011-08-30,10.731113,10.820471,10.576767,10.731113,8.146201,107048376
2011-08-31,10.828595,10.950447,10.763607,10.869212,8.251035,107177384
2011-09-01,10.861089,10.901706,10.609261,10.625508,8.066038,123459575
2011-09-02,10.308692,10.365556,10.162470,10.186840,7.733032,131594516
2011-09-06,9.829407,10.032494,9.821284,10.008123,7.597371,138630665
2011-09-07,10.219334,10.503656,9.837530,10.487409,7.961202,141058813
2011-09-08,10.341186,10.463038,10.227457,10.259951,7.788532,104926993
2011-09-09,10.138099,10.203087,9.894395,9.935012,7.541866,158558709
2011-09-12,9.764419,10.064988,9.748172,10.048741,7.628201,144663304
2011-09-13,10.113729,10.227457,10.000000,10.113729,7.677531,121317389
2011-09-14,10.219334,10.357433,9.983753,10.235581,7.770036,124639242
2011-09-15,10.349310,10.503656,10.292445,10.495532,7.967371,128471592
2011-09-16,10.503656,10.593014,10.316816,10.487409,7.992131,97875333
2011-09-19,10.268075,10.292445,10.113729,10.203087,7.775458,127818546
2011-09-20,10.251828,10.341186,10.170593,10.170593,7.750699,68153453
2011-09-21,10.194963,10.219334,9.666937,9.666937,7.366876,147554800
2011-09-22,9.439480,9.512591,9.212023,9.390739,7.156393,251432981
2011-09-23,9.325751,9.528838,9.309504,9.488221,7.230680,146697901
2011-09-26,9.618197,9.926889,9.536962,9.910642,7.552596,136811863
2011-09-27,10.138099,10.235581,9.870024,9.959383,7.589740,173008556
2011-09-28,9.975630,10.032494,9.658814,9.675061,7.373065,126402158
2011-09-29,9.926889,10.008123,9.675061,9.943136,7.577359,126952784
2011-09-30,9.764419,9.837530,9.585703,9.593826,7.311161,118365943
2011-10-03,9.520715,9.699431,9.147035,9.163282,6.983057,197426303
2011-10-04,9.041430,9.561332,8.895207,9.528838,7.261636,275785977
2011-10-05,9.504468,9.723802,9.317628,9.666937,7.366876,148534060
2011-10-06,9.618197,9.983753,9.488221,9.967506,7.595929,171494180
2011-10-07,10.024370,10.024370,9.593826,9.610073,7.323540,189703501
2011-10-10,9.845654,10.105605,9.837530,10.105605,7.701170,121636587
2011-10-11,9.975630,10.178716,9.935012,10.097482,7.694981,118209237
2011-10-12,10.211210,10.528026,10.194963,10.357433,7.893081,156456284
2011-10-13,10.203087,10.227457,9.975630,10.113729,7.707358,143400298
2011-10-14,10.259951,10.316816,10.064988,10.235581,7.800223,149084564
2011-10-17,10.154346,10.178716,9.894395,9.918765,7.558786,108158491
2011-10-18,10.000000,10.519903,9.926889,10.389927,7.917840,226470024
2011-10-19,10.398050,10.568643,10.203087,10.243704,7.806412,163000772
2011-10-20,10.243704,10.438668,10.113729,10.398050,7.924034,152230261
2011-10-21,10.544273,10.682372,10.495532,10.666125,8.128325,210757910
2011-10-24,10.698619,10.926076,10.682372,10.901706,8.307851,125120194
2011-10-25,10.763607,10.771730,10.503656,10.576767,8.060229,169801678
2011-10-26,10.747360,10.828595,10.544273,10.763607,8.202610,167673895
2011-10-27,11.283509,11.510967,11.112916,11.405361,8.691672,286446930
2011-10-28,11.340374,11.454102,11.251015,11.413485,8.697865,167421540
2011-10-31,11.137287,11.210398,10.950447,10.966694,8.357382,135847497
2011-11-01,10.430544,10.722989,10.422421,10.446791,7.961180,263955821
2011-11-02,10.706742,10.787977,10.568643,10.755483,8.196421,141886414
2011-11-03,10.893582,10.982941,10.560520,10.942323,8.338803,137635648
2011-11-04,10.812348,10.828595,10.658002,10.796101,8.227378,114088957
2011-11-07,10.763607,10.861089,10.658002,10.852965,8.270710,101449664
2011-11-08,10.958570,11.088546,10.812348,11.056052,8.425479,140400105
2011-11-09,10.739236,10.763607,10.422421,10.454915,7.967368,144136559
2011-11-10,10.633631,10.641755,10.422421,10.503656,8.004515,175243190
2011-11-11,10.682372,10.804224,10.674249,10.755483,8.196421,113960564
2011-11-14,10.666125,10.682372,10.463038,10.536149,8.029273,77723247
2011-11-15,10.454915,10.666125,10.422421,10.584890,8.066422,110939567
2011-11-16,10.463038,10.560520,10.300569,10.324939,7.868320,112264861
2011-11-17,10.316816,10.357433,10.048741,10.121852,7.713552,178507556
2011-11-18,10.170593,10.211210,10.089358,10.154346,7.738315,104695565
2011-11-21,9.959383,9.983753,9.829407,9.902518,7.546401,120345391
2011-11-22,9.910642,9.951259,9.796913,9.813160,7.478307,81508942
2011-11-23,9.707555,9.707555,9.528838,9.545085,7.274015,101619666
2011-11-25,9.545085,9.723802,9.528838,9.569456,7.292588,39104069
2011-11-28,9.943136,9.951259,9.748172,9.853777,7.509262,84348120
2011-11-29,9.845654,9.918765,9.772543,9.805037,7.472117,78328776
2011-11-30,10.162470,10.454915,10.113729,10.406174,7.930224,168795212
2011-12-01,10.349310,10.389927,10.227457,10.349310,7.886889,84288047
2011-12-02,10.454915,10.682372,10.454915,10.487409,7.992131,157736524
2011-12-05,10.682372,10.828595,10.609261,10.698619,8.153086,124016480
2011-12-06,10.641755,10.771730,10.576767,10.706742,8.159278,69770618
2011-12-07,10.617384,10.869212,10.544273,10.836718,8.258329,112741751
2011-12-08,10.722989,10.722989,10.381803,10.414297,7.936414,150280849
2011-12-09,10.519903,10.698619,10.495532,10.641755,8.109755,120871398
2011-12-12,10.487409,10.495532,10.300569,10.389927,7.917840,120333328
2011-12-13,10.479285,10.519903,10.113729,10.243704,7.806412,149126787
2011-12-14,10.129976,10.324939,10.113729,10.203087,7.775458,117957251
2011-12-15,10.357433,10.373680,10.194963,10.211210,7.781648,75845726
2011-12-16,10.235581,10.333063,10.154346,10.186840,7.812799,122441784
2011-12-19,10.211210,10.227457,9.918765,9.959383,7.638353,81936099
2011-12-20,10.146223,10.381803,10.138099,10.333063,7.924947,126622630
2011-12-21,10.333063,10.414297,10.243704,10.389927,7.968557,98054074
2011-12-22,10.463038,10.633631,10.422421,10.609261,8.136779,79959605
2011-12-23,10.658002,10.698619,10.584890,10.682372,8.192853,37730396
2011-12-27,10.641755,10.731113,10.617384,10.625508,8.149240,33277869
2011-12-28,10.633631,10.633631,10.446791,10.454915,8.018401,52844368
2011-12-29,10.487409,10.625508,10.479285,10.617384,8.143007,46397867
2011-12-30,10.584890,10.617384,10.552396,10.560520,8.099398,34132060
2012-01-03,10.787977,10.942323,10.779854,10.836718,8.311223,103362023
2012-01-04,10.755483,10.844842,10.682372,10.804224,8.286304,69833891
2012-01-05,10.706742,11.007311,10.658002,10.950447,8.398447,89935260
2012-01-06,10.958570,10.958570,10.812348,10.885459,8.348608,83878617
2012-01-09,10.926076,10.991064,10.869212,10.942323,8.392217,69189586
2012-01-10,11.112916,11.177904,11.064175,11.137287,8.541745,86035082
2012-01-11,11.088546,11.275386,11.047929,11.267262,8.641428,80938989
2012-01-12,11.316003,11.372868,11.169781,11.307880,8.672584,94107119
2012-01-13,11.080422,11.234768,11.031682,11.226645,8.610280,95008949
2012-01-17,11.234768,11.348497,11.096669,11.137287,8.541745,89019642
2012-01-18,11.112916,11.324127,11.064175,11.307880,8.672584,118473902
2012-01-19,11.421608,11.454102,11.364744,11.413485,8.753574,131377244
2012-01-20,11.372868,11.502843,11.340374,11.486596,8.809649,114827311
2012-01-23,11.494720,11.608448,11.454102,11.527214,8.840800,99325943
2012-01-24,11.413485,11.527214,11.356621,11.510967,8.828343,80650073
2012-01-25,11.445979,11.567831,11.405361,11.535337,8.847032,103761975
2012-01-26,11.592201,11.649066,11.372868,11.437855,8.772265,104215475
2012-01-27,11.372868,11.519090,11.356621,11.478473,8.803419,103542364
2012-01-30,11.348497,11.397238,11.275386,11.372868,8.722423,71714490
2012-01-31,11.445979,11.462226,11.340374,11.421608,8.759807,82584343
2012-02-01,11.519090,11.681560,11.519090,11.600325,8.896874,87912357
2012-02-02,11.640942,11.705930,11.575955,11.657189,8.940489,65660186
2012-02-03,11.852153,11.974005,11.835906,11.974005,9.183466,106830735
2012-02-06,11.900894,11.925264,11.844029,11.917141,9.139856,55279655
2012-02-07,11.868400,11.949634,11.819659,11.909017,9.133629,56189611
2012-02-08,11.925264,11.998375,11.884647,11.998375,9.202158,66141999
2012-02-09,12.047116,12.071487,11.884647,11.949634,9.164774,95860801
2012-02-10,11.819659,11.852153,11.770918,11.835906,9.077551,79561623
2012-02-13,11.965881,11.982128,11.909017,11.941511,9.158550,57901562
2012-02-14,11.884647,11.892770,11.714054,11.827782,9.071324,99205059
2012-02-15,11.860276,11.917141,11.722177,11.754671,9.015251,93529534
2012-02-16,11.730301,11.941511,11.689683,11.941511,9.158550,96074380
2012-02-17,11.974005,12.030869,11.949634,12.014622,9.214620,75672648
2012-02-21,12.022746,12.079610,11.957758,12.006499,9.208390,78483021
2012-02-22,11.949634,11.990252,11.844029,11.852153,9.090014,91890457
2012-02-23,11.852153,11.957758,11.811535,11.957758,9.171008,63968915
2012-02-24,11.982128,11.998375,11.884647,11.917141,9.139856,63090473
2012-02-27,11.811535,12.038993,11.762794,12.006499,9.208390,76146583
2012-02-28,12.030869,12.071487,11.949634,12.038993,9.233310,64479411
2012-02-29,12.047116,12.152721,11.957758,11.990252,9.195927,115620690
2012-03-01,12.022746,12.160845,12.014622,12.120227,9.295611,81546487
2012-03-02,12.120227,12.152721,12.063363,12.079610,9.264462,58846847
2012-03-05,12.047116,12.047116,11.965881,12.030869,9.227080,63542127
2012-03-06,11.844029,11.876523,11.697807,11.738424,9.002786,115379168
2012-03-07,11.787165,11.900894,11.762794,11.884647,9.114936,82887662
2012-03-08,11.965881,12.022746,11.900894,11.998375,9.202158,84296787
2012-03-09,12.038993,12.160845,12.014622,12.095857,9.276924,91179308
2012-03-12,12.095857,12.103981,11.974005,12.063363,9.252002,69292990
2012-03-13,12.160845,12.542648,12.144598,12.526401,9.607131,226592263
2012-03-14,12.550772,12.591389,12.412673,12.542648,9.619588,160538280
2012-03-15,12.591389,12.786353,12.485784,12.761982,9.787811,162857361
2012-03-16,12.778229,12.802600,12.696994,12.770106,9.825310,102174477
2012-03-19,12.770106,12.973193,12.721365,12.835093,9.875308,139045389
2012-03-20,12.753859,12.932575,12.729488,12.900081,9.925312,108827047
2012-03-21,12.948822,12.956946,12.810723,12.843217,9.881561,93343529
2012-03-22,12.721365,12.761982,12.615760,12.672624,9.750305,130459287
2012-03-23,12.648253,12.794476,12.567019,12.778229,9.831558,90967946
2012-03-26,12.900081,12.981316,12.851340,12.981316,9.987813,95005010
2012-03-27,12.965069,13.005686,12.843217,12.859464,9.894061,104557816
2012-03-28,12.859464,12.924452,12.745735,12.891958,9.919064,129709978
2012-03-29,12.794476,12.826970,12.648253,12.761982,9.819062,126585577
2012-03-30,12.843217,12.851340,12.713241,12.835093,9.875308,73690122
2012-04-02,12.778229,12.989439,12.753859,12.932575,9.950315,110200843
2012-04-03,12.900081,12.924452,12.745735,12.859464,9.894061,129060871
2012-04-04,12.713241,12.745735,12.599513,12.656377,9.737804,104199472
2012-04-05,12.591389,12.705118,12.567019,12.623883,9.712806,71652078
2012-04-09,12.380179,12.493907,12.347685,12.428920,9.562798,109181083
2012-04-10,12.412673,12.469537,12.144598,12.160845,9.356543,145531651
2012-04-11,12.331438,12.404549,12.298944,12.355808,9.506546,91447666
2012-04-12,12.388302,12.599513,12.347685,12.583266,9.681555,107650211
2012-04-13,12.558895,12.558895,12.266450,12.290820,9.456545,114048334
2012-04-16,12.404549,12.461413,12.274574,12.380179,9.525296,138138881
2012-04-17,12.493907,12.591389,12.428920,12.542648,9.650302,81803766
2012-04-18,12.461413,12.567019,12.445167,12.461413,9.587802,65399829
2012-04-19,12.534525,12.534525,12.315191,12.404549,9.544051,131280980
2012-04-20,12.461413,12.461413,12.331438,12.339561,9.494047,68882944
2012-04-23,12.144598,12.258327,12.120227,12.250203,9.425294,91121944
2012-04-24,12.258327,12.388302,12.258327,12.388302,9.531548,76151999
2012-04-25,12.477660,12.526401,12.380179,12.493907,9.612801,91385378
2012-04-26,12.453290,12.632006,12.445167,12.599513,9.694055,58432862
2012-04-27,12.656377,12.664500,12.518278,12.607636,9.700303,59668663
2012-04-30,12.558895,12.583266,12.453290,12.534525,9.644051,71007527
2012-05-01,12.534525,12.761982,12.518278,12.664500,9.744054,103766530
2012-05-02,12.575142,12.599513,12.469537,12.567019,9.669054,69602094
2012-05-03,12.575142,12.583266,12.412673,12.461413,9.587802,104392985
2012-05-04,12.363932,12.404549,12.217709,12.266450,9.437794,95088718
2012-05-07,12.185215,12.380179,12.185215,12.339561,9.494047,101873252
2012-05-08,12.250203,12.315191,12.144598,12.258327,9.431543,100957018
2012-05-09,12.103981,12.209586,12.022746,12.120227,9.325292,116092656
2012-05-10,12.274574,12.298944,12.144598,12.168968,9.362795,79928091
2012-05-11,11.909017,12.144598,11.892770,12.030869,9.256540,123047067
2012-05-14,11.860276,11.917141,11.779041,11.787165,9.069036,112880977
2012-05-15,11.795288,11.868400,11.697807,11.722177,9.019033,122145975
2012-05-16,11.803412,11.860276,11.543461,11.551584,8.887777,143225373
2012-05-17,11.535337,11.551584,11.307880,11.316003,8.706524,190024423
2012-05-18,11.356621,11.356621,11.145410,11.186028,8.606517,151363760
2012-05-21,11.234768,11.364744,11.129163,11.291633,8.687772,106559053
2012-05-22,11.364744,11.567831,11.299756,11.380991,8.756525,121446767
2012-05-23,11.275386,11.445979,11.169781,11.421608,8.787776,137010300
2012-05-24,11.478473,11.494720,11.307880,11.429732,8.794024,99869922
2012-05-25,11.413485,11.486596,11.356621,11.389115,8.762775,51386864
2012-05-29,11.502843,11.559708,11.445979,11.551584,8.887777,90323886
2012-05-30,11.421608,11.437855,11.283509,11.283509,8.681520,104857811
2012-05-31,11.307880,11.478473,11.194151,11.380991,8.756525,110352133
2012-06-01,11.161657,11.177904,10.950447,10.958570,8.431513,124009217
2012-06-04,11.007311,11.007311,10.804224,10.852965,8.350263,97012771
2012-06-05,10.828595,11.056052,10.820471,11.031682,8.487767,123895103
2012-06-06,11.145410,11.364744,11.096669,11.356621,8.737776,120034933
2012-06-07,11.527214,11.567831,11.316003,11.348497,8.731523,114277300
2012-06-08,11.307880,11.486596,11.226645,11.486596,8.837776,74612757
2012-06-11,11.632819,11.640942,11.259139,11.275386,8.675273,126832761
2012-06-12,11.299756,11.454102,11.202275,11.445979,8.806528,105210246
2012-06-13,11.389115,11.559708,11.348497,11.405361,8.775274,118488551
2012-06-14,11.429732,11.600325,11.397238,11.543461,8.881531,127557943
2012-06-15,11.551584,11.657189,11.470349,11.649066,9.005877,104497005
2012-06-18,11.575955,11.681560,11.527214,11.584078,8.955635,83680426
2012-06-19,11.657189,11.835906,11.649066,11.779041,9.106362,79604585
2012-06-20,11.803412,11.884647,11.689683,11.803412,9.125204,108411585
2012-06-21,11.827782,11.884647,11.519090,11.543461,8.924236,88837454
2012-06-22,11.624695,11.689683,11.584078,11.649066,9.005877,55259836
2012-06-25,11.478473,11.486596,11.348497,11.405361,8.817470,62777553
2012-06-26,11.454102,11.527214,11.364744,11.462226,8.861432,65826371
2012-06-27,11.519090,11.640942,11.454102,11.600325,8.968198,69296314
2012-06-28,11.478473,11.600325,11.389115,11.592201,8.961914,85956791
2012-06-29,11.876523,11.900894,11.787165,11.892770,9.194282,76394260
2012-07-02,11.949634,11.982128,11.819659,11.965881,9.250807,75570598
2012-07-03,11.941511,12.063363,11.917141,12.030869,9.301049,39736188
2012-07-05,11.974005,11.974005,11.835906,11.852153,9.162883,54074506
2012-07-06,11.697807,11.795288,11.689683,11.754671,9.087521,55147815
2012-07-09,11.722177,11.779041,11.673436,11.738424,9.074961,45911499
2012-07-10,11.827782,11.860276,11.600325,11.649066,9.005877,79133604
2012-07-11,11.657189,11.787165,11.640942,11.746548,9.081240,97988216
2012-07-12,11.640942,11.697807,11.575955,11.624695,8.987036,66861519
2012-07-13,11.681560,11.965881,11.681560,11.949634,9.238248,95969252
2012-07-16,11.957758,11.974005,11.868400,11.925264,9.219405,61542737
2012-07-17,12.006499,12.006499,11.803412,11.990252,9.269647,77759685
2012-07-18,11.949634,12.006499,11.892770,11.933387,9.225688,68192230
2012-07-19,11.949634,11.982128,11.811535,11.860276,9.169167,61045906
2012-07-20,11.770918,11.779041,11.665313,11.681560,9.030997,69130498
2012-07-23,11.462226,11.616572,11.445979,11.584078,8.955635,72823006
2012-07-24,11.616572,11.616572,11.445979,11.551584,8.930515,55617072
2012-07-25,11.616572,11.657189,11.527214,11.592201,8.961914,55276209
2012-07-26,11.770918,11.803412,11.697807,11.770918,9.100082,69291513
2012-07-27,11.852153,12.063363,11.795288,11.990252,9.269647,85430785
2012-07-30,11.965881,12.038993,11.933387,11.965881,9.250807,45241343
2012-07-31,11.925264,11.965881,11.884647,11.909017,9.206850,57458525
2012-08-01,11.957758,11.998375,11.852153,11.852153,9.162883,99654866
2012-08-02,11.746548,11.844029,11.649066,11.762794,9.093800,78094271
2012-08-03,11.941511,12.103981,11.925264,12.038993,9.307329,98849054
2012-08-06,12.112104,12.177092,12.071487,12.087734,9.345016,50850271
2012-08-07,12.120227,12.233956,12.112104,12.136474,9.382692,43945346
2012-08-08,12.087734,12.185215,12.079610,12.136474,9.382692,32388964
2012-08-09,12.120227,12.193339,12.095857,12.128351,9.376413,32552810
2012-08-10,12.087734,12.160845,12.055240,12.136474,9.382692,21702038
2012-08-13,12.112104,12.160845,12.063363,12.144598,9.388973,20176829
2012-08-14,12.217709,12.233956,12.103981,12.128351,9.376413,28338974
2012-08-15,12.136474,12.209586,12.112104,12.168968,9.407813,24638834
2012-08-16,12.209586,12.282697,12.136474,12.250203,9.470616,40100933
2012-08-17,12.290820,12.298944,12.250203,12.290820,9.502016,29729389
2012-08-20,12.282697,12.331438,12.258327,12.323314,9.527139,31691726
2012-08-21,12.372055,12.493907,12.315191,12.363932,9.558538,50864181
2012-08-22,12.323314,12.396426,12.274574,12.347685,9.545979,57712973
2012-08-23,12.323314,12.339561,12.209586,12.225833,9.451777,50210028
2012-08-24,12.177092,12.331438,12.160845,12.290820,9.502016,33998620
2012-08-27,12.331438,12.339561,12.250203,12.282697,9.495736,22600791
2012-08-28,12.242080,12.339561,12.225833,12.266450,9.483176,27816907
2012-08-29,12.290820,12.323314,12.250203,12.290820,9.502016,22826310
2012-08-30,12.233956,12.266450,12.160845,12.225833,9.451777,31546837
2012-08-31,12.298944,12.347685,12.225833,12.315191,9.520860,64889457
2012-09-04,12.290820,12.347685,12.242080,12.315191,9.520860,36182168
2012-09-05,12.315191,12.355808,12.274574,12.315191,9.520860,32883211
2012-09-06,12.380179,12.615760,12.380179,12.607636,9.746947,64472271
2012-09-07,12.648253,12.761982,12.648253,12.737612,9.847431,57754827
2012-09-10,12.721365,12.761982,12.623883,12.632006,9.765788,52705757
2012-09-11,12.632006,12.745735,12.607636,12.737612,9.847431,70453823
2012-09-12,12.802600,12.851340,12.753859,12.786353,9.885110,62693107
2012-09-13,12.778229,13.160032,12.737612,13.119415,10.142606,172620053
2012-09-14,13.225020,13.354996,13.184403,13.225020,10.224248,150418352
2012-09-17,13.176279,13.225020,13.070674,13.103168,10.130040,60313214
2012-09-18,13.054427,13.086921,12.997563,13.038180,10.079800,81750341
2012-09-19,13.070674,13.119415,13.005686,13.030057,10.073520,80701652
2012-09-20,12.908205,12.965069,12.843217,12.956946,10.017000,81109728
2012-09-21,13.013810,13.013810,12.851340,12.859464,9.982946,42195603
2012-09-24,12.770106,12.924452,12.770106,12.867587,9.989249,46410423
2012-09-25,12.900081,12.940699,12.664500,12.672624,9.837898,88561833
2012-09-26,12.632006,12.656377,12.550772,12.591389,9.774835,64955438
2012-09-27,12.664500,12.770106,12.623883,12.705118,9.863121,57130095
2012-09-28,12.656377,12.737612,12.607636,12.664500,9.831594,56713893
2012-10-01,12.753859,12.875711,12.688871,12.721365,9.875738,66024193
2012-10-02,12.802600,12.802600,12.688871,12.745735,9.894654,54014310
2012-10-03,12.802600,12.908205,12.721365,12.859464,9.982946,68035400
2012-10-04,12.932575,13.070674,12.908205,13.054427,10.134298,95948941
2012-10-05,13.143786,13.184403,13.005686,13.046304,10.127990,76084786
2012-10-08,12.981316,13.062551,12.965069,13.038180,10.121684,36612525
2012-10-09,13.046304,13.095045,12.916328,12.956946,10.058619,90105261
2012-10-10,12.948822,13.005686,12.875711,12.948822,10.052314,76931837
2012-10-11,13.078798,13.103168,12.997563,13.021933,10.109071,75143933
2012-10-12,12.908205,12.989439,12.802600,12.843217,9.970333,91271141
2012-10-15,12.891958,13.005686,12.835093,12.989439,10.083846,68673674
2012-10-16,13.054427,13.127539,13.030057,13.070674,10.146907,94636818
2012-10-17,13.119415,13.249391,13.103168,13.241267,10.279343,70444591
2012-10-18,13.208773,13.314379,13.192526,13.265638,10.298262,63453495
2012-10-19,13.233144,13.233144,13.021933,13.086921,10.159520,75531821
2012-10-22,13.070674,13.119415,12.965069,13.086921,10.159520,129434726
2012-10-23,12.916328,12.924452,12.818846,12.867587,9.989249,79617756
2012-10-24,12.948822,12.973193,12.851340,12.867587,9.989249,64741983
2012-10-25,12.989439,13.013810,12.810723,12.900081,10.014472,65027206
2012-10-26,12.883834,12.908205,12.745735,12.835093,9.964025,69489581
2012-10-31,12.883834,12.924452,12.826970,12.916328,10.027085,53059793
2012-11-01,12.932575,13.078798,12.908205,13.078798,10.153217,72143001
2012-11-02,13.151909,13.160032,12.973193,12.997563,10.090155,65960673
2012-11-05,12.956946,12.997563,12.835093,12.973193,10.071234,54580447
2012-11-06,13.013810,13.160032,13.005686,13.119415,10.184749,49350790
2012-11-07,12.932575,12.948822,12.656377,12.680747,9.844207,143868817
2012-11-08,12.737612,12.843217,12.567019,12.575142,9.762223,114104714
2012-11-09,12.518278,12.729488,12.502031,12.591389,9.774835,95030861
2012-11-12,12.648253,12.648253,12.567019,12.615760,9.793755,41658271
2012-11-13,12.518278,12.696994,12.493907,12.526401,9.724381,63960298
2012-11-14,12.550772,12.591389,12.266450,12.307067,9.554113,84265766
2012-11-15,12.307067,12.428920,12.274574,12.331438,9.573032,85757861
2012-11-16,12.363932,12.428920,12.233956,12.412673,9.636098,77888940
2012-11-19,12.591389,12.664500,12.583266,12.648253,9.818979,64199481
2012-11-20,12.615760,12.753859,12.575142,12.713241,9.869429,49879012
2012-11-21,12.721365,12.737612,12.640130,12.713241,9.869429,32286422
2012-11-23,12.810723,12.875711,12.778229,12.867587,9.989249,25337304
2012-11-26,12.802600,12.826970,12.737612,12.818846,9.951407,37321089
2012-11-27,12.794476,12.843217,12.688871,12.705118,9.863121,61359564
2012-11-28,12.632006,12.770106,12.534525,12.753859,9.900960,58569995
2012-11-29,12.818846,12.867587,12.753859,12.818846,9.951407,48775790
2012-11-30,12.810723,12.859464,12.753859,12.802600,9.938799,36530910
2012-12-03,12.843217,12.883834,12.745735,12.753859,9.900960,62742593
2012-12-04,12.753859,12.786353,12.656377,12.721365,9.875738,48549409
2012-12-05,12.761982,12.940699,12.729488,12.875711,9.995556,57255164
2012-12-06,12.883834,12.924452,12.843217,12.916328,10.027085,42609219
2012-12-07,12.989439,13.021933,12.932575,13.021933,10.109071,44538688
2012-12-10,12.981316,13.030057,12.940699,12.989439,10.083846,59304164
2012-12-11,13.046304,13.111292,13.005686,13.054427,10.134298,58723378
2012-12-12,13.111292,13.225020,13.078798,13.111292,10.178442,68531370
2012-12-13,13.111292,13.135662,13.005686,13.046304,10.127990,50848055
2012-12-14,13.030057,13.054427,12.981316,12.997563,10.090155,43026404
2012-12-17,13.078798,13.273761,13.070674,13.265638,10.298262,85069486
2012-12-18,13.338749,13.476848,13.290008,13.460601,10.449614,86535115
2012-12-19,13.493095,13.509342,13.371243,13.379366,10.386552,90697864
2012-12-20,13.395613,13.566206,13.387490,13.566206,10.531597,76288517
2012-12-21,13.249391,13.379366,13.233144,13.322502,10.407217,72313987
2012-12-24,13.257514,13.330626,13.249391,13.298132,10.388181,29586100
2012-12-26,13.322502,13.346872,13.249391,13.298132,10.388181,36545928
2012-12-27,13.322502,13.346872,13.070674,13.249391,10.350102,54714996
2012-12-28,13.160032,13.249391,13.127539,13.143786,10.267606,39480386
2012-12-31,13.127539,13.330626,13.095045,13.314379,10.400868,73574162
2013-01-02,13.647441,13.712429,13.598700,13.704305,10.705471,86126792
2013-01-03,13.704305,13.728676,13.631194,13.688058,10.692780,59026942
2013-01-04,13.712429,13.874898,13.679935,13.850528,10.819696,54822954
2013-01-07,13.826158,13.834281,13.736799,13.818034,10.794315,44491664
2013-01-08,13.793664,13.801787,13.712429,13.777417,10.762587,51457154
2013-01-09,13.809911,13.883022,13.712429,13.761170,10.749896,59736737
2013-01-10,13.874898,13.948010,13.809911,13.931763,10.883156,75427432
2013-01-11,13.899269,13.907392,13.809911,13.899269,10.857774,52621188
2013-01-14,13.883022,13.899269,13.777417,13.858652,10.826042,47142130
2013-01-15,13.793664,13.931763,13.769293,13.915516,10.870467,51769213
2013-01-16,13.907392,13.948010,13.842405,13.923639,10.876809,71678176
2013-01-17,13.931763,13.964257,13.874898,13.915516,10.870467,69721255
2013-01-18,13.907392,13.948010,13.834281,13.931763,10.883156,70050794
2013-01-22,13.907392,14.061738,13.907392,14.061738,10.984692,52164733
2013-01-23,14.053615,14.069862,13.980504,14.053615,10.978346,46065374
2013-01-24,14.094232,14.207961,14.061738,14.126726,11.035458,82546675
2013-01-25,14.191714,14.199838,14.102356,14.191714,11.086223,56354565
2013-01-28,14.207961,14.216084,14.077985,14.134850,11.041804,38270928
2013-01-29,14.102356,14.207961,14.086109,14.191714,11.086223,46096888
2013-01-30,14.159220,14.183591,14.094232,14.126726,11.035458,39875044
2013-01-31,14.102356,14.142973,14.053615,14.118603,11.029114,43701239
2013-02-01,14.191714,14.346060,14.191714,14.305443,11.175068,71294104
2013-02-04,14.207961,14.240455,14.110479,14.142973,11.048150,61435148
2013-02-05,14.216084,14.329813,14.191714,14.281072,11.156026,58311731
2013-02-06,14.199838,14.313566,14.183591,14.305443,11.175068,36912889
2013-02-07,14.337937,14.354184,14.151097,14.264825,11.143335,62169070
2013-02-08,14.289196,14.313566,14.256702,14.297319,11.168719,54945808
2013-02-11,14.297319,14.386677,14.272949,14.362307,11.219487,34986990
2013-02-12,14.378554,14.492283,14.329813,14.476036,11.308332,68228421
2013-02-13,14.508530,14.516653,14.386677,14.443542,11.282948,49634536
2013-02-14,14.386677,14.500406,14.370431,14.492283,11.321023,38606376
2013-02-15,14.524777,14.532900,14.378554,14.427295,11.270255,78615969
2013-02-19,14.476036,14.573517,14.459789,14.565394,11.378138,54735061
2013-02-20,14.557271,14.565394,14.337937,14.346060,11.206796,67902699
2013-02-21,14.321690,14.321690,14.175467,14.232331,11.117954,64595863
2013-02-22,14.329813,14.411048,14.305443,14.411048,11.257565,53303285
2013-02-25,14.500406,14.500406,14.012998,14.021121,10.952962,88097007
2013-02-26,14.102356,14.134850,13.939886,14.094232,11.010074,91502446
2013-02-27,14.069862,14.346060,14.061738,14.313566,11.181415,77002374
2013-02-28,14.313566,14.411048,14.256702,14.289196,11.162376,76742387
2013-03-01,14.183591,14.370431,14.102356,14.329813,11.194103,63689232
2013-03-04,14.289196,14.459789,14.272949,14.451665,11.289294,44648986
2013-03-05,14.541024,14.662876,14.516653,14.573517,11.384480,81640166
2013-03-06,14.679123,14.727864,14.606011,14.670999,11.460629,81642628
2013-03-07,14.703493,14.792851,14.703493,14.776604,11.543126,58971794
2013-03-08,14.865963,14.882210,14.719740,14.817222,11.574854,75238474
2013-03-11,14.825345,14.955321,14.784728,14.930950,11.663697,60897570
2013-03-12,14.914703,14.930950,14.809098,14.849716,11.600238,40250869
2013-03-13,14.865963,14.906580,14.817222,14.890333,11.631967,29836732
2013-03-14,14.947197,15.012185,14.922827,14.987815,11.708122,82792382
2013-03-15,14.939074,15.004062,14.865963,14.987815,11.747599,61508885
2013-03-18,14.792851,14.906580,14.760357,14.841592,11.632984,50767302
2013-03-19,14.906580,14.922827,14.670999,14.760357,11.569315,80060793
2013-03-20,14.841592,14.890333,14.817222,14.857839,11.645719,77461167
2013-03-21,14.776604,14.833469,14.679123,14.679123,11.505642,70564736
2013-03-22,14.760357,14.792851,14.687246,14.768481,11.575686,54333878
2013-03-25,14.825345,14.865963,14.646629,14.727864,11.543847,61043567
2013-03-26,14.784728,14.833469,14.727864,14.825345,11.620252,59791763
2013-03-27,14.719740,14.768481,14.670999,14.752234,11.562945,39216336
2013-03-28,14.744110,14.800975,14.711617,14.792851,11.594785,31685325
2013-04-01,14.784728,14.841592,14.670999,14.719740,11.537476,27318475
2013-04-02,14.760357,14.825345,14.752234,14.809098,11.607517,49287270
2013-04-03,14.817222,14.817222,14.508530,14.565394,11.416502,109156340
2013-04-04,14.573517,14.703493,14.573517,14.695370,11.518373,68118247
2013-04-05,14.459789,14.670999,14.435418,14.646629,11.480172,73523198
2013-04-08,14.630382,14.800975,14.573517,14.792851,11.594785,51458508
2013-04-09,14.833469,14.930950,14.776604,14.833469,11.626617,62398898
2013-04-10,14.890333,15.052803,14.890333,15.036556,11.785800,82560708
2013-04-11,15.044679,15.150284,14.995938,15.069050,11.811269,60166233
2013-04-12,14.971568,15.044679,14.922827,15.004062,11.760328,56836255
2013-04-15,14.979691,15.052803,14.670999,14.687246,11.512008,88256176
2013-04-16,14.833469,14.930950,14.735987,14.914703,11.690290,55160987
2013-04-17,14.776604,14.792851,14.516653,14.638505,11.473804,97644397
2013-04-18,14.630382,14.638505,14.419171,14.484159,11.352827,75975843
2013-04-19,14.532900,14.695370,14.516653,14.687246,11.512008,66982034
2013-04-22,14.719740,14.727864,14.557271,14.703493,11.524743,53919154
2013-04-23,14.817222,14.979691,14.800975,14.971568,11.734859,92145028
2013-04-24,14.987815,15.085297,14.971568,15.060926,11.804904,46441322
2013-04-25,15.117790,15.239643,15.085297,15.150284,11.874942,44356254
2013-04-26,15.125914,15.158408,15.020309,15.085297,11.824003,29434318
2013-04-29,15.150284,15.174655,15.085297,15.150284,11.874942,36910920
2013-04-30,15.142161,15.199025,15.077173,15.190902,11.906775,50558770
2013-05-01,15.166531,15.182778,15.012185,15.020309,11.773069,49923082
2013-05-02,15.069050,15.174655,15.044679,15.150284,11.874942,54011356
2013-05-03,15.304630,15.385865,15.288383,15.312754,12.002287,50393078
2013-05-06,15.353371,15.491470,15.345248,15.475223,12.129631,29340516
2013-05-07,15.532088,15.605199,15.442729,15.556458,12.193306,48645304
2013-05-08,15.556458,15.702681,15.507717,15.686434,12.295180,77939657
2013-05-09,15.694557,15.694557,15.532088,15.572705,12.206038,46510750
2013-05-10,15.588952,15.637693,15.540211,15.637693,12.256974,65637289
2013-05-13,15.613323,15.718928,15.572705,15.686434,12.295180,38763821
2013-05-14,15.718928,16.051991,15.702681,15.954509,12.505301,42067209
2013-05-15,15.954509,16.141348,15.913891,16.100731,12.619910,58081658
2013-05-16,16.068237,16.157595,15.954509,15.995126,12.537137,46165208
2013-05-17,16.068237,16.214460,16.060114,16.206335,12.702686,59018818
2013-05-20,16.190088,16.320065,16.173841,16.238831,12.728153,40420254
2013-05-21,16.271324,16.360682,16.230707,16.279448,12.759992,44609840
2013-05-22,16.311941,16.531275,16.043867,16.108854,12.626281,118123067
2013-05-23,15.881397,16.092607,15.832656,16.011374,12.549873,73706248
2013-05-24,15.930138,16.035744,15.857027,16.027620,12.562605,62105304
2013-05-28,16.246954,16.336311,16.116978,16.190088,12.689951,58804501
2013-05-29,16.100731,16.271324,16.068237,16.190088,12.689951,59443390
2013-05-30,16.214460,16.441917,16.181967,16.385054,12.842767,68429074
2013-05-31,16.344435,16.409424,16.108854,16.116978,12.632646,73854091
2013-06-03,16.181967,16.198214,15.881397,16.133224,12.645382,123404549
2013-06-04,16.157595,16.246954,15.946385,15.987002,12.530772,77242788
2013-06-05,15.954509,16.019497,15.670187,15.727051,12.327014,108448023
2013-06-06,15.710804,15.954509,15.613323,15.946385,12.498933,87829880
2013-06-07,16.035744,16.246954,15.987002,16.222584,12.715419,65529331
2013-06-10,16.303818,16.320065,16.173841,16.230707,12.721787,81226304
2013-06-11,16.068237,16.133224,15.938262,15.962632,12.511666,86971873
2013-06-12,16.068237,16.076361,15.759545,15.792039,12.377955,79029954
2013-06-13,15.783916,16.108854,15.743298,16.092607,12.613544,85934756
2013-06-14,16.068237,16.108854,15.857027,15.881397,12.447996,54618855
2013-06-17,16.003248,16.108854,15.946385,16.035744,12.568973,56877616
2013-06-18,16.051991,16.181967,16.035744,16.141348,12.651746,42143039
2013-06-19,16.149471,16.165718,15.905768,15.922015,12.479830,75429279
2013-06-20,15.775792,15.832656,15.515841,15.580829,12.212402,126575852
2013-06-21,15.645816,15.653940,15.345248,15.532088,12.223273,105462601
2013-06-24,15.337124,15.418359,15.093420,15.255890,12.005915,96897057
2013-06-25,15.410236,15.613323,15.369618,15.540211,12.229664,80205190
2013-06-26,15.686434,15.751422,15.597076,15.694557,12.351130,82233016
2013-06-27,15.800162,15.922015,15.775792,15.897644,12.510955,52961682
2013-06-28,15.840780,15.873274,15.710804,15.800162,12.434240,63374219
2013-07-01,15.913891,16.246954,15.840780,15.848903,12.472599,73513720
2013-07-02,15.857027,16.027620,15.792039,15.865150,12.485384,74272877
2013-07-03,15.759545,15.857027,15.710804,15.816409,12.447027,30829533
2013-07-05,15.995126,16.100731,15.889521,16.100731,12.670782,46578332
2013-07-08,16.206335,16.279448,16.165718,16.222584,12.766672,58673522
2013-07-09,16.320065,16.368807,16.206335,16.360682,12.875354,93151001
2013-07-10,16.311941,16.344435,16.173841,16.263201,12.798638,71055905
2013-07-11,16.482534,16.482534,16.295694,16.417547,12.920103,74407918
2013-07-12,16.458164,16.539398,16.417547,16.531275,13.009601,53045513
2013-07-15,16.636881,16.645004,16.506905,16.604387,13.067141,32258971
2013-07-16,16.604387,16.653128,16.466288,16.539398,13.015994,44604916
2013-07-17,16.571894,16.661251,16.531275,16.612511,13.073538,46074484
2013-07-18,16.661251,16.839968,16.653128,16.831844,13.246143,57946248
2013-07-19,16.823721,16.839968,16.734362,16.839968,13.252535,40687012
2013-07-22,16.848091,16.953695,16.823721,16.953695,13.342033,32787439
2013-07-23,17.002438,17.002438,16.872461,16.888708,13.290895,37173861
2013-07-24,16.953695,16.953695,16.734362,16.766855,13.194998,45179670
2013-07-25,16.726238,16.791227,16.628757,16.783104,13.207786,46240669
2013-07-26,16.701868,16.766855,16.596264,16.766855,13.194998,37870484
2013-07-29,16.734362,16.734362,16.580015,16.645004,13.099107,35602736
2013-07-30,16.693745,16.742485,16.588140,16.636881,13.092714,29564312
2013-07-31,16.645004,16.799351,16.620634,16.645004,13.099107,56247221
2013-08-01,16.799351,16.929325,16.783104,16.913078,13.310071,41956665
2013-08-02,16.896832,16.921202,16.848091,16.904955,13.303682,38756558
2013-08-05,16.888708,16.929325,16.839968,16.872461,13.278109,25892854
2013-08-06,16.839968,16.856215,16.701868,16.718115,13.156643,31125712
2013-08-07,16.645004,16.653128,16.523151,16.604387,13.067141,47522016
2013-08-08,16.693745,16.742485,16.523151,16.645004,13.099107,53167013
2013-08-09,16.604387,16.685621,16.555647,16.588140,13.054356,25617110
2013-08-12,16.515028,16.571894,16.466288,16.523151,13.003212,33403185
2013-08-13,16.563768,16.653128,16.441917,16.604387,13.067141,37451082
2013-08-14,16.580015,16.661251,16.531275,16.539398,13.015994,37419446
2013-08-15,16.417547,16.417547,16.238831,16.295694,12.824209,76359915
2013-08-16,16.263201,16.376928,16.230707,16.263201,12.798638,40227972
2013-08-19,16.230707,16.246954,16.043867,16.051991,12.632424,47041926
2013-08-20,16.084484,16.246954,16.019497,16.206335,12.753885,52458696
2013-08-21,16.133224,16.271324,16.019497,16.092607,12.664389,57591843
2013-08-22,16.157595,16.303818,16.141348,16.279448,12.811422,39774718
2013-08-23,16.311941,16.328188,16.214460,16.295694,12.824209,31125096
2013-08-26,16.320065,16.360682,16.190088,16.190088,12.741101,36845430
2013-08-27,15.995126,16.051991,15.767669,15.800162,12.434240,89691891
2013-08-28,15.759545,15.930138,15.718928,15.824533,12.453419,63150423
2013-08-29,15.792039,15.970755,15.775792,15.865150,12.485384,33458334
2013-08-30,15.873274,15.905768,15.743298,15.792039,12.427849,32457777
2013-09-03,15.978879,16.068237,15.832656,15.922015,12.530133,52539203
2013-09-04,15.938262,16.116978,15.897644,16.043867,12.626030,38645768
2013-09-05,16.076361,16.181967,16.043867,16.084484,12.657995,37273449
2013-09-06,16.173841,16.181967,15.905768,16.084484,12.657995,48118067
2013-09-09,16.149471,16.271324,16.108854,16.271324,12.805034,40325837
2013-09-10,16.401300,16.490658,16.393175,16.466288,12.958460,45371583
2013-09-11,16.433794,16.490658,16.393175,16.482534,12.971249,39921576
2013-09-12,16.466288,16.490658,16.344435,16.360682,12.875354,42265400
2013-09-13,16.385054,16.433794,16.336311,16.409424,12.913710,36197555
2013-09-16,16.604387,16.661251,16.555647,16.588140,13.054356,48338416
2013-09-17,16.612511,16.669374,16.580015,16.669374,13.118283,42906382
2013-09-18,16.636881,16.913078,16.588140,16.815598,13.233360,62847843
2013-09-19,16.888708,16.904955,16.718115,16.750608,13.182211,49697070
2013-09-20,16.726238,16.734362,16.571894,16.596264,13.112256,54032652
2013-09-23,16.498781,16.515028,16.336311,16.360682,12.926129,62269273
2013-09-24,16.344435,16.401300,16.238831,16.255077,12.842694,49559198
2013-09-25,16.279448,16.393175,16.198214,16.344435,12.913292,48181217
2013-09-26,16.368807,16.450041,16.271324,16.344435,12.913292,35533800
2013-09-27,16.246954,16.328188,16.214460,16.287571,12.868367,60591420
2013-09-30,16.092607,16.255077,16.076361,16.173841,12.778513,49069260
2013-10-01,16.198214,16.320065,16.181967,16.287571,12.868367,50421391
2013-10-02,16.173841,16.295694,16.133224,16.279448,12.861947,46893960
2013-10-03,16.238831,16.263201,16.027620,16.157595,12.765677,57469112
2013-10-04,16.165718,16.295694,16.149471,16.287571,12.868367,36588767
2013-10-07,16.149471,16.206335,16.084484,16.100731,12.720747,35878480
2013-10-08,16.100731,16.125101,15.873274,15.897644,12.560295,90449818
2013-10-09,15.938262,16.019497,15.824533,15.954509,12.605224,96983596
2013-10-10,16.165718,16.417547,16.157595,16.409424,12.964641,94071174
2013-10-11,16.368807,16.515028,16.320065,16.498781,13.035234,47829520
2013-10-14,16.393175,16.604387,16.368807,16.580015,13.099421,45458737
2013-10-15,16.580015,16.628757,16.425671,16.458164,13.003146,57169733
2013-10-16,16.571894,16.823721,16.563768,16.807474,13.279129,92827371
2013-10-17,16.693745,16.978067,16.693745,16.953695,13.394653,65763713
2013-10-18,17.002438,17.026808,16.880585,16.986191,13.420328,51511564
2013-10-21,16.994314,17.026808,16.937449,16.953695,13.394653,35925381
2013-10-22,17.026808,17.091795,16.961821,16.986191,13.420328,38892953
2013-10-23,16.904955,16.929325,16.807474,16.848091,13.311217,44094297
2013-10-24,16.904955,16.904955,16.791227,16.872461,13.330474,34263777
2013-10-25,16.888708,16.945574,16.848091,16.945574,13.388233,34527334
2013-10-28,16.937449,16.945574,16.872461,16.904955,13.356150,26414798
2013-10-29,16.937449,16.969942,16.896832,16.953695,13.394653,27109328
2013-10-30,16.978067,17.002438,16.831844,16.888708,13.343309,43636119
2013-10-31,16.864338,16.880585,16.701868,16.709991,13.202108,60161063
2013-11-01,16.709991,16.774981,16.661251,16.750608,13.234198,41068991
2013-11-04,16.774981,16.791227,16.709991,16.758734,13.240622,23064878
2013-11-05,16.701868,16.734362,16.645004,16.669374,13.170021,31916014
2013-11-06,16.750608,16.791227,16.709991,16.750608,13.234198,35278244
2013-11-07,16.799351,16.823721,16.555647,16.563768,13.086583,55046504
2013-11-08,16.580015,16.945574,16.563768,16.945574,13.388233,78709894
2013-11-11,16.945574,16.986191,16.880585,16.953695,13.394653,28828050
2013-11-12,16.913078,16.929325,16.742485,16.791227,13.266293,35299294
2013-11-13,16.718115,17.002438,16.693745,16.937449,13.381818,52414257
2013-11-14,16.937449,17.091795,16.896832,17.083672,13.497348,43016187
2013-11-15,17.099918,17.181154,17.067425,17.164907,13.561525,45884171
2013-11-18,17.229895,17.278635,17.116165,17.156782,13.555106,52683107
2013-11-19,17.164907,17.270512,17.132414,17.181154,13.574360,35699492
2013-11-20,17.221771,17.270512,17.075548,17.132414,13.535856,39271362
2013-11-21,17.181154,17.400488,17.173031,17.376118,13.728398,45735589
2013-11-22,17.392365,17.465475,17.359871,17.457352,13.792579,34106702
2013-11-25,17.514215,17.554832,17.449228,17.481722,13.811838,34048598
2013-11-26,17.489845,17.554832,17.457352,17.465475,13.798995,34307478
2013-11-27,17.506092,17.538588,17.465475,17.514215,13.837502,19686029
2013-11-29,17.579205,17.579205,17.441105,17.449228,13.786159,14792804
2013-12-02,17.473598,17.571079,17.392365,17.441105,13.779743,37823829
2013-12-03,17.351748,17.392365,17.173031,17.262388,13.638544,34143508
2013-12-04,17.189278,17.384239,17.156782,17.303005,13.670634,53872745
2013-12-05,17.229895,17.270512,17.124289,17.140535,13.542269,45227309
2013-12-06,17.343622,17.424858,17.262388,17.376118,13.728398,37371314
2013-12-09,17.432981,17.489845,17.416735,17.449228,13.786159,27234152
2013-12-10,17.408611,17.489845,17.384239,17.384239,13.734815,37960839
2013-12-11,17.392365,17.400488,17.116165,17.148661,13.548693,79264090
2013-12-12,17.140535,17.229895,17.108042,17.148661,13.548693,48718056
2013-12-13,17.205524,17.246141,17.124289,17.164907,13.561525,89187304
2013-12-16,17.238018,17.311129,17.238018,17.270512,13.644960,84071637
2013-12-17,17.270512,17.270512,17.140535,17.156782,13.555106,33255096
2013-12-18,17.213648,17.571079,17.059301,17.554832,13.869593,122031246
2013-12-19,17.530462,17.579205,17.473598,17.530462,13.850343,56205614
2013-12-20,17.481722,17.603575,17.473598,17.554832,13.934813,81181865
2013-12-23,17.636068,17.676685,17.611698,17.636068,13.999303,36429968
2013-12-24,17.668562,17.676685,17.619822,17.668562,14.025095,9107923
2013-12-26,17.725426,17.725426,17.668562,17.709181,14.057333,18352240
2013-12-27,17.717302,17.725426,17.668562,17.701056,14.050885,14700479
2013-12-30,17.701056,17.733549,17.644192,17.668562,14.025095,19989840
2013-12-31,17.701056,17.766045,17.692932,17.757919,14.096020,22770053
2014-01-02,17.725426,17.741673,17.611698,17.660439,14.018641,43679450
2014-01-03,17.684809,17.839155,17.676685,17.782291,14.115365,30349074
2014-01-06,17.871649,17.920389,17.766045,17.798538,14.128263,42798546
2014-01-07,17.896019,17.896019,17.749798,17.806662,14.134720,58506229
2014-01-08,17.839155,17.887896,17.790415,17.863525,14.179852,44270453
2014-01-09,17.920389,17.952885,17.814785,17.928513,14.231439,35872817
2014-01-10,17.920389,17.944759,17.814785,17.896019,14.205644,44795967
2014-01-13,17.871649,17.904142,17.595451,17.627945,13.992847,52459804
2014-01-14,17.725426,17.798538,17.636068,17.774166,14.108917,38581263
2014-01-15,17.855402,18.001625,17.847279,17.985378,14.276578,75928326
2014-01-16,17.936638,17.944759,17.831032,17.871649,14.186298,57911287
2014-01-17,17.896019,17.928513,17.774166,17.814785,14.141162,70660016
2014-01-21,17.912266,17.928513,17.725426,17.831032,14.154058,51099056
2014-01-22,17.863525,17.879772,17.790415,17.839155,14.160507,22301904
2014-01-23,17.757919,17.766045,17.465475,17.546709,13.928362,64648058
2014-01-24,17.457352,17.457352,17.148661,17.148661,13.612400,86803719
2014-01-27,17.173031,17.254265,16.945574,17.043055,13.528573,79350014
2014-01-28,17.132414,17.286758,17.116165,17.270512,13.709127,43538500
2014-01-29,17.083672,17.238018,17.026808,17.067425,13.547914,79334380
2014-01-30,17.221771,17.343622,17.164907,17.311129,13.741363,56607904
2014-01-31,17.051178,17.270512,17.018684,17.108042,13.580154,65974214
2014-02-03,17.091795,17.132414,16.653128,16.677498,13.238397,129496030
2014-02-04,16.758734,16.929325,16.701868,16.839968,13.367363,67895066
2014-02-05,16.815598,16.880585,16.701868,16.823721,13.354466,58062823
2014-02-06,16.856215,17.091795,16.848091,17.083672,13.560813,49232368
2014-02-07,17.156782,17.311129,17.099918,17.294882,13.728472,63056129
2014-02-10,17.303005,17.327375,17.213648,17.311129,13.741363,53244320
2014-02-11,17.367994,17.538588,17.286758,17.489845,13.883227,46243500
2014-02-12,17.514215,17.571079,17.424858,17.489845,13.883227,47764154
2014-02-13,17.335501,17.562958,17.335501,17.554832,13.934813,39783458
2014-02-14,17.530462,17.595451,17.497969,17.579205,13.954163,37421046
2014-02-18,17.595451,17.644192,17.530462,17.611698,13.979955,26168844
2014-02-19,17.554832,17.660439,17.359871,17.367994,13.786502,78908823
2014-02-20,17.384239,17.457352,17.286758,17.416735,13.825191,39164019
2014-02-21,17.449228,17.514215,17.384239,17.449228,13.850987,53100785
2014-02-24,17.457352,17.668562,17.449228,17.579205,13.954163,51914224
2014-02-25,17.571079,17.579205,17.432981,17.473598,13.870334,49380703
2014-02-26,17.514215,17.530462,17.359871,17.449228,13.850987,52231699
2014-02-27,17.424858,17.546709,17.367994,17.538588,13.921922,47711837
2014-02-28,17.546709,17.725426,17.514215,17.627945,13.992847,69264062
2014-03-03,17.465475,17.514215,17.376118,17.489845,13.883227,61089483
2014-03-04,17.692932,17.847279,17.660439,17.847279,14.166957,61500268
2014-03-05,17.855402,18.034119,17.814785,18.034119,14.315266,58700112
2014-03-06,18.034119,18.131599,18.025995,18.090982,14.360398,53457898
2014-03-07,18.204712,18.269699,18.099106,18.172218,14.424890,81544764
2014-03-10,18.131599,18.277822,18.066612,18.180342,14.431336,29071542
2014-03-11,18.204712,18.220959,18.017872,18.058489,14.334606,55578050
2014-03-12,17.944759,18.034119,17.896019,18.025995,14.308818,39319248
2014-03-13,18.082859,18.107229,17.782291,17.822908,14.147610,70116160
2014-03-14,17.757919,17.904142,17.692932,17.709181,14.057333,54433958
2014-03-17,17.855402,17.961006,17.839155,17.896019,14.205644,46338656
2014-03-18,17.944759,18.001625,17.912266,17.985378,14.276578,44158186
2014-03-19,18.001625,18.107229,17.847279,17.977255,14.270131,69971394
2014-03-20,17.944759,18.302193,17.944759,18.261576,14.495817,112214267
2014-03-21,18.318439,18.399675,18.172218,18.196589,14.497758,82702027
2014-03-24,18.253452,18.302193,18.082859,18.188465,14.491290,68496287
2014-03-25,18.245329,18.277822,18.082859,18.172218,14.478341,42096507
2014-03-26,18.277822,18.285946,17.985378,17.985378,14.329488,62505872
2014-03-27,17.944759,18.025995,17.790415,17.887896,14.251814,81009033
2014-03-28,17.936638,18.074736,17.896019,17.961006,14.310071,48922771
2014-03-31,18.090982,18.204712,18.074736,18.147846,14.458925,41048557
2014-04-01,18.196589,18.237206,18.131599,18.180342,14.484818,51651775
2014-04-02,18.196589,18.261576,18.164095,18.220959,14.517178,44565278
2014-04-03,18.237206,18.261576,18.131599,18.188465,14.491290,46626833
2014-04-04,18.285946,18.326565,17.993502,18.009748,14.348902,60202301
2014-04-07,17.993502,18.001625,17.717302,17.733549,14.128843,72897112
2014-04-08,17.749798,17.798538,17.611698,17.757919,14.148256,56290676
2014-04-09,17.814785,17.928513,17.725426,17.912266,14.271233,44907126
2014-04-10,17.928513,17.928513,17.489845,17.497969,13.941143,94458692
2014-04-11,17.294882,17.497969,17.213648,17.286758,13.772870,98050873
2014-04-14,17.489845,17.514215,17.246141,17.424858,13.882898,69247689
2014-04-15,17.465475,17.619822,17.335501,17.587326,14.012346,103855038
2014-04-16,17.668562,17.733549,17.562958,17.725426,14.122374,49363100
2014-04-17,17.749798,17.798538,17.668562,17.757919,14.148256,58956037
2014-04-21,17.766045,17.782291,17.701056,17.741673,14.135315,37683618
2014-04-22,17.766045,17.912266,17.701056,17.863525,14.232400,33032777
2014-04-23,17.847279,17.920389,17.822908,17.904142,14.264762,32197667
2014-04-24,17.985378,17.985378,17.822908,17.896019,14.258286,36918798
2014-04-25,17.855402,17.871649,17.717302,17.749798,14.141795,35205738
2014-04-28,17.749798,17.798538,17.473598,17.644192,14.057652,54068967
2014-04-29,17.684809,17.822908,17.668562,17.814785,14.193567,34182162
2014-04-30,17.766045,17.879772,17.749798,17.839155,14.212985,46774307
2014-05-01,17.839155,17.896019,17.782291,17.871649,14.238871,33615533
2014-05-02,17.879772,18.025995,17.822908,17.863525,14.232400,34600209
2014-05-05,17.701056,17.806662,17.636068,17.790415,14.174152,23206197
2014-05-06,17.741673,17.741673,17.538588,17.538588,13.973512,73906286
2014-05-07,17.627945,17.790415,17.579205,17.774166,14.161201,50411420
2014-05-08,17.749798,17.920389,17.749798,17.822908,14.200040,35858291
2014-05-09,17.814785,17.839155,17.701056,17.814785,14.193567,29373014
2014-05-12,17.904142,18.001625,17.863525,17.993502,14.335952,25643084
2014-05-13,18.001625,18.050365,17.952885,17.977255,14.323011,28989311
2014-05-14,17.961006,17.977255,17.814785,17.847279,14.219456,31432723
2014-05-15,17.766045,17.790415,17.514215,17.644192,14.057652,49008449
2014-05-16,17.652315,17.668562,17.530462,17.668562,14.077066,41206002
2014-05-19,17.619822,17.774166,17.611698,17.757919,14.148256,24674780
2014-05-20,17.725426,17.766045,17.587326,17.652315,14.064118,24000561
2014-05-21,17.717302,17.839155,17.709181,17.766045,14.154730,39055814
2014-05-22,17.790415,17.879772,17.741673,17.847279,14.219456,22555244
2014-05-23,17.871649,17.912266,17.831032,17.904142,14.264762,20383390
2014-05-27,17.944759,18.131599,17.944759,18.058489,14.387732,28444963
2014-05-28,18.017872,18.074736,17.985378,18.025995,14.361844,40448075
2014-05-29,18.066612,18.082859,17.985378,18.066612,14.394203,18361350
2014-05-30,18.025995,18.123478,18.017872,18.107229,14.426564,33521607
2014-06-02,18.123478,18.172218,18.034119,18.155972,14.465402,24982776
2014-06-03,18.107229,18.180342,18.074736,18.180342,14.484818,19306758
2014-06-04,18.123478,18.245329,18.123478,18.229082,14.523653,24081684
2014-06-05,18.261576,18.407799,18.180342,18.399675,14.659565,38203470
2014-06-06,18.448416,18.545898,18.415922,18.521526,14.756647,36753598
2014-06-09,18.529652,18.627132,18.513405,18.602762,14.821371,39739634
2014-06-10,18.554022,18.594639,18.521526,18.594639,14.814900,26550947
2014-06-11,18.521526,18.529652,18.415922,18.472786,14.717814,25320439
2014-06-12,18.464663,18.472786,18.326565,18.359058,14.627205,36993766
2014-06-13,18.407799,18.448416,18.310316,18.367182,14.633677,34428485
2014-06-16,18.334686,18.334686,18.229082,18.277822,14.562484,41736316
2014-06-17,18.253452,18.480909,18.245329,18.464663,14.711342,30098442
2014-06-18,18.456539,18.602762,18.383429,18.570269,14.795485,38125793
2014-06-19,18.578392,18.594639,18.480909,18.545898,14.776066,28443117
2014-06-20,18.554022,18.570269,18.489033,18.545898,14.834548,30669011
2014-06-23,18.545898,18.602762,18.480909,18.586515,14.867028,23893956
2014-06-24,18.545898,18.627132,18.440292,18.464663,14.769568,27761266
2014-06-25,18.375305,18.505280,18.359058,18.480909,14.782563,31616881
2014-06-26,18.456539,18.480909,18.277822,18.415922,14.730579,32902784
2014-06-27,18.359058,18.489033,18.359058,18.489033,14.789059,22087464
2014-06-30,18.448416,18.505280,18.424046,18.472786,14.776064,45984497
2014-07-01,18.513405,18.667749,18.513405,18.586515,14.867028,34924332
2014-07-02,18.578392,18.643379,18.562145,18.570269,14.854039,21714471
2014-07-03,18.700245,18.740862,18.659626,18.716492,14.971003,27225904
2014-07-07,18.692120,18.692120,18.578392,18.635256,14.906024,30418995
2014-07-08,18.602762,18.619009,18.432169,18.472786,14.776064,42234379
2014-07-09,18.497156,18.537773,18.456539,18.521526,14.815050,23890756
2014-07-10,18.318439,18.456539,18.245329,18.399675,14.717589,31814580
2014-07-11,18.375305,18.448416,18.285946,18.432169,14.743581,26102370
2014-07-14,18.610886,18.619009,18.521526,18.545898,14.834548,26266093
2014-07-15,18.643379,18.716492,18.578392,18.675873,14.938503,36321394
2014-07-16,18.692120,18.716492,18.586515,18.643379,14.912517,32831509
2014-07-17,18.554022,18.635256,18.383429,18.399675,14.717589,42034342
2014-07-18,18.456539,18.627132,18.456539,18.610886,14.886534,25827980
2014-07-21,18.513405,18.586515,18.480909,18.562145,14.847540,18265332
2014-07-22,18.610886,18.651503,18.578392,18.619009,14.893025,15999553
2014-07-23,18.627132,18.692120,18.594639,18.659626,14.925521,17625827
2014-07-24,18.708366,18.732738,18.667749,18.700245,14.958004,25123971
2014-07-25,18.627132,18.683996,18.578392,18.594639,14.873533,44700318
2014-07-28,18.578392,18.651503,18.480909,18.602762,14.880031,51911024
2014-07-29,18.627132,18.675873,18.497156,18.505280,14.802058,34997453
2014-07-30,18.578392,18.659626,18.472786,18.586515,14.867028,49021005
2014-07-31,18.456539,18.505280,18.196589,18.204712,14.561634,61818850
2014-08-01,18.155972,18.229082,17.969131,18.050365,14.438180,61016238
2014-08-04,18.115353,18.220959,18.034119,18.196589,14.555143,32232135
2014-08-05,18.107229,18.164095,17.936638,18.009748,14.405692,49123055
2014-08-06,17.952885,18.180342,17.952885,18.082859,14.464170,45635509
2014-08-07,18.164095,18.204712,17.952885,18.001625,14.399194,49004387
2014-08-08,17.993502,18.188465,17.952885,18.180342,14.542141,62985100
2014-08-11,18.212835,18.277822,18.180342,18.196589,14.555143,28040580
2014-08-12,18.139725,18.285946,18.139725,18.237206,14.587626,27079046
2014-08-13,18.277822,18.359058,18.261576,18.318439,14.652608,27864301
2014-08-14,18.342812,18.432169,18.334686,18.432169,14.743581,26959269
2014-08-15,18.513405,18.513405,18.237206,18.342812,14.672098,48988876
2014-08-18,18.432169,18.562145,18.424046,18.545898,14.834548,30915826
2014-08-19,18.586515,18.627132,18.562145,18.578392,14.860535,24872847
2014-08-20,18.545898,18.692120,18.521526,18.627132,14.899517,32671479
2014-08-21,18.667749,18.878960,18.635256,18.846466,15.074962,46030414
2014-08-22,18.846466,18.895206,18.757109,18.781479,15.022983,30347351
2014-08-25,18.870836,19.000813,18.870836,18.943949,15.152933,33893123
2014-08-26,18.927702,19.041430,18.919579,18.984566,15.185431,17016729
2014-08-27,19.033306,19.033306,18.911453,18.943949,15.152933,21784145
2014-08-28,18.854589,18.911453,18.813972,18.887083,15.107461,25850015
2014-08-29,18.943949,19.000813,18.895206,18.976442,15.178935,28003280
2014-09-02,19.033306,19.065800,18.943949,19.049553,15.237409,36352415
2014-09-03,19.122665,19.138910,18.976442,19.017059,15.211416,24151728
2014-09-04,19.033306,19.155157,18.968319,19.033306,15.224419,31148855
2014-09-05,19.008936,19.065800,18.895206,19.057676,15.243914,30005256
2014-09-08,19.041430,19.138910,19.000813,19.065800,15.250406,26755908
2014-09-09,19.025183,19.025183,18.838343,18.870836,15.094460,38428619
2014-09-10,18.878960,18.992689,18.878960,18.968319,15.172429,38567107
2014-09-11,18.903332,19.033306,18.887083,19.017059,15.211416,36650440
2014-09-12,19.017059,19.090172,18.927702,19.000813,15.198430,42971009
2014-09-15,19.000813,19.041430,18.935825,18.992689,15.191932,25694294
2014-09-16,18.943949,19.114540,18.935825,19.073923,15.256900,39350392
2014-09-17,19.114540,19.260763,19.049553,19.155157,15.321879,54889305
2014-09-18,19.252640,19.390739,19.228270,19.341997,15.471339,63655749
2014-09-19,19.366369,19.398863,19.163282,19.212023,15.430882,62190612
2014-09-22,19.171406,19.220146,19.057676,19.082047,15.326487,39775087
2014-09-23,19.041430,19.138910,18.943949,18.952070,15.222089,39927485
2014-09-24,18.992689,19.065800,18.911453,19.057676,15.306911,44279193
2014-09-25,18.992689,19.025183,18.740862,18.740862,15.052448,66656804
2014-09-26,18.797726,18.968319,18.765232,18.919579,15.195992,49182020
2014-09-29,18.732738,18.895206,18.724613,18.854589,15.143795,47184969
2014-09-30,18.895206,18.935825,18.781479,18.822096,15.117698,40730589
2014-10-01,18.781479,18.822096,18.562145,18.594639,14.935007,63257889
2014-10-02,18.602762,18.716492,18.472786,18.643379,14.974150,69509769
2014-10-03,18.813972,18.943949,18.748985,18.911453,15.189467,62092379
2014-10-06,19.041430,19.041430,18.830219,18.854589,15.143795,40801003
2014-10-07,18.805849,18.805849,18.529652,18.537773,14.889332,63099706
2014-10-08,18.545898,18.887083,18.489033,18.887083,15.169897,72327897
2014-10-09,18.870836,18.870836,18.472786,18.489033,14.850182,110277904
2014-10-10,18.448416,18.659626,18.334686,18.342812,14.732738,76225243
2014-10-13,18.350933,18.464663,18.164095,18.180342,14.602243,70603882
2014-10-14,18.229082,18.399675,18.172218,18.253452,14.660965,78074944
2014-10-15,17.993502,18.082859,17.506092,17.904142,14.380404,134405258
2014-10-16,17.595451,18.042242,17.579205,17.904142,14.380404,101397347
2014-10-17,18.139725,18.220959,18.009748,18.131599,14.563101,65796704
2014-10-20,18.090982,18.253452,18.090982,18.237206,14.647917,60934746
2014-10-21,18.399675,18.602762,18.350933,18.578392,14.921953,62988547
2014-10-22,18.610886,18.627132,18.407799,18.407799,14.784932,56880817
2014-10-23,18.619009,18.708366,18.554022,18.586515,14.928475,99572513
2014-10-24,18.619009,18.773355,18.586515,18.765232,15.072021,32770205
2014-10-27,18.700245,18.797726,18.667749,18.789602,15.091596,27325984
2014-10-28,18.838343,19.000813,18.838343,18.992689,15.254717,44604546
2014-10-29,19.025183,19.073923,18.895206,19.041430,15.293862,55631844
2014-10-30,19.025183,19.236393,18.968319,19.147036,15.378681,41918628
2014-10-31,19.366369,19.390739,19.285133,19.366369,15.554849,46879927
2014-11-03,19.415110,19.488220,19.358246,19.439480,15.613575,60885014
2014-11-04,19.366369,19.455727,19.293259,19.447603,15.620093,36701526
2014-11-05,19.618196,19.618196,19.463852,19.577579,15.724491,30312760
2014-11-06,19.545086,19.618196,19.488220,19.610073,15.750591,33192561
2014-11-07,19.618196,19.666937,19.520716,19.618196,15.757113,35459694
2014-11-10,19.618196,19.723803,19.593826,19.723803,15.841941,37733474
2014-11-11,19.731924,19.748173,19.658813,19.658813,15.789746,47698542
2014-11-12,19.593826,19.642567,19.545086,19.618196,15.757113,23048629
2014-11-13,19.634443,19.675060,19.528837,19.610073,15.750591,36133543
2014-11-14,19.601950,19.642567,19.520716,19.545086,15.698393,14073777
2014-11-17,19.488220,19.569456,19.471973,19.545086,15.698393,19907978
2014-11-18,19.536963,19.675060,19.528837,19.610073,15.750591,15630130
2014-11-19,19.577579,19.601950,19.488220,19.569456,15.717974,27164231
2014-11-20,19.471973,19.593826,19.439480,19.569456,15.717974,19798912
2014-11-21,19.788790,19.788790,19.642567,19.666937,15.796264,25110061
2014-11-24,19.731924,19.845654,19.723803,19.796913,15.900659,23038411
2014-11-25,19.837530,19.837530,19.715677,19.780666,15.887609,28864242
2014-11-26,19.780666,19.813160,19.756296,19.805037,15.907178,10769280
2014-11-28,19.821283,19.910643,19.796913,19.821283,15.920227,9621496
2014-12-01,19.715677,19.772543,19.634443,19.683184,15.809320,33654309
2014-12-02,19.666937,19.886271,19.666937,19.870024,15.959379,26767603
2014-12-03,19.886271,19.975630,19.845654,19.959383,16.031145,17814417
2014-12-04,19.935013,20.008123,19.853777,19.983753,16.050720,20925400
2014-12-05,20.089357,20.235580,20.064987,20.162470,16.194269,37209929
2014-12-08,20.138100,20.365557,20.129976,20.259951,16.272566,52915889
2014-12-09,20.000000,20.211210,19.943136,20.211210,16.233414,55516992
2014-12-10,20.154346,20.219334,19.918764,19.951260,16.024630,63708559
2014-12-11,20.008123,20.178717,19.967506,20.000000,16.063782,71819494
2014-12-12,19.845654,19.967506,19.585703,19.610073,15.750591,48320689
2014-12-15,19.723803,19.756296,19.333876,19.431356,15.607046,45935750
2014-12-16,19.325750,19.634443,19.236393,19.244516,15.456975,45497391
2014-12-17,19.333876,19.691307,19.293259,19.683184,15.809320,53873361
2014-12-18,19.983753,20.154346,19.878147,20.138100,16.174692,46183796
2014-12-19,20.097483,20.154346,19.983753,20.048740,16.185192,49107421
2014-12-22,20.105604,20.186840,20.056864,20.186840,16.296675,19475282
2014-12-23,20.259951,20.373680,20.219334,20.300570,16.388487,22928360
2014-12-24,20.365557,20.365557,20.259951,20.268076,16.362257,9773278
2014-12-26,20.333063,20.341187,20.259951,20.268076,16.362257,18149002
2014-12-29,20.251827,20.422421,20.211210,20.341187,16.421274,22126486
2014-12-30,20.308693,20.365557,20.251827,20.316816,16.401604,20298451
2014-12-31,20.389927,20.406174,20.064987,20.089357,16.217978,29869969
2015-01-02,20.194963,20.227457,19.935013,20.089357,16.217978,40511471
2015-01-05,19.959383,20.000000,19.618196,19.666937,15.876961,50770502
2015-01-06,19.666937,19.731924,19.277012,19.366369,15.634315,57454463
2015-01-07,19.528837,19.618196,19.415110,19.569456,15.798267,36287049
2015-01-08,19.796913,19.910643,19.756296,19.861900,16.034357,37995923
2015-01-09,19.902517,19.910643,19.585703,19.593826,15.817940,36300590
2015-01-12,19.593826,19.642567,19.374493,19.431356,15.686779,38356360
2015-01-13,19.561333,19.691307,19.228270,19.366369,15.634315,45785445
2015-01-14,19.057676,19.163282,18.838343,19.090172,15.411348,71356023
2015-01-15,19.025183,19.122665,18.822096,18.854589,15.221162,58038203
2015-01-16,18.805849,19.090172,18.732738,19.082047,15.404786,89499855
2015-01-20,19.138910,19.212023,18.935825,19.000813,15.339203,39330942
2015-01-21,18.992689,19.147036,18.870836,19.049553,15.378550,49251571
2015-01-22,19.163282,19.545086,19.033306,19.520716,15.758912,97345387
2015-01-23,19.504469,19.545086,19.309504,19.309504,15.588406,34069402
2015-01-26,19.277012,19.415110,19.228270,19.406986,15.667101,27588310
2015-01-27,19.138910,19.325750,19.122665,19.195776,15.496600,35186781
2015-01-28,19.293259,19.293259,18.813972,18.846466,15.214600,85405918
2015-01-29,18.822096,19.041430,18.748985,19.000813,15.339203,50409450
2015-01-30,18.781479,19.000813,18.683996,18.692120,15.089997,64531113
2015-02-02,18.740862,19.017059,18.594639,18.992689,15.332646,62984977
2015-02-03,19.065800,19.325750,19.065800,19.309504,15.588406,66155787
2015-02-04,19.268887,19.423233,19.228270,19.260763,15.549063,37523958
2015-02-05,19.317629,19.488220,19.301380,19.455727,15.706444,30264135
2015-02-06,19.634443,19.805037,19.561333,19.610073,15.831051,83237512
2015-02-09,19.520716,19.610073,19.463852,19.512590,15.752359,37354080
2015-02-10,19.658813,19.707556,19.520716,19.666937,15.876961,39742220
2015-02-11,19.642567,19.723803,19.536963,19.666937,15.876961,36080733
2015-02-12,19.699430,19.886271,19.658813,19.861900,16.034357,40635310
2015-02-13,19.870024,19.926889,19.772543,19.845654,16.021233,23270085
2015-02-17,19.813160,19.959383,19.796913,19.910643,16.073704,17869196
2015-02-18,19.886271,19.886271,19.740049,19.788790,15.975335,36387868
2015-02-19,19.740049,19.788790,19.658813,19.707556,15.909755,21550255
2015-02-20,19.675060,19.886271,19.553209,19.853777,16.027796,40206183
2015-02-23,19.829407,19.829407,19.699430,19.805037,15.988444,23616735
2015-02-24,19.853777,19.967506,19.813160,19.902517,16.067146,33958612
2015-02-25,19.886271,19.983753,19.878147,19.902517,16.067146,32659415
2015-02-26,19.926889,19.935013,19.788790,19.853777,16.027796,33480738
2015-02-27,19.829407,19.870024,19.764420,19.780666,15.968773,28937856
2015-03-02,19.788790,19.943136,19.748173,19.926889,16.086811,27137641
2015-03-03,19.870024,19.926889,19.772543,19.870024,16.040907,31729394
2015-03-04,19.788790,19.813160,19.675060,19.748173,15.942539,47685247
2015-03-05,19.780666,19.870024,19.715677,19.829407,16.008118,25112031
2015-03-06,19.902517,20.032494,19.650690,19.683184,15.890079,74347599
2015-03-09,19.699430,19.813160,19.691307,19.772543,15.962220,26666907
2015-03-10,19.601950,19.610073,19.350122,19.350122,15.621204,49650662
2015-03-11,19.406986,19.545086,19.382616,19.471973,15.719569,36531648
2015-03-12,19.634443,19.910643,19.610073,19.894396,16.060589,50418806
2015-03-13,19.845654,19.886271,19.642567,19.756296,15.949101,40917578
2015-03-16,19.837530,20.016247,19.837530,20.000000,16.145842,39676730
2015-03-17,19.935013,20.000000,19.813160,19.951260,16.106493,22247248
2015-03-18,19.902517,20.129976,19.829407,20.064987,16.198301,58915168
2015-03-19,20.064987,20.064987,19.788790,19.878147,16.047468,42486734
2015-03-20,19.902517,20.089357,19.837530,20.073111,16.265354,47450742
2015-03-23,20.032494,20.129976,19.959383,19.959383,16.173191,26417014
2015-03-24,19.943136,19.943136,19.788790,19.796913,16.041552,22615686
2015-03-25,19.821283,19.870024,19.480097,19.480097,15.784831,40570806
2015-03-26,19.398863,19.553209,19.317629,19.463852,15.771666,40238682
2015-03-27,19.463852,19.488220,19.366369,19.439480,15.751918,30154207
2015-03-30,19.585703,19.772543,19.577579,19.723803,15.982304,43422048
2015-03-31,19.626320,19.683184,19.545086,19.585703,15.870402,26132160
2015-04-01,19.536963,19.642567,19.431356,19.569456,15.857238,32823015
2015-04-02,19.520716,19.699430,19.520716,19.666937,15.936228,26472163
2015-04-06,19.504469,19.748173,19.463852,19.699430,15.962555,19432443
2015-04-07,19.740049,19.756296,19.593826,19.593826,15.876981,22346466
2015-04-08,19.610073,19.748173,19.610073,19.666937,15.936228,22778055
2015-04-09,19.634443,19.715677,19.561333,19.699430,15.962555,25595691
2015-04-10,19.707556,19.740049,19.658813,19.691307,15.955972,18165005
2015-04-13,19.658813,19.829407,19.642567,19.764420,16.015221,38112499
2015-04-14,19.748173,19.813160,19.650690,19.764420,16.015221,32499016
2015-04-15,19.805037,19.918764,19.756296,19.837530,16.074455,45762179
2015-04-16,19.829407,19.935013,19.723803,19.870024,16.100788,27839065
2015-04-17,19.772543,19.772543,19.528837,19.601950,15.883574,49064829
2015-04-20,19.675060,19.756296,19.666937,19.683184,15.949394,19100196
2015-04-21,19.756296,19.780666,19.569456,19.585703,15.870402,26714793
2015-04-22,19.601950,19.772543,19.536963,19.723803,15.982304,26511555
2015-04-23,19.691307,19.805037,19.658813,19.756296,16.008640,26294652
2015-04-24,19.715677,19.748173,19.650690,19.723803,15.982304,23031271
2015-04-27,19.748173,19.829407,19.618196,19.650690,15.923057,29486759
2015-04-28,19.618196,19.764420,19.536963,19.764420,16.015221,31748721
2015-04-29,19.650690,19.845654,19.569456,19.756296,16.008640,49893538
2015-04-30,19.699430,19.805037,19.528837,19.601950,15.883574,42838185
2015-05-01,19.707556,19.796913,19.683184,19.772543,16.021801,22565584
2015-05-04,19.853777,19.975630,19.821283,19.967506,16.179779,27367961
2015-05-05,19.910643,20.024370,19.772543,19.788790,16.034960,37717594
2015-05-06,19.870024,19.902517,19.553209,19.691307,15.955972,36626312
2015-05-07,19.610073,19.878147,19.610073,19.829407,16.067867,39290812
2015-05-08,19.935013,20.113729,19.935013,20.113729,16.298258,40714217
2015-05-11,20.113729,20.154346,20.008123,20.040617,16.239017,38354636
2015-05-12,19.951260,20.016247,19.805037,19.967506,16.179779,48760649
2015-05-13,19.967506,20.048740,19.935013,19.975630,16.186359,29430379
2015-05-14,20.073111,20.162470,20.032494,20.154346,16.331179,26445450
2015-05-15,20.162470,20.170593,20.000000,20.064987,16.258768,28494942
2015-05-18,20.073111,20.194963,20.048740,20.178717,16.350922,19841750
2015-05-19,20.219334,20.357433,20.203087,20.292444,16.443079,32513049
2015-05-20,20.333063,20.341187,20.203087,20.235580,16.397007,37350263
2015-05-21,20.194963,20.235580,20.170593,20.186840,16.357502,23172098
2015-05-22,20.146223,20.243704,20.146223,20.194963,16.364090,16231966
2015-05-26,20.162470,20.162470,19.951260,19.967506,16.179779,54832187
2015-05-27,20.024370,20.211210,20.000000,20.186840,16.357502,31773341
2015-05-28,20.138100,20.178717,20.040617,20.162470,16.337759,21900598
2015-05-29,20.162470,20.162470,19.935013,19.983753,16.192942,31521478
2015-06-01,20.089357,20.113729,19.943136,20.000000,16.206112,23062170
2015-06-02,19.983753,20.105604,19.902517,20.032494,16.232437,26426862
2015-06-03,20.105604,20.259951,20.064987,20.203087,16.370672,40898498
2015-06-04,20.146223,20.194963,19.991877,20.024370,16.225855,37471271
2015-06-05,20.170593,20.268076,20.081236,20.138100,16.318007,52402931
2015-06-08,20.170593,20.194963,20.008123,20.016247,16.219273,28272131
2015-06-09,20.032494,20.154346,19.951260,20.064987,16.258768,31163011
2015-06-10,20.178717,20.422421,20.146223,20.349310,16.489155,53968148
2015-06-11,20.438667,20.471163,20.357433,20.430544,16.554979,60034147
2015-06-12,20.381804,20.422421,20.276197,20.341187,16.482573,42206558
2015-06-15,20.211210,20.324940,20.121853,20.251827,16.410170,40678641
2015-06-16,20.259951,20.381804,20.194963,20.365557,16.502323,36228207
2015-06-17,20.430544,20.454914,20.292444,20.341187,16.482573,55448179
2015-06-18,20.430544,20.560520,20.341187,20.528027,16.633976,70136594
2015-06-19,20.381804,20.406174,20.097483,20.097483,16.356293,47071470
2015-06-22,20.389927,20.487410,20.381804,20.406174,16.607523,40678518
2015-06-23,20.463037,20.511780,20.414297,20.446791,16.640581,33542288
2015-06-24,20.414297,20.446791,20.276197,20.276197,16.501749,26541099
2015-06-25,20.333063,20.341187,20.138100,20.154346,16.402580,43711579
2015-06-26,20.243704,20.276197,20.162470,20.219334,16.455463,30737208
2015-06-29,20.000000,20.089357,19.723803,19.731924,16.058794,52912442
2015-06-30,19.926889,19.975630,19.740049,19.805037,16.118292,77383245
2015-07-01,20.113729,20.154346,19.983753,20.105604,16.362911,52375111
2015-07-02,20.097483,20.146223,19.935013,20.016247,16.290184,24081438
2015-07-06,19.788790,19.983753,19.764420,19.935013,16.224072,33223951
2015-07-07,19.902517,19.991877,19.601950,19.975630,16.257126,63077548
2015-07-08,19.707556,19.837530,19.593826,19.626320,15.972841,56789354
2015-07-09,19.902517,19.935013,19.740049,19.780666,16.098455,31236625
2015-07-10,20.056864,20.064987,19.926889,20.016247,16.290184,36120618
2015-07-13,20.186840,20.259951,20.146223,20.259951,16.488527,41191230
2015-07-14,20.194963,20.349310,20.154346,20.308693,16.528189,27691961
2015-07-15,20.406174,20.511780,20.333063,20.479284,16.667027,62160945
2015-07-16,20.633631,20.682371,20.609261,20.682371,16.832308,39781365
2015-07-17,20.666124,20.690496,20.536148,20.625507,16.786037,22286763
2015-07-20,20.682371,20.714867,20.593014,20.649878,16.805862,25354045
2015-07-21,20.658003,20.739237,20.576767,20.625507,16.786037,24390172
2015-07-22,20.633631,20.804224,20.609261,20.779854,16.911642,36459143
2015-07-23,20.796101,20.812347,20.560520,20.601137,16.766191,36561685
2015-07-24,20.576767,20.593014,20.373680,20.406174,16.607523,32149658
2015-07-27,20.268076,20.316816,20.186840,20.259951,16.488527,34805048
2015-07-28,20.422421,20.422421,20.211210,20.341187,16.554634,29677194
2015-07-29,20.406174,20.552397,20.357433,20.544273,16.719921,33091373
2015-07-30,20.511780,20.560520,20.430544,20.544273,16.719921,20597954
2015-07-31,20.519903,20.568644,20.422421,20.479284,16.667027,24137571
2015-08-03,20.479284,20.503656,20.316816,20.454914,16.647190,42025601
2015-08-04,20.471163,20.528027,20.389927,20.422421,16.620743,30678613
2015-08-05,20.560520,20.625507,20.446791,20.503656,16.686863,24771536
2015-08-06,20.519903,20.552397,20.357433,20.430544,16.627359,23921408
2015-08-07,20.414297,20.495531,20.300570,20.471163,16.660419,30673812
2015-08-10,20.609261,20.674250,20.552397,20.666124,16.819084,30165778
2015-08-11,20.471163,20.544273,20.398050,20.479284,16.667027,65448208
2015-08-12,20.308693,20.324940,19.983753,20.292444,16.514965,77509300
2015-08-13,20.341187,20.438667,20.211210,20.365557,16.574469,27547564
2015-08-14,20.341187,20.511780,20.333063,20.511780,16.693466,33603346
2015-08-17,20.422421,20.560520,20.349310,20.552397,16.726530,28771055
2015-08-18,20.528027,20.584890,20.487410,20.536148,16.713303,20245642
2015-08-19,20.479284,20.528027,20.276197,20.349310,16.561245,57382080
2015-08-20,20.138100,20.162470,19.918764,19.918764,16.210850,67731590
2015-08-21,19.666937,19.813160,19.203899,19.203899,15.629060,127715881
2015-08-24,18.025995,19.033306,15.044679,18.383429,14.961320,143651668
2015-08-25,19.057676,19.073923,18.074736,18.139725,14.762975,84936661
2015-08-26,18.562145,18.822096,18.220959,18.822096,15.318322,146056427
2015-08-27,19.065800,19.325750,18.911453,19.285133,15.695171,96219884
2015-08-28,19.212023,19.260763,19.073923,19.195776,15.622449,40348364
2015-08-31,19.073923,19.155157,19.017059,19.033306,15.490224,58845124
2015-09-01,18.627132,18.724613,18.277822,18.415922,14.987764,86294454
2015-09-02,18.659626,18.716492,18.424046,18.667749,15.192711,52533664
2015-09-03,18.724613,18.968319,18.692120,18.773355,15.278662,60273576
2015-09-04,18.505280,18.562145,18.277822,18.399675,14.974539,54210039
2015-09-08,18.757109,18.887083,18.627132,18.870836,15.357991,49726245
2015-09-09,19.041430,19.122665,18.570269,18.610886,15.146431,43741739
2015-09-10,18.594639,18.838343,18.537773,18.700245,15.219160,43653476
2015-09-11,18.610886,18.781479,18.570269,18.781479,15.285262,26809949
2015-09-14,18.740862,18.797726,18.667749,18.740862,15.252214,31837353
2015-09-15,18.813972,19.065800,18.740862,19.008936,15.470385,41048311
2015-09-16,19.025183,19.163282,18.927702,19.130789,15.569556,28008328
2015-09-17,19.114540,19.244516,18.822096,18.862713,15.351385,75221486
2015-09-18,18.513405,18.602762,18.375305,18.407799,15.054414,85290820
2015-09-21,18.529652,18.692120,18.497156,18.619009,15.227147,47097445
2015-09-22,18.342812,18.448416,18.245329,18.383429,15.034485,65335941
2015-09-23,18.391552,18.456539,18.285946,18.391552,15.041127,34891095
2015-09-24,18.180342,18.294069,18.099106,18.261576,14.934831,51271027
2015-09-25,18.521526,18.651503,18.440292,18.529652,15.154074,55416173
2015-09-28,18.399675,18.432169,18.042242,18.099106,14.801954,58422891
2015-09-29,18.115353,18.188465,17.969131,18.131599,14.828530,48264309
2015-09-30,18.375305,18.407799,18.188465,18.407799,15.054414,49086741
2015-10-01,18.399675,18.489033,18.220959,18.415922,15.061059,48512971
2015-10-02,18.017872,18.440292,17.855402,18.440292,15.080992,75346063
2015-10-05,18.570269,18.854589,18.562145,18.830219,15.399883,47975517
2015-10-06,18.789602,18.854589,18.708366,18.740862,15.326801,36684908
2015-10-07,18.862713,18.992689,18.748985,18.887083,15.446386,38597020
2015-10-08,18.813972,19.017059,18.773355,19.000813,15.539398,37237011
2015-10-09,19.041430,19.057676,18.797726,18.878960,15.439742,58339183
2015-10-12,18.870836,18.927702,18.822096,18.895206,15.453026,25312191
2015-10-13,18.830219,18.952070,18.748985,18.748985,15.333441,42452020
2015-10-14,18.757109,18.789602,18.570269,18.594639,15.207218,44763838
2015-10-15,18.700245,19.041430,18.683996,19.017059,15.552683,55652525
2015-10-16,19.073923,19.163282,19.033306,19.130789,15.645697,36542235
2015-10-19,19.008936,19.155157,19.000813,19.114540,15.632403,32690313
2015-10-20,19.114540,19.252640,19.098293,19.228270,15.725418,23941473
2015-10-21,19.252640,19.317629,19.057676,19.090172,15.612484,29215200
2015-10-22,19.130789,19.471973,19.122665,19.398863,15.864929,61204335
2015-10-23,19.553209,19.618196,19.463852,19.610073,16.037664,45903498
2015-10-26,19.610073,19.610073,19.455727,19.528837,15.971234,24485698
2015-10-27,19.431356,19.455727,19.350122,19.415110,15.878222,28664204
2015-10-28,19.455727,19.902517,19.455727,19.870024,16.250259,112058299
2015-10-29,19.861900,19.943136,19.748173,19.845654,16.230330,48479611
2015-10-30,19.796913,19.813160,19.536963,19.561333,15.997808,62867662
2015-11-02,19.610073,19.910643,19.601950,19.829407,16.217037,73531446
2015-11-03,19.821283,19.926889,19.731924,19.861900,16.243614,42479225
2015-11-04,19.861900,19.910643,19.748173,19.805037,16.197115,40100564
2015-11-05,19.805037,19.918764,19.772543,19.886271,16.263550,45236788
2015-11-06,20.259951,20.284323,20.016247,20.089357,16.429642,85556100
2015-11-09,20.113729,20.162470,19.756296,19.870024,16.250259,59169369
2015-11-10,19.821283,19.967506,19.788790,19.959383,16.323339,41119339
2015-11-11,20.048740,20.048740,19.878147,19.894396,16.270193,27576370
2015-11-12,19.845654,19.853777,19.585703,19.593826,16.024378,66597469
2015-11-13,19.496344,19.634443,19.374493,19.431356,15.891507,53877793
2015-11-16,19.374493,19.666937,19.333876,19.666937,16.084171,53560564
2015-11-17,19.748173,19.805037,19.585703,19.626320,16.050955,46013180
2015-11-18,19.740049,20.000000,19.675060,19.975630,16.336628,83572836
2015-11-19,19.983753,20.048740,19.910643,20.008123,16.363201,35613076
2015-11-20,20.064987,20.121853,19.983753,20.040617,16.389776,44189330
2015-11-23,20.032494,20.097483,19.935013,19.959383,16.323339,31828859
2015-11-24,19.837530,19.967506,19.731924,19.902517,16.276838,35916887
2015-11-25,19.910643,19.959383,19.861900,19.918764,16.290125,24226080
2015-11-27,19.951260,19.991877,19.853777,19.967506,16.329988,23191055
2015-11-30,20.032494,20.032494,19.918764,19.951260,16.316698,30361138
2015-12-01,20.024370,20.178717,19.983753,20.170593,16.496073,38268343
2015-12-02,20.219334,20.219334,19.894396,19.935013,16.303411,43846620
2015-12-03,20.048740,20.048740,19.545086,19.610073,16.037664,59308595
2015-12-04,19.731924,20.162470,19.683184,20.129976,16.462854,52547451
2015-12-07,20.105604,20.121853,19.845654,19.943136,16.310057,31381144
2015-12-08,19.723803,19.870024,19.642567,19.691307,16.104101,35697769
2015-12-09,19.601950,19.821283,19.350122,19.463852,15.918086,66624798
2015-12-10,19.455727,19.666937,19.390739,19.480097,15.931372,58161303
2015-12-11,19.187653,19.309504,18.943949,19.049553,15.579253,89542078
2015-12-14,19.065800,19.220146,18.878960,19.090172,15.612484,71948873
2015-12-15,19.285133,19.642567,19.268887,19.536963,15.977878,93332943
2015-12-16,19.715677,19.918764,19.528837,19.853777,16.236979,102205375
2015-12-17,19.926889,19.926889,19.545086,19.569456,16.004454,70913355
2015-12-18,19.309504,19.333876,18.927702,18.927702,15.576595,113598773
2015-12-21,19.082047,19.179529,18.943949,19.114540,15.730351,50728156
2015-12-22,19.228270,19.333876,19.057676,19.293259,15.877429,57087748
2015-12-23,19.415110,19.553209,19.358246,19.520716,16.064613,40627924
2015-12-24,19.545086,19.610073,19.455727,19.504469,16.051237,13844688
2015-12-28,19.423233,19.496344,19.325750,19.488220,16.037874,16747016
2015-12-29,19.650690,19.715677,19.585703,19.691307,16.205002,38040239
2015-12-30,19.650690,19.683184,19.520716,19.553209,16.091358,19339133
2015-12-31,19.358246,19.585703,19.317629,19.358246,15.930913,59154720
2016-01-04,18.960196,19.000813,18.765232,18.984566,15.623389,93387476
2016-01-05,19.017059,19.114540,18.887083,19.057676,15.683558,52096536
2016-01-06,18.781479,18.878960,18.667749,18.765232,15.442886,77248574
2016-01-07,18.375305,18.545898,18.164095,18.237206,15.008347,92006910
2016-01-08,18.399675,18.415922,17.912266,17.952885,14.774368,83028242
2016-01-11,18.050365,18.082859,17.798538,17.977255,14.794422,70986600
2016-01-12,18.164095,18.196589,17.879772,18.115353,14.908072,80633578
2016-01-13,18.188465,18.269699,17.562958,17.644192,14.520330,125524947
2016-01-14,17.684809,17.944759,17.514215,17.798538,14.647351,95264013
2016-01-15,17.197399,17.481722,17.164907,17.400488,14.319772,94362797
2016-01-19,17.587326,17.652315,17.270512,17.392365,14.313081,83779398
2016-01-20,17.034931,17.213648,16.677498,17.051178,14.032302,107682217
2016-01-21,17.067425,17.286758,16.921202,16.978067,13.972136,91494814
2016-01-22,17.197399,17.359871,17.164907,17.286758,14.226176,59334200
2016-01-25,17.213648,17.278635,16.896832,16.937449,13.938712,78982191
2016-01-26,17.002438,17.270512,16.978067,17.221771,14.172700,63973716
2016-01-27,17.164907,17.457352,17.034931,17.156782,14.119215,77206350
2016-01-28,17.262388,17.343622,17.051178,17.164907,14.125903,79906672
2016-01-29,17.286758,17.652315,17.229895,17.644192,14.520330,100518905
2016-02-01,17.562958,17.660439,17.441105,17.571079,14.460157,84561575
2016-02-02,17.319254,17.343622,17.043055,17.083672,14.059049,86157444
2016-02-03,17.181154,17.181154,16.612511,17.099918,14.072415,151930266
2016-02-04,16.994314,17.367994,16.994314,17.246141,14.192753,97011048
2016-02-05,17.262388,17.351748,16.969942,17.018684,14.005560,81506726
2016-02-08,16.774981,16.831844,16.360682,16.588140,13.651245,132312804
2016-02-09,16.263201,16.677498,16.263201,16.563768,13.631194,168924221
2016-02-10,16.693745,16.880585,16.466288,16.474411,13.557653,80836939
2016-02-11,16.035744,16.149471,15.865150,15.970755,13.143168,155436893
2016-02-12,16.352558,16.645004,16.279448,16.645004,13.698043,119640644
2016-02-16,16.929325,16.986191,16.758734,16.913078,13.918654,97496185
2016-02-17,17.075548,17.221771,17.075548,17.140535,14.105840,79846353
2016-02-18,17.205524,17.205524,16.961821,17.043055,14.025622,79491948
2016-02-19,16.904955,17.116165,16.880585,17.043055,14.025622,91481888
2016-02-22,17.246141,17.384239,17.246141,17.311129,14.246234,52408225
2016-02-23,17.221771,17.246141,16.969942,17.002438,13.992194,71553352
2016-02-24,16.758734,17.010561,16.612511,16.961821,13.958768,89023089
2016-02-25,16.961821,17.213648,16.961821,17.197399,14.152640,87713797
2016-02-26,17.311129,17.473598,17.221771,17.319254,14.252919,100096303
2016-02-29,17.303005,17.392365,17.124289,17.132414,14.099160,70846020
2016-03-01,17.254265,17.741673,17.254265,17.709181,14.573812,100224943
2016-03-02,17.725426,17.912266,17.701056,17.904142,14.734253,89863616
2016-03-03,17.887896,18.034119,17.814785,18.025995,14.834536,76643660
2016-03-04,18.115353,18.188465,17.961006,18.099106,14.894699,70707286
2016-03-07,17.977255,18.115353,17.920389,18.090982,14.888019,48251261
2016-03-08,17.928513,18.001625,17.774166,17.798538,14.647351,94684581
2016-03-09,17.863525,17.912266,17.757919,17.822908,14.667397,59913509
2016-03-10,17.936638,18.017872,17.595451,17.806662,14.654029,94740222
2016-03-11,17.985378,18.294069,17.985378,18.269699,15.035089,79284278
2016-03-14,18.212835,18.261576,18.099106,18.212835,14.988299,55347853
2016-03-15,18.090982,18.204712,18.025995,18.204712,14.981606,75699114
2016-03-16,18.107229,18.277822,18.025995,18.164095,14.948185,72379969
2016-03-17,18.164095,18.440292,18.034119,18.383429,15.128687,65859485
2016-03-18,18.415922,18.537773,18.367182,18.464663,15.262983,65031268
2016-03-21,18.407799,18.554022,18.359058,18.432169,15.236124,47484348
2016-03-22,18.302193,18.448416,18.261576,18.375305,15.189117,43482367
2016-03-23,18.342812,18.375305,18.229082,18.237206,15.074962,55912266
2016-03-24,18.074736,18.123478,17.952885,18.123478,14.980956,48500785
2016-03-28,18.147846,18.237206,18.090982,18.180342,15.027960,36121356
2016-03-29,18.107229,18.220959,18.001625,18.212835,15.054825,44438115
2016-03-30,18.310316,18.456539,18.294069,18.318439,15.142116,37636102
2016-03-31,18.269699,18.391552,18.237206,18.277822,15.108533,39946073
2016-04-01,18.188465,18.464663,18.115353,18.440292,15.242840,45753316
2016-04-04,18.424046,18.464663,18.310316,18.350933,15.168977,38544826
2016-04-05,18.180342,18.212835,18.058489,18.090982,14.954100,61644172
2016-04-06,18.058489,18.204712,18.001625,18.188465,15.034675,38129610
2016-04-07,18.058489,18.074736,17.749798,17.847279,14.752652,51315220
2016-04-08,17.969131,18.090982,17.879772,17.912266,14.806370,55956828
2016-04-11,17.993502,18.139725,17.969131,17.985378,14.866802,45423161
2016-04-12,18.009748,18.245329,17.969131,18.212835,15.054825,48225902
2016-04-13,18.399675,18.643379,18.383429,18.627132,15.397278,69649488
2016-04-14,18.537773,18.765232,18.537773,18.667749,15.430855,52055051
2016-04-15,18.716492,18.740862,18.570269,18.602762,15.377135,53901797
2016-04-18,18.513405,18.757109,18.497156,18.740862,15.491289,52434076
2016-04-19,18.797726,18.976442,18.797726,18.976442,15.686021,57169363
2016-04-20,18.968319,19.155157,18.960196,19.122665,15.806893,74743119
2016-04-21,19.114540,19.195776,18.903332,18.952070,15.665869,63436754
2016-04-22,18.968319,19.171406,18.968319,19.130789,15.813607,46728145
2016-04-25,19.049553,19.106419,18.952070,19.090172,15.780039,38189682
2016-04-26,19.106419,19.236393,19.082047,19.212023,15.880755,41664795
2016-04-27,19.195776,19.309504,19.130789,19.244516,15.907610,56916147
2016-04-28,19.082047,19.236393,18.976442,19.041430,15.739743,74850832
2016-04-29,18.935825,19.008936,18.765232,18.935825,15.652447,60318138
2016-05-02,18.952070,19.130789,18.911453,19.106419,15.793463,43564598
2016-05-03,18.887083,18.903332,18.700245,18.862713,15.592013,44142060
2016-05-04,18.643379,18.813972,18.627132,18.716492,15.471146,46466680
2016-05-05,18.757109,18.830219,18.659626,18.708366,15.464430,47043157
2016-05-06,18.570269,18.797726,18.570269,18.789602,15.531576,38964104
2016-05-09,18.757109,18.846466,18.667749,18.740862,15.491289,31989258
2016-05-10,18.830219,19.017059,18.822096,19.008936,15.712878,37549070
2016-05-11,18.952070,19.000813,18.789602,18.805849,15.545012,31961192
2016-05-12,18.870836,18.952070,18.700245,18.813972,15.551726,35254978
2016-05-13,18.773355,18.903332,18.554022,18.586515,15.363704,45538875
2016-05-16,18.586515,18.765232,18.570269,18.683996,15.444284,33796243
2016-05-17,18.635256,18.716492,18.497156,18.578392,15.356990,45457629
2016-05-18,18.521526,18.919579,18.521526,18.903332,15.625590,96899150
2016-05-19,18.813972,18.903332,18.610886,18.724613,15.477861,66203303
2016-05-20,18.822096,18.960196,18.789602,18.854589,15.585299,35765351
2016-05-23,18.813972,18.903332,18.757109,18.838343,15.571862,38575724
2016-05-24,18.968319,19.163282,18.943949,19.122665,15.806893,47386483
2016-05-25,19.203899,19.423233,19.195776,19.325750,15.974761,51504178
2016-05-26,19.333876,19.358246,19.187653,19.212023,15.880755,36198417
2016-05-27,19.244516,19.350122,19.220146,19.341997,15.988192,37026264
2016-05-31,19.439480,19.439480,19.228270,19.293259,15.947902,40884834
2016-06-01,19.155157,19.358246,19.073923,19.333876,15.981478,38452378
2016-06-02,19.285133,19.374493,19.220146,19.374493,16.015055,28227076
2016-06-03,19.138910,19.155157,18.895206,19.098293,15.786743,86083215
2016-06-06,19.106419,19.301380,19.090172,19.212023,15.880755,46925474
2016-06-07,19.228270,19.285133,19.155157,19.171406,15.847177,26503799
2016-06-08,19.138910,19.236393,19.138910,19.187653,15.860607,30469958
2016-06-09,19.073923,19.106419,18.952070,19.049553,15.746451,39571234
2016-06-10,18.830219,18.903332,18.757109,18.813972,15.551726,47349676
2016-06-13,18.708366,18.927702,18.675873,18.683996,15.444284,56062079
2016-06-14,18.610886,18.708366,18.310316,18.407799,15.215978,66888232
2016-06-15,18.456539,18.643379,18.415922,18.432169,15.236124,58034633
2016-06-16,18.285946,18.497156,18.180342,18.480909,15.276411,71488109
2016-06-17,18.407799,18.456539,18.285946,18.367182,15.263584,46524537
2016-06-20,18.659626,18.757109,18.464663,18.472786,15.351343,70566829
2016-06-21,18.545898,18.619009,18.464663,18.578392,15.439105,40308110
2016-06-22,18.578392,18.716492,18.521526,18.562145,15.425606,54005201
2016-06-23,18.781479,18.952070,18.773355,18.952070,15.749636,73745517
2016-06-24,17.961006,18.350933,17.871649,17.936638,14.905793,165914672
2016-06-27,17.668562,17.692932,17.319254,17.424858,14.480492,140642119
2016-06-28,17.741673,17.871649,17.587326,17.871649,14.851786,109722231
2016-06-29,18.025995,18.277822,17.985378,18.277822,15.189321,100009025
2016-06-30,18.334686,18.570269,18.245329,18.570269,15.432360,72707045
2016-07-01,18.497156,18.602762,18.440292,18.472786,15.351343,45095346
2016-07-05,18.294069,18.342812,18.107229,18.196589,15.121825,59557011
2016-07-06,18.042242,18.269699,18.001625,18.245329,15.162325,58561132
2016-07-07,18.302193,18.424046,18.180342,18.269699,15.182575,65731461
2016-07-08,18.521526,18.643379,18.497156,18.619009,15.472861,55327418
2016-07-11,18.716492,18.781479,18.659626,18.724613,15.560622,42557517
2016-07-12,18.862713,18.984566,18.838343,18.960196,15.756397,55059306
2016-07-13,18.943949,19.000813,18.854589,18.960196,15.756397,57377156
2016-07-14,19.333876,19.333876,19.090172,19.138910,15.904907,67039521
2016-07-15,19.212023,19.228270,18.984566,19.106419,15.877913,62710956
2016-07-18,19.114540,19.195776,19.098293,19.171406,15.931912,38953149
2016-07-19,19.082047,19.187653,19.057676,19.179529,15.938667,30777585
2016-07-20,19.252640,19.252640,19.130789,19.212023,15.965670,31817657
2016-07-21,19.187653,19.220146,19.090172,19.114540,15.884658,36524509
2016-07-22,19.138910,19.244516,19.106419,19.236393,15.985921,23484772
2016-07-25,19.203899,19.244516,19.138910,19.195776,15.952172,37096308
2016-07-26,19.147036,19.236393,19.130789,19.212023,15.965670,34484126
2016-07-27,19.179529,19.260763,19.138910,19.203899,15.958922,50709937
2016-07-28,19.155157,19.285133,19.090172,19.244516,15.992673,33001387
2016-07-29,19.171406,19.301380,19.171406,19.212023,15.965670,54440606
2016-08-01,19.228270,19.309504,19.122665,19.163282,15.925160,39409726
2016-08-02,19.106419,19.179529,18.952070,19.000813,15.790146,39709475
2016-08-03,19.000813,19.203899,19.000813,19.195776,15.952172,33511513
2016-08-04,19.179529,19.212023,19.106419,19.147036,15.911665,31363295
2016-08-05,19.350122,19.512590,19.293259,19.512590,16.215448,51542339
2016-08-08,19.569456,19.593826,19.480097,19.536963,16.235704,45019886
2016-08-09,19.528837,19.585703,19.504469,19.553209,16.249205,32239890
2016-08-10,19.536963,19.569456,19.366369,19.398863,16.120937,33545242
2016-08-11,19.439480,19.488220,19.366369,19.439480,16.154692,25139605
2016-08-12,19.309504,19.415110,19.301380,19.382616,16.107430,28861534
2016-08-15,19.455727,19.528837,19.439480,19.512590,16.215448,26275941
2016-08-16,19.480097,19.512590,19.415110,19.463852,16.174948,27637427
2016-08-17,19.463852,19.536963,19.415110,19.528837,16.228952,25676567
2016-08-18,19.496344,19.553209,19.455727,19.512590,16.215448,26595016
2016-08-19,19.455727,19.520716,19.382616,19.504469,16.208694,31510153
2016-08-22,19.471973,19.520716,19.423233,19.504469,16.208694,32517481
2016-08-23,19.577579,19.626320,19.528837,19.528837,16.228952,29855443
2016-08-24,19.536963,19.585703,19.471973,19.520716,16.222197,24299201
2016-08-25,19.496344,19.593826,19.471973,19.561333,16.255955,27249662
2016-08-26,19.618196,19.731924,19.463852,19.585703,16.276205,64953346
2016-08-29,19.634443,19.829407,19.610073,19.756296,16.417976,40451522
2016-08-30,19.788790,19.935013,19.764420,19.935013,16.566490,39359132
2016-08-31,19.943136,19.967506,19.788790,19.951260,16.579994,56386078
2016-09-01,20.000000,20.016247,19.715677,19.870024,16.512486,62960480
2016-09-02,19.894396,20.016247,19.870024,19.959383,16.586744,66918391
2016-09-06,19.951260,19.983753,19.772543,19.926889,16.559738,60299920
2016-09-07,19.853777,19.943136,19.813160,19.918764,16.552994,38671003
2016-09-08,19.918764,19.975630,19.861900,19.902517,16.539492,72066064
2016-09-09,19.788790,19.861900,19.528837,19.528837,16.228952,66476831
2016-09-12,19.439480,19.821283,19.350122,19.748173,16.411221,87153077
2016-09-13,19.520716,19.569456,19.325750,19.398863,16.120937,83230864
2016-09-14,19.398863,19.528837,19.293259,19.350122,16.080433,82876829
2016-09-15,19.309504,19.520716,19.268887,19.463852,16.174948,68626527
2016-09-16,19.293259,19.301380,19.130789,19.187653,16.021646,75235766
2016-09-19,19.180000,19.450001,19.180000,19.309999,16.123810,50396100
2016-09-20,19.450001,19.480000,19.290001,19.320000,16.132154,39903200
2016-09-21,19.410000,19.459999,19.250000,19.440001,16.232357,64029700
2016-09-22,19.540001,19.559999,19.440001,19.480000,16.265755,38355700
2016-09-23,19.410000,19.510000,19.350000,19.379999,16.182261,59009500
2016-09-26,19.260000,19.270000,19.020000,19.070000,15.923400,54189000
2016-09-27,19.000000,19.240000,18.940001,19.219999,16.048655,47620000
2016-09-28,19.299999,19.340000,19.120001,19.309999,16.123810,42936400
2016-09-29,19.299999,19.400000,18.940001,19.040001,15.898363,62580800
2016-09-30,19.139999,19.400000,19.110001,19.299999,16.115459,47336900
2016-10-03,19.240000,19.309999,19.160000,19.209999,16.040308,33170500
2016-10-04,19.260000,19.430000,19.190001,19.290001,16.107109,68471600
2016-10-05,19.370001,19.639999,19.340000,19.600000,16.365957,58651900
2016-10-06,19.650000,19.660000,19.459999,19.629999,16.391008,53337300
2016-10-07,19.549999,19.660000,19.490000,19.620001,16.382656,55532800
2016-10-10,19.719999,19.809999,19.700001,19.719999,16.466158,37997400
2016-10-11,19.660000,19.719999,19.410000,19.540001,16.315857,78581200
2016-10-12,19.520000,19.650000,19.490000,19.520000,16.299154,51378700
2016-10-13,19.360001,19.370001,19.110001,19.330000,16.140509,73171100
2016-10-14,19.559999,19.620001,19.360001,19.420000,16.215658,76176500
2016-10-17,19.430000,19.469999,19.280001,19.330000,16.140509,41236100
2016-10-18,19.530001,19.549999,19.410000,19.490000,16.274107,45958700
2016-10-19,19.549999,19.709999,19.530001,19.660000,16.416056,49835900
2016-10-20,19.639999,19.780001,19.580000,19.660000,16.416056,56238200
2016-10-21,19.500000,19.670000,19.469999,19.650000,16.407705,39543100
2016-10-24,19.740000,19.809999,19.700001,19.709999,16.457809,33808700
2016-10-25,19.750000,19.760000,19.639999,19.690001,16.441105,36177800
2016-10-26,19.600000,19.840000,19.580000,19.809999,16.541306,40419200
2016-10-27,19.920000,19.950001,19.770000,19.860001,16.583054,45545800
2016-10-28,19.900000,19.920000,19.620001,19.770000,16.507908,55749900
2016-10-31,19.870001,19.870001,19.740000,19.740000,16.482851,38579100
2016-11-01,19.809999,19.860001,19.500000,19.660000,16.416056,62758900
2016-11-02,19.620001,19.629999,19.440001,19.530001,16.307508,66529900
2016-11-03,19.549999,19.730000,19.520000,19.549999,16.324205,53462100
2016-11-04,19.559999,19.650000,19.400000,19.490000,16.274107,64891400
2016-11-07,19.820000,19.990000,19.799999,19.980000,16.683254,59001800
2016-11-08,19.920000,20.090000,19.790001,19.990000,16.691605,63290400
2016-11-09,20.540001,20.940001,20.110001,20.840000,17.401358,268936600
2016-11-10,21.160000,21.700001,21.080000,21.610001,18.044296,241635500
2016-11-11,21.469999,21.700001,21.400000,21.670000,18.094400,134954500
2016-11-14,21.879999,22.330000,21.850000,22.200001,18.536947,261730900
2016-11-15,22.010000,22.200001,21.790001,22.180000,18.520247,122754500
2016-11-16,21.980000,22.030001,21.799999,21.860001,18.253050,117887700
2016-11-17,21.860001,22.180000,21.809999,22.160000,18.503551,98536400
2016-11-18,22.139999,22.240000,22.059999,22.160000,18.503551,92344300
2016-11-21,22.280001,22.299999,22.090000,22.240000,18.570347,71943900
2016-11-22,22.340000,22.350000,22.120001,22.250000,18.578705,98286500
2016-11-23,22.340000,22.410000,22.170000,22.379999,18.687250,101948400
2016-11-25,22.430000,22.450001,22.320000,22.410000,18.712301,33114800
2016-11-28,22.250000,22.379999,22.090000,22.150000,18.495199,99791400
2016-11-29,22.190001,22.280001,22.110001,22.209999,18.545298,74645700
2016-11-30,22.520000,22.570000,22.430000,22.510000,18.795795,98843700
2016-12-01,22.629999,22.950001,22.600000,22.900000,19.121450,120088300
2016-12-02,22.840000,22.850000,22.549999,22.650000,18.912699,82108300
2016-12-05,22.850000,23.000000,22.790001,22.920000,19.138149,95145700
2016-12-06,23.070000,23.139999,22.840000,23.120001,19.305155,79142600
2016-12-07,23.180000,23.500000,23.100000,23.480000,19.605749,120172500
2016-12-08,23.610001,23.840000,23.469999,23.700001,19.789448,116856500
2016-12-09,23.700001,23.750000,23.530001,23.750000,19.831198,95677300
2016-12-12,23.680000,23.780001,23.459999,23.520000,19.639149,85143200
2016-12-13,23.580000,23.719999,23.379999,23.580000,19.689247,113420700
2016-12-14,23.400000,23.830000,23.309999,23.469999,19.597399,142995800
2016-12-15,23.590000,23.870001,23.500000,23.670000,19.764400,110426000
2016-12-16,23.680000,23.690001,23.330000,23.360001,19.594120,83096500
2016-12-19,23.389999,23.430000,23.180000,23.370001,19.602510,73717600
2016-12-20,23.510000,23.660000,23.510000,23.660000,19.845757,60793600
2016-12-21,23.660000,23.670000,23.520000,23.600000,19.795437,37738000
2016-12-22,23.590000,23.590000,23.459999,23.540001,19.745106,37796100
2016-12-23,23.540001,23.580000,23.469999,23.580000,19.778656,18276700
2016-12-27,23.629999,23.639999,23.580000,23.610001,19.803823,38241100
2016-12-28,23.650000,23.670000,23.350000,23.370001,19.602510,30834400
2016-12-29,23.389999,23.430000,23.100000,23.200001,19.459919,39251800
2016-12-30,23.290001,23.330000,23.170000,23.250000,19.501854,44761200
2017-01-03,23.610001,23.670000,23.260000,23.510000,19.719938,71259900
2017-01-04,23.580000,23.730000,23.510000,23.700001,19.879313,45092200
2017-01-05,23.629999,23.660000,23.240000,23.459999,19.678001,62201100
2017-01-06,23.549999,23.639999,23.420000,23.540001,19.745106,38060800
2017-01-09,23.480000,23.530001,23.330000,23.379999,19.610903,34022400
2017-01-10,23.420000,23.629999,23.309999,23.430000,19.652836,46212100
2017-01-11,23.459999,23.580000,23.299999,23.580000,19.778656,48001200
2017-01-12,23.469999,23.500000,23.180000,23.379999,19.610903,57418100
2017-01-13,23.540001,23.790001,23.410000,23.510000,19.719938,72479700
2017-01-17,23.340000,23.350000,22.940001,22.950001,19.250217,96657800
2017-01-18,23.070000,23.170000,22.850000,23.139999,19.409586,68289100
2017-01-19,23.190001,23.250000,22.959999,23.040001,19.325720,56729700
2017-01-20,23.110001,23.230000,23.030001,23.150000,19.417980,74805200
2017-01-23,23.049999,23.190001,22.920000,23.000000,19.292162,46651200
2017-01-24,23.110001,23.379999,23.010000,23.290001,19.535412,45229500
2017-01-25,23.540001,23.690001,23.430000,23.680000,19.862535,92850100
2017-01-26,23.719999,23.799999,23.610001,23.740000,19.912859,70704400
2017-01-27,23.740000,23.750000,23.580000,23.650000,19.837370,43944500
2017-01-30,23.500000,23.510000,23.250000,23.459999,19.678001,46168800
2017-01-31,23.340000,23.520000,23.180000,23.309999,19.552181,56477300
2017-02-01,23.490000,23.610001,23.270000,23.340000,19.577351,72132200
2017-02-02,23.209999,23.360001,23.100000,23.250000,19.501854,39396500
2017-02-03,23.650000,23.740000,23.440001,23.719999,19.896084,86346600
2017-02-06,23.580000,23.780001,23.559999,23.610001,19.803823,34952100
2017-02-07,23.750000,23.760000,23.520000,23.549999,19.753498,50838500
2017-02-08,23.549999,23.549999,23.280001,23.389999,19.619289,54341100
2017-02-09,23.389999,23.740000,23.330000,23.709999,19.887699,76813700
2017-02-10,23.850000,23.860001,23.690001,23.780001,19.946419,55078700
2017-02-13,23.930000,24.160000,23.889999,24.049999,20.172890,76687000
2017-02-14,24.030001,24.360001,23.990000,24.330000,20.407742,75954300
2017-02-15,24.450001,24.570000,24.270000,24.520000,20.567123,76869400
2017-02-16,24.490000,24.530001,24.309999,24.459999,20.516792,64048200
2017-02-17,24.280001,24.469999,24.250000,24.469999,20.525177,54156600
2017-02-21,24.600000,24.650000,24.510000,24.590000,20.625832,55216100
2017-02-22,24.490000,24.680000,24.450001,24.610001,20.642607,50438900
2017-02-23,24.620001,24.670000,24.469999,24.610001,20.642607,53509400
2017-02-24,24.350000,24.480000,24.309999,24.420000,20.483240,61686800
2017-02-27,24.450001,24.600000,24.440001,24.549999,20.592281,39655000
2017-02-28,24.459999,24.549999,24.379999,24.540001,20.583895,48913000
2017-03-01,25.010000,25.290001,24.980000,25.240000,21.171045,92150000
2017-03-02,25.290001,25.299999,24.840000,24.850000,20.843925,69446200
2017-03-03,24.870001,25.030001,24.860001,24.969999,20.944578,57652800
2017-03-06,24.820000,24.860001,24.670000,24.780001,20.785202,49017200
2017-03-07,24.820000,24.820000,24.650000,24.709999,20.726482,53726500
2017-03-08,24.980000,25.059999,24.709999,24.719999,20.734875,104601000
2017-03-09,24.820000,24.940001,24.700001,24.809999,20.810369,60804100
2017-03-10,24.930000,24.950001,24.629999,24.790001,20.793596,62148600
2017-03-13,24.820000,24.879999,24.700001,24.850000,20.843925,49418400
2017-03-14,24.750000,24.799999,24.600000,24.780001,20.785202,49511100
2017-03-15,24.820000,24.920000,24.629999,24.740000,20.751650,86455100
2017-03-16,24.840000,24.969999,24.770000,24.780001,20.785202,89233700
2017-03-17,24.750000,24.760000,24.450001,24.450001,20.581495,83056800
2017-03-20,24.400000,24.469999,24.250000,24.250000,20.413134,78676400
2017-03-21,24.360001,24.379999,23.510000,23.570000,19.840725,192257000
2017-03-22,23.400000,23.629999,23.230000,23.520000,19.798643,133199500
2017-03-23,23.490000,23.840000,23.440001,23.570000,19.840725,85238900
2017-03-24,23.610001,23.730000,23.379999,23.540001,19.815477,97583400
2017-03-27,23.040001,23.459999,22.980000,23.450001,19.739717,103963000
2017-03-28,23.370001,23.860001,23.370001,23.770000,20.009081,82301100
2017-03-29,23.730000,23.770000,23.600000,23.620001,19.882818,76524100
2017-03-30,23.639999,23.990000,23.610001,23.930000,20.143770,92566000
2017-03-31,23.840000,23.910000,23.730000,23.730000,19.975409,70540000
2017-04-03,23.770000,23.830000,23.400000,23.680000,19.933325,93489100
2017-04-04,23.580000,23.700001,23.540001,23.650000,19.908072,105795900
2017-04-05,23.870001,23.959999,23.469999,23.469999,19.756550,104651200
2017-04-06,23.450001,23.719999,23.330000,23.620001,19.882818,80802100
2017-04-07,23.440001,23.680000,23.400000,23.520000,19.798643,61525700
2017-04-10,23.520000,23.670000,23.379999,23.459999,19.748131,60429000
2017-04-11,23.340000,23.430000,23.150000,23.389999,19.689207,83801200
2017-04-12,23.360001,23.379999,23.139999,23.200001,19.529270,74023000
2017-04-13,23.110001,23.370001,22.900000,22.900000,19.276735,120159300
2017-04-17,22.959999,23.309999,22.889999,23.299999,19.613449,86681200
2017-04-18,23.139999,23.250000,22.940001,23.080000,19.428257,74890400
2017-04-19,23.230000,23.320000,22.980000,23.010000,19.369329,55583800
2017-04-20,23.180000,23.450001,23.090000,23.400000,19.697628,85720400
2017-04-21,23.340000,23.430000,23.150000,23.160000,19.495596,94675300
2017-04-24,23.690001,23.809999,23.590000,23.680000,19.933325,98770600
2017-04-25,23.889999,24.010000,23.860001,23.889999,20.110096,71026100
2017-04-26,23.860001,24.090000,23.820000,23.870001,20.093262,71691200
2017-04-27,23.920000,23.920000,23.620001,23.760000,20.000666,68871800
2017-04-28,23.770000,23.790001,23.530001,23.530001,19.807056,64091900
2017-05-01,23.650000,23.799999,23.549999,23.680000,19.933325,69086600
2017-05-02,23.680000,23.709999,23.520000,23.650000,19.908072,76511500
2017-05-03,23.570000,23.840000,23.549999,23.840000,20.068005,78115400
2017-05-04,23.990000,24.070000,23.780001,23.879999,20.101679,64482800
2017-05-05,23.950001,23.959999,23.760000,23.840000,20.068005,46881500
2017-05-08,23.870001,23.910000,23.780001,23.820000,20.051174,45893000
2017-05-09,23.879999,23.959999,23.650000,23.730000,19.975409,65737900
2017-05-10,23.690001,23.809999,23.650000,23.809999,20.042749,51192700
2017-05-11,23.719999,23.760000,23.469999,23.660000,19.916485,77266700
2017-05-12,23.549999,23.570000,23.430000,23.559999,19.832314,55787200
2017-05-15,23.610001,23.790001,23.600000,23.740000,19.983829,52192100
2017-05-16,23.790001,23.830000,23.670000,23.809999,20.042749,51529600
2017-05-17,23.309999,23.490000,22.969999,23.059999,19.411423,141192800
2017-05-18,23.030001,23.290001,23.000000,23.150000,19.487179,101656900
2017-05-19,23.190001,23.480000,23.180000,23.350000,19.655540,69775600
2017-05-22,23.480000,23.480000,23.250000,23.410000,19.706043,79181900
2017-05-23,23.430000,23.660000,23.320000,23.590000,19.857563,65577800
2017-05-24,23.620001,23.639999,23.480000,23.580000,19.849146,59441200
2017-05-25,23.629999,23.730000,23.559999,23.620001,19.882818,49362400
2017-05-26,23.559999,23.680000,23.559999,23.610001,19.874397,42601700
2017-05-30,23.540001,23.570000,23.400000,23.450001,19.739717,46584200
2017-05-31,23.450001,23.459999,23.100000,23.250000,19.571358,115877900
2017-06-01,23.379999,23.559999,23.219999,23.540001,19.815477,81187600
2017-06-02,23.370001,23.570000,23.320000,23.450001,19.739717,83704500
2017-06-05,23.459999,23.639999,23.459999,23.490000,19.773384,44055800
2017-06-06,23.309999,23.450001,23.260000,23.389999,19.689207,60397300
2017-06-07,23.430000,23.629999,23.389999,23.570000,19.840725,83049100
2017-06-08,23.570000,24.010000,23.549999,23.840000,20.068005,77987000
2017-06-09,23.990000,24.330000,23.969999,24.290001,20.446812,133216200
2017-06-12,24.340000,24.510000,24.200001,24.340000,20.488897,86644400
2017-06-13,24.469999,24.549999,24.400000,24.469999,20.598330,94978600
2017-06-14,24.260000,24.540001,24.129999,24.510000,20.631992,117605800
2017-06-15,24.330000,24.540001,24.309999,24.410000,20.547819,59547700
2017-06-16,24.309999,24.370001,24.219999,24.290001,20.525013,53818800
2017-06-19,24.450001,24.590000,24.420000,24.540001,20.736261,58041300
2017-06-20,24.459999,24.480000,24.320000,24.330000,20.558804,45689600
2017-06-21,24.370001,24.370001,24.120001,24.129999,20.389805,51938200
2017-06-22,24.040001,24.110001,23.950001,23.980000,20.263054,58380200
2017-06-23,24.080000,24.090000,23.809999,23.889999,20.187004,85352600
2017-06-26,23.940001,24.120001,23.860001,24.020000,20.296858,60302300
2017-06-27,24.110001,24.320000,24.049999,24.139999,20.398258,75943400
2017-06-28,24.299999,24.559999,24.280001,24.520000,20.719353,90097600
2017-06-29,25.020000,25.020000,24.510000,24.690001,20.863007,119176700
2017-06-30,24.870001,24.879999,24.620001,24.670000,20.846107,72754900
2017-07-03,24.809999,25.190001,24.780001,25.030001,21.150309,61454400
2017-07-05,25.100000,25.129999,24.920000,25.070000,21.184103,78100200
2017-07-06,25.059999,25.170000,24.879999,24.879999,21.023550,97648100
2017-07-07,25.010000,25.100000,24.879999,25.049999,21.167206,59432400
2017-07-10,25.010000,25.080000,24.930000,25.020000,21.141855,55022500
2017-07-11,25.000000,25.010000,24.730000,24.799999,20.955959,49857200
2017-07-12,24.799999,24.900000,24.730000,24.879999,21.023550,47818600
2017-07-13,24.879999,25.030001,24.860001,25.030001,21.150309,48875900
2017-07-14,24.719999,24.959999,24.590000,24.920000,21.057356,61742300
2017-07-17,24.850000,24.900000,24.740000,24.840000,20.989761,43257000
2017-07-18,24.670000,24.840000,24.639999,24.799999,20.955959,63210700
2017-07-19,24.850000,24.920000,24.719999,24.809999,20.964407,48259400
2017-07-20,24.830000,24.940001,24.750000,24.799999,20.955959,40163500
2017-07-21,24.730000,24.879999,24.730000,24.799999,20.955959,39108400
2017-07-24,24.790001,24.940001,24.790001,24.910000,21.048906,26364800
2017-07-25,25.190001,25.320000,25.150000,25.219999,21.310858,75786800
2017-07-26,25.250000,25.290001,24.990000,25.049999,21.167206,56086500
2017-07-27,25.100000,25.110001,24.799999,24.910000,21.048906,67826200
2017-07-28,24.870001,24.980000,24.770000,24.910000,21.048906,43735800
2017-07-31,25.000000,25.180000,24.969999,25.090000,21.201008,43039300
2017-08-01,25.260000,25.290001,25.139999,25.270000,21.353109,60987500
2017-08-02,25.299999,25.330000,25.180000,25.309999,21.386902,43341500
2017-08-03,25.270000,25.309999,25.180000,25.219999,21.310858,40816800
2017-08-04,25.450001,25.490000,25.340000,25.389999,21.454506,50792900
2017-08-07,25.389999,25.400000,25.309999,25.350000,21.420708,39486800
2017-08-08,25.309999,25.590000,25.270000,25.280001,21.361557,52736500
2017-08-09,25.070000,25.299999,25.070000,25.280001,21.361557,46567000
2017-08-10,25.120001,25.180000,24.830000,24.830000,20.981306,71130300
2017-08-11,24.830000,24.959999,24.670000,24.730000,20.896805,50477800
2017-08-14,24.930000,25.139999,24.920000,25.070000,21.184103,49472900
2017-08-15,25.280001,25.309999,25.090000,25.090000,21.201008,48535000
2017-08-16,25.200001,25.240000,25.000000,25.040001,21.158762,35084100
2017-08-17,24.980000,25.020000,24.600000,24.610001,20.795406,76613100
2017-08-18,24.490000,24.799999,24.480000,24.620001,20.803860,71725900
2017-08-21,24.600000,24.629999,24.450001,24.549999,20.744707,45047200
2017-08-22,24.650000,24.840000,24.620001,24.820000,20.972857,42644000
2017-08-23,24.639999,24.879999,24.620001,24.740000,20.905264,36612700
2017-08-24,24.850000,24.850000,24.690001,24.740000,20.905264,31067200
2017-08-25,24.790001,24.920000,24.780001,24.809999,20.964407,37177300
2017-08-28,24.830000,24.840000,24.590000,24.650000,20.829206,36486900
2017-08-29,24.370001,24.610001,24.350000,24.570000,20.761612,42814200
2017-08-30,24.610001,24.780001,24.590000,24.670000,20.846107,35176100
2017-08-31,24.750000,24.780001,24.620001,24.700001,20.871454,44225200
2017-09-01,24.730000,24.910000,24.670000,24.770000,20.930607,42132600
2017-09-05,24.580000,24.620001,24.170000,24.240000,20.482756,96579200
2017-09-06,24.330000,24.420000,24.219999,24.299999,20.533457,77593900
2017-09-07,24.340000,24.360001,23.790001,23.879999,20.178562,87667800
2017-09-08,23.900000,24.190001,23.850000,24.100000,20.364460,68639500
2017-09-11,24.379999,24.590000,24.330000,24.520000,20.719353,73305700
2017-09-12,24.610001,24.830000,24.590000,24.809999,20.964407,66350600
2017-09-13,24.770000,24.860001,24.680000,24.850000,20.998209,51049400
2017-09-14,24.860001,24.920000,24.750000,24.799999,20.955959,47163200
2017-09-15,24.660000,24.790001,24.629999,24.770000,21.017899,59250200
2017-09-18,24.860001,25.070000,24.840000,25.059999,21.263968,44010400
2017-09-19,25.059999,25.309999,25.020000,25.250000,21.425196,58443300
2017-09-20,25.270000,25.490000,25.150000,25.400000,21.552471,70595500
2017-09-21,25.340000,25.520000,25.320000,25.459999,21.603376,51050100
2017-09-22,25.360001,25.459999,25.290001,25.430000,21.577923,42306600
2017-09-25,25.400000,25.490000,25.230000,25.400000,21.552471,39774600
2017-09-26,25.440001,25.480000,25.320000,25.389999,21.543983,46811000
2017-09-27,25.709999,25.830000,25.600000,25.700001,21.807028,65919100
2017-09-28,25.790001,25.799999,25.610001,25.740000,21.840967,37718900
2017-09-29,25.740000,25.860001,25.700001,25.860001,21.942789,42740800
2017-10-02,25.809999,26.080000,25.809999,26.080000,22.129469,52774000
2017-10-03,26.059999,26.170000,26.010000,26.170000,22.205835,48062900
2017-10-04,26.100000,26.180000,26.040001,26.049999,22.104008,39283800
2017-10-05,26.080000,26.410000,26.010000,26.320000,22.333107,61260400
2017-10-06,26.389999,26.459999,26.209999,26.350000,22.358564,66077800
2017-10-09,26.420000,26.420000,26.190001,26.250000,22.273708,31340200
2017-10-10,26.290001,26.370001,26.219999,26.370001,22.375540,35822500
2017-10-11,26.309999,26.350000,26.209999,26.320000,22.333107,33748600
2017-10-12,26.389999,26.400000,26.090000,26.120001,22.163404,53834800
2017-10-13,25.990000,26.219999,25.889999,26.129999,22.171886,69561400
2017-10-16,26.150000,26.309999,26.139999,26.299999,22.316139,42000700
2017-10-17,26.389999,26.400000,26.110001,26.170000,22.205835,37844200
2017-10-18,26.280001,26.350000,26.170000,26.309999,22.324623,52201500
2017-10-19,26.120001,26.340000,26.080000,26.330000,22.341593,34671600
2017-10-20,26.610001,26.660000,26.520000,26.639999,22.604635,56083800
2017-10-23,26.650000,26.700001,26.559999,26.620001,22.587671,43555200
2017-10-24,26.709999,26.860001,26.690001,26.809999,22.748886,61259200
2017-10-25,26.889999,26.920000,26.500000,26.650000,22.613117,68653500
2017-10-26,26.750000,26.920000,26.750000,26.799999,22.740404,41832600
2017-10-27,26.750000,26.830000,26.610001,26.780001,22.723427,56694400
2017-10-30,26.750000,26.790001,26.600000,26.670000,22.630095,48157500
2017-10-31,26.670000,26.770000,26.570000,26.600000,22.570700,39890800
2017-11-01,26.709999,26.830000,26.610001,26.639999,22.604635,40921900
2017-11-02,26.670000,26.930000,26.540001,26.889999,22.816761,51098300
2017-11-03,26.799999,26.820000,26.700001,26.780001,22.723427,42387000
2017-11-06,26.709999,26.799999,26.660000,26.750000,22.697973,33642100
2017-11-07,26.770000,26.850000,26.309999,26.379999,22.384022,70325500
2017-11-08,26.330000,26.340000,26.160000,26.250000,22.273708,55844900
2017-11-09,26.080000,26.250000,25.889999,26.160000,22.197348,94577000
2017-11-10,26.180000,26.230000,26.059999,26.080000,22.129469,53209600
2017-11-13,25.920000,26.180000,25.900000,26.120001,22.163404,50579200
2017-11-14,26.020000,26.120001,25.930000,26.110001,22.154922,54101800
2017-11-15,25.879999,26.270000,25.860001,26.180000,22.214315,64952300
2017-11-16,26.299999,26.360001,26.170000,26.190001,22.222803,53648100
2017-11-17,26.059999,26.219999,26.030001,26.160000,22.197348,41938700
2017-11-20,26.209999,26.320000,26.129999,26.280001,22.299171,35232400
2017-11-21,26.370001,26.400000,26.299999,26.360001,22.367054,35972400
2017-11-22,26.360001,26.430000,26.230000,26.230000,22.256746,30959400
2017-11-24,26.330000,26.379999,26.200001,26.219999,22.248260,12172500
2017-11-27,26.200001,26.340000,26.180000,26.200001,22.231287,42346400
2017-11-28,26.230000,26.910000,26.209999,26.879999,22.808287,86507000
2017-11-29,27.139999,27.520000,27.070000,27.340000,23.198603,135340600
2017-11-30,27.580000,27.879999,27.379999,27.520000,23.351332,135241700
2017-12-01,27.559999,27.709999,26.950001,27.580000,23.402245,148119600
2017-12-04,28.040001,28.200001,28.000000,28.000000,23.758629,99820400
2017-12-05,28.120001,28.150000,27.780001,27.850000,23.631350,77706200
2017-12-06,27.750000,27.910000,27.670000,27.750000,23.546497,60299100
2017-12-07,27.840000,27.940001,27.580000,27.840000,23.622862,59625500
2017-12-08,27.980000,28.010000,27.780001,28.010000,23.767117,55001600
2017-12-11,28.010000,28.049999,27.860001,27.940001,23.707714,43278400
2017-12-12,28.049999,28.330000,27.959999,28.219999,23.945297,69517100
2017-12-13,28.190001,28.250000,27.850000,27.870001,23.648319,97335300
2017-12-14,27.969999,28.010000,27.660000,27.690001,23.495583,76970000
2017-12-15,27.730000,28.000000,27.629999,27.809999,23.706991,111826100
2017-12-18,28.040001,28.200001,27.990000,28.059999,23.920116,61275500
2017-12-19,28.219999,28.240000,27.940001,27.940001,23.817812,57366300
2017-12-20,28.170000,28.219999,27.870001,27.889999,23.775192,69680300
2017-12-21,28.040001,28.209999,28.010000,28.129999,23.979784,46123500
2017-12-22,28.209999,28.250000,27.920000,28.049999,23.911581,43020300
2017-12-26,28.049999,28.139999,27.860001,27.969999,23.843388,33710100
2017-12-27,27.990000,28.010000,27.910000,28.000000,23.868963,29421000
2017-12-28,28.070000,28.120001,28.000000,28.110001,23.962734,28129700
2017-12-29,28.200001,28.200001,27.910000,27.910000,23.792242,55169800
2018-01-02,28.090000,28.090000,27.790001,27.920000,23.800762,55436100
2018-01-03,27.969999,28.090000,27.879999,28.070000,23.928642,56906200
2018-01-04,28.230000,28.540001,28.180000,28.330000,24.150278,62247000
2018-01-05,28.480000,28.480000,28.230000,28.410000,24.218472,37989500
2018-01-08,28.379999,28.430000,28.270000,28.370001,24.184378,44252100
2018-01-09,28.490000,28.740000,28.440001,28.590000,24.371916,51418700
2018-01-10,28.680000,28.950001,28.629999,28.830000,24.576506,64670900
2018-01-11,28.950001,29.000000,28.809999,28.969999,24.695858,42361700
2018-01-12,29.139999,29.250000,28.959999,29.230000,24.917492,44537500
2018-01-16,29.480000,29.530001,28.990000,29.150000,24.849295,67563800
2018-01-17,29.230000,29.450001,28.990000,29.370001,25.036833,54312000
2018-01-18,29.469999,29.480000,29.290001,29.330000,25.002741,49247400
2018-01-19,29.430000,29.549999,29.370001,29.540001,25.181759,60727800
2018-01-22,29.549999,29.790001,29.510000,29.780001,25.386343,46868900
2018-01-23,29.709999,29.860001,29.570000,29.809999,25.411919,60862000
2018-01-24,29.950001,30.080000,29.770000,30.010000,25.582411,66371000
2018-01-25,30.129999,30.129999,29.850000,29.950001,25.531265,45423700
2018-01-26,30.040001,30.180000,29.900000,30.170000,25.718809,33871900
2018-01-29,30.190001,30.330000,30.030001,30.049999,25.616514,41037700
2018-01-30,29.830000,30.020000,29.660000,29.660000,25.284052,67316900
2018-01-31,29.740000,29.889999,29.639999,29.740000,25.352247,49504500
2018-02-01,29.680000,30.049999,29.670000,30.020000,25.590935,60824200
2018-02-02,29.959999,30.040001,29.340000,29.360001,25.028316,73086000
2018-02-05,28.730000,29.209999,27.600000,27.879999,23.766670,147871500
2018-02-06,27.240000,28.459999,27.170000,28.389999,24.201424,159006400
2018-02-07,28.340000,28.809999,28.219999,28.410000,24.218472,102699400
2018-02-08,28.459999,28.510000,27.139999,27.160000,23.152897,135270500
2018-02-09,27.570000,27.889999,26.760000,27.680000,23.596178,149504900
2018-02-12,27.959999,28.350000,27.709999,28.070000,23.928642,83571800
2018-02-13,27.910000,28.250000,27.830000,28.190001,24.030930,43365500
2018-02-14,28.170000,28.870001,28.070000,28.860001,24.602083,57379700
2018-02-15,29.100000,29.139999,28.700001,29.020000,24.738476,66976000
2018-02-16,28.879999,29.230000,28.840000,28.980000,24.704372,47508200
2018-02-20,28.920000,29.209999,28.799999,28.889999,24.627657,58236100
2018-02-21,28.900000,29.400000,28.870001,28.930000,24.661755,44578800
2018-02-22,29.000000,29.160000,28.620001,28.690001,24.457161,47602700
2018-02-23,28.780001,29.120001,28.770000,29.120001,24.823727,41187300
2018-02-26,29.330000,29.559999,29.139999,29.559999,25.198807,55124200
2018-02-27,29.580000,29.770000,29.260000,29.280001,24.960123,72752100
2018-02-28,29.430000,29.540001,28.870001,28.870001,24.610605,65254700
2018-03-01,28.879999,29.110001,28.209999,28.370001,24.184378,82467900
2018-03-02,28.170000,28.520000,27.889999,28.440001,24.244045,78991200
2018-03-05,28.219999,29.000000,28.209999,28.840000,24.585033,58952100
2018-03-06,29.000000,29.020000,28.660000,28.959999,24.687332,49746100
2018-03-07,28.600000,28.969999,28.570000,28.910000,24.644707,41530200
2018-03-08,28.980000,29.040001,28.690001,29.000000,24.721432,50803000
2018-03-09,29.309999,29.719999,29.190001,29.700001,25.318148,54595700
2018-03-12,29.700001,29.809999,29.549999,29.600000,25.232908,51784500
2018-03-13,29.740000,29.770000,29.200001,29.270000,24.951588,47049400
2018-03-14,29.400000,29.400000,28.850000,28.940001,24.670286,57278900
2018-03-15,29.049999,29.110001,28.860001,28.950001,24.678804,47451600
2018-03-16,28.910000,29.150000,28.870001,28.870001,24.700191,61278200
2018-03-19,28.830000,28.930000,28.389999,28.660000,24.520519,52145000
2018-03-20,28.770000,28.850000,28.660000,28.730000,24.580414,37146500
2018-03-21,28.780001,29.100000,28.620001,28.719999,24.571856,53291400
2018-03-22,28.340000,28.450001,27.559999,27.660000,23.664955,85160300
2018-03-23,27.690001,27.730000,26.770000,26.820000,22.946281,89289500
2018-03-26,27.360001,27.770000,27.100000,27.690001,23.690622,84145000
2018-03-27,27.780001,27.900000,26.930000,27.150000,23.228617,78827400
2018-03-28,27.219999,27.469999,26.850000,27.200001,23.271397,84244500
2018-03-29,27.320000,27.760000,27.200001,27.570000,23.587955,58290000
2018-04-02,27.570000,27.600000,26.549999,26.959999,23.066059,74363900
2018-04-03,27.129999,27.389999,26.889999,27.330000,23.382620,75160400
2018-04-04,26.840000,27.700001,26.820000,27.620001,23.630733,70327000
2018-04-05,27.870001,28.040001,27.750000,27.840000,23.818956,45378300
2018-04-06,27.520000,27.700001,26.920000,27.170000,23.245726,88521000
2018-04-09,27.320000,27.870001,27.270000,27.320000,23.374065,54633200
2018-04-10,27.760000,27.889999,27.549999,27.730000,23.724846,67801500
2018-04-11,27.480000,27.610001,27.330000,27.400000,23.442513,52480800
2018-04-12,27.610001,28.059999,27.590000,27.879999,23.853182,63289100
2018-04-13,28.219999,28.240000,27.309999,27.459999,23.493845,70103900
2018-04-16,27.620001,27.780001,27.500000,27.580000,23.596512,44633600
2018-04-17,27.820000,27.850000,27.480000,27.580000,23.596512,50750100
2018-04-18,27.650000,27.760000,27.389999,27.450001,23.485287,66795500
2018-04-19,27.500000,27.930000,27.480000,27.870001,23.844624,76142000
2018-04-20,27.920000,28.040001,27.760000,27.879999,23.853182,49800400
2018-04-23,27.959999,27.990000,27.760000,27.850000,23.827515,45689200
2018-04-24,28.000000,28.170000,27.480000,27.670000,23.673515,69592900
2018-04-25,27.639999,27.790001,27.370001,27.650000,23.656399,51819000
2018-04-26,27.629999,27.809999,27.520000,27.660000,23.664955,33456200
2018-04-27,27.610001,27.770000,27.570000,27.700001,23.699177,47185200
2018-04-30,27.770000,27.920000,27.440001,27.450001,23.485287,41731400
2018-05-01,27.389999,27.480000,27.170000,27.459999,23.493845,46372400
2018-05-02,27.360001,27.469999,27.110001,27.150000,23.228617,45430300
2018-05-03,27.020000,27.059999,26.459999,26.920000,23.031839,68947900
2018-05-04,26.760000,27.420000,26.670000,27.270000,23.331291,40575600
2018-05-07,27.370001,27.559999,27.260000,27.450001,23.485287,36873600
2018-05-08,27.469999,27.830000,27.459999,27.639999,23.647844,47718500
2018-05-09,27.770000,28.120001,27.670000,28.049999,23.998617,43817000
2018-05-10,28.000000,28.340000,27.959999,28.280001,24.195410,41445500
2018-05-11,28.299999,28.450001,28.200001,28.260000,24.178293,25894000
2018-05-14,28.340000,28.389999,28.190001,28.240000,24.161184,31292900
2018-05-15,28.200001,28.340000,28.080000,28.190001,24.118404,54655800
2018-05-16,28.160000,28.320000,28.100000,28.240000,24.161184,31984900
2018-05-17,28.209999,28.280001,28.000000,28.180000,24.109850,45070400
2018-05-18,28.180000,28.190001,27.940001,27.950001,23.913069,33266100
2018-05-21,28.110001,28.260000,28.100000,28.150000,24.084181,29647900
2018-05-22,28.170000,28.500000,28.170000,28.340000,24.246742,52841400
2018-05-23,28.150000,28.240000,27.860001,28.160000,24.092737,44968500
2018-05-24,28.070000,28.090000,27.660000,27.940001,23.904509,43245200
2018-05-25,27.809999,27.900000,27.719999,27.850000,23.827515,39312500
2018-05-29,27.459999,27.500000,26.719999,26.920000,23.031839,126469700
2018-05-30,27.180000,27.520000,27.110001,27.410000,23.451065,65843700
2018-05-31,27.350000,27.389999,27.100000,27.180000,23.254288,66686900
2018-06-01,27.510000,27.629999,27.400000,27.480000,23.510954,62934300
2018-06-04,27.610001,27.670000,27.520000,27.570000,23.587955,44196900
2018-06-05,27.480000,27.520000,27.309999,27.450001,23.485287,44996800
2018-06-06,27.610001,27.969999,27.580000,27.950001,23.913069,61960000
2018-06-07,28.070000,28.180000,27.850000,28.040001,23.990070,65166100
2018-06-08,28.010000,28.110001,27.860001,28.080000,24.024292,47713400
2018-06-11,28.170000,28.270000,28.020000,28.020000,23.972956,47319600
2018-06-12,28.100000,28.170000,27.809999,27.950001,23.913069,55517200
2018-06-13,27.959999,28.180000,27.820000,27.850000,23.827515,61095800
2018-06-14,27.900000,27.950001,27.510000,27.590000,23.605072,70635500
2018-06-15,27.299999,27.559999,27.110001,27.469999,23.604204,63387600
2018-06-18,27.230000,27.459999,27.139999,27.420000,23.561247,49824600
2018-06-19,27.139999,27.420000,27.129999,27.350000,23.501091,50214700
2018-06-20,27.600000,27.600000,27.250000,27.280001,23.440948,42833600
2018-06-21,27.190001,27.360001,27.010000,27.200001,23.372206,75190900
2018-06-22,27.389999,27.420000,27.049999,27.070000,23.260498,61389400
2018-06-25,26.950001,27.000000,26.600000,26.780001,23.011312,80746100
2018-06-26,26.799999,26.830000,26.520000,26.690001,22.933981,56387800
2018-06-27,26.680000,26.879999,26.350000,26.360001,22.650419,78099200
2018-06-28,26.360001,26.700001,26.309999,26.590000,22.848047,78544800
2018-06-29,26.920000,27.070000,26.549999,26.590000,22.848047,77149900
2018-07-02,26.370001,26.730000,26.350000,26.719999,22.959761,66202800
2018-07-03,26.790001,26.870001,26.420000,26.480000,22.753529,30717800
2018-07-05,26.620001,26.680000,26.450001,26.540001,22.805084,40668500
2018-07-06,26.469999,26.780001,26.370001,26.670000,22.916796,41285000
2018-07-09,26.809999,27.309999,26.780001,27.280001,23.440948,73447400
2018-07-10,27.299999,27.389999,27.100000,27.180000,23.355019,51260600
2018-07-11,27.030001,27.190001,26.990000,27.049999,23.243317,46023700
2018-07-12,27.219999,27.240000,26.940001,27.100000,23.286280,64876800
2018-07-13,26.990000,27.070000,26.700001,26.980000,23.183163,64146900
2018-07-16,27.059999,27.480000,27.040001,27.459999,23.595621,55812000
2018-07-17,27.490000,27.600000,27.340000,27.490000,23.621395,55502200
2018-07-18,27.600000,27.980000,27.559999,27.930000,23.999474,59109200
2018-07-19,27.790001,27.799999,27.469999,27.510000,23.638580,61765100
2018-07-20,27.459999,27.639999,27.360001,27.559999,23.681541,51562300
2018-07-23,27.559999,27.980000,27.549999,27.940001,24.008072,81516200
2018-07-24,28.049999,28.190001,27.950001,28.020000,24.076809,63133700
2018-07-25,28.000000,28.129999,27.850000,28.080000,24.128365,44197200
2018-07-26,28.150000,28.260000,28.040001,28.070000,24.119770,40056800
2018-07-27,28.059999,28.270000,27.969999,28.129999,24.171328,63149400
2018-07-30,28.150000,28.360001,28.110001,28.150000,24.188511,56474100
2018-07-31,28.230000,28.240000,27.889999,27.950001,24.016659,84500100
2018-08-01,28.129999,28.270000,27.879999,27.950001,24.016659,64046900
2018-08-02,27.770000,28.010000,27.680000,27.959999,24.025253,38330700
2018-08-03,27.920000,28.120001,27.920000,28.120001,24.162733,34894300
2018-08-06,28.160000,28.340000,28.100000,28.270000,24.291622,38230100
2018-08-07,28.350000,28.559999,28.330000,28.400000,24.403334,44608600
2018-08-08,28.360001,28.520000,28.340000,28.469999,24.463482,47522000
2018-08-09,28.400000,28.469999,28.299999,28.299999,24.317400,29357800
2018-08-10,27.930000,28.070000,27.830000,27.969999,24.033848,83301400
2018-08-13,27.969999,28.040001,27.690001,27.700001,23.801840,74413500
2018-08-14,27.799999,28.010000,27.719999,27.959999,24.025253,43659000
2018-08-15,27.730000,27.879999,27.610001,27.740000,23.836212,55681100
2018-08-16,27.870001,28.190001,27.870001,28.110001,24.154144,49534200
2018-08-17,28.030001,28.209999,28.030001,28.170000,24.205696,43193100
2018-08-20,28.170000,28.309999,28.129999,28.260000,24.283035,30053700
2018-08-21,28.280001,28.510000,28.219999,28.370001,24.377556,47940000
2018-08-22,28.250000,28.379999,28.230000,28.270000,24.291622,27323300
2018-08-23,28.260000,28.290001,28.100000,28.139999,24.179926,31767800
2018-08-24,28.250000,28.299999,28.190001,28.240000,24.265842,22064500
2018-08-27,28.350000,28.719999,28.340000,28.620001,24.592371,52254500
2018-08-28,28.700001,28.719999,28.540001,28.590000,24.566601,28896800
2018-08-29,28.590000,28.660000,28.440001,28.580000,24.557999,34015300
2018-08-30,28.450001,28.559999,28.309999,28.360001,24.368967,43264100
2018-08-31,28.260000,28.350000,28.170000,28.330000,24.343180,34107800
2018-09-04,28.270000,28.500000,28.200001,28.469999,24.463482,43145600
2018-09-05,28.450001,28.639999,28.430000,28.490000,24.480667,32727700
2018-09-06,28.450001,28.530001,28.270000,28.360001,24.368967,38328900
2018-09-07,28.420000,28.440001,28.209999,28.330000,24.343180,43644300
2018-09-10,28.400000,28.440001,28.270000,28.299999,24.317400,29927200
2018-09-11,28.219999,28.410000,28.120001,28.330000,24.343180,32065200
2018-09-12,28.330000,28.389999,28.049999,28.070000,24.119770,47963400
2018-09-13,28.139999,28.280001,27.969999,28.030001,24.085402,44977100
2018-09-14,28.070000,28.260000,28.059999,28.230000,24.257256,34151000
2018-09-17,28.230000,28.309999,28.080000,28.110001,24.154144,26907900
2018-09-18,28.180000,28.280001,28.059999,28.250000,24.274445,36405600
2018-09-19,28.230000,28.820000,28.230000,28.730000,24.686888,75551800
2018-09-20,28.940001,29.070000,28.870001,28.980000,24.901709,78555500
2018-09-21,28.950001,29.000000,28.700001,28.740000,24.805044,64710000
2018-09-24,28.709999,28.750000,28.400000,28.420000,24.528858,47985100
2018-09-25,28.530001,28.549999,28.299999,28.309999,24.433918,32964400
2018-09-26,28.350000,28.389999,27.900000,27.969999,24.140472,60288100
2018-09-27,28.000000,28.100000,27.840000,27.870001,24.054161,57492200
2018-09-28,27.760000,27.770000,27.540001,27.580000,23.803864,66454900
2018-10-01,27.740000,27.889999,27.600000,27.690001,23.898802,49855000
2018-10-02,27.650000,27.740000,27.469999,27.690001,23.898802,47629500
2018-10-03,27.870001,28.070000,27.790001,27.950001,24.123213,79591400
2018-10-04,27.940001,28.350000,27.920000,28.139999,24.287195,94700800
2018-10-05,28.209999,28.309999,27.930000,28.000000,24.166359,58148700
2018-10-08,27.920000,28.280001,27.900000,28.190001,24.330349,56594900
2018-10-09,28.059999,28.200001,27.879999,28.080000,24.235407,47963500
2018-10-10,28.070000,28.139999,27.209999,27.209999,23.484522,101604400
2018-10-11,27.049999,27.219999,26.320000,26.400000,22.785425,178628200
2018-10-12,26.879999,26.920000,26.030001,26.430000,22.811319,137933000
2018-10-15,26.440001,26.629999,26.309999,26.309999,22.707747,82196400
2018-10-16,26.490000,26.770000,26.309999,26.750000,23.087503,75137300
2018-10-17,26.690001,27.190001,26.559999,27.020000,23.320538,79472100
2018-10-18,26.870001,27.070000,26.490000,26.570000,22.932156,81706000
2018-10-19,26.549999,26.879999,26.420000,26.670000,23.018465,73614300
2018-10-22,26.700001,26.760000,26.100000,26.100000,22.526503,58645800
2018-10-23,25.570000,26.040001,25.420000,25.889999,22.345253,93698200
2018-10-24,25.850000,25.850000,25.139999,25.240000,21.784246,98050700
2018-10-25,25.360001,25.840000,25.330000,25.629999,22.120852,72439400
2018-10-26,25.320000,25.520000,25.020000,25.260000,21.801506,115308900
2018-10-29,25.570000,25.930000,25.209999,25.480000,21.991388,97946100
2018-10-30,25.620001,25.940001,25.440001,25.920000,22.371149,82719100
2018-10-31,26.170000,26.610001,26.129999,26.280001,22.681860,93781100
2018-11-01,26.350000,26.510000,26.219999,26.400000,22.785425,62346600
2018-11-02,26.660000,26.809999,26.180000,26.379999,22.768158,73034200
2018-11-05,26.490000,26.879999,26.490000,26.799999,23.130655,58705800
2018-11-06,26.780001,26.940001,26.650000,26.940001,23.251490,51010900
2018-11-07,27.090000,27.320000,26.820000,27.290001,23.553576,59990800
2018-11-08,27.129999,27.520000,27.040001,27.370001,23.622620,46730100
2018-11-09,27.299999,27.379999,26.980000,27.120001,23.406845,47051200
2018-11-12,27.059999,27.180000,26.530001,26.580000,22.940779,47135500
2018-11-13,26.620001,26.990000,26.600000,26.730000,23.070246,69820600
2018-11-14,26.940001,26.980000,26.080000,26.370001,22.759529,104274200
2018-11-15,26.190001,26.780001,26.030001,26.760000,23.096140,93998000
2018-11-16,26.620001,26.910000,26.469999,26.790001,23.122030,80518300
2018-11-19,26.770000,26.900000,26.540001,26.780001,23.113398,65491300
2018-11-20,26.469999,26.580000,26.110001,26.190001,22.604181,103778300
2018-11-21,26.340000,26.590000,26.129999,26.209999,22.621435,48618000
2018-11-23,26.070000,26.219999,25.930000,26.000000,22.440189,24252300
2018-11-26,26.270000,26.629999,26.260000,26.530001,22.897631,50168800
2018-11-27,26.480000,26.629999,26.420000,26.549999,22.914888,47174300
2018-11-28,26.629999,27.059999,26.400000,27.059999,23.355062,61375300
2018-11-29,26.860001,27.010000,26.719999,26.830000,23.156553,43664100
2018-11-30,26.750000,27.080000,26.709999,26.969999,23.277382,45435200
2018-12-03,27.360001,27.469999,26.950001,27.139999,23.424109,65332700
2018-12-04,27.000000,27.010000,25.830000,25.959999,22.405670,110918600
2018-12-06,25.379999,25.610001,24.930000,25.600000,22.094963,134687100
2018-12-07,25.540001,25.900000,24.990000,25.110001,21.672049,86740000
2018-12-10,25.010000,25.080000,24.299999,24.760000,21.369970,101121800
2018-12-11,25.070000,25.219999,24.430000,24.520000,21.162827,92308200
2018-12-12,24.860001,25.020000,24.540001,24.660000,21.283659,86748900
2018-12-13,24.650000,24.780001,24.389999,24.480000,21.128304,67232900
2018-12-14,24.240000,24.580000,24.190001,24.240000,20.921162,66817000
2018-12-17,24.100000,24.469999,23.889999,24.000000,20.714024,101180400
2018-12-18,24.139999,24.400000,23.760000,23.910000,20.636339,90844000
2018-12-19,23.860001,24.389999,23.420000,23.610001,20.377426,129331700
2018-12-20,23.379999,23.750000,23.270000,23.400000,20.196173,107016900
2018-12-21,23.230000,23.670000,22.740000,22.790001,19.792343,118502300
2018-12-24,22.490000,22.750000,22.280001,22.309999,19.375473,71752700
2018-12-26,22.370001,23.330000,22.049999,23.320000,20.252623,108133500
2018-12-27,22.930000,23.600000,22.709999,23.600000,20.495798,98005000
2018-12-28,23.709999,23.900000,23.490000,23.590000,20.487110,76348400
2018-12-31,23.719999,23.920000,23.520000,23.820000,20.686853,56435400
2019-01-02,23.469999,24.070000,23.400000,24.020000,20.860548,62945000
2019-01-03,23.840000,23.900000,23.420000,23.480000,20.391575,65729700
2019-01-04,23.879999,24.309999,23.820000,24.260000,21.068989,64638400
2019-01-07,24.209999,24.510000,24.059999,24.290001,21.095037,48167000
2019-01-08,24.510000,24.549999,24.030001,24.309999,21.112408,90114700
2019-01-09,24.370001,24.520000,24.200001,24.430000,21.216621,61037100
2019-01-10,24.290001,24.520000,24.209999,24.440001,21.225304,48630500
2019-01-11,24.320000,24.549999,24.180000,24.500000,21.277414,44961600
2019-01-14,24.260000,24.750000,24.230000,24.670000,21.425051,50610600
2019-01-15,24.570000,24.930000,24.500000,24.889999,21.616119,59156500
2019-01-16,25.180000,25.570000,25.110001,25.420000,22.076399,72982400
2019-01-17,25.320000,25.650000,25.170000,25.559999,22.197985,55771300
2019-01-18,25.740000,26.030001,25.530001,26.000000,22.580109,58400200
2019-01-22,25.780001,25.910000,25.570000,25.700001,22.319569,79651700
2019-01-23,25.799999,25.830000,25.440001,25.730000,22.345625,44072000
2019-01-24,25.639999,25.860001,25.559999,25.790001,22.397734,25496900
2019-01-25,25.969999,26.170000,25.900000,26.000000,22.580109,63140000
2019-01-28,25.750000,25.950001,25.709999,25.920000,22.510635,66894900
2019-01-29,25.910000,26.010000,25.820000,25.830000,22.432470,29442100
2019-01-30,25.910000,26.139999,25.730000,25.980000,22.562742,62076800
2019-01-31,25.760000,25.980000,25.719999,25.940001,22.528004,64021500
2019-02-01,25.980000,26.170000,25.950001,26.049999,22.623531,42920300
2019-02-04,26.059999,26.170000,25.920000,26.160000,22.719065,30362500
2019-02-05,26.209999,26.230000,25.990000,26.090000,22.658274,39094900
2019-02-06,26.010000,26.200001,25.969999,26.059999,22.632221,51542800
2019-02-07,25.980000,26.049999,25.590000,25.799999,22.406416,80395700
2019-02-08,25.660000,25.780001,25.340000,25.670000,22.293518,54911100
2019-02-11,25.750000,25.799999,25.620001,25.750000,22.362999,53115700
2019-02-12,25.940001,26.230000,25.930000,26.129999,22.693010,37671300
2019-02-13,26.250000,26.430000,26.190001,26.200001,22.753809,42969600
2019-02-14,26.000000,26.080000,25.730000,25.879999,22.475893,47630100
2019-02-15,26.090000,26.430000,25.879999,26.430000,22.953554,46880800
2019-02-19,26.299999,26.549999,26.219999,26.469999,22.988291,23868300
2019-02-20,26.459999,26.650000,26.400000,26.639999,23.135935,27509100
2019-02-21,26.590000,26.680000,26.410000,26.500000,23.014347,46619900
2019-02-22,26.500000,26.580000,26.360001,26.459999,22.979605,26343700
2019-02-25,26.580000,26.820000,26.540001,26.570000,23.075140,33835900
2019-02-26,26.379999,26.690001,26.360001,26.490000,23.005661,35659700
2019-02-27,26.440001,26.639999,26.410000,26.590000,23.092508,42542400
2019-02-28,26.600000,26.650000,26.510000,26.520000,23.031717,39835900
2019-03-01,26.750000,26.940001,26.610001,26.690001,23.179356,82657300
2019-03-04,26.760000,26.940001,26.299999,26.520000,23.031717,76611900
2019-03-05,26.570000,26.580000,26.219999,26.420000,22.944864,39868100
2019-03-06,26.420000,26.510000,26.230000,26.250000,22.797232,43158900
2019-03-07,26.150000,26.150000,25.830000,25.980000,22.562742,62622100
2019-03-08,25.690001,25.990000,25.680000,25.969999,22.554058,55826400
2019-03-11,26.100000,26.320000,25.980000,26.240000,22.788548,63343500
2019-03-12,26.280001,26.389999,26.240000,26.299999,22.840649,32521100
2019-03-13,26.400000,26.580000,26.320000,26.480000,22.996975,42817500
2019-03-14,26.440001,26.680000,26.430000,26.580000,23.083818,37665700
2019-03-15,26.450001,26.709999,26.430000,26.629999,23.245310,70020400
2019-03-18,26.680000,26.980000,26.680000,26.900000,23.480991,43980700
2019-03-19,27.049999,27.100000,26.620001,26.690001,23.297686,45029300
2019-03-20,26.629999,26.639999,26.110001,26.139999,22.817585,65860300
2019-03-21,25.959999,26.170000,25.780001,26.059999,22.747755,104914100
2019-03-22,25.750000,25.889999,25.230000,25.340000,22.119267,121855900
2019-03-25,25.309999,25.530001,25.080000,25.230000,22.023245,72835600
2019-03-26,25.430000,25.590000,25.280001,25.530001,22.285124,51171500
2019-03-27,25.469999,25.600000,25.299999,25.420000,22.189098,73148100
2019-03-28,25.469999,25.650000,25.350000,25.639999,22.381140,52089300
2019-03-29,25.860001,25.879999,25.610001,25.709999,22.442244,50234400
2019-04-01,25.920000,26.360001,25.910000,26.340000,22.992168,62485300
2019-04-02,26.270000,26.459999,26.230000,26.320000,22.974710,41002400
2019-04-03,26.500000,26.620001,26.290001,26.400000,23.044546,52030900
2019-04-04,26.400000,26.670000,26.400000,26.559999,23.184204,54378900
2019-04-05,26.610001,26.700001,26.520000,26.600000,23.219122,37088800
2019-04-08,26.530001,26.639999,26.469999,26.629999,23.245310,34998000
2019-04-09,26.510000,26.510000,26.290001,26.410000,23.053268,65954800
2019-04-10,26.410000,26.530001,26.280001,26.490000,23.123100,48232700
2019-04-11,26.590000,26.750000,26.510000,26.650000,23.262764,62205000
2019-04-12,27.040001,27.330000,26.900000,27.139999,23.690485,84627600
2019-04-15,27.150000,27.160000,26.910000,26.969999,23.542093,40030400
2019-04-16,27.030001,27.379999,27.010000,27.350000,23.873798,56093400
2019-04-17,27.450001,27.459999,27.200001,27.420000,23.934900,58834000
2019-04-18,27.370001,27.450001,27.299999,27.340000,23.865072,52495700
2019-04-22,27.260000,27.340000,27.170000,27.260000,23.795238,39324100
2019-04-23,27.250000,27.459999,27.139999,27.430000,23.943628,54250300
2019-04-24,27.340000,27.520000,27.280001,27.400000,23.917442,39505200
2019-04-25,27.270000,27.559999,27.200001,27.450001,23.961092,44532300
2019-04-26,27.450001,27.719999,27.410000,27.700001,24.179310,41527900
2019-04-29,27.799999,28.129999,27.730000,27.980000,24.423721,61643200
2019-04-30,28.020000,28.059999,27.780001,28.020000,24.458635,38800300
2019-05-01,28.049999,28.139999,27.770000,27.790001,24.257874,67969500
2019-05-02,27.770000,27.950001,27.620001,27.820000,24.284060,50972900
2019-05-03,27.940001,28.120001,27.889999,28.070000,24.502287,34598900
2019-05-06,27.580000,27.980000,27.530001,27.879999,24.336435,42517000
2019-05-07,27.620001,27.889999,27.230000,27.420000,23.934900,60090800
2019-05-08,27.309999,27.590000,27.240000,27.360001,23.882524,44254200
2019-05-09,27.030001,27.360001,26.900000,27.299999,23.830153,56468300
2019-05-10,27.150000,27.530001,26.910000,27.480000,23.987278,63453600
2019-05-13,26.930000,26.990000,26.590000,26.680000,23.288958,54962500
2019-05-14,26.740000,27.120001,26.709999,26.889999,23.472260,52398400
2019-05-15,26.620001,26.920000,26.520000,26.790001,23.384975,49061700
2019-05-16,26.879999,27.209999,26.860001,27.059999,23.620655,44872600
2019-05-17,26.790001,27.139999,26.750000,26.879999,23.463531,62711500
2019-05-20,26.780001,27.030001,26.780001,26.910000,23.489719,44357300
2019-05-21,27.020000,27.190001,27.020000,27.190001,23.734133,36851400
2019-05-22,27.049999,27.110001,26.950001,27.030001,23.594473,25867600
2019-05-23,26.770000,26.780001,26.420000,26.650000,23.262764,51832900
2019-05-24,26.750000,26.870001,26.670000,26.860001,23.446081,30582000
2019-05-28,26.780001,26.860001,26.549999,26.549999,23.175478,35177700
2019-05-29,26.340000,26.549999,26.219999,26.500000,23.131836,39700600
2019-05-30,26.559999,26.709999,26.280001,26.410000,23.053268,40641200
2019-05-31,26.070000,26.200001,25.990000,26.010000,22.704113,49259200
2019-06-03,25.969999,26.290001,25.920000,26.180000,22.852509,63329300
2019-06-04,26.500000,26.920000,26.430000,26.889999,23.472260,45454400
2019-06-05,26.940001,27.080000,26.709999,27.059999,23.620655,46599700
2019-06-06,27.070000,27.270000,26.920000,27.160000,23.707943,37297600
2019-06-07,27.160000,27.250000,27.080000,27.120001,23.673029,33054800
2019-06-10,27.280001,27.549999,27.280001,27.350000,23.873798,37081400
2019-06-11,27.500000,27.610001,27.280001,27.360001,23.882524,34273400
2019-06-12,27.330000,27.379999,27.030001,27.090000,23.646839,36866000
2019-06-13,27.139999,27.270000,27.070000,27.180000,23.725405,31020000
2019-06-14,27.209999,27.330000,27.000000,27.240000,23.777779,29724100
2019-06-17,27.230000,27.309999,26.959999,26.990000,23.559551,40981600
2019-06-18,26.930000,27.459999,26.930000,27.350000,23.873798,46237400
2019-06-19,27.400000,27.590000,27.270000,27.299999,23.830153,58118500
2019-06-20,27.450001,27.530001,27.120001,27.420000,23.934900,50583800
2019-06-21,27.299999,27.480000,27.180000,27.219999,23.881380,65322300
2019-06-24,27.170000,27.360001,27.080000,27.110001,23.784872,48377800
2019-06-25,27.110001,27.150000,26.889999,27.020000,23.705910,47748500
2019-06-26,27.080000,27.209999,26.959999,26.969999,23.662045,31448000
2019-06-27,27.070000,27.290001,27.070000,27.209999,23.872608,59459800
2019-06-28,27.530001,27.700001,27.240000,27.600000,24.214771,76728100
2019-07-01,27.920000,28.049999,27.780001,27.930000,24.504299,48971100
2019-07-02,27.889999,27.980000,27.709999,27.860001,24.442883,56626800
2019-07-03,27.950001,28.090000,27.870001,28.080000,24.635899,23706800
2019-07-05,28.170000,28.270000,28.030001,28.160000,24.706087,40683100
2019-07-08,28.010000,28.129999,27.940001,28.020000,24.583256,26286700
2019-07-09,27.830000,28.120001,27.809999,28.070000,24.627127,25895800
2019-07-10,28.080000,28.230000,27.930000,27.969999,24.539392,36566700
2019-07-11,28.010000,28.170000,27.959999,28.129999,24.679766,40907500
2019-07-12,28.170000,28.320000,28.100000,28.320000,24.846464,31109900
2019-07-15,28.330000,28.350000,28.080000,28.160000,24.706087,28346100
2019-07-16,28.209999,28.260000,28.030001,28.090000,24.644674,47287700
2019-07-17,27.990000,28.080000,27.809999,27.850000,24.434114,35062600
2019-07-18,27.809999,28.110001,27.780001,28.059999,24.618349,46369800
2019-07-19,28.129999,28.180000,27.920000,27.940001,24.513073,29338500
2019-07-22,27.879999,28.049999,27.830000,28.000000,24.565710,26683300
2019-07-23,28.070000,28.330000,28.059999,28.290001,24.820137,45307600
2019-07-24,28.230000,28.580000,28.209999,28.580000,25.074574,36374200
2019-07-25,28.570000,28.610001,28.320000,28.379999,24.899107,34180400
2019-07-26,28.440001,28.709999,28.379999,28.690001,25.171083,33642800
2019-07-29,28.639999,28.719999,28.440001,28.469999,24.978065,35955100
2019-07-30,28.250000,28.420000,28.190001,28.389999,24.907877,30726100
2019-07-31,28.389999,28.530001,28.200001,28.250000,24.785053,64485400
2019-08-01,28.230000,28.420000,27.570000,27.610001,24.223549,107976300
2019-08-02,27.559999,27.740000,27.230000,27.600000,24.214771,66036400
2019-08-05,26.990000,27.120001,26.480000,26.680000,23.407619,85527900
2019-08-06,26.850000,27.129999,26.590000,27.110001,23.784872,53445000
2019-08-07,26.600000,26.870001,26.240000,26.750000,23.469030,82354600
2019-08-08,27.010000,27.270000,26.879999,27.260000,23.916479,66653200
2019-08-09,27.110001,27.309999,26.900000,27.170000,23.837517,53782700
2019-08-12,26.850000,26.950001,26.570000,26.650000,23.381292,56837600
2019-08-13,26.600000,27.170000,26.500000,26.980000,23.670816,72255900
2019-08-14,26.379999,26.520000,25.959999,25.980000,22.793474,92067300
2019-08-15,26.110001,26.280001,25.920000,26.110001,22.907526,59504500
2019-08-16,26.240000,26.639999,26.240000,26.570000,23.311110,48451800
2019-08-19,26.980000,27.030001,26.790001,26.840000,23.547989,38297700
2019-08-20,26.690001,26.740000,26.450001,26.480000,23.232143,40579300
2019-08-21,26.650000,26.690001,26.530001,26.600000,23.337425,44913500
2019-08-22,26.740000,26.850000,26.570000,26.780001,23.495348,43896700
2019-08-23,26.590000,26.790001,25.920000,26.100000,22.898752,86245300
2019-08-26,26.270000,26.370001,26.110001,26.350000,23.118086,34175500
2019-08-27,26.450001,26.530001,26.030001,26.190001,22.977718,54240800
2019-08-28,26.049999,26.469999,26.030001,26.430000,23.188278,51870400
2019-08-29,26.670000,26.920000,26.620001,26.830000,23.539219,49818300
2019-08-30,26.980000,27.059999,26.820000,26.920000,23.618177,40561000
2019-09-03,26.700001,26.730000,26.410000,26.639999,23.372524,59997200
2019-09-04,26.840000,26.950001,26.780001,26.900000,23.600630,43945700
2019-09-05,27.280001,27.680000,27.270000,27.450001,24.083174,68639200
2019-09-06,27.480000,27.559999,27.340000,27.440001,24.074402,35660800
2019-09-09,27.629999,27.969999,27.570000,27.860001,24.442883,67797700
2019-09-10,27.950001,28.080000,27.700001,27.959999,24.530615,77540100
2019-09-11,27.980000,28.150000,27.730000,28.120001,24.670994,53285900
2019-09-12,28.040001,28.379999,27.950001,28.270000,24.802595,72872200
2019-09-13,28.490000,28.600000,28.360001,28.490000,24.995615,56248700
2019-09-16,28.250000,28.430000,28.209999,28.389999,24.907877,36693600
2019-09-17,28.290001,28.420000,28.190001,28.420000,24.934198,40868800
2019-09-18,28.309999,28.590000,28.230000,28.520000,25.021936,57268900
2019-09-19,28.500000,28.670000,28.379999,28.389999,24.907877,42335000
2019-09-20,28.290001,28.400000,28.059999,28.080000,24.761496,82921100
2019-09-23,27.940001,28.209999,27.889999,28.129999,24.805586,35827300
2019-09-24,28.209999,28.270000,27.780001,27.860001,24.567495,61659700
2019-09-25,27.920000,28.139999,27.809999,28.090000,24.770313,53544400
2019-09-26,28.049999,28.080000,27.920000,27.959999,24.655678,53107500
2019-09-27,28.190001,28.290001,27.920000,28.070000,24.752678,73386900
2019-09-30,28.139999,28.170000,27.980000,28.000000,24.690950,30608000
2019-10-01,28.129999,28.150000,27.410000,27.410000,24.170681,54786200
2019-10-02,27.240000,27.250000,26.790001,26.850000,23.676859,78141700
2019-10-03,26.809999,26.959999,26.450001,26.959999,23.773859,81128700
2019-10-04,26.990000,27.480000,26.969999,27.459999,24.214769,40697200
2019-10-07,27.350000,27.570000,27.290001,27.320000,24.091314,36922900
2019-10-08,27.049999,27.059999,26.760000,26.780001,23.615131,60008900
2019-10-09,26.950001,27.160000,26.930000,27.030001,23.835590,45131000
2019-10-10,27.100000,27.510000,27.100000,27.309999,24.082493,54305400
2019-10-11,27.740000,27.990000,27.639999,27.650000,24.382311,78702500
2019-10-14,27.559999,27.750000,27.530001,27.690001,24.417585,35821000
2019-10-15,27.850000,28.260000,27.740000,28.090000,24.770313,65130200
2019-10-16,28.090000,28.160000,27.950001,28.020000,24.708588,44595200
2019-10-17,28.170000,28.250000,27.969999,28.040001,24.726225,32013600
2019-10-18,27.959999,28.219999,27.959999,28.110001,24.787952,40523700
2019-10-21,28.350000,28.540001,28.340000,28.500000,25.131861,44145400
2019-10-22,28.450001,28.610001,28.330000,28.420000,25.061317,50423000
2019-10-23,28.360001,28.540001,28.350000,28.540001,25.167137,30615400
2019-10-24,28.570000,28.620001,28.389999,28.500000,25.131861,33469600
2019-10-25,28.469999,28.730000,28.230000,28.639999,25.255318,28330200
2019-10-28,28.750000,28.920000,28.740000,28.790001,25.387590,50104600
2019-10-29,28.730000,29.000000,28.700001,28.860001,25.449318,48458100
2019-10-30,28.860001,28.920000,28.639999,28.840000,25.431677,51106700
2019-10-31,28.740000,28.750000,28.469999,28.700001,25.308222,56795500
2019-11-01,28.920000,29.150000,28.860001,29.120001,25.678589,42302300
2019-11-04,29.370001,29.420000,29.290001,29.370001,25.899046,37319100
2019-11-05,29.459999,29.620001,29.410000,29.480000,25.996044,39516100
2019-11-06,29.459999,29.629999,29.420000,29.629999,26.128319,40179900
2019-11-07,29.809999,30.030001,29.740000,29.850000,26.322323,61738600
2019-11-08,29.820000,29.850000,29.639999,29.840000,26.313501,53808800
2019-11-11,29.660000,29.820000,29.620001,29.760000,26.242958,19702400
2019-11-12,29.770000,29.889999,29.690001,29.799999,26.278225,44640600
2019-11-13,29.570000,29.709999,29.450001,29.610001,26.110680,43495400
2019-11-14,29.530001,29.670000,29.469999,29.670000,26.163593,46158400
2019-11-15,29.770000,29.799999,29.660000,29.750000,26.234137,30097000
2019-11-18,29.750000,29.820000,29.660000,29.809999,26.287043,25440500
2019-11-19,29.879999,29.969999,29.790001,29.870001,26.339954,30770900
2019-11-20,29.750000,29.809999,29.520000,29.730000,26.216499,46719500
2019-11-21,29.790001,29.840000,29.600000,29.700001,26.190046,37192700
2019-11-22,29.740000,29.950001,29.740000,29.920000,26.384047,35195000
2019-11-25,29.959999,30.150000,29.950001,30.110001,26.551590,50094100
2019-11-26,30.110001,30.110001,29.930000,30.080000,26.525139,33516200
2019-11-27,30.160000,30.209999,30.059999,30.200001,26.630955,31012300
2019-11-29,30.139999,30.240000,30.090000,30.150000,26.586868,19444200
2019-12-02,30.200001,30.260000,29.930000,29.959999,26.419321,52427800
2019-12-03,29.610001,29.620001,29.350000,29.540001,26.048954,66912000
2019-12-04,29.570000,29.900000,29.549999,29.820000,26.295860,41793900
2019-12-05,29.940001,30.010000,29.830000,29.959999,26.419321,44933500
2019-12-06,30.290001,30.459999,30.280001,30.360001,26.772045,40811300
2019-12-09,30.299999,30.420000,30.280001,30.290001,26.710318,21627500
2019-12-10,30.209999,30.360001,30.129999,30.299999,26.719133,37362100
2019-12-11,30.290001,30.340000,30.200001,30.230000,26.657406,24490200
2019-12-12,30.270000,30.910000,30.250000,30.820000,27.177685,68427500
2019-12-13,30.790001,30.969999,30.530001,30.709999,27.080685,48135700
2019-12-16,30.959999,31.020000,30.790001,30.820000,27.177685,45914900
2019-12-17,30.840000,31.040001,30.830000,30.940001,27.283503,30911900
2019-12-18,31.040001,31.040001,30.809999,30.809999,27.168865,39079700
2019-12-19,30.820000,30.889999,30.770000,30.799999,27.160044,36946900
2019-12-20,30.799999,30.879999,30.639999,30.680000,27.191957,97416000
2019-12-23,30.760000,30.770000,30.570000,30.610001,27.129908,38293100
2019-12-24,30.670000,30.690001,30.600000,30.680000,27.191957,12315900
2019-12-26,30.709999,30.850000,30.709999,30.850000,27.342627,15891300
2019-12-27,30.900000,30.910000,30.750000,30.770000,27.271717,19417400
2019-12-30,30.910000,30.959999,30.650000,30.680000,27.191957,18819300
2019-12-31,30.660000,30.790001,30.620001,30.780001,27.280588,15788100
2020-01-02,30.889999,31.080000,30.799999,31.080000,27.546474,28843300
2020-01-03,30.680000,30.879999,30.590000,30.750000,27.253992,51363600
2020-01-06,30.469999,30.750000,30.459999,30.730000,27.236263,27956100
2020-01-07,30.660000,30.709999,30.530001,30.530001,27.059008,39627500
2020-01-08,30.559999,30.900000,30.559999,30.730000,27.236263,47966600
2020-01-09,30.950001,30.980000,30.830000,30.920000,27.404669,27705300
2020-01-10,30.940001,30.950001,30.650000,30.690001,27.200819,33458200
2020-01-13,30.760000,30.930000,30.680000,30.900000,27.386946,27542700
2020-01-14,30.900000,31.080000,30.799999,30.840000,27.333763,37575400
2020-01-15,30.690001,30.790001,30.570000,30.670000,27.183088,41457300
2020-01-16,30.820000,30.940001,30.750000,30.940001,27.422394,34444000
2020-01-17,31.030001,31.100000,30.910000,31.030001,27.502165,38819400
2020-01-21,30.879999,31.020000,30.770000,30.770000,27.271717,41276500
2020-01-22,30.870001,30.940001,30.820000,30.860001,27.351492,27391000
2020-01-23,30.700001,30.850000,30.490000,30.780001,27.280588,43072300
2020-01-24,30.790001,30.790001,30.200001,30.389999,26.934919,58924900
2020-01-27,29.790001,30.059999,29.750000,29.920000,26.518362,50289300
2020-01-28,30.080000,30.400000,30.030001,30.270000,26.828566,34257900
2020-01-29,30.370001,30.480000,30.170000,30.219999,26.784252,41167500
2020-01-30,29.950001,30.620001,29.930000,30.600000,27.121050,51210000
2020-01-31,30.340000,30.379999,29.850000,29.959999,26.553810,58958800
2020-02-03,30.170000,30.469999,30.150000,30.170000,26.739931,40168200
2020-02-04,30.580000,30.750000,30.450001,30.459999,26.996964,79273300
2020-02-05,30.870001,31.100000,30.799999,31.070000,27.537611,51086900
2020-02-06,31.240000,31.270000,30.969999,31.030001,27.502165,37044400
2020-02-07,30.860001,31.010000,30.790001,30.920000,27.404669,27982500
2020-02-10,30.820000,31.010000,30.809999,31.010000,27.484432,17723700
2020-02-11,31.090000,31.260000,31.090000,31.120001,27.581934,27997400
2020-02-12,31.280001,31.379999,31.100000,31.139999,27.599659,26964200
2020-02-13,31.040001,31.200001,30.950001,31.129999,27.590794,22758700
2020-02-14,31.100000,31.190001,31.020000,31.170000,27.626244,22080200
2020-02-18,31.080000,31.160000,30.719999,30.900000,27.386946,37768900
2020-02-19,31.010000,31.209999,30.969999,31.129999,27.590794,25643300
2020-02-20,31.020000,31.280001,30.860001,31.070000,27.537611,50344300
2020-02-21,30.920000,30.990000,30.600000,30.770000,27.271717,51128200
2020-02-24,29.799999,30.059999,29.629999,29.770000,26.385414,70455400
2020-02-25,29.780001,29.840000,28.620001,28.760000,25.490244,111826900
2020-02-26,28.950001,29.219999,28.549999,28.549999,25.304117,95015700
2020-02-27,27.940001,28.389999,27.309999,27.330000,24.222816,143536200
2020-02-28,26.400000,26.850000,25.969999,26.590000,23.566950,192063500
2020-03-02,26.639999,27.950001,26.360001,27.950001,24.772329,127115500
2020-03-03,27.860001,28.250000,26.629999,26.900000,23.841707,256525000
2020-03-04,27.260000,27.799999,26.799999,27.790001,24.630522,124408000
2020-03-05,26.870001,26.940001,26.150000,26.450001,23.442867,130265700
2020-03-06,25.250000,25.840000,25.030001,25.549999,22.645193,160606600
2020-03-09,23.000000,23.879999,22.520000,22.809999,20.216703,134165700
2020-03-10,23.870001,24.170000,22.840000,24.150000,21.404362,149282300
2020-03-11,23.410000,23.650000,22.520000,22.840000,20.243294,146915400
2020-03-12,20.940001,22.209999,20.299999,20.370001,18.054110,161437500
2020-03-13,21.900000,23.090000,20.900000,23.049999,20.429411,160945700
2020-03-16,19.350000,21.340000,18.930000,19.889999,17.628685,110661600
2020-03-17,20.350000,21.190001,19.540001,20.969999,18.585897,122295100
2020-03-18,19.650000,20.049999,18.280001,19.190001,17.008268,145056400
2020-03-19,18.790001,19.889999,18.110001,19.610001,17.380514,105652800
2020-03-20,19.820000,19.920000,18.670000,18.910000,16.760099,157840900
2020-03-23,18.440001,18.600000,17.490000,17.660000,15.784941,144547900
2020-03-24,18.709999,19.959999,18.580000,19.850000,17.742411,158551100
2020-03-25,20.139999,21.230000,19.389999,20.389999,18.225079,162949600
2020-03-26,20.660000,21.820000,20.629999,21.670000,19.369173,129753900
2020-03-27,20.790001,21.670000,20.549999,21.010000,18.779249,109305600
2020-03-30,21.040001,21.530001,20.600000,21.410000,19.136776,67297200
2020-03-31,21.209999,21.450001,20.639999,20.820000,18.609421,83819900
2020-04-01,19.719999,19.940001,19.370001,19.549999,17.474268,79185000
2020-04-02,19.430000,20.200001,19.360001,20.040001,17.912241,68398300
2020-04-03,19.850000,20.139999,19.360001,19.639999,17.554708,68418100
2020-04-06,20.620001,21.219999,20.469999,21.049999,18.815001,69015100
2020-04-07,22.200001,22.219999,21.250000,21.260000,19.002703,70950900
2020-04-08,21.580000,22.330000,21.340000,22.190001,19.833963,80003400
2020-04-09,22.770000,23.660000,22.730000,23.379999,20.897604,147845500
2020-04-13,23.309999,23.330000,22.330000,22.530001,20.137861,66236300
2020-04-14,23.070000,23.139999,22.209999,22.629999,20.227249,96169000
2020-04-15,21.730000,21.860001,21.540001,21.650000,19.351294,63482000
2020-04-16,21.600000,21.639999,21.059999,21.270000,19.011644,68907600
2020-04-17,22.100000,22.520000,21.920000,22.389999,20.012726,88698600
2020-04-20,21.950001,22.360001,21.750000,22.000000,19.664129,59063100
2020-04-21,21.330000,21.709999,21.209999,21.290001,19.029522,71957900
2020-04-22,21.730000,21.790001,21.469999,21.520000,19.235096,47507800
2020-04-23,21.580000,21.860001,21.400000,21.430000,19.154652,71740200
2020-04-24,21.660000,21.830000,21.330000,21.740000,19.431740,33825300
2020-04-27,21.959999,22.600000,21.920000,22.480000,20.093170,109435100
2020-04-28,23.160000,23.330000,22.670000,22.719999,20.307684,46452300
2020-04-29,23.420000,23.660000,23.180000,23.379999,20.897604,70064400
2020-04-30,22.910000,23.160000,22.680000,22.790001,20.370262,56745700
2020-05-01,22.250000,22.309999,21.910000,22.059999,19.717766,37534300
2020-05-04,21.770000,21.889999,21.440001,21.860001,19.539000,50177200
2020-05-05,22.160000,22.280001,21.790001,21.790001,19.476433,65123000
2020-05-06,21.990000,22.049999,21.299999,21.320000,19.056332,63738400
2020-05-07,21.600000,22.180000,21.600000,21.820000,19.503244,61339000
2020-05-08,22.240000,22.320000,22.010000,22.290001,19.923342,42218300
2020-05-11,21.980000,22.049999,21.740000,21.860001,19.539000,54994900
2020-05-12,21.950001,22.030001,21.270000,21.290001,19.029522,62202700
2020-05-13,21.110001,21.139999,20.500000,20.660000,18.466412,86848300
2020-05-14,20.299999,21.209999,20.090000,21.190001,18.940138,103763100
2020-05-15,20.990000,21.230000,20.799999,21.049999,18.815001,70285000
2020-05-18,21.830000,22.299999,21.680000,22.129999,19.780325,79548500
2020-05-19,22.000000,22.110001,21.580000,21.590000,19.297668,56673200
2020-05-20,21.950001,22.200001,21.930000,22.070000,19.726702,50402600
2020-05-21,22.000000,22.209999,21.879999,22.000000,19.664129,49939900
2020-05-22,21.990000,22.020000,21.700001,21.920000,19.592630,37584500
2020-05-26,22.750000,23.299999,22.730000,23.059999,20.611588,108349200
2020-05-27,24.090000,24.100000,23.540001,24.059999,21.505415,121521200
2020-05-28,24.330000,24.340000,23.610001,23.680000,21.165758,101590100
2020-05-29,23.400000,23.620001,23.170000,23.410000,20.924429,86969000
2020-06-01,23.500000,23.790001,23.340000,23.680000,21.165758,52619200
2020-06-02,23.889999,24.040001,23.700001,23.870001,21.335585,52572800
2020-06-03,24.400000,24.870001,24.340000,24.760000,22.131092,77622900
2020-06-04,24.719999,25.299999,24.520000,25.299999,22.613756,97575100
2020-06-05,26.780001,26.830000,26.150000,26.240000,23.453947,135859300
2020-06-08,26.670000,26.799999,26.370001,26.740000,23.900860,80298400
2020-06-09,26.110001,26.400000,25.920000,26.170000,23.391378,92833100
2020-06-10,26.020000,26.160000,25.170000,25.190001,22.515436,110848900
2020-06-11,24.000000,24.360001,23.090000,23.129999,20.674156,233116600
2020-06-12,24.059999,24.059999,23.219999,23.830000,21.299833,127502900
2020-06-15,23.010000,24.240000,22.959999,24.160000,21.594799,92469500
2020-06-16,25.120001,25.120001,23.950001,24.540001,21.934446,108121300
2020-06-17,24.610001,24.610001,24.129999,24.170000,21.603733,56320900
2020-06-18,23.930000,24.370001,23.860001,24.139999,21.576918,61206500
2020-06-19,24.600000,24.610001,23.709999,23.980000,21.433907,99903900
2020-06-22,23.680000,23.879999,23.530001,23.709999,21.327761,47929500
2020-06-23,24.070000,24.219999,23.799999,23.820000,21.426710,47218900
2020-06-24,23.510000,23.520000,22.910000,22.980000,20.671108,90217500
2020-06-25,22.900000,23.639999,22.860001,23.590000,21.219818,110208900
2020-06-26,23.190001,23.260000,22.520000,22.580000,20.311295,123959100
2020-06-29,22.820000,22.980000,22.629999,22.830000,20.536177,69107100
2020-06-30,22.709999,23.299999,22.690001,23.139999,20.815029,60653100
2020-07-01,23.240000,23.350000,22.870001,22.940001,20.635124,60500300
2020-07-02,23.450001,23.530001,22.920000,22.969999,20.662113,50841900
2020-07-06,23.480000,23.660000,23.280001,23.410000,21.057903,60271700
2020-07-07,23.219999,23.230000,22.870001,22.930000,20.626133,43810900
2020-07-08,22.920000,23.230000,22.840000,23.170000,20.842018,53046100
2020-07-09,23.160000,23.209999,22.490000,22.680000,20.401253,71163700
2020-07-10,22.670000,23.490000,22.670000,23.459999,21.102882,94440600
2020-07-13,23.760000,23.910000,23.420000,23.559999,21.192827,102487100
2020-07-14,23.459999,23.750000,23.250000,23.680000,21.300776,102468300
2020-07-15,24.250000,24.260000,23.889999,24.150000,21.723555,90561800
2020-07-16,23.940001,24.400000,23.850000,24.150000,21.723555,74678500
2020-07-17,24.200001,24.219999,23.940001,23.950001,21.543650,47033200
2020-07-20,23.820000,23.980000,23.750000,23.840000,21.444704,40127600
2020-07-21,24.000000,24.430000,23.969999,24.309999,21.867479,46491300
2020-07-22,24.190001,24.330000,24.110001,24.309999,21.867479,44437400
2020-07-23,24.260000,24.469999,24.180000,24.330000,21.885471,49916100
2020-07-24,24.350000,24.480000,24.190001,24.270000,21.831497,41245600
2020-07-27,24.160000,24.180000,23.860001,24.070000,21.651592,43060200
2020-07-28,23.980000,24.120001,23.900000,24.010000,21.597618,35370500
2020-07-29,23.969999,24.490000,23.930000,24.459999,22.002405,36491600
2020-07-30,24.000000,24.070000,23.709999,24.020000,21.606615,53994600
2020-07-31,24.010000,24.059999,23.709999,24.030001,21.615618,50115900
2020-08-03,24.129999,24.290001,23.959999,24.100000,21.678577,42982100
2020-08-04,24.000000,24.040001,23.870001,24.000000,21.588627,30754400
2020-08-05,24.160000,24.389999,24.129999,24.330000,21.885471,34860700
2020-08-06,24.250000,24.420000,24.150000,24.320000,21.876471,33115400
2020-08-07,24.200001,24.860001,24.150000,24.840000,22.344229,63302800
2020-08-10,24.980000,25.110001,24.870001,25.020000,22.506144,45436100
2020-08-11,25.490000,25.719999,25.250000,25.309999,22.767002,73758600
2020-08-12,25.760000,25.770000,25.059999,25.240000,22.704035,58793600
2020-08-13,25.049999,25.260000,24.930000,25.080000,22.560114,35222500
2020-08-14,24.959999,25.299999,24.930000,25.180000,22.650066,28276900
2020-08-17,25.090000,25.110001,24.750000,24.760000,22.272264,53397000
2020-08-18,24.780001,24.840000,24.580000,24.600000,22.128342,35502500
2020-08-19,24.690001,24.940001,24.520000,24.590000,22.119347,59847200
2020-08-20,24.309999,24.500000,24.290001,24.360001,21.912457,45586100
2020-08-21,24.320000,24.530001,24.230000,24.309999,21.867479,35349200
2020-08-24,24.450001,24.889999,24.389999,24.889999,22.389204,51010900
2020-08-25,25.100000,25.170000,24.799999,24.959999,22.452164,55236900
2020-08-26,24.900000,24.959999,24.750000,24.840000,22.344229,30646600
2020-08-27,24.820000,25.379999,24.820000,25.260000,22.722027,66463900
2020-08-28,25.440001,25.450001,25.150000,25.360001,22.811983,49170600
2020-08-31,25.340000,25.340000,25.059999,25.059999,22.542120,52259000
2020-09-01,24.930000,25.219999,24.850000,25.129999,22.605085,42036100
2020-09-02,25.120001,25.580000,25.049999,25.490000,22.928919,48432500
2020-09-03,25.639999,26.010000,24.940001,25.100000,22.578100,98405500
2020-09-04,25.549999,25.690001,24.889999,25.290001,22.749014,111105500
2020-09-08,25.040001,25.100000,24.549999,24.639999,22.164320,84687600
2020-09-09,24.870001,25.070000,24.709999,24.889999,22.389204,52321200
2020-09-10,24.969999,25.139999,24.490000,24.540001,22.074373,55515300
2020-09-11,24.580000,24.840000,24.500000,24.709999,22.227289,69285700
2020-09-14,24.930000,25.270000,24.860001,25.049999,22.533129,51021000
2020-09-15,25.100000,25.120001,24.690001,24.709999,22.227289,48459900
2020-09-16,24.760000,25.270000,24.709999,24.990000,22.479155,62119900
2020-09-17,24.650000,24.879999,24.580000,24.730000,22.245277,47334200
2020-09-18,24.730000,24.930000,24.629999,24.680000,22.200304,61707200
2020-09-21,24.030001,24.170000,23.559999,23.930000,21.644051,72307300
2020-09-22,23.870001,24.100000,23.530001,23.730000,21.463156,84561500
2020-09-23,23.780001,23.950001,23.200001,23.200001,20.983791,54282500
2020-09-24,23.209999,23.580000,22.940001,23.250000,21.029011,56512300
2020-09-25,23.080000,23.570000,23.030001,23.490000,21.246082,46026600
2020-09-28,23.820000,24.219999,23.820000,24.049999,21.752586,62803500
2020-09-29,23.980000,24.020000,23.620001,23.750000,21.481243,53250800
2020-09-30,23.850000,24.270000,23.840000,24.070000,21.770681,66732200
2020-10-01,24.170000,24.330000,23.920000,24.110001,21.806856,65766100
2020-10-02,23.790001,24.440001,23.730000,24.299999,21.978701,63368100
2020-10-05,24.530001,24.780001,24.469999,24.700001,22.340496,58911700
2020-10-06,24.910000,25.080000,24.360001,24.450001,22.114380,88404900
2020-10-07,24.680000,24.980000,24.680000,24.860001,22.485207,53815200
2020-10-08,25.000000,25.260000,24.940001,25.200001,22.792732,57646300
2020-10-09,25.340000,25.370001,25.030001,25.230000,22.819866,52031600
2020-10-12,25.209999,25.590000,25.209999,25.510000,23.073122,45931400
2020-10-13,25.430000,25.510000,24.940001,25.020000,22.629929,60377800
2020-10-14,25.040001,25.129999,24.750000,24.780001,22.412851,48982200
2020-10-15,24.549999,24.980000,24.510000,24.969999,22.584703,41637200
2020-10-16,25.020000,25.150000,24.870001,24.990000,22.602791,40103600
2020-10-19,25.080000,25.090000,24.570000,24.610001,22.259094,42989000
2020-10-20,24.770000,25.100000,24.760000,24.809999,22.439991,67293900
2020-10-21,24.770000,24.930000,24.680000,24.680000,22.322409,44307200
2020-10-22,24.670000,25.200001,24.660000,25.170000,22.765596,39511800
2020-10-23,25.330000,25.410000,25.049999,25.250000,22.837959,45092700
2020-10-26,24.889999,24.930000,24.450001,24.680000,22.322409,54015100
2020-10-27,24.670000,24.670000,24.209999,24.230000,21.915400,46083300
2020-10-28,23.719999,23.930000,23.469999,23.610001,21.354622,89288300
2020-10-29,23.549999,23.959999,23.250000,23.790001,21.517426,60908400
2020-10-30,23.650000,23.900000,23.469999,23.860001,21.580738,66221600
2020-11-02,24.260000,24.420000,23.959999,24.309999,21.987751,65136000
2020-11-03,24.760000,25.100000,24.730000,24.850000,22.476168,79834200
2020-11-04,24.410000,25.000000,24.190001,24.559999,22.213867,87397400
2020-11-05,24.770000,25.340000,24.770000,25.160000,22.756556,65942300
2020-11-06,25.280001,25.309999,24.879999,24.959999,22.575659,60783500
2020-11-09,26.980000,27.440001,26.660000,27.010000,24.429832,162966800
2020-11-10,27.040001,27.250000,26.790001,27.150000,24.556459,85851200
2020-11-11,27.299999,27.320000,26.879999,27.040001,24.456966,65062400
2020-11-12,26.709999,26.770000,26.350000,26.590000,24.049948,62733800
2020-11-13,26.840000,27.139999,26.770000,27.030001,24.447922,45031800
2020-11-16,27.709999,27.730000,27.360001,27.629999,24.990601,67556100
2020-11-17,27.320000,27.639999,27.129999,27.590000,24.954426,63679700
2020-11-18,27.719999,27.940001,27.320000,27.330000,24.719261,71578400
2020-11-19,27.190001,27.450001,27.020000,27.420000,24.800665,47194800
2020-11-20,27.280001,27.389999,27.120001,27.180000,24.583588,39974700
2020-11-23,27.530001,27.770000,27.389999,27.690001,25.044872,51870500
2020-11-24,28.170000,28.690001,28.100000,28.660000,25.922209,60983200
2020-11-25,28.500000,28.580000,28.219999,28.559999,25.831764,45204600
2020-11-27,28.559999,28.590000,28.360001,28.469999,25.750362,26981200
2020-11-30,28.299999,28.379999,27.830000,27.879999,25.216722,72524200
2020-12-01,28.400000,28.570000,28.290001,28.309999,25.605650,53972100
2020-12-02,28.270000,28.670000,28.219999,28.620001,25.886030,57471800
2020-12-03,28.639999,28.799999,28.459999,28.629999,25.895071,49566000
2020-12-04,28.820000,29.030001,28.799999,28.980000,26.211641,52713100
2020-12-07,28.809999,28.860001,28.610001,28.780001,26.030745,34631600
2020-12-08,28.510000,28.840000,28.510000,28.770000,26.021702,31628500
2020-12-09,28.930000,28.950001,28.590000,28.700001,25.958393,47589600
2020-12-10,28.480000,28.780001,28.389999,28.750000,26.003620,41298300
2020-12-11,28.430000,28.530001,28.230000,28.459999,25.741314,48216300
2020-12-14,28.840000,28.840000,28.110001,28.129999,25.442841,38302900
2020-12-15,28.350000,28.690001,28.190001,28.610001,25.876989,38604200
2020-12-16,28.660000,28.680000,28.520000,28.660000,25.922209,55602800
2020-12-17,28.709999,28.790001,28.580000,28.740000,25.994564,38510900
2020-12-18,28.780001,28.780001,28.320000,28.490000,25.768452,56080100
2020-12-21,28.670000,28.860001,28.230000,28.719999,26.115810,77688100
2020-12-22,28.740000,28.780001,28.420000,28.440001,25.861206,42317900
2020-12-23,28.610001,29.070000,28.600000,28.910000,26.288582,52681400
2020-12-24,28.969999,28.980000,28.709999,28.950001,26.324961,16071000
2020-12-28,29.150000,29.320000,28.990000,29.090000,26.452265,32824800
2020-12-29,29.209999,29.219999,28.959999,28.990000,26.361334,23607000
2020-12-30,29.090000,29.209999,29.020000,29.120001,26.479548,16616700
2020-12-31,29.080000,29.520000,29.000000,29.480000,26.806896,26239300
2021-01-04,29.590000,29.600000,28.830000,29.080000,26.443172,47086300
2021-01-05,29.070000,29.340000,28.920000,29.209999,26.561382,35265400
2021-01-06,29.770000,30.740000,29.770000,30.500000,27.734411,102254900
2021-01-07,30.950001,31.260000,30.879999,30.940001,28.134514,64342700
2021-01-08,31.090000,31.100000,30.510000,30.920000,28.116329,54266400
2021-01-11,30.620001,31.070000,30.490000,31.020000,28.207264,56590400
2021-01-12,31.200001,31.490000,31.110001,31.340000,28.498245,60546600
2021-01-13,31.290001,31.400000,31.090000,31.320000,28.480059,55394700
2021-01-14,31.410000,31.620001,31.290001,31.459999,28.607359,49828800
2021-01-15,31.000000,31.190001,30.709999,30.940001,28.134514,68732700
2021-01-19,31.100000,31.180000,30.830000,31.020000,28.207264,97457200
2021-01-20,31.120001,31.120001,30.780001,30.889999,28.089052,56113100
2021-01-21,30.870001,30.930000,30.559999,30.559999,27.788973,43713800
2021-01-22,30.250000,30.459999,30.200001,30.340000,27.588919,37928000
2021-01-25,30.040001,30.160000,29.740000,30.120001,27.388866,68321500
2021-01-26,30.240000,30.280001,29.860001,29.879999,27.170624,55504600
2021-01-27,29.469999,29.500000,28.940001,29.000000,26.370424,84059200
2021-01-28,29.370001,29.879999,29.280001,29.540001,26.861462,62985900
2021-01-29,29.459999,29.540001,28.820000,28.950001,26.324961,78260700
2021-02-01,29.270000,29.370001,29.020000,29.330000,26.670496,41947400
2021-02-02,29.670000,30.190001,29.660000,30.040001,27.316120,54263000
2021-02-03,30.000000,30.219999,29.940001,30.209999,27.470707,46195200
2021-02-04,30.309999,30.889999,30.299999,30.879999,28.079956,63061800
2021-02-05,31.100000,31.129999,30.820000,30.889999,28.089052,38461900
2021-02-08,30.990000,31.290001,30.990000,31.290001,28.452778,48756300
2021-02-09,31.190001,31.400000,31.080000,31.299999,28.461870,33572000
2021-02-10,31.459999,31.500000,31.150000,31.299999,28.461870,38899600
2021-02-11,31.320000,31.440001,30.990000,31.200001,28.370941,31909500
2021-02-12,31.170000,31.549999,31.139999,31.520000,28.661924,38271800
2021-02-16,31.840000,32.209999,31.700001,32.060001,29.152960,71330600
2021-02-17,31.959999,32.259998,31.850000,32.220001,29.298452,60460900
2021-02-18,31.990000,32.200001,31.770000,32.029999,29.125679,45188200
2021-02-19,32.240002,32.520000,32.200001,32.410000,29.471214,54361800
2021-02-22,32.299999,32.830002,32.290001,32.709999,29.744020,65930200
2021-02-23,32.939999,32.950001,32.570000,32.910000,29.925886,94331400
2021-02-24,32.959999,33.639999,32.939999,33.549999,30.507858,66000600
2021-02-25,33.820000,33.840000,32.849998,32.939999,29.953157,92189400
2021-02-26,32.889999,32.990002,32.189999,32.310001,29.380293,103105700
2021-03-01,32.860001,33.520000,32.860001,33.320000,30.298708,67590700
2021-03-02,33.279999,33.470001,33.169998,33.200001,30.189587,49987000
2021-03-03,33.330002,33.959999,33.290001,33.459999,30.426010,72541700
2021-03-04,33.369999,33.689999,32.599998,33.080002,30.080473,101311800
2021-03-05,33.639999,33.799999,32.779999,33.709999,30.653341,109299800
2021-03-08,33.959999,34.580002,33.820000,34.139999,31.044355,90538200
2021-03-09,33.869999,34.330002,33.520000,33.830002,30.762466,117224600
2021-03-10,33.990002,34.650002,33.930000,34.520000,31.389894,73269300
2021-03-11,34.340000,34.689999,34.139999,34.419998,31.298962,50904800
2021-03-12,34.820000,34.950001,34.660000,34.770000,31.617229,68126000
2021-03-15,34.900002,34.910000,34.250000,34.570000,31.435356,57836400
2021-03-16,34.389999,34.430000,33.939999,34.209999,31.108007,67373600
2021-03-17,34.459999,34.639999,34.080002,34.439999,31.317154,64051100
2021-03-18,34.790001,35.290001,34.500000,34.619999,31.480818,96690500
2021-03-19,34.349998,34.380001,33.860001,34.220001,31.117107,98510500
2021-03-22,33.820000,33.889999,33.509998,33.630001,30.716137,68170600
2021-03-23,33.430000,33.660000,33.040001,33.160000,30.286867,70441900
2021-03-24,33.400002,33.799999,33.279999,33.279999,30.396458,63357100
2021-03-25,33.259998,33.889999,33.000000,33.840000,30.907946,60532600
2021-03-26,34.189999,34.430000,33.950001,34.369999,31.392019,53779900
2021-03-29,33.889999,34.290001,33.720001,34.070000,31.118011,71777800
2021-03-30,34.250000,34.470001,34.209999,34.310001,31.337223,55011400
2021-03-31,34.240002,34.380001,34.029999,34.049999,31.099749,51138300
2021-04-01,34.000000,34.470001,34.000000,34.470001,31.483356,51690100
2021-04-05,34.840000,34.910000,34.630001,34.740002,31.729969,51790700
2021-04-06,34.660000,34.830002,34.549999,34.669998,31.666027,41336800
2021-04-07,34.770000,34.919998,34.599998,34.840000,31.821301,38660800
2021-04-08,34.709999,34.889999,34.470001,34.849998,31.830427,39927400
2021-04-09,35.090000,35.169998,34.889999,35.150002,32.104439,40133700
2021-04-12,35.220001,35.310001,35.139999,35.299999,32.241447,44435500
2021-04-13,35.099998,35.139999,34.779999,34.970001,31.940039,39950900
2021-04-14,34.880001,35.430000,34.830002,35.180000,32.131844,44065300
2021-04-15,35.259998,35.299999,34.820000,35.150002,32.104439,55483500
2021-04-16,35.459999,35.529999,35.240002,35.400002,32.332771,39115700
2021-04-19,35.389999,35.490002,35.180000,35.299999,32.241447,31172300
2021-04-20,35.090000,35.110001,34.520000,34.639999,31.638630,50227700
2021-04-21,34.520000,35.150002,34.419998,35.119999,32.077042,39680000
2021-04-22,35.080002,35.130001,34.669998,34.730000,31.720829,43611200
2021-04-23,34.730000,35.529999,34.669998,35.380001,32.314503,50437700
2021-04-26,35.509998,35.849998,35.480000,35.520000,32.442371,43749700
2021-04-27,35.570000,35.849998,35.490002,35.799999,32.698128,50852400
2021-04-28,35.939999,36.040001,35.830002,35.939999,32.825989,35771700
2021-04-29,36.220001,36.610001,36.189999,36.580002,33.410545,48573000
2021-04-30,36.380001,36.509998,36.200001,36.259998,33.118256,43940900
2021-05-03,36.570000,36.639999,36.299999,36.439999,33.282661,33317300
2021-05-04,36.279999,36.730000,36.040001,36.730000,33.547535,66939700
2021-05-05,36.840000,37.169998,36.840000,37.029999,33.821541,38954200
2021-05-06,37.180000,37.590000,36.959999,37.580002,34.323895,43332900
2021-05-07,37.150002,37.790001,37.060001,37.779999,34.506557,64616700
2021-05-10,37.980000,38.259998,37.720001,37.750000,34.479160,56341100
2021-05-11,37.369999,37.709999,36.939999,37.080002,33.867210,82723700
2021-05-12,37.369999,37.509998,36.549999,36.700001,33.520142,97911900
2021-05-13,36.560001,37.520000,36.540001,37.290001,34.059021,66882600
2021-05-14,37.500000,37.980000,37.459999,37.880001,34.597893,44850200
2021-05-17,37.759998,37.990002,37.610001,37.950001,34.661835,40376700
2021-05-18,37.919998,38.049999,37.400002,37.419998,34.177753,40299200
2021-05-19,36.990002,37.209999,36.590000,37.189999,33.967690,63573900
2021-05-20,37.250000,37.470001,36.950001,37.209999,33.985943,59216100
2021-05-21,37.360001,37.779999,37.340000,37.580002,34.323895,44950300
2021-05-24,37.740002,37.849998,37.549999,37.759998,34.488293,29159600
2021-05-25,37.810001,38.099998,37.330002,37.380001,34.141220,38755900
2021-05-26,37.520000,37.660000,37.220001,37.490002,34.241688,38601900
2021-05-27,37.830002,38.020000,37.610001,37.919998,34.634434,39789500
2021-05-28,38.090000,38.090000,37.709999,37.990002,34.698360,39265000
2021-06-01,38.369999,38.480000,38.119999,38.220001,34.908440,35710700
2021-06-02,38.340000,38.380001,38.070000,38.279999,34.963226,37537500
2021-06-03,38.160000,38.599998,38.040001,38.369999,35.045437,54877500
2021-06-04,38.419998,38.500000,38.130001,38.470001,35.136780,27250900
2021-06-07,38.529999,38.529999,38.150002,38.220001,34.908440,37401800
2021-06-08,38.009998,38.240002,37.730000,38.119999,34.817104,47747700
2021-06-09,37.970001,38.020000,37.660000,37.759998,34.488293,40776200
2021-06-10,38.080002,38.180000,37.290001,37.320000,34.086422,53775500
2021-06-11,37.389999,37.580002,37.380001,37.560001,34.305626,40416700
2021-06-14,37.490002,37.549999,36.950001,37.169998,33.949425,50613400
2021-06-15,37.180000,37.430000,37.000000,37.240002,34.013348,51315100
2021-06-16,37.119999,37.450001,36.740002,37.200001,33.976822,84961100
2021-06-17,37.389999,37.410000,35.990002,36.099998,32.972118,97659900
2021-06-18,35.619999,35.740002,35.180000,35.230000,32.177505,180960000
2021-06-21,35.439999,35.930000,35.380001,35.910000,32.928509,89831400
2021-06-22,35.990002,36.110001,35.630001,35.970001,32.983524,42576400
2021-06-23,36.000000,36.209999,35.950001,36.040001,33.047707,48094900
2021-06-24,36.250000,36.580002,36.080002,36.490002,33.460354,42942800
2021-06-25,36.680000,37.029999,36.470001,36.930000,33.863827,56845000
2021-06-28,36.860001,36.889999,36.450001,36.660000,33.616230,70250700
2021-06-29,36.849998,37.049999,36.430000,36.529999,33.497032,61051200
2021-06-30,36.419998,36.770000,36.410000,36.689999,33.643749,42414100
2021-07-01,36.869999,37.000000,36.680000,36.980000,33.909672,36615600
2021-07-02,36.980000,37.020000,36.790001,36.939999,33.872993,27018400
2021-07-06,36.849998,36.869999,36.119999,36.360001,33.341145,49225300
2021-07-07,36.139999,36.490002,36.060001,36.410000,33.386997,43747100
2021-07-08,35.830002,36.040001,35.509998,35.680000,32.717606,75084200
2021-07-09,36.200001,36.759998,36.090000,36.709999,33.662079,70546500
2021-07-12,36.490002,37.139999,36.330002,37.070000,33.992199,62953400
2021-07-13,36.950001,37.009998,36.529999,36.669998,33.625408,44476200
2021-07-14,36.689999,36.930000,36.099998,36.500000,33.469528,69632700
2021-07-15,36.139999,36.849998,36.139999,36.619999,33.579563,53977600
2021-07-16,36.810001,36.810001,36.040001,36.119999,33.121078,56160700
2021-07-19,35.419998,35.610001,34.900002,35.110001,32.194931,89972200
2021-07-20,35.070000,36.220001,35.000000,35.980000,32.992691,70635800
2021-07-21,36.270000,36.779999,36.240002,36.599998,33.561214,59975000
2021-07-22,36.470001,36.560001,36.049999,36.200001,33.194431,35292300
2021-07-23,36.549999,36.650002,36.160000,36.259998,33.249443,36766900
2021-07-26,36.189999,36.540001,36.169998,36.470001,33.442013,25396000
2021-07-27,36.189999,36.619999,36.020000,36.459999,33.432838,38988400
2021-07-28,36.590000,36.639999,36.160000,36.410000,33.386997,42908200
2021-07-29,36.650002,36.970001,36.490002,36.810001,33.753784,41434200
2021-07-30,36.709999,36.980000,36.430000,36.520000,33.487862,52385300
2021-08-02,36.770000,37.189999,36.480000,36.529999,33.497032,47589900
2021-08-03,36.660000,36.990002,36.119999,36.939999,33.872993,42169600
2021-08-04,36.590000,37.020000,36.430000,36.630001,33.588737,52346400
2021-08-05,36.860001,37.110001,36.849998,37.110001,34.028877,37168200
2021-08-06,37.459999,37.930000,37.450001,37.860001,34.716610,58081000
2021-08-09,37.810001,38.139999,37.599998,37.959999,34.808308,48015600
2021-08-10,37.930000,38.470001,37.889999,38.360001,35.175095,40907400
2021-08-11,38.470001,38.810001,38.290001,38.799999,35.578564,48372100
2021-08-12,38.840000,38.919998,38.599998,38.869999,35.642750,44566400
2021-08-13,38.900002,38.950001,38.490002,38.580002,35.376831,43077200
2021-08-16,38.330002,38.520000,37.990002,38.480000,35.285137,48011800
2021-08-17,38.220001,38.500000,37.830002,38.209999,35.037552,52414800
2021-08-18,38.060001,38.330002,37.709999,37.740002,34.606575,39550400
2021-08-19,37.330002,37.740002,37.220001,37.459999,34.349823,48961300
2021-08-20,37.459999,37.750000,37.320000,37.689999,34.560719,33898600
2021-08-23,37.880001,38.160000,37.880001,38.000000,34.844986,28807400
2021-08-24,38.070000,38.320000,38.040001,38.230000,35.055893,37677300
2021-08-25,38.330002,38.919998,38.250000,38.680000,35.468525,47904800
2021-08-26,38.849998,38.900002,38.450001,38.490002,35.294308,38484300
2021-08-27,38.540001,39.009998,38.529999,39.000000,35.761959,38511100
2021-08-30,39.020000,39.040001,38.430000,38.450001,35.257618,30096500
2021-08-31,38.419998,38.689999,38.259998,38.400002,35.211769,49876200
2021-09-01,38.430000,38.450001,38.049999,38.180000,35.010044,43976200
2021-09-02,38.270000,38.450001,38.160000,38.310001,35.129246,29611500
2021-09-03,38.240002,38.320000,37.980000,38.070000,34.909172,34847500
2021-09-07,38.200001,38.200001,37.840000,37.840000,34.698269,39214900
2021-09-08,37.750000,37.930000,37.549999,37.750000,34.615738,32523900
2021-09-09,37.700001,38.220001,37.669998,37.860001,34.716610,33421000
2021-09-10,38.070000,38.110001,37.570000,37.580002,34.459850,39350500
2021-09-13,37.849998,38.070000,37.740002,38.009998,34.854153,40357300
2021-09-14,38.139999,38.279999,37.380001,37.500000,34.386497,45670600
2021-09-15,37.480000,37.950001,37.439999,37.860001,34.716610,36371300
2021-09-16,38.000000,38.189999,37.580002,37.750000,34.615738,42630200
2021-09-17,37.700001,37.939999,37.480000,37.580002,34.459850,82987200
2021-09-20,36.590000,36.689999,36.029999,36.549999,33.660469,95008800
2021-09-21,36.779999,36.919998,36.410000,36.500000,33.614429,45837600
2021-09-22,36.959999,37.369999,36.880001,37.110001,34.176205,58347800
2021-09-23,37.470001,38.200001,37.410000,38.020000,35.014271,71805000
2021-09-24,37.990002,38.349998,37.939999,38.220001,35.198456,48066100
2021-09-27,38.560001,38.849998,38.490002,38.740002,35.677338,58794500
2021-09-28,38.730000,38.919998,38.040001,38.099998,35.087944,96152700
2021-09-29,38.220001,38.299999,37.950001,38.130001,35.115562,49882500
2021-09-30,38.349998,38.360001,37.520000,37.529999,34.563000,73319300
2021-10-01,37.630001,38.410000,37.490002,38.150002,35.133980,70444000
2021-10-04,38.090000,38.590000,37.759998,37.820000,34.830070,69772700
2021-10-05,38.099998,38.750000,37.959999,38.560001,35.511570,56058400
2021-10-06,38.209999,38.630001,37.930000,38.599998,35.548405,63405900
2021-10-07,39.000000,39.240002,38.779999,38.830002,35.760220,53295600
2021-10-08,38.869999,39.160000,38.689999,39.020000,35.935200,38607500
2021-10-11,39.110001,39.400002,38.610001,38.630001,35.576042,50748300
2021-10-12,38.580002,38.770000,38.410000,38.509998,35.465527,58527700
2021-10-13,38.500000,38.540001,37.740002,38.290001,35.262917,72105100
2021-10-14,38.720001,38.939999,38.349998,38.930000,35.852318,51893500
2021-10-15,39.310001,39.709999,39.180000,39.509998,36.386467,58411100
2021-10-18,39.430000,39.750000,39.320000,39.520000,36.395676,56312700
2021-10-19,39.700001,39.910000,39.549999,39.910000,36.754848,33082600
2021-10-20,39.840000,40.230000,39.730000,40.230000,37.049545,44670200
2021-10-21,40.220001,40.310001,39.849998,40.060001,36.892990,35067600
2021-10-22,40.250000,40.689999,40.209999,40.619999,37.408714,41458200
2021-10-25,40.720001,40.770000,40.470001,40.570000,37.362663,33121000
2021-10-26,40.669998,40.860001,40.540001,40.599998,37.390289,41586900
2021-10-27,40.500000,40.680000,39.919998,39.930000,36.773258,62449500
2021-10-28,40.090000,40.439999,40.060001,40.419998,37.224529,44566600
2021-10-29,40.470001,40.549999,40.180000,40.259998,37.077168,42092000
2021-11-01,40.540001,40.630001,40.119999,40.279999,37.095585,37503800
2021-11-02,40.270000,40.500000,40.160000,40.380001,37.187687,31436800
2021-11-03,40.250000,40.680000,40.169998,40.529999,37.325832,42946800
2021-11-04,40.380001,40.480000,39.689999,40.000000,36.837723,48279700
2021-11-05,40.320000,40.490002,39.889999,40.020000,36.856152,57866300
2021-11-08,40.270000,40.529999,40.139999,40.240002,37.058758,32864600
2021-11-09,40.029999,40.160000,39.759998,40.020000,36.856152,48420400
2021-11-10,39.980000,40.200001,39.849998,39.950001,36.791687,60695100
2021-11-11,40.009998,40.189999,39.840000,40.060001,36.892990,31438900
2021-11-12,40.119999,40.160000,39.790001,40.150002,36.975876,39218800
2021-11-15,40.259998,40.360001,40.070000,40.150002,36.975876,30081100
2021-11-16,40.200001,40.349998,40.000000,40.110001,36.939034,32599500
2021-11-17,40.049999,40.049999,39.540001,39.650002,36.515400,53557200
2021-11-18,39.689999,39.770000,39.270000,39.450001,36.331215,42990100
2021-11-19,39.110001,39.250000,38.720001,39.020000,35.935200,71858100
2021-11-22,39.540001,39.959999,39.220001,39.570000,36.441723,81965800
2021-11-23,39.830002,40.220001,39.660000,40.189999,37.012707,61571200
2021-11-24,40.110001,40.259998,39.950001,40.099998,36.929825,40410300
2021-11-26,38.840000,39.009998,38.330002,38.770000,35.704971,76492200
2021-11-29,39.220001,39.360001,38.599998,38.889999,35.815479,79316500
2021-11-30,38.419998,38.580002,37.900002,37.959999,34.958996,121263700
2021-12-01,38.630001,38.880001,37.540001,37.540001,34.572208,101946500
2021-12-02,37.889999,38.869999,37.750000,38.660000,35.603661,98076400
2021-12-03,38.709999,38.810001,37.730000,38.029999,35.023468,97178200
2021-12-06,38.630001,38.980000,38.330002,38.610001,35.557613,69716600
2021-12-07,39.060001,39.410000,38.869999,39.299999,36.193066,115475500
2021-12-08,39.320000,39.480000,38.990002,39.090000,35.999668,53033200
2021-12-09,38.900002,39.209999,38.759998,39.009998,35.926003,45521100
2021-12-10,39.279999,39.290001,38.799999,39.049999,35.962833,38900900
2021-12-13,38.959999,38.970001,38.500000,38.630001,35.576042,44343000
2021-12-14,38.570000,39.150002,38.540001,38.860001,35.787849,51734400
2021-12-15,38.959999,39.090000,38.480000,38.970001,35.889160,70424900
2021-12-16,39.419998,39.740002,39.220001,39.459999,36.340424,71156600
2021-12-17,39.200001,39.250000,38.349998,38.590000,35.539204,97654400
2021-12-20,37.810001,37.860001,37.209999,37.660000,34.848885,85242300
2021-12-21,38.040001,38.610001,38.040001,38.439999,35.570656,57667900
2021-12-22,38.330002,38.650002,38.270000,38.619999,35.737225,49702700
2021-12-23,38.840000,39.169998,38.799999,38.820000,35.922298,39057300
2021-12-27,38.939999,39.220001,38.740002,39.220001,36.292439,36120300
2021-12-28,39.150002,39.490002,39.139999,39.240002,36.310940,34055200
2021-12-29,39.320000,39.430000,39.139999,39.189999,36.264668,27150500
2021-12-30,39.310001,39.529999,39.000000,39.119999,36.199913,30089100
2021-12-31,39.040001,39.240002,38.970001,39.049999,36.135120,28497800
2022-01-03,39.340000,39.680000,39.320000,39.529999,36.579300,49884400
2022-01-04,39.990002,40.700001,39.970001,40.570000,37.541668,74210200
2022-01-05,40.689999,40.900002,40.070000,40.099998,37.106743,76288400
2022-01-06,40.520000,40.720001,40.150002,40.689999,37.652710,57725200
2022-01-07,40.779999,41.270000,40.639999,41.169998,38.096874,62185500
2022-01-10,41.430000,41.459999,40.599998,41.029999,37.967327,73620000
2022-01-11,41.180000,41.410000,40.799999,41.389999,38.300465,60706300
2022-01-12,41.500000,41.660000,41.220001,41.419998,38.328220,51560600
2022-01-13,41.480000,41.700001,41.119999,41.259998,38.180164,51659600
2022-01-14,40.599998,40.869999,40.340000,40.830002,37.782261,81135500
2022-01-18,40.560001,40.599998,39.669998,39.919998,36.940197,82526700
2022-01-19,40.220001,40.240002,39.220001,39.250000,36.320198,85975100
2022-01-20,39.360001,39.869999,38.919998,39.000000,36.088860,80314000
2022-01-21,38.840000,38.950001,38.040001,38.200001,35.348579,117914300
2022-01-24,37.540001,38.389999,36.820000,38.310001,35.450367,169153300
2022-01-25,37.880001,38.750000,37.259998,38.470001,35.598423,97364900
2022-01-26,38.889999,39.209999,38.110001,38.570000,35.690948,106682000
2022-01-27,38.939999,39.340000,37.970001,38.220001,35.367085,91498900
2022-01-28,38.070000,38.730000,37.590000,38.720001,35.829754,79753600
2022-01-31,38.450001,39.090000,38.220001,39.060001,36.144375,58740900
2022-02-01,39.110001,39.700001,38.910000,39.599998,36.644073,64601500
2022-02-02,39.580002,39.939999,39.330002,39.869999,36.893913,46649400
2022-02-03,39.860001,40.000000,39.369999,39.430000,36.486767,50677000
2022-02-04,39.500000,40.439999,39.480000,40.099998,37.106743,77792400
2022-02-07,40.150002,40.480000,39.919998,40.220001,37.217789,52710400
2022-02-08,40.500000,40.880001,40.400002,40.779999,37.735996,56921200
2022-02-09,41.000000,41.310001,40.900002,41.040001,37.976582,67505300
2022-02-10,40.849998,41.389999,40.509998,40.680000,37.643456,67260800
2022-02-11,40.549999,41.040001,39.869999,40.110001,37.116009,77962800
2022-02-14,40.090000,40.230000,39.330002,39.660000,36.699593,71521600
2022-02-15,40.139999,40.410000,40.000000,40.200001,37.199287,55439600
2022-02-16,40.000000,40.410000,39.950001,40.230000,37.227047,41168800
2022-02-17,39.810001,39.939999,39.119999,39.230000,36.301689,59107800
2022-02-18,39.189999,39.549999,39.020000,39.220001,36.292439,47816500
2022-02-22,39.040001,39.400002,38.689999,39.020000,36.107376,60719700
2022-02-23,39.310001,39.430000,38.240002,38.340000,35.478123,64169800
2022-02-24,37.070000,38.000000,36.799999,37.880001,35.052464,143075700
2022-02-25,38.130001,39.200001,38.119999,39.099998,36.181396,99127100
2022-02-28,38.169998,38.770000,38.119999,38.520000,35.644688,107370200
2022-03-01,38.150002,38.259998,36.849998,37.099998,34.330688,129873100
2022-03-02,37.410000,38.279999,37.389999,38.060001,35.219028,88182500
2022-03-03,38.230000,38.430000,37.619999,37.939999,35.107971,71952600
2022-03-04,37.270000,37.279999,36.799999,37.230000,34.450977,105904100
2022-03-07,36.889999,36.930000,35.849998,35.869999,33.192497,116046200
2022-03-08,36.020000,36.669998,35.490002,35.660000,32.998177,114915000
2022-03-09,36.849998,37.279999,36.700001,36.970001,34.210388,88716400
2022-03-10,36.360001,36.900002,36.250000,36.660000,33.923523,71547300
2022-03-11,36.980000,37.209999,36.380001,36.400002,33.682941,76788200
2022-03-14,36.950001,37.459999,36.689999,36.860001,34.108597,70969700
2022-03-15,37.230000,37.439999,36.910000,37.380001,34.589794,51828700
2022-03-16,37.860001,38.490002,37.740002,38.430000,35.561409,87007600
2022-03-17,38.209999,38.919998,37.959999,38.910000,36.005577,58266400
2022-03-18,38.900002,39.099998,38.529999,39.000000,36.088860,82342500
2022-03-21,39.020000,39.139999,38.610001,38.810001,36.053558,46828600
2022-03-22,39.270000,39.689999,39.220001,39.439999,36.638817,61053100
2022-03-23,39.189999,39.279999,38.689999,38.709999,35.960663,42142600
2022-03-24,38.980000,39.060001,38.700001,39.020000,36.248642,30421500
2022-03-25,39.150002,39.599998,39.090000,39.520000,36.713139,48613100
2022-03-28,39.400002,39.439999,38.959999,39.410000,36.610947,44761000
2022-03-29,39.889999,40.009998,39.270000,39.500000,36.694553,67968600
2022-03-30,39.500000,39.520000,38.990002,39.220001,36.434441,47405300
2022-03-31,39.169998,39.330002,38.310001,38.320000,35.598354,66619600
2022-04-01,38.580002,38.660000,37.950001,38.220001,35.505466,68422500
2022-04-04,38.130001,38.360001,37.779999,38.049999,35.347534,134312400
2022-04-05,37.900002,38.310001,37.720001,37.810001,35.124580,56165700
2022-04-06,37.509998,37.709999,37.410000,37.549999,34.883045,55835100
2022-04-07,37.520000,37.689999,36.980000,37.509998,34.845882,53346900
2022-04-08,37.660000,38.060001,37.560001,37.889999,35.198898,44672300
2022-04-11,37.790001,38.160000,37.660000,37.720001,35.040974,54435500
2022-04-12,37.689999,38.040001,37.150002,37.310001,34.660103,67215400
2022-04-13,36.959999,37.330002,36.889999,37.310001,34.660103,57445600
2022-04-14,37.230000,37.490002,36.880001,36.889999,34.269920,68544200
2022-04-18,36.660000,37.279999,36.650002,37.110001,34.474293,52748400
2022-04-19,37.209999,37.680000,37.200001,37.619999,34.948082,41519100
2022-04-20,37.910000,38.150002,37.790001,37.880001,35.189610,54635800
2022-04-21,38.139999,38.320000,37.209999,37.279999,34.632214,54998100
2022-04-22,37.220001,37.230000,36.130001,36.169998,33.601059,73170900
2022-04-25,35.869999,36.310001,35.330002,36.230000,33.656796,91392800
2022-04-26,35.820000,36.200001,35.299999,35.320000,32.811432,81457500
2022-04-27,35.270000,35.650002,35.160000,35.290001,32.783562,81603000
2022-04-28,35.650002,35.869999,35.119999,35.740002,33.201607,62680000
2022-04-29,35.560001,35.689999,34.430000,34.509998,32.058956,74631700
2022-05-02,34.669998,34.790001,33.840000,34.520000,32.068256,104408800
2022-05-03,34.759998,35.320000,34.639999,34.970001,32.486290,73896300
2022-05-04,35.029999,36.099998,34.910000,36.040001,33.480301,87794900
2022-05-05,35.619999,35.689999,34.560001,34.990002,32.504875,101093900
2022-05-06,34.849998,34.900002,34.240002,34.740002,32.272621,99281900
2022-05-09,34.270000,34.480000,33.750000,33.910000,31.501577,85922800
2022-05-10,34.220001,34.439999,33.189999,33.610001,31.222889,107581200
2022-05-11,33.650002,34.330002,33.250000,33.299999,30.934900,110212200
2022-05-12,33.020000,33.360001,32.410000,33.049999,30.702658,114304100
2022-05-13,33.450001,33.810001,33.230000,33.529999,31.148561,64036200
2022-05-16,33.400002,33.549999,32.990002,33.250000,30.888453,55662200
2022-05-17,33.900002,34.240002,33.709999,34.139999,31.715240,62859300
2022-05-18,33.820000,33.869999,33.070000,33.200001,30.842001,74279300
2022-05-19,32.750000,33.220001,32.700001,32.980000,30.637625,71525400
2022-05-20,33.209999,33.380001,32.230000,32.919998,30.581890,77984600
2022-05-23,33.549999,34.240002,33.380001,33.990002,31.575897,78189300
2022-05-24,33.790001,34.029999,33.220001,33.919998,31.510862,77871200
2022-05-25,33.840000,34.400002,33.740002,34.189999,31.761692,72192600
2022-05-26,34.560001,35.099998,34.529999,34.980000,32.495583,50803200
2022-05-27,35.130001,35.639999,35.070000,35.570000,33.043674,43862500
2022-05-31,35.279999,35.740002,35.090000,35.470001,32.950787,64778900
2022-06-01,35.380001,35.470001,34.570000,34.900002,32.421265,48642400
2022-06-02,34.930000,35.410000,34.660000,35.380001,32.867172,45334700
2022-06-03,35.049999,35.200001,34.830002,34.869999,32.393391,36699400
2022-06-06,35.160000,35.520000,34.959999,34.970001,32.486290,32829600
2022-06-07,34.730000,35.270000,34.700001,35.240002,32.737122,32031400
2022-06-08,34.970001,35.070000,34.490002,34.619999,32.161160,38251800
2022-06-09,34.580002,34.599998,33.730000,33.750000,31.352936,49715100
2022-06-10,33.020000,33.139999,32.500000,32.529999,30.219584,74190900
2022-06-13,31.709999,32.099998,31.370001,31.559999,29.318481,104065100
2022-06-14,31.690001,31.910000,31.049999,31.290001,29.067663,75592200
2022-06-15,31.620001,32.090000,31.100000,31.639999,29.392799,87858800
2022-06-16,31.000000,31.010000,30.580000,30.840000,28.649618,100838500
2022-06-17,30.910000,31.280001,30.629999,30.930000,28.733227,116937700
2022-06-21,31.469999,31.580000,31.190001,31.379999,29.306660,58065800
2022-06-22,31.020000,31.600000,30.980000,31.309999,29.241285,48035800
2022-06-23,31.330000,31.389999,30.680000,31.190001,29.129213,69348900
2022-06-24,31.320000,32.369999,31.270000,32.340000,30.203232,65489300
2022-06-27,32.590000,32.590000,32.080002,32.230000,30.100502,47244800
2022-06-28,32.560001,32.869999,31.889999,31.910000,29.801640,42459900
2022-06-29,31.940001,32.060001,31.620001,31.730000,29.633532,64507500
2022-06-30,31.230000,31.730000,30.850000,31.450001,29.372034,75294300
2022-07-01,31.350000,31.980000,31.139999,31.879999,29.773626,77308400
2022-07-05,31.379999,31.790001,31.020000,31.770000,29.670893,51536800
2022-07-06,31.700001,31.950001,31.389999,31.690001,29.596178,48001700
2022-07-07,31.959999,32.240002,31.930000,32.150002,30.025787,33120100
2022-07-08,32.240002,32.340000,31.950001,32.080002,29.960413,29062200
2022-07-11,31.900000,32.060001,31.730000,31.820000,29.717587,30564300
2022-07-12,31.580000,32.200001,31.559999,31.620001,29.530804,38211000
2022-07-13,31.280001,31.549999,30.950001,31.340000,29.269304,51441600
2022-07-14,30.700001,30.840000,30.370001,30.740000,28.708946,57782300
2022-07-15,31.180000,31.959999,31.100000,31.780001,29.680229,59650200
2022-07-18,32.230000,32.450001,31.520000,31.660000,29.568163,38671600
2022-07-19,32.080002,32.709999,31.990000,32.610001,30.455391,40568000
2022-07-20,32.540001,32.790001,32.439999,32.730000,30.567457,38507700
2022-07-21,32.639999,32.939999,32.389999,32.939999,30.763588,40561800
2022-07-22,32.990002,33.160000,32.500000,32.750000,30.586145,25741200
2022-07-25,32.950001,33.110001,32.720001,32.959999,30.782265,24699300
2022-07-26,32.799999,32.990002,32.419998,32.500000,30.352661,26357800
2022-07-27,32.630001,33.160000,32.520000,33.000000,30.819618,44817200
2022-07-28,33.029999,33.250000,32.500000,33.240002,31.043762,40974600
2022-07-29,33.320000,33.820000,33.290001,33.709999,31.482714,38724000
2022-08-01,33.389999,33.619999,33.200001,33.430000,31.221210,35131300
2022-08-02,33.270000,33.490002,33.020000,33.060001,30.875658,36806900
2022-08-03,33.310001,33.639999,33.119999,33.560001,31.342625,27314900
2022-08-04,33.529999,33.619999,33.389999,33.450001,31.239891,24505800
2022-08-05,33.360001,33.849998,33.240002,33.689999,31.464024,34366100
2022-08-08,33.939999,34.049999,33.639999,33.669998,31.445354,24369100
2022-08-09,33.730000,33.930000,33.669998,33.840000,31.604132,26425400
2022-08-10,34.430000,34.730000,34.360001,34.599998,32.313915,45366000
2022-08-11,34.919998,35.230000,34.880001,35.009998,32.696815,46985200
2022-08-12,35.180000,35.570000,35.000000,35.560001,33.210480,36370300
2022-08-15,35.200001,35.650002,35.130001,35.549999,33.201141,25366000
2022-08-16,35.389999,35.970001,35.389999,35.810001,33.443962,41300800
2022-08-17,35.400002,35.790001,35.380001,35.630001,33.275845,33158000
2022-08-18,35.599998,35.720001,35.430000,35.669998,33.313206,15966200
2022-08-19,35.459999,35.459999,34.840000,34.959999,32.650124,33587400
2022-08-22,34.450001,34.459999,34.099998,34.189999,31.931000,36810100
2022-08-23,34.150002,34.400002,34.049999,34.049999,31.800245,23244000
2022-08-24,33.990002,34.340000,33.919998,34.230000,31.968355,20682200
2022-08-25,34.299999,34.790001,34.209999,34.759998,32.463329,26402600
2022-08-26,34.910000,34.919998,33.689999,33.720001,31.492050,38230600
2022-08-29,33.470001,33.720001,33.279999,33.480000,31.267906,34872100
2022-08-30,33.590000,33.700001,33.099998,33.299999,31.099802,41870700
2022-08-31,33.470001,33.590000,33.000000,33.049999,30.866322,39768200
2022-09-01,32.910000,33.200001,32.509998,33.150002,30.959717,40604600
2022-09-02,33.529999,33.810001,32.730000,32.889999,30.716892,43208800
2022-09-06,33.060001,33.139999,32.480000,32.810001,30.642179,45877100
2022-09-07,32.709999,33.520000,32.660000,33.459999,31.249231,35023000
2022-09-08,33.290001,34.070000,33.150002,34.049999,31.800245,50760900
2022-09-09,34.200001,34.450001,34.189999,34.360001,32.089767,41327100
2022-09-12,34.500000,34.820000,34.419998,34.639999,32.351261,41969600
2022-09-13,33.959999,34.080002,33.240002,33.349998,31.146502,60771600
2022-09-14,33.419998,33.580002,32.950001,33.250000,31.053106,39233200
2022-09-15,33.290001,33.790001,33.200001,33.360001,31.155842,47653000
2022-09-16,33.029999,33.119999,32.709999,33.060001,30.875658,53893300
2022-09-19,32.500000,33.279999,32.500000,33.259998,31.225842,36491400
2022-09-20,32.990002,33.060001,32.470001,32.770000,30.765820,42193600
2022-09-21,32.980000,33.099998,32.070000,32.090000,30.127403,49644600
2022-09-22,32.160000,32.209999,31.490000,31.549999,29.620428,52299500
2022-09-23,31.240000,31.309999,30.600000,31.049999,29.151009,56801000
2022-09-26,30.820000,31.110001,30.340000,30.559999,28.690975,49969700
2022-09-27,30.799999,30.959999,30.120001,30.430000,28.568926,60630400
2022-09-28,30.520000,31.209999,30.440001,31.030001,29.132235,46088700
2022-09-29,30.700001,30.820000,30.260000,30.639999,28.766077,41860000
2022-09-30,30.660000,31.040001,30.280001,30.360001,28.503208,37984300
2022-10-03,30.660000,31.340000,30.299999,31.180000,29.273056,47086100
2022-10-04,31.660000,32.369999,31.620001,32.340000,30.362114,53441800
2022-10-05,31.840000,32.270000,31.730000,32.090000,30.127403,41766800
2022-10-06,31.910000,32.130001,31.570000,31.639999,29.704922,34717900
2022-10-07,31.360001,31.459999,30.719999,30.889999,29.000792,36380700
2022-10-10,31.059999,31.190001,30.570000,30.750000,28.869356,31011700
2022-10-11,30.549999,30.870001,30.230000,30.360001,28.503208,50431900
2022-10-12,30.370001,30.690001,30.180000,30.290001,28.437490,48265700
2022-10-13,29.680000,31.620001,29.590000,31.540001,29.611044,83086100
2022-10-14,31.820000,32.189999,30.940001,31.010000,29.113455,60886900
2022-10-17,31.670000,32.000000,31.580000,31.790001,29.845755,47222200
2022-10-18,32.619999,32.660000,31.930000,32.299999,30.324558,48150700
2022-10-19,32.020000,32.290001,31.590000,31.770000,29.826973,35205700
2022-10-20,31.730000,32.049999,31.170000,31.260000,29.348167,43124400
2022-10-21,31.350000,32.220001,31.120001,32.189999,30.221283,54487300
2022-10-24,32.380001,32.770000,32.279999,32.619999,30.624989,40117200
2022-10-25,32.450001,33.070000,32.389999,33.009998,30.991135,33950300
2022-10-26,33.110001,33.459999,33.020000,33.090000,31.066246,38012100
2022-10-27,33.400002,33.730000,33.299999,33.360001,31.319736,41232200
2022-10-28,33.450001,34.230000,33.389999,34.189999,32.098969,36421300
2022-10-31,33.970001,34.209999,33.930000,33.980000,31.901810,40083800
2022-11-01,34.259998,34.349998,33.919998,34.070000,31.986307,38946100
2022-11-02,34.000000,34.599998,33.610001,33.639999,31.582603,58039800
2022-11-03,33.220001,33.560001,33.080002,33.299999,31.263401,40828100
2022-11-04,33.779999,34.090000,33.430000,33.910000,31.836096,41825600
2022-11-07,34.160000,34.270000,33.939999,34.250000,32.155300,30060300
2022-11-08,34.259998,34.619999,34.090000,34.450001,32.343063,34839600
2022-11-09,34.220001,34.349998,33.799999,33.869999,31.798542,42126200
2022-11-10,34.900002,35.630001,34.810001,35.580002,33.403957,67677700
2022-11-11,35.759998,36.029999,35.630001,35.869999,33.676220,46076100
2022-11-14,35.770000,35.799999,35.330002,35.360001,33.197414,38002700
2022-11-15,35.740002,35.880001,35.080002,35.439999,33.272526,57802100
2022-11-16,35.419998,35.509998,35.150002,35.270000,33.112915,32852400
2022-11-17,34.860001,35.099998,34.759998,35.080002,32.934544,35706900
2022-11-18,35.549999,35.599998,35.080002,35.369999,33.206799,39455400
2022-11-21,35.320000,35.549999,35.279999,35.480000,33.310074,24630900
2022-11-22,35.669998,35.880001,35.669998,35.840000,33.648056,29582300
2022-11-23,35.779999,36.080002,35.779999,35.990002,33.788879,27916900
2022-11-25,36.029999,36.160000,35.959999,36.110001,33.901546,11266500
2022-11-28,35.910000,36.060001,35.430000,35.490002,33.319469,34196600
2022-11-29,35.450001,35.779999,35.410000,35.700001,33.516621,31489600
2022-11-30,35.650002,36.320000,35.139999,36.310001,34.089321,58607000
2022-12-01,36.490002,36.490002,35.820000,36.099998,33.892162,58157600
2022-12-02,35.720001,35.959999,35.610001,35.930000,33.732552,40483300
2022-12-05,35.660000,35.720001,34.849998,35.040001,32.896988,53402000
2022-12-06,35.000000,35.200001,34.450001,34.730000,32.605946,45102200
2022-12-07,34.590000,34.980000,34.509998,34.590000,32.474503,37775900
2022-12-08,34.689999,34.860001,34.500000,34.619999,32.502674,46600900
2022-12-09,34.490002,34.779999,34.480000,34.529999,32.418167,40885600
2022-12-12,34.549999,35.029999,34.389999,34.990002,32.850040,72570900
2022-12-13,35.900002,35.900002,34.849998,35.080002,32.934544,55659000
2022-12-14,34.990002,35.330002,34.490002,34.639999,32.521450,54685100
2022-12-15,34.099998,34.240002,33.740002,33.959999,31.883032,70330100
2022-12-16,33.599998,33.799999,33.389999,33.700001,31.638941,59619300
2022-12-19,33.400002,33.740002,33.189999,33.400002,31.553911,37456800
2022-12-20,33.529999,33.770000,33.410000,33.540001,31.686169,45446400
2022-12-21,33.860001,34.160000,33.840000,34.060001,32.177429,31318100
2022-12-22,33.840000,33.869999,33.209999,33.759998,31.894018,25605100
2022-12-23,33.740002,34.000000,33.570000,33.950001,32.073513,17116200
2022-12-27,34.020000,34.099998,33.799999,33.939999,32.064064,25601100
2022-12-28,34.000000,34.090000,33.779999,33.820000,31.950701,24395100
2022-12-29,34.000000,34.349998,33.919998,34.290001,32.394718,26624200
2022-12-30,34.040001,34.270000,33.919998,34.200001,32.309700,24735700
2023-01-03,34.450001,34.689999,34.070000,34.320000,32.423050,37396500
2023-01-04,34.669998,35.119999,34.570000,34.869999,32.942654,44669300
2023-01-05,34.750000,34.750000,34.369999,34.610001,32.697037,45585700
2023-01-06,34.840000,35.490002,34.599998,35.380001,33.424473,41229700
2023-01-09,35.500000,35.700001,35.160000,35.250000,33.301659,48726600
2023-01-10,35.189999,35.480000,35.070000,35.450001,33.490608,34663700
2023-01-11,35.540001,35.779999,35.470001,35.779999,33.802361,32014700
2023-01-12,35.900002,36.060001,35.619999,35.849998,33.868492,56642400
2023-01-13,35.389999,36.169998,35.259998,36.119999,34.123577,65920900
2023-01-17,36.029999,36.049999,35.770000,35.880001,33.896832,65345200
2023-01-18,35.680000,35.900002,35.180000,35.209999,33.263866,53693000
2023-01-19,34.779999,34.980000,34.560001,34.799999,32.876522,61169500
2023-01-20,34.900002,35.369999,34.740002,35.349998,33.396126,42330100
2023-01-23,35.380001,35.910000,35.270000,35.759998,33.783466,44997300
2023-01-24,35.700001,35.939999,35.299999,35.779999,33.802361,34333500
2023-01-25,35.470001,36.070000,35.459999,36.060001,34.066887,38458700
2023-01-26,36.150002,36.310001,35.910000,36.250000,34.246391,29944200
2023-01-27,36.200001,36.459999,36.150002,36.250000,34.246391,30787400
2023-01-30,36.060001,36.330002,36.009998,36.070000,34.076340,31595000
2023-01-31,36.139999,36.570000,35.970001,36.560001,34.539246,30282100
2023-02-01,36.180000,36.880001,36.099998,36.560001,34.539246,51418700
2023-02-02,36.759998,36.810001,36.369999,36.660000,34.633720,42107300
2023-02-03,36.369999,36.900002,36.360001,36.590000,34.567593,43155000
2023-02-06,36.380001,36.590000,36.299999,36.580002,34.558144,32273600
2023-02-07,36.349998,37.110001,36.349998,37.000000,34.954929,33000500
2023-02-08,36.730000,37.099998,36.680000,36.779999,34.747101,34555500
2023-02-09,36.930000,37.040001,36.290001,36.369999,34.359749,44329600
2023-02-10,36.189999,36.520000,36.070000,36.490002,34.473125,28108900
2023-02-13,36.470001,36.910000,36.439999,36.910000,34.869904,32209000
2023-02-14,36.840000,37.080002,36.480000,36.709999,34.680958,33525300
2023-02-15,36.419998,36.770000,36.369999,36.750000,34.718746,28510000
2023-02-16,36.400002,36.660000,36.310001,36.380001,34.369202,34379100
2023-02-17,36.200001,36.439999,36.090000,36.389999,34.378643,35889800
2023-02-21,36.080002,36.130001,35.480000,35.639999,33.670097,36425200
2023-02-22,35.639999,35.779999,35.410000,35.599998,33.632305,31065200
2023-02-23,35.750000,35.919998,35.299999,35.630001,33.660645,42357600
2023-02-24,35.320000,35.770000,35.259998,35.660000,33.688988,48732600
2023-02-27,35.990002,36.049999,35.580002,35.650002,33.679546,31664600
2023-02-28,35.700001,35.900002,35.610001,35.720001,33.745682,32531400
2023-03-01,35.560001,35.759998,35.459999,35.599998,33.632305,32790300
2023-03-02,35.389999,35.470001,35.009998,35.430000,33.471710,38401900
2023-03-03,35.570000,36.000000,35.500000,35.990002,34.000751,33091600
2023-03-06,36.009998,36.240002,35.910000,36.020000,34.029099,30111100
2023-03-07,35.889999,35.919998,35.000000,35.090000,33.150505,53804400
2023-03-08,35.049999,35.240002,34.779999,34.959999,33.027691,50860300
2023-03-09,34.759998,34.820000,33.369999,33.540001,31.686169,107108500
2023-03-10,33.150002,33.720001,32.529999,32.930000,31.109888,166569400
2023-03-13,31.760000,32.320000,31.370001,31.629999,29.881742,165965900
2023-03-14,32.840000,32.849998,31.870001,32.270000,30.486368,128115500
2023-03-15,31.360001,31.540001,30.959999,31.410000,29.673903,132235000
2023-03-16,31.200001,32.340000,30.900000,32.009998,30.240734,133892600
2023-03-17,31.709999,31.709999,30.900000,30.980000,29.267668,136760600
2023-03-20,31.070000,31.440001,31.020000,31.170000,29.593315,75384500
2023-03-21,31.879999,32.040001,31.809999,31.959999,30.343359,115899200
2023-03-22,31.959999,32.049999,31.200001,31.219999,29.640787,67874100
2023-03-23,31.280001,31.600000,30.790001,31.010000,29.441412,82366300
2023-03-24,30.629999,31.020000,30.389999,30.990000,29.422424,76619100
2023-03-27,31.520000,31.590000,31.240000,31.420000,29.830673,61393300
2023-03-28,31.379999,31.520000,31.219999,31.410000,29.821178,42980100
2023-03-29,31.750000,31.879999,31.610001,31.870001,30.257914,52147200
2023-03-30,32.099998,32.119999,31.620001,31.799999,30.191446,45061700
2023-03-31,31.980000,32.160000,31.860001,32.150002,30.523750,49034400
2023-04-03,32.119999,32.340000,32.020000,32.209999,30.580711,51213500
2023-04-04,32.290001,32.340000,31.700001,31.910000,30.295887,45939300
2023-04-05,31.670000,31.959999,31.660000,31.870001,30.257914,57965300
2023-04-06,31.809999,32.049999,31.780001,31.990000,30.371841,36762300
2023-04-10,31.870001,32.070000,31.799999,32.060001,30.438305,27900700
2023-04-11,32.139999,32.480000,32.119999,32.340000,30.704136,53912600
2023-04-12,32.500000,32.669998,32.189999,32.270000,30.637678,63645800
2023-04-13,32.290001,32.580002,32.070000,32.560001,30.913010,58550300
2023-04-14,32.900002,33.150002,32.720001,32.880001,31.216825,65276200
2023-04-17,32.860001,33.270000,32.720001,33.259998,31.577595,69670600
2023-04-18,33.330002,33.430000,33.080002,33.360001,31.672548,49507500
2023-04-19,33.310001,33.529999,33.250000,33.439999,31.748495,39478900
2023-04-20,33.220001,33.430000,33.209999,33.340000,31.653557,39291800
2023-04-21,33.240002,33.259998,33.029999,33.220001,31.539623,41545000
2023-04-24,33.200001,33.320000,33.060001,33.139999,31.463669,32774200
2023-04-25,32.930000,32.990002,32.560001,32.570000,30.922501,58534300
2023-04-26,32.480000,32.660000,32.119999,32.259998,30.628185,54294200
2023-04-27,32.380001,32.840000,32.380001,32.779999,31.121881,46398800
2023-04-28,32.619999,33.200001,32.549999,33.169998,31.492153,54598700
2023-05-01,33.259998,33.430000,33.040001,33.080002,31.406710,31950600
2023-05-02,32.950001,32.959999,32.029999,32.330002,30.694641,76096700
2023-05-03,32.369999,32.529999,31.930000,31.959999,30.343359,65642400
2023-05-04,31.680000,31.850000,31.260000,31.549999,29.954096,76076600
2023-05-05,32.070000,32.380001,32.020000,32.330002,30.694641,55019400
2023-05-08,32.509998,32.619999,32.340000,32.380001,30.742113,34323600
2023-05-09,32.139999,32.389999,32.070000,32.259998,30.628185,29736200
2023-05-10,32.470001,32.540001,31.799999,32.080002,30.457293,39706100
2023-05-11,31.879999,32.080002,31.740000,32.029999,30.409821,36693200
2023-05-12,32.240002,32.240002,31.690001,31.900000,30.286392,36253000
2023-05-15,31.959999,32.220001,31.900000,32.160000,30.533241,33208500
2023-05-16,32.099998,32.189999,31.840000,31.860001,30.248419,31241400
2023-05-17,32.110001,32.590000,32.040001,32.500000,30.856045,46818800
2023-05-18,32.439999,32.779999,32.320000,32.740002,31.083908,42232500
2023-05-19,32.820000,32.919998,32.450001,32.599998,30.950979,40132900
2023-05-22,32.709999,32.779999,32.459999,32.660000,31.007950,35286200
2023-05-23,32.520000,32.689999,32.259998,32.279999,30.647171,42217200
2023-05-24,32.040001,32.070000,31.790001,31.860001,30.248419,46610700
2023-05-25,31.780001,31.959999,31.660000,31.850000,30.238924,41658900
2023-05-26,31.920000,32.189999,31.870001,32.110001,30.485769,44183000
2023-05-30,32.160000,32.230000,31.889999,32.099998,30.476273,57900500
2023-05-31,31.910000,31.940001,31.490000,31.760000,30.153475,67667900
2023-06-01,31.940001,32.169998,31.719999,32.099998,30.476273,48643400
2023-06-02,32.410000,32.919998,32.410000,32.799999,31.140869,65752900
2023-06-05,32.840000,32.840000,32.480000,32.630001,30.979465,53591100
2023-06-06,32.599998,33.090000,32.580002,33.040001,31.368725,46236100
2023-06-07,33.070000,33.240002,32.869999,33.169998,31.492153,48467100
2023-06-08,33.060001,33.189999,32.880001,33.139999,31.463669,36261200
2023-06-09,33.080002,33.290001,33.060001,33.150002,31.473169,34021700
2023-06-12,33.180000,33.270000,32.889999,33.139999,31.463669,33655200
2023-06-13,33.110001,33.480000,33.070000,33.340000,31.653557,46054400
2023-06-14,33.419998,33.590000,33.099998,33.209999,31.530128,57195400
2023-06-15,33.099998,33.730000,33.070000,33.650002,31.947872,52241800
2023-06-16,33.799999,33.830002,33.540001,33.580002,31.881420,49861100
2023-06-20,33.209999,33.270000,32.980000,33.180000,31.642992,50683100
2023-06-21,33.099998,33.299999,33.000000,33.139999,31.604849,35967600
2023-06-22,33.080002,33.090000,32.770000,32.880001,31.356895,38690000
2023-06-23,32.630001,32.849998,32.520000,32.740002,31.223375,35529600
2023-06-26,32.689999,32.939999,32.580002,32.669998,31.156622,25728300
2023-06-27,32.730000,33.000000,32.709999,32.930000,31.404575,34348100
2023-06-28,32.889999,32.900002,32.700001,32.849998,31.328278,36663200
2023-06-29,33.020000,33.419998,32.980000,33.419998,31.871878,47471000
2023-06-30,33.639999,33.849998,33.580002,33.709999,32.148438,44762300
2023-07-03,33.709999,34.000000,33.660000,33.900002,32.329639,19128000
2023-07-05,33.700001,33.919998,33.599998,33.830002,32.262886,39831600
2023-07-06,33.549999,33.580002,33.250000,33.540001,31.986322,45808400
2023-07-07,33.400002,33.869999,33.400002,33.590000,32.033997,33488700
2023-07-10,33.599998,33.930000,33.570000,33.740002,32.177052,27254400
2023-07-11,33.860001,34.180000,33.790001,34.139999,32.558529,33744600
2023-07-12,34.419998,34.599998,34.270000,34.360001,32.768337,46546000
2023-07-13,34.410000,34.529999,34.349998,34.480000,32.882771,40453700
2023-07-14,34.730000,34.740002,34.200001,34.250000,32.663433,47552700
2023-07-17,34.209999,34.680000,34.209999,34.580002,32.978146,38568900
2023-07-18,34.660000,35.000000,34.610001,34.970001,33.350079,47160800
2023-07-19,34.970001,35.259998,34.959999,35.119999,33.493130,45599800
2023-07-20,35.060001,35.389999,35.049999,35.380001,33.741081,45591500
2023-07-21,35.439999,35.459999,35.169998,35.259998,33.626640,30615700
2023-07-24,35.279999,35.709999,35.270000,35.599998,33.950886,32299800
2023-07-25,35.500000,35.580002,35.340000,35.369999,33.731541,36218600
2023-07-26,35.330002,35.689999,35.279999,35.580002,33.931820,35638700
2023-07-27,35.580002,35.669998,35.080002,35.130001,33.502666,44072800
2023-07-28,35.410000,35.419998,35.009998,35.200001,33.569420,32422700
2023-07-31,35.270000,35.439999,35.180000,35.330002,33.693398,28627000
2023-08-01,35.259998,35.360001,35.139999,35.330002,33.693398,26480300
2023-08-02,35.029999,35.160000,34.830002,35.029999,33.407303,48923800
2023-08-03,34.820000,35.130001,34.720001,35.049999,33.426369,31861600
2023-08-04,35.020000,35.360001,34.880001,34.910000,33.292854,36195700
2023-08-07,35.130001,35.459999,35.119999,35.400002,33.760155,33119300
2023-08-08,34.939999,35.110001,34.669998,35.080002,33.454983,37254800
2023-08-09,35.060001,35.160000,34.779999,34.820000,33.207027,38304200
2023-08-10,35.000000,35.259998,34.759998,34.849998,33.235634,38097500
2023-08-11,34.740002,34.980000,34.660000,34.919998,33.302383,27518700
2023-08-14,34.820000,34.919998,34.689999,34.849998,33.235634,23773800
2023-08-15,34.560001,34.599998,34.169998,34.209999,32.625278,57472100
2023-08-16,34.150002,34.419998,34.119999,34.160000,32.577599,33566500
2023-08-17,34.270000,34.320000,33.889999,33.990002,32.415478,38205400
2023-08-18,33.750000,34.080002,33.720001,33.980000,32.405937,40860000
2023-08-21,34.029999,34.099998,33.669998,33.939999,32.367790,32308300
2023-08-22,33.950001,33.990002,33.570000,33.619999,32.062611,43133000
2023-08-23,33.680000,33.959999,33.630001,33.950001,32.377327,30240500
2023-08-24,33.900002,34.310001,33.830002,33.830002,32.262886,35784900
2023-08-25,33.970001,34.119999,33.709999,33.990002,32.415478,40347200
2023-08-28,34.099998,34.299999,34.070000,34.180000,32.596672,34905300
2023-08-29,34.150002,34.500000,34.099998,34.490002,32.892303,43394300
2023-08-30,34.540001,34.709999,34.439999,34.509998,32.911377,33799900
2023-08-31,34.610001,34.619999,34.340000,34.380001,32.787411,27999700
2023-09-01,34.590000,34.799999,34.560001,34.689999,33.083042,41075700
2023-09-05,34.650002,34.790001,34.330002,34.340000,32.749256,38612300
2023-09-06,34.250000,34.389999,34.070000,34.320000,32.730186,35672800
2023-09-07,34.180000,34.380001,34.130001,34.230000,32.644356,47632600
2023-09-08,34.259998,34.369999,34.130001,34.299999,32.711113,39720800
2023-09-11,34.459999,34.639999,34.369999,34.459999,32.863697,28965100
2023-09-12,34.450001,34.939999,34.410000,34.689999,33.083042,48615200
2023-09-13,34.849998,34.889999,34.560001,34.689999,33.083042,31994900
2023-09-14,34.930000,35.060001,34.759998,35.009998,33.388226,65685500
2023-09-15,34.779999,35.040001,34.759998,34.830002,33.216560,51800200
2023-09-18,34.630001,34.820000,34.520000,34.770000,33.307560,32458700
2023-09-19,34.799999,34.869999,34.509998,34.730000,33.269249,36112900
2023-09-20,34.849998,34.959999,34.480000,34.490002,33.039333,31618000
2023-09-21,34.369999,34.369999,33.919998,33.919998,32.493313,48103300
2023-09-22,33.970001,34.000000,33.660000,33.660000,32.244247,41688300
2023-09-25,33.590000,33.759998,33.480000,33.740002,32.320885,40141700
2023-09-26,33.490002,33.639999,33.230000,33.290001,31.889814,46165400
2023-09-27,33.380001,33.380001,32.950001,33.240002,31.841919,49360900
2023-09-28,33.270000,33.599998,33.259998,33.480000,32.071823,63638100
2023-09-29,33.639999,33.689999,33.090000,33.169998,31.774864,52860500
2023-10-02,33.060001,33.139999,32.709999,32.889999,31.506643,49350600
2023-10-03,32.730000,32.820000,32.240002,32.369999,31.008509,52921800
2023-10-04,32.380001,32.630001,32.209999,32.610001,31.238417,40136000
2023-10-05,32.520000,32.820000,32.450001,32.759998,31.382101,41407800
2023-10-06,32.619999,33.230000,32.509998,33.040001,31.650326,54057800
2023-10-09,32.740002,33.130001,32.709999,33.060001,31.669481,61396600
2023-10-10,33.160000,33.509998,33.150002,33.299999,31.899395,44743400
2023-10-11,33.400002,33.529999,33.099998,33.349998,31.947294,35746400
2023-10-12,33.450001,33.450001,32.910000,33.139999,31.746126,41991200
2023-10-13,33.349998,33.660000,33.029999,33.209999,31.813175,53213800
2023-10-16,33.459999,33.720001,33.389999,33.560001,32.148457,45589300
2023-10-17,33.410000,33.939999,33.400002,33.720001,32.301731,41925200
2023-10-18,33.549999,33.580002,33.070000,33.139999,31.746126,46942100
2023-10-19,33.080002,33.259998,32.680000,32.700001,31.324635,66656200
2023-10-20,32.689999,32.750000,32.169998,32.200001,30.845659,59921300
2023-10-23,32.130001,32.360001,31.969999,32.000000,30.654072,55913700
2023-10-24,32.150002,32.369999,32.049999,32.220001,30.864824,35825000
2023-10-25,32.099998,32.320000,32.009998,32.099998,30.749865,59240100
2023-10-26,32.020000,32.349998,31.969999,32.029999,30.682812,56046100
2023-10-27,31.990000,32.029999,31.360001,31.450001,30.127207,73057300
2023-10-30,31.670000,32.090000,31.590000,32.009998,30.663651,48978100
2023-10-31,32.070000,32.369999,32.009998,32.360001,30.998934,41050100
2023-11-01,32.419998,32.700001,32.349998,32.570000,31.200098,51764100
2023-11-02,32.869999,33.360001,32.810001,33.340000,31.937714,47417000
2023-11-03,33.660000,33.939999,33.650002,33.779999,32.359200,58801300
2023-11-06,33.869999,33.919998,33.500000,33.680000,32.263412,40599700
2023-11-07,33.580002,33.709999,33.520000,33.630001,32.215515,27442000
2023-11-08,33.619999,33.700001,33.459999,33.669998,32.253834,30165800
2023-11-09,33.779999,33.830002,33.470001,33.529999,32.119724,34336600
2023-11-10,33.689999,33.939999,33.490002,33.910000,32.483742,35146100
2023-11-13,33.790001,33.950001,33.740002,33.860001,32.435837,28327300
2023-11-14,34.230000,34.689999,34.200001,34.500000,33.048920,54296300
2023-11-15,34.560001,34.790001,34.549999,34.689999,33.230927,35000200
2023-11-16,34.790001,34.869999,34.680000,34.830002,33.365044,33222500
2023-11-17,34.959999,35.020000,34.869999,35.009998,33.537472,31336100
2023-11-20,34.959999,35.230000,34.889999,35.150002,33.671585,37285400
2023-11-21,35.099998,35.220001,35.070000,35.130001,33.652428,27285700
2023-11-22,35.209999,35.340000,35.150002,35.270000,33.786537,32719200
2023-11-24,35.270000,35.439999,35.259998,35.380001,33.891907,13168500
2023-11-27,35.250000,35.320000,35.180000,35.259998,33.776955,35017000
2023-11-28,35.220001,35.369999,35.160000,35.250000,33.767380,39329300
2023-11-29,35.349998,35.709999,35.349998,35.500000,34.006859,36651300
2023-11-30,35.580002,35.900002,35.470001,35.900002,34.390045,37334500
2023-12-01,35.840000,36.209999,35.779999,36.169998,34.648678,51267600
2023-12-04,35.959999,36.270000,35.919998,36.130001,34.610363,41366600
2023-12-05,36.020000,36.029999,35.790001,35.950001,34.437939,39510900
2023-12-06,36.150002,36.279999,35.720001,35.770000,34.265507,35616100
2023-12-07,35.860001,35.959999,35.770000,35.939999,34.428356,26050900
2023-12-08,35.900002,36.189999,35.860001,36.130001,34.610363,33213100
2023-12-11,36.139999,36.419998,36.139999,36.349998,34.821114,31165700
2023-12-12,36.439999,36.619999,36.290001,36.610001,35.070179,37245700
2023-12-13,36.619999,37.240002,36.549999,37.200001,35.635361,56989000
2023-12-14,37.500000,37.709999,37.369999,37.570000,35.989799,66865700
2023-12-15,37.259998,37.439999,37.189999,37.349998,35.779045,69246200
2023-12-18,37.349998,37.419998,37.250000,37.290001,35.898426,43434000
2023-12-19,37.270000,37.580002,37.169998,37.570000,36.167976,32509000
2023-12-20,37.470001,37.560001,36.900002,36.900002,35.522980,52985700
2023-12-21,37.060001,37.270000,36.919998,37.259998,35.869545,27522200
2023-12-22,37.369999,37.490002,37.200001,37.340000,35.946556,30331400
2023-12-26,37.369999,37.560001,37.310001,37.490002,36.090954,17837600
2023-12-27,37.410000,37.610001,37.349998,37.610001,36.206482,32640800
2023-12-28,37.549999,37.799999,37.540001,37.720001,36.312378,25308000
2023-12-29,37.709999,37.770000,37.490002,37.599998,36.196854,30218300
2024-01-02,37.500000,37.779999,37.430000,37.759998,36.350883,31351900
2024-01-03,37.590000,37.650002,37.380001,37.439999,36.042831,46909000
2024-01-04,37.570000,37.889999,37.520000,37.590000,36.187229,36904200
2024-01-05,37.590000,37.950001,37.570000,37.750000,36.341259,44852300
2024-01-08,37.759998,38.009998,37.560001,37.990002,36.572300,39098300
2024-01-09,37.790001,37.799999,37.630001,37.750000,36.341259,36338100
2024-01-10,37.689999,37.840000,37.570000,37.810001,36.399014,37095500
2024-01-11,37.759998,37.810001,37.369999,37.669998,36.264240,49043500
2024-01-12,37.849998,37.990002,37.450001,37.599998,36.196854,41333900
2024-01-16,37.279999,37.410000,37.130001,37.340000,35.946556,44042100
2024-01-17,37.020000,37.419998,37.000000,37.270000,35.879173,38715900
2024-01-18,37.220001,37.369999,36.950001,37.330002,35.936932,42064900
2024-01-19,37.470001,37.980000,37.349998,37.930000,36.514542,59417700
2024-01-22,38.090000,38.299999,38.020000,38.110001,36.687824,51828800
2024-01-23,38.090000,38.200001,38.009998,38.169998,36.745583,46255500
2024-01-24,38.330002,38.529999,38.290001,38.320000,36.889984,43975500
2024-01-25,38.470001,38.549999,38.270000,38.509998,37.072899,50693800
2024-01-26,38.450001,38.720001,38.410000,38.650002,37.207672,38620200
2024-01-29,38.529999,38.779999,38.430000,38.750000,37.303940,44175600
2024-01-30,38.790001,39.279999,38.770000,39.240002,37.775654,43229300
2024-01-31,39.160000,39.450001,38.740002,38.759998,37.313560,65780900
2024-02-01,38.689999,38.849998,38.250000,38.820000,37.371330,63445600
2024-02-02,38.689999,39.160000,38.669998,38.980000,37.525356,61778400
2024-02-05,38.759998,38.880001,38.580002,38.750000,37.303940,37351300
2024-02-06,38.700001,38.889999,38.650002,38.830002,37.380955,41055700
2024-02-07,39.040001,39.169998,38.770000,39.119999,37.660130,39018700
2024-02-08,38.939999,39.090000,38.720001,38.970001,37.515728,47331500
2024-02-09,38.919998,39.099998,38.820000,39.080002,37.621628,50680400
2024-02-12,39.080002,39.430000,38.990002,39.259998,37.794899,39952700
2024-02-13,38.959999,39.060001,38.419998,38.730000,37.284683,62948300
2024-02-14,38.959999,39.130001,38.810001,39.099998,37.640873,58722500
2024-02-15,39.220001,39.849998,39.209999,39.770000,38.285873,58107900
2024-02-16,39.730000,39.810001,39.549999,39.630001,38.151104,37900000
2024-02-20,39.349998,39.660000,39.320000,39.520000,38.045204,39952200
2024-02-21,39.470001,39.639999,39.330002,39.639999,38.160725,40242400
2024-02-22,39.860001,40.240002,39.790001,40.099998,38.603558,55188200
2024-02-23,40.250000,40.470001,40.220001,40.299999,38.796101,42190500
2024-02-26,40.259998,40.529999,40.029999,40.099998,38.603558,38370000
2024-02-27,40.139999,40.220001,39.939999,40.209999,38.709457,42599500
2024-02-28,40.130001,40.500000,40.119999,40.360001,38.853859,40040800
2024-02-29,40.459999,40.549999,40.169998,40.340000,38.834610,37629700
2024-03-01,40.330002,40.419998,40.160000,40.290001,38.786472,40794900
2024-03-04,40.220001,40.500000,40.209999,40.389999,38.882740,53413200
2024-03-05,40.250000,40.630001,40.250000,40.400002,38.892372,50770200
2024-03-06,40.459999,40.730000,40.279999,40.610001,39.094528,58459500
2024-03-07,40.759998,40.840000,40.400002,40.549999,39.036762,35505100
2024-03-08,40.610001,40.830002,40.570000,40.619999,39.104153,47266600
2024-03-11,40.470001,40.730000,40.400002,40.689999,39.171539,36233100
2024-03-12,40.779999,40.980000,40.639999,40.860001,39.335201,53199300
2024-03-13,40.939999,41.169998,40.910000,41.160000,39.624001,43471400
2024-03-14,41.169998,41.250000,40.610001,40.830002,39.306320,65563400
2024-03-15,40.599998,40.980000,40.520000,40.790001,39.267815,67568000
2024-03-18,40.779999,40.919998,40.580002,40.869999,39.492962,39140600
2024-03-19,40.900002,41.090000,40.880001,41.070000,39.686226,36748300
2024-03-20,41.020000,41.590000,40.950001,41.560001,40.159714,52255300
2024-03-21,41.660000,42.000000,41.610001,41.900002,40.488258,49209200
2024-03-22,41.950001,42.040001,41.389999,41.419998,40.024429,32033000
2024-03-25,41.389999,41.459999,41.259998,41.259998,39.869820,31784000
2024-03-26,41.410000,41.529999,41.270000,41.400002,40.005100,30135500
2024-03-27,41.599998,41.900002,41.490002,41.889999,40.478603,36670300
2024-03-28,41.939999,42.220001,41.869999,42.119999,40.700840,41490200
2024-04-01,42.160000,42.200001,41.810001,41.889999,40.478603,37537700
2024-04-02,41.759998,41.820000,41.599998,41.669998,40.266006,36359800
2024-04-03,41.680000,41.959999,41.540001,41.650002,40.246685,39715900
2024-04-04,42.000000,42.080002,41.130001,41.180000,39.792511,52657500
2024-04-05,41.340000,41.680000,41.200001,41.570000,40.169376,47540300
2024-04-08,41.580002,41.820000,41.560001,41.750000,40.343315,35165700
2024-04-09,41.770000,41.880001,41.180000,41.509998,40.111393,51953600
2024-04-10,41.110001,41.270000,40.759998,40.889999,39.512283,59492800
2024-04-11,40.869999,40.930000,40.349998,40.599998,39.232056,56870800
2024-04-12,40.330002,40.500000,39.910000,40.060001,38.710251,81234800
2024-04-15,40.580002,40.740002,39.740002,39.860001,38.516987,71800600
2024-04-16,39.889999,39.980000,39.529999,39.590000,38.256088,66751300
2024-04-17,39.770000,39.950001,39.529999,39.689999,38.352715,41561900
2024-04-18,39.869999,40.180000,39.740002,39.830002,38.488003,48893400
2024-04-19,40.049999,40.459999,39.970001,40.380001,39.019470,55513600
2024-04-22,40.599998,41.099998,40.430000,40.869999,39.492962,50701200
2024-04-23,41.060001,41.230000,40.950001,41.130001,39.744209,36488600
2024-04-24,41.020000,41.180000,40.910000,41.119999,39.734543,33957500
2024-04-25,40.919998,41.029999,40.529999,40.880001,39.502628,50365700
2024-04-26,40.810001,41.049999,40.720001,40.820000,39.444649,35796900
2024-04-29,40.810001,40.990002,40.610001,40.759998,39.386662,36596100
2024-04-30,40.669998,40.759998,40.360001,40.360001,39.000145,34481600
2024-05-01,40.330002,40.849998,40.279999,40.360001,39.000145,54717600
2024-05-02,40.639999,40.700001,40.169998,40.459999,39.096771,37085100
2024-05-03,40.700001,40.790001,40.349998,40.549999,39.183739,45012600
2024-05-06,40.860001,41.070000,40.770000,41.070000,39.686226,42335600
2024-05-07,41.169998,41.290001,41.099998,41.209999,39.821499,42601200
2024-05-08,41.169998,41.430000,41.060001,41.360001,39.966454,28390900
2024-05-09,41.259998,41.669998,41.250000,41.669998,40.266006,31594800
2024-05-10,41.820000,41.910000,41.770000,41.830002,40.420616,34306800
2024-05-13,41.950001,42.020000,41.660000,41.660000,40.256344,29570100
2024-05-14,41.820000,41.900002,41.660000,41.869999,40.459274,30638300
2024-05-15,41.970001,42.220001,41.959999,42.180000,40.758823,36138300
2024-05-16,42.220001,42.380001,42.160000,42.180000,40.758823,36032700
2024-05-17,42.250000,42.490002,42.200001,42.490002,41.058380,29813200
2024-05-20,42.400002,42.459999,41.889999,41.910000,40.497917,35719600
2024-05-21,41.990002,42.220001,41.970001,42.180000,40.758823,33413400
2024-05-22,42.090000,42.270000,41.849998,41.939999,40.526909,38661100
2024-05-23,41.900002,41.939999,41.200001,41.360001,39.966454,51768500
2024-05-24,41.439999,41.619999,41.439999,41.610001,40.208027,23477300
2024-05-28,41.520000,41.520000,41.000000,41.150002,39.763531,31004900
2024-05-29,40.820000,40.950001,40.700001,40.820000,39.444649,40620200
2024-05-30,40.860001,41.130001,40.759998,41.040001,39.657238,32769300
2024-05-31,41.119999,41.680000,41.000000,41.639999,40.237015,38664000
2024-06-03,41.630001,41.680000,41.020000,41.380001,39.985775,37855000
2024-06-04,41.160000,41.500000,41.000000,41.189999,39.802177,27586400
2024-06-05,41.320000,41.360001,41.009998,41.310001,39.918137,23817300
2024-06-06,41.380001,41.500000,41.130001,41.290001,39.898815,39040200
2024-06-07,41.299999,41.709999,41.220001,41.480000,40.082405,42273300
2024-06-10,41.299999,41.369999,41.049999,41.320000,39.927795,31615200
2024-06-11,41.119999,41.139999,40.650002,40.849998,39.473637,54584900
2024-06-12,41.270000,41.320000,40.750000,40.810001,39.434986,46399800
2024-06-13,40.810001,40.820000,40.500000,40.779999,39.405994,39497900
2024-06-14,40.500000,40.730000,40.369999,40.650002,39.280376,29083000
2024-06-17,40.549999,41.020000,40.480000,41.009998,39.628246,36076900
2024-06-18,40.959999,41.270000,40.919998,41.270000,39.879478,38900300
2024-06-20,41.180000,41.599998,41.139999,41.490002,40.092072,42869100
2024-06-21,41.389999,41.430000,41.090000,41.330002,39.937462,42530600
2024-06-24,41.340000,41.849998,41.240002,41.590000,40.347824,45252000
2024-06-25,41.509998,41.639999,41.160000,41.279999,40.047081,32845400
2024-06-26,41.090000,41.110001,40.820000,41.020000,39.794853,37978500
2024-06-27,40.900002,41.020000,40.720001,40.970001,39.746349,25466100
2024-06-28,41.060001,41.369999,40.939999,41.110001,39.882164,44045100
2024-07-01,41.279999,41.549999,41.029999,41.200001,39.969475,36131100
2024-07-02,41.119999,41.680000,41.099998,41.680000,40.435139,27033100
2024-07-03,41.720001,41.759998,41.529999,41.549999,40.309025,21113200
2024-07-05,41.639999,41.639999,41.299999,41.540001,40.299324,21421100
2024-07-08,41.599998,41.849998,41.380001,41.430000,40.192612,27779300
2024-07-09,41.470001,42.020000,41.419998,41.750000,40.503056,33140000
2024-07-10,41.549999,41.919998,41.529999,41.910000,40.658272,28445400
2024-07-11,41.950001,42.310001,41.820000,42.240002,40.978413,45836600
2024-07-12,42.189999,42.560001,42.080002,42.380001,41.114235,39041200
2024-07-15,42.529999,43.040001,42.500000,43.000000,41.715721,46561200
2024-07-16,43.029999,43.509998,42.950001,43.490002,42.191086,52243100
2024-07-17,43.439999,43.900002,43.369999,43.820000,42.511223,54773300
2024-07-18,43.669998,44.110001,43.189999,43.290001,41.997055,58731300
2024-07-19,43.270000,43.360001,42.799999,42.849998,41.570194,47220000
2024-07-22,42.950001,43.169998,42.750000,43.090000,41.803028,29071100
2024-07-23,43.200001,43.389999,43.099998,43.169998,41.880638,23800400
2024-07-24,43.040001,43.130001,42.580002,42.580002,41.308270,47786900
2024-07-25,42.660000,43.369999,42.650002,42.740002,41.463482,44862000
2024-07-26,42.970001,43.540001,42.950001,43.410000,42.113476,32636300
2024-07-29,43.509998,43.540001,43.130001,43.349998,42.055264,35195700
2024-07-30,43.619999,44.000000,43.599998,43.849998,42.540325,31418700
2024-07-31,43.950001,44.110001,43.709999,43.740002,42.433617,38694800
2024-08-01,43.900002,43.959999,42.930000,43.119999,41.832130,47060900
2024-08-02,42.630001,42.779999,41.799999,42.060001,40.803795,78599800
2024-08-05,41.139999,41.230000,40.660000,40.840000,39.620228,107913600
2024-08-06,41.020000,41.990002,40.910000,41.500000,40.260517,57668900
2024-08-07,41.959999,42.360001,41.490002,41.549999,40.309025,43912600
2024-08-08,41.820000,42.270000,41.759998,42.220001,40.959011,41260500
2024-08-09,42.209999,42.509998,42.040001,42.400002,41.133640,23838800
2024-08-12,42.480000,42.590000,42.090000,42.180000,40.920208,20509300
2024-08-13,42.430000,42.560001,42.119999,42.529999,41.259754,24922000
2024-08-14,42.630001,43.130001,42.599998,43.049999,41.764221,30673000
2024-08-15,43.459999,43.689999,43.310001,43.450001,42.152271,33329000
2024-08-16,43.400002,43.770000,43.400002,43.770000,42.462719,25338900
2024-08-19,43.779999,44.020000,43.779999,44.009998,42.695549,24458600
2024-08-20,43.959999,44.000000,43.779999,43.869999,42.559731,19620400
2024-08-21,43.939999,43.990002,43.570000,43.799999,42.491821,19914100
2024-08-22,43.849998,44.049999,43.810001,44.049999,42.734352,24738700
2024-08-23,44.180000,44.540001,44.090000,44.430000,43.103008,32762500
2024-08-26,44.580002,44.810001,44.470001,44.570000,43.238823,23716300
2024-08-27,44.660000,44.820000,44.580002,44.799999,43.461956,21583500
2024-08-28,44.680000,45.160000,44.639999,44.910000,43.568672,24726200
2024-08-29,45.060001,45.459999,44.750000,45.310001,43.956726,33726600
2024-08-30,45.439999,45.779999,45.230000,45.740002,44.373882,28967700
2024-09-03,45.500000,45.880001,45.189999,45.400002,44.044041,39893900
2024-09-04,45.480000,45.770000,45.220001,45.450001,44.092541,32006100
2024-09-05,45.639999,45.660000,44.750000,44.950001,43.607475,39523500
2024-09-06,44.950001,45.200001,44.189999,44.290001,42.967190,51331300
2024-09-09,44.709999,45.200001,44.650002,44.950001,43.607475,41010900
2024-09-10,45.099998,45.139999,43.980000,44.490002,43.161221,59115000
2024-09-11,44.320000,44.349998,43.380001,44.279999,42.957485,59397500
2024-09-12,44.360001,44.520000,44.000000,44.380001,43.054501,37732700
2024-09-13,44.509998,44.689999,44.410000,44.509998,43.180614,32912300
2024-09-16,44.700001,45.099998,44.700001,45.090000,43.743294,37063700
2024-09-17,45.189999,45.480000,45.139999,45.330002,43.976128,27893300
2024-09-18,45.349998,45.689999,45.090000,45.189999,43.840305,41783900
2024-09-19,45.650002,45.810001,45.340000,45.689999,44.325367,46457700
2024-09-20,45.590000,45.660000,45.340000,45.660000,44.296265,48699200
2024-09-23,45.490002,45.669998,45.360001,45.439999,44.242714,31615300
2024-09-24,45.299999,45.299999,44.900002,45.060001,43.872730,40341400
2024-09-25,45.080002,45.139999,44.650002,44.790001,43.609844,32546900
2024-09-26,44.919998,45.110001,44.770000,45.020000,43.833782,31445200
2024-09-27,45.119999,45.439999,45.049999,45.150002,43.960361,23226100
2024-09-30,45.040001,45.340000,44.840000,45.320000,44.125881,23593400
2024-10-01,45.200001,45.310001,44.779999,45.080002,43.892204,32703000
2024-10-02,45.060001,45.230000,44.830002,45.130001,43.940887,37709400
2024-10-03,44.959999,45.049999,44.669998,44.889999,43.707211,23545700
2024-10-04,45.330002,45.689999,45.150002,45.650002,44.447186,40432000
2024-10-07,45.650002,45.669998,44.900002,45.090000,43.901939,26599300
2024-10-08,45.259998,45.459999,45.180000,45.349998,44.155087,28763000
2024-10-09,45.349998,45.860001,45.259998,45.770000,44.564026,28334300
2024-10-10,45.820000,45.860001,45.439999,45.630001,44.427711,34127400
2024-10-11,45.919998,46.599998,45.889999,46.509998,45.284519,52850300
2024-10-14,46.590000,46.849998,46.459999,46.799999,45.566887,35850800
2024-10-15,47.119999,47.389999,46.840000,46.900002,45.664249,42356800
2024-10-16,47.080002,47.500000,46.990002,47.480000,46.228966,44973700
2024-10-17,47.680000,47.810001,47.580002,47.610001,46.355541,45823400
2024-10-18,47.610001,47.720001,47.349998,47.619999,46.365276,34279600
2024-10-21,47.540001,47.650002,47.150002,47.240002,45.995293,26207400
2024-10-22,47.000000,47.230000,46.779999,47.150002,45.907661,30018700
2024-10-23,47.099998,47.220001,46.880001,47.110001,45.868713,20697200
2024-10-24,47.119999,47.209999,46.860001,47.150002,45.907661,19617500
2024-10-25,47.340000,47.419998,46.520000,46.630001,45.401363,25526500
2024-10-28,46.869999,47.250000,46.860001,47.209999,45.966084,31415900
2024-10-29,47.090000,47.220001,46.880001,46.919998,45.683716,27930900
2024-10-30,46.980000,47.430000,46.939999,47.130001,45.888191,28704300
2024-10-31,47.070000,47.209999,46.480000,46.480000,45.255314,53417100
2024-11-01,46.630001,47.000000,46.520000,46.639999,45.411102,40139900
2024-11-04,46.610001,46.650002,46.029999,46.279999,45.060581,41705600
2024-11-05,46.320000,46.730000,46.230000,46.709999,45.479252,35221800
2024-11-06,49.040001,49.680000,48.700001,49.549999,48.244423,153473400
2024-11-07,49.439999,49.439999,48.660000,48.750000,47.465504,70611400
2024-11-08,49.099998,49.470001,48.849998,49.189999,47.893909,60376500
2024-11-11,49.680000,50.139999,49.669998,49.889999,48.575466,63654700
2024-11-12,49.869999,49.939999,49.590000,49.740002,48.429424,58512400
2024-11-13,49.840000,50.130001,49.689999,49.770000,48.458626,31880700
2024-11-14,49.880001,49.990002,49.549999,49.639999,48.332054,38252800
2024-11-15,49.639999,50.009998,49.610001,49.869999,48.555992,40741500
2024-11-18,49.910000,50.110001,49.700001,50.020000,48.702042,27141600
2024-11-19,49.619999,49.880001,49.419998,49.689999,48.380733,27014700
2024-11-20,49.889999,49.919998,49.299999,49.540001,48.234692,33932500
2024-11-21,49.790001,50.400002,49.660000,50.169998,48.848083,50881800
2024-11-22,50.139999,50.779999,50.130001,50.730000,49.393337,42050800
2024-11-25,51.009998,51.250000,50.860001,51.060001,49.714645,47492500
2024-11-26,51.080002,51.259998,50.759998,51.160000,49.812004,28418400
2024-11-27,51.230000,51.619999,51.209999,51.259998,49.909367,31803700
2024-11-29,51.439999,51.570000,51.250000,51.340000,49.987263,15178400
2024-12-02,51.419998,51.490002,50.700001,50.830002,49.490700,55483600
2024-12-03,51.130001,51.130001,50.450001,50.450001,49.120716,46924300
2024-12-04,50.400002,50.439999,50.090000,50.259998,48.935719,41017400
2024-12-05,50.340000,50.669998,50.299999,50.410000,49.081768,33599300
2024-12-06,50.400002,50.570000,50.259998,50.400002,49.072029,23439400
2024-12-09,50.439999,50.490002,49.689999,49.709999,48.400211,41998300
2024-12-10,49.750000,49.980000,49.389999,49.700001,48.390472,38861800
2024-12-11,49.900002,49.919998,49.580002,49.799999,48.487839,35035900
2024-12-12,49.930000,49.970001,49.580002,49.580002,48.273632,23107300
2024-12-13,49.779999,49.799999,49.430000,49.540001,48.234692,39160400
2024-12-16,49.570000,49.630001,49.360001,49.450001,48.147064,35242800
2024-12-17,49.259998,49.270000,48.930000,49.099998,47.806278,46103300
2024-12-18,49.189999,49.299999,47.590000,47.630001,46.375019,72399500
2024-12-19,48.169998,48.529999,47.790001,47.799999,46.540531,63641000
2024-12-20,47.700001,48.889999,47.599998,48.509998,47.231823,56066100
2024-12-23,48.060001,48.459999,47.869999,48.419998,47.345253,43033300
2024-12-24,48.520000,49.009998,48.430000,48.990002,47.902599,18350500
2024-12-26,48.770000,49.130001,48.740002,49.110001,48.019936,20805600
2024-12-27,48.849998,49.169998,48.490002,48.750000,47.667931,33852400
2024-12-30,48.250000,48.500000,47.860001,48.279999,47.208359,34819800
2024-12-31,48.400002,48.570000,48.160000,48.330002,47.257252,25170500
2025-01-02,48.580002,48.770000,47.939999,48.209999,47.139912,35879100
2025-01-03,48.490002,48.619999,48.080002,48.590000,47.511482,25198100
2025-01-06,48.799999,49.020000,48.349998,48.439999,47.364807,54289900
2025-01-07,48.650002,48.759998,48.119999,48.330002,47.257252,57682700
2025-01-08,48.340000,48.500000,48.020000,48.490002,47.413700,36422000
2025-01-10,48.099998,48.139999,47.150002,47.320000,46.269669,53128700
2025-01-13,47.080002,47.680000,47.040001,47.660000,46.602123,36002800
2025-01-14,47.849998,48.290001,47.740002,48.250000,47.179020,39353300
2025-01-15,49.279999,49.610001,49.009998,49.480000,48.381721,61176900
2025-01-16,49.459999,49.849998,49.459999,49.810001,48.704403,33830400
2025-01-17,49.910000,50.320000,49.730000,50.230000,49.115078,43693100
2025-01-21,50.400002,50.709999,50.389999,50.650002,49.525757,33267500
2025-01-22,50.650002,50.660000,50.209999,50.410000,49.291080,37226400
2025-01-23,50.490002,50.790001,50.480000,50.700001,49.574642,32048800
2025-01-24,50.529999,50.900002,50.480000,50.849998,49.721317,39088700
2025-01-27,50.759998,51.439999,50.619999,51.410000,50.268883,61707400
2025-01-28,51.349998,51.549999,51.110001,51.320000,50.180882,39885300
2025-01-29,51.180000,51.740002,51.169998,51.279999,50.141766,43612200
2025-01-30,51.750000,52.040001,51.430000,51.770000,50.620899,64250500
2025-01-31,51.830002,51.970001,51.439999,51.470001,50.327553,40424200
2025-02-03,50.750000,51.400002,50.410000,51.259998,50.122211,77416200
2025-02-04,51.320000,51.389999,51.000000,51.139999,50.004879,41742700
2025-02-05,51.360001,51.689999,51.139999,51.680000,50.532890,34758600
2025-02-06,51.980000,52.130001,51.759998,52.110001,50.953346,34355900
2025-02-07,52.169998,52.259998,51.779999,51.820000,50.669781,40601400
2025-02-10,51.910000,51.980000,51.189999,51.410000,50.268883,37921500
2025-02-11,51.330002,51.639999,51.020000,51.540001,50.396004,45162900
2025-02-12,51.279999,51.380001,50.919998,51.360001,50.219997,45473100
2025-02-13,51.500000,51.770000,51.279999,51.700001,50.552448,36372200
2025-02-14,51.770000,52.020000,51.750000,51.799999,50.650223,29574300
2025-02-18,51.880001,52.200001,51.750000,52.169998,51.012016,33496800
2025-02-19,52.040001,52.250000,51.900002,52.189999,51.031570,31748500
2025-02-20,52.110001,52.150002,51.040001,51.389999,50.249325,47078900
2025-02-21,51.410000,51.500000,50.650002,50.750000,49.623535,51789900
2025-02-24,50.990002,51.410000,50.680000,50.970001,49.838654,56673900
2025-02-25,51.270000,51.410000,50.310001,50.959999,49.828876,50132800
2025-02-26,50.970001,51.320000,50.750000,50.849998,49.721317,31250500
2025-02-27,51.029999,51.799999,50.990002,51.130001,49.995102,44378600
2025-02-28,51.389999,52.259998,51.169998,52.180000,51.021793,63537100
2025-03-03,52.320000,52.639999,51.369999,51.740002,50.591560,76100100
2025-03-04,51.220001,51.279999,49.639999,49.919998,48.811954,99342400
2025-03-05,49.939999,50.450001,49.560001,50.209999,49.095520,75561700
2025-03-06,49.619999,49.959999,49.060001,49.380001,48.283947,55477700
2025-03-07,49.200001,49.330002,48.250000,49.119999,48.029709,87351400
2025-03-10,48.290001,48.610001,47.459999,48.020000,46.954132,78221400
2025-03-11,47.950001,48.080002,47.279999,47.610001,46.553230,72972200
2025-03-12,48.119999,48.189999,47.220001,47.680000,46.621681,60700100
2025-03-13,47.799999,48.080002,47.279999,47.419998,46.367451,49986300
2025-03-14,47.869999,48.599998,47.619999,48.520000,47.443035,49535700
2025-03-17,48.330002,49.330002,48.320000,49.090000,48.000381,43570500
2025-03-18,49.130001,49.290001,48.849998,49.029999,47.941715,32714200
2025-03-19,49.060001,49.830002,48.860001,49.570000,48.469727,44290700
2025-03-20,49.290001,49.980000,49.200001,49.639999,48.538170,46326000
2025-03-21,49.389999,49.639999,49.029999,49.459999,48.362164,53382800
2025-03-24,49.790001,50.270000,49.660000,50.150002,49.214966,43158200
2025-03-25,50.330002,50.509998,50.080002,50.430000,49.489746,24873700
2025-03-26,50.580002,50.910000,50.090000,50.279999,49.342541,39729200
2025-03-27,50.189999,50.450001,49.790001,50.180000,49.244404,32299800
2025-03-28,50.029999,50.299999,49.020000,49.209999,48.292488,45365400
2025-03-31,48.720001,50.060001,48.580002,49.810001,48.881310,38042300
2025-04-01,49.619999,49.970001,49.200001,49.750000,48.822422,37959100
2025-04-02,49.349998,50.330002,49.270000,50.160000,49.224781,41792100
2025-04-03,48.200001,48.650002,47.599998,47.689999,46.800827,101160600
2025-04-04,46.070000,46.410000,44.090000,44.200001,43.375900,128135300
2025-04-07,42.840000,45.650002,42.209999,44.090000,43.267956,179993200
2025-04-08,45.799999,46.220001,43.240002,43.919998,43.101120,98804200
2025-04-09,43.240002,47.610001,43.070000,47.230000,46.349407,177242900
2025-04-10,46.529999,46.599998,44.540001,45.910000,45.054016,93318200
2025-04-11,45.599998,46.970001,45.369999,46.669998,45.799847,63647400
2025-04-14,47.349998,47.619999,46.869999,47.150002,46.270897,52008900
2025-04-15,47.419998,47.900002,47.230000,47.270000,46.388664,41840100
2025-04-16,47.169998,47.340000,46.180000,46.529999,45.662457,47934300
2025-04-17,46.500000,47.209999,46.430000,46.650002,45.780224,61866600
2025-04-21,46.410000,46.549999,45.139999,45.650002,44.798866,43082300
2025-04-22,46.340000,47.279999,46.200001,47.160000,46.280708,38154800
2025-04-23,48.040001,48.730000,47.560001,47.720001,46.830273,50290900
2025-04-24,47.549999,48.340000,47.360001,48.250000,47.350391,26817900
2025-04-25,48.009998,48.230000,47.700001,48.020000,47.124680,28113000
2025-04-28,48.220001,48.570000,47.830002,48.169998,47.271877,33922800
2025-04-29,48.180000,48.759998,47.959999,48.669998,47.762554,42475300
2025-04-30,48.150002,48.930000,47.500000,48.759998,47.850880,33759900
2025-05-01,48.580002,49.070000,48.439999,48.750000,47.841068,34420200
2025-05-02,49.490002,49.939999,49.330002,49.759998,48.832233,35032100
2025-05-05,49.340000,49.830002,49.099998,49.439999,48.518204,24139900
2025-05-06,49.000000,49.560001,48.970001,49.160000,48.243423,28949100
2025-05-07,49.320000,49.720001,49.259998,49.450001,48.528019,30070100
2025-05-08,49.840000,50.369999,49.730000,49.860001,48.930374,31294200
2025-05-09,49.959999,50.040001,49.720001,49.860001,48.930374,22075000
2025-05-12,51.110001,51.200001,50.549999,50.869999,49.921543,44274100
2025-05-13,51.000000,51.320000,50.910000,51.080002,50.127628,33986100
2025-05-14,51.110001,51.169998,50.790001,50.939999,49.990234,38764200
2025-05-15,50.869999,51.360001,50.830002,51.279999,50.323895,34742500
2025-05-16,51.270000,51.669998,51.160000,51.590000,50.628117,53401000
2025-05-19,51.320000,51.770000,51.240002,51.619999,50.657555,26348400
2025-05-20,51.380001,51.520000,51.110001,51.340000,50.382774,26903000
2025-05-21,51.020000,51.169998,50.250000,50.290001,49.352356,40022000
2025-05-22,50.180000,50.520000,49.970001,50.230000,49.293472,33662800
2025-05-23,49.590000,50.290001,49.570000,50.049999,49.116829,33645600
2025-05-27,50.439999,50.959999,50.259998,50.930000,49.980423,38636400
2025-05-28,50.889999,51.020000,50.509998,50.590000,49.646759,31730200
2025-05-29,50.759998,50.860001,50.360001,50.849998,49.901913,34098400
2025-05-30,50.680000,51.049999,50.459999,50.959999,50.009865,37953200
2025-06-02,50.610001,51.000000,50.290001,50.980000,50.029488,30142300
2025-06-03,50.820000,51.130001,50.410000,51.080002,50.127628,33705400
2025-06-04,51.150002,51.209999,50.779999,50.790001,49.843033,24600500
2025-06-05,50.799999,50.880001,50.450001,50.650002,49.705647,42014400
2025-06-06,51.169998,51.439999,51.049999,51.279999,50.323895,34982800
2025-06-09,51.340000,51.360001,50.689999,51.000000,50.049114,28322100
2025-06-10,50.990002,51.080002,50.880001,51.060001,50.108006,27728600
2025-06-11,51.110001,51.340000,50.810001,51.000000,50.049114,39368400
2025-06-12,50.700001,51.009998,50.500000,51.000000,50.049114,25500900
2025-06-13,50.349998,50.459999,49.810001,49.959999,49.028507,54921900
2025-06-16,50.320000,50.880001,50.310001,50.529999,49.587883,35632400
2025-06-17,50.270000,50.480000,50.090000,50.240002,49.303291,31130700
2025-06-18,50.220001,50.770000,50.150002,50.220001,49.283661,45728200
2025-06-20,50.369999,50.580002,50.220001,50.360001,49.421051,44456100
2025-06-23,50.200001,50.840000,49.840000,50.820000,50.043396,43022700
2025-06-24,51.320000,51.770000,51.279999,51.580002,50.791782,41225000
2025-06-25,51.590000,51.599998,51.299999,51.410000,50.624378,33123900
2025-06-26,51.439999,51.830002,51.410000,51.790001,50.998569,37866000
2025-06-27,51.750000,52.230000,51.700001,51.939999,51.146275,38954100
2025-06-30,52.180000,52.439999,52.139999,52.369999,51.569702,42472900
2025-07-01,52.240002,52.770000,52.209999,52.660000,51.855274,33844800
2025-07-02,52.750000,52.759998,52.340000,52.619999,51.815880,40791100
2025-07-03,52.750000,53.270000,52.700001,53.189999,52.377174,25904800
2025-07-07,53.130001,53.250000,52.419998,52.680000,51.874969,34049000
2025-07-08,52.560001,52.599998,52.180000,52.209999,51.412144,53715000
2025-07-09,52.480000,52.500000,52.139999,52.400002,51.599247,36634900
2025-07-10,52.279999,52.759998,52.279999,52.709999,51.904507,27992600
2025-07-11,52.360001,52.410000,52.080002,52.160000,51.362915,30289900
2025-07-14,52.150002,52.580002,52.020000,52.549999,51.746952,27636500
2025-07-15,52.340000,52.450001,51.650002,51.650002,50.860710,47704600
2025-07-16,51.930000,52.060001,51.330002,52.009998,51.215206,46726500
2025-07-17,51.869999,52.599998,51.810001,52.509998,51.707565,48213900
2025-07-18,52.580002,52.650002,52.430000,52.540001,51.737106,29791300
2025-07-21,52.570000,52.939999,52.369999,52.389999,51.589397,36871400
2025-07-22,52.500000,52.750000,52.470001,52.680000,51.874969,32289100
2025-07-23,52.799999,53.099998,52.560001,53.099998,52.288548,32111300
2025-07-24,53.119999,53.439999,53.009998,53.070000,52.259007,32371900
2025-07-25,53.099998,53.490002,52.990002,53.439999,52.623352,28964700
2025-07-28,53.380001,53.439999,52.959999,53.070000,52.259007,29119300
2025-07-29,53.250000,53.299999,52.680000,52.799999,51.993134,37883200
2025-07-30,52.779999,53.029999,52.439999,52.700001,51.894661,37260100
2025-07-31,52.480000,52.990002,52.270000,52.369999,51.569702,46179400
2025-08-01,51.720001,51.759998,51.049999,51.400002,50.614529,63060800
2025-08-04,51.599998,51.910000,51.490002,51.910000,51.116734,40053100
2025-08-05,52.049999,52.090000,51.360001,51.700001,50.909943,33551000
2025-08-06,51.810001,52.029999,51.660000,51.950001,51.156124,34198700
2025-08-07,52.180000,52.250000,51.220001,51.369999,50.584984,43119400
2025-08-08,51.669998,51.970001,51.500000,51.849998,51.057648,39484400
2025-08-11,51.959999,52.029999,51.720001,51.830002,51.037960,29351200
2025-08-12,52.049999,52.549999,52.040001,52.459999,51.658329,37510000
2025-08-13,52.660000,52.910000,52.490002,52.759998,51.953743,41154900
2025-08-14,52.709999,53.049999,52.529999,53.009998,52.199924,35841500
2025-08-15,53.130001,53.160000,52.419998,52.459999,51.658329,46108500
2025-08-18,52.389999,52.560001,52.290001,52.500000,51.697720,25405100
2025-08-19,52.450001,52.869999,52.450001,52.599998,51.796188,24870800
2025-08-20,52.639999,53.009998,52.509998,52.869999,52.062065,39138800
2025-08-21,52.720001,52.799999,52.349998,52.700001,51.894661,29037000
2025-08-22,52.970001,53.680000,52.950001,53.570000,52.751369,47249800
2025-08-25,53.470001,53.580002,53.240002,53.259998,52.446106,24756500
2025-08-26,53.099998,53.689999,53.099998,53.669998,52.849834,27907000
2025-08-27,53.540001,53.939999,53.509998,53.779999,52.958157,39530100
2025-08-28,53.889999,53.910000,53.700001,53.849998,53.027088,28837300
2025-08-29,53.900002,54.139999,53.799999,53.990002,53.164948,36062400
2025-09-02,53.700001,53.700001,53.119999,53.590000,52.771061,38733100
2025-09-03,53.500000,53.599998,53.130001,53.500000,52.682442,36420100
2025-09-04,53.689999,54.080002,53.570000,54.060001,53.233875,32730000
2025-09-05,54.110001,54.250000,52.869999,53.070000,52.259007,58377100
2025-09-08,53.090000,53.169998,52.840000,53.110001,52.298397,49490900
2025-09-09,52.980000,53.590000,52.959999,53.340000,52.524883,38884500
2025-09-10,53.169998,53.400002,52.930000,53.160000,52.347633,32915900
2025-09-11,53.189999,54.070000,53.180000,54.029999,53.204338,36635400
2025-09-12,53.959999,54.070000,53.709999,53.799999,52.977848,25705900
2025-09-15,53.889999,54.090000,53.619999,53.680000,52.859688,31922000
2025-09-16,53.610001,53.669998,53.270000,53.560001,52.741520,28482500
2025-09-17,53.669998,54.330002,53.650002,54.080002,53.253574,47976100
2025-09-18,54.110001,54.500000,53.990002,54.130001,53.302811,36609100
2025-09-19,54.259998,54.410000,53.919998,54.250000,53.420975,46731400
2025-09-22,53.700001,54.060001,53.639999,54.000000,53.349842,32393000
2025-09-23,53.950001,54.490002,53.630001,53.759998,53.112732,28698900
2025-09-24,53.830002,53.959999,53.500000,53.610001,52.964539,23893400
2025-09-25,53.470001,53.709999,53.240002,53.470001,52.826225,24757500
2025-09-26,53.709999,54.099998,53.639999,53.860001,53.211533,30686100
2025-09-29,54.040001,54.150002,53.740002,54.130001,53.478275,20713800
2025-09-30,54.060001,54.240002,53.419998,53.869999,53.221405,32442200
2025-10-01,53.610001,53.759998,53.369999,53.389999,52.747185,33210100
2025-10-02,53.310001,53.480000,53.060001,53.349998,52.707672,32443400
2025-10-03,53.419998,53.970001,53.380001,53.720001,53.073215,32111600
2025-10-06,53.930000,54.070000,53.299999,53.700001,53.053455,32001300
2025-10-07,53.880001,54.049999,53.520000,53.770000,53.122612,31250500
2025-10-08,53.930000,53.950001,53.340000,53.509998,52.865746,26848700
2025-10-09,53.630001,53.810001,53.189999,53.320000,52.678028,33922400
2025-10-10,53.459999,53.680000,52.160000,52.160000,51.531998,73596200
2025-10-13,52.549999,52.820000,52.340000,52.660000,52.025978,39651900
2025-10-14,52.450001,53.650002,52.250000,53.240002,52.598995,62588700
2025-10-15,53.430000,53.759998,52.860001,53.240002,52.598995,39526600
2025-10-16,53.090000,53.119999,51.540001,51.759998,51.136810,85420100
2025-10-17,51.900002,52.360001,51.730000,52.180000,51.551758,52288900
2025-10-20,52.360001,52.900002,52.290001,52.790001,52.154411,39479600
2025-10-21,52.660000,53.130001,52.660000,52.730000,52.095135,31213600
2025-10-22,52.779999,52.820000,52.119999,52.430000,51.798748,53727500
2025-10-23,52.590000,52.680000,52.290001,52.540001,51.907421,29483700
2025-10-24,52.849998,53.279999,52.810001,53.110001,52.470558,31947800
2025-10-27,53.369999,53.430000,53.200001,53.330002,52.687912,27154100
2025-10-28,53.330002,53.400002,52.939999,52.990002,52.352005,33648000
2025-10-29,52.450001,52.580002,51.869999,52.090000,51.462841,61846300
2025-10-30,52.020000,52.820000,52.020000,52.230000,51.601154,48568700
2025-10-31,52.009998,52.500000,51.939999,52.369999,51.739464,40425800
2025-11-03,52.330002,52.340000,51.650002,52.150002,51.522118,38693200
2025-11-04,51.950001,52.540001,51.840000,52.419998,51.788868,44675200
2025-11-05,52.490002,52.820000,52.180000,52.599998,51.966698,38036300
2025-11-06,52.509998,52.700001,52.169998,52.410000,51.778988,42625700
2025-11-07,52.279999,52.799999,52.090000,52.779999,52.144527,46218700
2025-11-10,52.930000,53.150002,52.650002,52.970001,52.332245,42010600
2025-11-11,53.070000,53.340000,52.880001,53.209999,52.569351,29995800
2025-11-12,53.220001,53.889999,53.220001,53.669998,53.023815,46052700
2025-11-13,53.570000,53.759998,52.880001,52.980000,52.342121,50455300
2025-11-14,52.810001,52.810001,52.270000,52.450001,51.818504,46154600
2025-11-17,52.470001,52.490002,51.250000,51.450001,50.830544,70048500
2025-11-18,51.279999,51.750000,51.150002,51.369999,50.751507,66043600
2025-11-19,51.380001,51.650002,51.189999,51.560001,50.939224,46003900
2025-11-20,52.029999,52.389999,51.080002,51.110001,50.494640,70096400
2025-11-21,51.459999,51.970001,51.139999,51.669998,51.047894,68942900
2025-11-24,51.740002,51.970001,51.330002,51.889999,51.265247,43789100
2025-11-25,52.110001,52.660000,51.910000,52.540001,51.907421,50989800
2025-11-26,52.669998,53.150002,52.599998,52.950001,52.312485,35268500
2025-11-28,53.099998,53.549999,53.029999,53.330002,52.687912,16136100
2025-12-01,53.070000,53.400002,52.840000,52.889999,52.253208,29296300
2025-12-02,52.990002,53.139999,52.639999,52.840000,52.203812,29771500
2025-12-03,52.939999,53.599998,52.880001,53.549999,52.905258,32018000
2025-12-04,53.590000,53.910000,53.470001,53.660000,53.013939,33678700
2025-12-05,53.540001,53.930000,53.450001,53.680000,53.033695,28532300
2025-12-08,53.700001,53.709999,53.279999,53.480000,52.836102,31164200
2025-12-09,53.500000,53.950001,53.250000,53.279999,52.638512,46335400
2025-12-10,53.279999,54.080002,53.209999,53.889999,53.241169,45437500
2025-12-11,53.959999,54.980000,53.930000,54.869999,54.209370,51786500
2025-12-12,55.160000,55.209999,54.709999,54.950001,54.288406,64428900
2025-12-15,55.180000,55.310001,54.820000,54.990002,54.327923,35356800
2025-12-16,55.040001,55.160000,54.480000,54.639999,53.982136,37342300
2025-12-17,54.799999,55.070000,54.580002,54.630001,53.972260,41112400
2025-12-18,54.770000,55.020000,54.360001,54.540001,53.883339,35021600
2025-12-19,54.560001,55.020000,54.560001,54.840000,54.179729,46595300
2025-12-22,54.750000,55.439999,54.740002,55.320000,54.844971,37987800
2025-12-23,55.310001,55.560001,55.310001,55.430000,54.954025,24732900
2025-12-24,55.509998,55.889999,55.410000,55.730000,55.251450,15685800
2025-12-26,55.709999,55.799999,55.439999,55.619999,55.142391,20410100
2025-12-29,55.590000,55.680000,55.259998,55.320000,54.844971,34223800
2025-12-30,55.400002,55.400002,55.139999,55.180000,54.706173,16160900
2025-12-31,55.220001,55.259998,54.750000,54.770000,54.299690,22996200
2026-01-02,54.830002,55.000000,54.340000,54.930000,54.458321,36087100
2026-01-05,54.820000,56.509998,54.820000,56.130001,55.648014,58044100
2026-01-06,56.040001,56.520000,55.990002,56.400002,55.915699,38950800
2026-01-07,56.230000,56.340000,55.540001,55.610001,55.132481,44720900
2026-01-08,55.450001,56.250000,55.410000,55.900002,55.419991,35358300
2026-01-09,55.980000,56.160000,55.720001,55.730000,55.251450,29544900
2026-01-12,55.029999,55.360001,54.840000,55.290001,54.815228,42021600
2026-01-13,55.150002,55.230000,54.150002,54.230000,53.764328,77045100
2026-01-14,54.049999,54.180000,53.689999,54.150002,53.685020,59754600
2026-01-15,54.220001,54.700001,54.209999,54.369999,53.903126,48490800
2026-01-16,54.369999,54.759998,54.290001,54.439999,53.972523,44363200
2026-01-20,53.610001,54.110001,53.099998,53.200001,52.743176,57030800
2026-01-21,53.369999,53.830002,53.240002,53.459999,53.000938,49360300
2026-01-22,53.650002,54.049999,53.639999,53.810001,53.347939,46919300
2026-01-23,53.490002,53.509998,52.880001,53.070000,52.614288,47057500
2026-01-26,53.099998,53.549999,53.090000,53.410000,52.951370,31072700
2026-01-27,53.320000,53.430000,52.840000,53.000000,52.544891,38633700
2026-01-28,52.930000,53.209999,52.759998,52.990002,52.534977,45450800
2026-01-29,53.320000,53.630001,52.990002,53.549999,53.090168,51975400
2026-01-30,53.380001,53.660000,53.020000,53.439999,52.981110,42767000
2026-02-02,53.450001,54.090000,53.200001,54.029999,53.566044,48031500
2026-02-03,53.720001,54.169998,53.160000,53.529999,53.070339,66887100
2026-02-04,53.509998,54.180000,53.400002,53.959999,53.496643,59506400
2026-02-05,53.939999,54.060001,53.180000,53.290001,52.832397,64475000
2026-02-06,53.830002,54.349998,53.830002,54.259998,53.794071,53073800
2026-02-09,54.080002,54.389999,53.900002,53.939999,53.476818,31699900
2026-02-10,53.700001,54.259998,53.119999,53.549999,53.090168,57920800
2026-02-11,53.669998,53.930000,52.689999,52.740002,52.287125,60339900
2026-02-12,52.900002,53.110001,51.430000,51.689999,51.246140,94645100
2026-02-13,51.549999,51.930000,51.250000,51.650002,51.206482,56449300
2026-02-17,51.820000,52.410000,51.820000,52.200001,51.751762,54064700
2026-02-18,52.349998,52.779999,52.279999,52.590000,52.138412,45224000
2026-02-19,52.139999,52.380001,51.740002,52.150002,51.702190,47344400
2026-02-20,52.040001,52.500000,51.720001,52.490002,52.039272,52934100
2026-02-23,52.189999,52.470001,50.639999,50.730000,50.294384,94600400
2026-02-24,50.450001,51.180000,50.240002,50.980000,50.542236,64114100
2026-02-25,51.240002,51.889999,51.169998,51.869999,51.424595,47652800
2026-02-26,52.070000,52.660000,51.980000,52.500000,52.049183,60884300
2026-02-27,51.880001,52.060001,51.009998,51.430000,50.988373,81998700
2026-03-02,50.610001,51.630001,50.459999,51.299999,50.859486,70107200
2026-03-03,50.290001,51.549999,50.080002,51.209999,50.770260,94738700
2026-03-04,51.330002,51.650002,51.080002,51.500000,51.057770,51472400
2026-03-05,51.240002,51.820000,50.910000,51.230000,50.790092,58430700
2026-03-06,50.439999,50.619999,49.750000,50.570000,50.135754,75632700
2026-03-09,49.919998,50.520000,49.180000,50.330002,49.897820,78178700
2026-03-10,50.330002,50.689999,49.750000,50.060001,49.630138,70834200
2026-03-11,49.980000,50.119999,49.220001,49.639999,49.213745,56301200
2026-03-12,48.980000,49.220001,48.790001,48.830002,48.410702,67871700
2026-03-13,49.110001,49.459999,48.849998,48.889999,48.470184,47595200
2026-03-16,49.250000,49.750000,49.110001,49.299999,48.876663,45720100
2026-03-17,49.700001,50.189999,49.509998,49.560001,49.134434,46974000
2026-03-18,49.369999,49.709999,48.919998,48.970001,48.549500,49239100
2026-03-19,48.770000,49.180000,48.520000,48.990002,48.569324,58374000
2026-03-20,48.959999,49.340000,48.790001,49.080002,48.658554,82914000
2026-03-23,49.700001,49.860001,49.220001,49.270000,49.098011,81044800
2026-03-24,48.799999,49.590000,48.779999,49.279999,49.107975,43296400
2026-03-25,49.590000,49.950001,48.990002,49.340000,49.167767,40438800
2026-03-26,49.110001,49.490002,48.880001,49.049999,48.878777,45035700
2026-03-27,48.790001,48.840000,47.669998,47.810001,47.643108,64823900
2026-03-30,48.230000,48.720001,48.090000,48.360001,48.191189,58128900
2026-03-31,48.919998,49.459999,48.509998,49.369999,49.197662,85361900
2026-04-01,49.799999,49.849998,49.139999,49.439999,49.267418,61558300
2026-04-02,48.830002,49.810001,48.599998,49.529999,49.357101,39519800
2026-04-06,49.509998,50.009998,49.450001,49.880001,49.705883,27345800
2026-04-07,49.619999,50.020000,49.500000,49.880001,49.705883,31750000
2026-04-08,51.189999,51.480000,50.959999,51.200001,51.021275,48175400
2026-04-09,50.939999,51.540001,50.799999,51.330002,51.150822,30330500
2026-04-10,51.230000,51.290001,50.639999,50.770000,50.592773,35427500
2026-04-13,50.500000,51.669998,50.419998,51.660000,51.479668,33635900
2026-04-14,51.509998,51.910000,51.439999,51.779999,51.599247,36498400
2026-04-15,52.070000,52.330002,51.820000,52.169998,51.987885,33804700
2026-04-16,52.090000,52.410000,51.919998,52.029999,51.848373,25432000
2026-04-17,52.369999,52.980000,52.299999,52.430000,52.246979,45183400
2026-04-20,52.340000,52.759998,52.259998,52.630001,52.446281,26160600
2026-04-21,52.709999,53.189999,52.200001,52.299999,52.117432,34150100
2026-04-22,52.480000,52.650002,52.070000,52.209999,52.027748,31838400
2026-04-23,52.080002,52.169998,51.299999,51.799999,51.619179,44647900
2026-04-24,51.580002,51.669998,51.320000,51.419998,51.240505,27225300
2026-04-27,51.310001,51.900002,51.270000,51.810001,51.629147,25764300
2026-04-28,52.200001,52.400002,51.799999,51.849998,51.669003,24337500
2026-04-29,52.130001,52.299999,51.700001,51.919998,51.738758,22153100
2026-04-30,51.509998,52.250000,51.200001,52.130001,51.948029,31406400
2026-05-01,52.400002,52.610001,51.919998,51.919998,51.738758,39618200
2026-05-04,51.779999,52.189999,51.490002,51.580002,51.399948,44456300
2026-05-05,51.570000,51.770000,51.380001,51.590000,51.409912,27419600
2026-05-06,51.919998,52.240002,51.779999,51.840000,51.659039,39084600
2026-05-07,51.779999,52.080002,51.419998,51.549999,51.370052,36983100
2026-05-08,51.680000,51.740002,51.139999,51.240002,51.061134,29627700
2026-05-11,51.259998,51.459999,50.959999,51.180000,51.001343,30759200
2026-05-12,51.180000,51.700001,50.810001,51.580002,51.399948,44193700
2026-05-13,51.139999,51.330002,50.959999,50.990002,50.812008,33440200
2026-05-14,51.270000,51.490002,51.099998,51.290001,51.110962,37059700
2026-05-15,51.320000,51.500000,51.040001,51.099998,50.921623,29789800
2026-05-18,51.009998,51.799999,50.970001,51.740002,51.559391,32974600
2026-05-19,51.630001,51.790001,51.049999,51.099998,50.921623,35956300
2026-05-20,51.230000,51.709999,50.779999,51.660000,51.479668,42148400
2026-05-21,51.459999,51.830002,51.209999,51.730000,51.549423,33344200
2026-05-22,51.900002,52.169998,51.840000,51.939999,51.758690,23308000
2026-05-26,52.000000,52.230000,51.720001,51.849998,51.669003,24530200
2026-05-27,51.740002,51.990002,51.299999,51.419998,51.240505,45239100
2026-05-28,51.189999,51.500000,51.020000,51.270000,51.091030,40564600
2026-05-29,51.279999,51.790001,51.169998,51.580002,51.399948,34240300
2026-06-01,51.230000,51.599998,51.189999,51.430000,51.250473,34507600
2026-06-02,51.230000,51.660000,50.980000,51.459999,51.280365,30988800
2026-06-03,51.139999,51.160000,50.520000,50.869999,50.692425,44906700
2026-06-04,51.540001,52.299999,51.480000,52.189999,52.007816,57368100
2026-06-05,52.380001,52.480000,52.060001,52.299999,52.117432,42101700
2026-06-08,52.240002,52.470001,51.959999,51.970001,51.788586,39102700
2026-06-09,52.180000,52.700001,52.040001,52.459999,52.276875,41695100
2026-06-10,52.500000,52.810001,52.209999,52.230000,52.047676,31128400
2026-06-11,52.349998,52.770000,52.040001,52.619999,52.436317,41295600
2026-06-12,52.959999,53.549999,52.810001,53.340000,53.153805,51023300
2026-06-15,53.759998,53.970001,53.480000,53.560001,53.373035,37492400
2026-06-16,54.009998,54.430000,53.849998,54.349998,54.160278,37478300
2026-06-17,54.290001,54.889999,53.900002,54.049999,53.861324,49571900
2026-06-18,54.549999,54.610001,53.459999,53.570000,53.382999,37816800
2026-06-22,53.619999,54.020000,53.570000,53.700001,53.700001,27962800
2026-06-23,53.630001,54.029999,53.490002,53.880001,53.880001,33375300
2026-06-24,53.860001,54.099998,53.540001,53.720001,53.720001,30809600
2026-06-25,53.919998,54.680000,53.400002,53.450001,53.450001,31634800
2026-06-26,53.560001,53.939999,53.200001,53.570000,53.570000,26643000
2026-06-29,53.700001,54.029999,53.680000,53.720001,53.720001,31628000
2026-06-30,53.660000,53.849998,53.400002,53.610001,53.610001,27725300
2026-07-01,53.830002,55.080002,53.750000,54.779999,54.779999,47809800
2026-07-02,55.279999,55.639999,55.009998,55.619999,55.619999,46246100
2026-07-06,55.849998,56.160000,55.580002,56.139999,56.139999,32043700
2026-07-07,56.310001,56.590000,56.009998,56.049999,56.049999,27116500
2026-07-08,55.790001,55.799999,54.950001,54.970001,54.970001,41648100
2026-07-09,55.070000,55.689999,54.970001,55.540001,55.540001,26542000
2026-07-10,55.990002,56.029999,55.360001,55.709999,55.709999,24046300
2026-07-13,55.980000,56.160000,55.610001,56.070000,56.070000,33391000
2026-07-14,55.599998,56.799999,55.590000,56.180000,56.180000,43208800
2026-07-15,56.299999,56.820000,56.180000,56.560001,56.560001,49425400
2026-07-16,56.759998,56.840000,56.389999,56.750000,56.750000,27591200
2026-07-17,56.430000,56.939999,56.119999,56.259998,56.259998,42881800
2026-07-20,56.299999,56.380001,55.889999,56.040001,56.040001,38162600
2026-07-21,55.990002,56.334999,55.720001,56.110001,56.110001,25064891
