Date,Open,High,Low,Close,AdjClose,Volume
2005-01-03,31.250000,31.290001,30.770000,30.799999,20.512524,421800
2005-01-04,30.830000,30.940001,30.290001,30.420000,20.259455,1901800
2005-01-05,30.299999,30.420000,30.190001,30.209999,20.119581,882400
2005-01-06,30.200001,30.459999,30.200001,30.309999,20.186190,252600
2005-01-07,30.410000,30.450001,30.100000,30.170000,20.092951,245400
2005-01-10,30.250000,30.379999,30.120001,30.280001,20.166212,222400
2005-01-11,30.299999,30.299999,30.000000,30.139999,20.072971,371300
2005-01-12,30.100000,30.299999,29.799999,30.180000,20.099604,826400
2005-01-13,30.250000,30.250000,29.799999,29.889999,19.906471,333600
2005-01-14,29.870001,30.150000,29.870001,30.090000,20.039665,427400
2005-01-18,29.700001,30.219999,29.600000,30.209999,20.119581,1082900
2005-01-19,30.100000,30.209999,29.959999,29.969999,19.959751,205900
2005-01-20,29.770000,30.020000,29.700001,29.700001,19.779928,727400
2005-01-21,29.760000,29.900000,29.490000,29.510000,19.653400,504700
2005-01-24,29.549999,29.650000,29.389999,29.420000,19.593458,436900
2005-01-25,29.600000,29.799999,29.510000,29.700001,19.779928,380300
2005-01-26,29.549999,29.980000,29.549999,29.760000,19.819885,825500
2005-01-27,29.900000,29.900000,29.600000,29.840000,19.873173,430700
2005-01-28,29.650000,29.900000,29.629999,29.809999,19.853197,452700
2005-01-31,29.790001,30.200001,29.790001,30.200001,20.112934,729500
2005-02-01,30.299999,30.340000,30.049999,30.290001,20.172869,517700
2005-02-02,30.350000,30.360001,30.120001,30.290001,20.172869,466400
2005-02-03,30.170000,30.240000,30.090000,30.200001,20.112934,613600
2005-02-04,30.230000,30.459999,30.230000,30.450001,20.279430,523500
2005-02-07,30.299999,30.520000,30.299999,30.430000,20.266104,276500
2005-02-08,30.459999,30.600000,30.410000,30.600000,20.379316,410300
2005-02-09,30.500000,30.700001,30.270000,30.280001,20.166212,466400
2005-02-10,30.280001,30.469999,30.250000,30.420000,20.259455,197600
2005-02-11,30.299999,30.719999,30.299999,30.620001,20.392647,228000
2005-02-14,30.780001,30.780001,30.549999,30.590000,20.372662,178900
2005-02-15,30.420000,30.730000,30.420000,30.690001,20.439264,252800
2005-02-16,30.850000,30.850000,30.549999,30.780001,20.499201,219400
2005-02-17,30.570000,30.760000,30.500000,30.500000,20.312731,230400
2005-02-18,30.530001,30.580000,30.400000,30.500000,20.312731,844300
2005-02-22,30.240000,30.450001,30.000000,30.010000,19.986385,645700
2005-02-23,29.820000,30.420000,29.809999,30.049999,20.013033,408900
2005-02-24,30.260000,30.480000,30.030001,30.480000,20.299412,417900
2005-02-25,30.500000,30.750000,30.389999,30.730000,20.465899,1288700
2005-02-28,30.700001,30.719999,30.389999,30.549999,20.346033,202400
2005-03-01,30.700001,30.719999,30.510000,30.650000,20.412628,192800
2005-03-02,30.650000,30.809999,30.400000,30.740000,20.472561,222800
2005-03-03,30.650000,30.900000,30.590000,30.809999,20.519178,400600
2005-03-04,30.930000,31.340000,30.930000,31.240000,20.805553,1337000
2005-03-07,31.400000,31.500000,31.299999,31.389999,20.905462,414900
2005-03-08,31.400000,31.469999,31.340000,31.370001,20.892132,545200
2005-03-09,31.200001,31.340000,31.030001,31.030001,20.665701,374700
2005-03-10,31.000000,31.230000,30.940001,31.100000,20.712320,680800
2005-03-11,31.000000,31.280001,30.930000,31.020000,20.659037,474200
2005-03-14,30.950001,31.200001,30.950001,31.190001,20.772259,1422200
2005-03-15,31.350000,31.350000,31.020000,31.020000,20.659037,843300
2005-03-16,30.959999,30.980000,30.580000,30.660000,20.419285,1068200
2005-03-17,30.750000,30.820000,30.610001,30.650000,20.412628,401600
2005-03-18,30.740000,30.740000,30.440001,30.580000,20.437353,657300
2005-03-21,30.690001,30.750000,30.420000,30.680000,20.504190,407600
2005-03-22,30.750000,30.910000,30.459999,30.510000,20.390570,444100
2005-03-23,30.410000,30.500000,30.299999,30.320000,20.263592,1197000
2005-03-24,30.410000,30.700001,30.389999,30.469999,20.363838,430300
2005-03-28,30.549999,30.600000,30.420000,30.440001,20.343781,588100
2005-03-29,30.400000,30.500000,29.900000,29.940001,20.009626,1400000
2005-03-30,30.190001,30.510000,30.120001,30.510000,20.390570,845400
2005-03-31,30.320000,30.500000,30.320000,30.430000,20.337109,398600
2005-04-01,30.510000,30.650000,30.040001,30.139999,20.143291,304400
2005-04-04,30.110001,30.190001,29.920000,30.110001,20.123240,501700
2005-04-05,30.250000,30.299999,30.110001,30.260000,20.223486,206900
2005-04-06,30.150000,30.450001,30.150000,30.270000,20.230165,327100
2005-04-07,30.260000,30.540001,30.260000,30.520000,20.397255,474400
2005-04-08,30.430000,30.530001,30.209999,30.209999,20.190084,672400
2005-04-11,30.490000,30.490000,30.190001,30.270000,20.230165,298000
2005-04-12,30.100000,30.570000,29.910000,30.510000,20.390570,469900
2005-04-13,30.450001,30.500000,29.950001,29.980000,20.036358,1041300
2005-04-14,29.950001,30.070000,29.430000,29.530001,19.735615,1370300
2005-04-15,29.400000,29.570000,28.950001,28.950001,19.347980,840900
2005-04-18,28.900000,29.200001,28.799999,29.040001,19.408136,826900
2005-04-19,29.000000,29.240000,29.000000,29.170000,19.495010,547700
2005-04-20,29.250000,29.299999,28.809999,28.870001,19.294518,1293900
2005-04-21,29.000000,29.639999,29.000000,29.639999,19.809128,1572200
2005-04-22,29.799999,29.799999,29.040001,29.290001,19.575218,494200
2005-04-25,29.559999,29.700001,29.450001,29.639999,19.809128,654400
2005-04-26,29.450001,29.700001,29.230000,29.260000,19.555170,554200
2005-04-27,29.020000,29.350000,28.900000,29.299999,19.581900,1380300
2005-04-28,29.180000,29.360001,28.950001,28.980000,19.368032,1274900
2005-04-29,29.110001,29.370001,28.910000,29.320000,19.595266,2476900
2005-05-02,29.490000,29.570000,29.280001,29.480000,19.702200,971900
2005-05-03,29.500000,29.500000,29.139999,29.270000,19.561850,1644100
2005-05-04,29.330000,29.650000,29.250000,29.610001,19.789076,334900
2005-05-05,29.469999,29.680000,29.389999,29.459999,19.688831,641000
2005-05-06,29.520000,29.700001,29.520000,29.580000,19.769028,194800
2005-05-09,29.410000,29.780001,29.410000,29.780001,19.902693,514100
2005-05-10,29.900000,29.900000,29.360001,29.430000,19.668783,3093200
2005-05-11,29.320000,29.709999,29.309999,29.639999,19.809128,675000
2005-05-12,29.840000,29.840000,29.290001,29.320000,19.595266,959100
2005-05-13,29.450001,29.469999,28.959999,29.170000,19.495010,3046100
2005-05-16,29.100000,29.580000,29.100000,29.580000,19.769028,388100
2005-05-17,29.700001,29.780001,29.350000,29.780001,19.902693,1150100
2005-05-18,29.700001,30.330000,29.620001,30.230000,20.203438,2704400
2005-05-19,30.290001,30.309999,30.080000,30.270000,20.230165,2282200
2005-05-20,29.469999,30.299999,29.469999,30.260000,20.223486,3394700
2005-05-23,30.100000,30.570000,30.100000,30.469999,20.363838,3516900
2005-05-24,30.600000,30.780001,30.260000,30.389999,20.310377,229800
2005-05-25,30.330000,30.400000,30.049999,30.129999,20.136608,1765400
2005-05-26,30.250000,30.410000,30.150000,30.350000,20.283632,867600
2005-05-27,30.379999,30.400000,30.299999,30.330000,20.270273,132500
2005-05-31,30.219999,30.360001,30.150000,30.250000,20.216810,188100
2005-06-01,30.420000,30.440001,30.129999,30.360001,20.290325,769400
2005-06-02,30.280001,30.440001,30.260000,30.360001,20.290325,103400
2005-06-03,30.309999,30.420000,30.160000,30.219999,20.196749,148300
2005-06-06,30.209999,30.280001,30.120001,30.240000,20.210125,587800
2005-06-07,30.330000,30.629999,30.200001,30.370001,20.297001,305000
2005-06-08,30.350000,30.459999,30.160000,30.180000,20.170031,158700
2005-06-09,30.020000,30.230000,29.990000,30.190001,20.176702,496800
2005-06-10,30.049999,30.320000,30.000000,30.150000,20.149975,1494700
2005-06-13,30.170000,30.370001,30.070000,30.200001,20.183390,433100
2005-06-14,30.160000,30.250000,30.120001,30.129999,20.136608,280000
2005-06-15,30.230000,30.230000,29.940001,30.160000,20.156658,599100
2005-06-16,30.049999,30.320000,30.049999,30.190001,20.176702,556900
2005-06-17,30.059999,30.480000,30.059999,30.360001,20.340860,1386000
2005-06-20,30.170000,30.360001,30.170000,30.250000,20.267159,553900
2005-06-21,30.290001,30.340000,30.190001,30.240000,20.260460,2044500
2005-06-22,30.209999,30.360001,30.090000,30.090000,20.159954,534400
2005-06-23,30.040001,30.040001,29.480000,29.480000,19.751268,1745800
2005-06-24,29.530001,29.549999,29.120001,29.290001,19.623968,810300
2005-06-27,29.340000,29.340000,29.129999,29.250000,19.597166,536400
2005-06-28,29.350000,29.780001,29.350000,29.760000,19.938864,720300
2005-06-29,29.790001,29.799999,29.570000,29.570000,19.811563,812800
2005-06-30,29.650000,29.740000,29.340000,29.379999,19.684261,1053700
2005-07-01,29.600000,29.600000,29.389999,29.480000,19.751268,508900
2005-07-05,29.490000,29.620001,29.290001,29.570000,19.811563,877100
2005-07-06,29.400000,29.570000,29.240000,29.240000,19.590466,868200
2005-07-07,28.830000,29.360001,28.830000,29.309999,19.637371,808800
2005-07-08,29.320000,29.820000,29.320000,29.820000,19.979059,1711200
2005-07-11,29.700001,30.000000,29.700001,29.870001,20.012558,727600
2005-07-12,29.799999,29.840000,29.700001,29.709999,19.905361,496600
2005-07-13,29.650000,29.860001,29.650000,29.799999,19.965664,822300
2005-07-14,30.010000,30.139999,29.980000,30.070000,20.146563,853400
2005-07-15,30.059999,30.420000,29.910000,30.030001,20.119755,657800
2005-07-18,29.870001,30.110001,29.850000,29.969999,20.079554,821100
2005-07-19,30.139999,30.250000,30.100000,30.219999,20.247047,1048900
2005-07-20,30.389999,30.600000,30.000000,30.570000,20.481550,448100
2005-07-21,30.590000,30.690001,30.389999,30.410000,20.374350,975500
2005-07-22,30.400000,30.600000,30.379999,30.500000,20.434650,694400
2005-07-25,30.450001,30.639999,30.280001,30.280001,20.287252,721100
2005-07-26,30.420000,30.500000,30.330000,30.430000,20.387760,438900
2005-07-27,30.530001,30.559999,30.410000,30.549999,20.468149,1142900
2005-07-28,30.680000,30.760000,30.540001,30.719999,20.582050,1007400
2005-07-29,30.719999,30.750000,30.500000,30.500000,20.434650,666900
2005-08-01,30.580000,30.610001,30.430000,30.480000,20.421251,505800
2005-08-02,30.400000,30.520000,30.350000,30.440001,20.394449,977900
2005-08-03,30.450001,30.450001,30.309999,30.379999,20.354242,1268000
2005-08-04,30.400000,30.400000,30.150000,30.180000,20.220261,417500
2005-08-05,30.049999,30.209999,30.000000,30.020000,20.113058,631600
2005-08-08,30.070000,30.190001,29.950001,29.950001,20.066160,697200
2005-08-09,30.030001,30.250000,30.030001,30.170000,20.213560,464700
2005-08-10,30.299999,30.500000,30.049999,30.150000,20.200157,401700
2005-08-11,30.070000,30.420000,30.070000,30.400000,20.367657,438400
2005-08-12,30.430000,30.500000,30.170000,30.270000,20.280546,866100
2005-08-15,30.190001,30.400000,30.059999,30.330000,20.320755,585000
2005-08-16,30.240000,30.290001,29.959999,29.980000,20.086258,989300
2005-08-17,30.150000,30.209999,29.860001,30.059999,20.139858,845000
2005-08-18,29.900000,30.090000,29.900000,29.930000,20.052759,474000
2005-08-19,30.070000,30.200001,30.040001,30.049999,20.133163,540100
2005-08-22,30.030001,30.320000,30.020000,30.110001,20.173361,545100
2005-08-23,30.120001,30.150000,29.920000,29.969999,20.079554,452900
2005-08-24,29.930000,30.120001,29.709999,29.730000,19.918758,457400
2005-08-25,29.750000,29.840000,29.700001,29.780001,19.952255,347300
2005-08-26,29.799999,29.799999,29.580000,29.620001,19.845062,1614100
2005-08-29,29.620001,29.799999,29.459999,29.799999,19.965664,259200
2005-08-30,29.650000,29.680000,29.330000,29.559999,19.804859,1653900
2005-08-31,29.510000,29.799999,29.379999,29.780001,19.952255,1055800
2005-09-01,29.410000,29.860001,29.150000,29.660000,19.871859,1001200
2005-09-02,29.549999,29.870001,29.549999,29.760000,19.938864,659400
2005-09-06,29.650000,30.129999,29.650000,30.110001,20.173361,818400
2005-09-07,30.090000,30.230000,30.010000,30.230000,20.253756,1976700
2005-09-08,30.049999,30.170000,29.980000,30.059999,20.139858,200000
2005-09-09,30.059999,30.260000,30.059999,30.230000,20.253756,270200
2005-09-12,30.150000,30.420000,30.100000,30.420000,20.381056,713800
2005-09-13,30.340000,30.420000,30.200001,30.290001,20.293964,620600
2005-09-14,30.299999,30.330000,30.000000,30.059999,20.139858,1806300
2005-09-15,30.180000,30.180000,29.940001,30.020000,20.113058,525200
2005-09-16,30.080000,30.160000,29.860001,30.110001,20.252964,1144900
2005-09-19,30.020000,30.020000,29.580000,29.709999,19.983912,1704500
2005-09-20,30.059999,30.059999,29.510000,29.510000,19.849384,631400
2005-09-21,29.400000,29.600000,29.299999,29.410000,19.782125,601200
2005-09-22,29.370001,29.620001,29.309999,29.530001,19.862844,3667500
2005-09-23,29.570000,29.820000,29.469999,29.750000,20.010817,1895400
2005-09-26,29.799999,30.000000,29.580000,29.709999,19.983912,1362300
2005-09-27,29.559999,29.940001,29.559999,29.870001,20.091537,1542800
2005-09-28,29.879999,29.950001,29.680000,29.879999,20.098255,151800
2005-09-29,29.920000,30.040001,29.600000,30.020000,20.192425,1069300
2005-09-30,30.000000,30.160000,29.959999,30.160000,20.286602,261400
2005-10-03,30.260000,30.260000,29.930000,29.980000,20.165516,906400
2005-10-04,30.090000,30.150000,29.690001,29.709999,19.983912,1626400
2005-10-05,29.590000,29.690001,29.330000,29.340000,19.735037,2624400
2005-10-06,29.440001,29.709999,29.330000,29.540001,19.869562,6168400
2005-10-07,29.670000,29.799999,29.590000,29.799999,20.044453,2373700
2005-10-10,29.770000,29.770000,29.520000,29.570000,19.889744,390800
2005-10-11,29.450001,29.670000,29.370001,29.410000,19.782125,406000
2005-10-12,29.400000,29.620001,29.230000,29.410000,19.782125,1061300
2005-10-13,29.500000,29.500000,29.180000,29.370001,19.755224,4903400
2005-10-14,29.480000,29.680000,29.379999,29.629999,19.930099,1830300
2005-10-17,29.879999,29.879999,29.469999,29.690001,19.970455,3865500
2005-10-18,29.709999,29.709999,29.420000,29.480000,19.829210,1170200
2005-10-19,29.450001,29.870001,29.299999,29.870001,20.091537,1481000
2005-10-20,29.700001,30.040001,29.400000,29.490000,19.835928,450500
2005-10-21,29.520000,29.610001,29.240000,29.290001,19.701414,1035300
2005-10-24,29.299999,29.770000,29.299999,29.740000,20.004091,2441700
2005-10-25,29.790001,29.889999,29.490000,29.700001,19.977184,526800
2005-10-26,29.570000,29.760000,29.440001,29.440001,19.802303,1256200
2005-10-27,29.600000,29.600000,29.120001,29.180000,19.627417,810300
2005-10-28,29.340000,29.650000,29.200001,29.650000,19.943562,844200
2005-10-31,29.719999,29.840000,29.660000,29.730000,19.997362,1339700
2005-11-01,29.850000,29.850000,29.600000,29.639999,19.936832,694100
2005-11-02,29.610001,29.969999,29.480000,29.940001,20.138615,880200
2005-11-03,30.100000,30.209999,30.020000,30.070000,20.226067,726200
2005-11-04,30.150000,30.170000,29.959999,30.090000,20.239510,662900
2005-11-07,30.200001,30.250000,30.020000,30.200001,20.313499,297900
2005-11-08,30.000000,30.110001,29.959999,30.010000,20.185705,269500
2005-11-09,30.049999,30.250000,29.969999,30.080000,20.232786,562000
2005-11-10,30.160000,30.500000,30.059999,30.469999,20.495117,282500
2005-11-11,30.350000,30.580000,30.350000,30.530001,20.535471,502200
2005-11-14,30.520000,30.610001,30.490000,30.590000,20.575830,198900
2005-11-15,30.740000,30.750000,30.500000,30.580000,20.569101,840000
2005-11-16,30.650000,30.760000,30.639999,30.690001,20.643095,885400
2005-11-17,30.799999,31.020000,30.620001,30.980000,20.838156,426600
2005-11-18,31.100000,31.370001,31.100000,31.299999,21.053406,786600
2005-11-21,31.309999,31.530001,31.250000,31.480000,21.174477,1097900
2005-11-22,31.709999,31.709999,31.360001,31.559999,21.228281,1308700
2005-11-23,31.559999,31.690001,31.549999,31.600000,21.255188,559600
2005-11-25,31.799999,31.799999,31.549999,31.610001,21.261917,394300
2005-11-28,31.629999,31.709999,31.420000,31.440001,21.147566,1541200
2005-11-29,31.250000,31.740000,31.240000,31.510000,21.194653,564000
2005-11-30,31.750000,31.750000,31.420000,31.459999,21.161018,300700
2005-12-01,31.690001,31.860001,31.500000,31.809999,21.396435,530100
2005-12-02,31.600000,31.780001,31.600000,31.690001,21.315723,248500
2005-12-05,31.469999,31.600000,31.440001,31.520000,21.201372,2599100
2005-12-06,31.770000,31.889999,31.600000,31.650000,21.288816,829000
2005-12-07,31.900000,31.969999,31.320000,31.420000,21.134115,749800
2005-12-08,31.670000,31.670000,31.170000,31.280001,21.039948,477000
2005-12-09,31.100000,31.590000,31.090000,31.450001,21.154289,2306800
2005-12-12,31.650000,31.700001,31.370001,31.459999,21.161018,1050700
2005-12-13,31.700001,31.700001,31.330000,31.490000,21.181200,2426700
2005-12-14,31.530001,31.860001,31.530001,31.760000,21.362812,711000
2005-12-15,31.900000,31.910000,31.690001,31.809999,21.396435,793100
2005-12-16,31.840000,31.840000,31.620001,31.670000,21.430275,380300
2005-12-19,31.600000,31.610001,31.270000,31.360001,21.220507,521600
2005-12-20,31.360001,31.480000,31.320000,31.379999,21.234034,476300
2005-12-21,31.530001,31.670000,31.450001,31.540001,21.342304,447200
2005-12-22,31.690001,31.820000,31.600000,31.780001,21.504711,794700
2005-12-23,31.799999,31.900000,31.770000,31.840000,21.545303,318600
2005-12-27,31.889999,32.029999,31.520000,31.559999,21.355839,304500
2005-12-28,31.500000,31.670000,31.450001,31.610001,21.389677,534000
2005-12-29,31.650000,31.799999,31.600000,31.600000,21.382906,392500
2005-12-30,31.400000,31.520000,31.389999,31.420000,21.261108,806400
2006-01-03,31.170000,31.690001,31.120001,31.629999,21.403204,1256500
2006-01-04,31.750000,31.790001,31.620001,31.709999,21.457340,3369000
2006-01-05,31.790001,31.790001,31.570000,31.660000,21.423508,386200
2006-01-06,31.889999,31.889999,31.629999,31.780001,21.504711,458700
2006-01-09,31.650000,32.049999,31.620001,32.040001,21.680643,960100
2006-01-10,31.799999,31.969999,31.799999,31.950001,21.619738,760900
2006-01-11,31.910000,32.020000,31.860001,31.969999,21.633282,592100
2006-01-12,31.990000,31.990000,31.690001,31.730000,21.470871,1296900
2006-01-13,31.410000,31.709999,31.410000,31.620001,21.396444,903100
2006-01-17,31.870001,31.870001,31.360001,31.459999,21.288172,886200
2006-01-18,31.230000,31.549999,31.230000,31.500000,21.315239,928400
2006-01-19,31.639999,31.700001,31.440001,31.650000,21.416739,1295100
2006-01-20,31.530001,31.600000,30.900000,30.959999,20.949833,2775400
2006-01-23,31.000000,31.110001,30.950001,30.980000,20.963369,1260300
2006-01-24,31.120001,31.299999,31.070000,31.209999,21.119009,1639900
2006-01-25,31.389999,31.389999,31.110001,31.200001,21.112230,883900
2006-01-26,31.209999,31.549999,31.209999,31.549999,21.349072,822500
2006-01-27,31.680000,31.680000,31.430000,31.620001,21.396444,578500
2006-01-30,31.510000,31.690001,31.440001,31.690001,21.443808,1174500
2006-01-31,31.600000,31.700001,31.480000,31.510000,21.322006,749200
2006-02-01,31.410000,31.840000,31.410000,31.780001,21.504711,1824600
2006-02-02,31.620001,31.850000,31.420000,31.510000,21.322006,979100
2006-02-03,31.469999,31.600000,31.360001,31.440001,21.274639,766900
2006-02-06,31.389999,31.559999,31.379999,31.549999,21.349072,543800
2006-02-07,31.540001,31.610001,31.280001,31.320000,21.193443,649500
2006-02-08,31.330000,31.530001,31.250000,31.469999,21.294935,968100
2006-02-09,31.430000,31.790001,31.430000,31.650000,21.416739,501600
2006-02-10,31.900000,31.959999,31.580000,31.860001,21.558842,961900
2006-02-13,31.830000,31.959999,31.580000,31.900000,21.585907,387800
2006-02-14,31.930000,32.330002,31.780001,32.279999,21.843046,664500
2006-02-15,32.200001,32.380001,32.130001,32.369999,21.903944,772700
2006-02-16,32.520000,32.520000,32.250000,32.459999,21.964844,657800
2006-02-17,32.450001,32.590000,32.349998,32.540001,22.018988,923400
2006-02-21,32.599998,32.610001,32.320000,32.410000,21.931021,1011100
2006-02-22,32.549999,32.779999,32.549999,32.750000,22.161085,1452400
2006-02-23,32.660000,32.799999,32.599998,32.639999,22.086655,521800
2006-02-24,32.580002,32.759998,32.480000,32.660000,22.100182,581400
2006-02-27,32.950001,32.970001,32.560001,32.869999,22.242277,1078600
2006-02-28,32.889999,32.889999,32.430000,32.490002,21.985144,626700
2006-03-01,32.650002,32.750000,32.549999,32.750000,22.161085,526200
2006-03-02,32.660000,32.689999,32.209999,32.660000,22.100182,676600
2006-03-03,32.520000,33.000000,32.439999,32.740002,22.154312,860200
2006-03-06,32.939999,33.040001,32.439999,32.570000,22.039286,703600
2006-03-07,32.500000,32.680000,32.430000,32.590000,22.052816,2502700
2006-03-08,32.540001,32.590000,32.250000,32.549999,22.025742,1115200
2006-03-09,32.669998,32.959999,32.480000,32.509998,21.998680,1567300
2006-03-10,32.639999,32.869999,32.459999,32.849998,22.228748,1152600
2006-03-13,32.950001,32.970001,32.750000,32.830002,22.215212,582900
2006-03-14,32.799999,33.240002,32.799999,33.139999,22.424990,711900
2006-03-15,33.250000,33.660000,33.230000,33.639999,22.763315,1200800
2006-03-16,33.849998,33.860001,33.650002,33.660000,22.776852,1058400
2006-03-17,33.730000,33.840000,33.669998,33.790001,22.950737,1050100
2006-03-20,33.990002,34.099998,33.709999,33.730000,22.909975,928800
2006-03-21,33.810001,33.950001,33.560001,33.599998,22.821688,1701800
2006-03-22,33.639999,33.919998,33.520000,33.849998,22.991488,613500
2006-03-23,33.820000,33.840000,33.570000,33.709999,22.896399,488100
2006-03-24,33.680000,33.830002,33.610001,33.680000,22.876013,1006000
2006-03-27,33.709999,33.740002,33.580002,33.709999,22.896399,483900
2006-03-28,33.709999,33.820000,33.450001,33.470001,22.733395,944800
2006-03-29,33.570000,33.860001,33.570000,33.810001,22.964315,1002900
2006-03-30,33.779999,33.970001,33.660000,33.810001,22.964315,1178300
2006-03-31,33.790001,33.939999,33.779999,33.799999,22.957525,292500
2006-04-03,34.009998,34.200001,33.840000,33.919998,23.039028,1188900
2006-04-04,33.810001,34.169998,33.799999,34.150002,23.195259,334200
2006-04-05,34.299999,34.480000,33.959999,34.169998,23.208838,801800
2006-04-06,34.230000,34.250000,34.000000,34.119999,23.174870,1090200
2006-04-07,34.110001,34.340000,33.830002,33.950001,23.059401,1085700
2006-04-10,33.910000,33.970001,33.790001,33.830002,22.977901,401600
2006-04-11,33.959999,33.959999,33.619999,33.770000,22.937153,1090600
2006-04-12,33.889999,34.020000,33.810001,34.000000,23.093376,632500
2006-04-13,33.889999,34.029999,33.750000,33.860001,22.998281,648800
2006-04-17,33.919998,33.970001,33.560001,33.689999,22.882812,841400
2006-04-18,33.880001,34.540001,33.770000,34.500000,23.432980,914900
2006-04-19,34.410000,34.790001,34.410000,34.720001,23.582409,618300
2006-04-20,34.820000,34.950001,34.650002,34.849998,23.670698,862000
2006-04-21,34.950001,35.119999,34.619999,34.889999,23.697878,1363100
2006-04-24,34.849998,35.009998,34.840000,35.009998,23.779379,431500
2006-04-25,35.049999,35.049999,34.480000,34.599998,23.500891,2203900
2006-04-26,34.570000,34.860001,34.560001,34.790001,23.629957,859200
2006-04-27,34.509998,34.880001,34.410000,34.599998,23.500891,1407300
2006-04-28,34.500000,34.750000,34.500000,34.529999,23.453352,2827300
2006-05-01,34.450001,34.810001,34.450001,34.619999,23.514479,708000
2006-05-02,34.869999,34.930000,34.639999,34.900002,23.704660,370000
2006-05-03,34.939999,35.000000,34.849998,34.910000,23.711454,478700
2006-05-04,34.990002,35.400002,34.990002,35.330002,23.996731,731800
2006-05-05,35.639999,35.730000,35.509998,35.680000,24.234455,2844500
2006-05-08,35.520000,36.020000,35.520000,35.650002,24.214079,1278700
2006-05-09,35.889999,35.889999,35.590000,35.650002,24.214079,1496600
2006-05-10,35.630001,35.830002,35.570000,35.669998,24.227659,700300
2006-05-11,35.650002,35.669998,35.369999,35.490002,24.105402,1764800
2006-05-12,35.299999,35.330002,34.900002,34.930000,23.725048,1244200
2006-05-15,34.730000,34.980000,34.619999,34.939999,23.731842,958000
2006-05-16,35.110001,35.270000,34.889999,34.930000,23.725048,582200
2006-05-17,34.770000,34.799999,34.099998,34.209999,23.236006,3193600
2006-05-18,34.349998,34.349998,33.820000,33.930000,23.045822,2104200
2006-05-19,33.970001,34.169998,33.750000,34.040001,23.120544,2165600
2006-05-22,33.790001,34.110001,33.660000,33.970001,23.072992,1971200
2006-05-23,34.220001,34.240002,33.779999,33.810001,22.964315,1617500
2006-05-24,33.900002,33.900002,33.349998,33.720001,22.903189,1713300
2006-05-25,33.980000,33.980000,33.720001,33.950001,23.059401,1310900
2006-05-26,34.139999,34.169998,33.959999,34.139999,23.188463,1207400
2006-05-30,34.160000,34.160000,33.669998,33.700001,22.889612,3879600
2006-05-31,33.700001,34.000000,33.700001,33.939999,23.052618,1454600
2006-06-01,33.860001,34.330002,33.860001,34.290001,23.290344,1210600
2006-06-02,34.340000,34.500000,34.139999,34.340000,23.324306,2147000
2006-06-05,34.340000,34.340000,33.549999,33.599998,22.821688,916000
2006-06-06,33.610001,33.869999,33.200001,33.470001,22.733395,3365600
2006-06-07,33.590000,33.669998,33.099998,33.099998,22.482079,2196200
2006-06-08,33.110001,33.180000,32.340000,33.119999,22.495663,3012400
2006-06-09,33.290001,33.290001,32.840000,32.840000,22.305475,6334500
2006-06-12,32.910000,32.980000,32.410000,32.430000,22.027000,1532300
2006-06-13,32.259998,32.680000,32.259998,32.330002,21.959080,1823700
2006-06-14,32.330002,32.619999,32.310001,32.610001,22.149260,2045000
2006-06-15,32.770000,33.450001,32.730000,33.349998,22.651880,1427900
2006-06-16,33.340000,33.340000,33.070000,33.259998,22.648466,856100
2006-06-19,33.259998,33.450001,32.849998,33.000000,22.471428,1026200
2006-06-20,33.020000,33.160000,32.869999,32.959999,22.444191,1223900
2006-06-21,33.080002,33.450001,33.000000,33.349998,22.709759,726900
2006-06-22,33.389999,33.389999,33.020000,33.150002,22.573561,1854900
2006-06-23,33.189999,33.470001,32.970001,33.240002,22.634857,488600
2006-06-26,33.250000,33.340000,33.090000,33.330002,22.696135,1871100
2006-06-27,33.250000,33.430000,32.970001,33.020000,22.485054,1026700
2006-06-28,33.099998,33.169998,32.820000,33.119999,22.553139,515900
2006-06-29,33.369999,33.849998,33.250000,33.820000,23.029806,1282400
2006-06-30,34.009998,34.009998,33.779999,33.810001,23.022991,929000
2006-07-03,33.919998,34.000000,33.849998,33.930000,23.104710,661200
2006-07-05,33.700001,33.799999,33.570000,33.680000,22.934469,1263900
2006-07-06,33.689999,33.900002,33.669998,33.770000,22.995750,806400
2006-07-07,33.599998,33.599998,33.200001,33.270000,22.655279,1305500
2006-07-10,33.270000,33.470001,33.240002,33.360001,22.716574,1221400
2006-07-11,33.209999,33.470001,33.049999,33.450001,22.777853,1683400
2006-07-12,33.540001,33.540001,33.009998,33.110001,22.546335,922500
2006-07-13,32.889999,32.910000,32.439999,32.459999,22.103716,2140100
2006-07-14,32.459999,32.459999,31.740000,32.000000,21.790474,4097700
2006-07-17,32.060001,32.110001,31.790001,31.889999,21.715576,1746100
2006-07-18,32.000000,32.049999,31.650000,32.040001,21.817713,1558400
2006-07-19,32.119999,32.720001,32.070000,32.689999,22.260340,2387200
2006-07-20,32.610001,32.860001,32.000000,32.020000,21.804096,3451700
2006-07-21,32.020000,32.040001,31.559999,31.700001,21.586187,2855000
2006-07-24,31.809999,32.270000,31.809999,32.220001,21.940287,2052500
2006-07-25,32.049999,32.200001,31.650000,32.130001,21.879002,5472000
2006-07-26,32.099998,32.130001,31.520000,31.719999,21.599806,2504700
2006-07-27,31.850000,31.950001,31.580000,31.660000,21.558947,5677500
2006-07-28,31.840000,32.099998,31.700001,32.020000,21.804096,1563500
2006-07-31,32.040001,32.040001,31.820000,31.889999,21.715576,748400
2006-08-01,31.660000,31.850000,31.549999,31.690001,21.579382,1862300
2006-08-02,31.670000,31.969999,31.650000,31.889999,21.715576,1221000
2006-08-03,31.850000,32.259998,31.660000,32.150002,21.892622,2952200
2006-08-04,32.369999,32.580002,31.860001,32.060001,21.831337,1513800
2006-08-07,31.900000,32.099998,31.770000,31.930000,21.742805,868300
2006-08-08,31.930000,32.000000,31.500000,31.650000,21.552139,2577700
2006-08-09,31.750000,31.850000,31.129999,31.160000,21.218473,1754100
2006-08-10,31.200001,31.459999,31.030001,31.410000,21.388716,1934800
2006-08-11,31.280001,31.490000,31.120001,31.230000,21.266142,1118100
2006-08-14,31.370001,31.760000,31.280001,31.290001,21.306997,2420600
2006-08-15,31.650000,31.900000,31.559999,31.860001,21.695137,1506600
2006-08-16,32.250000,32.650002,32.060001,32.570000,22.178623,4211200
2006-08-17,32.450001,32.730000,32.450001,32.610001,22.205853,803100
2006-08-18,32.730000,32.779999,32.430000,32.529999,22.151384,1281800
2006-08-21,32.410000,32.419998,32.209999,32.240002,21.953905,1914100
2006-08-22,32.130001,32.430000,32.130001,32.340000,22.021999,1178200
2006-08-23,32.230000,32.369999,31.959999,32.099998,21.858568,1701400
2006-08-24,32.240002,32.240002,31.820000,31.930000,21.742805,1357300
2006-08-25,31.809999,31.940001,31.700001,31.940001,21.749613,918800
2006-08-28,31.940001,32.180000,31.870001,32.070000,21.838144,2617600
2006-08-29,32.169998,32.169998,31.879999,32.150002,21.892622,833200
2006-08-30,32.040001,32.209999,32.040001,32.180000,21.913042,697400
2006-08-31,32.080002,32.290001,32.080002,32.250000,21.960712,602800
2006-09-01,32.439999,32.500000,32.250000,32.480000,22.117331,791200
2006-09-05,32.380001,32.590000,32.330002,32.549999,22.164991,1600500
2006-09-06,32.490002,32.490002,32.209999,32.209999,21.933475,2513800
2006-09-07,32.049999,32.220001,32.000000,32.130001,21.879002,1184100
2006-09-08,32.119999,32.189999,32.080002,32.189999,21.919855,1063700
2006-09-11,32.000000,32.240002,31.910000,32.220001,21.940287,835600
2006-09-12,32.290001,32.540001,32.169998,32.520000,22.144581,3449600
2006-09-13,32.520000,32.910000,32.500000,32.849998,22.369276,2139500
2006-09-14,32.660000,32.799999,32.630001,32.700001,22.267145,1588500
2006-09-15,32.619999,32.889999,32.619999,32.730000,22.382034,1908100
2006-09-18,32.680000,32.889999,32.680000,32.810001,22.436741,472500
2006-09-19,32.810001,32.810001,32.480000,32.680000,22.347834,1592700
2006-09-20,32.660000,32.959999,32.660000,32.860001,22.470928,1442900
2006-09-21,32.990002,32.990002,32.419998,32.549999,22.258928,1396300
2006-09-22,32.419998,32.490002,32.279999,32.389999,22.149529,2069200
2006-09-25,32.650002,32.820000,32.369999,32.779999,22.416220,1061700
2006-09-26,32.849998,33.279999,32.799999,33.189999,22.696589,3463500
2006-09-27,33.349998,33.459999,33.250000,33.270000,22.751289,1907100
2006-09-28,33.450001,33.549999,33.259998,33.500000,22.908581,1211500
2006-09-29,33.630001,33.669998,33.330002,33.340000,22.799170,861400
2006-10-02,33.590000,33.619999,33.299999,33.439999,22.867552,2924900
2006-10-03,33.369999,33.779999,33.369999,33.650002,23.011166,1645800
2006-10-04,33.580002,34.150002,33.570000,34.150002,23.353085,3151900
2006-10-05,34.099998,34.430000,34.029999,34.320000,23.469330,983600
2006-10-06,34.209999,34.320000,34.099998,34.250000,23.421459,2477300
2006-10-09,34.259998,34.360001,34.060001,34.290001,23.448816,373400
2006-10-10,34.220001,34.480000,34.220001,34.340000,23.483015,1492200
2006-10-11,34.340000,34.360001,34.090000,34.349998,23.489853,966300
2006-10-12,34.430000,34.650002,34.369999,34.639999,23.688156,2358600
2006-10-13,34.570000,34.630001,34.459999,34.560001,23.633450,592300
2006-10-16,34.459999,34.910000,34.459999,34.790001,23.790737,1319900
2006-10-17,34.680000,34.700001,34.400002,34.599998,23.660789,2131300
2006-10-18,34.900002,35.049999,34.410000,34.509998,23.599257,2943200
2006-10-19,34.410000,34.520000,34.349998,34.430000,23.544548,1457500
2006-10-20,34.389999,34.490002,34.160000,34.279999,23.441973,4171800
2006-10-23,34.090000,34.580002,34.090000,34.459999,23.565063,1401300
2006-10-24,34.360001,34.520000,34.360001,34.480000,23.578747,807000
2006-10-25,34.549999,34.570000,34.330002,34.509998,23.599257,1918900
2006-10-26,34.509998,34.540001,34.250000,34.500000,23.592419,1976800
2006-10-27,34.490002,34.490002,34.169998,34.250000,23.421459,1352600
2006-10-30,34.009998,34.450001,33.700001,34.360001,23.496683,739000
2006-10-31,34.360001,34.480000,34.119999,34.279999,23.441973,1387100
2006-11-01,34.410000,34.439999,33.990002,34.110001,23.325729,1483300
2006-11-02,33.900002,34.049999,33.880001,33.990002,23.243664,1618600
2006-11-03,34.070000,34.139999,33.790001,33.919998,23.195786,1376000
2006-11-06,34.009998,34.310001,33.990002,34.220001,23.400951,1522400
2006-11-07,34.099998,34.680000,34.099998,34.610001,23.667646,3315900
2006-11-08,34.400002,34.750000,34.400002,34.660000,23.701839,899100
2006-11-09,34.590000,34.689999,34.349998,34.450001,23.558235,1534000
2006-11-10,34.340000,34.570000,34.340000,34.500000,23.592419,1413900
2006-11-13,34.500000,34.830002,34.500000,34.770000,23.777056,1261500
2006-11-14,34.869999,34.970001,34.520000,34.880001,23.852268,1344200
2006-11-15,34.939999,35.259998,34.889999,35.220001,24.084785,2041200
2006-11-16,35.369999,35.500000,35.270000,35.380001,24.194193,1200700
2006-11-17,35.369999,35.419998,35.279999,35.400002,24.207870,848400
2006-11-20,35.450001,35.450001,35.250000,35.279999,24.125820,595700
2006-11-21,35.410000,35.500000,35.200001,35.400002,24.207870,2369300
2006-11-22,35.580002,35.580002,35.439999,35.540001,24.303616,1154900
2006-11-24,35.290001,35.520000,35.250000,35.470001,24.255753,108600
2006-11-27,35.360001,35.369999,34.860001,34.900002,23.865957,1635300
2006-11-28,34.720001,34.860001,34.650002,34.860001,23.838604,1699400
2006-11-29,34.860001,35.139999,34.840000,35.139999,24.030077,1002100
2006-11-30,35.040001,35.270000,34.900002,35.119999,24.016409,693400
2006-12-01,35.009998,35.209999,34.680000,34.919998,23.879641,742100
2006-12-04,35.000000,35.389999,34.959999,35.369999,24.187357,1575200
2006-12-05,35.349998,35.480000,35.250000,35.450001,24.242069,896000
2006-12-06,35.419998,35.459999,35.330002,35.330002,24.160006,2713600
2006-12-07,35.279999,35.549999,35.270000,35.270000,24.118979,483800
2006-12-08,35.250000,35.340000,35.160000,35.310001,24.146326,991700
2006-12-11,35.180000,35.340000,35.150002,35.150002,24.036924,286000
2006-12-12,35.150002,35.250000,34.930000,35.209999,24.077946,2599200
2006-12-13,35.240002,35.349998,34.959999,35.090000,23.995880,1596000
2006-12-14,35.169998,35.369999,34.959999,35.290001,24.132654,1107700
2006-12-15,35.139999,35.259998,35.080002,35.200001,24.265697,2519200
2006-12-18,35.310001,35.380001,35.160000,35.240002,24.293280,978700
2006-12-19,35.119999,35.340000,35.029999,35.250000,24.300167,579000
2006-12-20,35.119999,35.430000,35.119999,35.299999,24.334637,428800
2006-12-21,35.349998,35.480000,35.150002,35.230000,24.286383,879900
2006-12-22,35.270000,35.270000,34.930000,35.009998,24.134731,357500
2006-12-26,35.029999,35.180000,35.020000,35.180000,24.251907,696600
2006-12-27,35.360001,35.389999,35.160000,35.360001,24.375994,1033200
2006-12-28,35.430000,35.459999,35.209999,35.240002,24.293280,231300
2006-12-29,35.279999,35.290001,35.009998,35.009998,24.134731,252000
2007-01-03,35.130001,35.560001,35.020000,35.230000,24.286383,3095700
2007-01-04,35.080002,35.189999,34.830002,35.080002,24.182978,1706700
2007-01-05,35.080002,35.080002,34.770000,34.959999,24.100248,3413800
2007-01-08,34.869999,35.150002,34.750000,35.090000,24.189873,1669600
2007-01-09,35.200001,35.240002,34.930000,35.070000,24.176077,1043200
2007-01-10,34.900002,35.189999,34.869999,35.189999,24.258802,2762800
2007-01-11,35.099998,35.520000,35.099998,35.480000,24.458714,2450300
2007-01-12,35.500000,35.619999,35.410000,35.580002,24.527660,1241300
2007-01-16,35.450001,35.840000,35.450001,35.770000,24.658636,1560600
2007-01-17,35.849998,35.959999,35.730000,35.799999,24.679325,1659600
2007-01-18,35.720001,35.900002,35.630001,35.639999,24.569033,1329300
2007-01-19,35.650002,35.810001,35.590000,35.619999,24.555239,1531000
2007-01-22,35.580002,35.619999,35.130001,35.230000,24.286383,1188600
2007-01-23,35.150002,35.709999,35.150002,35.639999,24.569033,1829300
2007-01-24,35.730000,35.730000,35.500000,35.540001,24.500092,2334300
2007-01-25,35.680000,35.680000,35.240002,35.349998,24.369104,2087600
2007-01-26,35.459999,35.459999,34.950001,35.209999,24.272591,1771100
2007-01-29,35.200001,35.340000,35.080002,35.290001,24.327747,2823500
2007-01-30,35.400002,35.400002,35.110001,35.270000,24.313965,1692500
2007-01-31,35.200001,35.779999,35.200001,35.740002,24.637966,1263600
2007-02-01,35.950001,36.189999,35.509998,36.049999,24.851656,2036800
2007-02-02,36.000000,36.310001,36.000000,36.189999,24.948168,2448900
2007-02-05,36.279999,36.330002,35.900002,36.259998,24.996428,1521100
2007-02-06,36.230000,36.279999,36.139999,36.270000,25.003321,2814600
2007-02-07,36.349998,36.349998,36.189999,36.240002,24.982643,1130400
2007-02-08,36.279999,36.279999,35.970001,35.990002,24.810312,2209000
2007-02-09,36.020000,36.070000,35.740002,35.849998,24.713793,3604600
2007-02-12,35.869999,35.930000,35.750000,35.910000,24.755156,2738100
2007-02-13,35.820000,36.200001,35.820000,36.200001,24.955065,4795200
2007-02-14,36.340000,36.779999,36.259998,36.730000,25.320423,2329000
2007-02-15,36.840000,36.840000,36.250000,36.810001,25.375584,1417900
2007-02-16,36.799999,36.799999,36.560001,36.660000,25.272175,971800
2007-02-20,36.619999,36.790001,36.500000,36.720001,25.313540,1537800
2007-02-21,36.500000,36.830002,36.500000,36.820000,25.382467,2347400
2007-02-22,36.889999,36.950001,36.509998,36.700001,25.299755,1525100
2007-02-23,36.610001,36.610001,36.369999,36.599998,25.230810,1953000
2007-02-26,36.549999,36.599998,36.250000,36.389999,25.086040,1548900
2007-02-27,36.200001,36.200001,35.000000,35.299999,24.334637,4292800
2007-02-28,35.340000,35.630001,35.090000,35.340000,24.362213,3121100
2007-03-01,34.869999,35.470001,34.090000,35.279999,24.320847,4232900
2007-03-02,35.349998,35.349998,34.840000,34.840000,24.017532,3170500
2007-03-05,34.619999,35.040001,34.349998,34.750000,23.955490,4517300
2007-03-06,34.990002,35.150002,34.770000,35.150002,24.231237,5726800
2007-03-07,35.080002,35.250000,35.009998,35.009998,24.134731,2483100
2007-03-08,35.189999,35.990002,35.189999,35.270000,24.313965,2759100
2007-03-09,35.599998,35.599998,35.259998,35.450001,24.438038,1306900
2007-03-12,35.650002,35.709999,35.250000,35.619999,24.555239,1513400
2007-03-13,35.619999,35.619999,34.880001,35.020000,24.141619,2573800
2007-03-14,35.150002,35.200001,34.549999,35.160000,24.238127,3341700
2007-03-15,34.959999,35.330002,34.959999,35.200001,24.265697,2479500
2007-03-16,35.290001,35.380001,34.990002,35.250000,24.352753,1633400
2007-03-19,35.369999,35.560001,35.330002,35.500000,24.525465,3446800
2007-03-20,35.580002,35.639999,35.459999,35.590000,24.587639,1330600
2007-03-21,35.619999,36.189999,35.570000,36.080002,24.926165,3295000
2007-03-22,36.189999,36.189999,35.930000,36.150002,24.974518,2537800
2007-03-23,36.040001,36.360001,35.889999,36.360001,25.119600,3497400
2007-03-26,35.959999,36.470001,35.840000,36.060001,24.912352,2302400
2007-03-27,35.910000,36.029999,35.750000,35.889999,24.794909,2552300
2007-03-28,35.980000,35.980000,35.410000,35.599998,24.594551,4467300
2007-03-29,35.630001,35.779999,35.369999,35.590000,24.587639,4731400
2007-03-30,35.820000,35.889999,35.310001,35.549999,24.560001,5669400
2007-04-02,35.639999,35.639999,35.410000,35.610001,24.601460,4166400
2007-04-03,35.779999,35.939999,35.740002,35.860001,24.774178,3728000
2007-04-04,35.599998,35.900002,35.599998,35.720001,24.677446,2915700
2007-04-05,35.700001,35.840000,35.630001,35.830002,24.753462,2503000
2007-04-09,36.000000,36.060001,35.790001,35.790001,24.725803,2472000
2007-04-10,35.869999,35.959999,35.689999,35.779999,24.718903,3088600
2007-04-11,35.919998,35.959999,35.590000,35.639999,24.622187,4280500
2007-04-12,35.500000,36.070000,35.500000,36.070000,24.919252,3867800
2007-04-13,36.099998,36.150002,35.889999,36.060001,24.912352,3796500
2007-04-16,36.290001,36.369999,36.250000,36.349998,25.112701,1429000
2007-04-17,36.340000,36.369999,36.180000,36.349998,25.112701,1527900
2007-04-18,36.099998,36.650002,36.099998,36.450001,25.181789,1542700
2007-04-19,36.419998,36.709999,36.320000,36.570000,25.264683,3395400
2007-04-20,37.099998,37.200001,36.820000,36.820000,25.437389,1695200
2007-04-23,36.930000,37.119999,36.900002,36.959999,25.534109,2643200
2007-04-24,37.110001,37.200001,36.830002,36.849998,25.458120,4669400
2007-04-25,37.130001,37.860001,36.840000,37.230000,25.720652,2316400
2007-04-26,37.270000,37.360001,37.160000,37.209999,25.706818,724100
2007-04-27,37.200001,37.810001,37.180000,37.639999,26.003899,3192900
2007-04-30,37.930000,38.000000,37.200001,37.200001,25.699923,1713900
2007-05-01,37.439999,37.500000,37.259998,37.430000,25.858829,3308800
2007-05-02,37.330002,37.900002,37.330002,37.669998,26.024626,2236900
2007-05-03,37.900002,37.980000,37.830002,37.939999,26.211157,2078500
2007-05-04,38.150002,38.400002,37.889999,37.980000,26.238789,3364100
2007-05-07,38.099998,38.150002,37.980000,38.080002,26.307884,1978800
2007-05-08,37.900002,38.070000,37.840000,38.060001,26.294065,1202500
2007-05-09,38.029999,38.290001,37.919998,38.160000,26.363146,2064100
2007-05-10,38.020000,38.200001,37.750000,37.900002,26.183529,3222600
2007-05-11,37.900002,38.189999,37.700001,38.189999,26.383875,1681400
2007-05-14,38.279999,38.279999,37.900002,38.020000,26.266420,3746800
2007-05-15,38.090000,38.459999,38.040001,38.119999,26.335516,2981300
2007-05-16,38.270000,38.349998,38.020000,38.310001,26.466776,2150400
2007-05-17,38.400002,38.459999,38.200001,38.380001,26.515127,2809300
2007-05-18,38.330002,38.500000,38.250000,38.250000,26.425316,2837700
2007-05-21,38.500000,38.540001,38.299999,38.470001,26.577320,4293200
2007-05-22,38.720001,38.720001,38.310001,38.389999,26.522047,1107900
2007-05-23,38.340000,38.660000,38.340000,38.580002,26.653315,4071100
2007-05-24,38.700001,38.740002,38.200001,38.270000,26.439138,3748200
2007-05-25,38.459999,38.590000,38.349998,38.500000,26.598034,2288500
2007-05-29,38.250000,38.750000,38.250000,38.750000,26.770748,5165600
2007-05-30,38.570000,38.939999,38.360001,38.919998,26.888201,3556000
2007-05-31,39.060001,39.200001,39.009998,39.130001,27.033283,4611600
2007-06-01,39.380001,39.430000,39.090000,39.279999,27.136898,5356800
2007-06-04,39.029999,39.360001,39.029999,39.290001,27.143826,5474900
2007-06-05,39.250000,39.400002,39.009998,39.169998,27.060909,4470400
2007-06-06,38.959999,39.009998,38.630001,38.750000,26.770748,6151500
2007-06-07,38.480000,38.790001,38.060001,38.119999,26.335516,5776000
2007-06-08,38.299999,38.730000,38.070000,38.650002,26.701666,3031400
2007-06-11,38.549999,38.900002,38.549999,38.700001,26.736212,2960600
2007-06-12,38.669998,38.750000,38.200001,38.200001,26.390776,3105200
2007-06-13,38.549999,39.110001,38.439999,39.110001,27.019470,3294500
2007-06-14,39.110001,39.480000,39.110001,39.310001,27.157637,2121200
2007-06-15,39.599998,39.619999,39.419998,39.419998,27.303783,1733200
2007-06-18,39.500000,39.639999,39.279999,39.400002,27.289917,1543100
2007-06-19,39.330002,39.700001,39.169998,39.520000,27.373051,3627800
2007-06-20,39.810001,39.869999,39.299999,39.299999,27.220673,2117900
2007-06-21,39.290001,39.509998,39.040001,39.380001,27.276068,2777700
2007-06-22,39.369999,39.459999,38.990002,39.150002,27.116770,3238300
2007-06-25,39.230000,39.410000,38.820000,39.049999,27.047508,2682100
2007-06-26,39.040001,39.160000,38.709999,38.720001,26.818932,7165100
2007-06-27,38.509998,39.099998,38.419998,39.099998,27.082129,2196800
2007-06-28,38.849998,39.169998,38.849998,38.900002,26.943596,2308900
2007-06-29,39.160000,39.349998,38.799999,39.040001,27.040577,4411100
2007-07-02,39.070000,39.459999,38.889999,39.320000,27.234507,3608300
2007-07-03,39.570000,39.660000,39.500000,39.599998,27.428453,1674400
2007-07-05,39.599998,40.490002,39.410000,39.560001,27.400757,1979200
2007-07-06,39.630001,39.830002,39.500000,39.799999,27.566984,1566500
2007-07-09,39.869999,40.119999,39.810001,40.099998,27.774775,2363400
2007-07-10,39.880001,40.180000,39.340000,39.430000,27.310703,2392000
2007-07-11,39.400002,39.849998,39.389999,39.849998,27.601604,3833200
2007-07-12,40.209999,40.959999,39.930000,40.439999,28.010260,3015000
2007-07-13,40.500000,40.889999,40.500000,40.720001,28.204212,3053200
2007-07-16,40.700001,41.110001,40.700001,40.980000,28.384291,2413700
2007-07-17,41.080002,41.439999,40.990002,41.220001,28.550529,4281800
2007-07-18,41.099998,41.419998,40.889999,41.130001,28.488192,4158300
2007-07-19,41.380001,41.590000,41.360001,41.500000,28.744457,4174700
2007-07-20,41.169998,41.480000,40.730000,40.900002,28.328873,4509400
2007-07-23,41.189999,41.369999,41.020000,41.169998,28.515905,1963600
2007-07-24,41.070000,41.200001,40.560001,40.599998,28.121101,7209600
2007-07-25,40.849998,41.040001,40.290001,40.700001,28.190346,8328900
2007-07-26,40.130001,40.590000,39.369999,39.849998,27.601604,8378000
2007-07-27,39.740002,40.009998,39.049999,39.110001,27.089069,7651900
2007-07-30,39.430000,40.009998,39.299999,39.950001,27.670870,6668400
2007-07-31,40.110001,40.590000,39.310001,39.410000,27.296850,9482400
2007-08-01,39.200001,40.290001,39.119999,39.700001,27.497723,9594300
2007-08-02,39.889999,40.150002,39.669998,39.970001,27.684744,7948200
2007-08-03,40.040001,40.119999,39.099998,39.150002,27.116770,5419400
2007-08-06,39.180000,39.740002,39.000000,39.740002,27.525423,6596400
2007-08-07,39.500000,40.009998,39.250000,39.740002,27.525423,5377800
2007-08-08,39.849998,40.049999,39.400002,40.049999,27.740137,7208400
2007-08-09,39.220001,39.529999,38.660000,38.980000,26.999018,9365300
2007-08-10,38.180000,38.820000,37.680000,38.529999,26.687330,15654300
2007-08-13,39.020000,39.270000,38.770000,39.049999,27.047508,6220100
2007-08-14,39.250000,39.250000,38.049999,38.049999,26.354866,4621200
2007-08-15,37.990002,38.450001,37.360001,37.599998,26.043179,7857900
2007-08-16,37.029999,37.619999,36.040001,37.619999,26.057026,14361500
2007-08-17,38.590000,38.810001,37.549999,38.000000,26.320232,11701500
2007-08-20,38.169998,38.660000,37.970001,38.549999,26.701181,11070500
2007-08-21,38.480000,38.720001,38.279999,38.400002,26.597296,4968200
2007-08-22,38.650002,39.200001,38.639999,39.090000,27.075205,4456300
2007-08-23,39.290001,39.400002,38.610001,38.880001,26.929762,3297300
2007-08-24,38.750000,39.369999,38.750000,39.200001,27.151411,4095000
2007-08-27,39.299999,39.389999,39.110001,39.110001,27.089069,3444800
2007-08-28,39.049999,39.070000,38.119999,38.169998,26.437988,4981900
2007-08-29,38.400002,39.080002,38.349998,39.070000,27.061357,3397500
2007-08-30,38.720001,39.130001,38.570000,38.830002,26.895121,2472300
2007-08-31,39.240002,39.549999,39.040001,39.419998,27.303783,4389100
2007-09-04,39.360001,39.770000,39.139999,39.599998,27.428453,5069600
2007-09-05,39.220001,39.349998,38.950001,39.200001,27.151411,2298500
2007-09-06,39.230000,39.520000,38.889999,39.520000,27.373051,3230200
2007-09-07,39.029999,39.080002,38.570000,38.709999,26.812016,6721600
2007-09-10,38.869999,38.959999,38.209999,38.740002,26.832787,5932500
2007-09-11,38.639999,39.189999,38.639999,39.090000,27.075205,4543200
2007-09-12,38.980000,39.389999,38.860001,39.060001,27.054430,3671400
2007-09-13,39.400002,39.650002,39.180000,39.470001,27.338409,3566100
2007-09-14,39.400002,39.610001,39.160000,39.540001,27.386898,2426700
2007-09-17,39.490002,39.540001,39.200001,39.200001,27.151411,2308200
2007-09-18,39.410000,40.619999,39.410000,40.470001,28.031067,5280900
2007-09-19,40.930000,41.040001,40.660000,40.900002,28.328873,3263700
2007-09-20,40.759998,40.810001,40.509998,40.560001,28.093397,7924500
2007-09-21,40.799999,40.799999,40.500000,40.630001,28.284128,2176200
2007-09-24,40.689999,40.730000,40.209999,40.240002,28.012653,4150100
2007-09-25,40.250000,40.599998,40.049999,40.400002,28.124002,10901000
2007-09-26,40.650002,40.869999,40.560001,40.680000,28.318943,7758200
2007-09-27,40.939999,40.990002,40.709999,40.860001,28.444254,3595800
2007-09-28,41.029999,41.080002,40.740002,41.080002,28.597389,3124700
2007-10-01,41.060001,41.639999,40.919998,41.610001,28.966351,8254500
2007-10-02,41.680000,41.770000,41.189999,41.270000,28.729656,1351600
2007-10-03,41.189999,41.270000,40.880001,40.990002,28.534739,3975500
2007-10-04,41.150002,41.150002,40.930000,41.130001,28.632202,3475100
2007-10-05,41.520000,41.750000,41.299999,41.580002,28.945469,2919900
2007-10-08,41.520000,41.669998,41.340000,41.509998,28.896732,849600
2007-10-09,41.700001,41.900002,41.450001,41.900002,29.168228,1840900
2007-10-10,41.990002,41.990002,41.250000,41.439999,28.847994,1855000
2007-10-11,41.750000,41.790001,40.959999,41.139999,28.639170,5550500
2007-10-12,41.150002,41.320000,40.869999,41.320000,28.764458,4771000
2007-10-15,40.310001,41.740002,40.310001,41.000000,28.541702,5630200
2007-10-16,41.000000,41.000000,40.630001,40.820000,28.416395,4872900
2007-10-17,40.950001,41.169998,40.430000,40.930000,28.492970,7526300
2007-10-18,40.779999,41.049999,40.610001,41.040001,28.569553,3888600
2007-10-19,40.639999,40.750000,39.689999,39.900002,27.775938,5618700
2007-10-22,39.480000,40.049999,39.330002,40.049999,27.880371,9143100
2007-10-23,40.299999,40.369999,39.970001,40.320000,28.068327,5009200
2007-10-24,40.290001,40.480000,39.009998,40.200001,27.984791,7285900
2007-10-25,40.369999,40.490002,39.810001,40.270000,28.033514,7023600
2007-10-26,39.529999,40.750000,39.529999,40.299999,28.054403,4185100
2007-10-29,40.369999,40.560001,40.279999,40.560001,28.235413,2597100
2007-10-30,40.400002,40.490002,40.189999,40.200001,27.984791,2207300
2007-10-31,40.099998,40.820000,40.099998,40.549999,28.228436,5443400
2007-11-01,40.000000,40.419998,39.840000,39.860001,27.748114,6016400
2007-11-02,40.349998,40.349998,39.680000,40.220001,27.998718,6475400
2007-11-05,39.970001,40.439999,39.689999,40.049999,27.880371,7972100
2007-11-06,40.540001,40.700001,40.119999,40.680000,28.318943,4168900
2007-11-07,40.540001,40.540001,39.669998,39.700001,27.636724,10259700
2007-11-08,39.889999,39.919998,39.230000,39.709999,27.643677,8635800
2007-11-09,39.250000,39.400002,38.919998,38.919998,27.093731,5710900
2007-11-12,38.750000,39.250000,38.500000,38.500000,26.801348,5374200
2007-11-13,38.799999,39.509998,38.799999,39.480000,27.483572,4289600
2007-11-14,39.720001,39.849998,39.209999,39.349998,27.393076,5033000
2007-11-15,39.630001,39.630001,38.639999,38.799999,27.010183,3506800
2007-11-16,38.820000,38.970001,38.340000,38.810001,27.017155,7695300
2007-11-19,38.419998,38.560001,38.080002,38.250000,26.627312,7974300
2007-11-20,38.040001,38.759998,37.799999,38.310001,26.669086,7125500
2007-11-21,37.820000,38.099998,37.619999,37.669998,26.223557,4936700
2007-11-23,37.639999,38.290001,37.639999,38.169998,26.571640,1069100
2007-11-26,38.560001,38.619999,37.570000,37.570000,26.153946,3644400
2007-11-27,37.509998,38.450001,37.509998,38.320000,26.676050,6404300
2007-11-28,38.250000,39.490002,38.250000,39.250000,27.323456,5381200
2007-11-29,38.790001,39.439999,38.790001,39.250000,27.323456,3274500
2007-11-30,39.959999,39.959999,39.119999,39.400002,27.427870,6791800
2007-12-03,39.650002,39.650002,39.000000,39.000000,27.149416,3348700
2007-12-04,38.889999,39.080002,38.799999,38.910000,27.086775,3114000
2007-12-05,39.540001,39.560001,39.240002,39.549999,27.532299,2815800
2007-12-06,39.700001,40.220001,39.419998,40.000000,27.845568,2220100
2007-12-07,40.180000,40.369999,40.160000,40.299999,28.054403,3432400
2007-12-10,40.380001,40.590000,40.220001,40.490002,28.186668,2496100
2007-12-11,40.820000,40.820000,39.200001,39.200001,27.288652,8748500
2007-12-12,40.000000,40.360001,39.200001,39.700001,27.636724,4597700
2007-12-13,39.180000,39.990002,39.180000,39.900002,27.775938,3178300
2007-12-14,39.270000,39.910000,39.270000,39.459999,27.469639,5105000
2007-12-17,39.220001,39.279999,38.619999,38.750000,26.975386,5244200
2007-12-18,38.730000,39.009998,38.369999,38.860001,27.051960,5743700
2007-12-19,39.209999,39.209999,38.439999,38.730000,26.961468,3489600
2007-12-20,38.779999,39.049999,38.560001,39.049999,27.184229,3717500
2007-12-21,39.680000,39.680000,39.099998,39.549999,27.664068,2760800
2007-12-24,40.029999,40.029999,39.580002,39.990002,27.971840,891200
2007-12-26,39.939999,39.939999,39.590000,39.840000,27.866907,2219400
2007-12-27,39.590000,39.959999,39.299999,39.380001,27.545153,2491000
2007-12-28,39.549999,39.660000,39.240002,39.340000,27.517172,1541400
2007-12-31,39.540001,39.540001,39.049999,39.160000,27.391270,2378300
2008-01-02,39.049999,39.209999,38.220001,38.509998,26.936621,7781500
2008-01-03,38.759998,38.810001,38.490002,38.540001,26.957590,5334700
2008-01-04,38.139999,38.310001,37.549999,37.750000,26.405020,12500300
2008-01-07,37.730000,37.900002,37.040001,37.279999,26.076273,8542800
2008-01-08,37.450001,37.540001,36.259998,36.450001,25.495703,10547800
2008-01-09,36.349998,36.799999,35.910000,36.560001,25.572645,11917100
2008-01-10,36.439999,37.439999,36.310001,37.070000,25.929373,14380500
2008-01-11,36.869999,37.119999,36.240002,36.439999,25.488710,8847000
2008-01-14,36.580002,36.939999,36.500000,36.889999,25.803476,4419800
2008-01-15,36.490002,36.660000,35.919998,36.119999,25.264887,13396100
2008-01-16,35.820000,36.389999,35.660000,35.700001,24.971104,8588100
2008-01-17,36.110001,36.160000,34.490002,34.750000,24.306604,12869100
2008-01-18,34.880001,35.560001,34.630001,34.680000,24.257648,8143000
2008-01-22,32.720001,35.169998,32.400002,34.799999,24.341579,10142800
2008-01-23,33.750000,35.849998,33.750000,35.750000,25.006081,11973300
2008-01-24,36.099998,36.169998,35.639999,35.959999,25.152967,7188500
2008-01-25,36.509998,36.509998,35.750000,35.799999,25.041040,16852000
2008-01-28,36.020000,36.439999,35.720001,36.330002,25.411772,11629800
2008-01-29,36.750000,36.750000,36.410000,36.650002,25.635601,5274000
2008-01-30,36.759998,37.500000,36.459999,36.799999,25.740515,6795200
2008-01-31,36.299999,37.490002,36.139999,37.000000,25.880411,9121000
2008-02-01,37.349998,37.849998,37.240002,37.849998,26.474966,8863300
2008-02-04,37.990002,37.990002,37.439999,37.439999,26.188185,7162900
2008-02-05,36.570000,37.070000,36.430000,36.490002,25.523685,8321600
2008-02-06,36.709999,36.919998,36.250000,36.430000,25.481716,5560400
2008-02-07,36.230000,36.599998,36.060001,36.439999,25.488710,7200500
2008-02-08,36.299999,36.529999,35.950001,36.169998,25.299850,7242700
2008-02-11,36.040001,36.619999,35.939999,36.529999,25.551662,5167400
2008-02-12,36.820000,37.150002,36.549999,36.900002,25.810463,10940000
2008-02-13,36.910000,37.560001,36.619999,37.560001,26.272127,5794700
2008-02-14,37.689999,37.700001,36.820000,37.000000,25.880411,6746200
2008-02-15,36.619999,36.930000,36.540001,36.770000,25.719547,6852500
2008-02-19,37.020000,37.270000,36.650002,36.950001,25.845448,5918700
2008-02-20,36.830002,37.139999,36.400002,37.070000,25.929373,4769600
2008-02-21,37.430000,37.450001,36.509998,36.779999,25.726538,6813000
2008-02-22,36.779999,37.150002,36.189999,37.150002,25.985334,6112500
2008-02-25,37.279999,37.490002,36.689999,37.439999,26.188185,5766900
2008-02-26,37.250000,37.779999,37.150002,37.470001,26.209167,6428700
2008-02-27,37.049999,37.820000,37.049999,37.540001,26.258133,2573900
2008-02-28,37.410000,37.450001,37.029999,37.270000,26.069275,3924300
2008-02-29,36.980000,36.990002,36.250000,36.250000,25.355810,6461700
2008-03-03,36.000000,36.779999,35.990002,36.779999,25.726538,3710200
2008-03-04,36.240002,36.560001,35.970001,36.349998,25.425764,4853500
2008-03-05,36.380001,37.029999,36.380001,36.830002,25.761511,4740900
2008-03-06,36.869999,36.869999,36.130001,36.130001,25.271881,5262400
2008-03-07,36.009998,36.279999,35.389999,35.610001,24.908142,7012900
2008-03-10,35.570000,35.709999,34.889999,35.040001,24.509453,5628000
2008-03-11,35.610001,36.230000,35.290001,36.230000,25.341829,9575100
2008-03-12,36.119999,36.680000,36.119999,36.160000,25.292860,7534700
2008-03-13,35.419998,36.660000,35.419998,36.660000,25.642591,7434800
2008-03-14,37.000000,37.009998,35.490002,36.080002,25.236912,14902900
2008-03-17,35.130001,36.240002,35.130001,35.900002,25.110992,9241100
2008-03-18,36.549999,37.790001,36.369999,37.790001,26.432997,9586500
2008-03-19,37.169998,37.570000,36.320000,36.410000,25.467726,5599300
2008-03-20,36.299999,36.849998,36.020000,36.630001,25.735411,3951700
2008-03-24,37.040001,37.459999,36.810001,37.459999,26.318542,6765200
2008-03-25,37.389999,37.770000,37.090000,37.689999,26.480131,6335700
2008-03-26,37.369999,37.490002,37.150002,37.389999,26.269369,3638200
2008-03-27,37.619999,37.619999,36.919998,36.980000,25.981318,7984500
2008-03-28,37.279999,37.320000,36.810001,36.840000,25.882952,3255600
2008-03-31,37.000000,37.400002,36.770000,37.400002,26.276390,4198900
2008-04-01,37.680000,38.389999,37.450001,38.250000,26.873589,14301000
2008-04-02,38.230000,38.529999,38.080002,38.419998,26.993034,5795300
2008-04-03,37.939999,38.290001,37.939999,38.250000,26.873589,4375800
2008-04-04,38.259998,38.639999,38.020000,38.400002,26.978968,5045000
2008-04-07,38.669998,38.730000,38.139999,38.160000,26.810356,6896600
2008-04-08,37.980000,38.139999,37.820000,38.130001,26.789280,4186700
2008-04-09,37.840000,38.119999,37.490002,37.759998,26.529322,5800600
2008-04-10,37.740002,38.040001,37.450001,37.919998,26.641720,2775100
2008-04-11,36.860001,36.990002,36.330002,36.430000,25.594889,6944500
2008-04-14,36.590000,36.619999,36.380001,36.450001,25.608942,3620600
2008-04-15,36.680000,36.700001,36.220001,36.619999,25.728394,4748200
2008-04-16,36.860001,37.639999,36.860001,37.639999,26.445015,7933100
2008-04-17,37.389999,37.459999,37.090000,37.200001,26.135866,5176600
2008-04-18,37.930000,38.380001,37.840000,38.320000,26.922764,7603500
2008-04-21,38.049999,38.189999,37.880001,38.189999,26.831423,7976300
2008-04-22,37.950001,37.970001,37.439999,37.580002,26.402859,3361800
2008-04-23,37.759998,38.000000,37.480000,37.599998,26.416910,4164200
2008-04-24,37.840000,38.290001,37.450001,37.840000,26.585533,4105400
2008-04-25,38.320000,38.480000,37.849998,38.369999,26.957895,2686500
2008-04-28,38.490002,38.590000,38.259998,38.590000,27.112465,11001600
2008-04-29,38.439999,38.490002,38.150002,38.230000,26.859539,5396000
2008-04-30,38.389999,38.779999,38.130001,38.500000,27.049229,7494100
2008-05-01,38.270000,38.880001,38.139999,38.750000,27.224878,10939000
2008-05-02,39.070000,39.240002,38.610001,38.900002,27.330248,8936500
2008-05-05,38.939999,38.980000,38.529999,38.799999,27.260010,3242900
2008-05-06,38.570000,39.080002,38.419998,38.950001,27.365393,3398400
2008-05-07,39.029999,39.060001,38.270000,38.349998,26.943842,5733600
2008-05-08,38.430000,38.709999,38.299999,38.480000,27.035179,6928200
2008-05-09,38.160000,38.360001,38.110001,38.240002,26.866566,4176400
2008-05-12,38.439999,38.849998,38.150002,38.849998,27.295134,3550200
2008-05-13,38.509998,39.169998,38.509998,39.110001,27.477800,3191600
2008-05-14,39.099998,39.500000,39.099998,39.150002,27.505913,2979500
2008-05-15,39.150002,39.389999,39.009998,39.380001,27.667498,3619100
2008-05-16,39.459999,39.459999,39.029999,39.279999,27.597235,2605700
2008-05-19,39.349998,39.970001,39.189999,39.720001,27.906378,6566900
2008-05-20,39.360001,39.360001,38.889999,39.090000,27.463753,4368400
2008-05-21,39.040001,39.250000,38.299999,38.430000,27.000044,8489100
2008-05-22,38.430000,38.549999,38.200001,38.340000,26.936815,6620600
2008-05-23,38.209999,38.209999,37.650002,37.790001,26.550392,4037400
2008-05-27,37.779999,38.189999,37.660000,38.189999,26.831423,3903600
2008-05-28,38.400002,38.490002,38.090000,38.450001,27.014112,5651000
2008-05-29,38.540001,38.919998,38.130001,38.599998,27.119482,7581300
2008-05-30,38.770000,39.020000,38.570000,38.840000,27.288109,4003200
2008-06-02,38.669998,38.939999,38.250000,38.509998,27.056255,5004300
2008-06-03,38.540001,38.680000,37.900002,38.380001,26.964918,5398300
2008-06-04,38.029999,38.389999,37.939999,38.230000,26.859539,4411600
2008-06-05,38.250000,38.599998,38.040001,38.509998,27.056255,6498400
2008-06-06,38.150002,38.290001,37.009998,37.009998,26.002401,11162200
2008-06-09,37.290001,37.490002,37.090000,37.389999,26.269369,7946800
2008-06-10,37.020000,37.590000,37.020000,37.169998,26.114813,4217900
2008-06-11,37.150002,37.150002,36.400002,36.470001,25.623001,6568200
2008-06-12,36.639999,37.330002,36.430000,36.599998,25.714336,7316900
2008-06-13,36.759998,37.160000,36.709999,37.020000,26.009428,8574500
2008-06-16,37.099998,37.259998,36.700001,36.820000,25.868891,5626000
2008-06-17,37.130001,37.150002,36.549999,36.740002,25.812693,3678400
2008-06-18,36.320000,36.570000,36.169998,36.209999,25.440325,6784300
2008-06-19,36.230000,36.830002,36.169998,36.680000,25.770546,6266300
2008-06-20,36.150002,36.400002,35.810001,35.900002,25.340668,5842300
2008-06-23,36.169998,36.200001,35.869999,35.970001,25.390066,3460300
2008-06-24,35.680000,35.880001,35.380001,35.540001,25.086554,6387500
2008-06-25,35.590000,35.590000,35.000000,35.279999,24.903025,8762400
2008-06-26,34.950001,34.950001,33.799999,34.700001,24.493626,10217700
2008-06-27,34.080002,34.080002,33.509998,33.700001,23.787756,9277200
2008-06-30,33.650002,34.220001,33.590000,34.009998,24.006575,5948100
2008-07-01,33.500000,34.160000,33.369999,33.990002,23.992460,12149100
2008-07-02,34.130001,34.169998,32.900002,32.950001,23.258352,12311600
2008-07-03,33.349998,33.529999,32.950001,33.410000,23.583044,5800600
2008-07-07,33.490002,33.820000,33.000000,33.369999,23.554813,7051500
2008-07-08,33.250000,34.139999,33.250000,34.139999,24.098341,12327600
2008-07-09,34.130001,34.279999,33.160000,33.189999,23.427767,9153300
2008-07-10,33.500000,33.790001,33.180000,33.700001,23.787756,9592300
2008-07-11,33.419998,33.790001,32.950001,33.090000,23.357176,9542500
2008-07-14,33.450001,33.889999,32.889999,33.240002,23.463064,7401600
2008-07-15,33.090000,33.139999,32.000000,32.580002,22.997179,9592400
2008-07-16,32.750000,33.590000,32.340000,33.330002,23.526581,9211200
2008-07-17,33.830002,34.250000,33.459999,34.250000,24.175983,10626300
2008-07-18,34.150002,34.299999,33.799999,34.299999,24.211271,7400600
2008-07-21,34.240002,34.330002,33.830002,34.330002,24.232464,7538200
2008-07-22,34.080002,34.790001,34.080002,34.750000,24.528921,6980700
2008-07-23,35.000000,35.209999,34.619999,35.020000,24.719500,8744400
2008-07-24,35.299999,35.349998,34.130001,34.150002,24.105394,9031900
2008-07-25,34.639999,34.639999,34.250000,34.470001,24.331282,8323800
2008-07-28,34.599998,34.599998,33.570000,33.680000,23.773642,7177100
2008-07-29,33.880001,34.950001,33.869999,34.950001,24.670090,6799400
2008-07-30,34.950001,35.480000,34.840000,35.360001,24.959501,9428100
2008-07-31,35.119999,35.250000,34.270000,34.279999,24.197157,17874300
2008-08-01,34.599998,34.700001,34.049999,34.250000,24.175983,8000000
2008-08-04,34.180000,34.320000,33.869999,34.099998,24.070099,7557100
2008-08-05,34.419998,35.090000,34.419998,35.049999,24.740677,9724900
2008-08-06,35.049999,35.720001,34.689999,35.720001,25.213608,6915000
2008-08-07,34.820000,35.099998,34.520000,34.520000,24.366562,10655800
2008-08-08,34.660000,35.889999,34.529999,35.709999,25.206547,11684800
2008-08-11,35.820000,36.110001,35.500000,35.799999,25.270077,12795800
2008-08-12,35.790001,35.799999,35.290001,35.450001,25.023020,7227600
2008-08-13,35.279999,35.389999,34.720001,35.320000,24.931265,11052000
2008-08-14,35.070000,35.730000,34.889999,35.450001,25.023020,9603900
2008-08-15,35.590000,35.860001,35.430000,35.650002,25.164200,6119200
2008-08-18,35.770000,35.799999,35.000000,35.250000,24.881859,6234800
2008-08-19,35.209999,35.209999,34.509998,34.810001,24.571272,6894300
2008-08-20,34.669998,34.849998,34.209999,34.529999,24.373619,9990500
2008-08-21,34.310001,34.770000,34.200001,34.610001,24.430094,8100500
2008-08-22,34.860001,35.290001,34.730000,35.290001,24.910091,6478600
2008-08-25,35.099998,35.099998,34.410000,34.740002,24.521868,5858300
2008-08-26,34.540001,34.740002,34.290001,34.730000,24.514795,7859300
2008-08-27,34.430000,34.990002,34.430000,34.830002,24.585386,5629600
2008-08-28,34.910000,35.770000,34.910000,35.610001,25.135958,8421000
2008-08-29,35.570000,35.750000,35.189999,35.220001,24.860680,3775700
2008-09-02,35.759998,36.160000,35.000000,35.230000,24.867737,10442600
2008-09-03,35.220001,35.310001,34.700001,34.970001,24.684210,9961700
2008-09-04,34.650002,34.660000,33.520000,33.770000,23.837162,11476900
2008-09-05,33.419998,33.790001,33.139999,33.759998,23.830107,12674700
2008-09-08,34.410000,34.820000,33.939999,34.299999,24.211271,15606400
2008-09-09,34.090000,34.570000,33.259998,33.290001,23.498350,11434900
2008-09-10,33.450001,33.860001,33.200001,33.430000,23.597174,9732300
2008-09-11,33.139999,34.200001,33.040001,34.200001,24.140690,8516300
2008-09-12,33.860001,34.169998,33.570000,34.110001,24.077164,10793300
2008-09-15,32.639999,33.669998,32.639999,32.740002,23.110121,16085600
2008-09-16,31.990000,33.200001,31.920000,32.840000,23.180704,18499300
2008-09-17,32.360001,32.369999,31.430000,31.730000,22.397198,15598500
2008-09-18,31.650000,32.849998,30.559999,32.380001,22.856009,30949600
2008-09-19,35.000000,35.000000,33.099998,33.110001,23.499020,15910100
2008-09-22,33.000000,33.380001,32.200001,32.230000,22.874470,5309400
2008-09-23,32.439999,32.590000,31.500000,31.520000,22.370562,12016100
2008-09-24,31.850000,31.879999,30.969999,31.450001,22.320871,8931100
2008-09-25,31.370001,31.930000,31.000000,31.700001,22.498304,11687900
2008-09-26,31.030001,31.610001,30.639999,31.570000,22.406038,14531000
2008-09-29,31.040001,31.340000,29.290001,30.500000,21.646639,16947400
2008-09-30,30.000000,30.799999,29.760000,30.799999,21.859547,10050300
2008-10-01,30.309999,30.309999,29.379999,30.070000,21.341452,21014600
2008-10-02,29.629999,29.629999,27.809999,28.270000,20.063950,14679300
2008-10-03,28.500000,28.930000,27.580000,27.820000,19.744574,18081900
2008-10-06,26.870001,27.209999,25.570000,27.090000,19.226471,20767300
2008-10-07,27.570000,27.780001,25.820000,26.190001,18.587719,15985000
2008-10-08,25.030001,26.750000,25.030001,25.790001,18.303833,19232000
2008-10-09,26.420000,26.420000,24.000000,24.320000,17.260532,15437500
2008-10-10,22.910000,24.920000,22.200001,23.540001,16.706949,23376100
2008-10-13,25.190001,26.459999,24.600000,26.059999,18.495453,7824200
2008-10-14,27.799999,27.799999,25.059999,26.049999,18.488358,17373800
2008-10-15,25.440001,25.440001,23.410000,23.600000,16.749525,15899300
2008-10-16,23.440001,24.580000,22.459999,24.080000,17.090199,20528200
2008-10-17,23.240000,25.180000,23.240000,23.559999,16.721134,12076100
2008-10-20,24.400000,24.920000,23.969999,24.730000,17.551525,13286900
2008-10-21,24.730000,25.100000,24.180000,24.510000,17.395380,11165500
2008-10-22,23.610001,23.850000,22.330000,23.379999,16.593395,20321500
2008-10-23,23.240000,23.600000,21.920000,23.440001,16.635983,19569400
2008-10-24,21.650000,22.719999,21.559999,22.090000,15.677842,17650200
2008-10-27,21.799999,22.760000,21.240000,21.240000,15.074577,11494200
2008-10-28,22.160000,23.730000,21.389999,23.420000,16.621782,12324100
2008-10-29,23.840000,24.920000,23.469999,23.520000,16.692753,15938400
2008-10-30,24.200001,24.830000,23.850000,24.370001,17.296019,14639300
2008-10-31,24.530001,25.299999,24.090000,25.180000,17.870899,12745900
2008-11-03,25.090000,25.190001,24.620001,24.750000,17.565714,8841400
2008-11-04,25.520000,26.360001,25.250000,25.830000,18.332212,15205500
2008-11-05,26.139999,26.180000,24.690001,24.750000,17.565714,15585600
2008-11-06,24.500000,24.930000,23.150000,23.590000,16.742426,13678700
2008-11-07,23.940001,24.059999,23.280001,23.830000,16.912767,11548100
2008-11-10,24.549999,24.610001,23.520000,23.840000,16.919863,9504100
2008-11-11,23.440001,23.750000,22.830000,23.309999,16.543711,15414600
2008-11-12,22.920000,22.920000,21.959999,22.200001,15.755913,11420800
2008-11-13,22.430000,23.469999,20.900000,23.389999,16.600489,24198500
2008-11-14,23.180000,23.559999,22.190001,22.400000,15.897853,17514300
2008-11-17,21.900000,22.620001,21.639999,21.950001,15.578483,17211600
2008-11-18,21.830000,22.260000,21.270000,21.969999,15.592673,14682100
2008-11-19,22.209999,22.209999,20.510000,20.549999,14.584860,23026400
2008-11-20,20.340000,21.070000,19.240000,20.000000,14.194518,20907100
2008-11-21,20.059999,20.760000,19.190001,20.590000,14.613256,27855900
2008-11-24,20.879999,22.160000,20.809999,21.620001,15.344271,20405600
2008-11-25,22.250000,22.379999,21.370001,21.930000,15.564290,14812300
2008-11-26,21.559999,22.760000,21.410000,22.620001,16.053999,11156400
2008-11-28,22.559999,23.250000,22.510000,23.110001,16.401760,4169300
2008-12-01,22.780001,22.780001,21.139999,21.209999,15.053282,11050100
2008-12-02,21.660000,22.240000,21.379999,22.190001,15.748820,13488200
2008-12-03,21.870001,22.770000,21.530001,22.570000,16.018507,18149000
2008-12-04,22.260000,22.870001,21.730000,22.120001,15.699142,16593900
2008-12-05,21.709999,22.730000,21.240000,22.660000,16.082384,19686300
2008-12-08,23.549999,23.950001,22.900000,23.250000,16.501122,17034400
2008-12-09,23.230000,23.459999,22.600000,22.840000,16.210136,15503800
2008-12-10,23.139999,23.469999,22.820000,23.209999,16.472742,10248800
2008-12-11,22.770000,23.080000,22.059999,22.209999,15.763006,12010700
2008-12-12,21.719999,22.370001,21.500000,22.270000,15.805595,10671300
2008-12-15,22.570000,22.570000,21.870001,22.260000,15.798503,10048800
2008-12-16,23.360001,23.510000,22.250000,23.360001,16.579201,14467100
2008-12-17,23.219999,23.629999,22.930000,23.370001,16.586290,10329300
2008-12-18,23.459999,23.559999,22.490000,22.549999,16.004322,12514900
2008-12-19,22.639999,23.030001,22.459999,22.580000,16.181326,13077000
2008-12-22,22.750000,22.750000,21.920000,22.230000,15.930503,10035200
2008-12-23,22.360001,22.580000,22.020000,22.160000,15.880340,6315900
2008-12-24,22.180000,22.389999,22.129999,22.299999,15.980669,2207000
2008-12-26,22.469999,22.559999,22.219999,22.469999,16.102491,1231300
2008-12-29,22.370001,22.480000,21.860001,22.049999,15.801511,3072500
2008-12-30,22.379999,22.969999,22.290001,22.870001,16.389139,4754000
2008-12-31,23.020000,23.540001,22.860001,23.420000,16.783293,6279000
2009-01-02,23.520000,24.420000,23.270000,24.280001,17.399582,6659500
2009-01-05,24.180000,24.459999,23.879999,24.090000,17.263418,11182100
2009-01-06,24.420000,24.740000,24.230000,24.620001,17.643230,13437000
2009-01-07,24.260000,24.260000,23.510000,23.520000,16.854948,10726200
2009-01-08,23.510000,23.770000,23.350000,23.750000,17.019773,11184400
2009-01-09,23.850000,23.889999,23.200001,23.230000,16.647123,6161400
2009-01-12,23.219999,23.270000,22.610001,22.719999,16.281652,8466900
2009-01-13,22.709999,22.809999,22.010000,22.330000,16.002169,19223500
2009-01-14,21.990000,22.010000,21.389999,21.500000,15.407366,15643100
2009-01-15,21.549999,21.860001,20.799999,21.700001,15.550697,14149200
2009-01-16,21.920000,22.059999,21.219999,21.820000,15.636691,9030200
2009-01-20,21.680000,21.840000,20.799999,20.809999,14.912903,13048000
2009-01-21,21.250000,21.440001,20.570000,21.340000,15.292713,16046100
2009-01-22,21.040001,21.480000,20.670000,21.270000,15.242549,17930200
2009-01-23,20.690001,21.080000,20.540001,20.629999,14.783906,19148400
2009-01-26,20.639999,21.280001,20.500000,20.870001,14.955887,19811700
2009-01-27,21.049999,21.389999,20.969999,21.250000,15.228217,14817400
2009-01-28,21.820000,22.100000,21.650000,21.860001,15.665353,17246000
2009-01-29,21.730000,21.730000,20.990000,21.059999,15.092053,11543100
2009-01-30,21.120001,21.230000,20.400000,20.610001,14.769580,7888000
2009-02-02,20.299999,20.330000,19.850000,20.139999,14.432769,9383500
2009-02-03,20.180000,20.610001,20.110001,20.510000,14.697914,9087600
2009-02-04,20.730000,20.980000,20.400000,20.400000,14.619085,10417600
2009-02-05,20.250000,20.900000,20.040001,20.639999,14.791074,11882400
2009-02-06,20.850000,21.309999,20.709999,21.139999,15.149384,12767200
2009-02-09,21.190001,21.719999,21.049999,21.540001,15.436031,8462300
2009-02-10,21.430000,21.549999,20.320000,20.410000,14.626249,8791200
2009-02-11,20.530001,20.780001,20.350000,20.570000,14.740911,6449700
2009-02-12,20.290001,20.400000,19.700001,20.340000,14.576092,12775200
2009-02-13,20.459999,20.760000,20.299999,20.340000,14.576092,8666900
2009-02-17,19.639999,19.820000,19.280001,19.309999,13.837964,15837300
2009-02-18,19.629999,19.660000,19.129999,19.340000,13.859467,11520600
2009-02-19,19.600000,19.660000,18.910000,18.910000,13.551323,12493300
2009-02-20,18.730000,18.930000,18.270000,18.620001,13.343497,16660800
2009-02-23,18.840000,18.940001,17.770000,17.900000,12.827533,11756700
2009-02-24,17.860001,18.549999,17.639999,18.290001,13.107013,10561700
2009-02-25,18.330000,18.330000,17.670000,17.850000,12.791699,14156700
2009-02-26,18.209999,18.230000,17.540001,17.540001,12.569549,8399100
2009-02-27,17.250000,17.639999,17.070000,17.100000,12.254233,12092200
2009-03-02,16.889999,16.900000,15.980000,15.980000,11.451617,9658600
2009-03-03,16.440001,16.490000,15.780000,15.860000,11.365624,10174000
2009-03-04,16.299999,16.600000,15.850000,16.299999,11.680934,10929900
2009-03-05,16.049999,16.090000,15.380000,15.670000,11.229464,13470200
2009-03-06,15.860000,16.030001,15.140000,15.500000,11.107643,13881200
2009-03-09,15.480000,15.840000,15.160000,15.360000,11.007309,9734800
2009-03-10,15.630000,16.610001,15.630000,16.520000,11.838592,10318500
2009-03-11,16.790001,17.030001,16.500000,16.680000,11.953259,9343000
2009-03-12,16.870001,17.420000,16.430000,17.219999,12.340224,8489700
2009-03-13,17.500000,17.650000,16.969999,17.250000,12.361727,8099600
2009-03-16,17.490000,18.040001,17.410000,17.440001,12.497886,11528100
2009-03-17,17.580000,17.950001,17.280001,17.950001,12.863364,8405900
2009-03-18,17.820000,18.520000,17.430000,18.290001,13.107013,12541000
2009-03-19,18.500000,18.580000,18.080000,18.110001,12.978021,8776900
2009-03-20,18.049999,18.090000,17.270000,17.389999,12.582250,12500500
2009-03-23,17.830000,18.730000,17.690001,18.650000,13.493905,8470900
2009-03-24,18.400000,18.990000,18.370001,18.500000,13.385374,14721600
2009-03-25,18.660000,19.219999,18.150000,18.650000,13.493905,10733600
2009-03-26,18.930000,19.650000,18.900000,19.650000,14.217433,16530500
2009-03-27,19.410000,19.490000,19.100000,19.280001,13.949730,10115000
2009-03-30,18.650000,18.690001,18.090000,18.320000,13.255136,8718200
2009-03-31,18.590000,18.870001,18.260000,18.430000,13.334721,10759600
2009-04-01,18.260000,18.850000,18.129999,18.840000,13.631373,8653300
2009-04-02,19.240000,20.120001,19.200001,19.850000,14.362141,13177000
2009-04-03,19.860001,19.969999,19.610001,19.870001,14.376612,11174400
2009-04-06,19.660000,20.090000,19.440001,19.920000,14.412787,7783300
2009-04-07,19.610001,19.780001,19.340000,19.350000,14.000379,9263800
2009-04-08,19.549999,19.650000,19.240000,19.520000,14.123377,11783600
2009-04-09,19.930000,20.639999,19.930000,20.480000,14.817958,18412800
2009-04-13,20.209999,20.719999,20.070000,20.540001,14.861384,13678000
2009-04-14,20.299999,20.700001,20.160000,20.240000,14.644319,13458100
2009-04-15,20.170000,20.650000,20.090000,20.430000,14.781786,10098200
2009-04-16,20.740000,21.260000,20.459999,21.120001,15.281028,15534200
2009-04-17,21.270000,21.340000,20.969999,21.110001,15.273795,9920500
2009-04-20,20.770000,20.799999,20.110001,20.180000,14.600910,11248100
2009-04-21,20.030001,20.719999,19.980000,20.670000,14.955438,3242900
2009-04-22,20.410000,21.480000,20.410000,20.990000,15.186967,13736400
2009-04-23,21.170000,21.290001,20.690001,21.219999,15.353384,8470900
2009-04-24,21.490000,21.799999,21.280001,21.660000,15.671737,9277200
2009-04-27,21.490000,21.690001,21.180000,21.230000,15.360613,7980500
2009-04-28,21.030001,21.330000,20.799999,20.980000,15.179738,9556200
2009-04-29,21.180000,21.950001,21.180000,21.680000,15.686208,14356600
2009-04-30,22.139999,22.320000,21.650000,21.760000,15.744094,11382600
2009-05-01,21.780001,22.240000,21.660000,22.000000,15.917740,9052100
2009-05-04,22.290001,22.840000,22.059999,22.719999,16.438681,9579800
2009-05-05,22.639999,22.889999,22.520000,22.790001,16.489332,9942600
2009-05-06,23.010000,23.230000,22.700001,23.150000,16.749809,18727800
2009-05-07,23.370001,23.389999,22.510000,22.680000,16.409740,17176100
2009-05-08,22.870001,23.510000,22.870001,23.510000,17.010277,9326800
2009-05-11,23.030001,23.219999,22.780001,22.809999,16.503807,10456900
2009-05-12,23.070000,23.070000,22.160000,22.559999,16.322920,12735500
2009-05-13,22.010000,22.250000,21.549999,21.629999,15.650028,12479500
2009-05-14,21.580000,22.070000,21.580000,21.790001,15.765796,10311200
2009-05-15,21.870001,22.190001,21.629999,21.799999,15.773034,17495800
2009-05-18,21.910000,22.600000,21.910000,22.600000,16.351862,10524600
2009-05-19,22.549999,22.709999,22.330000,22.430000,16.228865,19701800
2009-05-20,22.790001,23.090000,22.450001,22.450001,16.243330,13316600
2009-05-21,22.110001,22.250000,21.549999,21.770000,15.751321,20545700
2009-05-22,21.750000,21.990000,21.570000,21.690001,15.693451,8858200
2009-05-26,21.840000,22.510000,21.510000,22.480000,16.265036,16082300
2009-05-27,22.480000,22.580000,21.750000,21.750000,15.736854,10835700
2009-05-28,21.950001,22.090000,21.469999,21.959999,15.888793,10851400
2009-05-29,22.160000,22.520000,21.930000,22.490000,16.272284,10999600
2009-06-01,22.969999,23.580000,22.770000,23.530001,17.024744,19477000
2009-06-02,23.400000,23.750000,23.370001,23.570000,17.053690,10763500
2009-06-03,23.260000,23.459999,22.900000,23.110001,16.720869,15375500
2009-06-04,23.260000,23.580000,23.059999,23.530001,17.024744,7971400
2009-06-05,24.049999,24.080000,23.600000,23.730000,17.169456,12146000
2009-06-08,23.719999,23.920000,23.320000,23.790001,17.212866,8434700
2009-06-09,23.840000,23.870001,23.490000,23.740000,17.176685,10302600
2009-06-10,24.090000,24.129999,23.170000,23.590000,17.068155,12810100
2009-06-11,23.540001,23.860001,23.500000,23.549999,17.039217,10526900
2009-06-12,23.530001,23.600000,23.230000,23.590000,17.068155,8454700
2009-06-15,23.480000,23.480000,22.660000,22.870001,16.547209,8953300
2009-06-16,22.969999,23.059999,22.450001,22.450001,16.243330,9303600
2009-06-17,22.340000,22.540001,22.160000,22.280001,16.120331,17690700
2009-06-18,22.450001,22.459999,22.030001,22.299999,16.134802,12271900
2009-06-19,22.490000,22.639999,22.059999,22.200001,16.169767,8822300
2009-06-22,22.020000,22.049999,21.370001,21.459999,15.630770,11339600
2009-06-23,21.389999,21.469999,21.080000,21.260000,15.485097,14739300
2009-06-24,21.480000,21.900000,21.290001,21.400000,15.587063,13853900
2009-06-25,21.320000,22.110001,21.320000,22.059999,16.067787,18079300
2009-06-26,22.070000,22.200001,21.910000,21.969999,16.002235,11819300
2009-06-29,22.150000,22.350000,21.950001,22.190001,16.162477,6238800
2009-06-30,22.190001,22.290001,21.770000,21.959999,15.994953,8985100
2009-07-01,21.760000,22.370001,21.750000,22.049999,16.060513,14009300
2009-07-02,22.010000,22.010000,21.320000,21.360001,15.557938,13736200
2009-07-06,21.090000,21.370001,21.000000,21.370001,15.565226,13749300
2009-07-07,21.240000,21.299999,20.590000,20.639999,15.033505,13589900
2009-07-08,20.600000,20.770000,20.290001,20.559999,14.975240,18108100
2009-07-09,20.690001,20.840000,20.580000,20.750000,15.113627,10261300
2009-07-10,20.559999,20.809999,20.209999,20.719999,15.091777,13920900
2009-07-13,20.850000,21.290001,20.570000,21.250000,15.477814,9447400
2009-07-14,21.490000,21.559999,21.240000,21.559999,15.703604,7456600
2009-07-15,21.910000,22.280001,21.770000,22.230000,16.191608,12194400
2009-07-16,22.219999,22.750000,22.100000,22.639999,16.490238,9079900
2009-07-17,22.590000,22.590000,22.209999,22.379999,16.300861,8516800
2009-07-20,22.660000,22.900000,22.530001,22.830000,16.628630,11225700
2009-07-21,23.110001,23.299999,22.580000,22.840000,16.635912,11590000
2009-07-22,22.740000,23.059999,22.690001,22.910000,16.686909,8604600
2009-07-23,22.809999,23.510000,22.780001,23.389999,17.036520,12070000
2009-07-24,23.250000,23.440001,23.040001,23.410000,17.051085,7254100
2009-07-27,23.420000,23.580000,23.219999,23.540001,17.145777,8301500
2009-07-28,23.440001,23.690001,23.240000,23.520000,17.131210,6436600
2009-07-29,23.340000,23.420000,23.090000,23.410000,17.051085,11747600
2009-07-30,23.830000,24.129999,23.780001,23.790001,17.327873,13001100
2009-07-31,23.850000,24.100000,23.790001,23.879999,17.393427,10541300
2009-08-03,24.190001,24.520000,23.990000,24.400000,17.772173,14748700
2009-08-04,24.360001,24.590000,24.200001,24.580000,17.903282,8211800
2009-08-05,24.660000,24.660000,24.190001,24.379999,17.757601,10111800
2009-08-06,24.570000,24.650000,24.309999,24.510000,17.852293,20333600
2009-08-07,24.879999,25.330000,24.719999,25.120001,18.296595,13530300
2009-08-10,25.049999,25.080000,24.690001,24.879999,18.121790,13115200
2009-08-11,24.680000,24.850000,24.379999,24.549999,17.881426,12985000
2009-08-12,24.459999,25.230000,24.459999,24.980000,18.194622,9455200
2009-08-13,25.170000,25.180000,24.820000,25.090000,18.274744,8606100
2009-08-14,25.129999,25.129999,24.450001,24.730000,18.012529,14117600
2009-08-17,24.150000,24.209999,23.840000,24.000000,17.480824,15285100
2009-08-18,24.100000,24.370001,24.020000,24.290001,17.692045,10463000
2009-08-19,24.040001,24.490000,23.969999,24.360001,17.743029,8428000
2009-08-20,24.400000,24.709999,24.290001,24.660000,17.961555,8648100
2009-08-21,24.980000,25.320000,24.570000,25.299999,18.427706,8875000
2009-08-24,25.299999,25.559999,25.200001,25.350000,18.464113,7054500
2009-08-25,25.540001,25.690001,25.330000,25.490000,18.566092,8624800
2009-08-26,25.480000,25.480000,25.120001,25.230000,18.376709,6914900
2009-08-27,25.219999,25.559999,25.020000,25.459999,18.544245,8669600
2009-08-28,25.730000,25.730000,25.160000,25.320000,18.442274,7591200
2009-08-31,25.139999,25.150000,24.830000,25.020000,18.223761,8582000
2009-09-01,24.959999,25.379999,24.540001,24.600000,17.917839,14918300
2009-09-02,24.559999,24.629999,24.360001,24.500000,17.845007,10319500
2009-09-03,24.680000,24.870001,24.389999,24.820000,18.078087,14405100
2009-09-04,24.840000,25.350000,24.760000,25.309999,18.434978,8476400
2009-09-08,25.680000,25.750000,25.450001,25.530001,18.595226,17735000
2009-09-09,25.660000,26.100000,25.620001,25.959999,18.908419,12228700
2009-09-10,26.020000,26.260000,25.750000,26.180000,19.068663,10479300
2009-09-11,26.389999,26.540001,26.240000,26.350000,19.192484,10885000
2009-09-14,26.180000,26.650000,26.049999,26.600000,19.374580,10257300
2009-09-15,26.700001,27.030001,26.540001,26.920000,19.607670,12286200
2009-09-16,27.129999,27.290001,26.840000,27.260000,19.855301,13884200
2009-09-17,27.299999,27.549999,27.020000,27.309999,19.891718,12503700
2009-09-18,27.350000,27.350000,26.959999,27.010000,19.777493,9784500
2009-09-21,26.900000,27.110001,26.700001,26.850000,19.660336,8399100
2009-09-22,27.160000,27.280001,27.000000,27.170000,19.894653,9695500
2009-09-23,27.290001,27.379999,26.860001,26.940001,19.726233,8334000
2009-09-24,26.950001,27.020000,26.350000,26.500000,19.404049,11069300
2009-09-25,26.389999,26.480000,26.070000,26.129999,19.133133,8350800
2009-09-28,26.290001,26.780001,26.290001,26.670000,19.528532,5896700
2009-09-29,26.770000,26.910000,26.580000,26.610001,19.484604,12950800
2009-09-30,26.719999,26.719999,26.090000,26.340000,19.286901,16520100
2009-10-01,26.129999,26.360001,25.620001,25.680000,18.803629,23754600
2009-10-02,25.309999,25.559999,25.260000,25.350000,18.561995,17744200
2009-10-05,25.469999,25.889999,25.379999,25.870001,18.942753,11587400
2009-10-06,25.980000,26.370001,25.940001,26.120001,19.125814,13054800
2009-10-07,26.129999,26.129999,25.889999,26.020000,19.052588,8720100
2009-10-08,26.309999,26.520000,26.180000,26.480000,19.389399,13050700
2009-10-09,26.309999,26.549999,26.230000,26.549999,19.440668,9427600
2009-10-12,26.680000,26.750000,26.370001,26.500000,19.404049,5634600
2009-10-13,26.490000,26.520000,26.240000,26.520000,19.418701,8033400
2009-10-14,26.990000,27.290001,26.740000,27.290001,19.982521,16827100
2009-10-15,27.120001,27.270000,27.000000,27.250000,19.953222,7673500
2009-10-16,27.070000,27.190001,26.780001,27.059999,19.814098,8309500
2009-10-19,27.180000,27.469999,27.090000,27.350000,20.026459,7929700
2009-10-20,27.420000,27.420000,26.980000,27.160000,19.887327,11172300
2009-10-21,27.150000,27.500000,26.900000,26.969999,19.748207,11200900
2009-10-22,26.920000,27.260000,26.700001,27.160000,19.887327,11423000
2009-10-23,27.299999,27.299999,26.610001,26.680000,19.535854,12069300
2009-10-26,26.820000,27.120001,26.360001,26.469999,19.382088,10952500
2009-10-27,26.430000,26.629999,26.110001,26.110001,19.118490,13816500
2009-10-28,26.090000,26.250000,25.570000,25.570000,18.723083,17674100
2009-10-29,25.629999,26.180000,25.629999,26.180000,19.169746,12108400
2009-10-30,26.090000,26.170000,25.270000,25.290001,18.518059,19261100
2009-11-02,25.410000,25.790001,25.200001,25.580000,18.730406,19853300
2009-11-03,25.580000,26.020000,25.549999,26.020000,19.052588,17826500
2009-11-04,26.240000,26.400000,25.920000,25.969999,19.015976,12721200
2009-11-05,26.219999,26.639999,26.049999,26.639999,19.506569,14457600
2009-11-06,26.570000,26.930000,26.540001,26.879999,19.682304,9245300
2009-11-09,27.190001,27.559999,27.049999,27.559999,20.180218,9692400
2009-11-10,27.379999,27.600000,27.240000,27.400000,20.063065,10369500
2009-11-11,27.650000,27.799999,27.459999,27.610001,20.216839,8986300
2009-11-12,27.530001,27.690001,27.219999,27.290001,19.982521,11062300
2009-11-13,27.320000,27.610001,27.160000,27.500000,20.136288,7949700
2009-11-16,27.549999,28.170000,27.549999,28.129999,20.597586,9420500
2009-11-17,28.150000,28.150000,27.820000,28.080000,20.560974,7449100
2009-11-18,28.100000,28.110001,27.799999,27.930000,20.451147,5710800
2009-11-19,27.799999,27.799999,27.299999,27.510000,20.143610,10683300
2009-11-20,27.309999,27.520000,27.250000,27.459999,20.106995,10487600
2009-11-23,27.809999,28.070000,27.700001,27.959999,20.473108,12004600
2009-11-24,27.870001,27.879999,27.549999,27.730000,20.304701,8763900
2009-11-25,27.820000,28.030001,27.709999,27.959999,20.473108,6123400
2009-11-27,27.070000,27.690001,27.040001,27.420000,20.077702,10091300
2009-11-30,27.450001,27.650000,27.299999,27.510000,20.143610,12897200
2009-12-01,27.870001,28.059999,27.709999,27.959999,20.473108,8460800
2009-12-02,27.959999,28.139999,27.780001,27.879999,20.414534,6255100
2009-12-03,27.969999,28.139999,27.690001,27.750000,20.319338,6783000
2009-12-04,28.250000,28.370001,27.780001,28.170000,20.626871,11692100
2009-12-07,28.120001,28.280001,28.049999,28.070000,20.553661,6715500
2009-12-08,27.870001,27.980000,27.459999,27.639999,20.238798,12208700
2009-12-09,27.780001,27.790001,27.490000,27.770000,20.333992,9893200
2009-12-10,27.950001,28.110001,27.820000,27.889999,20.421850,6255800
2009-12-11,28.049999,28.230000,27.900000,28.170000,20.626871,6521800
2009-12-14,28.309999,28.549999,28.309999,28.549999,20.905121,5908000
2009-12-15,28.440001,28.559999,28.320000,28.469999,20.846550,5982400
2009-12-16,28.420000,28.549999,28.280001,28.350000,20.758677,6433900
2009-12-17,28.230000,28.240000,28.010000,28.040001,20.531685,8512500
2009-12-18,28.030001,28.070000,27.680000,27.850000,20.525051,9836400
2009-12-21,28.049999,28.139999,27.969999,28.059999,20.679829,8727800
2009-12-22,28.070000,28.240000,28.020000,28.090000,20.701935,5726100
2009-12-23,28.100000,28.180000,27.980000,28.139999,20.738783,2992900
2009-12-24,28.250000,28.309999,28.170000,28.250000,20.819847,1277600
2009-12-28,28.299999,28.299999,28.090000,28.200001,20.782995,6078400
2009-12-29,28.330000,28.330000,28.240000,28.280001,20.841955,2883100
2009-12-30,28.120001,28.250000,28.100000,28.139999,20.738783,5471000
2009-12-31,28.240000,28.240000,27.770000,27.790001,20.480841,3117000
2010-01-04,28.090000,28.320000,27.959999,28.320000,20.871437,7471500
2010-01-05,28.280001,28.450001,28.180000,28.420000,20.945137,8256700
2010-01-06,28.350000,28.510000,28.340000,28.480000,20.989351,5356700
2010-01-07,28.430000,28.830000,28.330000,28.790001,21.217815,12118200
2010-01-08,28.799999,29.260000,28.780001,29.250000,21.556837,8065000
2010-01-11,29.450001,29.610001,29.299999,29.570000,21.792667,11895500
2010-01-12,29.320000,29.410000,29.120001,29.330000,21.615795,12020700
2010-01-13,29.280001,29.510000,29.170000,29.450001,21.704227,10978200
2010-01-14,29.410000,29.469999,29.330000,29.450001,21.704227,4762700
2010-01-15,29.350000,29.440001,28.990000,29.070000,21.424177,7251000
2010-01-19,29.170000,29.430000,29.040001,29.389999,21.660017,11941300
2010-01-20,29.070000,29.129999,28.670000,28.940001,21.328371,9810400
2010-01-21,28.920000,29.049999,28.250000,28.270000,20.834591,17492900
2010-01-22,28.299999,28.459999,27.830000,27.840000,20.517687,16216200
2010-01-25,28.170000,28.209999,27.860001,28.020000,20.650341,12695500
2010-01-26,27.860001,28.180000,27.750000,27.900000,20.561909,12708200
2010-01-27,27.799999,28.040001,27.520000,27.980000,20.620859,22437800
2010-01-28,28.020000,28.150000,27.400000,27.660000,20.385019,21371000
2010-01-29,27.709999,27.980000,27.309999,27.379999,20.178677,17136200
2010-02-01,27.690001,27.799999,27.500000,27.790001,20.480841,16144100
2010-02-02,27.950001,28.370001,27.889999,28.320000,20.871437,20403200
2010-02-03,28.240000,28.410000,28.080000,28.150000,20.746149,13675400
2010-02-04,27.959999,28.010000,27.320000,27.320000,20.134453,20628100
2010-02-05,27.379999,27.530001,26.660000,27.200001,20.046013,30821300
2010-02-08,27.270000,27.320000,26.900000,26.900000,19.824917,17888900
2010-02-09,27.200001,27.670000,27.110001,27.420000,20.208149,22723500
2010-02-10,27.440001,27.510000,27.129999,27.379999,20.178677,12709800
2010-02-11,27.350000,27.820000,27.200001,27.790001,20.480841,11507900
2010-02-12,27.420000,27.670000,27.280001,27.570000,20.318699,16638900
2010-02-16,27.860001,28.250000,27.790001,28.219999,20.797735,10497000
2010-02-17,28.430000,28.490000,28.250000,28.459999,20.974621,14974300
2010-02-18,28.290001,28.770000,28.290001,28.719999,21.166235,7602300
2010-02-19,28.680000,29.000000,28.590000,28.860001,21.269413,12076500
2010-02-22,29.000000,29.020000,28.809999,28.879999,21.284159,7382700
2010-02-23,28.809999,28.990000,28.430000,28.510000,21.011467,16110200
2010-02-24,28.610001,28.860001,28.510000,28.799999,21.225191,9011200
2010-02-25,28.280001,28.790001,28.150000,28.730000,21.173599,12357000
2010-02-26,28.690001,28.930000,28.580000,28.840000,21.254671,9004200
2010-03-01,28.959999,29.260000,28.850000,29.219999,21.534723,11493900
2010-03-02,29.350000,29.410000,29.219999,29.270000,21.571573,7327500
2010-03-03,29.370001,29.600000,29.240000,29.309999,21.601057,5641200
2010-03-04,29.400000,29.490000,29.250000,29.450001,21.704227,7479600
2010-03-05,29.650000,29.910000,29.600000,29.900000,22.035868,9905300
2010-03-08,29.950001,29.980000,29.719999,29.760000,21.932703,6773200
2010-03-09,29.690001,30.090000,29.620001,30.000000,22.109573,7609900
2010-03-10,30.000000,30.180000,29.889999,30.059999,22.153791,7923000
2010-03-11,29.969999,30.180000,29.790001,30.170000,22.234861,7902700
2010-03-12,30.299999,30.370001,30.040001,30.370001,22.382257,9897200
2010-03-15,30.270000,30.440001,30.120001,30.370001,22.382257,13020600
2010-03-16,30.389999,30.780001,30.389999,30.780001,22.684422,14118500
2010-03-17,30.870001,30.969999,30.730000,30.830000,22.721273,10825000
2010-03-18,30.870001,31.049999,30.750000,31.040001,22.876040,10298400
2010-03-19,30.809999,31.120001,30.690001,30.809999,22.784328,8777800
2010-03-22,30.580000,30.950001,30.559999,30.900000,22.850895,6434400
2010-03-23,30.980000,31.250000,30.910000,31.250000,23.109732,8871300
2010-03-24,31.139999,31.270000,30.969999,31.030001,22.947033,8390200
2010-03-25,31.320000,31.420000,30.950001,31.010000,22.932249,10004200
2010-03-26,31.110001,31.280001,30.920000,31.090000,22.991402,13362400
2010-03-29,31.280001,31.410000,31.190001,31.370001,23.198465,17198200
2010-03-30,31.450001,31.590000,31.290001,31.420000,23.235443,10610500
2010-03-31,31.370001,31.430000,31.150000,31.240000,23.102325,11457200
2010-04-01,31.510000,31.590000,31.209999,31.440001,23.250231,12537700
2010-04-05,31.570000,31.750000,31.450001,31.670000,23.420319,11007700
2010-04-06,31.610001,31.730000,31.510000,31.680000,23.427713,9108500
2010-04-07,31.600000,31.670000,31.340000,31.500000,23.294603,10235200
2010-04-08,31.379999,31.660000,31.270000,31.600000,23.368549,9100600
2010-04-09,31.690001,31.790001,31.590000,31.780001,23.501667,6284600
2010-04-12,31.790001,31.969999,31.790001,31.850000,23.553434,6771300
2010-04-13,31.770000,31.980000,31.650000,31.900000,23.590408,8688200
2010-04-14,32.080002,32.340000,31.980000,32.310001,23.893600,13028000
2010-04-15,32.290001,32.689999,32.259998,32.619999,24.122852,6788800
2010-04-16,32.500000,32.580002,31.820000,32.090000,23.730913,26511600
2010-04-19,32.060001,32.150002,31.730000,32.029999,23.686537,16021200
2010-04-20,32.330002,32.500000,32.230000,32.400002,23.960155,13103000
2010-04-21,32.459999,32.689999,32.360001,32.619999,24.122852,19373000
2010-04-22,32.459999,32.939999,32.189999,32.919998,24.344700,11770200
2010-04-23,32.980000,33.150002,32.750000,33.119999,24.492619,15681200
2010-04-26,33.340000,33.400002,33.139999,33.189999,24.544373,13312200
2010-04-27,33.020000,33.270000,32.270000,32.389999,23.952766,31528700
2010-04-28,32.509998,32.730000,32.340000,32.619999,24.122852,17520400
2010-04-29,32.889999,33.360001,32.799999,33.360001,24.670094,14211400
2010-04-30,33.330002,33.459999,32.560001,32.570000,24.085880,18401800
2010-05-03,32.590000,33.320000,32.590000,33.220001,24.566574,16977700
2010-05-04,32.849998,33.000000,31.920000,32.169998,23.790081,24814700
2010-05-05,31.590000,32.130001,31.540001,31.760000,23.486879,28450700
2010-05-06,31.549999,31.930000,28.440001,30.709999,22.710392,52085700
2010-05-07,30.820000,30.850000,29.600000,30.030001,22.207527,48211400
2010-05-10,31.760000,31.870001,31.270000,31.750000,23.479483,28537400
2010-05-11,31.600000,32.119999,31.350000,31.660000,23.412922,21220600
2010-05-12,31.719999,32.410000,31.719999,32.360001,23.930580,23705400
2010-05-13,32.220001,32.400002,31.850000,31.860001,23.560827,15827900
2010-05-14,31.660000,31.750000,30.940001,31.190001,23.065351,24135200
2010-05-17,31.290001,31.430000,30.469999,31.110001,23.006199,30408700
2010-05-18,31.379999,31.610001,30.610001,30.719999,22.717781,33891300
2010-05-19,30.400000,30.770000,29.850000,30.330000,22.429375,42144400
2010-05-20,29.799999,29.860001,28.900000,29.010000,21.453218,44338900
2010-05-21,28.500000,29.540001,28.389999,29.420000,21.756414,39374700
2010-05-24,29.320000,29.459999,28.940001,28.980000,21.431034,24343600
2010-05-25,28.100000,28.969999,27.910000,28.959999,21.416239,30028300
2010-05-26,29.370001,29.670000,28.930000,29.020000,21.460611,29128700
2010-05-27,29.750000,30.010000,29.430000,30.000000,22.185337,21078000
2010-05-28,30.000000,30.020000,29.309999,29.600000,21.889534,25026100
2010-06-01,29.309999,29.770000,28.900000,28.940001,21.401455,27979600
2010-06-02,29.010000,29.690001,28.910000,29.690001,21.956085,20844100
2010-06-03,29.980000,29.990000,29.549999,29.830000,22.059620,21686700
2010-06-04,29.040001,29.260000,28.299999,28.430000,21.024298,26172400
2010-06-07,28.400000,28.540001,27.680000,27.700001,20.484465,30321200
2010-06-08,27.820000,28.070000,27.400000,27.990000,20.698917,34376900
2010-06-09,28.180000,28.670000,27.870001,27.990000,20.698917,30023200
2010-06-10,28.400000,29.070000,28.379999,29.070000,21.497593,23492500
2010-06-11,28.770000,29.200001,28.620001,29.170000,21.571541,14729700
2010-06-14,29.500000,29.680000,29.090000,29.139999,21.549358,18225100
2010-06-15,29.379999,30.070000,29.309999,30.020000,22.200132,17459700
2010-06-16,29.910000,30.170000,29.799999,29.940001,22.140970,15416900
2010-06-17,30.129999,30.129999,29.600000,30.030001,22.207527,22397500
2010-06-18,29.959999,30.049999,29.799999,30.000000,22.294468,16529300
2010-06-21,30.430000,30.600000,29.900000,30.049999,22.331625,17337100
2010-06-22,30.020000,30.200001,29.270000,29.320000,21.789133,17664300
2010-06-23,29.280001,29.500000,28.940001,29.209999,21.707384,19311200
2010-06-24,29.139999,29.230000,28.629999,28.700001,21.328377,17170800
2010-06-25,28.760000,28.980000,28.490000,28.920000,21.491867,18163500
2010-06-28,28.900000,29.100000,28.639999,28.719999,21.343233,11263100
2010-06-29,28.320000,28.330000,27.370001,27.610001,20.518343,31116800
2010-06-30,27.559999,27.940001,27.370001,27.430000,20.384577,25416200
2010-07-01,27.400000,27.540001,26.850000,27.350000,20.325121,26089500
2010-07-02,27.170000,27.480000,26.879999,27.010000,20.072454,15578900
2010-07-06,27.500000,27.610001,26.790001,27.059999,20.109608,16259000
2010-07-07,27.080000,28.040001,27.070000,28.000000,20.808168,17141500
2010-07-08,28.219999,28.480000,28.000000,28.360001,21.075712,17010400
2010-07-09,28.410000,28.639999,28.340000,28.639999,21.283794,12659400
2010-07-12,28.469999,28.650000,28.250000,28.490000,21.172316,14684600
2010-07-13,28.809999,29.150000,28.809999,28.990000,21.543890,15580100
2010-07-14,28.950001,29.230000,28.809999,29.049999,21.588474,15997600
2010-07-15,29.090000,29.120001,28.600000,29.040001,21.581051,23101600
2010-07-16,28.889999,28.889999,27.990000,28.070000,20.860195,21563500
2010-07-19,28.139999,28.330000,27.900000,28.230000,20.979095,17957000
2010-07-20,27.870001,28.740000,27.740000,28.670000,21.306078,17312400
2010-07-21,28.900000,29.020000,28.370001,28.600000,21.254059,31327200
2010-07-22,28.930000,29.639999,28.930000,29.480000,21.908026,24158500
2010-07-23,29.510000,30.160000,29.430000,30.070000,22.346493,25468500
2010-07-26,30.230000,30.600000,30.120001,30.559999,22.710632,17556400
2010-07-27,30.799999,30.809999,30.280001,30.350000,22.554564,14145200
2010-07-28,30.250000,30.389999,30.150000,30.270000,22.495123,15190500
2010-07-29,30.430000,30.580000,29.920000,30.170000,22.420807,17623300
2010-07-30,29.900000,30.400000,29.770000,30.290001,22.509987,17135700
2010-08-02,30.709999,30.930000,30.570000,30.889999,22.955877,15965800
2010-08-03,30.799999,30.900000,30.580000,30.730000,22.836958,11147100
2010-08-04,30.799999,31.030001,30.740000,31.000000,23.037615,9579300
2010-08-05,30.730000,31.059999,30.700001,31.020000,23.052475,20032500
2010-08-06,30.639999,30.959999,30.379999,30.850000,22.926149,13396300
2010-08-09,31.150000,31.150000,30.840000,31.010000,23.045048,8554800
2010-08-10,30.700001,30.950001,30.469999,30.799999,22.888983,15325000
2010-08-11,30.240000,30.290001,29.469999,29.650000,22.034370,33035000
2010-08-12,29.160000,29.540001,29.150000,29.440001,21.878307,16303800
2010-08-13,29.280001,29.549999,29.250000,29.400000,21.848583,8189100
2010-08-16,29.170000,29.459999,28.940001,29.340000,21.803995,10913000
2010-08-17,29.629999,30.180000,29.570000,29.850000,22.182997,17148200
2010-08-18,29.879999,30.110001,29.639999,29.959999,22.264742,9109800
2010-08-19,29.760000,29.889999,29.139999,29.320000,21.789133,19386600
2010-08-20,29.209999,29.230000,28.840000,29.170000,21.677660,13057800
2010-08-23,29.350000,29.480000,28.809999,28.850000,21.439852,15057000
2010-08-24,28.440001,28.490000,27.990000,28.260000,21.001390,26300800
2010-08-25,28.010000,28.350000,27.670000,28.209999,20.964231,31736800
2010-08-26,28.410000,28.620001,28.059999,28.170000,20.934509,19824100
2010-08-27,28.309999,28.809999,27.980000,28.740000,21.358097,19744200
2010-08-30,28.600000,28.770000,28.280001,28.299999,21.031111,15607300
2010-08-31,28.139999,28.430000,27.990000,28.190001,20.949373,20418200
2010-09-01,28.610001,29.400000,28.590000,29.309999,21.781704,31329300
2010-09-02,29.430000,29.730000,29.340000,29.680000,22.056665,13831600
2010-09-03,30.110001,30.350000,29.920000,30.129999,22.391075,15635200
2010-09-07,29.940001,30.010000,29.770000,29.850000,22.182997,15112700
2010-09-08,29.900000,30.330000,29.850000,30.160000,22.413378,12996100
2010-09-09,30.450001,30.580000,29.950001,30.129999,22.391075,10075600
2010-09-10,30.209999,30.459999,30.150000,30.400000,22.591732,10923700
2010-09-13,30.730000,30.830000,30.540001,30.700001,22.814672,12911800
2010-09-14,30.600000,30.790001,30.500000,30.610001,22.747795,14376800
2010-09-15,30.490000,30.680000,30.340000,30.610001,22.747795,14647100
2010-09-16,30.540001,30.620001,30.400000,30.570000,22.718065,17618900
2010-09-17,30.580000,30.750000,30.320000,30.700001,22.930939,16835100
2010-09-20,30.870001,31.209999,30.670000,31.160000,23.274534,16996000
2010-09-21,31.150000,31.459999,31.080000,31.219999,23.319347,23612800
2010-09-22,31.139999,31.370001,30.930000,31.059999,23.199837,20258000
2010-09-23,30.770000,31.010000,30.510000,30.600000,22.856243,17938700
2010-09-24,31.190001,31.480000,30.980000,31.440001,23.483677,17403000
2010-09-27,31.459999,31.480000,31.190001,31.240000,23.334288,10058400
2010-09-28,31.280001,31.480000,30.840000,31.410000,23.461267,19118100
2010-09-29,31.309999,31.510000,31.209999,31.400000,23.453791,12394700
2010-09-30,31.600000,31.910000,31.150000,31.280001,23.364161,23180400
2010-10-01,31.540001,31.610001,31.200001,31.309999,23.386568,13619600
2010-10-04,31.160000,31.450001,30.790001,30.980000,23.140079,14881500
2010-10-05,31.350000,31.940001,31.280001,31.809999,23.760040,15091600
2010-10-06,31.799999,32.080002,31.660000,32.000000,23.901949,13307400
2010-10-07,32.160000,32.160000,31.740000,31.930000,23.849672,9573800
2010-10-08,31.990000,32.320000,31.860001,32.200001,24.051346,12642400
2010-10-11,32.230000,32.290001,32.029999,32.110001,23.984116,7427400
2010-10-12,32.009998,32.200001,31.639999,32.090000,23.969185,12817500
2010-10-13,32.290001,32.779999,32.290001,32.619999,24.365057,27458300
2010-10-14,32.590000,32.619999,32.209999,32.430000,24.223145,11352700
2010-10-15,32.549999,32.580002,32.049999,32.230000,24.073750,17888500
2010-10-18,32.209999,32.360001,32.130001,32.209999,24.058825,8869900
2010-10-19,31.990000,32.060001,31.580000,31.780001,23.737627,21185500
2010-10-20,31.920000,32.369999,31.860001,32.230000,24.073750,17689100
2010-10-21,32.380001,32.669998,32.200001,32.490002,24.267954,17234400
2010-10-22,32.639999,32.639999,32.299999,32.480000,24.260485,11714700
2010-10-25,32.599998,32.950001,32.549999,32.590000,24.342651,12218800
2010-10-26,32.360001,32.570000,32.209999,32.439999,24.230612,14680400
2010-10-27,32.220001,32.270000,31.870001,32.200001,24.051346,15778300
2010-10-28,32.349998,32.459999,31.870001,32.130001,23.999060,13483400
2010-10-29,32.080002,32.230000,31.980000,32.180000,24.036407,9145200
2010-11-01,32.310001,32.619999,32.009998,32.180000,24.036407,9119800
2010-11-02,32.430000,32.560001,32.349998,32.490002,24.267954,8589600
2010-11-03,32.480000,32.590000,32.119999,32.540001,24.305304,16252000
2010-11-04,32.930000,33.290001,32.869999,33.230000,24.820686,17072300
2010-11-05,33.270000,33.529999,33.200001,33.430000,24.970076,12831400
2010-11-08,33.240002,33.369999,33.139999,33.290001,24.865507,10578000
2010-11-09,33.439999,33.439999,32.860001,32.990002,24.641430,10906400
2010-11-10,33.009998,33.060001,32.680000,32.980000,24.633959,11871200
2010-11-11,32.740002,32.849998,32.580002,32.790001,24.492046,9974800
2010-11-12,32.580002,32.720001,32.250000,32.410000,24.208199,14176900
2010-11-15,32.459999,32.779999,32.450001,32.509998,24.282894,17186800
2010-11-16,32.290001,32.400002,31.820000,31.990000,23.894491,25695300
2010-11-17,31.990000,32.099998,31.840000,32.009998,23.909428,15984900
2010-11-18,32.380001,32.740002,32.380001,32.660000,24.394936,18907900
2010-11-19,32.560001,32.770000,32.419998,32.759998,24.469631,11092400
2010-11-22,32.619999,32.750000,32.250000,32.689999,24.417347,8655600
2010-11-23,32.349998,32.380001,32.070000,32.240002,24.081221,14588600
2010-11-24,32.450001,33.009998,32.450001,32.970001,24.626490,11936700
2010-11-26,32.669998,32.880001,32.610001,32.700001,24.424814,5191000
2010-11-29,32.509998,32.779999,32.240002,32.689999,24.417347,8081700
2010-11-30,32.380001,32.790001,32.310001,32.610001,24.357586,14234300
2010-12-01,33.110001,33.520000,33.110001,33.450001,24.985012,16577100
2010-12-02,33.500000,34.040001,33.459999,33.970001,25.373419,12706300
2010-12-03,33.799999,34.090000,33.660000,34.040001,25.425709,10594000
2010-12-06,33.939999,34.130001,33.820000,34.020000,25.410769,16351000
2010-12-07,34.360001,34.430000,34.099998,34.110001,25.477999,19222200
2010-12-08,34.150002,34.250000,33.889999,33.990002,25.388363,18080400
2010-12-09,34.200001,34.259998,33.970001,34.090000,25.463053,10672900
2010-12-10,34.220001,34.459999,34.090000,34.400002,25.694605,9182700
2010-12-13,34.650002,34.660000,34.400002,34.419998,25.709539,9198600
2010-12-14,34.509998,34.709999,34.459999,34.580002,25.829052,9619400
2010-12-15,34.549999,34.740002,34.380001,34.439999,25.724476,11470800
2010-12-16,34.430000,34.820000,34.380001,34.820000,26.008320,9357600
2010-12-17,34.720001,34.720001,34.389999,34.540001,25.930986,8233700
2010-12-20,34.619999,34.680000,34.360001,34.529999,25.923479,7327400
2010-12-21,34.660000,34.840000,34.560001,34.810001,26.133692,7127700
2010-12-22,34.860001,34.910000,34.779999,34.889999,26.193752,5748600
2010-12-23,34.869999,34.889999,34.709999,34.820000,26.141203,4177700
2010-12-27,34.730000,34.900002,34.599998,34.880001,26.186243,3151000
2010-12-28,34.910000,34.950001,34.709999,34.860001,26.171232,3581300
2010-12-29,34.970001,35.000000,34.869999,34.889999,26.193752,3893400
2010-12-30,34.849998,34.959999,34.790001,34.830002,26.148708,4316100
2010-12-31,34.810001,34.919998,34.709999,34.869999,26.178738,4004300
2011-01-03,35.049999,35.320000,35.049999,35.119999,26.366426,6400800
2011-01-04,35.220001,35.220001,34.730000,35.070000,26.328894,10059600
2011-01-05,34.930000,35.349998,34.889999,35.250000,26.464031,9908900
2011-01-06,35.299999,35.389999,35.080002,35.189999,26.418985,9881700
2011-01-07,35.310001,35.500000,35.029999,35.259998,26.471525,11827900
2011-01-10,35.150002,35.389999,35.029999,35.310001,26.509073,9419200
2011-01-11,35.549999,35.610001,35.250000,35.439999,26.606667,7217300
2011-01-12,35.700001,35.840000,35.630001,35.730000,26.824383,7173200
2011-01-13,35.759998,35.880001,35.669998,35.770000,26.854422,9859400
2011-01-14,35.740002,35.939999,35.669998,35.910000,26.959520,9937400
2011-01-18,36.009998,36.180000,35.970001,36.169998,27.154715,9008500
2011-01-19,36.139999,36.139999,35.660000,35.790001,26.869429,11443600
2011-01-20,35.639999,35.779999,35.380001,35.610001,26.734297,19478600
2011-01-21,36.090000,36.180000,35.790001,35.900002,26.952024,13339300
2011-01-24,35.930000,36.290001,35.860001,36.240002,27.207264,9585400
2011-01-25,36.160000,36.230000,35.869999,36.200001,27.177242,12919300
2011-01-26,36.189999,36.520000,36.180000,36.410000,27.334894,15748300
2011-01-27,36.450001,36.650002,36.380001,36.540001,27.432497,9505800
2011-01-28,36.639999,36.820000,35.779999,35.830002,26.899464,18193600
2011-01-31,35.919998,36.279999,35.869999,36.240002,27.207264,11530400
2011-02-01,36.470001,36.799999,36.380001,36.750000,27.590151,13750600
2011-02-02,36.660000,36.820000,36.599998,36.630001,27.500063,13112900
2011-02-03,36.689999,36.689999,36.400002,36.650002,27.515079,10043600
2011-02-04,36.750000,36.810001,36.509998,36.779999,27.612679,8689400
2011-02-07,36.880001,37.220001,36.880001,37.130001,27.875439,9793100
2011-02-08,37.270000,37.389999,37.090000,37.380001,28.063122,10042000
2011-02-09,37.290001,37.410000,37.180000,37.369999,28.055628,12441700
2011-02-10,37.200001,37.619999,37.130001,37.570000,28.205774,13896800
2011-02-11,37.419998,37.930000,37.380001,37.849998,28.415974,11181900
2011-02-14,37.900002,37.900002,37.689999,37.810001,28.385948,6367100
2011-02-15,37.730000,37.740002,37.480000,37.669998,28.280840,8727900
2011-02-16,37.869999,38.000000,37.599998,37.849998,28.415974,11612500
2011-02-17,37.799999,37.980000,37.689999,37.939999,28.483553,10252100
2011-02-18,37.959999,38.090000,37.900002,38.040001,28.558624,10110800
2011-02-22,37.630001,37.689999,36.820000,36.939999,27.732798,13824200
2011-02-23,36.910000,36.910000,35.910000,36.290001,27.244801,52702100
2011-02-24,36.220001,36.730000,36.099998,36.500000,27.402466,19511100
2011-02-25,36.770000,36.880001,36.599998,36.830002,27.650225,12152100
2011-02-28,37.029999,37.200001,36.820000,37.009998,27.785349,10364700
2011-03-01,37.200001,37.220001,36.139999,36.220001,27.192251,19055200
2011-03-02,36.150002,36.650002,36.130001,36.400002,27.327394,22821600
2011-03-03,36.869999,37.380001,36.799999,37.279999,27.988052,21478900
2011-03-04,37.209999,37.270000,36.540001,36.840000,27.657715,19858700
2011-03-07,37.020000,37.139999,36.099998,36.500000,27.402466,22908200
2011-03-08,36.570000,37.230000,36.430000,37.070000,27.830395,15960000
2011-03-09,36.970001,37.130001,36.650002,36.990002,27.770338,19656900
2011-03-10,36.520000,36.680000,36.130001,36.240002,27.207264,31661700
2011-03-11,36.099998,36.830002,36.090000,36.669998,27.530094,17054000
2011-03-14,36.430000,36.540001,35.959999,36.360001,27.297365,26080600
2011-03-15,35.389999,36.270000,35.180000,36.020000,27.042101,30467800
2011-03-16,35.900002,36.060001,35.080002,35.349998,26.539101,31432000
2011-03-17,35.930000,36.279999,35.680000,35.900002,26.952024,29099100
2011-03-18,36.310001,36.380001,35.869999,35.970001,27.123178,18417600
2011-03-21,36.680000,36.939999,36.520000,36.759998,27.718884,11446200
2011-03-22,36.779999,36.779999,36.400002,36.470001,27.500204,11715200
2011-03-23,36.349998,36.689999,36.180000,36.590000,27.590691,13553600
2011-03-24,36.759998,37.000000,36.580002,36.970001,27.877234,17907900
2011-03-25,37.060001,37.279999,36.930000,37.099998,27.975264,13925100
2011-03-28,37.209999,37.330002,37.060001,37.070000,27.952642,9109400
2011-03-29,37.060001,37.369999,36.849998,37.369999,28.178854,10837300
2011-03-30,37.590000,37.650002,37.419998,37.520000,28.291958,14796000
2011-03-31,37.470001,37.770000,37.470001,37.669998,28.405052,12774900
2011-04-01,37.849998,38.209999,37.849998,37.980000,28.638817,19057800
2011-04-04,38.130001,38.130001,37.869999,38.029999,28.676521,10353200
2011-04-05,37.970001,38.150002,37.810001,37.889999,28.570961,14542800
2011-04-06,38.139999,38.150002,37.730000,37.930000,28.601120,13959500
2011-04-07,37.860001,38.020000,37.580002,37.750000,28.465384,13420600
2011-04-08,37.970001,37.980000,37.209999,37.419998,28.216555,16274600
2011-04-11,37.509998,37.650002,37.250000,37.389999,28.193932,12334800
2011-04-12,37.150002,37.310001,36.910000,37.110001,27.982801,15018800
2011-04-13,37.290001,37.299999,36.790001,37.000000,27.899857,14807200
2011-04-14,36.810001,37.060001,36.470001,37.000000,27.899857,14015700
2011-04-15,37.090000,37.259998,36.980000,37.130001,27.997879,17703200
2011-04-18,36.750000,36.750000,36.240002,36.599998,27.598242,18507800
2011-04-19,36.689999,36.980000,36.689999,36.919998,27.839531,15654800
2011-04-20,37.470001,37.700001,37.389999,37.520000,28.291958,18107300
2011-04-21,37.790001,37.790001,37.450001,37.630001,28.374901,9687800
2011-04-25,37.610001,37.669998,37.410000,37.520000,28.291958,9685500
2011-04-26,37.840000,38.349998,37.759998,38.240002,28.834879,13200000
2011-04-27,38.340000,38.490002,37.990002,38.410000,28.963062,15930800
2011-04-28,38.410000,38.630001,38.340000,38.540001,29.061094,17612900
2011-04-29,38.650002,38.869999,38.639999,38.700001,29.181736,17245700
2011-05-02,38.959999,38.980000,38.570000,38.639999,29.136497,15333800
2011-05-03,38.580002,38.650002,38.290001,38.480000,29.015863,16555100
2011-05-04,38.470001,38.520000,37.820000,37.919998,28.593571,28869800
2011-05-05,37.709999,38.220001,37.529999,37.740002,28.457846,34700000
2011-05-06,38.419998,38.520000,37.930000,38.070000,28.706688,26364600
2011-05-09,38.060001,38.389999,37.970001,38.230000,28.827339,10785700
2011-05-10,38.360001,38.590000,38.360001,38.580002,29.091257,15172600
2011-05-11,38.500000,38.549999,37.930000,38.060001,28.699144,21193700
2011-05-12,37.919998,38.250000,37.700001,38.139999,28.759470,18091100
2011-05-13,38.180000,38.279999,37.580002,37.680000,28.412611,20598400
2011-05-16,37.500000,37.880001,37.450001,37.540001,28.307037,17250800
2011-05-17,37.330002,37.400002,36.880001,37.029999,27.922480,33836400
2011-05-18,37.150002,37.580002,36.910000,37.529999,28.299501,21985800
2011-05-19,37.700001,37.980000,37.590000,37.770000,28.480469,18019800
2011-05-20,37.720001,37.720001,37.250000,37.369999,28.178854,17170400
2011-05-23,36.869999,37.049999,36.650002,36.840000,27.779207,25500000
2011-05-24,37.029999,37.049999,36.580002,36.650002,27.635941,20280700
2011-05-25,36.500000,37.139999,36.419998,36.959999,27.869690,20894300
2011-05-26,36.810001,37.180000,36.709999,37.110001,27.982801,17458000
2011-05-27,37.240002,37.389999,37.160000,37.290001,28.118532,14888700
2011-05-31,37.590000,37.740002,37.290001,37.630001,28.374901,21659500
2011-06-01,37.470001,37.560001,36.279999,36.400002,27.447424,35595200
2011-06-02,36.500000,36.830002,36.299999,36.590000,27.590691,32240700
2011-06-03,36.070000,36.389999,35.980000,36.099998,27.221222,21335300
2011-06-06,35.950001,36.169998,35.770000,35.840000,27.025158,22799800
2011-06-07,36.009998,36.119999,35.799999,35.820000,27.010073,16404900
2011-06-08,35.730000,35.790001,35.450001,35.509998,26.776312,29280100
2011-06-09,35.650002,35.930000,35.549999,35.779999,26.979910,20611200
2011-06-10,35.590000,35.660000,35.160000,35.209999,26.550108,23679800
2011-06-13,35.380001,35.459999,35.049999,35.220001,26.557650,22249700
2011-06-14,35.610001,36.040001,35.580002,35.889999,27.062860,20142100
2011-06-15,35.570000,35.779999,35.259998,35.349998,26.655664,28389000
2011-06-16,35.340000,35.709999,35.180000,35.470001,26.746161,25782000
2011-06-17,35.660000,35.740002,35.330002,35.450001,26.863609,28587900
2011-06-20,35.290001,35.820000,35.290001,35.759998,27.098528,15241400
2011-06-21,36.000000,36.400002,35.950001,36.320000,27.522888,20737900
2011-06-22,36.209999,36.529999,36.090000,36.119999,27.371340,14254500
2011-06-23,35.590000,36.070000,35.330002,36.040001,27.310709,22866400
2011-06-24,36.040001,36.099998,35.570000,35.630001,27.000015,12507900
2011-06-27,35.599998,36.060001,35.500000,35.910000,27.212202,11199400
2011-06-28,36.060001,36.480000,35.950001,36.470001,27.636549,13263900
2011-06-29,36.730000,36.779999,36.369999,36.660000,27.780542,19847200
2011-06-30,36.740002,37.340000,36.689999,37.240002,28.220058,18578500
2011-07-01,37.220001,37.990002,37.200001,37.910000,28.727777,23998200
2011-07-05,37.880001,37.889999,37.580002,37.700001,28.568642,19248800
2011-07-06,37.630001,38.000000,37.599998,37.900002,28.720213,19802800
2011-07-07,38.310001,38.430000,38.110001,38.299999,29.023317,30538300
2011-07-08,37.790001,37.840000,37.570000,37.820000,28.659582,21673800
2011-07-11,37.380001,37.459999,36.980000,37.119999,28.129122,20456200
2011-07-12,36.980000,37.119999,36.720001,36.759998,27.856314,31263100
2011-07-13,37.020000,37.340000,36.810001,36.910000,27.969992,15477200
2011-07-14,36.910000,37.139999,36.400002,36.509998,27.666876,20189500
2011-07-15,36.660000,36.669998,36.189999,36.540001,27.689602,17199600
2011-07-18,36.340000,36.450001,35.910000,36.130001,27.378904,17277300
2011-07-19,36.349998,36.689999,36.270000,36.599998,27.735067,15177900
2011-07-20,36.770000,36.810001,36.540001,36.669998,27.788124,9926400
2011-07-21,36.900002,37.349998,36.840000,37.220001,28.204901,18054300
2011-07-22,37.060001,37.090000,36.700001,36.830002,27.909365,20127000
2011-07-25,36.500000,37.029999,36.450001,36.810001,27.894197,13278600
2011-07-26,36.680000,36.709999,36.040001,36.130001,27.378904,24912000
2011-07-27,35.959999,35.980000,35.049999,35.150002,26.636288,42181100
2011-07-28,35.189999,35.509998,34.770000,34.849998,26.408934,32606300
2011-07-29,34.509998,35.020000,34.189999,34.680000,26.280121,27382200
2011-08-01,35.160000,35.220001,34.060001,34.459999,26.113405,36471600
2011-08-02,34.119999,34.430000,33.259998,33.259998,25.204060,43640200
2011-08-03,33.290001,33.580002,32.669998,33.560001,25.431398,49331300
2011-08-04,33.000000,33.070000,31.700001,31.760000,24.067375,49619600
2011-08-05,32.209999,32.410000,30.969999,31.760000,24.067375,67180800
2011-08-08,30.620001,31.180000,29.500000,29.520000,22.369928,64519200
2011-08-09,29.920000,30.980000,29.030001,30.980000,23.476299,55589000
2011-08-10,30.379999,30.549999,29.379999,29.400000,22.278992,45042000
2011-08-11,29.660000,31.260000,29.450001,30.799999,23.339893,40559500
2011-08-12,31.200001,31.570000,30.860001,31.400000,23.794573,29823800
2011-08-15,31.590000,31.940001,31.530001,31.870001,24.150732,36619200
2011-08-16,31.510000,31.780001,31.150000,31.420000,23.809731,29966700
2011-08-17,31.690001,31.870001,31.080000,31.320000,23.733952,28800600
2011-08-18,30.410000,30.440001,29.299999,29.590000,22.422968,36126900
2011-08-19,29.129999,30.059999,29.090000,29.129999,22.074385,36632900
2011-08-22,29.900000,29.900000,29.139999,29.240000,22.157749,26082800
2011-08-23,29.350000,30.270000,29.170000,30.270000,22.938267,30759300
2011-08-24,30.180000,30.940001,30.090000,30.879999,23.400524,19658800
2011-08-25,31.090000,31.250000,30.190001,30.299999,22.961000,23237000
2011-08-26,30.110001,31.049999,29.590000,30.930000,23.438416,24837300
2011-08-29,31.280001,31.940001,31.280001,31.910000,24.181046,22386300
2011-08-30,31.809999,32.410000,31.559999,32.180000,24.385651,25620800
2011-08-31,32.470001,32.889999,32.119999,32.400002,24.552361,32650500
2011-09-01,32.450001,32.779999,31.840000,31.870001,24.150732,39363900
2011-09-02,31.170000,31.299999,30.730000,30.850000,23.377789,30905300
2011-09-06,29.990000,30.600000,29.750000,30.530001,23.135300,25692100
2011-09-07,31.080000,31.510000,30.950001,31.480000,23.855190,26052400
2011-09-08,31.120001,31.559999,30.879999,31.010000,23.499035,24264700
2011-09-09,30.639999,30.790001,29.990000,30.180000,22.870073,34468600
2011-09-12,29.740000,30.270000,29.490000,30.240000,22.915539,30422400
2011-09-13,30.350000,31.010000,30.170000,30.799999,23.339893,41508700
2011-09-14,30.980000,31.790001,30.340000,31.340000,23.749100,35106900
2011-09-15,31.680000,32.000000,31.520000,31.980000,24.234091,32996200
2011-09-16,31.930000,32.200001,31.639999,31.969999,24.362110,30668200
2011-09-19,31.490000,31.809999,31.160000,31.670000,24.133503,25728600
2011-09-20,31.820000,32.040001,31.410000,31.440001,23.958241,24276800
2011-09-21,31.360001,31.400000,30.110001,30.139999,22.967598,39438900
2011-09-22,29.320000,29.459999,28.650000,29.010000,22.106499,49906200
2011-09-23,28.860001,29.590000,28.860001,29.309999,22.335110,40959900
2011-09-26,29.620001,30.110001,29.150000,30.049999,22.899014,28701200
2011-09-27,30.790001,31.120001,30.379999,30.580000,23.302883,31931700
2011-09-28,30.629999,30.910000,29.760000,29.799999,22.708494,22879400
2011-09-29,30.430000,30.620001,29.590000,30.230000,23.036179,25937500
2011-09-30,29.709999,29.889999,29.209999,29.219999,22.266527,35514500
2011-10-03,29.000000,29.510000,28.360001,28.400000,21.641657,31693400
2011-10-04,28.000000,29.190001,27.670000,29.190001,22.243662,37532700
2011-10-05,29.170000,29.889999,29.010000,29.809999,22.716120,26507900
2011-10-06,29.799999,30.450001,29.490000,30.410000,23.173340,18317500
2011-10-07,30.709999,30.740000,30.040001,30.340000,23.119999,26463200
2011-10-10,30.900000,31.410000,30.760000,31.400000,23.927757,19918900
2011-10-11,31.120001,31.610001,31.110001,31.490000,23.996338,17798900
2011-10-12,31.750000,32.250000,31.639999,31.889999,24.301149,26361000
2011-10-13,31.700001,31.730000,31.219999,31.620001,24.095398,14207000
2011-10-14,32.009998,32.230000,31.790001,32.189999,24.529757,12087800
2011-10-17,32.099998,32.099998,31.219999,31.270000,23.828690,15218300
2011-10-18,31.299999,32.509998,31.150000,32.169998,24.514519,22586500
2011-10-19,32.180000,32.360001,31.670000,31.780001,24.217325,14325500
2011-10-20,31.870001,32.180000,31.540001,32.049999,24.423073,17668000
2011-10-21,32.349998,32.709999,32.240002,32.669998,24.895533,17444000
2011-10-24,32.900002,33.400002,32.799999,33.279999,25.360363,20781300
2011-10-25,32.860001,32.990002,32.340000,32.599998,24.842186,21930900
2011-10-26,33.040001,33.099998,32.389999,32.830002,25.017454,19522200
2011-10-27,33.869999,34.580002,33.689999,34.259998,26.107153,27019600
2011-10-28,34.220001,34.349998,34.049999,34.259998,26.107153,11953200
2011-10-31,33.910000,33.959999,33.389999,33.419998,25.467051,14055300
2011-11-01,32.400002,32.910000,32.160000,32.410000,24.697395,33656400
2011-11-02,33.169998,33.250000,32.730000,33.049999,25.185097,15434600
2011-11-03,33.490002,33.910000,33.090000,33.860001,25.802355,18669300
2011-11-04,33.540001,33.660000,33.060001,33.599998,25.604225,12744600
2011-11-07,33.599998,33.790001,33.080002,33.680000,25.665176,14388400
2011-11-08,33.820000,34.090000,33.410000,34.060001,25.954758,16127700
2011-11-09,33.360001,33.360001,32.610001,32.740002,24.948879,23690600
2011-11-10,33.240002,33.369999,32.910000,33.139999,25.253691,23184700
2011-11-11,33.500000,34.049999,33.500000,33.930000,25.855690,13918200
2011-11-14,33.840000,33.970001,33.529999,33.720001,25.695658,11332300
2011-11-15,33.560001,34.070000,33.470001,33.919998,25.848070,12431600
2011-11-16,33.520000,34.009998,33.360001,33.419998,25.467051,14013800
2011-11-17,33.349998,33.419998,32.560001,32.840000,25.025072,23763800
2011-11-18,33.009998,33.110001,32.740002,32.919998,25.086035,13851100
2011-11-21,32.419998,32.419998,31.799999,32.160000,24.506893,18028600
2011-11-22,32.150002,32.189999,31.719999,31.950001,24.346869,19366600
2011-11-23,31.690001,31.700001,31.190001,31.209999,23.782961,18880000
2011-11-25,31.080000,31.580000,31.080000,31.160000,23.744864,7025200
2011-11-28,32.110001,32.410000,31.969999,32.209999,24.545000,15618000
2011-11-29,32.320000,32.630001,32.150002,32.240002,24.567863,18321400
2011-11-30,33.310001,33.889999,33.110001,33.889999,25.825211,23767800
2011-12-01,33.700001,33.970001,33.639999,33.779999,25.741379,17912100
2011-12-02,34.000000,34.240002,33.669998,33.709999,25.688038,18373000
2011-12-05,34.259998,34.340000,33.830002,34.070000,25.962378,17993100
2011-12-06,34.139999,34.320000,33.930000,34.060001,25.954758,12618300
2011-12-07,34.080002,34.169998,33.599998,34.049999,25.947136,25265900
2011-12-08,33.830002,33.900002,33.130001,33.209999,25.307022,17456600
2011-12-09,33.450001,34.049999,33.389999,33.970001,25.886171,22390300
2011-12-12,33.689999,33.689999,33.080002,33.349998,25.413710,15878100
2011-12-13,33.639999,33.779999,32.759998,32.910000,25.078421,25786600
2011-12-14,32.639999,32.900002,32.450001,32.520000,24.781231,19622000
2011-12-15,32.970001,33.020000,32.619999,32.750000,24.956491,14535100
2011-12-16,32.810001,33.130001,32.540001,32.669998,25.062357,35073700
2011-12-19,32.740002,33.000000,32.220001,32.330002,24.801537,16276600
2011-12-20,32.810001,33.500000,32.810001,33.439999,25.653051,24973900
2011-12-21,33.400002,33.540001,32.980000,33.450001,25.660725,18990000
2011-12-22,33.490002,33.830002,33.490002,33.770000,25.906204,12781100
2011-12-23,33.910000,34.090000,33.759998,34.090000,26.151697,5526300
2011-12-27,33.959999,34.150002,33.889999,34.080002,26.144020,5313800
2011-12-28,34.119999,34.119999,33.459999,33.540001,25.729763,10798600
2011-12-29,33.560001,33.990002,33.549999,33.959999,26.051966,6053600
2011-12-30,33.889999,34.020000,33.750000,33.750000,25.890860,4281700
2012-01-03,34.410000,34.810001,34.410000,34.490002,26.458546,19704600
2012-01-04,34.380001,34.689999,34.299999,34.650002,26.581285,10290300
2012-01-05,34.430000,34.680000,34.150002,34.660000,26.588957,8828900
2012-01-06,34.740002,34.740002,34.480000,34.590000,26.535261,8702400
2012-01-09,34.689999,34.900002,34.540001,34.849998,26.734709,15523400
2012-01-10,35.330002,35.419998,35.250000,35.349998,27.118288,17201200
2012-01-11,35.220001,35.529999,35.200001,35.459999,27.202667,9828900
2012-01-12,35.570000,35.840000,35.389999,35.770000,27.440489,9283500
2012-01-13,35.490002,35.540001,35.160000,35.490002,27.225687,10858400
2012-01-17,35.970001,36.029999,35.619999,35.669998,27.363762,10633500
2012-01-18,35.549999,36.009998,35.509998,35.990002,27.609251,15984200
2012-01-19,36.180000,36.380001,36.090000,36.369999,27.900763,9950600
2012-01-20,36.160000,36.250000,36.020000,36.160000,27.739660,11160200
2012-01-23,36.099998,36.450001,36.000000,36.119999,27.708977,13137700
2012-01-24,35.840000,36.169998,35.770000,36.160000,27.739660,5679000
2012-01-25,36.020000,36.669998,35.860001,36.560001,28.046532,13684300
2012-01-26,36.790001,36.919998,36.380001,36.490002,27.992819,11594900
2012-01-27,36.320000,36.590000,36.290001,36.459999,27.969809,6931100
2012-01-30,36.130001,36.360001,36.000000,36.330002,27.870077,9735600
2012-01-31,36.490002,36.619999,36.040001,36.220001,27.785692,18226900
2012-02-01,36.500000,36.820000,36.500000,36.610001,28.084879,11770900
2012-02-02,36.689999,36.750000,36.520000,36.630001,28.100231,9223800
2012-02-03,37.040001,37.320000,36.980000,37.259998,28.583517,11529700
2012-02-06,37.000000,37.259998,36.980000,37.169998,28.514486,8686800
2012-02-07,37.090000,37.209999,36.779999,37.130001,28.483791,9038900
2012-02-08,37.209999,37.279999,37.029999,37.209999,28.545172,10111800
2012-02-09,37.349998,37.380001,37.099998,37.310001,28.621878,9383900
2012-02-10,36.980000,36.990002,36.730000,36.970001,28.361044,14726700
2012-02-13,37.290001,37.450001,37.029999,37.419998,28.706268,16480700
2012-02-14,37.310001,37.320000,37.020000,37.290001,28.606524,13354100
2012-02-15,37.419998,37.419998,36.709999,36.799999,28.230633,18457100
2012-02-16,36.799999,37.160000,36.709999,37.139999,28.491459,12220200
2012-02-17,37.250000,37.389999,37.150002,37.279999,28.598858,9207600
2012-02-21,37.470001,37.570000,37.270000,37.410000,28.698580,13518700
2012-02-22,37.369999,37.470001,37.230000,37.369999,28.667904,9040900
2012-02-23,37.330002,37.529999,37.169998,37.490002,28.759962,9914900
2012-02-24,37.580002,37.660000,37.419998,37.480000,28.752285,8444500
2012-02-27,37.230000,37.660000,37.110001,37.509998,28.775293,13756800
2012-02-28,37.480000,37.549999,37.299999,37.459999,28.736952,12782300
2012-02-29,37.560001,37.619999,37.160000,37.230000,28.560503,14362100
2012-03-01,37.290001,37.509998,37.200001,37.360001,28.660244,15367900
2012-03-02,37.389999,37.450001,37.020000,37.139999,28.491459,11497300
2012-03-05,37.049999,37.090000,36.750000,36.880001,28.292013,15998800
2012-03-06,36.349998,36.480000,35.959999,36.049999,27.655277,27730300
2012-03-07,36.180000,36.480000,36.150002,36.419998,27.939121,14552900
2012-03-08,36.750000,37.020000,36.590000,36.939999,28.338034,16027500
2012-03-09,37.020000,37.169998,36.810001,37.020000,28.399399,17457500
2012-03-12,37.070000,37.130001,36.900002,37.009998,28.391739,10597700
2012-03-13,37.259998,37.799999,37.070000,37.779999,28.982431,25778700
2012-03-14,37.709999,37.880001,37.580002,37.689999,28.913380,12873000
2012-03-15,37.799999,38.169998,37.610001,38.139999,29.258606,15961100
2012-03-16,38.090000,38.099998,37.849998,37.980000,29.271694,10822600
2012-03-19,37.959999,38.110001,37.830002,37.980000,29.271694,13637700
2012-03-20,37.669998,37.759998,37.389999,37.540001,28.932598,16481000
2012-03-21,37.619999,37.669998,37.430000,37.520000,28.917164,9452100
2012-03-22,37.240002,37.250000,36.799999,37.099998,28.593464,20800100
2012-03-23,37.060001,37.220001,36.849998,37.160000,28.639709,11167800
2012-03-26,37.450001,37.709999,37.450001,37.709999,29.063597,22876500
2012-03-27,37.730000,37.790001,37.580002,37.590000,28.971121,11364300
2012-03-28,37.540001,37.630001,36.910000,37.230000,28.693661,26574800
2012-03-29,36.889999,37.299999,36.750000,37.250000,28.709080,18527600
2012-03-30,37.470001,37.520000,37.230000,37.419998,28.840105,12711400
2012-04-02,37.340000,37.790001,37.160000,37.660000,29.025072,24390700
2012-04-03,37.560001,37.660000,37.220001,37.389999,28.816980,10447200
2012-04-04,37.029999,37.189999,36.950001,37.119999,28.608891,13437700
2012-04-05,37.009998,37.169998,36.919998,36.970001,28.493279,10535800
2012-04-09,36.369999,36.529999,36.270000,36.369999,28.030846,13811000
2012-04-10,36.330002,36.330002,35.560001,35.630001,27.460520,21444600
2012-04-11,36.099998,36.189999,35.900002,36.029999,27.768805,19239100
2012-04-12,36.099998,36.820000,36.029999,36.799999,28.362257,24078200
2012-04-13,36.570000,36.630001,36.320000,36.330002,28.000023,17836200
2012-04-16,36.549999,36.709999,36.290001,36.430000,28.077089,20864200
2012-04-17,36.689999,37.119999,36.529999,37.029999,28.539532,16312000
2012-04-18,36.849998,37.020000,36.770000,36.869999,28.416212,13415200
2012-04-19,36.889999,36.970001,36.250000,36.459999,28.100220,25315800
2012-04-20,36.779999,36.939999,36.619999,36.770000,28.339138,18231800
2012-04-23,36.310001,36.400002,36.080002,36.360001,28.023148,25099300
2012-04-24,36.529999,36.869999,36.500000,36.840000,28.393082,15002500
2012-04-25,37.130001,37.169998,36.799999,36.910000,28.447039,18132200
2012-04-26,36.830002,37.169998,36.759998,37.130001,28.616596,14809200
2012-04-27,37.330002,37.450001,37.099998,37.360001,28.793869,14101000
2012-04-30,37.220001,37.279999,36.869999,37.009998,28.524113,16463800
2012-05-01,36.930000,37.400002,36.639999,37.119999,28.608891,17561900
2012-05-02,36.860001,37.160000,36.779999,37.130001,28.616596,10896500
2012-05-03,37.139999,37.200001,36.730000,36.830002,28.385387,12904900
2012-05-04,36.650002,36.689999,36.200001,36.299999,27.976894,20063400
2012-05-07,36.099998,36.380001,36.090000,36.200001,27.899832,15554200
2012-05-08,35.980000,36.180000,35.619999,36.110001,27.830465,18180500
2012-05-09,35.669998,36.029999,35.459999,35.689999,27.506763,31133700
2012-05-10,35.990002,36.130001,35.669998,35.740002,27.545313,13300000
2012-05-11,35.520000,36.049999,35.509998,35.669998,27.491344,14050700
2012-05-14,35.349998,35.560001,35.110001,35.259998,27.175356,23499400
2012-05-15,35.200001,35.470001,34.980000,35.080002,27.036633,14061700
2012-05-16,35.349998,35.529999,35.000000,35.040001,27.005806,14807700
2012-05-17,35.009998,35.070000,34.270000,34.290001,26.427773,23972500
2012-05-18,34.400002,34.619999,34.020000,34.119999,26.296747,21477400
2012-05-21,34.330002,34.910000,34.310001,34.880001,26.882486,16473500
2012-05-22,35.009998,35.230000,34.770000,35.009998,26.982683,14386000
2012-05-23,34.720001,35.270000,34.380001,35.200001,27.129128,25824400
2012-05-24,35.290001,35.330002,34.770000,35.160000,27.098284,13768100
2012-05-25,35.169998,35.240002,34.840000,34.919998,26.913315,8026500
2012-05-29,35.209999,35.500000,35.180000,35.389999,27.275547,14105300
2012-05-30,35.070000,35.070000,34.730000,34.799999,26.820827,15655500
2012-05-31,34.700001,34.919998,34.270000,34.669998,26.720640,17828700
2012-06-01,33.980000,34.150002,33.669998,33.709999,25.980747,24430500
2012-06-04,33.730000,33.770000,33.080002,33.360001,25.711002,23893000
2012-06-05,33.270000,33.509998,33.139999,33.459999,25.788076,17784400
2012-06-06,33.759998,34.360001,33.700001,34.349998,26.474007,20089700
2012-06-07,34.770000,35.060001,34.490002,34.540001,26.620440,21550300
2012-06-08,34.529999,34.830002,34.320000,34.799999,26.820827,12401500
2012-06-11,35.160000,35.180000,34.310001,34.349998,26.474007,15671400
2012-06-12,34.509998,34.939999,34.330002,34.900002,26.897898,20210900
2012-06-13,34.750000,34.900002,34.389999,34.549999,26.628153,22045200
2012-06-14,34.639999,34.959999,34.430000,34.820000,26.836241,22125000
2012-06-15,34.820000,34.970001,34.759998,34.959999,27.071653,12906000
2012-06-18,34.810001,35.169998,34.700001,35.040001,27.133606,13380900
2012-06-19,35.200001,35.700001,35.189999,35.509998,27.497545,12630300
2012-06-20,35.400002,35.509998,35.070000,35.320000,27.350420,20907000
2012-06-21,35.439999,35.540001,34.590000,34.630001,26.816114,16671700
2012-06-22,34.730000,34.830002,34.490002,34.750000,26.909042,11993100
2012-06-25,34.340000,34.400002,33.970001,34.110001,26.413443,20371600
2012-06-26,34.169998,34.270000,33.840000,34.169998,26.459900,13684600
2012-06-27,34.299999,34.580002,34.240002,34.500000,26.715433,14267600
2012-06-28,34.259998,34.509998,34.060001,34.470001,26.692215,18115400
2012-06-29,35.230000,35.669998,35.070000,35.669998,27.621445,18557700
2012-07-02,35.759998,35.820000,35.119999,35.360001,27.381392,14682400
2012-07-03,35.330002,35.740002,35.299999,35.730000,27.667900,10841200
2012-07-05,35.529999,35.840000,35.470001,35.689999,27.636936,8771000
2012-07-06,35.360001,35.360001,34.990002,35.209999,27.265230,9875000
2012-07-09,34.930000,35.270000,34.889999,35.189999,27.249750,7220700
2012-07-10,35.400002,35.490002,34.410000,34.619999,26.808363,32477900
2012-07-11,34.599998,34.660000,34.169998,34.340000,26.591549,22717500
2012-07-12,34.139999,34.380001,33.869999,34.209999,26.490877,31597700
2012-07-13,34.279999,34.889999,34.230000,34.869999,27.001945,23745400
2012-07-16,34.709999,34.740002,34.380001,34.630001,26.816114,15931600
2012-07-17,34.560001,34.919998,34.320000,34.779999,26.932255,17282200
2012-07-18,34.669998,35.520000,34.669998,35.430000,27.435600,30367800
2012-07-19,35.520000,35.720001,35.340000,35.599998,27.567242,14611600
2012-07-20,35.360001,35.500000,35.119999,35.160000,27.226526,16714900
2012-07-23,34.619999,35.110001,34.500000,34.980000,27.087133,15299000
2012-07-24,35.009998,35.060001,34.320000,34.590000,26.785135,22018500
2012-07-25,34.840000,35.020000,34.480000,34.709999,26.878059,23365000
2012-07-26,35.110001,35.389999,34.970001,35.240002,27.288473,16735900
2012-07-27,35.290001,36.189999,35.290001,36.009998,27.884729,18798400
2012-07-30,35.959999,36.169998,35.799999,35.910000,27.807301,12948400
2012-07-31,35.900002,36.090000,35.790001,35.810001,27.729849,13125300
2012-08-01,35.990002,36.049999,35.549999,35.570000,27.544004,17120500
2012-08-02,35.439999,35.590000,35.000000,35.389999,27.404621,16934400
2012-08-03,35.840000,36.320000,35.830002,36.160000,28.000881,16954500
2012-08-06,36.320000,36.470001,36.160000,36.160000,28.000881,14753100
2012-08-07,36.310001,36.700001,36.310001,36.529999,28.287401,16614200
2012-08-08,36.389999,36.529999,36.290001,36.480000,28.248671,10220100
2012-08-09,36.459999,36.590000,36.369999,36.509998,28.271902,12669800
2012-08-10,36.369999,36.700001,36.279999,36.680000,28.403549,10449000
2012-08-13,36.610001,36.639999,36.349998,36.599998,28.341608,13026200
2012-08-14,36.779999,36.779999,36.459999,36.549999,28.302887,9495500
2012-08-15,36.360001,36.689999,36.349998,36.630001,28.364836,9977000
2012-08-16,36.619999,37.070000,36.560001,37.000000,28.651346,12786000
2012-08-17,37.000000,37.209999,37.000000,37.180000,28.790739,8877500
2012-08-20,37.080002,37.169998,36.930000,37.099998,28.728777,6612400
2012-08-21,37.230000,37.389999,36.919998,37.020000,28.666830,10171300
2012-08-22,36.880001,37.000000,36.689999,36.840000,28.527439,10960400
2012-08-23,36.790001,36.790001,36.459999,36.540001,28.295143,11985000
2012-08-24,36.410000,36.810001,36.400002,36.709999,28.426786,8736200
2012-08-27,36.779999,36.830002,36.570000,36.599998,28.341608,5977000
2012-08-28,36.560001,36.650002,36.450001,36.459999,28.233194,8513600
2012-08-29,36.459999,36.590000,36.320000,36.450001,28.225449,8432100
2012-08-30,36.320000,36.340000,36.049999,36.139999,27.985395,8604100
2012-08-31,36.380001,36.529999,36.130001,36.360001,28.155756,9433100
2012-09-04,36.240002,36.320000,35.820000,35.980000,27.861506,17603100
2012-09-05,35.990002,36.060001,35.750000,35.880001,27.784071,11777300
2012-09-06,36.080002,36.700001,36.080002,36.689999,28.411301,12695200
2012-09-07,36.799999,37.040001,36.790001,37.000000,28.651346,10639100
2012-09-10,36.889999,36.980000,36.750000,36.759998,28.465502,8961600
2012-09-11,36.750000,37.060001,36.730000,36.959999,28.620365,10463700
2012-09-12,37.070000,37.180000,36.939999,37.110001,28.736526,8450400
2012-09-13,37.020000,37.689999,36.849998,37.529999,29.061762,16405700
2012-09-14,37.380001,38.070000,37.380001,37.759998,29.239855,12253000
2012-09-17,37.619999,37.709999,37.490002,37.580002,29.100481,7801500
2012-09-18,37.450001,37.599998,37.419998,37.590000,29.108219,8073100
2012-09-19,37.520000,37.740002,37.410000,37.680000,29.177916,9284300
2012-09-20,37.349998,37.360001,37.150002,37.320000,28.899145,12558200
2012-09-21,37.250000,37.279999,36.840000,36.970001,28.813412,15043900
2012-09-24,36.740002,37.060001,36.700001,36.970001,28.813412,11603200
2012-09-25,36.959999,37.020000,36.470001,36.480000,28.431509,14575300
2012-09-26,36.500000,36.509998,36.209999,36.340000,28.322401,12515200
2012-09-27,36.480000,36.730000,36.299999,36.680000,28.587393,13296800
2012-09-28,36.470001,36.680000,36.259998,36.529999,28.470490,13149000
2012-10-01,36.720001,37.020000,36.580002,36.700001,28.602982,14698000
2012-10-02,36.830002,36.869999,36.500000,36.639999,28.556215,10302000
2012-10-03,36.799999,36.900002,36.540001,36.830002,28.704302,7830300
2012-10-04,37.029999,37.119999,36.900002,37.040001,28.867968,8888800
2012-10-05,37.290001,37.419998,37.000000,37.160000,28.961498,10555200
2012-10-08,36.939999,37.130001,36.889999,37.070000,28.891342,4917400
2012-10-09,37.070000,37.110001,36.619999,36.639999,28.556215,10963500
2012-10-10,36.500000,36.619999,36.259998,36.299999,28.291227,14504500
2012-10-11,36.560001,36.709999,36.410000,36.410000,28.376959,8828800
2012-10-12,36.560001,36.740002,36.310001,36.450001,28.408136,9760800
2012-10-15,36.450001,36.720001,36.389999,36.700001,28.602982,9734700
2012-10-16,36.790001,37.119999,36.790001,37.090000,28.906933,9357800
2012-10-17,37.160000,37.360001,37.090000,37.310001,29.078400,7774700
2012-10-18,37.150002,37.540001,37.130001,37.419998,29.164127,15649400
2012-10-19,37.099998,37.220001,36.650002,36.790001,28.673128,15722900
2012-10-22,36.680000,36.950001,36.369999,36.689999,28.595192,14300700
2012-10-23,36.250000,36.439999,36.110001,36.320000,28.306828,13211400
2012-10-24,36.500000,36.509998,36.040001,36.090000,28.127567,12980200
2012-10-25,36.419998,36.500000,35.990002,36.290001,28.283434,14927000
2012-10-26,36.230000,36.490002,36.110001,36.320000,28.306828,10533400
2012-10-31,36.490002,36.779999,36.360001,36.490002,28.439310,10557300
2012-11-01,36.590000,37.209999,36.450001,37.139999,28.945892,15309200
2012-11-02,37.349998,37.439999,36.810001,36.830002,28.704302,13364000
2012-11-05,36.689999,37.090000,36.669998,37.029999,28.860176,8533000
2012-11-06,37.209999,37.610001,37.139999,37.430000,29.171919,10045200
2012-11-07,37.119999,37.119999,36.349998,36.549999,28.486080,17347500
2012-11-08,36.549999,36.660000,36.160000,36.169998,28.189907,13404000
2012-11-09,36.009998,36.580002,36.000000,36.270000,28.267855,13425000
2012-11-12,36.369999,36.549999,36.240002,36.369999,28.345783,7727700
2012-11-13,36.060001,36.639999,36.060001,36.270000,28.267855,9957900
2012-11-14,36.389999,36.389999,35.320000,35.419998,27.605383,22260800
2012-11-15,35.270000,35.610001,35.250000,35.419998,27.605383,15774000
2012-11-16,35.330002,35.610001,35.189999,35.520000,27.683325,13761100
2012-11-19,35.959999,36.200001,35.860001,36.189999,28.205498,10984600
2012-11-20,36.209999,36.259998,35.930000,36.220001,28.228880,8771800
2012-11-21,36.200001,36.349998,36.130001,36.270000,28.267855,4986700
2012-11-23,36.349998,36.740002,36.349998,36.740002,28.634153,3286600
2012-11-26,36.599998,36.790001,36.520000,36.770000,28.657541,7471900
2012-11-27,36.810001,37.009998,36.650002,36.689999,28.595192,9702800
2012-11-28,36.500000,37.029999,36.349998,37.000000,28.836796,11098800
2012-11-29,37.200001,37.340000,36.970001,37.209999,29.000473,10531000
2012-11-30,37.169998,37.279999,37.049999,37.130001,28.938107,7943400
2012-12-03,37.320000,37.389999,36.730000,36.730000,28.626366,10585100
2012-12-04,36.820000,37.029999,36.709999,36.869999,28.735472,7176000
2012-12-05,36.950001,37.400002,36.709999,37.259998,29.039425,13665100
2012-12-06,37.240002,37.290001,37.009998,37.250000,29.031620,5501600
2012-12-07,37.459999,37.520000,37.250000,37.490002,29.218691,6771000
2012-12-10,37.480000,37.720001,37.389999,37.680000,29.366764,7387800
2012-12-11,37.880001,37.970001,37.680000,37.759998,29.429110,9455300
2012-12-12,37.950001,38.119999,37.779999,37.820000,29.475880,6911500
2012-12-13,37.750000,37.980000,37.580002,37.700001,29.382351,9328400
2012-12-14,37.610001,37.830002,37.599998,37.619999,29.320009,6747900
2012-12-17,37.799999,37.980000,37.720001,37.970001,29.592781,9667100
2012-12-18,38.009998,38.500000,37.910000,38.459999,29.974684,11656700
2012-12-19,38.520000,38.529999,38.230000,38.250000,29.811007,15895400
2012-12-20,38.299999,38.450001,38.209999,38.450001,29.966881,7665800
2012-12-21,37.619999,37.990002,37.500000,37.930000,29.778452,10871700
2012-12-24,37.840000,37.930000,37.750000,37.820000,29.692101,1647100
2012-12-26,37.930000,37.959999,37.639999,37.689999,29.590046,6267300
2012-12-27,37.740002,37.770000,37.230000,37.630001,29.542934,6387000
2012-12-28,37.340000,37.619999,37.180000,37.220001,29.221043,6626000
2012-12-31,37.119999,37.930000,37.040001,37.900002,29.754915,13414400
2013-01-02,38.720001,38.910000,38.549999,38.810001,30.469336,14885700
2013-01-03,38.770000,39.090000,38.730000,38.830002,30.485062,9592100
2013-01-04,38.980000,39.150002,38.889999,39.119999,30.712713,6466400
2013-01-07,39.000000,39.029999,38.810001,38.950001,30.579254,5513800
2013-01-08,38.830002,38.919998,38.520000,38.650002,30.343739,7543400
2013-01-09,38.799999,39.119999,38.770000,39.040001,30.649912,6851700
2013-01-10,39.240002,39.259998,38.950001,39.230000,30.799070,11710300
2013-01-11,39.119999,39.189999,39.009998,39.090000,30.689169,6999900
2013-01-14,39.160000,39.250000,39.070000,39.240002,30.806934,6250500
2013-01-15,39.029999,39.389999,39.009998,39.349998,30.893288,5115200
2013-01-16,39.139999,39.209999,39.090000,39.189999,30.767673,7569900
2013-01-17,39.380001,39.680000,39.279999,39.610001,31.097420,11890000
2013-01-18,39.770000,39.959999,39.590000,39.930000,31.348644,10912700
2013-01-22,39.840000,40.090000,39.770000,40.090000,31.474249,7550200
2013-01-23,40.000000,40.160000,39.900002,40.099998,31.482094,6430700
2013-01-24,40.110001,40.910000,40.070000,40.340000,31.670517,6893000
2013-01-25,40.470001,40.520000,40.290001,40.470001,31.772587,6908900
2013-01-28,40.630001,40.650002,40.320000,40.500000,31.796137,5583500
2013-01-29,40.410000,40.599998,40.349998,40.590000,31.866796,5456100
2013-01-30,40.549999,40.639999,40.200001,40.220001,31.576319,6991200
2013-01-31,40.080002,40.279999,39.990002,40.080002,31.466393,9929300
2013-02-01,40.330002,40.520000,40.240002,40.470001,31.772587,8661400
2013-02-04,40.270000,40.349998,40.070000,40.119999,31.497820,8989600
2013-02-05,40.340000,40.580002,40.279999,40.490002,31.788296,8590700
2013-02-06,40.349998,40.529999,40.259998,40.500000,31.796137,11049500
2013-02-07,40.560001,40.610001,40.150002,40.450001,31.756874,8007000
2013-02-08,40.509998,40.639999,40.439999,40.610001,31.882515,7164200
2013-02-11,40.529999,40.639999,40.490002,40.580002,31.858955,7718700
2013-02-12,40.660000,40.830002,40.650002,40.759998,32.000267,5780100
2013-02-13,40.970001,41.119999,40.860001,40.980000,32.172989,6412200
2013-02-14,40.799999,41.060001,40.730000,41.040001,32.220104,9256100
2013-02-15,41.099998,41.169998,40.930000,41.060001,32.235790,8009200
2013-02-19,41.220001,41.389999,41.099998,41.360001,32.471317,8524900
2013-02-20,41.410000,41.419998,40.790001,40.820000,32.047367,10619200
2013-02-21,40.660000,40.730000,40.340000,40.520000,31.811859,15582800
2013-02-22,40.669998,40.889999,40.669998,40.840000,32.063076,9693400
2013-02-25,41.060001,41.110001,39.980000,40.000000,31.403587,10921300
2013-02-26,40.110001,40.330002,39.970001,40.240002,31.592020,14203900
2013-02-27,40.250000,41.119999,40.189999,41.000000,32.188683,10214100
2013-02-28,41.070000,41.290001,40.930000,40.970001,32.165142,11140000
2013-03-01,40.709999,41.049999,40.470001,40.900002,32.110180,11544800
2013-03-04,40.820000,40.830002,40.419998,40.820000,32.047367,17799700
2013-03-05,41.080002,41.619999,41.080002,41.400002,32.502728,12343100
2013-03-06,41.660000,41.669998,41.330002,41.400002,32.502728,11365300
2013-03-07,41.509998,41.590000,41.369999,41.430000,32.526283,6392600
2013-03-08,41.720001,41.860001,41.540001,41.820000,32.832462,7986200
2013-03-11,41.779999,41.980000,41.689999,41.959999,32.942379,6118800
2013-03-12,41.820000,41.930000,41.540001,41.720001,32.753941,11166800
2013-03-13,41.720001,41.950001,41.630001,41.919998,32.910973,7192600
2013-03-14,42.000000,42.160000,41.959999,42.119999,33.067982,5869900
2013-03-15,41.900002,42.009998,41.799999,41.970001,33.093204,9136300
2013-03-18,41.669998,42.049999,41.490002,41.709999,32.888210,6696600
2013-03-19,41.759998,41.889999,41.389999,41.669998,32.856667,12386200
2013-03-20,41.880001,41.930000,41.580002,41.720001,32.896091,16633100
2013-03-21,41.549999,41.950001,41.220001,41.299999,32.564919,6847500
2013-03-22,41.619999,41.630001,41.310001,41.619999,32.817238,6952300
2013-03-25,41.740002,41.759998,41.070000,41.250000,32.525505,18316700
2013-03-26,41.450001,41.490002,41.310001,41.459999,32.691101,8772200
2013-03-27,41.270000,41.490002,41.049999,41.459999,32.691101,6666500
2013-03-28,41.400002,41.770000,41.400002,41.759998,32.927631,7850900
2013-04-01,41.700001,41.709999,41.169998,41.250000,32.525505,15500700
2013-04-02,41.389999,41.439999,41.040001,41.119999,32.422989,11715400
2013-04-03,41.200001,41.259998,40.810001,40.869999,32.225876,20235400
2013-04-04,40.910000,41.110001,40.869999,41.049999,32.367798,12607200
2013-04-05,40.509998,41.000000,40.439999,40.970001,32.304718,12848400
2013-04-08,40.939999,41.209999,40.810001,41.209999,32.493950,8246300
2013-04-09,41.330002,41.490002,41.060001,41.340000,32.596458,10682100
2013-04-10,41.529999,41.930000,41.369999,41.889999,33.030136,11590300
2013-04-11,41.939999,42.130001,41.779999,42.000000,33.116886,9855000
2013-04-12,41.849998,41.919998,41.610001,41.759998,32.927631,7438400
2013-04-15,41.480000,41.529999,40.459999,40.490002,31.926247,29888200
2013-04-16,40.860001,41.070000,40.730000,41.040001,32.359936,10143300
2013-04-17,40.709999,40.779999,40.130001,40.360001,31.823732,15939300
2013-04-18,40.500000,40.500000,40.020000,40.180000,31.681814,16722700
2013-04-19,40.220001,40.419998,40.029999,40.380001,31.839520,15449100
2013-04-22,40.410000,40.549999,40.029999,40.430000,31.878933,13880400
2013-04-23,40.599998,40.790001,40.330002,40.720001,32.107597,11194400
2013-04-24,40.910000,41.209999,40.880001,41.139999,32.438763,9976300
2013-04-25,41.279999,41.540001,41.160000,41.349998,32.604336,9845400
2013-04-26,41.299999,41.450001,41.139999,41.230000,32.509724,7837600
2013-04-29,41.400002,41.540001,41.160000,41.439999,32.675312,7934300
2013-04-30,41.500000,41.500000,41.130001,41.450001,32.683208,8112900
2013-05-01,41.200001,41.340000,40.900002,40.910000,32.257397,12152700
2013-05-02,41.049999,41.470001,41.049999,41.419998,32.659550,7422000
2013-05-03,41.869999,42.369999,41.830002,42.130001,33.219383,14713900
2013-05-06,42.139999,42.439999,42.080002,42.400002,33.432285,13657900
2013-05-07,42.509998,42.799999,42.450001,42.790001,33.739792,14716800
2013-05-08,42.720001,43.070000,42.639999,43.060001,33.952694,9877400
2013-05-09,43.080002,43.290001,42.939999,43.060001,33.952694,8065700
2013-05-10,43.130001,43.209999,42.880001,43.189999,34.055187,9576300
2013-05-13,43.139999,43.160000,42.889999,43.020000,33.921146,5737800
2013-05-14,43.160000,43.549999,43.040001,43.549999,34.339043,9893500
2013-05-15,43.349998,43.740002,43.290001,43.730000,34.480968,12427900
2013-05-16,43.549999,43.799999,43.439999,43.509998,34.307503,12043500
2013-05-17,43.700001,44.180000,43.680000,44.169998,34.827904,14377300
2013-05-20,44.040001,44.439999,44.040001,44.299999,34.930416,14154300
2013-05-21,44.310001,44.549999,44.240002,44.360001,34.977745,11247100
2013-05-22,44.430000,44.700001,43.820000,43.970001,34.670208,16560400
2013-05-23,43.430000,43.950001,43.430000,43.849998,34.575588,10855000
2013-05-24,43.580002,43.779999,43.380001,43.709999,34.465199,8787600
2013-05-28,44.250000,44.349998,43.860001,43.939999,34.646538,13685500
2013-05-29,43.730000,43.889999,43.549999,43.689999,34.449436,9298000
2013-05-30,43.820000,44.150002,43.709999,43.950001,34.654442,7269400
2013-05-31,43.840000,44.279999,43.490002,43.529999,34.323277,11180400
2013-06-03,43.709999,43.810001,43.230000,43.740002,34.488853,25628800
2013-06-04,43.740002,43.970001,43.200001,43.500000,34.299610,12262700
2013-06-05,43.330002,43.380001,42.660000,42.709999,33.676708,12775200
2013-06-06,42.779999,43.020000,42.549999,42.980000,33.889595,13916500
2013-06-07,43.340000,43.810001,43.169998,43.790001,34.528290,14067500
2013-06-10,43.939999,43.939999,43.520000,43.660000,34.425785,9390300
2013-06-11,43.230000,43.630001,43.110001,43.259998,34.110386,9883800
2013-06-12,43.590000,43.619999,42.889999,42.959999,33.873833,11072600
2013-06-13,42.919998,43.669998,42.830002,43.590000,34.370586,12985500
2013-06-14,43.549999,43.759998,43.250000,43.299999,34.141922,8207200
2013-06-17,43.580002,43.790001,43.380001,43.639999,34.410007,8527400
2013-06-18,43.660000,44.259998,43.650002,44.150002,34.812145,8798300
2013-06-19,44.060001,44.169998,43.480000,43.480000,34.283852,13613100
2013-06-20,43.060001,43.139999,42.439999,42.490002,33.503235,19493200
2013-06-21,42.630001,42.669998,42.000000,42.299999,33.523853,14635300
2013-06-24,41.910000,41.970001,41.369999,41.590000,32.961151,17405800
2013-06-25,41.959999,42.189999,41.790001,42.060001,33.333630,8717400
2013-06-26,42.459999,42.650002,42.230000,42.470001,33.658562,14745100
2013-06-27,42.820000,43.009998,42.689999,42.889999,33.991436,9177300
2013-06-28,42.799999,42.959999,42.570000,42.639999,33.793301,13129300
2013-07-01,42.990002,43.340000,42.820000,43.070000,34.134087,15781300
2013-07-02,42.919998,43.119999,42.470001,42.610001,33.769527,12916900
2013-07-03,42.439999,42.770000,42.349998,42.630001,33.785374,6081900
2013-07-05,42.959999,43.299999,42.779999,43.299999,34.316372,5687500
2013-07-08,43.380001,43.689999,43.349998,43.419998,34.411480,10901800
2013-07-09,43.740002,44.240002,43.730000,44.029999,34.894917,13045100
2013-07-10,44.040001,44.240002,43.869999,44.020000,34.886993,9349600
2013-07-11,44.689999,44.750000,44.470001,44.720001,35.441761,14058700
2013-07-12,44.560001,44.660000,44.220001,44.450001,35.227779,11366200
2013-07-15,44.580002,44.689999,44.509998,44.610001,35.354580,11794300
2013-07-16,44.680000,44.740002,44.310001,44.369999,35.164383,6269200
2013-07-17,44.590000,44.689999,44.419998,44.500000,35.267399,9605200
2013-07-18,44.599998,45.080002,44.540001,44.950001,35.624043,10896300
2013-07-19,45.110001,45.430000,45.049999,45.410000,35.988605,13266600
2013-07-22,45.490002,45.570000,45.360001,45.439999,36.012367,5960900
2013-07-23,45.590000,45.639999,45.270000,45.410000,35.988605,6252900
2013-07-24,45.560001,45.639999,44.990002,45.060001,35.711220,10965000
2013-07-25,44.939999,45.080002,44.680000,45.080002,35.727062,7031800
2013-07-26,44.860001,44.959999,44.669998,44.930000,35.608196,5800300
2013-07-29,44.740002,44.980000,44.730000,44.810001,35.513084,8372300
2013-07-30,45.000000,45.240002,44.880001,45.000000,35.663666,7145100
2013-07-31,45.070000,45.500000,45.070000,45.160000,35.790459,12300000
2013-08-01,45.419998,45.990002,45.419998,45.930000,36.400703,12594500
2013-08-02,45.770000,46.020000,45.650002,46.020000,36.472031,5985800
2013-08-05,45.830002,45.970001,45.770000,45.840000,36.329388,4468100
2013-08-06,45.759998,45.759998,45.419998,45.500000,36.059925,8233700
2013-08-07,45.299999,45.450001,45.189999,45.430000,36.004444,8927600
2013-08-08,45.680000,45.779999,45.450001,45.639999,36.170883,4971300
2013-08-09,45.669998,45.669998,45.310001,45.490002,36.052006,5525800
2013-08-12,45.209999,45.599998,45.189999,45.549999,36.099548,6165300
2013-08-13,45.570000,45.869999,45.400002,45.750000,36.258057,7791700
2013-08-14,45.709999,45.799999,45.419998,45.430000,36.004444,10253000
2013-08-15,44.990002,45.060001,44.770000,44.919998,35.600277,7586200
2013-08-16,44.889999,45.110001,44.790001,44.980000,35.647800,8138800
2013-08-19,44.849998,45.049999,44.740002,44.740002,35.457615,5182300
2013-08-20,44.790001,45.009998,44.619999,44.820000,35.520996,6768600
2013-08-21,44.750000,44.860001,44.459999,44.509998,35.275333,7865000
2013-08-22,44.610001,45.189999,44.610001,45.119999,35.758762,9124600
2013-08-23,45.230000,45.230000,44.910000,45.130001,35.766693,5267700
2013-08-26,45.220001,45.400002,44.980000,45.029999,35.687447,6568200
2013-08-27,44.509998,44.669998,44.070000,44.119999,34.966232,14017100
2013-08-28,44.009998,44.340000,43.970001,44.160000,34.997936,7962900
2013-08-29,44.049999,44.520000,44.029999,44.290001,35.100971,4614400
2013-08-30,44.389999,44.470001,43.930000,44.040001,34.902840,8162900
2013-09-03,44.459999,44.750000,44.130001,44.320000,35.124744,9736700
2013-09-04,44.270000,44.849998,44.240002,44.770000,35.481388,7486900
2013-09-05,44.830002,45.020000,44.669998,44.880001,35.568565,4880200
2013-09-06,45.090000,45.230000,44.450001,44.860001,35.552696,11587200
2013-09-09,45.020000,45.529999,45.009998,45.419998,35.996525,8454200
2013-09-10,45.790001,46.160000,45.720001,46.080002,36.519596,14050400
2013-09-11,46.070000,46.290001,45.939999,46.270000,36.670177,11984400
2013-09-12,46.230000,46.349998,46.040001,46.080002,36.519596,8270400
2013-09-13,46.169998,46.220001,45.930000,46.209999,36.622612,6506600
2013-09-16,46.799999,46.950001,46.639999,46.810001,37.098141,15482500
2013-09-17,46.759998,47.070000,46.740002,47.009998,37.256641,7651000
2013-09-18,47.049999,47.700001,46.889999,47.599998,37.724236,12259900
2013-09-19,47.770000,48.009998,47.720001,47.759998,37.851044,12368500
2013-09-20,47.660000,47.680000,46.930000,46.959999,37.388458,11923900
2013-09-23,46.880001,47.009998,46.590000,46.810001,37.269039,7456100
2013-09-24,46.779999,47.250000,46.759998,46.980000,37.404381,6755000
2013-09-25,47.029999,47.130001,46.770000,46.770000,37.237183,8193200
2013-09-26,46.849998,47.080002,46.750000,46.980000,37.404381,5383000
2013-09-27,46.669998,46.740002,46.490002,46.680000,37.165527,5966100
2013-09-30,46.200001,46.590000,46.119999,46.410000,36.950581,7457800
2013-10-01,46.389999,46.810001,46.380001,46.700001,37.181469,11204000
2013-10-02,46.439999,46.549999,46.200001,46.480000,37.006298,9274700
2013-10-03,46.470001,46.470001,45.669998,45.970001,36.600243,15708500
2013-10-04,46.009998,46.299999,45.869999,46.270000,36.839100,9868400
2013-10-07,45.680000,46.259998,45.680000,45.950001,36.584312,8956500
2013-10-08,45.990002,46.110001,45.410000,45.430000,36.170307,17558800
2013-10-09,45.619999,45.619999,45.090000,45.410000,36.154377,14004300
2013-10-10,45.950001,46.599998,45.860001,46.580002,37.085911,14282100
2013-10-11,46.500000,46.880001,46.470001,46.799999,37.261055,8039000
2013-10-14,46.580002,47.009998,46.450001,46.980000,37.404381,9823100
2013-10-15,46.880001,47.000000,46.459999,46.509998,37.030186,13450200
2013-10-16,46.730000,46.919998,46.470001,46.820000,37.276997,11994900
2013-10-17,46.639999,47.189999,46.630001,47.180000,37.563622,10314700
2013-10-18,47.470001,47.790001,47.369999,47.689999,37.969669,12946800
2013-10-21,47.759998,47.860001,47.720001,47.810001,38.065197,6115400
2013-10-22,47.970001,48.410000,47.970001,48.130001,38.320004,8021700
2013-10-23,48.060001,48.180000,47.830002,48.150002,38.335911,8815400
2013-10-24,48.240002,48.560001,48.200001,48.509998,38.622536,8296900
2013-10-25,48.619999,48.779999,48.340000,48.759998,38.821560,10031400
2013-10-28,48.599998,48.820000,48.580002,48.689999,38.765842,6626200
2013-10-29,48.759998,48.830002,48.509998,48.830002,38.877312,7591100
2013-10-30,48.939999,48.990002,48.470001,48.610001,38.702141,8914100
2013-10-31,48.529999,48.950001,48.419998,48.619999,38.710106,9897500
2013-11-01,48.730000,49.080002,48.570000,48.970001,38.988766,9922600
2013-11-04,49.169998,49.169998,48.990002,49.150002,39.132095,5477400
2013-11-05,48.959999,49.209999,48.689999,49.099998,39.092270,6572100
2013-11-06,49.310001,49.369999,48.990002,49.240002,39.203743,5889600
2013-11-07,49.380001,49.520000,48.639999,48.720001,38.789719,10880700
2013-11-08,48.680000,49.380001,48.650002,49.380001,39.315205,8964900
2013-11-11,49.369999,49.400002,49.230000,49.340000,39.283360,5319400
2013-11-12,49.169998,49.450001,49.119999,49.360001,39.299286,10837900
2013-11-13,49.099998,49.650002,49.060001,49.650002,39.530174,9779500
2013-11-14,49.580002,49.950001,49.580002,49.840000,39.681450,11060700
2013-11-15,49.980000,50.060001,49.790001,50.009998,39.816807,7836800
2013-11-18,50.250000,50.400002,49.970001,50.090000,39.880493,6686900
2013-11-19,50.060001,50.169998,49.669998,49.730000,39.593872,9411800
2013-11-20,49.910000,49.910000,49.400002,49.509998,39.418705,9381700
2013-11-21,49.720001,49.959999,49.560001,49.910000,39.737179,6829300
2013-11-22,50.060001,50.349998,49.889999,50.349998,40.087482,5430400
2013-11-25,50.450001,50.509998,50.119999,50.240002,39.999916,7895000
2013-11-26,50.250000,50.459999,50.189999,50.340000,40.079536,8142500
2013-11-27,50.459999,50.619999,50.410000,50.540001,40.238773,3774500
2013-11-29,50.730000,50.779999,50.340000,50.400002,40.127308,6964900
2013-12-02,50.380001,50.480000,50.070000,50.189999,39.960106,6976700
2013-12-03,50.110001,50.110001,49.580002,49.759998,39.617756,8976000
2013-12-04,49.520000,49.919998,49.130001,49.560001,39.458523,6776400
2013-12-05,49.560001,49.810001,49.459999,49.580002,39.474445,6939600
2013-12-06,50.189999,50.360001,50.049999,50.340000,40.079536,8399500
2013-12-09,50.380001,50.540001,50.360001,50.470001,40.183044,5566600
2013-12-10,50.380001,50.650002,50.200001,50.360001,40.095459,10114300
2013-12-11,50.380001,50.380001,49.520000,49.570000,39.466484,11225000
2013-12-12,49.450001,49.770000,49.430000,49.619999,39.506294,9293200
2013-12-13,49.700001,49.880001,49.540001,49.770000,39.625713,6254100
2013-12-16,49.930000,50.410000,49.930000,50.240002,39.999916,9108300
2013-12-17,50.410000,50.470001,50.139999,50.220001,39.983997,11324000
2013-12-18,50.360001,51.090000,49.910000,51.060001,40.652782,21338300
2013-12-19,50.990002,51.139999,50.770000,51.110001,40.692596,13576700
2013-12-20,50.939999,51.419998,50.830002,51.259998,41.019878,13806000
2013-12-23,51.529999,51.580002,51.349998,51.459999,41.179935,6969500
2013-12-24,51.450001,51.709999,51.450001,51.700001,41.371990,2765300
2013-12-26,51.869999,52.110001,51.700001,52.060001,41.660076,6725200
2013-12-27,52.290001,52.290001,51.930000,52.000000,41.612045,4157300
2013-12-30,52.020000,52.060001,51.889999,51.950001,41.572048,4944000
2013-12-31,52.119999,52.299999,52.029999,52.259998,41.820122,6575600
2014-01-02,51.980000,52.070000,51.459999,51.529999,41.235950,9337000
2014-01-03,51.669998,51.900002,51.580002,51.669998,41.347988,6104000
2014-01-06,51.919998,52.070000,51.369999,51.369999,41.107906,7486900
2014-01-07,51.639999,51.810001,51.509998,51.689999,41.363991,7068800
2014-01-08,51.700001,51.720001,51.400002,51.599998,41.291977,8091500
2014-01-09,51.900002,52.049999,51.520000,51.849998,41.492027,10795300
2014-01-10,51.939999,51.970001,51.590000,51.930000,41.556034,12522200
2014-01-13,51.799999,52.099998,51.240002,51.299999,41.051899,12241300
2014-01-14,51.560001,51.880001,51.360001,51.840000,41.484024,9435800
2014-01-15,51.970001,52.320000,51.919998,52.209999,41.780117,6790200
2014-01-16,52.020000,52.150002,51.910000,52.080002,41.676075,8180600
2014-01-17,51.889999,51.959999,51.700001,51.820000,41.468014,8662300
2014-01-21,52.070000,52.310001,51.580002,51.869999,41.508022,11033500
2014-01-22,52.060001,52.099998,51.849998,52.029999,41.636063,6348800
2014-01-23,51.720001,51.869999,51.240002,51.410000,41.139912,8550600
2014-01-24,51.060001,51.060001,49.799999,49.810001,39.859554,25688100
2014-01-27,50.040001,50.240002,49.520000,49.860001,39.899570,17553000
2014-01-28,50.009998,50.470001,50.009998,50.330002,40.275673,9909400
2014-01-29,49.810001,50.209999,49.660000,49.790001,39.843540,15007700
2014-01-30,50.240002,50.400002,49.939999,50.279999,40.235661,9984800
2014-01-31,49.439999,50.380001,49.439999,50.029999,40.035599,15208000
2014-02-03,49.910000,50.230000,48.619999,48.639999,38.923267,23578000
2014-02-04,48.820000,49.119999,48.380001,48.950001,39.171345,14235900
2014-02-05,48.750000,49.119999,48.389999,48.930000,39.155350,15364900
2014-02-06,49.139999,49.680000,49.040001,49.610001,39.699512,13598300
2014-02-07,49.860001,50.509998,49.860001,50.470001,40.387691,15046600
2014-02-10,50.520000,50.540001,50.040001,50.150002,40.131634,14047400
2014-02-11,50.330002,50.910000,50.240002,50.709999,40.579758,10364000
2014-02-12,50.790001,51.049999,50.770000,51.000000,40.811836,10282600
2014-02-13,50.660000,51.110001,50.490002,51.040001,40.843845,11396800
2014-02-14,50.980000,51.509998,50.900002,51.369999,41.107906,9132200
2014-02-18,51.520000,51.619999,51.150002,51.330002,41.075897,7282200
2014-02-19,51.270000,51.570000,50.820000,50.849998,40.691795,10443000
2014-02-20,51.029999,51.500000,50.779999,51.330002,41.075897,15387500
2014-02-21,51.529999,51.630001,51.320000,51.389999,41.123913,6108500
2014-02-24,51.580002,52.230000,51.500000,51.779999,41.436008,9311600
2014-02-25,51.709999,51.900002,51.470001,51.610001,41.299965,7522100
2014-02-26,51.720001,51.869999,51.459999,51.660000,41.339977,10607400
2014-02-27,51.590000,51.959999,51.509998,51.959999,41.580063,5723700
2014-02-28,51.980000,52.340000,51.799999,52.060001,41.660076,12876700
2014-03-03,51.500000,51.880001,51.330002,51.709999,41.379978,17327500
2014-03-04,52.189999,52.720001,52.119999,52.459999,41.980164,12361000
2014-03-05,52.570000,52.709999,52.459999,52.529999,42.036186,11014900
2014-03-06,52.790001,52.950001,52.669998,52.830002,42.276253,9427300
2014-03-07,53.180000,53.250000,52.869999,53.000000,42.412300,12752100
2014-03-10,52.849998,52.919998,52.439999,52.770000,42.228249,8201100
2014-03-11,52.980000,52.980000,52.259998,52.389999,41.924149,9575600
2014-03-12,52.080002,52.299999,51.900002,52.290001,41.844128,12433300
2014-03-13,52.500000,52.619999,51.330002,51.549999,41.251965,17725500
2014-03-14,51.470001,51.740002,51.270000,51.349998,41.091900,17127600
2014-03-17,51.560001,52.160000,51.560001,51.980000,41.596062,11471900
2014-03-18,52.070000,52.380001,52.060001,52.259998,41.820122,7434300
2014-03-19,52.259998,52.349998,51.430000,51.720001,41.388008,13222700
2014-03-20,51.720001,51.919998,51.480000,51.869999,41.508022,11205800
2014-03-21,51.959999,52.119999,51.610001,51.650002,41.512054,13683400
2014-03-24,51.889999,51.930000,51.189999,51.480000,41.375408,14063100
2014-03-25,51.750000,52.090000,51.680000,51.950001,41.753166,11722300
2014-03-26,52.279999,52.279999,51.419998,51.419998,41.327179,9906800
2014-03-27,51.419998,51.500000,51.020000,51.349998,41.270927,9369500
2014-03-28,51.459999,51.939999,51.450001,51.730000,41.576344,8982600
2014-03-31,52.000000,52.419998,52.000000,52.330002,42.058571,7563100
2014-04-01,52.549999,52.869999,52.360001,52.700001,42.355961,13773800
2014-04-02,52.740002,53.110001,52.720001,53.070000,42.653324,12812900
2014-04-03,53.150002,53.180000,52.900002,53.150002,42.717628,9268300
2014-04-04,53.400002,53.490002,52.410000,52.540001,42.227356,14930600
2014-04-07,52.400002,52.570000,51.680000,51.790001,41.624573,12402800
2014-04-08,51.709999,51.970001,51.459999,51.790001,41.624573,9462400
2014-04-09,52.070000,52.490002,51.849998,52.450001,42.155029,11329100
2014-04-10,52.369999,52.570000,51.410000,51.410000,41.319153,11634000
2014-04-11,51.259998,51.480000,50.889999,50.900002,40.909252,11243000
2014-04-14,51.240002,51.470001,50.779999,51.189999,41.142345,6844900
2014-04-15,51.279999,51.619999,50.740002,51.549999,41.431675,14535100
2014-04-16,51.709999,52.349998,51.709999,52.340000,42.066616,9096000
2014-04-17,52.450001,52.900002,52.360001,52.750000,42.396141,12903800
2014-04-21,52.840000,52.950001,52.570000,52.900002,42.516689,9673300
2014-04-22,53.060001,53.240002,52.910000,52.930000,42.540810,11155800
2014-04-23,52.950001,53.240002,52.910000,53.130001,42.701546,8965000
2014-04-24,53.389999,53.389999,52.790001,53.029999,42.621178,11864200
2014-04-25,52.790001,52.950001,52.380001,52.509998,42.203247,6997500
2014-04-28,52.720001,52.889999,52.009998,52.540001,42.227356,12105400
2014-04-29,52.700001,52.740002,52.310001,52.680000,42.339874,9382800
2014-04-30,52.689999,53.099998,52.580002,53.029999,42.621178,13299600
2014-05-01,52.980000,53.160000,52.709999,52.900002,42.516689,10600400
2014-05-02,52.900002,53.169998,52.810001,52.820000,42.452396,8701100
2014-05-05,52.669998,53.000000,52.400002,52.930000,42.540810,5358600
2014-05-06,52.849998,52.860001,52.480000,52.529999,42.219315,6032300
2014-05-07,52.599998,53.000000,52.380001,52.980000,42.581005,7959000
2014-05-08,52.910000,53.310001,52.810001,52.970001,42.572956,8034200
2014-05-09,52.880001,53.040001,52.650002,53.009998,42.605110,5133400
2014-05-12,53.189999,53.820000,53.169998,53.799999,43.240040,11275000
2014-05-13,53.880001,54.070000,53.799999,53.889999,43.312378,8650500
2014-05-14,53.919998,53.939999,53.389999,53.490002,42.990894,6946900
2014-05-15,53.259998,53.360001,52.669998,53.020000,42.613144,13016200
2014-05-16,53.009998,53.090000,52.779999,53.090000,42.669403,7490300
2014-05-19,52.970001,53.340000,52.849998,53.299999,42.838184,4645800
2014-05-20,53.299999,53.299999,52.410000,52.590000,42.267540,9782300
2014-05-21,52.740002,53.130001,52.740002,53.110001,42.685474,7658900
2014-05-22,53.209999,53.369999,52.990002,53.209999,42.765846,4482100
2014-05-23,53.290001,53.580002,53.209999,53.549999,43.039112,3732400
2014-05-27,53.709999,53.910000,53.680000,53.830002,43.264145,6702700
2014-05-28,53.939999,54.090000,53.849998,53.869999,43.296299,10303800
2014-05-29,54.000000,54.090000,53.759998,54.090000,43.473118,4218400
2014-05-30,54.049999,54.119999,53.880001,54.049999,43.440983,6156200
2014-06-02,54.080002,54.360001,53.869999,54.279999,43.625816,7070700
2014-06-03,54.139999,54.320000,54.009998,54.220001,43.577599,4007000
2014-06-04,54.099998,54.259998,54.060001,54.209999,43.569576,3792100
2014-06-05,54.320000,54.840000,54.240002,54.759998,44.011612,5805600
2014-06-06,54.849998,55.310001,54.830002,55.310001,44.453663,8384300
2014-06-09,55.290001,55.820000,55.220001,55.590000,44.678699,11160300
2014-06-10,55.459999,55.570000,55.230000,55.459999,44.574211,3846600
2014-06-11,55.279999,55.279999,54.950001,55.049999,44.244682,5541500
2014-06-12,54.980000,54.980000,54.209999,54.310001,43.649948,10181700
2014-06-13,54.349998,54.639999,54.270000,54.500000,43.802650,6885600
2014-06-16,54.490002,54.570000,54.250000,54.439999,43.754421,6861400
2014-06-17,54.410000,54.689999,54.250000,54.590000,43.874977,9600600
2014-06-18,54.770000,54.959999,54.369999,54.900002,44.124126,12209900
2014-06-19,54.950001,55.060001,54.750000,55.040001,44.236649,7149000
2014-06-20,54.900002,55.049999,54.840000,55.020000,44.422352,4304700
2014-06-23,55.160000,55.160000,54.599998,54.700001,44.163990,5192400
2014-06-24,54.610001,54.820000,54.090000,54.150002,43.719933,7429900
2014-06-25,53.990002,54.310001,53.970001,54.200001,43.760288,6506400
2014-06-26,54.259998,54.310001,53.790001,54.160000,43.728004,6845400
2014-06-27,53.980000,54.480000,53.779999,54.290001,43.832958,8214600
2014-06-30,54.270000,54.299999,54.009998,54.060001,43.647263,7963600
2014-07-01,54.119999,54.590000,54.119999,54.389999,43.913692,8026200
2014-07-02,54.240002,54.459999,54.200001,54.299999,43.841030,10068000
2014-07-03,54.529999,54.810001,54.520000,54.750000,44.204365,8550300
2014-07-07,54.740002,54.740002,54.290001,54.360001,43.889484,9334300
2014-07-08,54.279999,54.290001,53.840000,53.990002,43.590733,8154200
2014-07-09,54.230000,54.259998,53.930000,54.080002,43.663410,8600600
2014-07-10,53.470001,53.980000,53.410000,53.759998,43.405045,10553800
2014-07-11,53.830002,54.090000,53.639999,54.070000,43.655327,10186800
2014-07-14,54.380001,54.560001,54.270000,54.380001,43.905632,9399900
2014-07-15,54.459999,54.660000,54.189999,54.410000,43.929852,6921300
2014-07-16,54.570000,54.720001,54.410000,54.639999,44.115543,5963700
2014-07-17,54.439999,54.500000,53.770000,53.790001,43.429272,14896000
2014-07-18,53.980000,54.290001,53.919998,54.240002,43.792606,6424400
2014-07-21,54.169998,54.279999,53.840000,54.209999,43.768372,9365700
2014-07-22,54.459999,54.540001,54.320000,54.410000,43.929852,5319300
2014-07-23,54.419998,54.520000,54.180000,54.189999,43.752228,7924400
2014-07-24,54.240002,54.250000,53.860001,53.930000,43.542316,10014600
2014-07-25,53.799999,54.020000,53.709999,53.790001,43.429272,7514800
2014-07-28,53.779999,53.799999,53.240002,53.520000,43.211277,13004100
2014-07-29,53.490002,53.570000,52.849998,52.849998,42.670319,13456500
2014-07-30,53.000000,53.119999,52.570000,52.900002,42.710693,14834700
2014-07-31,52.490002,52.869999,51.799999,51.830002,41.846798,17185600
2014-08-01,51.700001,52.090000,51.410000,51.779999,41.806423,15724600
2014-08-04,51.889999,52.029999,51.509998,51.959999,41.951759,9212400
2014-08-05,51.689999,52.200001,51.500000,51.650002,41.701473,13501500
2014-08-06,51.439999,51.619999,51.200001,51.389999,41.491543,31000700
2014-08-07,51.669998,51.860001,51.340000,51.439999,41.531906,14560100
2014-08-08,51.570000,52.209999,51.389999,52.169998,42.121307,11882700
2014-08-11,52.400002,52.680000,52.200001,52.380001,42.290852,7057100
2014-08-12,52.330002,52.590000,52.169998,52.259998,42.193974,11550900
2014-08-13,52.459999,52.799999,52.459999,52.770000,42.605736,7600500
2014-08-14,52.779999,53.020000,52.770000,53.000000,42.791435,7470600
2014-08-15,53.220001,53.279999,52.509998,52.889999,42.702621,11193000
2014-08-18,53.240002,53.689999,53.220001,53.689999,43.348537,7944300
2014-08-19,53.799999,53.900002,53.730000,53.820000,43.453491,6246500
2014-08-20,53.869999,54.480000,53.810001,54.389999,43.913692,26415100
2014-08-21,54.450001,54.500000,54.189999,54.340000,43.873322,9971800
2014-08-22,54.279999,54.380001,54.020000,54.150002,43.719933,5621900
2014-08-25,54.400002,54.480000,54.270000,54.360001,43.889484,3997800
2014-08-26,54.439999,54.459999,54.160000,54.180000,43.744160,2874100
2014-08-27,54.299999,54.320000,54.040001,54.150002,43.719933,3757600
2014-08-28,54.049999,54.080002,53.799999,54.070000,43.655327,4227200
2014-08-29,54.099998,54.160000,53.810001,54.020000,43.614964,5453300
2014-09-02,54.139999,54.360001,53.959999,54.200001,43.760288,7153200
2014-09-03,54.320000,54.389999,54.029999,54.130001,43.703777,5289400
2014-09-04,54.230000,54.549999,54.049999,54.150002,43.719933,6924900
2014-09-05,54.099998,54.340000,53.869999,54.330002,43.865261,9279800
2014-09-08,54.240002,54.470001,54.230000,54.279999,43.824875,5321100
2014-09-09,54.349998,54.369999,54.020000,54.110001,43.687626,5796600
2014-09-10,54.080002,54.220001,53.860001,54.150002,43.719933,5445100
2014-09-11,53.910000,54.230000,53.910000,54.169998,43.736069,5783900
2014-09-12,54.060001,54.150002,53.840000,53.990002,43.590733,9045800
2014-09-15,53.919998,54.049999,53.709999,53.970001,43.574612,7027300
2014-09-16,53.910000,54.340000,53.709999,54.270000,43.816818,7319400
2014-09-17,54.360001,54.750000,54.230000,54.480000,43.986362,9715900
2014-09-18,54.610001,54.820000,54.580002,54.740002,44.196293,8057200
2014-09-19,54.799999,54.830002,54.349998,54.430000,44.153297,9271200
2014-09-22,54.330002,54.360001,53.759998,53.820000,43.658463,10709000
2014-09-23,53.619999,53.740002,53.360001,53.380001,43.301552,8630000
2014-09-24,53.410000,53.720001,53.189999,53.660000,43.528675,8569800
2014-09-25,53.470001,53.509998,52.810001,52.820000,42.847260,10761400
2014-09-26,52.970001,53.439999,52.830002,53.310001,43.244759,5839000
2014-09-29,52.820000,53.320000,52.750000,53.230000,43.179859,7661600
2014-09-30,53.299999,53.540001,53.060001,53.150002,43.114964,12380000
2014-10-01,52.980000,52.980000,52.029999,52.150002,42.303768,20308400
2014-10-02,52.130001,52.320000,51.619999,52.090000,42.255104,13007000
2014-10-03,52.480000,52.889999,52.400002,52.799999,42.831051,14246700
2014-10-06,53.099998,53.189999,52.490002,52.639999,42.701260,12069800
2014-10-07,52.240002,52.349998,51.360001,51.360001,41.662918,19321900
2014-10-08,51.380001,52.330002,51.009998,52.279999,42.409214,23937700
2014-10-09,52.169998,52.259998,50.980000,51.070000,41.427677,23240000
2014-10-10,51.070000,51.169998,50.310001,50.320000,40.819283,20032100
2014-10-13,50.459999,50.930000,49.500000,49.540001,40.186550,24625300
2014-10-14,49.930000,50.849998,49.820000,50.230000,40.746277,22094900
2014-10-15,49.450001,50.349998,48.830002,50.110001,40.648937,28271700
2014-10-16,49.279999,50.910000,49.150002,50.480000,40.949089,43949200
2014-10-17,51.459999,51.799999,51.220001,51.480000,41.760273,24733100
2014-10-20,51.369999,51.639999,51.209999,51.630001,41.881962,17450100
2014-10-21,51.980000,52.840000,51.959999,52.779999,42.814808,12829700
2014-10-22,52.990002,52.990002,52.040001,52.090000,42.255104,16417700
2014-10-23,52.820000,53.599998,52.750000,53.240002,43.187977,23317200
2014-10-24,53.549999,53.740002,53.090000,53.709999,43.569229,8938000
2014-10-27,53.580002,53.740002,53.230000,53.689999,43.553009,9692900
2014-10-28,54.009998,54.689999,54.009998,54.639999,44.323643,10066800
2014-10-29,54.830002,54.830002,54.040001,54.450001,44.169498,12580600
2014-10-30,54.220001,54.869999,53.990002,54.669998,44.347980,10528600
2014-10-31,55.529999,55.529999,55.049999,55.209999,44.786018,10174400
2014-11-03,55.290001,55.340000,54.900002,55.139999,44.729229,11111400
2014-11-04,55.070000,55.360001,54.919998,55.110001,44.704918,6232600
2014-11-05,55.590000,55.590000,55.139999,55.450001,44.980709,8110600
2014-11-06,55.549999,56.099998,55.470001,56.029999,45.451210,5731600
2014-11-07,56.049999,56.150002,55.849998,56.110001,45.516090,8241600
2014-11-10,56.160000,56.419998,56.090000,56.389999,45.743225,6131300
2014-11-11,56.470001,56.540001,56.169998,56.320000,45.686432,9905400
2014-11-12,56.080002,56.490002,56.080002,56.400002,45.751328,7108400
2014-11-13,56.400002,56.619999,56.070000,56.240002,45.621555,6437000
2014-11-14,56.200001,56.439999,56.130001,56.310001,45.678329,5554500
2014-11-17,56.150002,56.369999,56.060001,56.230000,45.613449,4271100
2014-11-18,56.200001,56.790001,56.200001,56.650002,45.954140,8658600
2014-11-19,56.619999,56.639999,56.270000,56.480000,45.816238,5200400
2014-11-20,56.310001,56.700001,56.119999,56.630001,45.937920,7383100
2014-11-21,57.290001,57.340000,57.049999,57.180000,46.384079,7509600
2014-11-24,57.340000,57.529999,57.200001,57.330002,46.505760,6706900
2014-11-25,57.470001,57.619999,57.290001,57.500000,46.643669,8276900
2014-11-26,57.529999,57.540001,57.279999,57.389999,46.554432,5373800
2014-11-28,57.540001,57.549999,56.830002,56.910000,46.165054,5866000
2014-12-01,56.730000,56.730000,56.040001,56.180000,45.572884,16636300
2014-12-02,56.400002,56.720001,56.169998,56.660000,45.962261,6621000
2014-12-03,56.700001,57.500000,56.700001,57.419998,46.578754,11434700
2014-12-04,57.360001,57.380001,56.880001,57.130001,46.343521,6474500
2014-12-05,57.220001,57.480000,57.090000,57.259998,46.448978,7454600
2014-12-08,57.169998,57.259998,56.450001,56.630001,45.937920,8838300
2014-12-09,56.000000,56.709999,55.840000,56.639999,45.946041,10282200
2014-12-10,56.480000,56.590000,55.500000,55.560001,45.069935,12942200
2014-12-11,55.470001,56.299999,55.389999,55.830002,45.288963,11749900
2014-12-12,55.369999,55.610001,54.790001,54.820000,44.469662,13168800
2014-12-15,55.279999,55.310001,54.349998,54.639999,44.323643,16225600
2014-12-16,54.549999,55.770000,54.509998,54.689999,44.364208,15504600
2014-12-17,54.529999,55.340000,54.139999,55.200001,44.777916,21899700
2014-12-18,56.250000,56.630001,55.770000,56.590000,45.905472,14040400
2014-12-19,56.450001,56.810001,56.310001,56.590000,46.163250,12359000
2014-12-22,56.799999,57.150002,56.720001,57.130001,46.603756,6987900
2014-12-23,57.419998,57.570000,57.240002,57.340000,46.775055,5552900
2014-12-24,57.470001,57.560001,57.349998,57.400002,46.824005,1958200
2014-12-26,57.599998,57.599998,57.400002,57.400002,46.824005,5733900
2014-12-29,57.330002,57.540001,56.910000,57.490002,46.897427,3566200
2014-12-30,57.730000,57.730000,57.070000,57.150002,46.620064,3602800
2014-12-31,57.380001,57.380001,56.549999,56.580002,46.155102,5572900
2015-01-02,56.860001,56.939999,56.020000,56.509998,46.097984,10982800
2015-01-05,56.040001,56.259998,55.070000,55.189999,45.021198,15144700
2015-01-06,55.250000,55.310001,54.160000,54.509998,44.466480,19209800
2015-01-07,55.020000,55.160000,54.650002,54.919998,44.800938,11770300
2015-01-08,55.410000,56.049999,55.290001,56.020000,45.698280,11419800
2015-01-09,56.090000,56.150002,55.330002,55.419998,45.208820,10168200
2015-01-12,55.459999,55.509998,54.790001,55.040001,44.898827,11229500
2015-01-13,55.500000,55.930000,54.410000,54.930000,44.809101,17530900
2015-01-14,54.259998,54.709999,53.980000,54.630001,44.564384,19597500
2015-01-15,54.849998,55.049999,54.330002,54.369999,44.352283,15614500
2015-01-16,54.160000,54.770000,53.889999,54.730000,44.645950,16371500
2015-01-20,55.099998,55.240002,54.529999,55.119999,44.964085,11072100
2015-01-21,54.959999,55.689999,54.919998,55.570000,45.331177,8943500
2015-01-22,55.840000,56.580002,55.590000,56.459999,46.057198,10950900
2015-01-23,56.060001,56.389999,55.939999,55.990002,45.673801,10148500
2015-01-26,55.880001,56.160000,55.599998,56.060001,45.730896,6037000
2015-01-27,55.009998,55.639999,54.869999,55.320000,45.127232,12118500
2015-01-28,55.750000,55.810001,54.770000,54.840000,44.735680,14674000
2015-01-29,54.900002,55.570000,54.529999,55.470001,45.249615,14215100
2015-01-30,54.860001,55.240002,54.520000,54.570000,44.515434,14650000
2015-02-02,54.709999,55.439999,54.209999,55.380001,45.176178,19465900
2015-02-03,55.750000,56.320000,55.660000,56.279999,45.910362,18896200
2015-02-04,56.110001,56.209999,55.680000,55.849998,45.559601,10600100
2015-02-05,56.029999,56.400002,55.880001,56.330002,45.951153,9193900
2015-02-06,56.380001,56.680000,56.070000,56.200001,45.845085,6192200
2015-02-09,55.889999,56.310001,55.880001,56.049999,45.722736,7112100
2015-02-10,56.349998,56.459999,55.889999,56.360001,45.975639,9000400
2015-02-11,56.250000,56.590000,56.139999,56.380001,45.991943,7058100
2015-02-12,56.570000,56.959999,56.509998,56.910000,46.424286,6249100
2015-02-13,57.000000,57.279999,56.860001,57.169998,46.636387,5922400
2015-02-17,57.040001,57.360001,56.980000,57.250000,46.701641,4174400
2015-02-18,57.299999,57.610001,57.200001,57.570000,46.962681,5806400
2015-02-19,57.389999,57.810001,57.389999,57.669998,47.044254,5458000
2015-02-20,57.560001,58.220001,57.220001,58.160000,47.443977,8557400
2015-02-23,58.099998,58.110001,57.810001,57.910000,47.240028,6238300
2015-02-24,57.900002,58.200001,57.770000,58.139999,47.427650,4989300
2015-02-25,58.090000,58.230000,57.939999,58.020000,47.329781,4574100
2015-02-26,57.970001,58.070000,57.630001,57.759998,47.117683,6443100
2015-02-27,57.709999,57.840000,57.490002,57.490002,46.897427,7201500
2015-03-02,57.619999,58.029999,57.490002,58.020000,47.329781,8560200
2015-03-03,57.889999,57.889999,57.419998,57.650002,47.027943,7716000
2015-03-04,57.389999,57.459999,56.939999,57.200001,46.660858,6262400
2015-03-05,57.240002,57.299999,57.029999,57.240002,46.693485,4991000
2015-03-06,56.619999,57.070000,56.389999,56.459999,46.057198,8247200
2015-03-09,56.459999,57.090000,56.459999,56.990002,46.489536,6107000
2015-03-10,56.590000,56.590000,55.939999,55.939999,45.633003,10087800
2015-03-11,56.060001,56.160000,55.840000,55.880001,45.584072,9394700
2015-03-12,55.990002,56.650002,55.980000,56.599998,46.171410,8721200
2015-03-13,56.500000,56.549999,55.750000,56.080002,45.747208,11110500
2015-03-16,56.310001,57.040001,56.310001,57.009998,46.505852,11142300
2015-03-17,56.709999,56.939999,56.580002,56.779999,46.318233,8362100
2015-03-18,56.529999,57.630001,56.250000,57.450001,46.864792,20049500
2015-03-19,57.330002,57.349998,56.849998,57.060001,46.546650,10568600
2015-03-20,57.060001,57.310001,56.950001,57.119999,46.809715,10878000
2015-03-23,57.220001,57.220001,56.639999,56.639999,46.416355,7219200
2015-03-24,56.520000,56.759998,56.349998,56.450001,46.260635,12607400
2015-03-25,56.599998,56.599998,55.490002,55.490002,45.473927,9037300
2015-03-26,55.220001,55.540001,54.950001,55.340000,45.351002,10124000
2015-03-27,55.250000,55.630001,55.200001,55.549999,45.523098,4969400
2015-03-30,55.799999,56.490002,55.709999,56.330002,46.162312,5838000
2015-03-31,55.900002,56.900002,55.740002,55.770000,45.703377,6532200
2015-04-01,55.639999,55.639999,55.070000,55.400002,45.400169,8788900
2015-04-02,55.259998,55.759998,55.250000,55.430000,45.424751,6565700
2015-04-06,55.029999,56.060001,55.020000,55.849998,45.768963,8204900
2015-04-07,55.880001,56.139999,55.720001,55.720001,45.662407,5257200
2015-04-08,55.700001,55.980000,55.590000,55.910000,45.818123,6526800
2015-04-09,55.700001,56.279999,55.639999,56.180000,46.039379,8191200
2015-04-10,56.630001,57.060001,56.529999,56.970001,46.686790,9486400
2015-04-13,56.810001,56.990002,56.400002,56.430000,46.244251,6388700
2015-04-14,56.209999,56.540001,55.900002,56.500000,46.301620,5845700
2015-04-15,56.520000,56.830002,56.520000,56.599998,46.383572,7345400
2015-04-16,56.270000,56.669998,56.270000,56.480000,46.285236,7164600
2015-04-17,56.209999,56.209999,55.599998,55.799999,45.727978,11304100
2015-04-20,56.000000,56.580002,56.000000,56.450001,46.260635,6734900
2015-04-21,56.540001,56.720001,56.139999,56.380001,46.203293,8007700
2015-04-22,56.419998,56.680000,56.020000,56.619999,46.399960,13779300
2015-04-23,56.330002,56.799999,56.310001,56.560001,46.350773,7345200
2015-04-24,56.520000,56.580002,56.169998,56.320000,46.154099,5148300
2015-04-27,56.400002,56.540001,56.230000,56.299999,46.137699,8308600
2015-04-28,56.150002,56.419998,55.790001,56.400002,46.219658,8348800
2015-04-29,56.630001,56.630001,55.790001,56.119999,45.990208,9978700
2015-04-30,55.860001,56.110001,55.439999,55.630001,45.588650,12970700
2015-05-01,55.889999,56.360001,55.810001,56.330002,46.162312,11017900
2015-05-04,56.349998,56.740002,56.349998,56.419998,46.236050,6096300
2015-05-05,56.230000,56.520000,55.599998,55.660000,45.613243,10026900
2015-05-06,55.919998,55.980000,55.320000,55.630001,45.588650,8247700
2015-05-07,55.459999,56.049999,55.459999,55.919998,45.826309,10668300
2015-05-08,56.520000,56.740002,56.360001,56.580002,46.367199,7025100
2015-05-11,56.560001,56.770000,56.480000,56.529999,46.326218,5169800
2015-05-12,56.360001,56.660000,56.099998,56.470001,46.277035,7542400
2015-05-13,56.680000,56.970001,56.509998,56.590000,46.375378,7704300
2015-05-14,56.840000,57.220001,56.790001,57.160000,46.842487,8698400
2015-05-15,57.139999,57.270000,56.939999,57.110001,46.801506,6266300
2015-05-18,57.259998,57.290001,56.980000,57.220001,46.891670,6643800
2015-05-19,57.009998,57.290001,56.980000,57.060001,46.760532,6186900
2015-05-20,57.099998,57.130001,56.759998,56.849998,46.588444,7064400
2015-05-21,56.779999,57.279999,56.779999,57.160000,46.842487,6276700
2015-05-22,57.130001,57.189999,56.880001,56.900002,46.629414,5835300
2015-05-26,56.810001,56.810001,56.139999,56.279999,46.121326,7889900
2015-05-27,56.470001,56.709999,56.290001,56.639999,46.416355,5498900
2015-05-28,56.500000,56.540001,56.160000,56.369999,46.195080,5775300
2015-05-29,56.320000,56.340000,55.700001,55.810001,45.736164,11799000
2015-06-01,55.990002,56.250000,55.669998,56.060001,45.941032,8712900
2015-06-02,55.869999,56.410000,55.730000,56.169998,46.031181,6126800
2015-06-03,56.310001,56.639999,56.130001,56.450001,46.260635,7917000
2015-06-04,56.160000,56.330002,55.730000,55.820000,45.744362,10183400
2015-06-05,55.709999,55.930000,55.500000,55.860001,45.777149,9071800
2015-06-08,55.770000,55.860001,55.439999,55.450001,45.441147,6920500
2015-06-09,55.389999,55.680000,55.299999,55.439999,45.432949,5631700
2015-06-10,55.639999,56.139999,55.580002,55.990002,45.883678,7293500
2015-06-11,56.139999,56.340000,56.049999,56.310001,46.145908,5256700
2015-06-12,56.009998,56.169998,55.830002,55.980000,45.875481,7799300
2015-06-15,55.560001,55.730000,55.250000,55.509998,45.490314,8872400
2015-06-16,55.439999,55.650002,55.330002,55.560001,45.531284,7514400
2015-06-17,55.590000,55.830002,55.259998,55.709999,45.654217,10321000
2015-06-18,55.580002,56.470001,55.580002,56.270000,46.113140,9470300
2015-06-19,55.880001,56.090000,55.720001,55.720001,45.889126,8899800
2015-06-22,56.029999,56.200001,55.939999,56.060001,46.169140,4913300
2015-06-23,56.139999,56.169998,55.840000,55.919998,46.053841,3837400
2015-06-24,55.799999,55.889999,55.389999,55.400002,45.625595,5976600
2015-06-25,55.349998,55.570000,54.970001,54.970001,45.271446,8323300
2015-06-26,55.130001,55.240002,54.950001,55.070000,45.353802,6424800
2015-06-29,54.630001,54.840000,54.000000,54.029999,44.497299,13132800
2015-06-30,54.570000,54.570000,53.970001,54.060001,44.521999,12494900
2015-07-01,54.599998,54.700001,54.060001,54.330002,44.744373,10981600
2015-07-02,54.480000,54.520000,54.130001,54.230000,44.662018,10477800
2015-07-06,53.860001,54.380001,53.770000,54.020000,44.489059,10782500
2015-07-07,53.939999,54.490002,53.450001,54.459999,44.851433,16636000
2015-07-08,53.919998,54.080002,53.349998,53.480000,44.044331,12608900
2015-07-09,54.009998,54.259998,53.610001,53.610001,44.151405,8918200
2015-07-10,54.139999,54.369999,53.959999,54.169998,44.612591,8348000
2015-07-13,54.529999,54.799999,54.529999,54.770000,45.106743,6754600
2015-07-14,54.709999,55.009998,54.610001,54.919998,45.230259,9130400
2015-07-15,54.930000,54.939999,54.580002,54.689999,45.040852,7249200
2015-07-16,55.000000,55.110001,54.840000,54.939999,45.246746,8273000
2015-07-17,55.029999,55.150002,54.779999,54.919998,45.230259,5506000
2015-07-20,54.919998,55.049999,54.840000,54.930000,45.238510,5163100
2015-07-21,54.520000,54.709999,54.279999,54.340000,44.752602,7287400
2015-07-22,54.250000,54.520000,53.959999,54.099998,44.554932,7549200
2015-07-23,53.910000,54.200001,53.470001,53.599998,44.143158,11548000
2015-07-24,53.580002,53.619999,52.810001,52.900002,43.566662,10889100
2015-07-27,52.540001,52.799999,52.459999,52.639999,43.352539,11680700
2015-07-28,52.840000,53.740002,52.840000,53.660000,44.192574,15470300
2015-07-29,53.560001,54.360001,53.529999,54.320000,44.736134,13128800
2015-07-30,54.029999,54.320000,53.970001,54.270000,44.694950,5884500
2015-07-31,54.490002,54.500000,54.160000,54.220001,44.653759,7504200
2015-08-03,54.119999,54.230000,53.689999,53.959999,44.439655,14268400
2015-08-04,53.930000,54.259998,53.799999,53.930000,44.414940,8623700
2015-08-05,54.209999,54.580002,54.150002,54.230000,44.662018,8099700
2015-08-06,54.240002,54.320000,53.840000,53.950001,44.431408,5672500
2015-08-07,53.840000,53.950001,53.529999,53.689999,44.217274,8335200
2015-08-10,54.139999,54.770000,54.090000,54.740002,45.082043,9164600
2015-08-11,54.080002,54.320000,53.860001,54.070000,44.530239,10203200
2015-08-12,53.610001,54.180000,53.240002,54.080002,44.538486,8130500
2015-08-13,54.110001,54.220001,53.820000,54.040001,44.505543,4747200
2015-08-14,53.980000,54.410000,53.959999,54.380001,44.785538,6666200
2015-08-17,54.119999,54.650002,53.869999,54.650002,45.007900,5611000
2015-08-18,54.349998,54.639999,54.349998,54.549999,44.925556,3845000
2015-08-19,54.380001,54.520000,53.849998,54.040001,44.505543,9147300
2015-08-20,53.580002,53.709999,52.910000,52.919998,43.583138,18301100
2015-08-21,52.330002,52.570000,51.459999,51.459999,42.380722,27372900
2015-08-24,47.910000,51.060001,47.599998,49.630001,40.873608,66306700
2015-08-25,50.619999,51.490002,48.950001,48.980000,40.338291,25681300
2015-08-26,49.950001,50.570000,49.150002,50.509998,41.598339,26147400
2015-08-27,50.980000,51.770000,50.470001,51.730000,42.603092,21356600
2015-08-28,51.540001,51.820000,51.259998,51.750000,42.619568,7899900
2015-08-31,51.389999,51.730000,51.110001,51.290001,42.240726,13446800
2015-09-01,50.209999,50.779999,49.680000,49.930000,41.120667,14607000
2015-09-02,50.689999,51.049999,50.209999,51.040001,42.034832,18173200
2015-09-03,51.160000,51.580002,50.930000,51.070000,42.059532,10907300
2015-09-04,50.660000,50.660000,50.180000,50.360001,41.474808,10212500
2015-09-08,51.119999,51.779999,51.020000,51.750000,42.619568,8437800
2015-09-09,52.189999,53.049999,51.119999,51.200001,42.166603,8866200
2015-09-10,51.049999,51.590000,50.990002,51.230000,42.191315,9707000
2015-09-11,51.180000,51.509998,50.990002,51.509998,42.421909,6120100
2015-09-14,51.610001,51.610001,51.139999,51.250000,42.207771,8436900
2015-09-15,51.459999,52.240002,51.349998,52.139999,42.940758,7747100
2015-09-16,52.169998,52.619999,52.060001,52.520000,43.253723,19320900
2015-09-17,52.450001,53.119999,52.160000,52.290001,43.064293,18977400
2015-09-18,51.209999,51.470001,50.770000,50.860001,42.112911,20172500
2015-09-21,51.139999,51.450001,50.869999,51.110001,42.319904,10205200
2015-09-22,50.389999,50.549999,50.040001,50.369999,41.707165,12687100
2015-09-23,50.380001,50.490002,49.840000,50.020000,41.417370,7970900
2015-09-24,49.430000,49.830002,49.040001,49.709999,41.160679,13891600
2015-09-25,50.220001,50.220001,49.599998,49.810001,41.243481,10210300
2015-09-28,49.529999,49.590000,48.830002,48.830002,40.432022,14443700
2015-09-29,49.090000,49.330002,48.810001,49.150002,40.696991,15337800
2015-09-30,49.549999,49.950001,49.270000,49.889999,41.309731,17662400
2015-10-01,49.820000,50.130001,49.310001,49.779999,41.218636,10529700
2015-10-02,49.119999,50.410000,48.990002,50.410000,41.740295,12274600
2015-10-05,51.150002,51.959999,50.709999,51.840000,42.924362,10410500
2015-10-06,51.750000,52.110001,51.720001,51.790001,42.882946,11798600
2015-10-07,52.060001,52.709999,51.959999,52.470001,43.446007,15540400
2015-10-08,52.200001,53.360001,52.180000,53.200001,44.050453,21823100
2015-10-09,53.759998,53.759998,53.209999,53.380001,44.199501,33291000
2015-10-12,53.340000,53.439999,53.119999,53.389999,44.207771,9030800
2015-10-13,53.000000,53.310001,52.799999,52.820000,43.735821,10302500
2015-10-14,52.650002,52.919998,52.169998,52.250000,43.263847,11827900
2015-10-15,52.630001,52.849998,52.200001,52.820000,43.735821,13924800
2015-10-16,53.000000,53.000000,52.320000,52.549999,43.512249,13954700
2015-10-19,52.349998,52.680000,52.270000,52.619999,43.570210,8112300
2015-10-20,52.439999,53.139999,52.340000,52.970001,43.860012,11314700
2015-10-21,53.029999,53.580002,52.910000,52.980000,43.868305,16097800
2015-10-22,53.189999,54.669998,53.110001,54.459999,45.093761,20908800
2015-10-23,54.779999,54.860001,54.310001,54.660000,45.259357,13400900
2015-10-26,54.540001,54.820000,54.419998,54.540001,45.159996,11294900
2015-10-27,54.090000,54.200001,53.830002,53.939999,44.663189,14483600
2015-10-28,54.139999,54.400002,53.709999,54.369999,45.019238,13933200
2015-10-29,54.049999,54.419998,54.029999,54.340000,44.994404,13466100
2015-10-30,54.360001,54.560001,54.250000,54.270000,44.936428,14763600
2015-11-02,54.279999,55.009998,54.279999,54.900002,45.458092,15329000
2015-11-03,54.849998,55.090000,54.730000,54.939999,45.491211,7486400
2015-11-04,54.910000,55.099998,54.680000,54.790001,45.366993,9670900
2015-11-05,54.770000,55.000000,54.470001,54.860001,45.424973,11531100
2015-11-06,54.540001,54.869999,54.290001,54.860001,45.424973,15269300
2015-11-09,54.590000,54.689999,53.919998,54.439999,45.077183,13570600
2015-11-10,54.220001,54.610001,53.980000,54.430000,45.068924,18957300
2015-11-11,54.560001,54.790001,54.389999,54.500000,45.126873,12916000
2015-11-12,54.119999,54.480000,53.750000,53.759998,44.514145,19057100
2015-11-13,53.549999,53.959999,53.430000,53.520000,44.315418,13959100
2015-11-16,53.240002,54.250000,53.240002,54.209999,44.886753,13303900
2015-11-17,54.279999,54.480000,53.939999,54.099998,44.795654,15564400
2015-11-18,54.150002,54.869999,54.150002,54.849998,45.416687,10434800
2015-11-19,54.720001,55.139999,54.720001,55.090000,45.615406,12257400
2015-11-20,55.310001,55.560001,55.160000,55.369999,45.847256,9014100
2015-11-23,55.419998,55.490002,54.950001,55.090000,45.615406,9956000
2015-11-24,54.730000,55.130001,54.540001,55.000000,45.540886,15131400
2015-11-25,55.150002,55.160000,54.900002,55.000000,45.540886,6406800
2015-11-27,54.959999,55.169998,54.860001,55.099998,45.623688,4454500
2015-11-30,55.099998,55.139999,54.709999,54.740002,45.325607,11017800
2015-12-01,54.759998,55.180000,54.689999,55.000000,45.540886,11475900
2015-12-02,54.910000,55.060001,54.330002,54.439999,45.077183,13131600
2015-12-03,54.580002,54.610001,53.560001,53.759998,44.514145,16001400
2015-12-04,53.840000,54.570000,53.720001,54.560001,45.176563,13891900
2015-12-07,54.389999,54.570000,54.099998,54.290001,44.952984,9665500
2015-12-08,53.580002,53.840000,53.320000,53.419998,44.232628,15508600
2015-12-09,53.220001,53.900002,52.910000,53.259998,44.100140,16784000
2015-12-10,53.209999,53.860001,53.209999,53.509998,44.307133,13231600
2015-12-11,53.070000,53.209999,52.529999,52.610001,43.561932,24625500
2015-12-14,52.630001,52.880001,52.130001,52.799999,43.719246,27426200
2015-12-15,52.900002,53.150002,52.680000,52.810001,43.727528,17052100
2015-12-16,53.110001,53.869999,52.959999,53.750000,44.505871,19045700
2015-12-17,53.939999,54.009998,52.860001,52.860001,43.768932,15902700
2015-12-18,52.430000,52.430000,51.700001,51.740002,43.101662,19378200
2015-12-21,52.200001,52.360001,51.830002,52.139999,43.434879,9394700
2015-12-22,52.349998,52.980000,52.230000,52.860001,44.034672,11833500
2015-12-23,53.099998,53.520000,52.959999,53.480000,44.551159,9604800
2015-12-24,53.290001,53.599998,53.290001,53.459999,44.534500,2040500
2015-12-28,53.250000,53.450001,52.990002,53.340000,44.434540,4687600
2015-12-29,53.590000,53.950001,53.529999,53.849998,44.859383,5054700
2015-12-30,53.750000,53.849998,53.330002,53.400002,44.484512,10957700
2015-12-31,53.150002,53.450001,52.919998,53.009998,44.159618,6785400
2016-01-04,52.110001,52.320000,51.709999,52.299999,43.568169,16404600
2016-01-05,52.430000,52.529999,51.970001,52.439999,43.684799,8726300
2016-01-06,51.720001,52.060001,51.310001,51.630001,43.010044,9980000
2016-01-07,50.799999,51.099998,50.090000,50.230000,41.843758,17225600
2016-01-08,50.709999,50.709999,49.650002,49.720001,41.418919,17198600
2016-01-11,50.049999,50.090000,49.279999,49.750000,41.443905,18962400
2016-01-12,50.090000,50.240002,49.509998,50.150002,41.777130,19297300
2016-01-13,50.380001,50.480000,48.799999,48.939999,40.769131,18966900
2016-01-14,49.099998,49.869999,48.599998,49.520000,41.252300,19261200
2016-01-15,48.139999,48.840000,48.020000,48.650002,40.527554,20434600
2016-01-19,49.180000,49.270000,48.189999,48.639999,40.519238,14845000
2016-01-20,47.950001,48.430000,46.820000,48.009998,39.994419,26092600
2016-01-21,48.009998,48.680000,47.660000,48.220001,40.169346,18593800
2016-01-22,48.840000,48.990002,48.220001,48.639999,40.519238,12781600
2016-01-25,48.560001,48.650002,47.959999,48.040001,40.019402,14534000
2016-01-26,48.150002,48.970001,48.139999,48.950001,40.777466,12038300
2016-01-27,48.689999,49.279999,48.139999,48.400002,40.319294,16437200
2016-01-28,48.639999,48.810001,48.180000,48.680000,40.552544,12553000
2016-01-29,49.000000,50.009998,48.880001,49.990002,41.643837,14570300
2016-02-01,49.590000,50.119999,49.270000,49.869999,41.543877,15940600
2016-02-02,49.380001,49.419998,48.709999,48.869999,40.710838,15284800
2016-02-03,49.259998,49.740002,48.349998,49.660000,41.368935,25732900
2016-02-04,49.590000,50.910000,49.549999,50.520000,42.085358,18452300
2016-02-05,50.250000,50.540001,49.799999,50.040001,41.685490,15512300
2016-02-08,49.490002,49.759998,48.970001,49.619999,41.335621,20001200
2016-02-09,49.040001,50.259998,49.040001,49.919998,41.585518,15370000
2016-02-10,50.040001,50.509998,49.639999,49.660000,41.368935,15079400
2016-02-11,48.820000,49.360001,48.110001,48.689999,40.560879,19179900
2016-02-12,48.980000,49.680000,48.880001,49.669998,41.377251,19249100
2016-02-16,50.299999,50.730000,49.869999,50.669998,42.210300,15037900
2016-02-17,51.000000,51.639999,50.849998,51.450001,42.860081,15619900
2016-02-18,51.480000,51.610001,51.230000,51.419998,42.835079,9587800
2016-02-19,50.980000,51.380001,50.889999,51.320000,42.751774,12613600
2016-02-22,51.799999,52.439999,51.799999,52.189999,43.476524,12143800
2016-02-23,51.970001,52.160000,51.560001,51.669998,43.043346,9727900
2016-02-24,51.060001,51.830002,50.740002,51.700001,43.068329,17347300
2016-02-25,51.849998,52.400002,51.689999,52.380001,43.634811,9312700
2016-02-26,52.509998,52.849998,52.439999,52.450001,43.693130,8312300
2016-02-29,52.450001,52.720001,52.099998,52.119999,43.418217,13823000
2016-03-01,52.330002,53.220001,52.330002,53.139999,44.267925,13424800
2016-03-02,53.000000,53.240002,52.910000,53.180000,44.301243,8877600
2016-03-03,53.150002,53.610001,53.060001,53.560001,44.617805,9809000
2016-03-04,53.529999,54.099998,53.410000,53.779999,44.801064,10006900
2016-03-07,53.500000,53.959999,53.419998,53.939999,44.934361,11754000
2016-03-08,53.500000,53.540001,53.099998,53.180000,44.301243,12241100
2016-03-09,53.320000,53.500000,53.169998,53.349998,44.442863,11060100
2016-03-10,53.470001,53.709999,52.820000,53.270000,44.376213,12693300
2016-03-11,53.759998,54.169998,53.720001,54.040001,45.017662,11059900
2016-03-14,53.840000,54.230000,53.840000,54.090000,45.059319,6946700
2016-03-15,53.700001,54.060001,53.529999,54.060001,45.034336,6948700
2016-03-16,53.939999,54.570000,53.810001,54.250000,45.192600,11447900
2016-03-17,54.590000,55.619999,54.259998,55.439999,46.183922,17009400
2016-03-18,55.299999,55.750000,55.240002,55.630001,46.579971,17059800
2016-03-21,55.560001,55.959999,55.490002,55.959999,46.856297,7150400
2016-03-22,55.410000,55.810001,55.400002,55.639999,46.588348,7570500
2016-03-23,55.520000,55.590000,55.230000,55.279999,46.286922,10833200
2016-03-24,54.959999,55.119999,54.740002,55.119999,46.152950,10403600
2016-03-28,55.130001,55.279999,54.889999,55.139999,46.169689,6591700
2016-03-29,55.029999,55.509998,54.720001,55.500000,46.471134,9271800
2016-03-30,55.990002,56.029999,55.599998,55.599998,46.554852,8197600
2016-03-31,55.709999,55.790001,55.400002,55.470001,46.446011,12949100
2016-04-01,55.150002,55.730000,54.750000,55.730000,46.663708,16184500
2016-04-04,55.540001,55.610001,55.000000,55.099998,46.136196,12014900
2016-04-05,54.730000,55.009998,54.560001,54.759998,45.851517,11244900
2016-04-06,54.740002,55.029999,54.250000,55.029999,46.077595,10962400
2016-04-07,54.570000,54.860001,54.330002,54.500000,45.633804,13364500
2016-04-08,54.840000,55.320000,54.669998,54.709999,45.809643,9188900
2016-04-11,54.980000,55.340000,54.709999,54.730000,45.826389,7710100
2016-04-12,54.750000,55.330002,54.660000,55.049999,46.094337,10724300
2016-04-13,55.560001,56.020000,55.490002,55.869999,46.780922,13215500
2016-04-14,56.139999,56.200001,55.889999,55.970001,46.864658,13195200
2016-04-15,56.070000,56.099998,55.900002,56.049999,46.931656,10781600
2016-04-18,55.799999,56.290001,55.709999,56.099998,46.973507,8619000
2016-04-19,56.400002,56.720001,56.279999,56.500000,47.308437,9318800
2016-04-20,56.520000,56.709999,56.259998,56.410000,47.233082,13632600
2016-04-21,56.490002,56.599998,56.209999,56.270000,47.115868,11941800
2016-04-22,56.310001,56.500000,56.139999,56.410000,47.233082,14749400
2016-04-25,56.360001,56.380001,55.869999,56.139999,47.007000,10224100
2016-04-26,56.270000,56.639999,56.240002,56.639999,47.425663,10139900
2016-04-27,56.709999,57.180000,56.480000,57.040001,47.760609,9258100
2016-04-28,56.650002,57.139999,56.360001,56.490002,47.300072,19554900
2016-04-29,56.169998,56.400002,55.820000,56.160000,47.023754,16369900
2016-05-02,56.270000,56.490002,56.020000,56.450001,47.266582,10145100
2016-05-03,56.080002,56.080002,55.599998,55.990002,46.881409,11171400
2016-05-04,55.689999,55.730000,55.060001,55.299999,46.303654,22102700
2016-05-05,55.450001,55.590000,55.150002,55.270000,46.278534,12841100
2016-05-06,55.040001,55.680000,54.939999,55.639999,46.588348,9934400
2016-05-09,55.520000,55.630001,55.270000,55.389999,46.379021,7765100
2016-05-10,55.549999,56.349998,55.549999,56.340000,47.174473,14983100
2016-05-11,56.299999,56.480000,55.869999,55.869999,46.780922,12802000
2016-05-12,55.880001,56.130001,55.410000,55.750000,46.680462,13992400
2016-05-13,55.660000,55.880001,54.900002,55.049999,46.094337,13018000
2016-05-16,55.049999,55.900002,55.049999,55.730000,46.663708,9210800
2016-05-17,55.549999,56.040001,55.270000,55.459999,46.437630,11830000
2016-05-18,55.310001,55.759998,54.959999,55.270000,46.278534,13605200
2016-05-19,54.830002,55.029999,54.389999,54.750000,45.843132,15143100
2016-05-20,54.970001,55.320000,54.959999,55.029999,46.077595,9397900
2016-05-23,54.959999,55.150002,54.740002,54.930000,45.993843,7617200
2016-05-24,55.160000,55.660000,55.139999,55.500000,46.471134,7274500
2016-05-25,55.599998,56.029999,55.599998,55.880001,46.789303,11092500
2016-05-26,55.910000,56.110001,55.720001,55.720001,46.655334,6108400
2016-05-27,55.840000,55.950001,55.779999,55.930000,46.831177,6250000
2016-05-31,56.000000,56.160000,55.709999,55.919998,46.822796,11290300
2016-06-01,55.630001,56.000000,55.410000,55.970001,46.864658,11013000
2016-06-02,55.849998,56.070000,55.720001,56.040001,46.923275,6113500
2016-06-03,55.919998,56.130001,55.549999,55.990002,46.881409,11948800
2016-06-06,56.119999,56.570000,56.080002,56.520000,47.325195,8888100
2016-06-07,56.630001,56.959999,56.529999,56.790001,47.551277,8372700
2016-06-08,56.970001,57.220001,56.860001,57.150002,47.852695,9201800
2016-06-09,56.840000,57.169998,56.779999,57.139999,47.844318,9984700
2016-06-10,56.680000,56.810001,56.320000,56.470001,47.283321,13734300
2016-06-13,56.450001,56.520000,55.860001,55.860001,46.772549,18783300
2016-06-14,55.790001,56.040001,55.540001,55.869999,46.780922,12839000
2016-06-15,56.029999,56.330002,55.840000,55.889999,46.797672,10429600
2016-06-16,55.630001,56.130001,55.209999,55.990002,46.881409,15040400
2016-06-17,55.570000,55.919998,55.459999,55.730000,46.920982,15947800
2016-06-20,56.150002,56.759998,56.150002,56.240002,47.350368,11778700
2016-06-21,56.279999,56.389999,56.099998,56.200001,47.316689,8451400
2016-06-22,56.180000,56.410000,56.000000,56.040001,47.181980,10509100
2016-06-23,56.599998,56.730000,56.380001,56.689999,47.729237,8840600
2016-06-24,54.720001,55.480000,54.230000,54.380001,45.784374,34954000
2016-06-27,53.840000,54.119999,52.779999,53.099998,44.706699,39536900
2016-06-28,53.770000,54.000000,53.389999,54.000000,45.464432,18523900
2016-06-29,54.570000,55.040001,54.419998,54.959999,46.272694,14316300
2016-06-30,54.869999,56.029999,54.860001,56.009998,47.156727,19397800
2016-07-01,56.029999,56.459999,55.990002,56.189999,47.308270,23322700
2016-07-05,55.880001,56.270000,55.419998,55.680000,46.878899,14808600
2016-07-06,55.520000,56.000000,55.090000,55.959999,47.114643,12776400
2016-07-07,56.049999,56.380001,55.869999,56.110001,47.240925,8697900
2016-07-08,56.599998,57.330002,56.139999,57.230000,48.183887,16226400
2016-07-11,57.349998,57.720001,57.270000,57.590000,48.486992,15259700
2016-07-12,57.889999,58.209999,57.779999,58.119999,48.933205,13635100
2016-07-13,58.270000,58.310001,57.900002,58.259998,49.051064,13119800
2016-07-14,58.639999,58.869999,58.459999,58.700001,49.421547,11795400
2016-07-15,58.889999,58.919998,58.549999,58.689999,49.413097,6238000
2016-07-18,58.610001,58.750000,58.450001,58.639999,49.371002,5983600
2016-07-19,58.450001,58.750000,58.349998,58.669998,49.396267,7393900
2016-07-20,58.650002,58.990002,58.599998,58.779999,49.488873,5491600
2016-07-21,58.549999,58.689999,58.070000,58.180000,48.983719,7583300
2016-07-22,57.919998,58.299999,57.700001,58.290001,49.076324,8747800
2016-07-25,58.150002,58.160000,57.799999,57.980000,48.815346,11063200
2016-07-26,58.060001,58.549999,57.980000,58.459999,49.219460,9376000
2016-07-27,58.459999,58.639999,58.009998,58.230000,49.025818,10760700
2016-07-28,58.000000,58.340000,57.820000,58.209999,49.008976,6505600
2016-07-29,58.029999,58.240002,57.830002,58.040001,48.865849,10712400
2016-08-01,57.930000,58.180000,57.750000,57.970001,48.806915,7949600
2016-08-02,57.840000,57.959999,57.270000,57.430000,48.352261,13473800
2016-08-03,57.430000,57.730000,57.400002,57.709999,48.587997,6087900
2016-08-04,57.750000,57.959999,57.639999,57.730000,48.604847,8028700
2016-08-05,58.060001,58.369999,57.980000,58.310001,49.093174,7380100
2016-08-08,58.419998,58.630001,58.270000,58.389999,49.160519,6052600
2016-08-09,58.349998,58.540001,58.270000,58.369999,49.143688,4579800
2016-08-10,58.389999,58.529999,58.180000,58.340000,49.118427,5293300
2016-08-11,58.500000,58.820000,58.480000,58.720001,49.438366,8172100
2016-08-12,58.619999,58.680000,58.459999,58.560001,49.303654,4357400
2016-08-15,58.730000,59.020000,58.689999,58.950001,49.632015,8643500
2016-08-16,58.869999,58.900002,58.639999,58.689999,49.413097,4725200
2016-08-17,58.570000,58.919998,58.549999,58.860001,49.556236,8260500
2016-08-18,58.770000,59.040001,58.730000,59.040001,49.707775,9830200
2016-08-19,58.700001,59.099998,58.669998,59.020000,49.690945,8334300
2016-08-22,58.959999,59.099998,58.770000,58.970001,49.648853,6624700
2016-08-23,59.150002,59.340000,59.020000,59.020000,49.690945,8326900
2016-08-24,58.939999,59.009998,58.740002,58.840000,49.539398,8569700
2016-08-25,58.830002,58.980000,58.650002,58.830002,49.530968,8623200
2016-08-26,58.939999,59.250000,58.480000,58.660000,49.387852,15676900
2016-08-29,58.669998,59.090000,58.669998,59.080002,49.741459,7628200
2016-08-30,59.040001,59.080002,58.770000,58.919998,49.606743,5953800
2016-08-31,58.770000,58.820000,58.369999,58.590000,49.328918,9592200
2016-09-01,58.689999,58.810001,58.189999,58.639999,49.371002,9397600
2016-09-02,58.910000,59.130001,58.740002,58.930000,49.615170,11405400
2016-09-06,58.840000,58.990002,58.480000,58.759998,49.472042,11028400
2016-09-07,58.560001,58.910000,58.560001,58.830002,49.530968,6686800
2016-09-08,58.730000,58.810001,58.599998,58.779999,49.488873,8202800
2016-09-09,58.250000,58.369999,57.119999,57.119999,48.091263,19609100
2016-09-12,56.810001,58.029999,56.709999,57.849998,48.705879,18644900
2016-09-13,57.410000,57.610001,56.880001,57.000000,47.990234,21760600
2016-09-14,56.990002,57.369999,56.779999,56.950001,47.948143,13591700
2016-09-15,56.840000,57.509998,56.750000,57.400002,48.327015,14893500
2016-09-16,56.830002,57.049999,56.500000,56.610001,47.922371,15706400
2016-09-19,56.869999,57.240002,56.740002,56.860001,48.134003,8810900
2016-09-20,57.160000,57.330002,56.900002,56.910000,48.176338,8007500
2016-09-21,57.139999,57.730000,56.980000,57.650002,48.802769,14979800
2016-09-22,58.029999,58.259998,57.950001,58.060001,49.149845,9377200
2016-09-23,57.990002,57.990002,57.669998,57.720001,48.862022,11269400
2016-09-26,57.500000,57.689999,57.340000,57.470001,48.650398,9560400
2016-09-27,57.380001,57.950001,57.290001,57.869999,48.988987,6882700
2016-09-28,57.919998,58.349998,57.810001,58.320000,49.369942,7366600
2016-09-29,58.189999,58.520000,57.750000,57.860001,48.980534,11584200
2016-09-30,58.119999,58.599998,58.060001,58.380001,49.420746,11206800
2016-10-03,58.200001,58.500000,58.080002,58.430000,49.463058,12590000
2016-10-04,58.590000,58.619999,57.840000,57.939999,49.048248,11208500
2016-10-05,58.099998,58.430000,57.970001,58.310001,49.361473,8430900
2016-10-06,58.259998,58.380001,58.029999,58.310001,49.361473,7474300
2016-10-07,57.919998,57.939999,57.310001,57.560001,48.726578,12646100
2016-10-10,57.840000,58.000000,57.549999,57.619999,48.777370,8706400
2016-10-11,57.500000,57.549999,56.770000,57.020000,48.269444,13409100
2016-10-12,57.080002,57.290001,56.860001,57.130001,48.362572,8374300
2016-10-13,56.639999,57.250000,56.509998,57.110001,48.345631,12266000
2016-10-14,57.490002,57.660000,57.209999,57.230000,48.447224,7633400
2016-10-17,57.230000,57.380001,57.049999,57.080002,48.320248,5911200
2016-10-18,57.450001,57.599998,57.139999,57.200001,48.421822,6044200
2016-10-19,57.349998,57.549999,57.169998,57.380001,48.574196,7374100
2016-10-20,57.150002,57.320000,56.959999,57.070000,48.311771,8215300
2016-10-21,56.610001,57.029999,56.400002,56.990002,48.244045,9850700
2016-10-24,57.279999,57.520000,57.090000,57.099998,48.337170,9737600
2016-10-25,56.869999,57.130001,56.810001,56.950001,48.210182,8777500
2016-10-26,56.730000,57.450001,56.599998,57.150002,48.379494,10043800
2016-10-27,57.299999,57.369999,56.610001,56.759998,48.049347,8155400
2016-10-28,56.849998,57.470001,56.810001,57.099998,48.337170,11514100
2016-10-31,57.320000,57.430000,57.169998,57.209999,48.430290,9590900
2016-11-01,57.259998,57.330002,56.380001,56.720001,48.015484,19622500
2016-11-02,56.680000,56.930000,56.369999,56.509998,47.837708,14355900
2016-11-03,56.750000,56.770000,56.270000,56.419998,47.761528,13887400
2016-11-04,56.410000,56.950001,56.299999,56.470001,47.803852,8438100
2016-11-07,57.349998,57.880001,57.310001,57.860001,48.980534,13794100
2016-11-08,57.889999,58.389999,57.759998,58.209999,49.276821,12073900
2016-11-09,58.099998,59.959999,58.080002,59.669998,50.512753,36607500
2016-11-10,60.299999,61.040001,60.130001,60.939999,51.587860,41589600
2016-11-11,60.779999,61.080002,60.529999,61.049999,51.680996,24055100
2016-11-14,61.500000,61.540001,61.200001,61.310001,51.901085,17077000
2016-11-15,61.450001,61.540001,60.970001,61.540001,52.095776,12828400
2016-11-16,61.400002,61.480000,60.980000,61.189999,51.799496,14472900
2016-11-17,61.139999,61.349998,61.139999,61.320000,51.909550,10382800
2016-11-18,61.380001,61.380001,61.110001,61.299999,51.892605,9246400
2016-11-21,61.490002,61.660000,61.369999,61.630001,52.171989,11767700
2016-11-22,61.799999,61.959999,61.709999,61.910000,52.409000,8901300
2016-11-23,62.049999,62.439999,61.990002,62.369999,52.798409,15506800
2016-11-25,62.549999,62.709999,62.450001,62.709999,53.086250,4172500
2016-11-28,62.590000,62.610001,62.209999,62.279999,52.722218,15898500
2016-11-29,62.240002,62.529999,62.060001,62.330002,52.764553,12692400
2016-11-30,62.680000,62.849998,62.389999,62.410000,52.832268,14903800
2016-12-01,62.529999,63.009998,62.410000,62.820000,53.179348,24438500
2016-12-02,62.919998,63.029999,62.669998,62.810001,53.170876,11902500
2016-12-05,63.080002,63.189999,62.630001,62.759998,53.128548,9448800
2016-12-06,62.720001,62.950001,62.509998,62.880001,53.230137,10543600
2016-12-07,62.900002,64.070000,62.860001,64.050003,54.220585,10416800
2016-12-08,64.050003,64.050003,63.560001,63.689999,53.915844,10688200
2016-12-09,63.689999,64.040001,63.660000,63.980000,54.161343,7939600
2016-12-12,63.750000,63.869999,63.320000,63.750000,53.966640,9519600
2016-12-13,63.930000,64.010002,63.450001,63.660000,53.890427,8280900
2016-12-14,63.500000,63.810001,62.950001,63.020000,53.348652,19782900
2016-12-15,62.950001,63.540001,62.919998,63.090000,53.407921,12262100
2016-12-16,62.580002,63.029999,62.470001,62.580002,53.300594,9523700
2016-12-19,62.730000,62.970001,62.610001,62.930000,53.598713,5982900
2016-12-20,63.040001,63.320000,63.040001,63.290001,53.905323,5011400
2016-12-21,63.250000,63.279999,63.029999,63.049999,53.700897,4649000
2016-12-22,63.009998,63.080002,62.779999,62.930000,53.598713,4642700
2016-12-23,62.919998,63.060001,62.869999,62.990002,53.649807,5100800
2016-12-27,63.099998,63.230000,62.990002,63.119999,53.760517,3499400
2016-12-28,63.200001,63.240002,62.450001,62.459999,53.198391,8982400
2016-12-29,62.500000,62.750000,62.330002,62.439999,53.181351,7757200
2016-12-30,62.599998,62.750000,62.020000,62.220001,52.993977,6932300
2017-01-03,62.680000,63.060001,62.349998,62.590000,53.309113,21592200
2017-01-04,62.759998,63.080002,62.680000,62.959999,53.624252,8889300
2017-01-05,62.910000,63.270000,62.439999,62.779999,53.470940,9850900
2017-01-06,62.790001,63.310001,62.580002,63.139999,53.777561,12124500
2017-01-09,63.070000,63.070000,62.619999,62.650002,53.360226,5970500
2017-01-10,62.759998,63.150002,62.630001,62.910000,53.581673,8237800
2017-01-11,62.950001,63.299999,62.880001,63.240002,53.862736,11113700
2017-01-12,63.180000,63.240002,62.369999,62.980000,53.641281,11844600
2017-01-13,63.020000,63.279999,63.000000,63.220001,53.845703,7130200
2017-01-17,62.880001,62.990002,62.549999,62.730000,53.428356,10689400
2017-01-18,62.639999,63.090000,62.509998,62.970001,53.632767,8098600
2017-01-19,63.639999,63.750000,63.060001,63.430000,54.024567,8833200
2017-01-20,63.410000,63.509998,63.080002,63.439999,54.033081,11620300
2017-01-23,63.369999,63.500000,62.740002,63.090000,53.734978,14303700
2017-01-24,63.099998,63.869999,63.020000,63.720001,54.271553,9199500
2017-01-25,64.150002,64.470001,64.029999,64.389999,54.842220,12955600
2017-01-26,64.459999,64.849998,64.269997,64.540001,54.969963,10141800
2017-01-27,64.620003,64.769997,64.379997,64.489998,54.927376,8697700
2017-01-30,64.169998,64.239998,63.439999,63.939999,54.458939,13354500
2017-01-31,63.720001,63.720001,63.060001,63.380001,53.981976,19335200
2017-02-01,63.480000,63.709999,62.950001,63.270000,53.888283,15358800
2017-02-02,63.169998,63.340000,62.889999,63.150002,53.786079,9568400
2017-02-03,63.299999,63.700001,63.240002,63.619999,54.186382,9874200
2017-02-06,63.580002,63.869999,63.490002,63.709999,54.263046,7109300
2017-02-07,63.930000,64.160004,63.720001,63.820000,54.356731,13347400
2017-02-08,63.820000,63.820000,63.520000,63.730000,54.280075,7808400
2017-02-09,63.730000,64.379997,63.730000,64.220001,54.697414,8176700
2017-02-10,64.519997,64.790001,64.370003,64.730003,55.131805,7445800
2017-02-13,64.989998,65.500000,64.970001,65.379997,55.685413,17349600
2017-02-14,65.290001,65.410004,65.050003,65.410004,55.710964,8578600
2017-02-15,65.430000,65.830002,65.290001,65.760002,56.009068,7845400
2017-02-16,65.760002,65.790001,65.339996,65.779999,56.026096,10062400
2017-02-17,65.610001,65.889999,65.410004,65.889999,56.119793,5194700
2017-02-21,65.989998,66.279999,65.900002,66.220001,56.400864,9573900
2017-02-22,66.029999,66.139999,65.849998,66.040001,56.247532,10614700
2017-02-23,66.150002,66.220001,65.389999,65.610001,55.881302,16800100
2017-02-24,65.260002,65.900002,65.169998,65.889999,56.119793,12663000
2017-02-27,65.949997,66.180000,65.730003,66.129997,56.324188,10705400
2017-02-28,66.160004,66.260002,65.739998,65.860001,56.094238,9629900
2017-03-01,66.430000,67.190002,66.419998,66.970001,57.039650,16452600
2017-03-02,66.870003,67.050003,66.230003,66.250000,56.426418,8453900
2017-03-03,66.260002,66.430000,66.010002,66.320000,56.486034,5862800
2017-03-06,66.000000,66.239998,65.889999,66.160004,56.349758,7164700
2017-03-07,66.139999,66.239998,65.879997,65.970001,56.187931,8790800
2017-03-08,66.059998,66.099998,65.629997,65.739998,55.992023,10729000
2017-03-09,65.699997,65.860001,65.160004,65.440002,55.736500,9976100
2017-03-10,65.790001,65.839996,65.320000,65.839996,56.077194,9780500
2017-03-13,65.769997,65.930000,65.610001,65.800003,56.043140,11620300
2017-03-14,65.580002,65.660004,65.050003,65.180000,55.515068,10810700
2017-03-15,65.330002,66.139999,65.250000,65.919998,56.145336,14737200
2017-03-16,66.029999,66.150002,65.570000,65.620003,55.889832,14152400
2017-03-17,65.519997,65.849998,65.389999,65.680000,56.195267,10880100
2017-03-20,65.739998,65.820000,65.489998,65.559998,56.092587,5752600
2017-03-21,65.739998,65.790001,64.470001,64.559998,55.237007,12661000
2017-03-22,64.580002,64.919998,64.330002,64.790001,55.433800,12266300
2017-03-23,64.860001,65.129997,64.570000,64.699997,55.356792,10682500
2017-03-24,64.680000,64.949997,64.250000,64.529999,55.211338,9924600
2017-03-27,63.910000,64.419998,63.549999,64.300003,55.014557,11711900
2017-03-28,64.099998,65.190002,64.099998,64.980003,55.596375,8973000
2017-03-29,64.910004,65.029999,64.739998,64.970001,55.587799,8301000
2017-03-30,64.940002,65.410004,64.900002,65.330002,55.895824,12838000
2017-03-31,65.160004,65.379997,65.059998,65.059998,55.664806,7736100
2017-04-03,65.089996,65.300003,64.510002,64.919998,55.545017,10474800
2017-04-04,64.910004,65.089996,64.769997,65.089996,55.690472,9239700
2017-04-05,65.320000,65.879997,64.790001,64.879997,55.510799,11422600
2017-04-06,64.919998,65.360001,64.800003,65.059998,55.664806,7633700
2017-04-07,65.089996,65.400002,65.000000,65.129997,55.724686,7522700
2017-04-10,65.169998,65.669998,65.150002,65.290001,55.861591,6330900
2017-04-11,65.180000,65.400002,64.769997,65.379997,55.938595,10172900
2017-04-12,65.320000,65.440002,64.440002,64.480003,55.168571,11281500
2017-04-13,64.430000,64.639999,64.019997,64.019997,54.774975,10118300
2017-04-17,64.220001,64.750000,64.139999,64.720001,55.373905,8852400
2017-04-18,64.400002,64.769997,64.239998,64.510002,55.194233,7502800
2017-04-19,64.739998,64.970001,64.449997,64.570000,55.245567,9455300
2017-04-20,64.910004,65.570000,64.879997,65.349998,55.912930,9492500
2017-04-21,65.370003,65.610001,65.220001,65.410004,55.964264,10211400
2017-04-24,66.309998,66.430000,66.099998,66.339996,56.759956,10498300
2017-04-25,66.620003,66.839996,66.440002,66.660004,57.033752,12385000
2017-04-26,66.769997,67.040001,66.610001,66.669998,57.042305,12033100
2017-04-27,66.620003,66.870003,66.389999,66.650002,57.025204,8111400
2017-04-28,66.750000,66.889999,66.260002,66.339996,56.759956,10386300
2017-05-01,66.480003,66.480003,65.989998,66.139999,56.588837,11234100
2017-05-02,66.320000,66.500000,66.180000,66.459999,56.862633,9450900
2017-05-03,66.269997,66.610001,66.139999,66.510002,56.905415,8729200
2017-05-04,66.690002,66.760002,66.199997,66.580002,56.965313,8143600
2017-05-05,66.669998,66.940002,66.529999,66.919998,57.256210,7110800
2017-05-08,66.900002,66.970001,66.639999,66.739998,57.102200,6078200
2017-05-09,66.790001,67.000000,66.750000,66.830002,57.179203,5969000
2017-05-10,66.870003,66.870003,66.410004,66.690002,57.059414,7471400
2017-05-11,66.480003,66.760002,66.080002,66.669998,57.042305,8400000
2017-05-12,66.500000,66.500000,66.139999,66.300003,56.725750,7186400
2017-05-15,66.300003,66.660004,66.300003,66.610001,56.990967,8413500
2017-05-16,66.690002,66.750000,66.279999,66.540001,56.931076,5848800
2017-05-17,65.910004,66.010002,65.190002,65.209999,55.793133,15221000
2017-05-18,65.010002,65.690002,64.650002,65.300003,55.870159,15260100
2017-05-19,65.510002,66.459999,65.510002,66.160004,56.605961,10322300
2017-05-22,66.660004,66.760002,66.470001,66.669998,57.042305,6506200
2017-05-23,66.779999,66.870003,66.500000,66.809998,57.162098,7856000
2017-05-24,66.889999,67.129997,66.669998,66.889999,57.230545,7877300
2017-05-25,67.040001,67.419998,66.989998,67.330002,57.606998,6840800
2017-05-26,67.239998,67.500000,67.220001,67.410004,57.675449,5991000
2017-05-30,67.220001,67.480003,67.129997,67.389999,57.658329,6092500
2017-05-31,67.470001,67.540001,67.059998,67.519997,57.769558,10518800
2017-06-01,67.699997,68.120003,67.480003,67.940002,58.128918,16118000
2017-06-02,68.059998,68.580002,68.050003,68.209999,58.359924,17769600
2017-06-05,68.129997,68.320000,67.940002,67.970001,58.154575,16550700
2017-06-06,67.720001,67.849998,67.510002,67.510002,57.761005,15201400
2017-06-07,67.650002,67.650002,67.129997,67.430000,57.692566,8342400
2017-06-08,67.389999,67.800003,67.339996,67.650002,57.880787,7040100
2017-06-09,67.720001,68.010002,67.559998,67.910004,58.103241,10433700
2017-06-12,68.070000,68.250000,67.709999,68.160004,58.317146,13889200
2017-06-13,68.260002,68.470001,68.160004,68.440002,58.556709,6723500
2017-06-14,68.599998,68.599998,68.139999,68.370003,58.496811,8892800
2017-06-15,67.970001,68.779999,67.949997,68.779999,58.847618,20188100
2017-06-16,68.589996,68.720001,68.430000,68.680000,59.040180,12871600
2017-06-19,69.019997,69.190002,68.820000,69.099998,59.401199,6867000
2017-06-20,68.949997,69.010002,68.349998,68.360001,58.765083,7242800
2017-06-21,68.459999,68.470001,67.820000,67.900002,58.369648,7530200
2017-06-22,67.889999,67.989998,67.760002,67.760002,58.249298,6921700
2017-06-23,67.820000,68.160004,67.669998,68.010002,58.464211,6979300
2017-06-26,68.209999,68.519997,67.980003,68.029999,58.481396,7161700
2017-06-27,67.949997,68.019997,67.500000,67.519997,58.042980,7417200
2017-06-28,67.839996,68.290001,67.820000,68.129997,58.567368,7314300
2017-06-29,68.199997,68.260002,67.169998,67.550003,58.068783,9543600
2017-06-30,67.809998,68.440002,67.809998,68.110001,58.550171,6748500
2017-07-03,68.419998,68.769997,68.320000,68.529999,58.911221,5553100
2017-07-05,68.709999,68.820000,68.419998,68.730003,59.083149,7236000
2017-07-06,68.559998,68.650002,68.050003,68.129997,58.567368,5599900
2017-07-07,68.300003,68.870003,68.239998,68.660004,59.022972,4166700
2017-07-10,68.610001,69.180000,68.529999,68.860001,59.194897,7919500
2017-07-11,68.860001,68.910004,68.320000,68.800003,59.143307,7683500
2017-07-12,69.190002,69.500000,69.099998,69.180000,59.469997,5821800
2017-07-13,69.250000,69.400002,68.970001,69.129997,59.427006,3938800
2017-07-14,69.239998,69.580002,69.110001,69.430000,59.684898,5519200
2017-07-17,69.379997,69.500000,69.190002,69.389999,59.650517,5113400
2017-07-18,69.279999,69.370003,69.029999,69.230003,59.512959,6891100
2017-07-19,69.110001,69.300003,69.000000,69.300003,59.573170,8864600
2017-07-20,69.360001,69.400002,68.820000,68.910004,59.237892,7428000
2017-07-21,68.570000,68.809998,68.339996,68.779999,59.126141,7600500
2017-07-24,68.709999,68.809998,68.529999,68.629997,58.997173,7551700
2017-07-25,68.980003,68.980003,68.339996,68.540001,58.919815,9077100
2017-07-26,68.739998,68.739998,68.470001,68.629997,58.997173,6804000
2017-07-27,68.559998,68.559998,67.910004,68.239998,58.661907,9900900
2017-07-28,68.169998,68.449997,68.019997,68.400002,58.799458,11435700
2017-07-31,68.720001,68.750000,68.290001,68.309998,58.722092,6787300
2017-08-01,68.370003,68.489998,67.910004,68.110001,58.550171,16893700
2017-08-02,68.110001,68.430000,68.000000,68.410004,58.808067,17642900
2017-08-03,68.279999,68.750000,68.279999,68.750000,59.100338,13298800
2017-08-04,68.720001,68.910004,68.599998,68.879997,59.212086,12746000
2017-08-07,68.830002,68.970001,68.720001,68.879997,59.212086,7753100
2017-08-08,68.779999,69.070000,68.570000,68.669998,59.031559,9136500
2017-08-09,68.529999,68.779999,68.500000,68.690002,59.048759,8088200
2017-08-10,68.379997,68.559998,67.779999,67.820000,58.300873,10779700
2017-08-11,67.849998,68.180000,67.779999,67.860001,58.335266,10501200
2017-08-14,68.309998,68.650002,68.239998,68.570000,58.945599,6680900
2017-08-15,68.529999,68.620003,68.309998,68.419998,58.816650,5055000
2017-08-16,68.419998,68.769997,68.419998,68.610001,58.980000,7725800
2017-08-17,68.239998,68.430000,67.379997,67.419998,57.957008,10766200
2017-08-18,67.080002,67.610001,67.000000,67.150002,57.724915,14111100
2017-08-21,67.220001,67.309998,66.949997,67.260002,57.819489,7447300
2017-08-22,67.440002,68.089996,67.440002,68.029999,58.481396,6559200
2017-08-23,67.750000,67.750000,67.389999,67.389999,57.931221,7027100
2017-08-24,67.559998,67.580002,67.150002,67.180000,57.750687,7917400
2017-08-25,67.489998,67.760002,67.410004,67.500000,58.025780,7846300
2017-08-28,67.650002,67.720001,67.360001,67.459999,57.991394,5999200
2017-08-29,67.239998,68.010002,67.080002,67.949997,58.412632,8150200
2017-08-30,68.000000,68.260002,67.860001,68.230003,58.653328,5463300
2017-08-31,68.360001,68.599998,68.239998,68.459999,58.851044,8635000
2017-09-01,68.610001,68.800003,68.519997,68.519997,58.902622,14501900
2017-09-05,68.339996,68.419998,67.680000,67.830002,58.309471,16031100
2017-09-06,67.970001,68.120003,67.830002,67.900002,58.369648,19701400
2017-09-07,67.949997,68.040001,67.639999,68.040001,58.489994,13887000
2017-09-08,67.709999,68.370003,67.610001,68.269997,58.687706,8067000
2017-09-11,68.529999,68.879997,68.529999,68.860001,59.194897,8005600
2017-09-12,69.019997,69.209999,68.900002,69.190002,59.478592,7606200
2017-09-13,69.139999,69.190002,68.940002,69.089996,59.392605,5528400
2017-09-14,68.989998,69.440002,68.900002,69.419998,59.676285,6864900
2017-09-15,69.150002,69.419998,69.000000,69.389999,59.923283,9989800
2017-09-18,69.540001,69.849998,69.480003,69.779999,60.260078,6143700
2017-09-19,69.839996,69.940002,69.769997,69.849998,60.320518,7160000
2017-09-20,69.889999,70.379997,69.889999,70.360001,60.760956,6676200
2017-09-21,70.320000,70.639999,70.199997,70.570000,60.942303,4377700
2017-09-22,70.620003,70.820000,70.550003,70.750000,61.097752,3533900
2017-09-25,70.830002,70.849998,70.260002,70.750000,61.097752,6917100
2017-09-26,70.769997,70.879997,70.699997,70.750000,61.097752,3997800
2017-09-27,70.930000,71.110001,70.650002,70.830002,61.166824,6943700
2017-09-28,70.730003,70.849998,70.500000,70.790001,61.132305,6124600
2017-09-29,70.750000,71.010002,70.620003,71.000000,61.313641,6527200
2017-10-02,70.970001,71.489998,70.860001,71.489998,61.736786,16764700
2017-10-03,71.529999,71.800003,71.430000,71.800003,62.004494,11793400
2017-10-04,71.779999,71.900002,71.650002,71.779999,61.987244,14772500
2017-10-05,71.739998,72.019997,71.610001,71.949997,62.134014,15061300
2017-10-06,71.839996,72.019997,71.660004,71.940002,62.125401,4445400
2017-10-09,71.970001,72.110001,71.629997,71.739998,61.952675,7814000
2017-10-10,72.169998,72.190002,71.720001,71.849998,62.047668,6264300
2017-10-11,71.760002,71.849998,71.650002,71.809998,62.013138,7294400
2017-10-12,71.699997,72.269997,71.690002,72.190002,62.341286,12112100
2017-10-13,72.489998,72.620003,72.000000,72.059998,62.229008,5759000
2017-10-16,72.120003,72.190002,71.919998,72.139999,62.298107,7215700
2017-10-17,71.940002,72.050003,71.800003,71.949997,62.134014,5236000
2017-10-18,72.000000,72.190002,71.889999,71.980003,62.159916,7887700
2017-10-19,71.690002,72.180000,71.550003,72.180000,62.332630,6962500
2017-10-20,72.199997,72.959999,72.010002,72.959999,63.006252,9043400
2017-10-23,72.949997,72.959999,72.480003,72.500000,62.608990,6800600
2017-10-24,72.860001,73.199997,72.820000,72.910004,62.963078,7921900
2017-10-25,72.860001,72.860001,71.830002,72.190002,62.341286,11078800
2017-10-26,72.430000,72.629997,72.129997,72.290001,62.427650,8323300
2017-10-27,72.190002,72.519997,72.150002,72.320000,62.453545,7534200
2017-10-30,72.190002,72.209999,71.769997,71.820000,62.021767,9082100
2017-10-31,71.889999,72.080002,71.500000,71.529999,61.771332,8793300
2017-11-01,71.750000,71.919998,71.449997,71.489998,61.736786,9104800
2017-11-02,71.449997,71.940002,71.279999,71.900002,62.090839,6924300
2017-11-03,71.889999,71.970001,71.650002,71.830002,62.030384,6975000
2017-11-06,71.879997,72.000000,71.769997,71.870003,62.064953,7134600
2017-11-07,71.870003,72.089996,71.839996,71.980003,62.159916,5181100
2017-11-08,71.879997,71.940002,71.720001,71.860001,62.056313,5622700
2017-11-09,71.470001,71.540001,70.669998,70.959999,61.279087,10442000
2017-11-10,70.809998,71.150002,70.690002,71.059998,61.365452,5344800
2017-11-13,70.839996,71.000000,70.629997,70.820000,61.158180,5256800
2017-11-14,70.629997,70.730003,70.410004,70.629997,60.994106,7062100
2017-11-15,70.300003,70.470001,70.040001,70.230003,60.648685,10669200
2017-11-16,70.550003,70.980003,70.430000,70.889999,61.218651,6038900
2017-11-17,70.639999,70.750000,70.449997,70.500000,60.881836,7745100
2017-11-20,70.570000,70.910004,70.510002,70.820000,61.158180,6485700
2017-11-21,71.050003,71.339996,70.879997,71.330002,61.598637,7387900
2017-11-22,71.379997,71.629997,71.300003,71.410004,61.667698,7037400
2017-11-24,71.589996,71.599998,71.370003,71.410004,61.667698,3387500
2017-11-27,71.589996,71.620003,71.400002,71.529999,61.771332,4739300
2017-11-28,71.690002,72.620003,71.610001,72.620003,62.712639,10065300
2017-11-29,72.639999,73.300003,72.489998,73.260002,63.265316,12393500
2017-11-30,73.510002,74.660004,73.300003,74.510002,64.344772,19672700
2017-12-01,74.379997,74.489998,72.760002,73.589996,63.550304,29693700
2017-12-04,74.360001,75.099998,74.209999,74.209999,64.085693,19276400
2017-12-05,74.339996,74.550003,73.519997,73.580002,63.541653,16548300
2017-12-06,73.440002,73.959999,73.360001,73.690002,63.636654,15569300
2017-12-07,73.599998,74.529999,73.580002,74.370003,64.223877,10918400
2017-12-08,74.750000,74.750000,74.379997,74.690002,64.500191,6804500
2017-12-11,74.750000,74.830002,74.410004,74.540001,64.370705,5911600
2017-12-12,74.669998,74.830002,74.550003,74.620003,64.439766,9259700
2017-12-13,74.809998,75.309998,74.500000,74.910004,64.690208,8626600
2017-12-14,75.230003,75.230003,74.389999,74.400002,64.249786,9214300
2017-12-15,74.440002,74.709999,74.029999,74.519997,64.703018,8935000
2017-12-18,74.910004,75.139999,74.849998,75.050003,65.163200,6017300
2017-12-19,75.279999,75.419998,74.870003,75.070000,65.180565,6211600
2017-12-20,75.489998,75.580002,75.209999,75.320000,65.397652,5778900
2017-12-21,75.599998,75.669998,75.190002,75.379997,65.449730,9456400
2017-12-22,75.540001,75.540001,75.199997,75.400002,65.467110,3730500
2017-12-26,75.489998,75.730003,75.320000,75.480003,65.536560,4983900
2017-12-27,75.540001,75.690002,75.440002,75.660004,65.692818,4730300
2017-12-28,75.870003,75.879997,75.529999,75.809998,65.823074,4629600
2017-12-29,75.970001,76.000000,75.599998,75.669998,65.701508,4825900
2018-01-02,75.919998,76.129997,75.570000,76.120003,66.092239,14903900
2018-01-03,76.239998,76.580002,76.059998,76.529999,66.448235,18155000
2018-01-04,76.860001,77.150002,76.720001,77.089996,66.934441,16483000
2018-01-05,77.459999,77.660004,77.029999,77.620003,67.394608,16996200
2018-01-08,77.699997,77.989998,77.599998,77.940002,67.672478,5727500
2018-01-09,78.040001,78.639999,78.010002,78.440002,68.106613,8967700
2018-01-10,78.290001,78.690002,78.059998,78.430000,68.097939,11669500
2018-01-11,78.779999,79.459999,78.580002,79.430000,68.966179,9448300
2018-01-12,79.790001,80.250000,79.650002,80.169998,69.608711,7436200
2018-01-16,80.470001,80.599998,79.089996,79.449997,68.983536,13343700
2018-01-17,79.589996,79.970001,79.339996,79.889999,69.365593,7814300
2018-01-18,79.889999,80.110001,79.389999,79.459999,68.992241,7790400
2018-01-19,79.779999,79.790001,79.330002,79.690002,69.191948,8657700
2018-01-22,79.470001,79.709999,79.099998,79.690002,69.191948,12175300
2018-01-23,79.680000,79.809998,79.349998,79.730003,69.226654,8953800
2018-01-24,79.709999,80.080002,79.169998,79.660004,69.165855,9660000
2018-01-25,79.860001,79.980003,79.070000,79.739998,69.235367,12499200
2018-01-26,79.980003,80.660004,79.709999,80.660004,70.034164,8008300
2018-01-29,80.519997,80.959999,80.089996,80.120003,69.565300,12870300
2018-01-30,79.589996,79.860001,79.120003,79.489998,69.018288,16742400
2018-01-31,80.220001,80.519997,79.470001,79.730003,69.226654,15988100
2018-02-01,79.220001,80.269997,79.110001,79.589996,69.105110,14169300
2018-02-02,79.110001,79.239998,77.970001,77.989998,67.715912,17929500
2018-02-05,77.169998,78.180000,73.949997,74.449997,64.642220,30309100
2018-02-06,73.050003,76.029999,72.639999,75.809998,65.823074,31980600
2018-02-07,75.750000,77.150002,75.489998,75.949997,65.944633,22666800
2018-02-08,76.040001,76.160004,72.989998,73.019997,63.400620,27282100
2018-02-09,73.870003,74.430000,71.489998,73.809998,64.086548,40362500
2018-02-12,74.410004,75.540001,73.910004,75.000000,65.119804,20776900
2018-02-13,74.580002,75.379997,74.489998,75.169998,65.267372,12974600
2018-02-14,74.800003,76.209999,74.720001,76.120003,66.092239,13482800
2018-02-15,76.720001,77.269997,76.070000,77.269997,67.090736,10800400
2018-02-16,77.089996,78.070000,77.029999,77.290001,67.108093,11161700
2018-02-20,76.930000,77.279999,76.239998,76.510002,66.430878,11838900
2018-02-21,76.589996,77.930000,76.510002,76.529999,66.448235,8650500
2018-02-22,76.870003,77.739998,76.800003,77.040001,66.891037,10545200
2018-02-23,77.400002,77.720001,76.970001,77.680000,67.446724,6603300
2018-02-26,78.050003,78.879997,77.769997,78.750000,68.375778,8623300
2018-02-27,78.779999,79.279999,77.750000,77.760002,67.516182,11019300
2018-02-28,78.160004,78.269997,76.650002,76.650002,66.552422,16203900
2018-03-01,76.680000,77.239998,74.750000,75.150002,65.250015,35549400
2018-03-02,74.500000,75.349998,73.980003,75.129997,65.232666,27076400
2018-03-05,74.660004,76.220001,74.379997,76.029999,66.014076,23038400
2018-03-06,76.430000,76.570000,75.790001,76.370003,66.309296,18536300
2018-03-07,75.430000,76.529999,75.239998,76.360001,66.300644,13625400
2018-03-08,76.680000,76.830002,76.019997,76.760002,66.647942,10849100
2018-03-09,77.269997,78.449997,77.029999,78.449997,68.115295,13092600
2018-03-12,78.580002,78.580002,77.260002,77.480003,67.273087,11093600
2018-03-13,77.699997,78.099998,76.949997,77.099998,66.943138,11518800
2018-03-14,77.540001,77.540001,76.040001,76.260002,66.213776,11626200
2018-03-15,76.500000,76.919998,75.989998,76.480003,66.404823,8362700
2018-03-16,76.089996,76.849998,76.089996,76.580002,66.759636,10840000
2018-03-19,76.360001,76.389999,75.370003,75.989998,66.245285,10845700
2018-03-20,76.139999,76.699997,76.089996,76.250000,66.471924,7111800
2018-03-21,76.260002,77.129997,76.019997,76.339996,66.550377,13818700
2018-03-22,75.580002,75.839996,73.720001,73.820000,64.353569,18793900
2018-03-23,73.930000,74.500000,72.680000,72.739998,63.412037,15457100
2018-03-26,73.949997,74.599998,73.129997,74.500000,64.946365,12197000
2018-03-27,74.849998,75.250000,73.040001,73.470001,64.048424,14726000
2018-03-28,73.720001,73.809998,72.639999,73.220001,63.830490,21892300
2018-03-29,73.610001,74.849998,73.500000,74.290001,64.763290,14051800
2018-04-02,74.070000,74.199997,71.779999,72.760002,63.429482,27498800
2018-04-03,73.129997,73.820000,72.629997,73.769997,64.309967,20149100
2018-04-04,72.190002,74.169998,72.010002,74.089996,64.588921,19987600
2018-04-05,74.500000,75.019997,74.279999,74.839996,65.242760,16496100
2018-04-06,74.099998,74.550003,72.110001,72.769997,63.438168,18353400
2018-04-09,73.180000,73.720001,72.430000,72.550003,63.246395,10279200
2018-04-10,73.639999,74.089996,73.139999,73.660004,64.214088,18459100
2018-04-11,73.000000,73.699997,72.989998,73.120003,63.743324,10633900
2018-04-12,73.610001,74.470001,73.559998,74.169998,64.658661,8921500
2018-04-13,74.669998,74.709999,73.629997,73.989998,64.501732,9904100
2018-04-16,74.529999,74.959999,74.410004,74.730003,65.146866,8232700
2018-04-17,75.309998,75.669998,75.099998,75.360001,65.696068,8676800
2018-04-18,75.849998,76.410004,75.739998,76.139999,66.376060,10138200
2018-04-19,76.040001,76.239998,75.419998,75.930000,66.192978,12515200
2018-04-20,76.250000,76.349998,75.330002,75.599998,65.905304,11612800
2018-04-23,75.889999,75.910004,75.150002,75.510002,65.826836,14427800
2018-04-24,75.889999,76.040001,72.480003,73.400002,63.987415,21104800
2018-04-25,73.480003,73.839996,72.480003,73.610001,64.170471,14949200
2018-04-26,73.529999,73.720001,72.680000,73.339996,63.935097,19955400
2018-04-27,73.000000,73.330002,72.720001,73.190002,63.804344,11555800
2018-04-30,73.389999,73.529999,72.209999,72.220001,62.958736,15867500
2018-05-01,72.110001,72.139999,70.790001,71.889999,62.671055,21829500
2018-05-02,71.610001,72.989998,71.180000,71.260002,62.121826,14789300
2018-05-03,70.910004,71.800003,70.029999,71.430000,62.270042,25826600
2018-05-04,70.900002,72.500000,70.820000,72.260002,62.993607,11695500
2018-05-07,72.500000,72.949997,72.410004,72.739998,63.412037,11812600
2018-05-08,72.699997,73.360001,72.550003,73.260002,63.865353,10341600
2018-05-09,73.489998,74.290001,73.410004,74.050003,64.554092,14973400
2018-05-10,74.330002,74.709999,74.199997,74.550003,64.989929,7213700
2018-05-11,74.650002,75.029999,74.510002,74.709999,65.129433,8060000
2018-05-14,74.889999,75.139999,74.410004,74.580002,65.016106,5856600
2018-05-15,74.180000,74.389999,74.010002,74.330002,64.798141,10180500
2018-05-16,74.320000,74.849998,74.239998,74.599998,65.033524,6281300
2018-05-17,74.570000,75.209999,74.519997,74.889999,65.286331,7519500
2018-05-18,74.889999,75.470001,74.860001,75.330002,65.669937,7482900
2018-05-21,76.099998,76.809998,76.000000,76.470001,66.663719,13744100
2018-05-22,76.599998,76.680000,75.500000,75.529999,65.844269,8754900
2018-05-23,75.070000,75.459999,74.769997,75.459999,65.783257,12909000
2018-05-24,75.269997,75.940002,75.180000,75.830002,66.105827,9371800
2018-05-25,75.680000,75.940002,75.470001,75.690002,65.983788,8111800
2018-05-29,75.059998,75.250000,74.129997,74.480003,64.928925,18470400
2018-05-30,74.970001,75.610001,74.720001,75.529999,65.844269,11431700
2018-05-31,75.379997,75.430000,74.209999,74.440002,64.894028,14117000
2018-06-01,74.870003,75.389999,74.820000,75.260002,65.608894,9717100
2018-06-04,75.510002,75.849998,75.040001,75.150002,65.513008,8788700
2018-06-05,75.150002,75.389999,74.919998,75.239998,65.591469,7906100
2018-06-06,75.410004,75.949997,75.169998,75.870003,66.140640,6751900
2018-06-07,76.050003,76.290001,75.709999,76.190002,66.419640,9952400
2018-06-08,76.080002,76.540001,75.919998,76.440002,66.637581,6557900
2018-06-11,76.449997,76.820000,76.349998,76.589996,66.768356,5225300
2018-06-12,76.709999,76.779999,76.320000,76.510002,66.698593,5802800
2018-06-13,76.540001,76.589996,75.849998,75.900002,66.166832,8553700
2018-06-14,76.139999,76.349998,75.410004,75.610001,65.914017,10501500
2018-06-15,74.809998,75.260002,74.290001,75.120003,65.749443,14757400
2018-06-18,74.550003,74.940002,74.339996,74.809998,65.478142,8330300
2018-06-19,73.949997,74.000000,72.949997,73.230003,64.095230,17955400
2018-06-20,73.480003,73.519997,73.019997,73.279999,64.138985,11975900
2018-06-21,73.010002,73.139999,72.110001,72.360001,63.333736,15497800
2018-06-22,72.870003,73.080002,72.529999,72.610001,63.552574,13643900
2018-06-25,72.040001,72.220001,71.220001,71.690002,62.747307,23091500
2018-06-26,72.010002,72.320000,71.800003,71.959999,62.983646,11342100
2018-06-27,72.250000,73.010002,71.349998,71.379997,62.475971,19853200
2018-06-28,71.239998,71.800003,70.820000,71.480003,62.563522,15329800
2018-06-29,71.779999,72.430000,71.599998,71.629997,62.694801,14908000
2018-07-02,71.070000,71.800003,70.889999,71.790001,62.834827,14098700
2018-07-03,72.070000,72.400002,71.370003,71.559998,62.633553,7083300
2018-07-05,71.809998,71.959999,71.220001,71.910004,62.939892,8465700
2018-07-06,71.849998,72.379997,71.430000,72.160004,63.158691,9757500
2018-07-09,72.480003,73.519997,72.410004,73.500000,64.331535,13034000
2018-07-10,73.529999,73.900002,73.339996,73.730003,64.532852,9880400
2018-07-11,73.089996,73.099998,72.360001,72.519997,63.473778,14208000
2018-07-12,73.059998,73.449997,72.610001,73.370003,64.217751,12705600
2018-07-13,73.339996,73.879997,73.300003,73.750000,64.550362,18494200
2018-07-16,73.889999,74.059998,73.260002,73.449997,64.287758,9576100
2018-07-17,73.389999,73.830002,73.190002,73.739998,64.541611,7326000
2018-07-18,74.000000,74.760002,73.910004,74.550003,65.250557,13821300
2018-07-19,74.269997,74.680000,73.970001,74.519997,65.224312,8790000
2018-07-20,74.419998,74.720001,74.120003,74.440002,65.154266,7922400
2018-07-23,74.260002,74.290001,73.839996,73.980003,64.751671,7822000
2018-07-24,74.360001,74.720001,73.959999,74.290001,65.023010,12140400
2018-07-25,74.070000,75.419998,73.949997,75.419998,66.012039,17949600
2018-07-26,75.260002,76.150002,75.250000,76.000000,66.519707,15115200
2018-07-27,76.150002,76.339996,75.650002,76.010002,66.528442,11281500
2018-07-30,76.110001,76.500000,75.180000,75.260002,65.872002,13423600
2018-07-31,75.830002,76.989998,75.690002,76.919998,67.324921,17709500
2018-08-01,76.629997,76.680000,75.690002,75.879997,66.414665,14214600
2018-08-02,75.339996,75.879997,75.110001,75.779999,66.327164,10812400
2018-08-03,75.720001,75.900002,75.379997,75.849998,66.388390,11021500
2018-08-06,75.809998,75.989998,75.500000,75.959999,66.484665,5460300
2018-08-07,76.220001,76.610001,76.010002,76.500000,66.957306,8381900
2018-08-08,76.449997,76.510002,76.059998,76.160004,66.659737,4745200
2018-08-09,76.139999,76.339996,75.690002,75.739998,66.292099,13085900
2018-08-10,75.300003,75.430000,74.860001,75.070000,65.705673,10684800
2018-08-13,75.379997,75.410004,74.510002,74.709999,65.390610,13471800
2018-08-14,75.000000,75.529999,74.940002,75.230003,65.845741,8500500
2018-08-15,74.610001,74.989998,73.989998,74.870003,65.530632,20329400
2018-08-16,75.459999,76.000000,75.250000,75.820000,66.362122,10447200
2018-08-17,75.639999,76.440002,75.610001,76.279999,66.764763,13993100
2018-08-20,76.440002,76.940002,76.400002,76.790001,67.211136,8239300
2018-08-21,76.879997,77.459999,76.879997,77.360001,67.710030,10034000
2018-08-22,77.160004,77.250000,76.610001,76.610001,67.053612,7149700
2018-08-23,76.650002,76.650002,76.209999,76.389999,66.861038,8336500
2018-08-24,76.570000,76.769997,76.360001,76.720001,67.149872,6411600
2018-08-27,77.099998,77.709999,77.010002,77.690002,67.998856,9767500
2018-08-28,77.839996,77.919998,77.470001,77.529999,67.858841,8440600
2018-08-29,77.589996,77.730003,77.360001,77.589996,67.911362,6339000
2018-08-30,77.419998,77.610001,76.860001,77.050003,67.438713,10145600
2018-08-31,76.860001,77.239998,76.790001,77.099998,67.482468,7192400
2018-09-04,76.809998,77.099998,76.650002,77.040001,67.429955,8597700
2018-09-05,76.910004,77.610001,76.709999,77.589996,67.911362,10761300
2018-09-06,77.639999,78.059998,77.500000,77.830002,68.121407,8083000
2018-09-07,77.620003,77.949997,77.180000,77.589996,67.911362,11039700
2018-09-10,77.889999,78.300003,77.889999,77.989998,68.261452,9550200
2018-09-11,77.650002,78.199997,77.470001,77.970001,68.243927,6945600
2018-09-12,77.930000,78.529999,77.769997,78.209999,68.454041,10906200
2018-09-13,78.589996,78.959999,78.389999,78.680000,68.865395,8849000
2018-09-14,78.699997,79.129997,78.440002,79.070000,69.206741,8478500
2018-09-17,79.029999,79.440002,78.959999,79.099998,69.232994,8368500
2018-09-18,79.279999,80.000000,78.930000,79.820000,69.863167,8691000
2018-09-19,79.739998,80.250000,79.650002,79.750000,69.801903,7938300
2018-09-20,80.120003,80.410004,79.540001,79.870003,69.906929,11466900
2018-09-21,79.750000,80.000000,79.629997,80.000000,70.358994,15133900
2018-09-24,79.500000,79.599998,78.550003,78.629997,69.154114,11999600
2018-09-25,78.730003,78.830002,78.309998,78.389999,68.943031,12369600
2018-09-26,78.559998,78.839996,78.190002,78.339996,68.899040,11426200
2018-09-27,78.540001,78.820000,78.190002,78.449997,68.995781,8504200
2018-09-28,78.269997,78.580002,78.129997,78.400002,68.951828,7545400
2018-10-01,79.360001,79.550003,78.809998,79.089996,69.558678,16832100
2018-10-02,79.050003,79.410004,78.800003,79.269997,69.716965,8523700
2018-10-03,79.599998,80.019997,79.430000,79.599998,70.007233,10534900
2018-10-04,79.430000,79.750000,78.739998,79.339996,69.778542,12520900
2018-10-05,79.389999,79.750000,78.519997,78.930000,69.417953,14165500
2018-10-08,78.900002,79.199997,78.309998,79.129997,69.593819,9359700
2018-10-09,78.900002,79.019997,77.900002,77.910004,68.520874,11606800
2018-10-10,77.769997,77.769997,75.190002,75.400002,66.313377,34050400
2018-10-11,74.910004,75.570000,73.199997,73.410004,64.563187,54550500
2018-10-12,74.699997,74.809998,73.050003,73.900002,64.994133,29409800
2018-10-15,73.849998,74.629997,73.790001,74.040001,65.117256,15201200
2018-10-16,74.320000,75.360001,74.000000,75.290001,66.216614,12547300
2018-10-17,75.309998,75.550003,74.339996,74.739998,65.732895,15610600
2018-10-18,74.279999,74.580002,73.000000,73.449997,64.598351,19139300
2018-10-19,73.410004,73.889999,72.919998,73.180000,64.360901,17152400
2018-10-22,73.290001,73.470001,72.589996,72.930000,64.141006,13675500
2018-10-23,71.239998,72.250000,70.669998,71.730003,63.085640,25139900
2018-10-24,71.949997,72.150002,69.169998,69.300003,60.948483,22170900
2018-10-25,69.599998,70.309998,69.250000,69.790001,61.379444,23871500
2018-10-26,69.080002,69.860001,68.120003,69.099998,60.772575,34330800
2018-10-29,70.059998,70.220001,66.989998,67.949997,59.761166,23645600
2018-10-30,67.879997,69.430000,67.610001,69.349998,60.992432,23445800
2018-10-31,70.010002,70.739998,69.839996,69.879997,61.458576,14205500
2018-11-01,70.169998,71.349998,70.019997,71.110001,62.540359,22653800
2018-11-02,71.750000,71.930000,70.550003,70.989998,62.434792,23216400
2018-11-05,71.059998,71.639999,70.860001,71.360001,62.760216,17524400
2018-11-06,71.290001,72.160004,71.190002,72.110001,63.419842,15588600
2018-11-07,72.790001,73.339996,72.000000,73.279999,64.448845,14217700
2018-11-08,73.120003,73.540001,72.860001,73.160004,64.343285,11967400
2018-11-09,72.650002,72.900002,71.910004,72.419998,63.692482,23409100
2018-11-12,72.370003,72.419998,70.879997,70.989998,62.434792,10822300
2018-11-13,71.059998,72.220001,70.860001,71.309998,62.716228,16032200
2018-11-14,71.790001,72.269997,70.599998,71.070000,62.505169,18374100
2018-11-15,70.529999,72.389999,70.269997,72.010002,63.331882,24411600
2018-11-16,71.800003,72.339996,71.360001,71.989998,63.314312,15156000
2018-11-19,71.870003,71.949997,70.570000,70.849998,62.311684,14365300
2018-11-20,69.680000,70.059998,69.080002,69.379997,61.018833,18024900
2018-11-21,69.910004,70.419998,69.739998,69.870003,61.449780,10846000
2018-11-23,69.349998,70.209999,69.339996,69.730003,61.326672,6205500
2018-11-26,70.269997,70.660004,69.730003,70.239998,61.775192,12896300
2018-11-27,69.910004,70.199997,69.430000,70.120003,61.669666,14430900
2018-11-28,70.500000,71.800003,69.980003,71.800003,63.147182,14139400
2018-11-29,71.639999,72.180000,71.129997,71.839996,63.182377,12997900
2018-11-30,71.760002,72.650002,71.599998,72.540001,63.798027,16428000
2018-12-03,73.910004,74.459999,73.070000,73.379997,64.536804,19554600
2018-12-04,73.139999,73.139999,70.160004,70.260002,61.792789,20580300
2018-12-06,68.959999,69.879997,67.800003,69.870003,61.449780,28325800
2018-12-07,69.699997,70.500000,67.800003,68.029999,59.831516,19238300
2018-12-10,67.959999,68.440002,66.699997,68.199997,59.981026,25360000
2018-12-11,69.300003,69.440002,67.389999,67.800003,59.629253,18475700
2018-12-12,68.699997,69.199997,68.129997,68.180000,59.963470,14776400
2018-12-13,68.699997,68.809998,67.720001,67.989998,59.796349,15917800
2018-12-14,67.260002,67.940002,66.830002,67.050003,58.969631,14806200
2018-12-17,66.879997,67.300003,65.540001,65.949997,58.002190,19796800
2018-12-18,66.629997,67.139999,65.900002,66.279999,58.292442,15665200
2018-12-19,66.199997,67.599998,64.589996,65.029999,57.193058,23552900
2018-12-20,64.599998,65.180000,63.130001,63.840000,56.146473,25709900
2018-12-21,63.610001,64.220001,62.110001,62.250000,55.086334,28744200
2018-12-24,61.669998,61.950001,60.290001,60.340000,53.396141,15800200
2018-12-26,60.580002,63.220001,59.919998,63.150002,55.882763,17549000
2018-12-27,62.220001,63.970001,61.529999,63.939999,56.581863,13980700
2018-12-28,64.169998,64.699997,63.549999,63.770000,56.431419,15917200
2018-12-31,64.150002,64.540001,63.730000,64.410004,56.997780,10068900
2019-01-02,63.459999,64.790001,63.090000,64.739998,57.289795,14687500
2019-01-03,64.290001,64.290001,62.490002,62.770000,55.546497,25976200
2019-01-04,63.689999,65.269997,63.689999,65.150002,57.652615,19883600
2019-01-07,65.419998,66.110001,64.800003,65.680000,58.121632,15193100
2019-01-08,66.580002,66.989998,65.949997,66.580002,58.918056,23069500
2019-01-09,66.839996,67.339996,66.599998,67.029999,59.316269,10036600
2019-01-10,66.790001,68.019997,66.489998,67.940002,60.121540,8900400
2019-01-11,67.480003,67.910004,67.239998,67.870003,60.059605,10691300
2019-01-14,67.370003,68.169998,67.160004,67.860001,60.050747,10105500
2019-01-15,67.800003,68.089996,67.269997,67.650002,59.864918,12517400
2019-01-16,67.739998,68.059998,67.620003,67.720001,59.926857,12029900
2019-01-17,67.440002,69.260002,67.349998,68.879997,60.953369,22922500
2019-01-18,69.480003,70.440002,69.269997,70.190002,62.112629,20020200
2019-01-22,69.589996,69.610001,68.279999,68.739998,60.829468,15935300
2019-01-23,69.190002,69.550003,68.070000,68.839996,60.917973,13243800
2019-01-24,69.089996,69.500000,68.800003,69.190002,61.227711,10361800
2019-01-25,69.849998,70.360001,69.660004,70.070000,62.006424,13065900
2019-01-28,69.070000,69.440002,68.779999,69.400002,61.413536,13144000
2019-01-29,69.699997,70.489998,69.680000,70.360001,62.263042,12384000
2019-01-30,71.089996,71.800003,70.290001,71.459999,63.236454,16892500
2019-01-31,71.589996,72.110001,71.300003,71.769997,63.510811,13867100
2019-02-01,71.980003,72.410004,71.690002,71.879997,63.608143,11845000
2019-02-04,71.980003,72.849998,71.790001,72.809998,64.431114,7688400
2019-02-05,72.930000,73.480003,72.699997,73.440002,64.988617,9079100
2019-02-06,73.320000,73.809998,73.209999,73.459999,65.006325,15557600
2019-02-07,72.989998,73.379997,72.400002,72.959999,64.563843,15611400
2019-02-08,72.500000,73.070000,72.150002,73.070000,64.661194,15977000
2019-02-11,73.279999,73.639999,73.239998,73.459999,65.006325,7909800
2019-02-12,74.019997,74.760002,73.870003,74.599998,66.015106,8909700
2019-02-13,74.870003,75.269997,74.669998,75.040001,66.404472,8134200
2019-02-14,74.610001,75.000000,74.410004,74.690002,66.094757,11703600
2019-02-15,75.150002,75.699997,74.989998,75.690002,66.979698,9593200
2019-02-19,75.459999,75.900002,75.220001,75.660004,66.953117,7994800
2019-02-20,75.629997,76.059998,75.540001,76.019997,67.271698,8911400
2019-02-21,75.839996,76.029999,75.459999,75.709999,66.997375,6782700
2019-02-22,75.980003,76.250000,75.680000,76.209999,67.439857,9816900
2019-02-25,77.000000,77.129997,76.480003,76.510002,67.705315,10108500
2019-02-26,76.309998,82.660004,76.279999,76.300003,67.519493,11730800
2019-02-27,76.169998,76.669998,75.889999,76.599998,67.784958,8033300
2019-02-28,76.610001,76.650002,76.290001,76.339996,67.554878,8531300
2019-03-01,76.910004,77.099998,76.010002,76.410004,67.616844,12786600
2019-03-04,76.769997,77.099998,75.480003,76.070000,67.315971,19150400
2019-03-05,76.110001,76.279999,75.559998,75.580002,66.882332,13820500
2019-03-06,75.470001,75.610001,74.849998,74.870003,66.254051,18468400
2019-03-07,74.680000,74.800003,73.769997,74.419998,65.855843,19104700
2019-03-08,73.709999,74.300003,73.610001,74.269997,65.723106,14341300
2019-03-11,73.209999,74.930000,73.040001,74.900002,66.280579,15298200
2019-03-12,74.800003,74.889999,74.139999,74.279999,65.731941,17995800
2019-03-13,74.550003,75.180000,74.459999,74.930000,66.307129,13387900
2019-03-14,74.919998,75.110001,74.489998,74.680000,66.085915,9636500
2019-03-15,74.339996,74.519997,73.849998,73.989998,65.852715,24900000
2019-03-18,73.879997,74.769997,73.800003,74.709999,66.493546,10313900
2019-03-19,74.959999,75.220001,74.160004,74.440002,66.253227,10778100
2019-03-20,74.250000,74.529999,73.519997,73.930000,65.799309,11259400
2019-03-21,73.709999,74.800003,73.650002,74.639999,66.431244,10638600
2019-03-22,74.220001,74.269997,72.900002,72.949997,64.927086,18004400
2019-03-25,72.970001,73.510002,72.790001,73.120003,65.078415,12372800
2019-03-26,73.639999,73.910004,73.160004,73.610001,65.514534,10524000
2019-03-27,73.629997,74.029999,73.139999,73.690002,65.585716,10556100
2019-03-28,73.900002,74.330002,73.690002,74.230003,66.066330,10030100
2019-03-29,74.720001,75.089996,74.660004,75.029999,66.778351,10138800
2019-04-01,75.720001,76.699997,75.669998,76.580002,68.157906,15531000
2019-04-02,76.620003,76.820000,76.360001,76.550003,68.131180,10397600
2019-04-03,76.860001,76.959999,76.120003,76.320000,67.926491,12726000
2019-04-04,76.279999,77.059998,76.269997,76.790001,68.344765,9236600
2019-04-05,77.080002,77.250000,76.889999,77.010002,68.540604,7531000
2019-04-08,76.430000,76.699997,76.099998,76.680000,68.246902,8819100
2019-04-09,76.150002,76.180000,75.510002,75.639999,67.321274,9814500
2019-04-10,75.699997,75.779999,75.160004,75.620003,67.303467,13974700
2019-04-11,75.639999,76.349998,75.589996,76.269997,67.881973,9532200
2019-04-12,77.010002,77.279999,76.739998,77.279999,68.780891,11175100
2019-04-15,77.169998,77.330002,76.739998,76.849998,68.398201,7368100
2019-04-16,77.110001,77.419998,76.930000,77.320000,68.816490,7101600
2019-04-17,77.779999,77.989998,77.400002,77.419998,68.905502,10363900
2019-04-18,77.739998,78.419998,77.739998,78.309998,69.697632,13192700
2019-04-22,78.010002,78.250000,77.690002,78.070000,69.484009,6477700
2019-04-23,78.300003,78.910004,78.059998,78.750000,70.089218,13760500
2019-04-24,78.750000,78.949997,78.489998,78.519997,69.884529,7718000
2019-04-25,77.639999,77.660004,76.589996,76.940002,68.478294,12555900
2019-04-26,76.980003,77.519997,76.839996,77.519997,68.994514,12262600
2019-04-29,77.519997,77.949997,77.430000,77.699997,69.154716,8759000
2019-04-30,78.019997,78.220001,77.349998,78.010002,69.430611,9546700
2019-05-01,78.250000,78.500000,77.500000,77.500000,68.976700,16918700
2019-05-02,77.309998,77.629997,76.809998,77.459999,68.941109,16360900
2019-05-03,77.730003,78.470001,77.730003,78.400002,69.777725,12904100
2019-05-06,76.760002,77.790001,76.699997,77.650002,69.110207,11928800
2019-05-07,76.699997,76.849998,75.489998,76.080002,67.712891,18355800
2019-05-08,75.940002,76.610001,75.830002,76.080002,67.712891,16464800
2019-05-09,75.279999,76.099998,74.830002,75.970001,67.614960,14923700
2019-05-10,75.470001,76.459999,74.589996,76.269997,67.881973,17419800
2019-05-13,74.500000,74.790001,73.599998,74.099998,65.950630,20011000
2019-05-14,74.370003,75.440002,74.269997,74.870003,66.635956,11317900
2019-05-15,74.199997,75.279999,74.029999,74.970001,66.724930,12290000
2019-05-16,75.309998,75.910004,75.160004,75.660004,67.339050,7450000
2019-05-17,74.839996,75.639999,74.730003,74.820000,66.591438,16305500
2019-05-20,74.349998,74.910004,74.279999,74.629997,66.422340,11638300
2019-05-21,75.269997,75.599998,75.070000,75.510002,67.205566,10612300
2019-05-22,75.250000,75.339996,74.889999,74.889999,66.653755,9114700
2019-05-23,74.070000,74.180000,73.290001,73.750000,65.639114,16205600
2019-05-24,74.239998,74.370003,73.580002,73.779999,65.665833,11127400
2019-05-28,73.870003,74.150002,73.089996,73.099998,65.060600,11263100
2019-05-29,72.779999,73.099998,72.080002,72.769997,64.766884,14257100
2019-05-30,73.089996,73.410004,72.800003,73.050003,65.016121,10103500
2019-05-31,72.269997,72.550003,71.989998,72.050003,64.126083,13718400
2019-06-03,71.930000,72.940002,71.910004,72.540001,64.562195,17515000
2019-06-04,73.239998,74.300003,73.110001,74.269997,66.101936,16424700
2019-06-05,74.660004,75.080002,74.400002,74.989998,66.742737,12865600
2019-06-06,75.070000,75.320000,74.440002,75.120003,66.858444,11387300
2019-06-07,75.400002,76.029999,75.349998,75.720001,67.392464,9234300
2019-06-10,76.440002,76.650002,75.800003,75.820000,67.481461,9513900
2019-06-11,76.269997,76.449997,74.870003,75.169998,66.902939,11936300
2019-06-12,75.110001,75.370003,74.930000,75.330002,67.045357,5612300
2019-06-13,75.459999,75.760002,75.260002,75.709999,67.383568,6987000
2019-06-14,75.620003,75.709999,75.089996,75.410004,67.116585,5966600
2019-06-17,75.449997,75.570000,75.089996,75.150002,66.885162,7708800
2019-06-18,75.540001,76.709999,75.540001,76.610001,68.184578,12506300
2019-06-19,76.739998,76.760002,76.190002,76.550003,68.131180,11171700
2019-06-20,77.449997,77.930000,76.959999,77.830002,69.270416,14503200
2019-06-21,77.489998,77.809998,77.050003,77.080002,68.901237,11526800
2019-06-24,77.110001,77.389999,76.900002,76.930000,68.767128,8388300
2019-06-25,76.930000,76.959999,76.290001,76.349998,68.248665,9267600
2019-06-26,76.559998,76.760002,76.349998,76.540001,68.418541,7262700
2019-06-27,76.599998,76.870003,76.290001,76.610001,68.481125,7573800
2019-06-28,76.720001,77.470001,76.720001,77.419998,69.205154,11152300
2019-07-01,78.050003,78.440002,77.160004,77.489998,69.267738,10300100
2019-07-02,77.570000,77.680000,77.209999,77.389999,69.178329,9237200
2019-07-03,77.639999,77.849998,77.360001,77.820000,69.562706,8091400
2019-07-05,77.459999,77.510002,76.449997,77.510002,69.285614,6389000
2019-07-08,77.040001,77.269997,76.669998,76.870003,68.713516,6039900
2019-07-09,76.400002,76.790001,76.279999,76.699997,68.561554,10137500
2019-07-10,76.919998,77.260002,76.449997,76.519997,68.400658,10124800
2019-07-11,76.500000,77.050003,76.379997,77.040001,68.865501,7393900
2019-07-12,77.300003,78.410004,77.300003,78.389999,70.072250,12152800
2019-07-15,78.389999,78.389999,77.959999,78.070000,69.786186,4452300
2019-07-16,78.059998,78.779999,78.059998,78.570000,70.233131,8115300
2019-07-17,78.120003,78.190002,76.860001,76.889999,68.731400,11235100
2019-07-18,76.940002,77.139999,76.559998,77.029999,68.856522,6647900
2019-07-19,77.529999,77.919998,77.400002,77.449997,69.231987,7601700
2019-07-22,77.589996,77.910004,77.260002,77.510002,69.285614,8448200
2019-07-23,78.080002,78.519997,77.760002,78.489998,70.161629,10284200
2019-07-24,77.849998,79.019997,77.830002,78.830002,70.465523,8692500
2019-07-25,78.830002,79.070000,78.320000,78.669998,70.322533,8759000
2019-07-26,78.519997,78.709999,78.239998,78.500000,70.170563,6147900
2019-07-29,78.410004,78.550003,78.230003,78.360001,70.045403,5387500
2019-07-30,77.870003,78.699997,77.599998,78.699997,70.349358,7071100
2019-07-31,78.739998,78.900002,77.220001,77.820000,69.562706,12485300
2019-08-01,77.680000,78.279999,76.169998,76.309998,68.212967,18665700
2019-08-02,76.050003,76.209999,75.300003,75.820000,67.774925,12992400
2019-08-05,74.620003,74.629997,73.080002,73.720001,65.897766,14505200
2019-08-06,74.230003,74.889999,73.879997,74.830002,66.889984,11758600
2019-08-07,73.860001,74.930000,73.320000,74.790001,66.854218,15604300
2019-08-08,75.120003,76.110001,75.029999,76.059998,67.989464,9353100
2019-08-09,75.779999,75.860001,74.980003,75.419998,67.417389,8213600
2019-08-12,74.889999,75.150002,74.139999,74.379997,66.487701,15560600
2019-08-13,74.290001,76.029999,74.150002,75.269997,67.283287,14379300
2019-08-14,74.120003,74.269997,72.889999,72.970001,65.227325,13653800
2019-08-15,73.089996,73.099998,72.190002,72.889999,65.155838,11974400
2019-08-16,73.489998,74.449997,73.410004,74.300003,66.416222,9575500
2019-08-19,75.180000,75.320000,74.870003,75.000000,67.041946,4260500
2019-08-20,74.860001,75.029999,74.500000,74.559998,66.648613,4695400
2019-08-21,75.129997,75.349998,74.900002,75.019997,67.059822,5399200
2019-08-22,75.230003,75.540001,74.570000,75.129997,67.158157,7692400
2019-08-23,74.660004,75.220001,72.769997,73.120003,65.361435,26474900
2019-08-26,73.970001,74.089996,73.019997,73.660004,65.844139,14041900
2019-08-27,74.050003,74.080002,73.110001,73.279999,65.504448,9943300
2019-08-28,73.080002,74.180000,72.769997,74.180000,66.308952,11921300
2019-08-29,75.000000,75.620003,74.699997,75.449997,67.444183,10651000
2019-08-30,75.949997,76.260002,75.610001,75.760002,67.721291,7500200
2019-09-03,75.040001,75.800003,74.260002,74.730003,66.800621,12787100
2019-09-04,75.330002,75.760002,74.730003,75.680000,67.649788,9265600
2019-09-05,76.589996,77.599998,76.540001,77.040001,68.865501,14266800
2019-09-06,77.330002,77.459999,76.970001,77.199997,69.008522,6940300
2019-09-09,77.379997,77.779999,77.250000,77.430000,69.214104,8081000
2019-09-10,77.230003,78.160004,76.959999,78.139999,69.848747,9487400
2019-09-11,78.300003,78.919998,77.879997,78.870003,70.501297,14262600
2019-09-12,79.089996,79.300003,78.570000,78.919998,70.546021,18667600
2019-09-13,79.279999,79.790001,79.250000,79.349998,70.930351,9357700
2019-09-16,79.120003,79.410004,78.940002,79.279999,70.867798,8011700
2019-09-17,79.089996,79.309998,78.669998,79.239998,70.832047,6249300
2019-09-18,78.779999,79.160004,78.239998,79.120003,70.724785,8089600
2019-09-19,79.089996,79.349998,78.680000,78.720001,70.367233,5076800
2019-09-20,78.389999,78.660004,77.589996,77.809998,69.922417,10478700
2019-09-23,77.500000,77.940002,77.220001,77.660004,69.787605,14475100
2019-09-24,78.000000,78.190002,76.830002,77.220001,69.392212,11798600
2019-09-25,77.339996,77.870003,77.070000,77.720001,69.841522,10000200
2019-09-26,77.849998,78.080002,77.419998,77.830002,69.940376,9083000
2019-09-27,78.089996,78.180000,77.160004,77.519997,69.661812,10226900
2019-09-30,77.610001,77.889999,77.610001,77.629997,69.760643,6225100
2019-10-01,77.910004,78.239998,75.690002,75.769997,68.089180,15968900
2019-10-02,75.120003,75.129997,73.790001,74.339996,66.804161,12341200
2019-10-03,74.169998,74.849998,73.180000,74.830002,67.244476,16621700
2019-10-04,74.879997,75.699997,74.800003,75.610001,67.945412,9175800
2019-10-07,75.379997,75.870003,75.070000,75.230003,67.603935,6505400
2019-10-08,74.470001,74.870003,74.019997,74.070000,66.561523,11579500
2019-10-09,74.680000,75.000000,74.279999,74.699997,67.127655,6271500
2019-10-10,74.550003,75.650002,74.550003,75.379997,67.738731,9321000
2019-10-11,76.379997,77.480003,76.180000,76.800003,69.014786,16243500
2019-10-14,76.650002,76.870003,76.410004,76.650002,68.879982,4829300
2019-10-15,76.790001,77.570000,76.629997,77.269997,69.437126,8973800
2019-10-16,77.129997,77.620003,77.089996,77.230003,69.401199,8786300
2019-10-17,77.669998,78.190002,77.540001,77.610001,69.742668,7976200
2019-10-18,77.440002,77.599998,76.860001,76.940002,69.140594,9694500
2019-10-21,77.230003,77.570000,77.110001,77.400002,69.553955,8419400
2019-10-22,77.489998,78.239998,77.199997,78.010002,70.102135,11351500
2019-10-23,77.980003,78.050003,77.669998,78.000000,70.093132,7370300
2019-10-24,78.129997,78.220001,77.550003,78.110001,70.191994,8355700
2019-10-25,78.089996,78.779999,78.050003,78.599998,70.632317,7718500
2019-10-28,78.769997,79.230003,78.760002,78.820000,70.830002,8138200
2019-10-29,78.500000,79.290001,78.400002,79.080002,71.063667,10429100
2019-10-30,79.230003,79.430000,78.800003,79.360001,71.315285,9208200
2019-10-31,79.120003,79.120003,78.110001,78.510002,70.551453,10693200
2019-11-01,79.059998,80.220001,79.010002,80.220001,72.088089,19657900
2019-11-04,80.660004,81.180000,80.660004,81.150002,72.923813,15286500
2019-11-05,81.300003,81.680000,81.080002,81.320000,73.076591,14923700
2019-11-06,81.250000,81.379997,80.900002,81.370003,73.121521,12253200
2019-11-07,81.800003,82.180000,81.519997,81.650002,73.373146,10297000
2019-11-08,81.480003,81.760002,81.230003,81.760002,73.471985,6323400
2019-11-11,81.260002,81.930000,81.129997,81.800003,73.507942,5801500
2019-11-12,81.930000,82.169998,81.620003,81.790001,73.498962,8293500
2019-11-13,81.459999,81.750000,81.199997,81.449997,73.193420,9885400
2019-11-14,81.290001,81.879997,81.279999,81.709999,73.427055,7355000
2019-11-15,82.169998,82.480003,82.099998,82.309998,73.966225,6150700
2019-11-18,82.160004,82.160004,81.830002,82.000000,73.687653,5119400
2019-11-19,82.260002,82.330002,81.750000,81.930000,73.624763,9192800
2019-11-20,81.669998,81.860001,80.959999,81.279999,73.040642,14726700
2019-11-21,81.290001,81.510002,81.000000,81.250000,73.013680,6094800
2019-11-22,81.449997,81.690002,81.190002,81.669998,73.391098,5205100
2019-11-25,81.970001,82.419998,81.760002,82.260002,73.921318,9190000
2019-11-26,82.339996,82.650002,82.180000,82.500000,74.136986,6069400
2019-11-27,82.440002,82.449997,82.099998,82.419998,74.065071,9186200
2019-11-29,82.320000,82.320000,81.900002,82.040001,73.723572,5645400
2019-12-02,82.029999,82.150002,80.650002,80.690002,72.510445,18275700
2019-12-03,79.839996,79.879997,79.260002,79.809998,71.719643,20384400
2019-12-04,80.230003,80.900002,80.040001,80.120003,71.998245,16090300
2019-12-05,80.269997,80.330002,79.790001,80.139999,72.016190,18539400
2019-12-06,80.889999,81.260002,80.860001,81.110001,72.887886,8966700
2019-12-09,80.879997,81.099998,80.760002,80.800003,72.609306,6951300
2019-12-10,80.790001,81.029999,80.559998,80.699997,72.519440,9046900
2019-12-11,80.779999,81.279999,80.580002,81.209999,72.977737,9070300
2019-12-12,81.250000,82.190002,81.040001,81.930000,73.624763,15561500
2019-12-13,81.889999,82.540001,81.440002,81.709999,73.427055,11754800
2019-12-16,81.989998,82.120003,81.660004,81.669998,73.391098,8046500
2019-12-17,81.680000,81.860001,81.540001,81.589996,73.319214,5949600
2019-12-18,81.599998,81.620003,81.099998,81.250000,73.013680,6679300
2019-12-19,81.260002,81.559998,81.169998,81.470001,73.211365,5744000
2019-12-20,81.339996,81.629997,81.160004,81.440002,73.548256,8913300
2019-12-23,81.930000,82.199997,81.790001,82.110001,74.153320,5675700
2019-12-24,82.089996,82.199997,81.690002,81.779999,73.855286,4451600
2019-12-26,81.959999,81.980003,81.580002,81.970001,74.026878,3914200
2019-12-27,82.230003,82.230003,81.790001,81.900002,73.963676,5300700
2019-12-30,81.989998,81.989998,81.360001,81.519997,73.620483,7716400
2019-12-31,81.320000,81.690002,81.180000,81.470001,73.575317,6458200
2020-01-02,82.050003,83.010002,81.830002,83.010002,74.966110,16121300
2020-01-03,82.059998,82.949997,81.989998,82.849998,74.821609,17571300
2020-01-06,82.459999,82.889999,82.269997,82.879997,74.848701,16153100
2020-01-07,82.570000,83.019997,82.290001,82.709999,74.695175,16675400
2020-01-08,82.769997,83.360001,82.629997,82.989998,74.948044,10677700
2020-01-09,83.339996,83.430000,83.080002,83.339996,75.264130,7407200
2020-01-10,83.510002,83.510002,82.610001,82.750000,74.731316,8856800
2020-01-13,83.010002,83.519997,82.849998,83.430000,75.345421,7893800
2020-01-14,83.480003,83.980003,83.330002,83.440002,75.354439,9649400
2020-01-15,83.449997,83.919998,83.379997,83.570000,75.471848,12014500
2020-01-16,84.000000,84.440002,83.930000,84.400002,76.221428,9493300
2020-01-17,84.459999,84.809998,84.300003,84.410004,76.230438,7013400
2020-01-21,84.029999,84.269997,83.110001,83.480003,75.390526,13005000
2020-01-22,83.709999,83.900002,82.980003,83.040001,74.993217,7490500
2020-01-23,82.930000,84.050003,82.629997,83.940002,75.805984,10758500
2020-01-24,84.099998,84.169998,82.930000,83.550003,75.453773,13402200
2020-01-27,82.059998,82.519997,81.970001,81.970001,74.026878,15013800
2020-01-28,82.239998,82.910004,81.860001,82.500000,74.505531,14918000
2020-01-29,83.330002,83.570000,82.849998,82.940002,74.902893,10355100
2020-01-30,82.139999,83.120003,81.970001,83.029999,74.984161,13158200
2020-01-31,82.580002,82.699997,80.800003,81.110001,73.250244,19083600
2020-02-03,81.550003,82.230003,80.989998,81.080002,73.223099,15676600
2020-02-04,82.320000,82.809998,82.239998,82.610001,74.604881,13597200
2020-02-05,83.540001,84.000000,83.110001,83.989998,75.851135,12835800
2020-02-06,84.330002,84.400002,83.720001,84.260002,76.094971,8627600
2020-02-07,83.940002,84.150002,83.580002,83.650002,75.544106,12394500
2020-02-10,83.519997,84.139999,83.419998,84.120003,75.968536,8074200
2020-02-11,84.550003,84.839996,84.230003,84.440002,76.257523,6291400
2020-02-12,84.900002,85.330002,84.699997,85.230003,76.970970,7808900
2020-02-13,84.790001,85.110001,84.459999,84.750000,76.537468,8231500
2020-02-14,84.730003,84.889999,84.300003,84.639999,76.438133,5319300
2020-02-18,84.290001,84.529999,83.769997,84.160004,76.004669,10399700
2020-02-19,84.330002,84.570000,84.089996,84.129997,75.977562,4638700
2020-02-20,83.980003,84.589996,83.400002,84.010002,75.869209,9518700
2020-02-21,83.559998,83.839996,83.209999,83.589996,75.489883,13184800
2020-02-24,81.209999,81.720001,80.709999,81.209999,73.340538,18010100
2020-02-25,81.379997,81.620003,77.690002,77.900002,70.351280,33000700
2020-02-26,78.389999,79.389999,77.139999,77.309998,69.818443,32619800
2020-02-27,75.790001,77.400002,74.389999,74.440002,67.226540,42597300
2020-02-28,72.169998,73.669998,71.300003,73.080002,65.998367,79118200
2020-03-02,73.949997,75.830002,72.589996,75.650002,68.319305,44798900
2020-03-03,75.849998,77.529999,73.349998,73.800003,66.648567,53823900
2020-03-04,74.959999,76.949997,74.260002,76.849998,69.403030,32387800
2020-03-05,74.669998,75.220001,72.769997,73.089996,66.007370,28762200
2020-03-06,70.660004,72.739998,70.449997,72.449997,65.429405,40681300
2020-03-09,66.699997,68.349998,65.080002,65.769997,59.396690,24792500
2020-03-10,68.040001,69.230003,65.349998,69.180000,62.476254,18385600
2020-03-11,67.040001,67.650002,64.400002,65.120003,58.809704,28414900
2020-03-12,59.590000,63.000000,54.099998,58.380001,52.722816,23659800
2020-03-13,61.830002,62.990002,58.590000,62.939999,56.840942,18660300
2020-03-16,56.220001,59.889999,55.570000,55.799999,50.392822,18656400
2020-03-17,56.680000,58.669998,54.610001,58.369999,52.713776,24962200
2020-03-18,54.299999,54.990002,50.360001,54.070000,48.830471,26018900
2020-03-19,53.400002,54.959999,51.290001,54.110001,48.866589,16868000
2020-03-20,54.509998,55.160000,51.180000,51.400002,46.419197,22341700
2020-03-23,50.830002,50.830002,47.709999,48.770000,44.386013,34346400
2020-03-24,51.740002,55.119999,51.610001,54.939999,50.001377,29349700
2020-03-25,55.990002,60.049999,54.639999,57.830002,52.631599,27753000
2020-03-26,58.930000,61.830002,58.410000,61.480000,55.953506,22110200
2020-03-27,59.130001,61.570000,57.970001,58.889999,53.596321,22486700
2020-03-30,58.919998,60.040001,57.980000,59.750000,54.379009,15759000
2020-03-31,59.250000,60.250000,58.759998,59.009998,53.705536,12883900
2020-04-01,56.380001,57.060001,55.540001,56.349998,51.284630,16057100
2020-04-02,55.849998,57.869999,55.630001,57.099998,51.967220,23895100
2020-04-03,56.939999,57.529999,55.720001,56.340000,51.275547,15912400
2020-04-06,58.880001,60.590000,58.810001,60.240002,54.824966,19306700
2020-04-07,62.500000,63.189999,60.060001,60.099998,54.697540,18391000
2020-04-08,60.930000,62.619999,60.430000,62.279999,56.681576,11986700
2020-04-09,63.470001,64.330002,62.650002,63.220001,57.537098,21132300
2020-04-13,62.820000,62.860001,60.799999,61.369999,55.853382,11086600
2020-04-14,62.720001,63.180000,61.919998,62.540001,56.918217,15293600
2020-04-15,61.169998,61.290001,59.790001,60.810001,55.343723,12758400
2020-04-16,60.720001,60.740002,59.369999,60.270000,54.852280,16117600
2020-04-17,62.330002,63.310001,62.110001,63.099998,57.427879,18372500
2020-04-20,61.900002,62.639999,61.220001,61.419998,55.898891,10475100
2020-04-21,60.090000,60.770000,59.730000,59.970001,54.579231,9553300
2020-04-22,61.139999,61.299999,60.230000,60.599998,55.152611,9185000
2020-04-23,61.070000,62.349998,61.060001,61.080002,55.589455,14256500
2020-04-24,61.610001,61.779999,60.580002,61.570000,56.035404,7139000
2020-04-27,62.000000,63.490002,61.880001,63.099998,57.427879,9323200
2020-04-28,64.339996,65.010002,63.610001,64.279999,58.501801,9938600
2020-04-29,65.570000,66.220001,64.919998,65.510002,59.621231,12757000
2020-04-30,64.599998,64.720001,63.740002,64.209999,58.438091,14309800
2020-05-01,63.080002,63.250000,61.860001,62.270000,56.672482,9019200
2020-05-04,61.389999,61.490002,60.599998,61.480000,55.953506,8551700
2020-05-05,62.049999,62.560001,61.650002,61.720001,56.171925,8691200
2020-05-06,62.060001,62.110001,60.790001,60.869999,55.398338,7048100
2020-05-07,61.689999,62.369999,61.340000,61.580002,56.044506,8144500
2020-05-08,62.330002,63.240002,62.310001,63.110001,57.436974,8661500
2020-05-11,62.480000,62.799999,61.889999,62.320000,56.717983,8407700
2020-05-12,62.470001,62.709999,60.560001,60.570000,55.125298,12329000
2020-05-13,60.209999,60.279999,58.500000,59.049999,53.741936,15434500
2020-05-14,58.180000,59.669998,56.970001,59.669998,54.306206,14221100
2020-05-15,58.970001,59.830002,58.700001,59.459999,54.115074,17398000
2020-05-18,61.820000,63.779999,61.650002,63.380001,57.682705,22117500
2020-05-19,63.259998,63.869999,62.560001,62.570000,56.945522,12447700
2020-05-20,63.560001,64.349998,63.470001,63.740002,58.010342,8644000
2020-05-21,63.750000,64.400002,63.410000,63.889999,58.146854,7682300
2020-05-22,64.010002,64.059998,63.270000,63.840000,58.101357,7113000
2020-05-26,65.849998,67.029999,65.820000,66.519997,60.540440,14908000
2020-05-27,67.959999,68.790001,67.290001,68.739998,62.560890,21918500
2020-05-28,69.430000,69.650002,67.970001,68.089996,61.969318,17490200
2020-05-29,67.459999,68.129997,66.750000,67.669998,61.587074,18881500
2020-06-01,67.599998,68.330002,67.339996,67.820000,61.723572,12919200
2020-06-02,68.330002,68.879997,68.040001,68.699997,62.524490,10852400
2020-06-03,69.699997,71.570000,69.669998,71.379997,64.963585,16253300
2020-06-04,71.220001,72.169998,71.040001,72.139999,65.655266,17880500
2020-06-05,75.160004,76.209999,74.489998,74.790001,68.067039,19564100
2020-06-08,75.750000,76.529999,75.720001,76.290001,69.432228,18906200
2020-06-09,74.900002,75.000000,74.059998,74.389999,67.703003,15074600
2020-06-10,74.040001,74.139999,72.379997,72.610001,66.083015,16694200
2020-06-11,69.519997,70.089996,67.410004,67.510002,61.441441,26054800
2020-06-12,69.949997,70.139999,67.139999,68.820000,62.633709,29161900
2020-06-15,66.629997,69.930000,66.360001,69.500000,63.252579,18116200
2020-06-16,72.410004,72.489998,69.589996,70.860001,64.490341,20563200
2020-06-17,71.019997,71.160004,70.180000,70.349998,64.026169,9448200
2020-06-18,69.690002,70.720001,69.550003,70.089996,63.789520,8632800
2020-06-19,71.129997,71.209999,68.760002,69.230003,63.006844,15601300
2020-06-22,68.510002,69.260002,67.940002,69.040001,63.112900,7932000
2020-06-23,69.739998,69.830002,68.879997,69.050003,63.122032,8849600
2020-06-24,68.110001,68.339996,66.480003,66.650002,60.928078,16922800
2020-06-25,66.209999,67.449997,65.629997,67.389999,61.604527,11623700
2020-06-26,67.120003,67.370003,65.849998,66.139999,60.461853,21429900
2020-06-29,67.120003,68.309998,66.690002,68.309998,62.445549,10864700
2020-06-30,67.790001,69.089996,67.589996,68.699997,62.802078,8868500
2020-07-01,69.379997,69.940002,68.330002,68.389999,62.518681,9789000
2020-07-02,69.489998,70.000000,68.809998,68.980003,63.058044,8279800
2020-07-06,70.050003,70.339996,69.459999,69.970001,63.963043,10815400
2020-07-07,69.290001,69.589996,68.550003,68.629997,62.738079,6111800
2020-07-08,68.599998,69.059998,68.050003,68.629997,62.738079,8576500
2020-07-09,68.510002,68.589996,66.919998,67.139999,61.375988,16782900
2020-07-10,67.080002,68.070000,67.080002,68.010002,62.171307,9255300
2020-07-13,68.599998,69.459999,67.930000,68.290001,62.427265,14570100
2020-07-14,68.050003,69.849998,67.769997,69.769997,63.780190,12689500
2020-07-15,71.059998,71.870003,70.660004,71.550003,65.407410,15472400
2020-07-16,71.220001,71.919998,70.889999,71.570000,65.425682,13017100
2020-07-17,71.889999,72.150002,71.519997,72.000000,65.818771,8605200
2020-07-20,71.589996,71.760002,70.910004,71.120003,65.014305,9404600
2020-07-21,71.760002,72.580002,71.629997,72.059998,65.873596,9344300
2020-07-22,71.779999,72.739998,71.760002,72.639999,66.403824,7620200
2020-07-23,72.550003,73.089996,72.139999,72.419998,66.202690,7538000
2020-07-24,72.309998,72.709999,71.629997,71.839996,65.672516,10061400
2020-07-27,71.820000,72.239998,71.400002,72.139999,65.946754,6198400
2020-07-28,71.800003,72.239998,71.580002,71.639999,65.489662,5964500
2020-07-29,72.010002,72.889999,71.959999,72.730003,66.486076,6935400
2020-07-30,72.220001,72.410004,71.470001,72.000000,65.818771,9118700
2020-07-31,71.709999,71.879997,70.529999,71.730003,65.571960,9836300
2020-08-03,71.820000,72.279999,71.370003,72.029999,65.846199,12737000
2020-08-04,71.769997,72.250000,71.750000,72.209999,66.010735,6560900
2020-08-05,72.699997,73.680000,72.610001,73.589996,67.272263,8520900
2020-08-06,73.500000,73.879997,73.400002,73.870003,67.528221,5880600
2020-08-07,73.820000,75.160004,73.709999,75.129997,68.680046,12952100
2020-08-10,75.400002,77.050003,75.360001,76.980003,70.371239,15626800
2020-08-11,78.059998,78.669998,77.230003,77.389999,70.746033,17263700
2020-08-12,78.120003,78.209999,77.339996,77.639999,70.974571,12587200
2020-08-13,77.220001,77.750000,76.930000,77.230003,70.599762,13298800
2020-08-14,76.839996,77.919998,76.720001,77.529999,70.874016,5909700
2020-08-17,77.680000,77.839996,77.029999,77.169998,70.544907,5898700
2020-08-18,77.120003,77.360001,76.639999,76.750000,70.160980,5145500
2020-08-19,76.839996,77.239998,76.379997,76.550003,69.978149,6297900
2020-08-20,75.949997,76.320000,75.709999,76.139999,69.603333,10529300
2020-08-21,76.070000,76.660004,76.019997,76.449997,69.886726,7113600
2020-08-24,76.959999,77.830002,76.610001,77.830002,71.148262,10171400
2020-08-25,78.360001,78.360001,77.320000,77.730003,71.056847,12076100
2020-08-26,77.580002,78.040001,77.199997,77.769997,71.093399,6538500
2020-08-27,78.209999,78.709999,77.790001,78.050003,71.349350,10260100
2020-08-28,78.320000,78.830002,77.949997,78.790001,72.025841,10323900
2020-08-31,78.570000,78.860001,77.809998,77.809998,71.129982,9908100
2020-09-01,77.559998,78.669998,77.279999,78.599998,71.852150,14431600
2020-09-02,78.879997,80.120003,78.660004,79.900002,73.040543,15333500
2020-09-03,79.959999,80.260002,77.160004,77.660004,70.992859,19995100
2020-09-04,78.349998,78.879997,76.809998,77.839996,71.157387,21632400
2020-09-08,77.309998,77.400002,76.169998,76.379997,69.822739,14913700
2020-09-09,77.080002,78.199997,76.879997,77.559998,70.901451,16222000
2020-09-10,77.820000,78.059998,76.330002,76.570000,69.996414,16547200
2020-09-11,76.860001,77.980003,76.800003,77.610001,70.947144,16124400
2020-09-14,78.339996,78.910004,77.970001,78.660004,71.906998,9641800
2020-09-15,78.980003,79.180000,78.580002,78.709999,71.952713,13583700
2020-09-16,79.330002,80.309998,78.889999,79.510002,72.684029,10296200
2020-09-17,78.370003,80.160004,78.010002,79.669998,72.830307,19265500
2020-09-18,79.919998,80.220001,78.720001,78.779999,72.016724,13358700
2020-09-21,77.059998,77.230003,75.110001,75.870003,69.626076,23188100
2020-09-22,75.839996,76.769997,75.769997,76.620003,70.314354,7512500
2020-09-23,76.779999,77.589996,75.169998,75.250000,69.057121,16388700
2020-09-24,75.129997,76.209999,74.349998,75.360001,69.158058,12111100
2020-09-25,74.900002,76.750000,74.900002,76.489998,70.195061,7346900
2020-09-28,77.449997,78.489998,77.449997,77.870003,71.461502,7409600
2020-09-29,77.730003,78.050003,76.959999,77.180000,70.828270,9633000
2020-09-30,77.480003,78.389999,76.410004,76.980003,70.644737,12184900
2020-10-01,77.519997,77.870003,76.209999,76.750000,70.433655,14045400
2020-10-02,75.500000,78.059998,75.470001,77.610001,71.222878,17895400
2020-10-05,78.269997,79.029999,78.269997,78.860001,72.370010,8880800
2020-10-06,79.190002,79.720001,77.820000,77.900002,71.489006,12587300
2020-10-07,78.820000,79.860001,78.790001,79.620003,73.067474,10049900
2020-10-08,80.150002,80.419998,79.440002,80.410004,73.792450,16341600
2020-10-09,80.910004,81.260002,80.459999,80.709999,74.067757,12603500
2020-10-12,81.070000,81.459999,80.830002,81.169998,74.489899,8662000
2020-10-13,80.599998,81.089996,80.029999,80.269997,73.663979,11004600
2020-10-14,80.400002,81.330002,80.389999,80.720001,74.076950,10052300
2020-10-15,79.849998,81.050003,79.720001,81.010002,74.343079,12063800
2020-10-16,81.510002,82.099998,81.389999,81.599998,74.884537,9422400
2020-10-19,81.660004,82.129997,80.290001,80.589996,73.957649,8531000
2020-10-20,81.010002,82.040001,80.820000,81.010002,74.343079,9806800
2020-10-21,80.709999,81.379997,80.190002,80.190002,73.590561,8009000
2020-10-22,80.370003,80.989998,80.120003,80.849998,74.196220,6878200
2020-10-23,81.269997,81.519997,80.550003,81.169998,74.489899,8038300
2020-10-26,80.099998,80.190002,78.279999,79.139999,72.626953,10692400
2020-10-27,78.910004,79.000000,77.389999,77.410004,71.039345,8736000
2020-10-28,75.830002,76.680000,74.779999,74.870003,68.708389,17321800
2020-10-29,74.820000,76.610001,74.639999,75.959999,69.708679,14272900
2020-10-30,75.559998,76.180000,74.720001,75.870003,69.626076,15374700
2020-11-02,77.000000,78.070000,76.440002,77.919998,71.507370,14166800
2020-11-03,78.980003,80.669998,78.800003,80.220001,73.618088,16357500
2020-11-04,79.559998,81.190002,78.870003,79.389999,72.856407,23229800
2020-11-05,80.470001,81.790001,80.419998,81.260002,74.572495,12159300
2020-11-06,81.110001,81.699997,80.760002,81.339996,74.645920,10091600
2020-11-09,86.870003,87.879997,84.050003,84.110001,77.187965,25393800
2020-11-10,84.389999,85.930000,84.129997,85.589996,78.546143,18983800
2020-11-11,86.129997,86.139999,84.440002,84.870003,77.885391,11081400
2020-11-12,84.010002,84.809998,83.330002,83.900002,76.995239,10776400
2020-11-13,84.610001,85.860001,84.550003,85.760002,78.702164,9280200
2020-11-16,87.660004,87.989998,86.430000,87.849998,80.620163,14364100
2020-11-17,87.190002,87.910004,86.320000,87.620003,80.409119,11029700
2020-11-18,88.309998,88.680000,87.169998,87.230003,80.051193,11882700
2020-11-19,87.010002,87.529999,86.440002,87.449997,80.253082,8451900
2020-11-20,87.239998,87.589996,86.459999,86.660004,79.528091,7288200
2020-11-23,87.400002,88.279999,87.400002,88.110001,80.858772,11396000
2020-11-24,89.459999,90.160004,89.019997,89.650002,82.272034,13977000
2020-11-25,89.580002,89.599998,88.529999,88.970001,81.647987,9382800
2020-11-27,89.209999,89.500000,88.559998,88.820000,81.510330,5023100
2020-11-30,88.620003,88.720001,87.529999,88.029999,80.785370,10379800
2020-12-01,89.010002,89.430000,87.769997,87.809998,80.583473,14520400
2020-12-02,87.480003,88.150002,87.379997,87.930000,80.693581,13219800
2020-12-03,88.050003,88.959999,87.989998,88.160004,80.904648,11677400
2020-12-04,88.449997,89.379997,88.419998,89.209999,81.868240,11754100
2020-12-07,89.160004,89.260002,88.519997,88.779999,81.473640,7599000
2020-12-08,88.500000,89.370003,88.470001,89.209999,81.868240,5038200
2020-12-09,89.519997,89.730003,88.769997,89.410004,82.051781,12047100
2020-12-10,88.790001,89.220001,88.169998,88.559998,81.271751,11628000
2020-12-11,88.010002,88.959999,88.000000,88.769997,81.464447,6577500
2020-12-14,89.629997,89.699997,87.599998,87.620003,80.409119,6841800
2020-12-15,88.260002,89.190002,87.730003,88.839996,81.528687,7351300
2020-12-16,88.919998,88.970001,88.099998,88.290001,81.023949,6805000
2020-12-17,88.809998,88.940002,88.320000,88.830002,81.519508,9088500
2020-12-18,88.959999,89.059998,88.139999,88.839996,81.528687,8640000
2020-12-21,86.709999,88.349998,86.389999,87.940002,81.036606,9071100
2020-12-22,87.900002,87.989998,86.879997,87.529999,80.658798,11451100
2020-12-23,87.980003,88.459999,87.870003,87.989998,81.082680,8939400
2020-12-24,88.120003,88.139999,87.500000,88.000000,81.091904,2367400
2020-12-28,88.580002,88.870003,88.010002,88.110001,81.193245,4849900
2020-12-29,88.559998,88.680000,86.989998,87.580002,80.704865,6729500
2020-12-30,87.730003,88.379997,87.680000,88.139999,81.220909,5019300
2020-12-31,88.110001,88.720001,87.660004,88.550003,81.598717,6761600
2021-01-04,88.660004,88.739998,85.919998,86.410004,79.626717,16200700
2021-01-05,86.250000,87.589996,86.239998,87.260002,80.409996,16004600
2021-01-06,87.820000,90.070000,87.550003,89.339996,82.326691,19500600
2021-01-07,89.839996,90.180000,89.099998,89.830002,82.778244,10114900
2021-01-08,90.029999,90.279999,88.709999,89.610001,82.575516,11043300
2021-01-11,88.669998,89.839996,88.599998,89.580002,82.547874,11911100
2021-01-12,89.559998,90.690002,89.050003,90.470001,83.367996,10408000
2021-01-13,90.320000,90.449997,89.550003,89.690002,82.649231,9230300
2021-01-14,90.150002,90.650002,89.839996,90.000000,82.934906,10669800
2021-01-15,89.400002,89.610001,88.080002,88.830002,81.856735,12924800
2021-01-19,89.589996,89.889999,89.089996,89.120003,82.123978,8933700
2021-01-20,89.589996,89.879997,89.089996,89.669998,82.630814,8374300
2021-01-21,89.470001,89.680000,88.839996,88.970001,81.985748,9601500
2021-01-22,88.389999,88.879997,87.769997,88.510002,81.561859,9728800
2021-01-25,88.099998,88.349998,87.040001,87.910004,81.008957,18249000
2021-01-26,88.669998,88.809998,87.050003,87.099998,80.262535,10480800
2021-01-27,85.930000,86.150002,84.720001,85.370003,78.668350,23140100
2021-01-28,86.199997,87.669998,86.110001,86.639999,79.838654,17928300
2021-01-29,86.080002,86.510002,84.510002,84.769997,78.115463,20895000
2021-02-01,85.610001,85.889999,84.940002,85.650002,78.926376,11318700
2021-02-02,86.660004,87.860001,86.570000,87.470001,80.603493,10443800
2021-02-03,87.370003,87.690002,86.790001,87.529999,80.658798,9662900
2021-02-04,87.830002,88.620003,87.709999,88.470001,81.525009,7113900
2021-02-05,89.160004,89.419998,88.760002,88.989998,82.004181,7481900
2021-02-08,89.349998,89.790001,89.150002,89.750000,82.704514,8848000
2021-02-09,89.669998,90.279999,89.059998,89.980003,82.916466,8298500
2021-02-10,90.379997,90.410004,89.430000,89.839996,82.787460,10982400
2021-02-11,90.070000,90.199997,88.739998,89.650002,82.612366,8868500
2021-02-12,89.449997,90.370003,89.349998,90.300003,83.211357,7983500
2021-02-16,90.510002,90.879997,90.010002,90.209999,83.128410,8227600
2021-02-17,89.820000,90.029999,89.260002,89.959999,82.898033,7266000
2021-02-18,89.500000,89.720001,88.839996,89.510002,82.483353,6409500
2021-02-19,90.150002,91.250000,90.080002,90.980003,83.837982,8737200
2021-02-22,90.519997,91.940002,90.440002,91.269997,84.105194,10552200
2021-02-23,91.440002,91.779999,90.190002,91.550003,84.363213,16573400
2021-02-24,91.769997,93.660004,91.360001,93.279999,85.957405,16795900
2021-02-25,93.269997,93.379997,91.180000,91.559998,84.372414,19945300
2021-02-26,91.779999,92.050003,90.360001,90.610001,83.497002,18163400
2021-03-01,91.930000,93.620003,91.800003,92.930000,85.634888,11494000
2021-03-02,92.980003,93.129997,92.260002,92.660004,85.386086,11530700
2021-03-03,92.739998,93.849998,92.529999,92.760002,85.478241,17497800
2021-03-04,92.889999,93.230003,89.849998,91.279999,84.114426,27730400
2021-03-05,92.150002,93.750000,90.269997,93.440002,86.104858,22816300
2021-03-08,94.070000,95.889999,93.809998,94.419998,87.007935,16782400
2021-03-09,94.900002,95.389999,94.019997,94.029999,86.648537,12484800
2021-03-10,94.290001,95.910004,94.160004,95.419998,87.929420,17276200
2021-03-11,95.699997,96.309998,94.919998,95.489998,87.993927,12211100
2021-03-12,95.839996,96.849998,95.750000,96.769997,89.173447,10112800
2021-03-15,97.160004,97.610001,96.190002,97.580002,89.919868,11390900
2021-03-16,97.370003,97.430000,96.080002,96.190002,88.638962,12538800
2021-03-17,96.379997,97.500000,96.129997,97.300003,89.661842,14844000
2021-03-18,97.199997,98.519997,97.019997,97.209999,89.578896,16893400
2021-03-19,97.269997,97.309998,95.930000,96.470001,88.896996,18430600
2021-03-22,96.360001,96.529999,95.449997,96.120003,88.847084,12319900
2021-03-23,95.470001,96.339996,94.089996,94.440002,87.294189,16949000
2021-03-24,94.930000,96.620003,94.889999,95.129997,87.931984,14581900
2021-03-25,94.879997,96.800003,93.949997,96.650002,89.336975,18519500
2021-03-26,97.190002,98.379997,96.809998,98.320000,90.880615,14396000
2021-03-29,98.209999,98.919998,97.839996,98.339996,90.899109,12712800
2021-03-30,98.339996,99.010002,98.150002,98.769997,91.296562,10180500
2021-03-31,99.000000,99.260002,98.120003,98.449997,91.000778,12291300
2021-04-01,98.620003,98.860001,98.139999,98.779999,91.305801,11189300
2021-04-05,99.739998,100.339996,99.559998,100.000000,92.433487,10789200
2021-04-06,99.910004,100.570000,99.660004,99.760002,92.211670,8203000
2021-04-07,99.779999,100.029999,98.989998,99.300003,91.786469,8865800
2021-04-08,99.160004,99.580002,98.610001,99.540001,92.008301,9151600
2021-04-09,99.720001,100.559998,99.580002,100.510002,92.904915,9655900
2021-04-12,100.370003,100.940002,100.309998,100.879997,93.246910,7704800
2021-04-13,100.410004,100.699997,99.680000,100.389999,92.793999,10612000
2021-04-14,100.459999,101.199997,100.400002,100.519997,92.914146,9331900
2021-04-15,100.860001,101.059998,100.190002,100.919998,93.283875,12631200
2021-04-16,101.519997,101.800003,100.699997,101.139999,93.487244,10221900
2021-04-19,100.980003,101.000000,100.220001,100.720001,93.099022,8140900
2021-04-20,100.500000,100.680000,99.000000,99.610001,92.073021,13622200
2021-04-21,99.480003,101.010002,99.279999,100.970001,93.330101,11352800
2021-04-22,101.059998,101.699997,100.360001,100.459999,92.858681,11778700
2021-04-23,100.580002,101.820000,100.400002,101.559998,93.875450,8126800
2021-04-26,101.910004,102.419998,101.199997,101.260002,93.598175,7824800
2021-04-27,101.660004,102.260002,101.309998,102.099998,94.374596,13774800
2021-04-28,102.059998,102.410004,101.760002,101.889999,94.180481,7877900
2021-04-29,102.500000,102.739998,101.860001,102.610001,94.846008,11035300
2021-04-30,102.010002,102.330002,101.570000,101.930000,94.217476,9861200
2021-05-03,102.699997,103.260002,102.320000,102.980003,95.188034,9445300
2021-05-04,102.650002,103.449997,102.180000,103.430000,95.603966,11677400
2021-05-05,103.690002,104.019997,103.419998,103.529999,95.696411,9989000
2021-05-06,103.800003,104.279999,103.339996,104.250000,96.361923,18276400
2021-05-07,104.000000,105.599998,103.620003,105.349998,97.378685,19343000
2021-05-10,105.919998,106.809998,105.400002,105.449997,97.471130,16335500
2021-05-11,104.400002,104.669998,102.839996,103.889999,96.029167,25425800
2021-05-12,103.580002,103.959999,101.330002,101.400002,93.727562,18125700
2021-05-13,101.459999,103.790001,101.400002,103.300003,95.483826,16457900
2021-05-14,104.099998,105.000000,103.739998,104.730003,96.805603,11217700
2021-05-17,104.410004,104.779999,103.650002,104.410004,96.509811,11547700
2021-05-18,104.389999,104.559998,102.849998,102.889999,95.104828,11195500
2021-05-19,101.750000,102.320000,100.669998,102.309998,94.568710,16656400
2021-05-20,102.480003,102.900002,101.919998,102.540001,94.781326,11635300
2021-05-21,103.120003,103.879997,102.680000,103.040001,95.243484,13420200
2021-05-24,103.669998,103.900002,103.120003,103.680000,95.835052,7097900
2021-05-25,103.959999,104.449997,103.230003,103.370003,95.548515,8574700
2021-05-26,103.519997,103.839996,103.120003,103.699997,95.853546,7615800
2021-05-27,104.639999,105.300003,104.540001,105.120003,97.166092,11467400
2021-05-28,105.440002,105.449997,104.760002,105.120003,97.166092,7606300
2021-06-01,106.139999,106.309998,105.320000,105.529999,97.545082,9456900
2021-06-02,105.620003,105.730003,105.070000,105.230003,97.267784,7547800
2021-06-03,104.680000,105.589996,104.250000,105.000000,97.055176,10342300
2021-06-04,105.389999,105.570000,104.800003,105.339996,97.369446,7118200
2021-06-07,105.540001,105.559998,104.330002,104.610001,96.694672,8298700
2021-06-08,104.669998,105.110001,104.160004,104.879997,96.944237,8847800
2021-06-09,104.809998,104.809998,103.769997,103.809998,95.955208,10967100
2021-06-10,104.480003,104.680000,103.250000,103.300003,95.483826,10645200
2021-06-11,103.699997,104.019997,102.970001,103.510002,95.677910,10113500
2021-06-14,103.410004,103.550003,102.470001,103.040001,95.243484,11312100
2021-06-15,103.190002,103.699997,102.769997,103.480003,95.650185,8948600
2021-06-16,103.379997,103.500000,102.180000,102.500000,94.744339,13977900
2021-06-17,102.440002,102.699997,99.970001,100.919998,93.283875,20842900
2021-06-18,99.730003,100.459999,99.489998,99.610001,92.073021,21546100
2021-06-21,100.099998,101.610001,100.010002,101.480003,94.098152,15499900
2021-06-22,101.519997,101.970001,100.900002,101.589996,94.200142,10646400
2021-06-23,101.790001,102.070000,101.330002,101.360001,93.986870,9136300
2021-06-24,101.959999,102.309998,101.419998,102.150002,94.719398,11687400
2021-06-25,102.230003,102.720001,102.070000,102.349998,94.904854,13039300
2021-06-28,102.309998,102.389999,101.349998,101.809998,94.404129,11997600
2021-06-29,102.139999,102.570000,101.510002,101.610001,94.218697,11134200
2021-06-30,101.529999,102.589996,101.510002,102.400002,94.951210,13677200
2021-07-01,103.000000,103.190002,102.589996,103.129997,95.628128,13858600
2021-07-02,103.150002,103.470001,102.699997,103.290001,95.776474,9911600
2021-07-06,103.050003,103.190002,101.180000,102.300003,94.858498,11564100
2021-07-07,102.070000,103.470001,101.970001,103.320000,95.804283,14971800
2021-07-08,101.690002,102.529999,101.029999,101.879997,94.469040,17419300
2021-07-09,102.970001,103.650002,102.870003,103.489998,95.961929,13341900
2021-07-12,102.970001,103.750000,102.599998,103.629997,96.091728,10846500
2021-07-13,103.410004,103.500000,102.580002,102.629997,95.164482,14881700
2021-07-14,102.889999,103.290001,102.260002,102.620003,95.155228,10140000
2021-07-15,102.040001,103.239998,101.989998,102.820000,95.340652,11071600
2021-07-16,103.169998,103.190002,101.779999,101.910004,94.496857,17307200
2021-07-19,100.279999,100.489998,98.769997,99.779999,92.521820,23792700
2021-07-20,100.080002,102.699997,99.940002,102.570000,95.108849,20937100
2021-07-21,102.940002,103.900002,102.900002,103.550003,96.017563,14449600
2021-07-22,103.739998,103.750000,103.010002,103.169998,95.665192,6318700
2021-07-23,103.540001,103.809998,103.099998,103.610001,96.073212,8055800
2021-07-26,103.330002,103.910004,102.889999,103.559998,96.026825,7488800
2021-07-27,102.900002,103.540001,102.400002,102.989998,95.498306,12402200
2021-07-28,103.320000,103.550003,102.209999,102.750000,95.275749,11996500
2021-07-29,103.550003,103.860001,102.980003,103.559998,96.026825,9767700
2021-07-30,103.040001,103.580002,102.860001,103.360001,95.841377,12824400
2021-08-02,103.760002,104.629997,102.559998,102.650002,95.183029,15925500
2021-08-03,102.849998,104.040001,101.970001,103.989998,96.425560,14814100
2021-08-04,103.279999,103.809998,102.559998,102.580002,95.118134,16180900
2021-08-05,103.000000,103.410004,102.669998,103.059998,95.563202,12561500
2021-08-06,103.480003,103.980003,103.349998,103.540001,96.008301,8677100
2021-08-09,103.080002,103.379997,102.629997,103.129997,95.628128,7469700
2021-08-10,103.320000,104.470001,103.199997,104.180000,96.601746,12730900
2021-08-11,104.389999,105.540001,104.010002,105.529999,97.853554,12817200
2021-08-12,105.529999,105.730003,104.790001,105.330002,97.668076,9265300
2021-08-13,105.339996,105.500000,104.860001,105.000000,97.362091,8909300
2021-08-16,104.690002,105.370003,104.000000,105.360001,97.695908,10231100
2021-08-17,104.730003,104.779999,103.230003,104.220001,96.638832,15569900
2021-08-18,103.809998,104.400002,103.050003,103.080002,95.581764,11955100
2021-08-19,102.309998,103.059998,101.779999,102.360001,94.914116,17529700
2021-08-20,102.410004,102.940002,102.139999,102.629997,95.164482,11753000
2021-08-23,103.110001,103.919998,103.059998,103.470001,95.943367,8471000
2021-08-24,103.669998,104.449997,103.650002,103.989998,96.425560,7593200
2021-08-25,104.070000,105.000000,103.750000,104.660004,97.046814,9404200
2021-08-26,104.540001,104.610001,103.989998,104.199997,96.620270,9951100
2021-08-27,104.550003,105.209999,104.320000,104.919998,97.287903,10484200
2021-08-30,105.099998,105.279999,104.550003,104.800003,97.176643,6528200
2021-08-31,104.730003,104.949997,104.279999,104.510002,96.907738,9621200
2021-09-01,104.730003,104.730003,103.720001,104.110001,96.536835,13116800
2021-09-02,104.540001,105.239998,104.519997,105.230003,97.575371,9633500
2021-09-03,104.940002,105.139999,104.519997,104.589996,96.981918,9855000
2021-09-07,104.230003,104.300003,102.709999,102.779999,95.303574,17842300
2021-09-08,102.570000,103.120003,102.139999,102.919998,95.433395,13561600
2021-09-09,102.750000,103.480003,102.169998,102.419998,94.969749,9406200
2021-09-10,102.910004,103.120003,101.919998,101.959999,94.543198,9547800
2021-09-13,102.739998,103.000000,101.459999,102.230003,94.793602,12451000
2021-09-14,102.510002,102.599998,100.769997,101.000000,93.653046,11493500
2021-09-15,101.050003,102.370003,100.830002,102.110001,94.682304,9175000
2021-09-16,102.099998,102.349998,101.239998,101.410004,94.033218,10516200
2021-09-17,101.059998,101.300003,100.180000,100.330002,93.031784,16250700
2021-09-20,98.540001,99.059998,97.779999,98.860001,91.964790,21453500
2021-09-21,99.339996,99.400002,97.889999,98.339996,91.481071,14345200
2021-09-22,98.629997,99.790001,98.629997,99.120003,92.206673,13079900
2021-09-23,99.589996,101.190002,99.550003,100.639999,93.620659,11439900
2021-09-24,100.379997,101.129997,100.309998,100.849998,93.815994,8254500
2021-09-27,100.989998,101.849998,100.889999,100.949997,93.909012,9338000
2021-09-28,100.669998,100.930000,99.550003,99.779999,92.820625,17057300
2021-09-29,100.220001,100.410004,99.739998,99.889999,92.922943,12148200
2021-09-30,100.209999,100.290001,97.730003,97.839996,91.015923,24624300
2021-10-01,98.459999,99.709999,97.480003,99.180000,92.262489,17051800
2021-10-04,99.010002,99.639999,98.019997,98.639999,91.760132,20182900
2021-10-05,98.820000,100.250000,98.389999,99.739998,92.783417,12987900
2021-10-06,98.669998,100.220001,98.209999,100.180000,93.192734,14702500
2021-10-07,100.949997,101.690002,100.870003,100.959999,93.918320,9669700
2021-10-08,100.860001,101.199997,100.519997,100.949997,93.909012,8565100
2021-10-11,100.820000,101.459999,100.129997,100.139999,93.155502,9984000
2021-10-12,100.260002,100.610001,99.610001,99.809998,92.848526,10048700
2021-10-13,99.989998,100.440002,98.930000,100.019997,93.043869,12416600
2021-10-14,100.830002,101.940002,100.620003,101.910004,94.802078,9752800
2021-10-15,102.610001,103.330002,102.470001,102.889999,95.713715,11775100
2021-10-18,102.300003,103.070000,101.900002,102.959999,95.778816,6780200
2021-10-19,103.470001,103.610001,102.860001,103.570000,96.346283,6911200
2021-10-20,103.589996,104.330002,103.349998,104.220001,96.950951,9258500
2021-10-21,104.000000,104.480003,103.739998,104.430000,97.146301,7824900
2021-10-22,104.639999,105.190002,104.480003,104.800003,97.490486,9826300
2021-10-25,104.639999,105.440002,104.300003,105.040001,97.713745,8093600
2021-10-26,104.930000,105.370003,104.379997,104.389999,97.109085,12314000
2021-10-27,104.589996,104.660004,103.150002,103.169998,95.974174,9015100
2021-10-28,103.320000,104.519997,103.320000,104.459999,97.174210,9260400
2021-10-29,104.269997,104.870003,104.070000,104.489998,97.202118,6831600
2021-11-01,104.699997,104.989998,104.269997,104.779999,97.471878,10775200
2021-11-02,104.930000,105.230003,104.629997,105.129997,97.797462,8833600
2021-11-03,104.540001,104.970001,103.989998,104.900002,97.583519,11567300
2021-11-04,105.199997,105.699997,105.080002,105.320000,97.974220,10201200
2021-11-05,106.540001,107.050003,106.040001,106.389999,98.969582,12906400
2021-11-08,107.330002,107.580002,106.419998,106.830002,99.378914,8928900
2021-11-09,107.029999,107.360001,106.510002,107.099998,99.630074,10637300
2021-11-10,106.949997,107.290001,106.209999,106.500000,99.071938,10326000
2021-11-11,106.709999,106.709999,105.949997,106.059998,98.662621,5921200
2021-11-12,106.360001,107.080002,106.019997,106.900002,99.444031,7929000
2021-11-15,107.330002,107.449997,106.860001,107.099998,99.630074,7672400
2021-11-16,107.110001,107.650002,107.019997,107.120003,99.648689,6625000
2021-11-17,107.139999,107.279999,106.110001,106.480003,99.053322,8164300
2021-11-18,106.830002,106.830002,105.709999,106.260002,98.848671,9806200
2021-11-19,106.209999,106.290001,105.580002,105.730003,98.355637,8935600
2021-11-22,106.070000,107.010002,105.809998,106.019997,98.625397,11911200
2021-11-23,106.139999,106.580002,105.650002,106.199997,98.792854,14090400
2021-11-24,105.849998,106.300003,105.709999,106.080002,98.681213,10760400
2021-11-26,103.349998,103.779999,102.480003,103.209999,96.011383,14694100
2021-11-29,104.260002,104.279999,102.839996,103.389999,96.178848,11693000
2021-11-30,102.610001,102.930000,100.669998,100.769997,93.741585,21058800
2021-12-01,102.300003,102.709999,99.330002,99.370003,92.439217,19783600
2021-12-02,100.129997,102.669998,99.790001,102.320000,95.183479,21919300
2021-12-03,102.519997,102.779999,101.169998,102.199997,95.071831,19584900
2021-12-06,103.220001,104.580002,103.050003,103.930000,96.681168,14457500
2021-12-07,104.720001,105.860001,104.680000,104.989998,97.667236,10563300
2021-12-08,105.040001,105.440002,104.730003,105.250000,97.909111,10419600
2021-12-09,104.830002,105.459999,104.559998,104.919998,97.602112,7325800
2021-12-10,105.389999,105.570000,104.839996,105.349998,98.002136,8304100
2021-12-13,105.110001,105.309998,104.080002,104.260002,96.988167,12690200
2021-12-14,103.699997,104.709999,102.860001,103.269997,96.067207,13174200
2021-12-15,103.550003,104.309998,102.860001,104.169998,96.904434,16908600
2021-12-16,104.839996,105.300003,103.849998,104.220001,96.950951,11866200
2021-12-17,104.199997,104.320000,102.410004,102.440002,95.295105,19332600
2021-12-20,100.809998,100.830002,99.559998,100.419998,93.768410,17968300
2021-12-21,101.169998,102.629997,101.129997,102.419998,95.635918,10497400
2021-12-22,102.370003,102.889999,102.199997,102.709999,95.906708,8297000
2021-12-23,103.080002,104.260002,103.059998,103.919998,97.036568,7047000
2021-12-27,104.080002,105.059998,103.930000,105.019997,98.063713,5196000
2021-12-28,104.919998,105.820000,104.860001,105.550003,98.558601,5368600
2021-12-29,105.389999,105.970001,105.260002,105.739998,98.736015,5922300
2021-12-30,105.849998,106.370003,105.279999,105.360001,98.381180,6190400
2021-12-31,105.180000,106.230003,105.059998,105.809998,98.801361,7726100
2022-01-03,106.029999,106.260002,104.400002,104.940002,97.989006,10188300
2022-01-04,105.620003,107.250000,105.500000,107.050003,99.959236,14572600
2022-01-05,107.330002,107.879997,105.989998,106.029999,99.006798,16196100
2022-01-06,106.400002,106.910004,105.980003,106.519997,99.464333,10437800
2022-01-07,106.550003,107.199997,106.449997,106.489998,99.436340,11614900
2022-01-10,106.230003,106.320000,104.470001,105.290001,98.315819,15670900
2022-01-11,105.400002,106.040001,104.260002,105.919998,98.904076,11966500
2022-01-12,106.370003,106.800003,105.919998,106.260002,99.221588,9938000
2022-01-13,106.550003,107.440002,106.120003,106.489998,99.436340,10995400
2022-01-14,105.519997,105.940002,104.779999,105.849998,98.838730,14758600
2022-01-18,104.860001,105.070000,104.029999,104.629997,97.699539,13878100
2022-01-19,104.910004,105.050003,103.379997,103.459999,96.607048,13367000
2022-01-20,103.660004,104.730003,102.010002,102.139999,95.374466,16726100
2022-01-21,102.150002,102.919998,100.800003,101.199997,94.496712,33329600
2022-01-24,99.510002,101.930000,98.050003,101.779999,95.038315,37356500
2022-01-25,100.010002,101.620003,98.370003,100.779999,94.104546,28146300
2022-01-26,101.360001,102.489998,98.879997,99.900002,93.282852,27633700
2022-01-27,100.730003,101.559998,98.360001,99.010002,92.451797,23186100
2022-01-28,98.589996,99.709999,96.940002,99.699997,93.096085,22967200
2022-01-31,99.029999,100.849998,98.800003,100.739998,94.067200,12183200
2022-02-01,101.370003,102.459999,100.760002,102.129997,95.365128,17200700
2022-02-02,102.000000,103.050003,101.580002,102.839996,96.028114,14199200
2022-02-03,102.139999,102.620003,101.059998,101.199997,94.496712,14007400
2022-02-04,100.639999,101.099998,99.279999,100.110001,93.478943,16025200
2022-02-07,100.370003,100.970001,99.839996,100.190002,93.553619,10452100
2022-02-08,100.449997,101.389999,100.050003,101.190002,94.487404,10376500
2022-02-09,102.040001,102.720001,102.010002,102.580002,95.785339,13166200
2022-02-10,101.370003,102.760002,100.379997,100.900002,94.216599,15560000
2022-02-11,100.930000,101.400002,98.870003,99.360001,92.778610,18726900
2022-02-14,99.500000,99.779999,98.199997,98.989998,92.433113,15297400
2022-02-15,99.970001,100.910004,99.910004,100.480003,93.824417,10542100
2022-02-16,100.209999,101.360001,99.959999,101.010002,94.319313,8222600
2022-02-17,100.209999,100.430000,98.989998,99.160004,92.591858,10912200
2022-02-18,98.980003,99.730003,98.019997,98.339996,91.826157,11969700
2022-02-22,98.269997,98.839996,96.860001,97.389999,90.939102,16809500
2022-02-23,97.809998,97.970001,95.449997,95.599998,89.267654,16296200
2022-02-24,94.190002,97.029999,93.400002,96.820000,90.406868,27356100
2022-02-25,97.050003,99.459999,97.000000,99.129997,92.563858,13511700
2022-02-28,98.209999,100.089996,98.160004,99.889999,93.273506,18310700
2022-03-01,99.529999,100.160004,97.760002,98.400002,91.882217,21884800
2022-03-02,98.879997,100.980003,98.739998,100.500000,93.843102,16881400
2022-03-03,101.239998,101.510002,100.169998,100.610001,93.945816,14831600
2022-03-04,99.589996,100.510002,99.000000,100.389999,93.740387,17167400
2022-03-07,100.070000,100.800003,97.669998,97.699997,91.228577,16533900
2022-03-08,97.940002,99.709999,97.010002,97.099998,90.668304,22316800
2022-03-09,98.809998,99.610001,98.410004,98.860001,92.311722,18757400
2022-03-10,97.620003,98.919998,97.529999,98.730003,92.190338,13317200
2022-03-11,99.300003,99.910004,97.879997,97.940002,91.452682,10695200
2022-03-14,98.529999,99.339996,97.580002,98.269997,91.760811,12988000
2022-03-15,99.169998,100.029999,98.570000,99.830002,93.217484,11204900
2022-03-16,100.459999,101.330002,99.150002,101.150002,94.450050,15840900
2022-03-17,100.500000,102.500000,100.500000,102.449997,95.663925,10897900
2022-03-18,102.269997,102.930000,101.510002,102.839996,96.028114,14921800
2022-03-21,102.260002,103.110001,102.089996,102.730003,96.244530,10821400
2022-03-22,103.050003,103.550003,102.750000,103.290001,96.769157,8292000
2022-03-23,102.860001,103.070000,102.279999,102.300003,95.841660,10475400
2022-03-24,102.820000,103.129997,102.290001,103.080002,96.572433,7698900
2022-03-25,103.300003,103.760002,102.839996,103.720001,97.172028,7350200
2022-03-28,103.629997,103.779999,102.800003,103.750000,97.200142,7940900
2022-03-29,104.430000,104.769997,103.699997,104.709999,98.099510,12157500
2022-03-30,104.599998,105.230003,104.129997,104.589996,97.987083,8731200
2022-03-31,104.320000,104.959999,102.959999,102.980003,96.478729,9441900
2022-04-01,103.419998,103.510002,101.430000,102.180000,95.729248,11182200
2022-04-04,101.980003,102.129997,100.790001,102.050003,95.607437,10436500
2022-04-05,101.650002,102.470001,100.389999,100.599998,94.248985,15332800
2022-04-06,99.760002,100.110001,99.139999,99.820000,93.518234,15573200
2022-04-07,99.459999,100.519997,98.559998,100.160004,93.836777,12381300
2022-04-08,100.000000,100.489998,99.370003,99.599998,93.312111,12923200
2022-04-11,99.279999,100.400002,99.099998,99.279999,93.012321,11246300
2022-04-12,99.580002,100.559998,98.690002,99.120003,92.862434,11473900
2022-04-13,99.320000,100.160004,99.309998,100.050003,93.733719,7661100
2022-04-14,100.370003,100.910004,99.919998,99.940002,93.630661,8252400
2022-04-18,99.660004,100.599998,99.169998,99.589996,93.302750,8701000
2022-04-19,99.919998,101.540001,99.870003,101.400002,94.998482,10920100
2022-04-20,102.260002,102.650002,101.809998,101.949997,95.513763,8623000
2022-04-21,102.959999,103.120003,100.669998,100.910004,94.539429,11117200
2022-04-22,100.400002,100.459999,98.339996,98.430000,92.215973,12030400
2022-04-25,97.860001,98.580002,96.190002,98.430000,92.215973,16391100
2022-04-26,97.699997,98.070000,96.250000,96.279999,90.201714,14594100
2022-04-27,96.230003,97.510002,95.779999,96.639999,90.538986,13363100
2022-04-28,96.910004,98.110001,95.730003,97.730003,91.560173,13461600
2022-04-29,97.580002,98.080002,94.949997,95.139999,89.133690,15135400
2022-05-02,95.040001,96.190002,93.500000,95.339996,89.321060,19101300
2022-05-03,95.540001,96.599998,95.139999,95.970001,89.911293,13315900
2022-05-04,95.919998,98.980003,95.660004,98.750000,92.515778,18468900
2022-05-05,97.800003,98.279999,95.400002,96.169998,90.098656,24943700
2022-05-06,95.779999,95.820000,93.959999,95.519997,89.489693,24153900
2022-05-09,94.410004,94.779999,92.830002,93.209999,87.325539,21188700
2022-05-10,94.220001,94.500000,91.680000,92.599998,86.754051,22935000
2022-05-11,92.529999,94.139999,91.610001,91.760002,85.967072,21838600
2022-05-12,91.290001,92.510002,90.190002,91.930000,86.126343,18517400
2022-05-13,92.750000,93.629997,92.150002,93.099998,87.222481,12837800
2022-05-16,92.830002,93.709999,92.199997,92.970001,87.100670,10865900
2022-05-17,94.470001,95.220001,93.680000,95.080002,89.077477,9490500
2022-05-18,94.230003,94.400002,91.269997,91.540001,85.760956,11173000
2022-05-19,90.580002,91.879997,89.680000,90.720001,84.992714,14482000
2022-05-20,91.000000,91.190002,88.040001,89.739998,84.074600,15695100
2022-05-23,90.610001,91.440002,90.160004,91.209999,85.451797,11989100
2022-05-24,90.739998,91.370003,89.239998,91.160004,85.404953,9917000
2022-05-25,90.860001,92.040001,90.540001,91.690002,85.901497,9460100
2022-05-26,92.519997,94.010002,92.330002,93.550003,87.644066,8028100
2022-05-27,94.290001,95.489998,94.169998,95.470001,89.442856,8669600
2022-05-31,94.470001,95.360001,93.800003,94.699997,88.721443,14498300
2022-06-01,95.260002,95.489998,93.349998,94.120003,88.178070,8713700
2022-06-02,94.769997,95.970001,93.930000,95.919998,89.864426,8432500
2022-06-03,95.059998,95.800003,94.949997,95.550003,89.517815,6828800
2022-06-06,96.239998,96.540001,95.750000,95.949997,89.892540,8334500
2022-06-07,95.099998,97.339996,94.779999,97.239998,91.101105,7427700
2022-06-08,96.510002,96.750000,95.260002,95.480003,89.452217,7028700
2022-06-09,95.080002,95.459999,93.599998,93.599998,87.690903,6737800
2022-06-10,91.940002,92.150002,90.809998,90.839996,85.105141,10416600
2022-06-13,89.050003,89.180000,87.559998,88.110001,82.547485,18353300
2022-06-14,88.489998,89.150002,87.160004,87.889999,82.341393,10512800
2022-06-15,88.580002,89.800003,87.370003,88.739998,83.137726,13335200
2022-06-16,87.010002,87.059998,85.330002,85.779999,80.364601,13500700
2022-06-17,85.680000,86.410004,84.570000,85.559998,80.158485,14253500
2022-06-21,86.529999,87.070000,85.930000,86.739998,81.620766,9161600
2022-06-22,85.519997,86.959999,85.349998,86.260002,81.169113,11136800
2022-06-23,86.220001,86.559998,84.750000,85.820000,80.755081,9744400
2022-06-24,86.639999,88.830002,86.599998,88.820000,83.577988,9634000
2022-06-27,89.290001,89.290001,88.209999,88.610001,83.380409,6361300
2022-06-28,89.199997,90.199997,87.510002,87.580002,82.411209,6476300
2022-06-29,87.750000,87.760002,86.379997,87.070000,81.931290,6818200
2022-06-30,86.010002,87.720001,85.610001,87.339996,82.185356,8708500
2022-07-01,87.180000,88.389999,86.510002,88.099998,82.900505,11717900
2022-07-05,86.620003,86.820000,85.269997,86.779999,81.658424,10994500
2022-07-06,86.980003,87.820000,86.160004,87.279999,82.128891,9781700
2022-07-07,87.889999,88.529999,87.309998,88.309998,83.098099,5865600
2022-07-08,88.080002,88.470001,87.230003,87.910004,82.721718,4912800
2022-07-11,87.400002,87.910004,87.120003,87.320000,82.166527,7985000
2022-07-12,86.919998,88.230003,86.739998,87.050003,81.912476,8018000
2022-07-13,85.660004,86.720001,85.440002,85.989998,80.915039,9498600
2022-07-14,84.760002,85.599998,84.279999,85.500000,80.453941,6825200
2022-07-15,86.699997,86.970001,85.790001,86.839996,81.714867,7855600
2022-07-18,87.610001,87.949997,86.050003,86.320000,81.225548,6282000
2022-07-19,87.029999,89.559998,87.010002,89.400002,84.123787,7326900
2022-07-20,89.430000,90.330002,89.110001,90.089996,84.773071,8260600
2022-07-21,89.830002,90.760002,89.480003,90.739998,85.384697,5899300
2022-07-22,91.040001,91.330002,90.029999,90.449997,85.111809,5969800
2022-07-25,90.550003,91.139999,90.000000,90.879997,85.516418,6154900
2022-07-26,90.589996,91.220001,90.180000,90.389999,85.055367,5522200
2022-07-27,90.980003,92.239998,90.379997,91.790001,86.372726,8662100
2022-07-28,92.250000,93.809998,91.989998,93.709999,88.179428,8668500
2022-07-29,93.739998,95.839996,93.739998,95.639999,89.995514,9000600
2022-08-01,95.040001,96.050003,94.860001,95.739998,90.089600,8599400
2022-08-02,95.379997,95.910004,94.550003,94.730003,89.139229,10039900
2022-08-03,95.139999,95.919998,94.480003,95.620003,89.976700,5509400
2022-08-04,95.639999,96.250000,95.419998,95.970001,90.306046,5339300
2022-08-05,94.989998,96.190002,94.989998,96.120003,90.447189,7857300
2022-08-08,96.870003,97.139999,95.839996,96.089996,90.418938,5606000
2022-08-09,96.080002,96.230003,95.540001,95.739998,90.089600,4398000
2022-08-10,97.260002,98.150002,97.050003,97.839996,92.065666,5967000
2022-08-11,98.480003,99.230003,98.169998,98.360001,92.554977,5711600
2022-08-12,98.809998,99.870003,98.459999,99.839996,93.947617,7808200
2022-08-15,99.150002,100.220001,99.000000,100.080002,94.173462,6558400
2022-08-16,99.599998,100.970001,99.599998,100.529999,94.596901,5564200
2022-08-17,99.349998,100.190002,99.199997,99.730003,93.844147,6578800
2022-08-18,99.910004,100.279999,99.570000,100.129997,94.220520,7003400
2022-08-19,99.510002,99.540001,98.580002,98.839996,93.006645,6893400
2022-08-22,97.629997,97.779999,96.830002,96.959999,91.237610,5804800
2022-08-23,97.000000,97.779999,96.839996,97.139999,91.406975,9874700
2022-08-24,97.239998,97.750000,97.050003,97.459999,91.708092,6443800
2022-08-25,97.900002,98.980003,97.809998,98.949997,93.110168,6045900
2022-08-26,99.139999,99.190002,95.449997,95.519997,89.882591,8006200
2022-08-29,94.910004,95.849998,94.540001,95.089996,89.477951,6386900
2022-08-30,95.300003,95.430000,93.330002,93.720001,88.188828,9546600
2022-08-31,94.099998,94.269997,92.830002,92.930000,87.445457,9683700
2022-09-01,92.320000,93.120003,91.919998,93.059998,87.567764,8790000
2022-09-02,94.099998,94.220001,91.730003,92.160004,86.720894,9839300
2022-09-06,92.199997,92.769997,91.510002,92.309998,86.862045,11438600
2022-09-07,91.980003,94.029999,91.959999,93.790001,88.254684,7934100
2022-09-08,93.220001,94.110001,92.629997,94.070000,88.518166,6979900
2022-09-09,94.680000,95.489998,94.639999,95.290001,89.666161,7440000
2022-09-12,95.839996,96.349998,95.360001,95.860001,90.202530,5874000
2022-09-13,93.800003,94.540001,91.900002,92.250000,86.805595,11236300
2022-09-14,92.199997,92.480003,90.919998,92.070000,86.636200,8889400
2022-09-15,92.000000,92.650002,90.820000,91.110001,85.732849,10688800
2022-09-16,89.070000,89.610001,88.440002,89.209999,83.945000,19141400
2022-09-19,88.169998,90.120003,88.110001,89.989998,85.084290,8455400
2022-09-20,89.320000,89.379997,88.129997,88.870003,84.025368,6652500
2022-09-21,89.660004,90.360001,87.680000,87.690002,82.909691,10846700
2022-09-22,87.480003,87.610001,86.239998,86.370003,81.661652,8925600
2022-09-23,85.510002,85.599998,83.709999,84.750000,80.129936,13831600
2022-09-26,84.489998,85.209999,83.480003,83.860001,79.288490,9241600
2022-09-27,84.620003,84.889999,82.870003,83.580002,79.023750,12179600
2022-09-28,83.940002,85.889999,83.669998,85.419998,80.763420,11920100
2022-09-29,84.669998,84.750000,83.160004,83.940002,79.364120,9357400
2022-09-30,83.699997,84.449997,82.750000,82.839996,78.324066,8935700
2022-10-03,83.760002,86.010002,83.500000,85.339996,80.687798,8612500
2022-10-04,86.639999,88.330002,86.639999,88.309998,83.495880,9676100
2022-10-05,87.349998,88.580002,86.930000,87.830002,83.042038,7055800
2022-10-06,87.379997,88.029999,86.599998,86.820000,82.087112,8813300
2022-10-07,85.989998,86.129997,84.639999,85.160004,80.517609,7415200
2022-10-10,85.870003,86.330002,84.739998,85.459999,80.801262,7564300
2022-10-11,85.120003,86.599998,84.889999,85.440002,80.782349,8661700
2022-10-12,85.389999,85.790001,84.730003,84.769997,80.148865,6727400
2022-10-13,82.849998,87.089996,82.760002,86.639999,81.916931,18956100
2022-10-14,87.250000,87.400002,84.559998,84.739998,80.120499,9432900
2022-10-17,86.239998,87.059998,86.139999,86.589996,81.869652,9541100
2022-10-18,88.459999,88.910004,87.440002,88.680000,83.845718,10160500
2022-10-19,88.250000,88.849998,87.349998,88.050003,83.250084,7705500
2022-10-20,87.790001,88.309998,86.169998,86.320000,81.614365,8773200
2022-10-21,86.400002,88.870003,86.089996,88.690002,83.855179,13148200
2022-10-24,89.320000,90.209999,89.070000,89.870003,84.970840,9388700
2022-10-25,89.769997,91.150002,89.720001,91.080002,86.114876,9807900
2022-10-26,91.910004,92.709999,91.070000,91.400002,86.417435,10250400
2022-10-27,92.290001,93.580002,92.279999,92.470001,87.429108,9223900
2022-10-28,92.660004,94.699997,92.419998,94.620003,89.461906,9161700
2022-10-31,94.160004,94.949997,93.889999,94.349998,89.206627,9144900
2022-11-01,95.050003,95.169998,93.669998,94.260002,89.121529,9673000
2022-11-02,93.790001,95.720001,92.550003,92.599998,87.552032,13884600
2022-11-03,91.660004,94.410004,91.599998,93.570000,88.469131,13331000
2022-11-04,94.870003,95.339996,93.500000,95.070000,89.887375,11497500
2022-11-07,95.500000,96.239998,94.900002,96.089996,90.851761,8286900
2022-11-08,96.400002,97.379997,95.769997,96.930000,91.645988,8951500
2022-11-09,96.349998,97.000000,95.459999,95.580002,90.369560,9217600
2022-11-10,98.300003,99.720001,97.839996,99.589996,94.160957,18633600
2022-11-11,99.830002,100.239998,99.120003,99.529999,94.104233,9975400
2022-11-14,99.239998,100.260002,98.889999,98.919998,93.527504,8854100
2022-11-15,99.989998,100.180000,98.739998,99.599998,94.170433,10514100
2022-11-16,99.480003,99.680000,98.660004,98.879997,93.489693,9612000
2022-11-17,97.610001,98.750000,97.099998,98.709999,93.328941,8753800
2022-11-18,99.599998,99.889999,98.800003,99.440002,94.019150,7661500
2022-11-21,99.180000,100.059998,99.150002,99.760002,94.321701,7072600
2022-11-22,100.199997,100.760002,100.099998,100.529999,95.049728,7470200
2022-11-23,100.650002,101.290001,100.580002,100.910004,95.409012,5649000
2022-11-25,101.129997,101.500000,101.010002,101.300003,95.777756,2665900
2022-11-28,100.849998,100.940002,99.139999,99.459999,94.038048,7870200
2022-11-29,99.680000,100.230003,99.379997,100.070000,94.614807,5563400
2022-11-30,100.050003,101.739998,98.940002,101.720001,96.174866,18295400
2022-12-01,102.099998,102.360001,100.970001,101.750000,96.203217,13848600
2022-12-02,100.660004,102.690002,100.660004,102.330002,96.751610,10767900
2022-12-05,101.400002,101.519997,100.440002,100.620003,95.134819,11070700
2022-12-06,100.849998,100.900002,98.680000,99.430000,94.009705,8854500
2022-12-07,99.250000,100.000000,99.110001,99.300003,93.886780,7173700
2022-12-08,99.660004,100.500000,99.529999,99.889999,94.444611,6462400
2022-12-09,99.839996,100.260002,99.040001,99.070000,93.669312,7208000
2022-12-12,99.300003,100.800003,99.220001,100.769997,95.276649,7043300
2022-12-13,103.230003,103.309998,100.410004,101.150002,95.635918,17589500
2022-12-14,101.269997,102.279999,100.379997,100.959999,95.456284,10428900
2022-12-15,99.599998,100.050003,98.010002,98.519997,93.149307,11588400
2022-12-16,97.589996,98.309998,97.139999,98.099998,92.752190,17357100
2022-12-19,97.370003,98.269997,96.650002,97.120003,92.263901,8814700
2022-12-20,96.910004,97.870003,96.800003,97.239998,92.377907,9294200
2022-12-21,98.379997,99.239998,98.050003,99.070000,94.116394,8220700
2022-12-22,98.389999,98.470001,96.300003,97.809998,92.919403,11024700
2022-12-23,97.800003,98.529999,97.370003,98.389999,93.470390,6142400
2022-12-27,98.540001,99.180000,98.160004,98.690002,93.755402,5213800
2022-12-28,98.870003,99.099998,97.379997,97.400002,92.529884,6803900
2022-12-29,97.849998,98.900002,97.769997,98.599998,93.669891,8309000
2022-12-30,98.010002,98.400002,97.290001,98.209999,93.299393,6874400
2023-01-03,98.779999,98.940002,97.510002,98.419998,93.498894,11407700
2023-01-04,98.739998,99.610001,98.519997,99.290001,94.325409,12236000
2023-01-05,98.730003,98.959999,97.949997,98.220001,93.308914,9649600
2023-01-06,99.209999,101.190002,99.029999,100.910004,95.864403,16270200
2023-01-09,101.160004,102.070000,100.330002,100.459999,95.436890,12846700
2023-01-10,100.129997,101.070000,100.070000,101.010002,95.959381,9166200
2023-01-11,101.599998,102.000000,101.040001,101.980003,96.880898,7395400
2023-01-12,102.349998,102.980003,101.489998,102.580002,97.450905,9883200
2023-01-13,101.709999,102.540001,101.449997,102.459999,97.336899,14206900
2023-01-17,102.400002,102.540001,101.480003,101.589996,96.510399,9274900
2023-01-18,101.940002,102.169998,99.620003,99.680000,94.695908,15026000
2023-01-19,99.070000,99.320000,97.620003,97.629997,92.748398,17155600
2023-01-20,97.709999,99.019997,97.309998,98.989998,94.040390,12816500
2023-01-23,99.300003,100.610001,98.879997,100.070000,95.066399,11113600
2023-01-24,99.510002,101.029999,98.989998,100.730003,95.693405,11341200
2023-01-25,99.629997,100.440002,98.800003,100.169998,95.161385,11728300
2023-01-26,100.879997,100.879997,99.470001,100.720001,95.683899,14985500
2023-01-27,100.500000,101.620003,100.419998,101.139999,96.082893,14187300
2023-01-30,100.510002,101.489998,100.070000,100.150002,95.142395,10057900
2023-01-31,100.449997,101.879997,100.089996,101.849998,96.757385,10367500
2023-02-01,101.440002,103.330002,100.980003,102.589996,97.460388,16673700
2023-02-02,102.970001,103.989998,102.330002,103.389999,98.220406,13459800
2023-02-03,102.720001,103.699997,102.580002,102.849998,97.707397,13567600
2023-02-06,102.349998,102.989998,102.190002,102.599998,97.469879,10260900
2023-02-07,102.300003,103.190002,101.250000,102.919998,97.773880,10946100
2023-02-08,102.389999,102.830002,102.000000,102.339996,97.222893,7429700
2023-02-09,102.839996,103.080002,101.139999,101.419998,96.348892,8882400
2023-02-10,101.190002,102.220001,101.080002,102.139999,97.032898,7710500
2023-02-13,102.339996,103.129997,102.160004,103.070000,97.916405,5781400
2023-02-14,102.709999,103.260002,101.730003,102.790001,97.650391,7722200
2023-02-15,102.220001,103.459999,102.019997,103.430000,98.258392,6005600
2023-02-16,102.099998,103.139999,101.919998,102.360001,97.241890,8838600
2023-02-17,102.290001,103.089996,101.889999,103.029999,97.878380,8779000
2023-02-21,102.260002,102.580002,100.570000,100.669998,95.636391,9805000
2023-02-22,100.760002,101.250000,100.000000,100.419998,95.398888,8867100
2023-02-23,100.930000,101.500000,99.820000,100.889999,95.845406,8995600
2023-02-24,99.849998,100.470001,99.400002,100.309998,95.294380,9288400
2023-02-27,101.519997,101.970001,100.970001,101.199997,96.139900,8677600
2023-02-28,101.070000,101.599998,100.870003,100.970001,95.921387,10854200
2023-03-01,100.879997,101.900002,100.699997,101.370003,96.301384,10365100
2023-03-02,100.760002,102.760002,100.760002,102.559998,97.431885,10570200
2023-03-03,102.970001,103.839996,102.389999,103.669998,98.486397,12097400
2023-03-06,103.739998,104.180000,103.330002,103.480003,98.305885,9715000
2023-03-07,103.489998,103.639999,102.070000,102.150002,97.042389,11034200
2023-03-08,102.230003,102.639999,101.650002,102.389999,97.270401,11508800
2023-03-09,102.970001,103.300003,100.730003,100.879997,95.835899,11018100
2023-03-10,100.720001,101.230003,98.690002,99.000000,94.049911,27405100
2023-03-13,97.989998,99.360001,97.589996,98.440002,93.517899,28616500
2023-03-14,99.699997,100.489998,98.320000,99.480003,94.505905,15383900
2023-03-15,97.669998,97.820000,95.500000,97.029999,92.178398,34251600
2023-03-16,96.400002,98.570000,96.129997,98.279999,93.365898,24105200
2023-03-17,97.849998,98.019997,96.209999,96.669998,91.836395,23170200
2023-03-20,96.709999,97.790001,96.709999,97.550003,93.052605,14476200
2023-03-21,98.690002,99.089996,98.169998,98.680000,94.130524,11495200
2023-03-22,98.650002,99.139999,96.750000,96.790001,92.327644,14178400
2023-03-23,96.940002,98.150002,95.910004,96.510002,92.060570,15857500
2023-03-24,95.790001,96.980003,95.190002,96.910004,92.442123,15993200
2023-03-27,97.690002,98.050003,97.080002,97.720001,93.214775,7668400
2023-03-28,97.529999,98.610001,97.529999,98.220001,93.691727,9909000
2023-03-29,99.110001,99.699997,98.919998,99.650002,95.055809,9387900
2023-03-30,100.139999,100.339996,99.540001,99.860001,95.256119,8160100
2023-03-31,100.449997,101.239998,100.239998,101.180000,96.515259,12006400
2023-04-03,100.959999,101.769997,100.629997,101.360001,96.686958,11174100
2023-04-04,101.419998,101.419998,98.720001,99.089996,94.521599,18801900
2023-04-05,98.580002,99.019997,97.500000,97.800003,93.291084,16606700
2023-04-06,97.830002,98.169998,97.339996,97.769997,93.262474,10886000
2023-04-10,97.389999,98.680000,97.389999,98.660004,94.111450,10568900
2023-04-11,98.949997,99.709999,98.870003,99.250000,94.674240,9753200
2023-04-12,99.790001,100.169998,99.309998,99.580002,94.989029,11277200
2023-04-13,99.620003,100.139999,98.559998,99.949997,95.341972,12289300
2023-04-14,99.610001,100.379997,99.239998,99.830002,95.227516,9255000
2023-04-17,100.080002,100.650002,99.940002,100.620003,95.981071,8007100
2023-04-18,101.110001,101.699997,100.730003,101.099998,96.438942,9924700
2023-04-19,100.739998,101.190002,100.570000,101.019997,96.362633,7734400
2023-04-20,100.430000,101.230003,100.430000,100.839996,96.190941,9265100
2023-04-21,101.019997,101.169998,100.220001,100.610001,95.971542,10668600
2023-04-24,100.610001,101.199997,100.449997,100.849998,96.200478,6942000
2023-04-25,100.250000,100.290001,98.919998,98.989998,94.426231,12306900
2023-04-26,98.349998,98.610001,96.919998,97.120003,92.642448,16058800
2023-04-27,97.410004,99.160004,97.260002,99.040001,94.473930,14421500
2023-04-28,98.919998,100.160004,98.919998,100.000000,95.389664,10714800
2023-05-01,100.010002,101.110001,100.000000,100.540001,95.904770,8551100
2023-05-02,100.180000,100.360001,98.360001,99.489998,94.903175,12240400
2023-05-03,99.820000,100.510002,99.040001,99.110001,94.540718,13371600
2023-05-04,99.010002,99.220001,97.489998,98.029999,93.510475,15150000
2023-05-05,98.930000,99.809998,98.809998,99.510002,94.922264,9231300
2023-05-08,99.900002,100.070000,98.790001,99.150002,94.578850,7610200
2023-05-09,98.910004,99.519997,98.709999,99.370003,94.788712,8068100
2023-05-10,100.000000,100.120003,97.879997,99.010002,94.445305,12580500
2023-05-11,98.489998,98.620003,97.860001,98.410004,93.872971,11573800
2023-05-12,98.839996,99.150002,97.750000,98.480003,93.939751,8552400
2023-05-15,98.440002,99.300003,98.089996,98.959999,94.397614,8433600
2023-05-16,98.489998,98.589996,97.620003,97.620003,93.119400,9416200
2023-05-17,98.230003,99.620003,98.180000,99.300003,94.721931,12387400
2023-05-18,99.139999,100.180000,98.860001,100.019997,95.408737,10813000
2023-05-19,100.790001,100.889999,99.269997,99.779999,95.179817,10028200
2023-05-22,99.820000,100.379997,98.949997,99.760002,95.160736,9038600
2023-05-23,99.320000,99.599998,98.389999,98.559998,94.016045,11744600
2023-05-24,98.269997,98.300003,97.150002,97.290001,92.804596,11654900
2023-05-25,97.360001,97.849998,96.739998,97.610001,93.109856,14259300
2023-05-26,97.900002,98.720001,97.779999,98.339996,93.806190,10790500
2023-05-30,98.480003,98.720001,97.699997,98.190002,93.663116,9828300
2023-05-31,97.809998,97.949997,96.529999,96.849998,92.384888,13021500
2023-06-01,97.080002,98.309998,96.750000,98.089996,93.567719,12573600
2023-06-02,99.120003,101.239998,99.059998,100.940002,96.286316,21451300
2023-06-05,101.150002,101.150002,100.110001,100.239998,95.618607,9655500
2023-06-06,100.000000,101.029999,99.910004,100.870003,96.219551,10509400
2023-06-07,100.930000,102.559998,100.580002,102.489998,97.764870,13384300
2023-06-08,102.309998,102.910004,101.830002,102.669998,97.936569,10074600
2023-06-09,102.690002,102.760002,101.730003,102.400002,97.679016,9870800
2023-06-12,102.500000,103.309998,102.120003,103.129997,98.375351,9905000
2023-06-13,103.320000,104.419998,103.190002,104.330002,99.520042,14474000
2023-06-14,104.620003,104.870003,103.599998,104.050003,99.252953,14953600
2023-06-15,104.010002,105.830002,103.949997,105.620003,100.750580,12776600
2023-06-16,105.949997,106.599998,105.290001,105.449997,100.588394,14448400
2023-06-20,104.360001,104.660004,103.839996,104.250000,99.841393,9527500
2023-06-21,103.709999,105.129997,103.489998,104.830002,100.396835,12206200
2023-06-22,104.430000,104.550003,103.889999,104.070000,99.668991,11641800
2023-06-23,103.169998,103.680000,102.910004,103.279999,98.912399,11246200
2023-06-26,103.239998,104.339996,103.110001,104.139999,99.736031,7639200
2023-06-27,104.360001,105.510002,104.180000,105.389999,100.933174,8210200
2023-06-28,105.419998,105.599998,105.029999,105.389999,100.933174,7866600
2023-06-29,105.269997,106.440002,105.190002,106.410004,101.910042,10236000
2023-06-30,107.059998,107.620003,106.599998,107.320000,102.781563,11431400
2023-07-03,106.910004,107.550003,106.470001,107.339996,102.800705,6786800
2023-07-05,106.680000,107.120003,106.410004,106.760002,102.245255,9504700
2023-07-06,105.919998,106.290001,105.339996,105.959999,101.479065,11209500
2023-07-07,105.650002,107.220001,105.620003,106.199997,101.708923,9359300
2023-07-10,106.230003,107.709999,106.220001,107.709999,103.155067,11765400
2023-07-11,107.959999,109.139999,107.930000,108.980003,104.371361,10283200
2023-07-12,109.860001,109.879997,108.669998,108.790001,104.189392,13492900
2023-07-13,108.889999,109.180000,108.480003,108.930000,104.323479,8964900
2023-07-14,108.849998,108.889999,108.059998,108.610001,104.017006,9288100
2023-07-17,108.419998,109.379997,108.169998,109.019997,104.409645,6517700
2023-07-18,109.070000,110.000000,109.019997,109.629997,104.993851,8098000
2023-07-19,109.370003,109.900002,108.930000,109.580002,104.945984,8563500
2023-07-20,109.760002,110.349998,109.370003,110.070000,105.415260,10643900
2023-07-21,109.949997,110.190002,109.529999,109.550003,104.917259,8993400
2023-07-24,109.510002,110.160004,109.440002,109.800003,105.156700,6754800
2023-07-25,108.809998,109.750000,108.589996,109.660004,105.022614,8768400
2023-07-26,110.040001,110.540001,109.870003,110.430000,105.760033,10555200
2023-07-27,110.470001,110.470001,109.199997,109.480003,104.850204,11837800
2023-07-28,110.349998,110.370003,109.739998,110.160004,105.501457,7466600
2023-07-31,110.300003,110.589996,110.000000,110.419998,105.750458,6587200
2023-08-01,110.239998,111.120003,110.059998,110.750000,106.066490,9003600
2023-08-02,110.120003,110.599998,109.400002,109.589996,104.955559,9905900
2023-08-03,109.190002,109.449997,108.730003,108.900002,104.294754,7991700
2023-08-04,109.320000,109.400002,108.070000,108.239998,103.662659,10631100
2023-08-07,108.650002,109.720001,108.599998,109.570000,104.936409,8462600
2023-08-08,108.900002,109.279999,108.160004,109.070000,104.457550,7669100
2023-08-09,109.080002,109.500000,108.599998,109.010002,104.400093,7881500
2023-08-10,109.160004,109.949997,108.470001,108.709999,104.112778,7259200
2023-08-11,108.480003,109.169998,108.419998,108.889999,104.285164,5720300
2023-08-14,108.809998,108.989998,108.500000,108.930000,104.323479,6113000
2023-08-15,108.220001,108.339996,107.419998,107.540001,102.992256,6911700
2023-08-16,107.339996,108.199997,106.849998,106.940002,102.417641,10281000
2023-08-17,107.320000,107.500000,106.010002,106.040001,101.555695,10867800
2023-08-18,105.419998,106.580002,105.349998,106.239998,101.747231,10763900
2023-08-21,106.220001,106.449997,105.360001,106.110001,101.622719,6464700
2023-08-22,106.440002,106.699997,105.610001,105.860001,101.383293,8152300
2023-08-23,105.860001,107.070000,105.860001,106.949997,102.427193,7643300
2023-08-24,106.540001,107.300003,105.610001,105.650002,101.182190,9483700
2023-08-25,106.199997,106.910004,105.309998,106.540001,102.034546,13142500
2023-08-28,107.059998,107.769997,107.019997,107.410004,102.867752,7673700
2023-08-29,107.330002,108.290001,107.010002,108.230003,103.653076,9326500
2023-08-30,108.360001,109.080002,108.279999,108.720001,104.122353,7849600
2023-08-31,108.900002,109.150002,108.209999,108.230003,103.653076,5593400
2023-09-01,108.980003,109.139999,108.349998,108.800003,104.198967,7034200
2023-09-05,108.610001,108.639999,106.930000,106.970001,102.446358,8452200
2023-09-06,106.660004,107.309998,105.910004,106.510002,102.005814,8586600
2023-09-07,106.110001,106.620003,105.500000,106.160004,101.670609,7561200
2023-09-08,106.199997,106.330002,105.410004,105.629997,101.163025,6828700
2023-09-11,105.889999,106.099998,105.080002,105.660004,101.191757,6308000
2023-09-12,105.120003,105.870003,105.010002,105.279999,100.827820,8099500
2023-09-13,105.139999,105.480003,104.099998,104.580002,100.157425,10646100
2023-09-14,105.220001,105.629997,104.989998,105.610001,101.143860,10123900
2023-09-15,105.209999,105.650002,104.699997,105.000000,100.559669,11446100
2023-09-18,104.570000,105.290001,104.349998,104.690002,100.671219,6446700
2023-09-19,104.430000,104.599998,103.500000,104.250000,100.248108,7360600
2023-09-20,104.849998,105.330002,103.779999,103.839996,99.853836,8286700
2023-09-21,103.459999,103.500000,102.099998,102.139999,98.219124,8931200
2023-09-22,101.949997,102.440002,101.739998,101.790001,97.882538,10971200
2023-09-25,101.349998,102.339996,101.320000,102.300003,98.372963,7355500
2023-09-26,101.639999,101.959999,100.620003,100.739998,96.872864,11490500
2023-09-27,101.349998,101.809998,100.690002,101.489998,97.594070,12676700
2023-09-28,101.419998,102.629997,101.290001,101.919998,98.007538,9804800
2023-09-29,102.540001,102.629997,101.040001,101.379997,97.488274,11041900
2023-10-02,101.089996,101.370003,99.930000,100.389999,96.536285,11079200
2023-10-03,100.040001,100.779999,99.279999,99.690002,95.863144,12055500
2023-10-04,99.660004,100.190002,98.910004,100.010002,96.170868,11394500
2023-10-05,99.870003,100.129997,99.010002,99.419998,95.603523,10336400
2023-10-06,99.040001,101.360001,98.690002,100.779999,96.911308,13842700
2023-10-09,101.169998,102.480003,100.980003,102.360001,98.430649,11059700
2023-10-10,102.769997,103.589996,102.360001,102.980003,99.026863,9658200
2023-10-11,103.250000,103.650002,102.790001,103.599998,99.623055,7806500
2023-10-12,103.919998,103.919998,101.879997,102.660004,98.719154,8102200
2023-10-13,102.769997,103.150002,101.300003,101.750000,97.844070,9598000
2023-10-16,102.669998,103.400002,102.279999,102.830002,98.882614,8344100
2023-10-17,102.370003,103.820000,102.330002,103.150002,99.190346,10707200
2023-10-18,102.470001,102.519997,100.489998,100.660004,96.795914,13582700
2023-10-19,100.860001,101.449997,99.519997,99.730003,95.901627,12535100
2023-10-20,99.839996,100.040001,98.660004,98.699997,94.911163,13641000
2023-10-23,98.550003,99.620003,98.190002,98.239998,94.468819,12076800
2023-10-24,99.489998,99.660004,98.529999,98.980003,95.180405,9324300
2023-10-25,98.830002,98.919998,97.669998,97.709999,93.959175,10996000
2023-10-26,97.769997,98.459999,97.239998,97.300003,93.564903,15387400
2023-10-27,97.349998,97.510002,96.120003,96.440002,92.737915,13062000
2023-10-30,97.080002,97.970001,96.709999,97.639999,93.891861,11242700
2023-10-31,97.419998,98.470001,97.269997,98.360001,94.584206,10540200
2023-11-01,98.459999,98.879997,97.790001,98.680000,94.891922,14715300
2023-11-02,99.769997,100.809998,99.550003,100.709999,96.844002,10739800
2023-11-03,101.629997,102.150002,101.550003,101.599998,97.699837,10001200
2023-11-06,101.680000,101.730003,100.849998,101.330002,97.440201,6899400
2023-11-07,100.639999,101.239998,100.400002,101.080002,97.199799,7244500
2023-11-08,101.300003,101.629997,100.900002,101.309998,97.420975,7494200
2023-11-09,101.949997,102.120003,100.900002,101.089996,97.209396,12232900
2023-11-10,101.650002,102.660004,101.290001,102.550003,98.613365,9576200
2023-11-13,102.309998,102.870003,102.129997,102.639999,98.699905,6598000
2023-11-14,103.889999,105.120003,103.889999,104.699997,100.680832,12873000
2023-11-15,104.989998,105.720001,104.839996,104.919998,100.892372,8516300
2023-11-16,105.029999,105.519997,104.519997,104.940002,100.911629,8611100
2023-11-17,105.470001,105.650002,105.139999,105.610001,101.555908,8034400
2023-11-20,105.500000,106.209999,105.059998,105.930000,101.863617,7338700
2023-11-21,105.760002,106.050003,105.410004,105.849998,101.786682,7676500
2023-11-22,105.820000,106.410004,105.610001,106.080002,102.007866,9059700
2023-11-24,106.120003,106.540001,106.070000,106.339996,102.257874,4439200
2023-11-27,106.000000,106.089996,105.580002,105.739998,101.680916,9157900
2023-11-28,105.889999,106.379997,105.339996,105.489998,101.440506,7976000
2023-11-29,106.080002,106.419998,105.680000,105.889999,101.825150,9101400
2023-11-30,106.089996,107.110001,105.760002,107.050003,102.940636,14101600
2023-12-01,107.150002,108.809998,107.070000,108.739998,104.565758,13279800
2023-12-04,107.889999,108.970001,107.889999,108.919998,104.738831,11010900
2023-12-05,108.459999,108.629997,107.900002,108.040001,103.892624,10056300
2023-12-06,108.529999,109.169998,108.349998,108.519997,104.354187,8336300
2023-12-07,108.760002,108.940002,108.309998,108.620003,104.450356,8457600
2023-12-08,108.660004,109.489998,108.620003,108.959999,104.777298,7150000
2023-12-11,109.239998,110.129997,109.180000,110.000000,105.777374,9380200
2023-12-12,110.160004,110.730003,109.800003,110.500000,106.258186,6524600
2023-12-13,110.500000,111.940002,109.919998,111.730003,107.440964,12976800
2023-12-14,112.500000,113.440002,112.349998,113.169998,108.825691,15473800
2023-12-15,112.900002,113.379997,112.470001,113.019997,108.681450,13800900
2023-12-18,112.680000,112.760002,112.279999,112.400002,108.676613,6977200
2023-12-19,112.720001,113.389999,112.650002,113.269997,109.517792,5249400
2023-12-20,112.459999,113.389999,111.370003,111.440002,107.748421,8329600
2023-12-21,112.230003,112.639999,111.720001,112.589996,108.860306,6962100
2023-12-22,112.820000,113.529999,112.680000,113.129997,109.382431,5500100
2023-12-26,113.220001,114.199997,113.050003,113.930000,110.155922,5181600
2023-12-27,113.910004,114.370003,113.720001,114.099998,110.320297,5893900
2023-12-28,113.970001,114.370003,113.820000,114.129997,110.349312,8240700
2023-12-29,113.980003,114.400002,113.510002,113.989998,110.213936,7936300
2024-01-02,113.230003,113.940002,112.489998,112.839996,109.102028,8558700
2024-01-03,112.220001,112.419998,111.089996,111.160004,107.477699,18631200
2024-01-04,111.360001,112.239998,111.230003,111.300003,107.613052,10715900
2024-01-05,111.220001,111.940002,111.029999,111.430000,107.738747,7888100
2024-01-08,111.129997,112.160004,110.639999,112.160004,108.444557,10855900
2024-01-09,111.400002,111.940002,110.989998,111.809998,108.106155,8452000
2024-01-10,111.830002,112.519997,111.730003,112.379997,108.657257,9109100
2024-01-11,112.410004,112.570000,111.199997,112.120003,108.405884,9081700
2024-01-12,112.500000,112.750000,111.669998,112.110001,108.396233,6631000
2024-01-16,111.550003,111.639999,110.610001,110.980003,107.303650,10834200
2024-01-17,110.190002,110.940002,109.949997,110.230003,106.578491,7604700
2024-01-18,110.639999,111.900002,110.500000,111.720001,108.019127,9060600
2024-01-19,111.980003,112.739998,111.099998,112.449997,108.724945,10355700
2024-01-22,112.839996,113.610001,112.839996,113.320000,109.566132,9912900
2024-01-23,113.349998,113.720001,112.739998,113.230003,109.479134,10275200
2024-01-24,113.690002,113.709999,112.470001,112.529999,108.802315,9638600
2024-01-25,113.089996,113.629997,112.800003,113.610001,109.846519,9898900
2024-01-26,113.730003,114.110001,113.110001,113.430000,109.672493,7031100
2024-01-29,113.320000,114.180000,113.169998,114.169998,110.387985,5849900
2024-01-30,113.360001,114.370003,113.360001,114.209999,110.426643,8300000
2024-01-31,114.129997,114.339996,112.870003,112.889999,109.150375,14462300
2024-02-01,113.599998,114.839996,112.980003,114.809998,111.006783,13946100
2024-02-02,114.570000,116.080002,114.129997,115.580002,111.751266,12830200
2024-02-05,115.120003,115.360001,114.300003,114.949997,111.142143,9536700
2024-02-06,115.089996,116.040001,114.820000,115.980003,112.138023,8722800
2024-02-07,116.370003,117.099998,116.320000,116.750000,112.882523,7557100
2024-02-08,117.029999,117.099998,116.290001,116.769997,112.901863,8532300
2024-02-09,116.930000,116.959999,116.300003,116.949997,113.075890,10106000
2024-02-12,116.879997,117.440002,116.769997,117.120003,113.240257,8383200
2024-02-13,116.110001,116.139999,115.089996,115.919998,112.080017,14054200
2024-02-14,116.809998,117.910004,116.680000,117.860001,113.955750,11889500
2024-02-15,118.000000,118.809998,117.830002,118.739998,114.806580,11644100
2024-02-16,118.470001,118.860001,117.900002,118.029999,114.120110,8740900
2024-02-20,117.620003,118.040001,117.379997,117.660004,113.762360,7392100
2024-02-21,117.680000,118.180000,117.349998,118.129997,114.216797,8873000
2024-02-22,118.820000,119.809998,118.739998,119.589996,115.628426,10604300
2024-02-23,119.860001,120.480003,119.760002,120.220001,116.237564,8757400
2024-02-26,120.209999,120.480003,119.910004,120.040001,116.063530,7951300
2024-02-27,120.300003,120.339996,119.720001,120.220001,116.237564,6275500
2024-02-28,120.099998,120.940002,120.000000,120.629997,116.633980,8324000
2024-02-29,121.000000,121.269997,120.410004,121.000000,116.991722,9662100
2024-03-01,120.959999,121.589996,120.610001,121.519997,117.494507,10782400
2024-03-04,121.519997,122.309998,121.519997,121.959999,117.919930,11886600
2024-03-05,121.690002,122.019997,120.449997,120.959999,116.953056,11999000
2024-03-06,121.440002,122.269997,121.309998,121.589996,117.562172,8644800
2024-03-07,122.370003,122.730003,122.070000,122.570000,118.509727,7936800
2024-03-08,122.860001,123.500000,121.959999,122.300003,118.248657,10157100
2024-03-11,121.919998,122.180000,120.820000,121.669998,117.639526,9179300
2024-03-12,121.660004,122.330002,121.099998,122.209999,118.161644,9125300
2024-03-13,122.019997,122.820000,122.019997,122.540001,118.480705,8009300
2024-03-14,122.730003,122.860001,121.220001,122.019997,117.977928,9684800
2024-03-15,121.529999,122.529999,121.470001,122.040001,117.997269,10739900
2024-03-18,122.099998,122.379997,121.739998,121.879997,118.206764,7178800
2024-03-19,121.930000,122.940002,121.860001,122.930000,119.225121,8842400
2024-03-20,122.769997,124.589996,122.639999,124.410004,120.660522,10400900
2024-03-21,124.989998,125.940002,124.790001,125.639999,121.853439,9965100
2024-03-22,126.000000,126.099998,125.180000,125.209999,121.436401,6771100
2024-03-25,125.180000,125.269997,124.320000,124.400002,120.650818,7658200
2024-03-26,124.400002,124.730003,123.900002,123.949997,120.214378,7292700
2024-03-27,124.750000,125.949997,124.680000,125.940002,122.144409,7162900
2024-03-28,126.099998,126.290001,125.720001,125.959999,122.163788,7287000
2024-04-01,126.089996,126.160004,124.910004,124.989998,121.223030,6905300
2024-04-02,124.489998,124.900002,124.150002,124.410004,120.660522,11049400
2024-04-03,124.320000,125.400002,124.320000,125.050003,121.281227,7589900
2024-04-04,125.870003,126.389999,123.580002,123.949997,120.214378,10659800
2024-04-05,124.349998,126.000000,124.290001,125.669998,121.882538,10718600
2024-04-08,125.849998,126.059998,125.360001,125.449997,121.669159,6096100
2024-04-09,125.620003,125.959999,123.730003,125.160004,121.387909,9042200
2024-04-10,123.610001,124.470001,123.180000,124.089996,120.350159,14119500
2024-04-11,124.150002,124.739998,123.199997,124.230003,120.485954,8228700
2024-04-12,123.449997,123.889999,122.379997,122.900002,119.196022,11604300
2024-04-15,124.580002,124.760002,121.650002,122.019997,118.342545,10374500
2024-04-16,121.980003,122.320000,121.120003,121.739998,118.070992,11046200
2024-04-17,122.419998,122.449997,120.360001,121.110001,117.459969,11084200
2024-04-18,121.690002,122.190002,120.510002,120.690002,117.052635,9195800
2024-04-19,120.949997,121.620003,120.169998,120.470001,116.839264,10832100
2024-04-22,121.199997,122.190002,120.629997,121.379997,117.721832,10484900
2024-04-23,122.239998,123.239998,122.059998,123.070000,119.360909,9870000
2024-04-24,122.959999,123.180000,121.070000,122.089996,118.410439,11063800
2024-04-25,121.410004,122.750000,120.599998,122.459999,118.769287,10321200
2024-04-26,122.150002,123.029999,122.129997,122.660004,118.963257,6958100
2024-04-29,122.910004,123.589996,122.870003,123.480003,119.758545,6339800
2024-04-30,123.300003,123.480003,121.470001,121.519997,117.857613,15475900
2024-05-01,121.330002,122.849998,120.919998,121.220001,117.566658,15569500
2024-05-02,121.800003,122.160004,120.559998,121.919998,118.245567,11999600
2024-05-03,123.070000,123.209999,122.199997,122.769997,119.069946,9068500
2024-05-06,123.580002,124.110001,123.470001,124.010002,120.272575,7157300
2024-05-07,124.239998,124.709999,124.029999,124.349998,120.602325,5244200
2024-05-08,123.610001,124.519997,123.589996,124.349998,120.602325,5062500
2024-05-09,124.589996,125.589996,124.449997,125.589996,121.804955,6682000
2024-05-10,126.139999,126.220001,125.440002,125.680000,121.892235,6038500
2024-05-13,125.959999,126.099998,125.080002,125.150002,121.378227,5946900
2024-05-14,125.389999,125.610001,124.849998,125.120003,121.349106,5105700
2024-05-15,125.779999,126.029999,125.559998,125.940002,122.144409,8404100
2024-05-16,125.720001,125.959999,125.139999,125.190002,121.417015,7135900
2024-05-17,125.290001,125.480003,124.709999,125.330002,121.552788,5714100
2024-05-20,125.360001,126.029999,125.239998,125.570000,121.785561,4337600
2024-05-21,125.339996,125.360001,124.839996,125.160004,121.387909,6010000
2024-05-22,124.970001,125.629997,124.629997,125.309998,121.533394,7910500
2024-05-23,125.610001,125.680000,123.599998,123.830002,120.098000,9078200
2024-05-24,124.300003,124.730003,123.790001,124.459999,120.709023,7556800
2024-05-28,124.410004,124.410004,122.529999,122.940002,119.234825,8525400
2024-05-29,121.900002,121.989998,121.099998,121.199997,117.547256,16725400
2024-05-30,121.360001,122.120003,121.330002,122.029999,118.352234,7816300
2024-05-31,122.320000,123.559998,121.330002,123.510002,119.787636,9703500
2024-06-03,123.910004,123.959999,120.870003,122.000000,118.323151,15241000
2024-06-04,121.750000,122.230003,121.010002,121.699997,118.032188,10061500
2024-06-05,122.160004,122.949997,121.440002,122.930000,119.225121,8666000
2024-06-06,122.790001,123.089996,121.720001,122.199997,118.517120,6523900
2024-06-07,121.889999,123.139999,121.580002,122.330002,118.643204,7036200
2024-06-10,122.150002,122.879997,122.089996,122.709999,119.011757,6642600
2024-06-11,122.050003,122.169998,121.199997,122.010002,118.332848,11217000
2024-06-12,123.139999,123.889999,122.629997,123.169998,119.457886,11106700
2024-06-13,123.000000,123.070000,121.339996,122.379997,118.691696,8056100
2024-06-14,121.330002,121.330002,119.660004,121.150002,117.498779,15315800
2024-06-17,120.730003,122.690002,120.540001,122.489998,118.798378,12522100
2024-06-18,122.459999,123.160004,122.230003,123.150002,119.438484,8176500
2024-06-20,123.010002,123.559998,122.739998,123.230003,119.516083,6350700
2024-06-21,123.209999,123.279999,121.919998,122.970001,119.263916,8231000
2024-06-24,122.879997,124.209999,122.610001,123.070000,119.770950,8650600
2024-06-25,122.970001,122.970001,121.449997,122.019997,118.749084,11365300
2024-06-26,121.860001,121.879997,121.209999,121.690002,118.427940,7350500
2024-06-27,121.809998,122.050003,121.379997,121.820000,118.554451,4804100
2024-06-28,122.160004,122.959999,121.279999,121.870003,118.603111,9796400
2024-07-01,122.440002,122.690002,120.290001,120.559998,117.328239,10008500
2024-07-02,120.379997,121.260002,120.290001,121.220001,117.970528,6789000
2024-07-03,121.360001,122.099998,121.150002,121.660004,118.398750,5467700
2024-07-05,121.629997,121.629997,120.250000,121.220001,117.970528,6367100
2024-07-08,121.559998,122.209999,121.000000,121.370003,118.116508,7405600
2024-07-09,121.430000,121.620003,120.809998,120.839996,117.600716,4617900
2024-07-10,121.010002,121.959999,120.760002,121.919998,118.651772,6930900
2024-07-11,122.239998,123.910004,122.059998,123.470001,120.160210,11113900
2024-07-12,124.180000,124.910004,123.870003,124.180000,120.851189,10565200
2024-07-15,124.550003,125.660004,124.279999,125.070000,121.717346,9680800
2024-07-16,125.440002,128.309998,125.430000,128.190002,124.753708,15501400
2024-07-17,127.629997,127.900002,126.519997,126.550003,123.157661,14511200
2024-07-18,126.540001,127.809998,125.379997,125.559998,122.194199,9267900
2024-07-19,125.839996,126.099998,124.589996,124.870003,121.522690,9955300
2024-07-22,125.459999,126.230003,124.480003,126.139999,122.758636,8334900
2024-07-23,125.510002,126.589996,125.440002,125.900002,122.525101,9432900
2024-07-24,125.279999,125.529999,123.070000,123.190002,119.887718,11370800
2024-07-25,123.349998,126.099998,123.029999,124.180000,120.851189,14738900
2024-07-26,125.599998,127.190002,125.389999,126.300003,122.914368,10620800
2024-07-29,126.699997,126.699997,125.680000,126.080002,122.700264,8946500
2024-07-30,126.620003,127.339996,125.940002,126.449997,123.060349,7811200
2024-07-31,127.919998,129.070007,127.290001,127.860001,124.432549,10947600
2024-08-01,127.540001,128.559998,124.730003,125.489998,122.126076,17283200
2024-08-02,124.129997,124.349998,121.570000,122.730003,119.440056,16916300
2024-08-05,120.379997,121.839996,119.169998,120.599998,117.367157,20012000
2024-08-06,121.309998,123.779999,120.779999,122.050003,118.778297,13732600
2024-08-07,123.199997,124.230003,121.389999,121.459999,118.204102,8307700
2024-08-08,122.360001,124.349998,122.339996,124.260002,120.929047,7976800
2024-08-09,124.099998,124.529999,123.000000,124.279999,120.948509,5891400
2024-08-12,124.290001,124.480003,123.250000,123.650002,120.335403,5733400
2024-08-13,124.230003,125.050003,123.339996,124.949997,121.600540,7808300
2024-08-14,124.910004,125.680000,124.839996,125.459999,122.096878,5506400
2024-08-15,126.650002,127.510002,126.300003,127.150002,123.741577,5717400
2024-08-16,126.989998,127.330002,126.410004,126.970001,123.566399,5448600
2024-08-19,127.080002,127.779999,126.940002,127.739998,124.315773,3482900
2024-08-20,127.680000,127.849998,127.010002,127.389999,123.975136,6443300
2024-08-21,127.690002,128.380005,127.540001,128.160004,124.724518,4989200
2024-08-22,128.380005,128.669998,127.599998,128.000000,124.568794,6355600
2024-08-23,128.440002,129.580002,128.190002,129.279999,125.814484,5888000
2024-08-26,129.559998,130.000000,128.869995,129.139999,125.678238,6226600
2024-08-27,128.949997,129.289993,128.509995,129.220001,125.756088,4000900
2024-08-28,129.279999,129.949997,128.509995,129.160004,125.697693,4336300
2024-08-29,129.759995,131.199997,129.100006,130.070007,126.583298,8226000
2024-08-30,130.529999,131.589996,129.589996,131.460007,127.936035,8347900
2024-09-03,130.809998,131.020004,128.059998,128.550003,125.104057,9332600
2024-09-04,128.470001,129.460007,128.190002,128.679993,125.230560,7809700
2024-09-05,128.410004,128.559998,126.470001,127.180000,123.770775,8044500
2024-09-06,127.339996,128.270004,125.639999,125.889999,122.515358,9567300
2024-09-09,126.959999,128.330002,126.919998,127.820000,124.393616,7283100
2024-09-10,128.320007,128.320007,126.970001,128.039993,124.607712,6270200
2024-09-11,127.730003,128.429993,125.110001,128.270004,124.831558,7969700
2024-09-12,128.300003,129.270004,127.589996,129.259995,125.795006,7012600
2024-09-13,129.820007,131.059998,129.559998,130.570007,127.069908,7913800
2024-09-16,131.139999,132.029999,130.449997,131.240005,127.721939,6400800
2024-09-17,131.500000,132.429993,131.220001,131.960007,128.422638,7820700
2024-09-18,132.169998,133.669998,131.649994,131.850006,128.315598,9191600
2024-09-19,134.009995,134.369995,132.970001,134.119995,130.524734,8957800
2024-09-20,133.080002,133.460007,132.440002,133.179993,129.609924,10907500
2024-09-23,133.259995,133.850006,132.759995,133.639999,130.479858,8284000
2024-09-24,134.009995,134.639999,133.699997,134.600006,131.417191,7507900
2024-09-25,135.009995,135.149994,133.869995,133.970001,130.802048,4422400
2024-09-26,135.059998,135.470001,134.470001,134.639999,131.456223,6620700
2024-09-27,135.050003,135.699997,134.619995,134.830002,131.641724,5859200
2024-09-30,134.830002,135.570007,134.039993,135.440002,132.237305,5321200
2024-10-01,135.369995,136.160004,134.289993,135.509995,132.305618,9398600
2024-10-02,135.259995,135.779999,134.690002,135.259995,132.061554,5189700
2024-10-03,134.869995,135.259995,134.070007,134.570007,131.387894,6361400
2024-10-04,135.630005,135.919998,134.270004,135.509995,132.305618,5797100
2024-10-07,134.839996,135.740005,134.509995,135.179993,131.983444,5737800
2024-10-08,135.699997,135.899994,134.960007,135.479996,132.276352,4980600
2024-10-09,135.490005,136.779999,135.300003,136.690002,133.457733,5064800
2024-10-10,136.149994,136.369995,135.529999,135.990005,132.774292,5495600
2024-10-11,136.490005,138.470001,136.490005,138.419998,135.146835,8764800
2024-10-14,138.389999,139.320007,137.850006,139.250000,135.957199,6817400
2024-10-15,139.399994,139.770004,138.059998,138.179993,134.912491,7808900
2024-10-16,138.399994,139.550003,138.339996,139.250000,135.957199,8207800
2024-10-17,139.270004,139.470001,138.600006,138.850006,135.566666,5065100
2024-10-18,139.210007,139.330002,138.429993,139.270004,135.976730,4782100
2024-10-21,139.250000,139.449997,138.220001,138.779999,135.498337,5216700
2024-10-22,138.169998,138.279999,136.389999,137.100006,133.858047,8579700
2024-10-23,136.960007,137.539993,136.000000,136.699997,133.467529,8480700
2024-10-24,136.490005,136.490005,135.369995,135.759995,132.549728,6720400
2024-10-25,136.380005,136.750000,135.119995,135.399994,132.198242,6399300
2024-10-28,136.080002,136.399994,135.759995,135.800003,132.588776,7132200
2024-10-29,135.389999,136.149994,134.589996,135.619995,132.413040,11192300
2024-10-30,135.020004,136.119995,134.789993,135.389999,132.188477,10469000
2024-10-31,134.320007,134.669998,133.410004,133.830002,130.665375,16640000
2024-11-01,134.509995,135.240005,133.979996,134.009995,130.841095,7482300
2024-11-04,134.149994,134.880005,133.490005,133.860001,130.694656,6744400
2024-11-05,134.330002,136.130005,133.990005,136.100006,132.881699,7469400
2024-11-06,140.669998,141.679993,139.169998,141.429993,138.085663,17738800
2024-11-07,141.830002,141.889999,140.389999,140.580002,137.255768,10062400
2024-11-08,140.990005,142.529999,140.720001,142.089996,138.730057,8270000
2024-11-11,142.889999,143.720001,142.860001,143.190002,139.804062,8237000
2024-11-12,143.529999,143.669998,141.380005,141.960007,138.603134,7161100
2024-11-13,142.110001,143.059998,142.070007,142.259995,138.896011,6033400
2024-11-14,142.119995,142.309998,139.710007,139.860001,136.552780,9977100
2024-11-15,139.369995,140.210007,138.750000,139.110001,135.820511,6628500
2024-11-18,139.089996,139.490005,138.580002,138.919998,135.635025,6414200
2024-11-19,138.059998,139.160004,137.820007,138.800003,135.517838,5554700
2024-11-20,139.130005,139.279999,137.929993,138.949997,135.664322,6527600
2024-11-21,139.619995,141.179993,139.080002,140.690002,137.363174,9677300
2024-11-22,141.059998,142.690002,140.929993,142.649994,139.276810,7924300
2024-11-25,143.380005,143.929993,142.919998,143.539993,140.145752,7411700
2024-11-26,143.369995,143.970001,142.830002,143.710007,140.311737,6524900
2024-11-27,144.149994,144.509995,143.139999,143.179993,139.794281,5561100
2024-11-29,143.399994,144.259995,143.399994,143.990005,140.585114,3091500
2024-12-02,143.899994,144.110001,142.740005,142.929993,139.550201,6217500
2024-12-03,142.979996,143.220001,141.559998,142.029999,138.671463,4528000
2024-12-04,142.050003,142.660004,141.660004,142.649994,139.276810,5727700
2024-12-05,142.649994,142.770004,140.889999,140.919998,137.587723,5233900
2024-12-06,141.339996,141.660004,140.330002,140.559998,137.236252,5432800
2024-12-09,140.589996,140.750000,139.259995,139.339996,136.045090,7434200
2024-12-10,139.169998,139.520004,138.190002,139.000000,135.713135,7382800
2024-12-11,139.720001,139.929993,138.619995,138.679993,135.400681,6168900
2024-12-12,138.750000,138.949997,137.720001,137.789993,134.531723,7081600
2024-12-13,137.949997,138.100006,137.289993,137.429993,134.180237,6709900
2024-12-16,137.580002,138.059998,137.110001,137.550003,134.297409,6573400
2024-12-17,136.960007,137.270004,135.970001,136.289993,133.067215,6861700
2024-12-18,136.479996,136.789993,132.350006,132.440002,129.308273,13428100
2024-12-19,133.080002,134.050003,132.220001,132.270004,129.142258,12507400
2024-12-20,132.139999,134.809998,131.809998,133.820007,130.655640,11849600
2024-12-23,132.990005,133.320007,132.009995,133.119995,130.626175,8022300
2024-12-24,132.979996,134.220001,132.729996,134.160004,131.646698,2972900
2024-12-26,133.850006,134.589996,133.509995,134.259995,131.744812,4749500
2024-12-27,133.490005,134.259995,132.490005,133.259995,130.763565,6060000
2024-12-30,131.809998,132.539993,130.639999,131.919998,129.448654,8725500
2024-12-31,132.330002,132.529999,131.360001,131.759995,129.291641,6009800
2025-01-02,132.729996,132.949997,130.710007,131.300003,128.840256,7227600
2025-01-03,131.759995,133.000000,131.330002,132.720001,130.233673,7676100
2025-01-06,133.399994,133.820007,132.190002,132.429993,129.949097,6899500
2025-01-07,132.729996,133.160004,131.850006,132.300003,129.821548,6841200
2025-01-08,132.050003,132.949997,131.250000,132.820007,130.331818,8277600
2025-01-10,132.130005,132.250000,131.050003,131.330002,128.869690,9997300
2025-01-13,130.589996,132.949997,130.449997,132.869995,130.380859,8365400
2025-01-14,133.809998,134.639999,133.210007,134.440002,131.921432,6746700
2025-01-15,136.429993,136.639999,135.039993,135.289993,132.755508,9184200
2025-01-16,135.660004,137.130005,135.509995,136.929993,134.364822,6556500
2025-01-17,137.809998,138.259995,137.210007,137.750000,135.169449,6869200
2025-01-21,138.960007,140.580002,138.960007,140.580002,137.946426,12177700
2025-01-22,141.020004,141.169998,140.190002,140.250000,137.622604,7206000
2025-01-23,141.139999,141.899994,140.559998,141.669998,139.015991,7353400
2025-01-24,141.600006,141.649994,140.789993,141.070007,138.427261,6457700
2025-01-27,138.929993,139.509995,138.500000,139.179993,136.572632,10909300
2025-01-28,139.509995,139.630005,137.850006,138.259995,135.669876,8900000
2025-01-29,138.350006,139.229996,137.710007,137.789993,135.208679,9100900
2025-01-30,137.589996,139.589996,137.589996,139.330002,136.719849,8169600
2025-01-31,139.289993,139.740005,138.190002,138.350006,135.758194,10144700
2025-02-03,135.929993,137.970001,135.330002,136.979996,134.413864,13906700
2025-02-04,137.110001,137.750000,136.720001,137.020004,134.453110,7577200
2025-02-05,137.500000,137.740005,136.160004,137.119995,134.551224,8179200
2025-02-06,137.389999,137.880005,136.789993,137.740005,135.159622,7368300
2025-02-07,138.369995,138.539993,137.050003,137.330002,134.757294,10408900
2025-02-10,138.220001,138.610001,137.630005,138.559998,135.964264,5446400
2025-02-11,138.100006,138.679993,137.699997,138.610001,136.013336,5787700
2025-02-12,136.630005,138.240005,136.410004,137.750000,135.169449,7694300
2025-02-13,137.740005,138.250000,137.309998,137.889999,135.306793,8539100
2025-02-14,138.080002,138.250000,137.389999,137.550003,134.973175,5800000
2025-02-18,138.020004,138.889999,137.880005,138.630005,136.032959,7226600
2025-02-19,138.289993,139.080002,138.070007,138.770004,136.170349,9454100
2025-02-20,138.610001,138.630005,136.869995,137.860001,135.277359,9306700
2025-02-21,138.000000,138.000000,134.309998,134.839996,132.313965,14561200
2025-02-24,135.360001,135.600006,134.050003,134.229996,131.715393,10876100
2025-02-25,134.240005,135.399994,133.490005,134.919998,132.392456,9898500
2025-02-26,135.610001,136.360001,134.820007,135.000000,132.470947,8330400
2025-02-27,135.309998,136.429993,134.350006,134.529999,132.009766,9624600
2025-02-28,134.899994,136.460007,134.240005,136.330002,133.776047,9888000
2025-03-03,137.119995,137.639999,133.669998,134.389999,131.872375,12683000
2025-03-04,132.910004,134.000000,130.789993,131.770004,129.301483,15191300
2025-03-05,132.240005,134.399994,132.100006,133.850006,131.342514,12117600
2025-03-06,132.470001,133.600006,131.740005,132.699997,130.214020,12029100
2025-03-07,131.949997,134.600006,131.529999,134.250000,131.735031,17504500
2025-03-10,132.539993,134.080002,131.100006,132.149994,129.674347,15123900
2025-03-11,131.850006,132.020004,129.419998,130.119995,127.682373,13176800
2025-03-12,131.309998,131.490005,128.990005,130.110001,127.672569,12728100
2025-03-13,129.800003,130.399994,128.259995,128.779999,126.367485,10596900
2025-03-14,130.009995,131.380005,129.470001,131.130005,128.673477,8920000
2025-03-17,130.940002,133.550003,130.800003,132.940002,130.449554,6918300
2025-03-18,132.380005,132.580002,131.130005,131.880005,129.409393,8051800
2025-03-19,132.309998,134.389999,132.149994,133.630005,131.126602,8274900
2025-03-20,132.570007,133.940002,132.320007,132.960007,130.469162,8078300
2025-03-21,131.809998,132.410004,130.979996,132.250000,129.772476,10036500
2025-03-24,133.429993,134.520004,133.100006,134.289993,132.179031,8446800
2025-03-25,134.559998,134.940002,133.839996,134.490005,132.375885,5337100
2025-03-26,134.699997,135.380005,133.199997,133.600006,131.499878,6899300
2025-03-27,133.559998,134.009995,132.270004,132.889999,130.801041,8414000
2025-03-28,132.449997,132.800003,130.080002,130.149994,128.104111,10196800
2025-03-31,129.139999,131.850006,128.419998,131.070007,129.009659,9650200
2025-04-01,130.770004,132.089996,129.649994,131.809998,129.738007,8722200
2025-04-02,130.309998,133.509995,130.259995,133.050003,130.958542,6398000
2025-04-03,128.589996,129.710007,125.760002,125.849998,123.871704,15962200
2025-04-04,122.250000,122.680000,117.790001,117.940002,116.086044,28516400
2025-04-07,114.650002,121.800003,112.750000,117.389999,115.544693,42518300
2025-04-08,121.040001,121.669998,114.639999,116.419998,114.589943,21272000
2025-04-09,115.230003,127.550003,115.230003,126.760002,124.767410,36610700
2025-04-10,124.459999,124.980003,119.910004,123.489998,121.548798,26234000
2025-04-11,123.209999,126.320000,121.989998,125.669998,123.694534,13750300
2025-04-14,127.190002,127.820000,125.919998,126.980003,124.983955,8060500
2025-04-15,126.769997,127.809998,126.160004,126.349998,124.363853,6230200
2025-04-16,125.739998,126.430000,123.639999,124.620003,122.661049,8043500
2025-04-17,124.709999,126.489998,124.669998,125.300003,123.330360,7850400
2025-04-21,124.089996,124.349998,121.139999,122.489998,120.564522,9083500
2025-04-22,123.489998,125.180000,123.120003,124.629997,122.670891,7493200
2025-04-23,128.029999,129.130005,125.820000,126.190002,124.206360,9718300
2025-04-24,126.139999,129.259995,125.760002,129.020004,126.991890,7145400
2025-04-25,128.710007,129.500000,128.100006,129.009995,126.982040,5826900
2025-04-28,129.229996,130.300003,128.220001,129.440002,127.405266,6202200
2025-04-29,129.050003,130.539993,128.940002,130.279999,128.232071,5040600
2025-04-30,129.410004,131.589996,127.849998,131.220001,129.157318,7532300
2025-05-01,131.779999,133.160004,131.250000,132.210007,130.131744,9338700
2025-05-02,133.889999,135.110001,133.699997,134.580002,132.464478,7227600
2025-05-05,133.759995,135.449997,133.669998,134.649994,132.533340,4523400
2025-05-06,133.240005,134.229996,132.960007,133.470001,131.371933,5404100
2025-05-07,133.869995,134.740005,133.419998,134.149994,132.041229,5304600
2025-05-08,135.190002,137.350006,134.940002,136.000000,133.862167,7914800
2025-05-09,136.270004,136.559998,135.199997,136.110001,133.970444,4541200
2025-05-12,140.309998,140.350006,138.979996,140.300003,138.094574,8321800
2025-05-13,140.750000,142.179993,140.589996,141.279999,139.059174,9795200
2025-05-14,141.190002,141.419998,140.199997,140.600006,138.389847,6517700
2025-05-15,141.000000,142.380005,140.800003,142.160004,139.925323,5761900
2025-05-16,142.380005,143.779999,141.910004,143.779999,141.519867,5384200
2025-05-19,142.389999,144.389999,142.389999,144.270004,142.002167,5459200
2025-05-20,143.690002,144.460007,143.190002,143.750000,141.490326,6825700
2025-05-21,142.979996,143.389999,141.110001,141.320007,139.098541,9600200
2025-05-22,141.059998,142.160004,140.529999,141.289993,139.069000,8993200
2025-05-23,139.690002,141.339996,139.630005,140.830002,138.616226,8233100
2025-05-27,142.490005,143.429993,141.699997,143.309998,141.057236,11862100
2025-05-28,143.529999,143.789993,142.399994,142.600006,140.358414,9058300
2025-05-29,143.190002,143.289993,141.720001,142.729996,140.486359,12106600
2025-05-30,142.589996,143.320007,141.559998,142.820007,140.574936,14254700
2025-06-02,142.630005,142.699997,140.839996,142.639999,140.397766,12641300
2025-06-03,142.610001,143.830002,142.550003,143.740005,141.480484,10896800
2025-06-04,144.089996,144.570007,143.809998,143.820007,141.559235,7975800
2025-06-05,144.270004,144.350006,143.169998,143.720001,141.460800,13814300
2025-06-06,145.000000,145.559998,144.470001,144.929993,142.651764,11289200
2025-06-09,145.309998,145.520004,144.509995,144.800003,142.523819,9162800
2025-06-10,145.080002,145.080002,143.410004,144.169998,141.903717,15625600
2025-06-11,144.300003,144.690002,142.839996,144.240005,141.972641,15837000
2025-06-12,143.119995,143.979996,142.960007,143.860001,141.598602,13097400
2025-06-13,142.839996,143.919998,142.220001,142.649994,140.407608,14060500
2025-06-16,143.500000,144.529999,143.330002,143.630005,141.372208,13711000
2025-06-17,143.100006,143.580002,142.350006,142.550003,140.309189,12654200
2025-06-18,142.690002,143.660004,142.119995,142.210007,139.974533,14008800
2025-06-20,143.080002,143.419998,141.889999,142.369995,140.132019,13985200
2025-06-23,142.199997,143.940002,141.279999,143.860001,142.029556,15902400
2025-06-24,144.630005,145.300003,143.820007,145.059998,143.214294,11518200
2025-06-25,145.160004,145.240005,143.460007,143.779999,141.950592,9751600
2025-06-26,144.410004,145.509995,144.100006,145.339996,143.490738,9728300
2025-06-27,145.759995,147.429993,145.429993,146.789993,144.922272,13380900
2025-06-30,147.059998,147.729996,146.580002,147.520004,145.642990,10914600
2025-07-01,147.160004,148.360001,146.910004,148.009995,146.126770,13189100
2025-07-02,147.789993,148.160004,147.300003,148.160004,146.274857,11061700
2025-07-03,148.669998,149.539993,148.550003,149.419998,147.518814,4864900
2025-07-07,149.399994,149.820007,147.869995,148.899994,147.005432,10687700
2025-07-08,148.910004,149.309998,148.139999,148.860001,146.965958,10845500
2025-07-09,149.869995,150.039993,148.899994,149.899994,147.992722,10173600
2025-07-10,150.070007,151.259995,150.009995,150.740005,148.822021,12385600
2025-07-11,149.990005,150.610001,149.619995,150.199997,148.288895,7065200
2025-07-14,150.190002,151.139999,149.899994,151.009995,149.088593,9069900
2025-07-15,151.479996,151.479996,149.860001,149.880005,147.972977,10278700
2025-07-16,150.300003,150.520004,148.389999,150.410004,148.496231,9998300
2025-07-17,150.979996,151.979996,150.809998,151.800003,149.868546,13374200
2025-07-18,152.270004,152.479996,150.789993,151.460007,149.532883,10201800
2025-07-21,151.929993,152.039993,150.600006,150.660004,148.743057,10089300
2025-07-22,150.130005,151.320007,149.710007,151.020004,149.098450,15053900
2025-07-23,152.279999,153.809998,152.039993,153.729996,151.773987,14747300
2025-07-24,153.570007,154.589996,153.050003,153.470001,151.517288,11695600
2025-07-25,153.940002,155.059998,153.360001,154.990005,153.017975,9376600
2025-07-28,155.070007,155.149994,154.070007,154.509995,152.544052,9214700
2025-07-29,154.550003,154.600006,152.240005,152.750000,150.806442,13546500
2025-07-30,152.539993,152.839996,151.289993,152.000000,150.065994,13795300
2025-07-31,151.509995,153.070007,151.509995,152.009995,150.075882,16520400
2025-08-01,149.949997,150.350006,148.130005,149.740005,147.834747,19191700
2025-08-04,150.259995,151.259995,150.119995,151.119995,149.197189,11355600
2025-08-05,150.889999,151.600006,149.779999,150.809998,148.891129,12724800
2025-08-06,150.949997,151.250000,149.809998,150.929993,149.009613,10736700
2025-08-07,151.779999,151.839996,149.789993,150.710007,148.792419,11095100
2025-08-08,151.149994,151.789993,150.440002,150.830002,148.910889,9124700
2025-08-11,150.850006,150.940002,149.979996,150.339996,148.427109,9643500
2025-08-12,150.970001,151.960007,150.679993,151.899994,149.967270,9518300
2025-08-13,152.330002,152.570007,150.740005,152.479996,150.539902,12786800
2025-08-14,151.449997,151.899994,150.850006,151.130005,149.207077,9516400
2025-08-15,150.979996,151.259995,150.330002,150.440002,148.525848,8796000
2025-08-18,150.449997,151.190002,150.300003,151.029999,149.108337,7342100
2025-08-19,151.199997,152.300003,150.750000,151.360001,149.434143,9035200
2025-08-20,151.199997,151.570007,150.270004,151.220001,149.295929,9549500
2025-08-21,151.000000,151.389999,150.419998,150.679993,148.762772,7679600
2025-08-22,151.500000,154.199997,151.449997,153.139999,151.191483,9298800
2025-08-25,152.880005,153.389999,151.589996,151.610001,149.680969,6869000
2025-08-26,151.669998,153.320007,151.610001,153.169998,151.221130,6927500
2025-08-27,153.100006,153.399994,152.850006,153.149994,151.201355,5876400
2025-08-28,153.649994,153.750000,152.839996,153.419998,151.467926,7166700
2025-08-29,153.190002,153.309998,151.410004,152.009995,150.075882,8806100
2025-09-02,150.419998,150.720001,149.610001,150.559998,148.644302,9798600
2025-09-03,150.520004,150.619995,149.100006,149.800003,147.893997,12036200
2025-09-04,150.080002,151.520004,149.679993,151.490005,149.562500,10148800
2025-09-05,151.750000,152.080002,149.399994,150.929993,149.009613,16781000
2025-09-08,151.130005,151.539993,150.110001,151.270004,149.345291,11647200
2025-09-09,151.000000,151.009995,149.320007,150.250000,148.338257,12179400
2025-09-10,150.500000,151.839996,150.470001,151.360001,149.434143,16515000
2025-09-11,151.440002,153.270004,151.220001,152.800003,150.855804,17820600
2025-09-12,152.479996,152.839996,151.490005,151.580002,149.651337,8907500
2025-09-15,151.929993,152.679993,151.699997,152.279999,150.342438,9412900
2025-09-16,152.509995,152.679993,151.339996,151.830002,149.898163,10336100
2025-09-17,151.889999,152.699997,150.149994,151.139999,149.216934,12549500
2025-09-18,151.509995,153.100006,151.190002,152.750000,150.806442,13071800
2025-09-19,153.250000,153.460007,151.910004,153.119995,151.171753,8778300
2025-09-22,152.000000,153.240005,151.690002,153.000000,151.677353,5688500
2025-09-23,153.350006,154.259995,152.429993,153.039993,151.716980,8589300
2025-09-24,153.369995,153.699997,152.220001,152.250000,150.933838,5938400
2025-09-25,151.740005,151.770004,150.619995,151.220001,149.912735,7145800
2025-09-26,152.059998,153.210007,152.020004,152.580002,151.260956,6958900
2025-09-29,153.770004,153.919998,152.529999,153.050003,151.726913,7177600
2025-09-30,152.869995,154.380005,152.839996,154.229996,152.896698,8211200
2025-10-01,153.479996,154.110001,153.110001,153.800003,152.470428,8753400
2025-10-02,153.960007,154.800003,153.279999,154.199997,152.866974,8495400
2025-10-03,154.410004,155.410004,153.940002,154.410004,153.075150,7430000
2025-10-06,154.910004,155.440002,154.169998,155.130005,153.788925,6861000
2025-10-07,155.360001,155.770004,153.899994,154.250000,152.916550,11204100
2025-10-08,154.639999,155.820007,153.960007,155.589996,154.244949,9686000
2025-10-09,155.750000,155.940002,153.070007,153.289993,151.964828,9751200
2025-10-10,153.699997,154.199997,149.889999,149.899994,148.604141,24285300
2025-10-13,151.000000,152.039993,150.690002,151.460007,150.150665,11014200
2025-10-14,150.080002,153.929993,149.979996,153.240005,151.915268,11015600
2025-10-15,153.789993,154.649994,151.259995,152.600006,151.280807,10338300
2025-10-16,153.050003,153.309998,150.839996,151.600006,150.289444,13796400
2025-10-17,151.440002,152.350006,150.990005,151.729996,150.418320,10806300
2025-10-20,152.539993,153.850006,152.479996,153.520004,152.192856,8192600
2025-10-21,153.820007,155.649994,153.720001,154.880005,153.541107,11589400
2025-10-22,155.220001,155.460007,152.410004,152.869995,151.548477,13612300
2025-10-23,153.199997,155.009995,153.199997,154.779999,153.441956,8035200
2025-10-24,156.000000,156.039993,154.839996,154.910004,153.570831,7502400
2025-10-27,155.970001,156.050003,155.089996,155.789993,154.443207,5828900
2025-10-28,155.899994,156.289993,154.660004,154.679993,153.342819,9022200
2025-10-29,154.800003,156.270004,154.350006,155.080002,153.739349,16439600
2025-10-30,154.490005,156.990005,154.309998,154.690002,153.352722,11840000
2025-10-31,154.500000,155.630005,154.289993,155.059998,153.719543,10414800
2025-11-03,155.050003,155.050003,153.250000,154.399994,153.065231,9797400
2025-11-04,152.759995,153.000000,151.809998,152.610001,151.290726,13391600
2025-11-05,152.210007,154.039993,152.029999,153.199997,151.875610,11121900
2025-11-06,153.250000,153.770004,152.210007,152.589996,151.270889,11735400
2025-11-07,152.029999,153.550003,151.139999,153.330002,152.004501,13518600
2025-11-10,154.000000,154.630005,152.529999,154.199997,152.866974,10900400
2025-11-11,154.210007,154.690002,153.350006,154.240005,152.906616,8652400
2025-11-12,154.520004,155.539993,154.289993,154.389999,153.055313,9583300
2025-11-13,154.320007,154.830002,151.679993,152.000000,150.685989,15475400
2025-11-14,151.149994,152.880005,150.789993,152.009995,150.695908,13433100
2025-11-17,152.009995,152.289993,149.880005,150.520004,149.218796,15294100
2025-11-18,149.860001,150.759995,149.100006,149.850006,148.554596,19820200
2025-11-19,150.000000,150.860001,149.600006,150.350006,149.050262,12575500
2025-11-20,152.350006,152.720001,147.720001,147.830002,146.552032,27790800
2025-11-21,148.479996,150.289993,147.139999,149.630005,148.336487,20982900
2025-11-24,149.820007,150.610001,148.929993,150.000000,148.703262,12658900
2025-11-25,150.360001,152.179993,149.309998,151.919998,150.606689,13636100
2025-11-26,152.029999,153.570007,151.899994,152.800003,151.479065,10206200
2025-11-28,153.059998,153.860001,152.770004,153.690002,152.361389,3507600
2025-12-01,152.539993,153.009995,151.369995,151.440002,150.130844,10704600
2025-12-02,152.240005,153.210007,151.690002,152.759995,151.439423,9712300
2025-12-03,152.940002,154.250000,152.550003,154.210007,152.876892,9128800
2025-12-04,154.289993,155.470001,154.110001,155.009995,153.669968,9249400
2025-12-05,155.029999,155.330002,154.110001,154.580002,153.243683,8228800
2025-12-08,154.770004,155.009995,154.020004,154.389999,153.055313,6721600
2025-12-09,154.000000,155.020004,153.190002,153.259995,151.935089,7375100
2025-12-10,154.080002,156.720001,153.839996,156.059998,154.710892,13463300
2025-12-11,155.899994,157.880005,155.759995,157.729996,156.366440,9999300
2025-12-12,158.220001,158.460007,156.259995,156.740005,155.385010,12062900
2025-12-15,157.580002,157.740005,156.610001,156.990005,155.632843,10889500
2025-12-16,156.850006,157.289993,155.410004,156.059998,154.710892,10277500
2025-12-17,155.770004,156.449997,153.369995,153.529999,152.202759,11612500
2025-12-18,154.889999,155.779999,154.059998,154.529999,153.194107,10021200
2025-12-19,154.690002,156.119995,154.589996,155.860001,154.512619,6957800
2025-12-22,156.070007,157.179993,155.710007,157.050003,156.225571,5369000
2025-12-23,157.020004,157.369995,156.679993,156.990005,156.165894,5044600
2025-12-24,156.990005,157.690002,156.800003,157.500000,156.673218,2238500
2025-12-26,157.360001,157.419998,156.789993,157.210007,156.384750,4155300
2025-12-29,156.910004,157.570007,156.529999,156.869995,156.046509,4455400
2025-12-30,156.889999,157.070007,156.389999,156.419998,155.598892,3810500
2025-12-31,156.490005,156.559998,155.059998,155.119995,154.305710,3691800
2026-01-02,155.619995,158.009995,154.979996,157.979996,157.150696,10122900
2026-01-05,158.300003,160.570007,158.300003,159.850006,159.010880,16194200
2026-01-06,159.440002,162.160004,159.179993,162.020004,161.169495,12757200
2026-01-07,162.490005,162.600006,158.869995,158.970001,158.135513,12333000
2026-01-08,160.020004,161.360001,159.759995,160.169998,159.329208,11555400
2026-01-09,160.630005,162.220001,160.630005,161.929993,161.079956,9439600
2026-01-12,161.630005,163.250000,161.369995,163.169998,162.313446,7420500
2026-01-13,163.880005,164.539993,163.419998,164.009995,163.149033,9580400
2026-01-14,163.779999,164.300003,162.809998,164.270004,163.407684,10727100
2026-01-15,165.070007,166.050003,164.990005,165.779999,164.909744,9197400
2026-01-16,166.399994,167.199997,166.119995,166.899994,166.023865,13483100
2026-01-20,164.759995,165.710007,163.179993,163.529999,162.671555,14435200
2026-01-21,164.380005,167.009995,164.169998,166.360001,165.486710,14068600
2026-01-22,166.559998,167.009995,165.190002,165.500000,164.631210,9937200
2026-01-23,165.500000,165.820007,163.710007,164.220001,163.357941,11673600
2026-01-26,164.220001,164.669998,163.850006,164.380005,163.517120,8231500
2026-01-27,164.660004,165.380005,163.710007,165.059998,164.193527,9439300
2026-01-28,164.419998,165.279999,163.520004,164.139999,163.278351,10144900
2026-01-29,165.250000,166.910004,164.050003,165.860001,164.989319,16332500
2026-01-30,164.660004,166.309998,163.729996,165.440002,164.571533,11612500
2026-02-02,165.220001,167.619995,165.059998,167.529999,166.650558,11466600
2026-02-03,167.529999,169.800003,166.919998,168.940002,168.053162,16444000
2026-02-04,169.979996,170.770004,167.850006,169.389999,168.500809,21338400
2026-02-05,168.250000,169.320007,167.449997,168.369995,167.486160,18699300
2026-02-06,169.889999,173.389999,169.809998,173.179993,172.270905,11992100
2026-02-09,172.809998,174.130005,172.639999,173.699997,172.788162,9472200
2026-02-10,173.710007,174.850006,173.429993,173.910004,172.997086,8820200
2026-02-11,175.419998,176.750000,174.080002,174.839996,173.922180,12551900
2026-02-12,175.779999,177.759995,172.449997,172.750000,171.843155,18157000
2026-02-13,173.100006,175.309998,172.639999,174.169998,173.255707,13617900
2026-02-17,173.919998,175.970001,173.399994,175.080002,174.160919,13810800
2026-02-18,175.380005,176.000000,174.380005,175.039993,174.121140,10623800
2026-02-19,175.059998,176.940002,174.750000,176.339996,175.414322,13431100
2026-02-20,176.130005,178.220001,175.610001,177.229996,176.299652,13104100
2026-02-23,176.410004,176.919998,174.350006,174.830002,173.912247,10566600
2026-02-24,174.580002,177.220001,174.369995,176.979996,176.050949,9756500
2026-02-25,177.559998,177.759995,174.440002,175.600006,174.678207,11757700
2026-02-26,176.139999,176.970001,173.910004,176.699997,175.772430,13764500
2026-02-27,175.369995,177.229996,175.029999,177.139999,176.210114,9692600
2026-03-02,176.500000,179.309998,175.660004,178.899994,177.960876,21918000
2026-03-03,176.020004,176.190002,172.669998,175.440002,174.519058,20481300
2026-03-04,176.330002,176.929993,174.690002,175.970001,175.046249,13604000
2026-03-05,174.809998,175.240005,170.210007,172.059998,171.156784,21308200
2026-03-06,169.759995,170.660004,168.259995,169.940002,169.047913,22680300
2026-03-09,168.139999,171.399994,166.169998,170.940002,170.042664,19492500
2026-03-10,170.669998,172.380005,169.820007,170.020004,169.127487,16791100
2026-03-11,169.729996,170.320007,168.369995,169.490005,168.600281,14287600
2026-03-12,167.979996,168.119995,165.160004,165.240005,164.372589,15925600
2026-03-13,166.289993,166.820007,163.729996,164.649994,163.785675,15836200
2026-03-16,166.169998,167.139999,165.339996,166.059998,165.188278,11091300
2026-03-17,167.220001,167.559998,165.050003,166.500000,165.625977,12772600
2026-03-18,166.169998,167.169998,165.059998,165.179993,164.312897,11872400
2026-03-19,163.460007,164.990005,162.250000,164.059998,163.198776,17989900
2026-03-20,164.020004,164.649994,160.309998,161.669998,160.821320,19199200
2026-03-23,164.100006,166.179993,163.020004,163.050003,162.649826,18508400
2026-03-24,161.369995,164.559998,161.139999,164.000000,163.597504,14110200
2026-03-25,165.860001,166.320007,164.320007,165.100006,164.694809,12205600
2026-03-26,163.729996,164.610001,161.089996,161.270004,160.874207,15416400
2026-03-27,160.589996,161.289993,158.850006,159.199997,158.809280,13923700
2026-03-30,160.550003,160.740005,156.080002,156.610001,156.225632,17459600
2026-03-31,158.699997,162.240005,158.050003,161.729996,161.333069,15855900
2026-04-01,163.490005,165.770004,163.270004,164.429993,164.026428,17035300
2026-04-02,161.720001,165.740005,161.139999,163.770004,163.368073,11097200
2026-04-06,163.539993,164.639999,162.770004,164.610001,164.206009,7105500
2026-04-07,163.649994,164.679993,162.800003,164.279999,163.876816,10068200
2026-04-08,169.600006,171.059998,169.110001,170.440002,170.021698,12808600
2026-04-09,169.880005,173.160004,169.800003,172.190002,171.767395,8180000
2026-04-10,172.490005,172.699997,171.210007,171.520004,171.099045,5169700
2026-04-13,170.990005,172.779999,170.610001,172.729996,172.306061,6814100
2026-04-14,173.130005,174.039993,172.029999,173.350006,172.924561,5490700
2026-04-15,173.110001,173.149994,170.080002,171.179993,170.759872,13548300
2026-04-16,171.250000,172.059998,169.520004,170.330002,169.911957,8629200
2026-04-17,172.240005,175.130005,172.139999,173.509995,173.084152,9529000
2026-04-20,173.130005,173.979996,172.559998,173.899994,173.473190,5734900
2026-04-21,173.529999,174.690002,170.929993,171.440002,171.019241,8752700
2026-04-22,173.309998,173.919998,170.330002,171.039993,170.620209,10595400
2026-04-23,171.830002,174.789993,171.600006,174.070007,173.642792,14418800
2026-04-24,173.970001,174.179993,171.960007,172.470001,172.046707,7665200
2026-04-27,172.509995,173.509995,171.520004,172.509995,172.086609,6689500
2026-04-28,171.679993,171.860001,169.539993,170.979996,170.560364,9000000
2026-04-29,171.250000,171.710007,169.229996,169.929993,169.512939,9059900
2026-04-30,171.490005,174.820007,171.139999,174.580002,174.151535,12012100
2026-05-01,175.229996,175.429993,172.940002,172.960007,172.535507,6800700
2026-05-04,172.500000,173.210007,170.660004,170.979996,170.560364,7618500
2026-05-05,172.149994,173.059998,171.199997,172.410004,171.986862,6189400
2026-05-06,175.279999,177.339996,174.250000,176.869995,176.435913,10461300
2026-05-07,177.440002,177.720001,173.429993,174.000000,173.572952,10627700
2026-05-08,175.149994,175.320007,173.089996,173.199997,172.774918,5883800
2026-05-11,173.240005,175.550003,172.880005,175.039993,174.610397,6277200
2026-05-12,174.429993,174.789993,172.139999,174.350006,173.922104,7468700
2026-05-13,174.240005,174.610001,172.520004,173.619995,173.193878,6070600
2026-05-14,174.169998,174.729996,172.839996,174.509995,174.081696,7364000
2026-05-15,172.800003,172.800003,170.929993,171.399994,170.979324,7826300
2026-05-18,171.559998,171.570007,169.500000,170.750000,170.330933,8696000
2026-05-19,169.630005,170.179993,168.110001,168.740005,168.325867,7503400
2026-05-20,169.229996,171.479996,168.369995,170.729996,170.310974,10524700
2026-05-21,169.809998,171.300003,168.910004,170.529999,170.111465,8535000
2026-05-22,171.750000,172.880005,170.419998,171.770004,171.348434,6910500
2026-05-26,173.190002,174.779999,172.869995,174.300003,173.872223,6797700
2026-05-27,174.539993,174.860001,173.470001,174.300003,173.872223,7413200
2026-05-28,173.490005,174.710007,172.059998,173.800003,173.373444,8669000
2026-05-29,173.570007,173.880005,172.369995,173.130005,172.705093,7054700
2026-06-01,171.589996,172.860001,170.389999,172.399994,171.976883,8235000
2026-06-02,172.940002,174.500000,172.369995,174.190002,173.762497,8663800
2026-06-03,173.729996,176.100006,173.550003,174.050003,173.622833,6900600
2026-06-04,174.929993,176.479996,174.279999,176.160004,175.727661,6670100
2026-06-05,175.610001,176.369995,173.479996,174.179993,173.752502,8893400
2026-06-08,174.919998,175.330002,173.270004,173.630005,173.203873,5372100
2026-06-09,174.369995,176.589996,171.729996,175.600006,175.169037,9457400
2026-06-10,174.570007,174.580002,169.449997,169.660004,169.243607,13851900
2026-06-11,171.279999,175.679993,170.990005,175.149994,174.720123,11046100
2026-06-12,176.020004,176.610001,174.630005,176.179993,175.747604,6961600
2026-06-15,178.800003,179.979996,178.509995,178.679993,178.241455,7522100
2026-06-16,179.580002,181.100006,179.309998,179.850006,179.408600,8978400
2026-06-17,179.970001,182.330002,179.130005,179.600006,179.159210,11053200
2026-06-18,182.500000,182.919998,180.449997,180.910004,180.466003,8059200
2026-06-22,180.779999,182.279999,180.690002,181.800003,181.800003,6669200
2026-06-23,179.160004,180.009995,177.229996,178.149994,178.149994,8927400
2026-06-24,179.070007,181.889999,178.339996,180.210007,180.210007,7088600
2026-06-25,182.240005,186.089996,182.059998,184.119995,184.119995,7867600
2026-06-26,182.639999,183.070007,180.910004,181.199997,181.199997,8856200
2026-06-29,181.509995,183.580002,181.350006,182.759995,182.759995,7860500
2026-06-30,183.320007,185.449997,182.699997,185.229996,185.229996,6530900
2026-07-01,184.369995,185.649994,182.720001,183.360001,183.360001,8112800
2026-07-02,184.710007,185.479996,181.910004,183.910004,183.910004,6530800
2026-07-06,184.699997,186.449997,184.699997,185.559998,185.559998,6701800
2026-07-07,184.539993,184.919998,180.660004,182.380005,182.380005,7721500
2026-07-08,180.759995,181.889999,179.080002,180.419998,180.419998,7333300
2026-07-09,182.429993,182.750000,180.729996,181.110001,181.110001,5381900
2026-07-10,181.149994,182.580002,180.160004,181.919998,181.919998,5315600
2026-07-13,181.520004,182.179993,179.800003,180.369995,180.369995,5384700
2026-07-14,181.669998,182.509995,179.860001,180.449997,180.449997,6672800
2026-07-15,180.779999,181.020004,177.779999,180.059998,180.059998,7491300
2026-07-16,178.789993,180.559998,178.550003,180.149994,180.149994,6093200
2026-07-17,178.259995,181.460007,177.600006,179.410004,179.410004,8061700
2026-07-20,180.610001,181.270004,177.589996,178.119995,178.119995,6044600
2026-07-21,179.509995,179.940002,177.759995,178.660004,178.660004,4834918
