Date,Open,High,Low,Close,AdjClose,Volume
2005-01-03,23.299999,23.410000,23.020000,23.080000,13.196810,813900
2005-01-04,23.010000,23.180000,22.870001,23.000000,13.151070,2075600
2005-01-05,23.000000,23.030001,22.879999,22.879999,13.082457,1772000
2005-01-06,22.980000,23.070000,22.830000,22.990000,13.145352,594900
2005-01-07,23.100000,23.170000,22.980000,23.100000,13.208244,325800
2005-01-10,23.200001,23.340000,23.049999,23.240000,13.288300,357500
2005-01-11,23.100000,23.230000,23.080000,23.139999,13.231115,639100
2005-01-12,23.200001,23.250000,23.030001,23.209999,13.271146,586700
2005-01-13,23.299999,23.299999,23.000000,23.059999,13.185380,358800
2005-01-14,23.150000,23.200001,23.049999,23.190001,13.259707,253000
2005-01-18,22.959999,23.430000,22.959999,23.430000,13.396938,759600
2005-01-19,23.490000,23.520000,23.389999,23.389999,13.374068,567200
2005-01-20,23.299999,23.440001,23.290001,23.370001,13.362630,1052900
2005-01-21,23.450001,23.450001,23.129999,23.170000,13.248274,909900
2005-01-24,23.219999,23.219999,23.059999,23.080000,13.196810,415700
2005-01-25,23.250000,23.260000,23.150000,23.170000,13.248274,1014000
2005-01-26,23.270000,23.290001,23.139999,23.150000,13.236835,621300
2005-01-27,23.100000,23.299999,23.059999,23.280001,13.311168,212600
2005-01-28,23.280001,23.340000,23.150000,23.290001,13.316889,1183000
2005-01-31,23.520000,23.520000,23.260000,23.350000,13.351192,867100
2005-02-01,23.400000,23.400000,23.240000,23.360001,13.356915,1059900
2005-02-02,23.370001,23.549999,23.350000,23.549999,13.465549,423600
2005-02-03,23.549999,23.570000,23.469999,23.510000,13.442679,599100
2005-02-04,23.590000,23.690001,23.510000,23.639999,13.517014,951200
2005-02-07,23.600000,23.690001,23.590000,23.590000,13.488423,1953800
2005-02-08,23.730000,23.730000,23.540001,23.620001,13.505573,1028200
2005-02-09,23.480000,23.600000,23.379999,23.410000,13.385502,473500
2005-02-10,23.490000,23.490000,23.330000,23.400000,13.379783,591400
2005-02-11,23.469999,23.580000,23.350000,23.540001,13.459832,411500
2005-02-14,23.629999,23.629999,23.490000,23.549999,13.465549,348500
2005-02-15,23.620001,23.799999,23.530001,23.590000,13.488423,1124800
2005-02-16,23.700001,23.700001,23.600000,23.650000,13.522726,567600
2005-02-17,23.700001,23.700001,23.469999,23.500000,13.436967,216300
2005-02-18,23.420000,23.510000,23.400000,23.469999,13.419806,465000
2005-02-22,23.469999,23.469999,23.100000,23.120001,13.219686,449400
2005-02-23,23.250000,23.250000,23.059999,23.180000,13.253988,1091800
2005-02-24,23.250000,23.299999,23.080000,23.290001,13.316889,839200
2005-02-25,23.350000,23.389999,23.219999,23.370001,13.362630,432500
2005-02-28,23.500000,23.500000,23.280001,23.320000,13.334040,985000
2005-03-01,23.440001,23.559999,23.420000,23.510000,13.442679,438100
2005-03-02,23.370001,23.590000,23.370001,23.450001,13.408373,409200
2005-03-03,23.639999,23.690001,23.530001,23.610001,13.499857,283600
2005-03-04,23.799999,23.799999,23.680000,23.730000,13.568473,2885400
2005-03-07,23.730000,23.770000,23.629999,23.660000,13.528449,289100
2005-03-08,23.709999,23.709999,23.500000,23.549999,13.465549,253200
2005-03-09,23.549999,23.549999,23.309999,23.379999,13.368352,244100
2005-03-10,23.330000,23.530001,23.320000,23.430000,13.396938,596200
2005-03-11,23.309999,23.459999,23.200001,23.250000,13.294021,2529400
2005-03-14,23.340000,23.370001,23.250000,23.320000,13.334040,386500
2005-03-15,23.450001,23.450001,23.180000,23.180000,13.253988,250500
2005-03-16,23.070000,23.200001,23.020000,23.120001,13.219686,482800
2005-03-17,23.200001,23.230000,23.030001,23.200001,13.265429,185500
2005-03-18,23.020000,23.200001,22.950001,23.030001,13.222944,402100
2005-03-21,23.120001,23.120001,22.879999,22.900000,13.148296,353200
2005-03-22,23.000000,23.000000,22.770000,22.770000,13.073658,727400
2005-03-23,22.750000,22.990000,22.650000,22.920000,13.159780,465800
2005-03-24,23.000000,23.000000,22.870001,22.910000,13.154041,396700
2005-03-28,22.950001,23.030001,22.850000,22.930000,13.165518,325000
2005-03-29,22.850000,23.010000,22.830000,22.879999,13.136814,673400
2005-03-30,22.990000,23.200001,22.950001,23.180000,13.309063,2248800
2005-03-31,23.160000,23.160000,23.000000,23.020000,13.217199,264300
2005-04-01,23.200001,23.200001,22.740000,22.799999,13.090879,2099100
2005-04-04,22.950001,22.969999,22.780001,22.930000,13.165518,511900
2005-04-05,22.959999,23.120001,22.940001,23.100000,13.263124,240400
2005-04-06,23.170000,23.170000,23.010000,23.040001,13.228679,265200
2005-04-07,23.129999,23.200001,22.980000,23.200001,13.320544,1957700
2005-04-08,23.219999,23.219999,23.059999,23.090000,13.257389,210000
2005-04-11,23.200001,23.200001,23.059999,23.150000,13.291838,166600
2005-04-12,23.150000,23.270000,22.940001,23.240000,13.343514,452100
2005-04-13,23.250000,23.270000,23.000000,23.129999,13.280348,672600
2005-04-14,23.250000,23.250000,23.049999,23.080000,13.251645,642100
2005-04-15,23.100000,23.100000,22.799999,22.860001,13.125332,518800
2005-04-18,22.900000,22.950001,22.650000,22.709999,13.039207,1227800
2005-04-19,22.900000,22.900000,22.660000,22.770000,13.073658,802900
2005-04-20,22.820000,22.840000,22.459999,22.480000,12.907150,1104100
2005-04-21,22.719999,22.870001,22.629999,22.860001,13.125332,939800
2005-04-22,22.840000,22.850000,22.510000,22.620001,12.987541,438200
2005-04-25,22.740000,22.860001,22.660000,22.860001,13.125332,568000
2005-04-26,22.700001,22.850000,22.680000,22.690001,13.027723,370100
2005-04-27,22.700001,22.820000,22.490000,22.770000,13.073658,840700
2005-04-28,22.820000,22.920000,22.629999,22.719999,13.044949,3187700
2005-04-29,22.639999,22.799999,22.469999,22.780001,13.079401,2003700
2005-05-02,22.870001,22.969999,22.809999,22.950001,13.177008,212400
2005-05-03,22.980000,23.139999,22.900000,23.049999,13.234421,520100
2005-05-04,23.150000,23.240000,23.080000,23.200001,13.320544,662200
2005-05-05,23.240000,23.280001,23.049999,23.160000,13.297576,1124000
2005-05-06,23.340000,23.340000,23.070000,23.070000,13.245907,1518900
2005-05-09,23.170000,23.260000,23.090000,23.209999,13.326288,435900
2005-05-10,23.219999,23.219999,23.000000,23.080000,13.251645,895500
2005-05-11,23.180000,23.180000,22.910000,23.160000,13.297576,1590500
2005-05-12,22.950001,23.190001,22.950001,23.049999,13.234421,497300
2005-05-13,23.080000,23.080000,22.740000,22.850000,13.119593,343100
2005-05-16,22.950001,23.100000,22.920000,23.070000,13.245907,781500
2005-05-17,23.030001,23.209999,23.000000,23.190001,13.314803,270500
2005-05-18,23.320000,23.459999,23.250000,23.410000,13.441122,726400
2005-05-19,23.459999,23.549999,23.389999,23.549999,13.521504,308800
2005-05-20,23.549999,23.559999,23.400000,23.520000,13.504279,384100
2005-05-23,23.600000,23.650000,23.500000,23.559999,13.527246,507500
2005-05-24,23.559999,23.559999,23.430000,23.520000,13.504279,2247200
2005-05-25,23.500000,23.500000,23.330000,23.440001,13.458351,388700
2005-05-26,23.530001,23.530001,23.420000,23.459999,13.469831,290300
2005-05-27,23.549999,23.559999,23.290001,23.389999,13.429634,319900
2005-05-31,23.480000,23.480000,23.260000,23.309999,13.383705,424400
2005-06-01,23.299999,23.510000,23.260000,23.469999,13.475574,455500
2005-06-02,23.500000,23.549999,23.379999,23.530001,13.510025,328800
2005-06-03,23.530001,23.530001,23.280001,23.340000,13.400935,503800
2005-06-06,23.370001,23.370001,23.270000,23.350000,13.406672,739500
2005-06-07,23.340000,23.570000,23.340000,23.440001,13.458351,511400
2005-06-08,23.400000,23.510000,23.350000,23.379999,13.423892,181000
2005-06-09,23.379999,23.459999,23.309999,23.389999,13.429634,659500
2005-06-10,23.430000,23.459999,23.250000,23.370001,13.418154,599600
2005-06-13,23.450001,23.500000,23.280001,23.450001,13.464085,636100
2005-06-14,23.379999,23.490000,23.320000,23.410000,13.441122,220700
2005-06-15,23.430000,23.480000,23.280001,23.420000,13.446859,283000
2005-06-16,23.450001,23.450001,23.340000,23.350000,13.406672,371200
2005-06-17,23.320000,23.410000,23.260000,23.299999,13.442439,820900
2005-06-20,23.299999,23.330000,23.180000,23.290001,13.436670,644800
2005-06-21,23.299999,23.340000,23.209999,23.240000,13.407826,750500
2005-06-22,23.360001,23.370001,23.190001,23.260000,13.419357,859200
2005-06-23,23.250000,23.250000,22.950001,22.969999,13.252051,2179300
2005-06-24,22.910000,22.959999,22.719999,22.740000,13.119361,328900
2005-06-27,22.770000,22.790001,22.670000,22.719999,13.107818,629400
2005-06-28,22.809999,23.030001,22.799999,23.010000,13.275129,1095000
2005-06-29,23.030001,23.059999,22.910000,22.950001,13.240515,551900
2005-06-30,22.910000,22.990000,22.730000,22.750000,13.125124,503100
2005-07-01,22.850000,22.900000,22.760000,22.830000,13.171288,428700
2005-07-05,22.790001,23.010000,22.780001,22.959999,13.246282,864100
2005-07-06,23.000000,23.000000,22.730000,22.740000,13.119361,1169000
2005-07-07,22.650000,22.730000,22.549999,22.700001,13.096284,510500
2005-07-08,22.700001,23.020000,22.660000,23.000000,13.269361,380300
2005-07-11,23.080000,23.150000,23.000000,23.129999,13.344356,888100
2005-07-12,23.139999,23.240000,23.129999,23.150000,13.355901,287200
2005-07-13,23.180000,23.260000,23.120001,23.240000,13.407826,310700
2005-07-14,23.360001,23.480000,23.330000,23.370001,13.482826,564300
2005-07-15,23.370001,23.389999,23.299999,23.360001,13.477051,259200
2005-07-18,23.320000,23.420000,23.250000,23.250000,13.413595,1033500
2005-07-19,23.309999,23.379999,23.209999,23.209999,13.390512,1161500
2005-07-20,23.049999,23.330000,23.049999,23.299999,13.442439,632300
2005-07-21,23.299999,23.350000,23.170000,23.209999,13.390512,1640100
2005-07-22,23.250000,23.350000,23.180000,23.280001,13.430902,2361400
2005-07-25,23.389999,23.389999,23.200001,23.200001,13.384748,552400
2005-07-26,23.250000,23.400000,23.250000,23.320000,13.453978,507400
2005-07-27,23.400000,23.430000,23.330000,23.379999,13.488592,678100
2005-07-28,23.430000,23.629999,23.340000,23.580000,13.603981,1786200
2005-07-29,23.580000,23.620001,23.469999,23.480000,13.546288,1326100
2005-08-01,23.510000,23.510000,23.330000,23.360001,13.477051,916400
2005-08-02,23.350000,23.490000,23.350000,23.440001,13.523212,404600
2005-08-03,23.480000,23.490000,23.360001,23.490000,13.552052,3065000
2005-08-04,23.379999,23.420000,23.240000,23.290001,13.436670,479900
2005-08-05,23.230000,23.250000,23.120001,23.139999,13.350134,1371300
2005-08-08,23.120001,23.200001,23.070000,23.100000,13.327050,807900
2005-08-09,23.170000,23.209999,23.080000,23.139999,13.350134,806400
2005-08-10,23.240000,23.379999,23.059999,23.100000,13.327050,2009700
2005-08-11,23.150000,23.200001,23.020000,23.160000,13.361669,1102400
2005-08-12,23.120001,23.150000,22.990000,23.080000,13.315514,1271600
2005-08-15,23.040001,23.240000,23.040001,23.190001,13.378978,1384600
2005-08-16,23.120001,23.160000,22.950001,22.959999,13.246282,2445700
2005-08-17,22.860001,23.010000,22.860001,22.950001,13.240515,1438000
2005-08-18,22.900000,23.280001,22.900000,23.209999,13.390512,1489300
2005-08-19,23.170000,23.280001,23.170000,23.180000,13.373204,1737600
2005-08-22,23.150000,23.379999,23.139999,23.250000,13.413595,1082600
2005-08-23,23.250000,23.270000,23.160000,23.190001,13.378978,1114700
2005-08-24,23.129999,23.219999,22.969999,22.980000,13.257818,1031200
2005-08-25,23.040001,23.200001,22.940001,23.010000,13.275129,434500
2005-08-26,22.969999,23.219999,22.900000,22.950001,13.240515,229400
2005-08-29,22.900000,23.150000,22.840000,23.110001,13.332823,271600
2005-08-30,23.070000,23.070000,22.809999,22.990000,13.263590,729800
2005-08-31,22.940001,23.100000,22.830000,23.070000,13.309749,391200
2005-09-01,23.129999,23.190001,23.010000,23.040001,13.292435,421500
2005-09-02,23.049999,23.200001,23.030001,23.080000,13.315514,873300
2005-09-06,23.120001,23.360001,23.120001,23.330000,13.459747,636300
2005-09-07,23.330000,23.360001,23.209999,23.350000,13.471288,3038100
2005-09-08,23.400000,23.400000,23.160000,23.260000,13.419357,1408900
2005-09-09,23.200001,23.459999,23.150000,23.360001,13.477051,2431600
2005-09-12,23.299999,23.430000,23.299999,23.410000,13.505901,827100
2005-09-13,23.250000,23.299999,23.129999,23.190001,13.378978,1381000
2005-09-14,23.190001,23.200001,23.020000,23.040001,13.292435,1794500
2005-09-15,23.129999,23.150000,23.030001,23.129999,13.344356,990300
2005-09-16,23.200001,23.200001,23.030001,23.080000,13.382051,1479300
2005-09-19,23.120001,23.200001,22.889999,22.940001,13.300882,2017400
2005-09-20,22.940001,23.090000,22.750000,22.799999,13.219702,987100
2005-09-21,22.660000,22.660000,22.500000,22.520000,13.057354,1848300
2005-09-22,22.400000,22.700001,22.400000,22.690001,13.155928,912500
2005-09-23,22.600000,22.799999,22.600000,22.730000,13.179116,971500
2005-09-26,22.870001,22.870001,22.600000,22.650000,13.132731,1083100
2005-09-27,22.639999,22.940001,22.639999,22.889999,13.271880,847300
2005-09-28,22.850000,23.100000,22.850000,22.920000,13.289278,1363600
2005-09-29,22.799999,23.129999,22.799999,23.120001,13.405247,2294300
2005-09-30,23.080000,23.280001,23.020000,23.280001,13.498013,830200
2005-10-03,23.200001,23.350000,23.200001,23.250000,13.480620,977200
2005-10-04,23.309999,23.340000,23.150000,23.150000,13.422634,702400
2005-10-05,23.200001,23.200001,22.959999,22.990000,13.329865,1138700
2005-10-06,22.950001,23.129999,22.719999,22.860001,13.254490,1163100
2005-10-07,22.860001,22.930000,22.770000,22.840000,13.242893,1034200
2005-10-10,22.950001,22.969999,22.740000,22.760000,13.196515,769900
2005-10-11,22.750000,22.900000,22.750000,22.760000,13.196515,755700
2005-10-12,22.760000,22.830000,22.600000,22.680000,13.150130,1411400
2005-10-13,22.680000,22.690001,22.520000,22.620001,13.115333,1125500
2005-10-14,22.650000,22.799999,22.549999,22.750000,13.190714,818700
2005-10-17,22.650000,23.020000,22.600000,23.000000,13.335666,2232100
2005-10-18,22.950001,22.959999,22.830000,22.830000,13.237097,1156000
2005-10-19,22.719999,23.080000,22.709999,23.070000,13.376251,1571900
2005-10-20,23.190001,23.200001,22.809999,22.889999,13.271880,913300
2005-10-21,22.950001,22.990000,22.770000,22.870001,13.260294,643600
2005-10-24,22.850000,23.090000,22.850000,23.070000,13.376251,856900
2005-10-25,22.950001,23.040001,22.850000,22.990000,13.329865,225400
2005-10-26,23.100000,23.120001,22.889999,22.920000,13.289278,1013300
2005-10-27,22.870001,22.870001,22.680000,22.700001,13.161715,1063600
2005-10-28,22.799999,23.110001,22.799999,23.080000,13.382051,635600
2005-10-31,23.200001,23.280001,23.090000,23.170000,13.434237,1661000
2005-11-01,23.330000,23.330000,23.030001,23.040001,13.358858,603800
2005-11-02,23.030001,23.129999,22.959999,23.100000,13.393641,1015300
2005-11-03,23.270000,23.360001,23.129999,23.190001,13.445828,680100
2005-11-04,23.230000,23.250000,23.090000,23.180000,13.440034,374100
2005-11-07,23.290001,23.290001,23.100000,23.230000,13.469025,1065100
2005-11-08,23.059999,23.209999,23.059999,23.160000,13.428434,660900
2005-11-09,23.120001,23.309999,23.100000,23.200001,13.451629,695500
2005-11-10,23.200001,23.530001,23.200001,23.469999,13.608174,1720200
2005-11-11,23.490000,23.520000,23.410000,23.500000,13.625567,355200
2005-11-14,23.500000,23.520000,23.389999,23.410000,13.573387,988100
2005-11-15,23.320000,23.420000,23.250000,23.290001,13.503810,690800
2005-11-16,23.290001,23.360001,23.240000,23.350000,13.538598,1767000
2005-11-17,23.389999,23.389999,23.270000,23.340000,13.532804,536400
2005-11-18,23.490000,23.490000,23.250000,23.400000,13.567585,602600
2005-11-21,23.370001,23.490000,23.350000,23.430000,13.584985,780200
2005-11-22,23.430000,23.600000,23.430000,23.590000,13.677753,1184800
2005-11-23,23.600000,23.700001,23.549999,23.680000,13.729937,1633000
2005-11-25,23.750000,23.780001,23.690001,23.700001,13.741536,92000
2005-11-28,23.639999,23.719999,23.570000,23.590000,13.677753,504900
2005-11-29,23.680000,23.730000,23.559999,23.570000,13.666161,887100
2005-11-30,23.600000,23.700001,23.379999,23.379999,13.555995,1106800
2005-12-01,23.600000,23.600000,23.420000,23.540001,13.648764,805000
2005-12-02,23.379999,23.559999,23.379999,23.530001,13.642970,495900
2005-12-05,23.430000,23.500000,23.389999,23.440001,13.590783,1266300
2005-12-06,23.420000,23.559999,23.400000,23.420000,13.579186,1036600
2005-12-07,23.500000,23.500000,23.290001,23.360001,13.544398,1170900
2005-12-08,23.400000,23.459999,23.250000,23.320000,13.521201,660800
2005-12-09,23.450001,23.450001,23.330000,23.360001,13.544398,1264400
2005-12-12,23.389999,23.520000,23.370001,23.410000,13.573387,924800
2005-12-13,23.400000,23.770000,23.400000,23.700001,13.741536,1959500
2005-12-14,23.690001,23.959999,23.650000,23.900000,13.857497,1652000
2005-12-15,23.799999,24.030001,23.799999,23.940001,13.880690,1622300
2005-12-16,23.820000,23.980000,23.790001,23.799999,13.869033,1228600
2005-12-19,23.709999,23.879999,23.709999,23.760000,13.845723,749700
2005-12-20,23.680000,23.750000,23.580000,23.620001,13.764139,873200
2005-12-21,23.799999,23.799999,23.629999,23.690001,13.804932,1353700
2005-12-22,23.660000,23.719999,23.590000,23.709999,13.816584,1340600
2005-12-23,23.709999,23.709999,23.650000,23.670000,13.793277,318000
2005-12-27,23.700001,23.709999,23.459999,23.510000,13.700041,852900
2005-12-28,23.590000,23.600000,23.510000,23.540001,13.717520,754400
2005-12-29,23.459999,23.570000,23.430000,23.480000,13.682555,735100
2005-12-30,23.379999,23.459999,23.290001,23.290001,13.571839,277900
2006-01-03,23.309999,23.469999,23.180000,23.440001,13.659249,1372800
2006-01-04,23.450001,23.530001,23.450001,23.520000,13.705868,1124300
2006-01-05,23.540001,23.570000,23.370001,23.400000,13.635934,1806300
2006-01-06,23.490000,23.510000,23.350000,23.500000,13.694208,1131600
2006-01-09,23.469999,23.629999,23.450001,23.610001,13.758311,1714100
2006-01-10,23.549999,23.580000,23.469999,23.549999,13.723351,1144600
2006-01-11,23.500000,23.590000,23.490000,23.570000,13.735008,722700
2006-01-12,23.480000,23.580000,23.450001,23.510000,13.700041,1491000
2006-01-13,23.500000,23.600000,23.440001,23.480000,13.682555,1385600
2006-01-17,23.299999,23.430000,23.299999,23.389999,13.630115,788800
2006-01-18,23.360001,23.500000,23.350000,23.490000,13.688387,1169200
2006-01-19,23.379999,23.540001,23.379999,23.510000,13.700041,1162400
2006-01-20,23.549999,23.549999,23.170000,23.170000,13.501911,8322800
2006-01-23,23.219999,23.299999,23.160000,23.190001,13.513566,1426300
2006-01-24,23.309999,23.320000,23.190001,23.270000,13.560184,1194900
2006-01-25,23.309999,23.320000,23.209999,23.290001,13.571839,1130900
2006-01-26,23.350000,23.469999,23.290001,23.340000,13.600974,1229300
2006-01-27,23.440001,23.549999,23.309999,23.530001,13.711696,1052000
2006-01-30,23.400000,23.570000,23.400000,23.440001,13.659249,766200
2006-01-31,23.379999,23.420000,23.260000,23.330000,13.595150,945800
2006-02-01,23.260000,23.440001,23.260000,23.389999,13.630115,1696000
2006-02-02,23.480000,23.500000,23.290001,23.379999,13.624289,2180800
2006-02-03,23.160000,23.340000,23.160000,23.230000,13.536873,1563800
2006-02-06,23.150000,23.280001,23.129999,23.180000,13.507742,1004800
2006-02-07,23.160000,23.190001,23.030001,23.070000,13.443641,1043600
2006-02-08,23.010000,23.230000,23.010000,23.170000,13.501911,1782700
2006-02-09,23.190001,23.320000,23.120001,23.240000,13.542706,1260300
2006-02-10,23.180000,23.290001,23.120001,23.209999,13.525221,515700
2006-02-13,23.209999,23.280001,23.059999,23.180000,13.507742,724300
2006-02-14,23.170000,23.469999,23.170000,23.469999,13.676726,793900
2006-02-15,23.370001,23.620001,23.370001,23.620001,13.764139,1513200
2006-02-16,23.500000,23.730000,23.500000,23.730000,13.828238,826200
2006-02-17,23.650000,23.750000,23.620001,23.629999,13.769965,703500
2006-02-21,23.629999,23.690001,23.510000,23.600000,13.752481,1126200
2006-02-22,23.610001,23.809999,23.610001,23.790001,13.863214,1692500
2006-02-23,23.830000,23.879999,23.709999,23.799999,13.869033,1307200
2006-02-24,23.700001,23.770000,23.639999,23.680000,13.799105,486200
2006-02-27,23.900000,23.900000,23.740000,23.850000,13.898171,736500
2006-02-28,23.900000,23.900000,23.520000,23.530001,13.711696,1044800
2006-03-01,23.650000,23.650000,23.530001,23.620001,13.764139,454800
2006-03-02,23.600000,23.620001,23.440001,23.490000,13.688387,763500
2006-03-03,23.459999,23.709999,23.450001,23.549999,13.723351,1047000
2006-03-06,23.520000,23.590000,23.450001,23.469999,13.676726,1464300
2006-03-07,23.490000,23.639999,23.480000,23.629999,13.769965,2089000
2006-03-08,23.540001,23.900000,23.500000,23.889999,13.921479,2036100
2006-03-09,23.879999,24.030001,23.860001,23.930000,13.944793,2680800
2006-03-10,23.980000,24.490000,23.959999,24.150000,14.072995,2637700
2006-03-13,24.120001,24.250000,24.090000,24.170000,14.084646,1294300
2006-03-14,23.670000,24.160000,23.670000,24.110001,14.049679,1859000
2006-03-15,24.090000,24.180000,23.920000,24.020000,13.997234,1268000
2006-03-16,24.059999,24.110001,24.000000,24.100000,14.043853,1419900
2006-03-17,24.080000,24.090000,23.920000,23.959999,14.035651,983100
2006-03-20,24.139999,24.150000,23.959999,24.100000,14.117663,1038100
2006-03-21,24.049999,24.170000,23.930000,23.940001,14.023942,1600600
2006-03-22,24.010000,24.160000,23.950001,24.160000,14.152809,1350200
2006-03-23,24.049999,24.400000,23.980000,23.980000,14.047368,2017400
2006-03-24,24.049999,24.070000,23.879999,23.980000,14.047368,1189900
2006-03-27,23.969999,24.030001,23.889999,23.900000,14.000500,952800
2006-03-28,23.840000,23.920000,23.709999,23.709999,13.889201,1222900
2006-03-29,23.820000,23.889999,23.670000,23.879999,13.988795,608200
2006-03-30,23.809999,23.879999,23.600000,23.690001,13.877485,1429900
2006-03-31,23.740000,23.790001,23.580000,23.600000,13.824761,535800
2006-04-03,23.750000,23.770000,23.629999,23.680000,13.871629,1250100
2006-04-04,23.610001,23.740000,23.600000,23.660000,13.859910,1517500
2006-04-05,23.639999,23.760000,23.620001,23.709999,13.889201,1118600
2006-04-06,23.610001,23.740000,23.600000,23.620001,13.836481,1286900
2006-04-07,23.610001,23.750000,23.410000,23.410000,13.713465,2276400
2006-04-10,23.469999,23.549999,23.389999,23.440001,13.731039,895900
2006-04-11,23.480000,23.500000,23.190001,23.219999,13.602162,944300
2006-04-12,23.219999,23.360001,23.200001,23.299999,13.649035,1419300
2006-04-13,23.200001,23.370001,23.200001,23.260000,13.625594,705100
2006-04-17,23.330000,23.330000,23.080000,23.129999,13.549439,552700
2006-04-18,23.129999,23.379999,23.129999,23.350000,13.678321,1128600
2006-04-19,23.290001,23.410000,23.280001,23.379999,13.695894,1313400
2006-04-20,23.299999,23.540001,23.280001,23.420000,13.719323,845000
2006-04-21,23.420000,23.559999,23.330000,23.420000,13.719323,762200
2006-04-24,23.410000,23.530001,23.320000,23.520000,13.777900,933800
2006-04-25,23.530001,23.610001,23.469999,23.520000,13.777900,986400
2006-04-26,23.500000,23.750000,23.500000,23.740000,13.906783,450400
2006-04-27,23.629999,23.879999,23.420000,23.770000,13.924356,601000
2006-04-28,23.709999,23.840000,23.690001,23.830000,13.959493,1265800
2006-05-01,23.889999,24.000000,23.790001,23.820000,13.953643,738600
2006-05-02,23.850000,23.990000,23.760000,23.959999,14.035651,1027800
2006-05-03,23.730000,23.820000,23.650000,23.799999,13.941926,542800
2006-05-04,23.730000,23.900000,23.730000,23.840000,13.965364,568700
2006-05-05,23.879999,24.100000,23.820000,24.059999,14.094227,685600
2006-05-08,24.059999,24.200001,24.020000,24.190001,14.170382,649600
2006-05-09,24.160000,24.260000,24.160000,24.260000,14.211392,761200
2006-05-10,24.170000,24.230000,24.120001,24.160000,14.152809,373600
2006-05-11,24.090000,24.090000,23.830000,23.860001,13.977078,1816400
2006-05-12,23.750000,23.930000,23.639999,23.670000,13.865771,1861500
2006-05-15,23.600000,23.950001,23.559999,23.930000,14.018082,926900
2006-05-16,23.980000,24.080000,23.940001,24.020000,14.070799,2268400
2006-05-17,23.850000,23.980000,23.690001,23.719999,13.895060,2725100
2006-05-18,23.700001,23.809999,23.570000,23.600000,13.824761,982000
2006-05-19,23.650000,23.680000,23.480000,23.620001,13.836481,888500
2006-05-22,23.650000,23.770000,23.500000,23.690001,13.877485,1843300
2006-05-23,23.850000,23.870001,23.670000,23.680000,13.871629,740400
2006-05-24,23.650000,23.930000,23.600000,23.860001,13.977078,1785200
2006-05-25,24.049999,24.100000,23.900000,24.090000,14.111806,1404100
2006-05-26,24.230000,24.230000,24.040001,24.090000,14.111806,3487700
2006-05-30,24.150000,24.150000,23.760000,23.790001,13.936074,1479000
2006-05-31,23.809999,23.930000,23.700001,23.879999,13.988795,728700
2006-06-01,23.879999,24.010000,23.850000,24.010000,14.064939,680700
2006-06-02,24.070000,24.090000,23.840000,23.959999,14.035651,1794300
2006-06-05,24.049999,24.049999,23.610001,23.620001,13.836481,870100
2006-06-06,23.600000,23.740000,23.500000,23.690001,13.877485,2695900
2006-06-07,23.740000,23.910000,23.629999,23.680000,13.871629,2101200
2006-06-08,23.680000,23.809999,23.510000,23.760000,13.918493,2283100
2006-06-09,23.900000,23.900000,23.709999,23.780001,13.930208,2168800
2006-06-12,23.740000,23.900000,23.639999,23.639999,13.848198,2327700
2006-06-13,23.740000,23.780001,23.540001,23.559999,13.801332,1350600
2006-06-14,23.430000,23.670000,23.430000,23.660000,13.859910,1369900
2006-06-15,23.750000,23.879999,23.590000,23.850000,13.971217,1259000
2006-06-16,23.740000,23.820000,23.690001,23.750000,13.987115,1392600
2006-06-19,23.740000,23.930000,23.590000,23.660000,13.934109,1478300
2006-06-20,23.700001,23.889999,23.700001,23.830000,14.034225,871800
2006-06-21,23.950001,23.990000,23.830000,23.920000,14.087228,908300
2006-06-22,23.799999,23.920000,23.790001,23.879999,14.063684,1221200
2006-06-23,23.760000,23.950001,23.760000,23.799999,14.016564,369700
2006-06-26,23.799999,23.950001,23.780001,23.930000,14.093128,734100
2006-06-27,23.879999,23.950001,23.750000,23.820000,14.028344,752400
2006-06-28,23.700001,23.930000,23.700001,23.930000,14.093128,1940400
2006-06-29,24.090000,24.309999,23.959999,24.309999,14.316915,1585000
2006-06-30,24.430000,24.430000,24.180000,24.190001,14.246243,5448200
2006-07-03,24.240000,24.330000,24.180000,24.330000,14.328691,535400
2006-07-05,24.299999,24.299999,24.040001,24.129999,14.210914,1175000
2006-07-06,24.209999,24.520000,24.080000,24.410000,14.375813,3086700
2006-07-07,24.389999,24.440001,24.299999,24.360001,14.346371,813000
2006-07-10,24.450001,24.590000,24.450001,24.510000,14.434703,1721200
2006-07-11,24.570000,24.670000,24.450001,24.639999,14.511269,2270600
2006-07-12,24.639999,24.660000,24.400000,24.440001,14.393477,2125600
2006-07-13,24.270000,24.400000,24.180000,24.240000,14.275692,839300
2006-07-14,24.190001,24.299999,23.910000,24.000000,14.134352,3464600
2006-07-17,23.940001,24.129999,23.940001,24.059999,14.169680,1180900
2006-07-18,24.059999,24.170000,23.910000,24.170000,14.234468,1581100
2006-07-19,24.150000,24.500000,24.150000,24.469999,14.411144,2522600
2006-07-20,24.600000,24.629999,24.490000,24.490000,14.422925,498600
2006-07-21,24.500000,24.559999,24.389999,24.440001,14.393477,796900
2006-07-24,24.480000,24.620001,24.440001,24.620001,14.499484,1962500
2006-07-25,24.580000,24.790001,24.490000,24.740000,14.570151,4859200
2006-07-26,24.750000,24.750000,24.570000,24.620001,14.499484,1902400
2006-07-27,24.620001,24.719999,24.440001,24.459999,14.405261,4074200
2006-07-28,24.540001,24.730000,24.500000,24.690001,14.540712,2108400
2006-07-31,24.690001,24.690001,24.540001,24.570000,14.470043,943900
2006-08-01,24.650000,24.650000,24.360001,24.450001,14.399365,1266500
2006-08-02,24.580000,24.690001,24.500000,24.670000,14.528936,916300
2006-08-03,24.620001,24.770000,24.600000,24.730000,14.564268,1275900
2006-08-04,24.910000,24.910000,24.639999,24.740000,14.570151,679600
2006-08-07,24.750000,24.750000,24.590000,24.680000,14.534823,968500
2006-08-08,24.799999,24.870001,24.709999,24.790001,14.599608,5638000
2006-08-09,24.900000,24.900000,24.600000,24.629999,14.505378,3860500
2006-08-10,24.620001,24.910000,24.549999,24.889999,14.658503,1278000
2006-08-11,24.940001,24.940001,24.760000,24.840000,14.629051,658200
2006-08-14,24.980000,25.090000,24.860001,24.889999,14.658503,2429600
2006-08-15,25.139999,25.139999,24.969999,25.049999,14.752728,932200
2006-08-16,25.000000,25.200001,24.930000,25.080000,14.770389,4637200
2006-08-17,25.020000,25.150000,24.990000,25.040001,14.746840,3013400
2006-08-18,25.150000,25.200001,25.040001,25.190001,14.835175,1070900
2006-08-21,25.209999,25.270000,25.170000,25.250000,14.870512,852300
2006-08-22,25.240000,25.260000,25.139999,25.230000,14.858728,562100
2006-08-23,25.200001,25.250000,25.090000,25.150000,14.811619,1693000
2006-08-24,25.219999,25.280001,25.160000,25.280001,14.888179,1625700
2006-08-25,25.280001,25.280001,25.150000,25.240000,14.864620,1062900
2006-08-28,25.209999,25.410000,25.200001,25.340000,14.923517,1744800
2006-08-29,25.440001,25.450001,25.309999,25.430000,14.976517,2319200
2006-08-30,25.520000,25.540001,25.410000,25.500000,15.017748,859500
2006-08-31,25.530001,25.530001,25.430000,25.520000,15.029529,1773700
2006-09-01,25.600000,25.670000,25.510000,25.660000,15.111969,754600
2006-09-05,25.760000,26.559999,25.490000,25.570000,15.058967,2118400
2006-09-06,25.490000,25.530001,25.450001,25.500000,15.017748,1714600
2006-09-07,25.540001,25.600000,25.360001,25.410000,14.964750,3359800
2006-09-08,25.520000,25.559999,25.410000,25.540001,15.041299,534900
2006-09-11,25.450001,25.730000,25.450001,25.730000,15.153198,1554000
2006-09-12,25.790001,25.799999,25.650000,25.740000,15.159087,3268200
2006-09-13,25.799999,25.799999,25.510000,25.549999,15.047187,1795600
2006-09-14,25.559999,25.690001,25.480000,25.680000,15.123753,953800
2006-09-15,25.520000,25.700001,25.510000,25.580000,15.140323,1597200
2006-09-18,25.660000,25.660000,25.389999,25.480000,15.081134,1403000
2006-09-19,25.480000,25.549999,25.420000,25.540001,15.116648,1275700
2006-09-20,25.590000,25.719999,25.500000,25.690001,15.205436,2111200
2006-09-21,25.600000,25.700001,25.379999,25.459999,15.069302,1811200
2006-09-22,25.440001,25.480000,25.379999,25.480000,15.081134,1364600
2006-09-25,25.469999,25.469999,25.180000,25.320000,14.986446,2822700
2006-09-26,25.389999,25.420000,25.160000,25.350000,15.004190,3256000
2006-09-27,25.410000,25.549999,25.350000,25.510000,15.098892,2751300
2006-09-28,25.580000,25.580000,25.330000,25.450001,15.063385,1040400
2006-09-29,25.450001,25.549999,25.330000,25.379999,15.021956,1591600
2006-10-02,25.200001,25.410000,25.180000,25.209999,14.921331,1928900
2006-10-03,25.240000,25.309999,25.160000,25.240000,14.939084,2918800
2006-10-04,25.100000,25.510000,24.340000,25.510000,15.098892,3268900
2006-10-05,25.500000,25.520000,25.340000,25.410000,15.039701,1116100
2006-10-06,25.420000,25.430000,25.200001,25.270000,14.956844,1665800
2006-10-09,25.299999,25.360001,25.190001,25.360001,15.010116,1622600
2006-10-10,25.299999,25.389999,25.150000,25.270000,14.956844,2463400
2006-10-11,25.180000,25.320000,25.100000,25.309999,14.980512,2001800
2006-10-12,25.440001,25.450001,25.290001,25.350000,15.004190,1496100
2006-10-13,25.400000,25.410000,25.180000,25.299999,14.974600,638000
2006-10-16,25.250000,25.350000,25.170000,25.340000,14.998273,2616300
2006-10-17,25.190001,25.360001,25.170000,25.290001,14.968679,1097600
2006-10-18,25.250000,25.430000,25.250000,25.389999,15.027872,2107700
2006-10-19,25.430000,25.459999,25.340000,25.450001,15.063385,1283800
2006-10-20,25.510000,25.549999,25.410000,25.540001,15.116648,2572000
2006-10-23,25.549999,25.840000,25.490000,25.790001,15.264625,2048700
2006-10-24,25.820000,25.820000,25.629999,25.709999,15.217267,997200
2006-10-25,25.650000,25.969999,25.650000,25.879999,15.317892,2033200
2006-10-26,25.950001,26.049999,25.870001,26.049999,15.418506,1450400
2006-10-27,26.020000,26.020000,25.870001,25.959999,15.365241,1698100
2006-10-30,25.799999,25.920000,25.799999,25.850000,15.300134,2902200
2006-10-31,25.850000,25.879999,25.770000,25.830000,15.288288,835700
2006-11-01,25.860001,25.860001,25.610001,25.629999,15.169915,2555100
2006-11-02,25.600000,25.639999,25.500000,25.590000,15.146244,1346600
2006-11-03,25.610001,25.660000,25.379999,25.469999,15.075225,1916400
2006-11-06,25.400000,25.620001,25.400000,25.559999,15.128492,1083700
2006-11-07,25.670000,25.670000,25.549999,25.600000,15.152155,1737200
2006-11-08,25.549999,25.740000,25.549999,25.690001,15.205436,808500
2006-11-09,25.750000,25.750000,25.490000,25.540001,15.116648,1308100
2006-11-10,25.450001,25.580000,25.450001,25.549999,15.122573,458700
2006-11-13,25.490000,25.570000,25.410000,25.469999,15.075225,1030900
2006-11-14,25.440001,25.610001,25.420000,25.540001,15.116648,911000
2006-11-15,25.600000,25.770000,25.600000,25.670000,15.193589,635600
2006-11-16,25.650000,25.879999,25.650000,25.850000,15.300134,1568700
2006-11-17,25.770000,25.990000,25.750000,25.889999,15.323808,9636200
2006-11-20,25.900000,25.930000,25.799999,25.809999,15.276456,10016300
2006-11-21,25.820000,25.830000,25.719999,25.770000,15.252786,1950100
2006-11-22,25.700001,25.830000,25.680000,25.830000,15.288288,1168500
2006-11-24,25.690001,25.780001,25.650000,25.730000,15.229106,262700
2006-11-27,25.670000,25.670000,25.389999,25.410000,15.039701,2513900
2006-11-28,25.410000,25.570000,25.360001,25.520000,15.104810,1844000
2006-11-29,25.510000,25.740000,25.510000,25.740000,15.235027,1200800
2006-11-30,25.650000,25.730000,25.510000,25.610001,15.158076,1155500
2006-12-01,25.690001,25.690001,25.389999,25.530001,15.110733,889300
2006-12-04,25.549999,25.940001,25.549999,25.900000,15.329720,1077500
2006-12-05,25.950001,26.040001,25.900000,26.040001,15.412594,1180200
2006-12-06,25.940001,26.090000,25.940001,26.070000,15.430342,870700
2006-12-07,26.100000,26.180000,26.010000,26.020000,15.400748,712700
2006-12-08,25.950001,26.190001,25.920000,26.070000,15.430342,1684000
2006-12-11,26.200001,26.200001,26.020000,26.120001,15.459942,554200
2006-12-12,26.120001,26.129999,25.980000,26.059999,15.424432,1277000
2006-12-13,26.150000,26.200001,25.990000,26.049999,15.418506,2534800
2006-12-14,26.049999,26.250000,26.040001,26.150000,15.477704,740500
2006-12-15,26.129999,26.160000,26.040001,26.059999,15.502684,3579600
2006-12-18,26.139999,26.139999,26.030001,26.040001,15.490788,1136200
2006-12-19,25.980000,26.139999,25.980000,26.059999,15.502684,1170400
2006-12-20,26.049999,26.139999,26.049999,26.080000,15.514587,778300
2006-12-21,26.020000,26.180000,26.020000,26.090000,15.520528,2009800
2006-12-22,26.219999,26.230000,26.000000,26.070000,15.508628,512400
2006-12-26,26.100000,26.170000,26.020000,26.170000,15.568124,549200
2006-12-27,26.270000,26.280001,26.120001,26.260000,15.621656,983500
2006-12-28,26.299999,26.299999,26.180000,26.250000,15.615711,736600
2006-12-29,26.150000,26.280001,26.100000,26.120001,15.538376,959500
2007-01-03,26.070000,26.410000,26.070000,26.290001,15.639513,2059700
2007-01-04,26.240000,26.350000,26.139999,26.330000,15.663301,845300
2007-01-05,26.340000,26.340000,26.070000,26.139999,15.550264,1360200
2007-01-08,26.059999,26.219999,26.040001,26.180000,15.574063,965200
2007-01-09,26.200001,26.290001,26.160000,26.240000,15.609768,2437600
2007-01-10,26.240000,26.400000,26.100000,26.350000,15.675202,1042000
2007-01-11,26.510000,26.600000,26.290001,26.549999,15.794169,1823700
2007-01-12,26.600000,26.600000,26.469999,26.510000,15.770381,1333300
2007-01-16,26.500000,26.590000,26.469999,26.530001,15.782275,1941800
2007-01-17,26.559999,26.670000,26.540001,26.610001,15.829874,1573700
2007-01-18,26.670000,26.670000,26.540001,26.570000,15.806082,664400
2007-01-19,26.520000,26.650000,26.520000,26.610001,15.829874,773400
2007-01-22,26.500000,26.620001,26.480000,26.580000,15.812021,2141800
2007-01-23,26.590000,26.690001,26.540001,26.629999,15.841765,646700
2007-01-24,26.700001,26.730000,26.580000,26.730000,15.901255,2088000
2007-01-25,26.790001,26.790001,26.510000,26.559999,15.800121,2132700
2007-01-26,26.520000,26.590000,26.410000,26.490000,15.758475,3047100
2007-01-29,26.610001,26.680000,26.510000,26.559999,15.800121,1363700
2007-01-30,26.450001,26.590000,26.440001,26.540001,15.788221,2545300
2007-01-31,26.570000,26.680000,26.469999,26.650000,15.853662,1858800
2007-02-01,26.730000,26.840000,26.690001,26.750000,15.913152,2725800
2007-02-02,26.809999,26.860001,26.740000,26.799999,15.942901,1108000
2007-02-05,26.740000,26.760000,26.670000,26.709999,15.889358,1195900
2007-02-06,26.799999,26.799999,26.639999,26.670000,15.865561,1561800
2007-02-07,26.629999,26.730000,26.580000,26.610001,15.829874,1713200
2007-02-08,26.580000,26.610001,26.490000,26.559999,15.800121,1844200
2007-02-09,26.580000,26.639999,26.420000,26.520000,15.776338,782700
2007-02-12,26.549999,26.549999,26.450001,26.459999,15.740632,922300
2007-02-13,26.450001,26.650000,26.450001,26.549999,15.794169,770000
2007-02-14,26.639999,26.740000,26.590000,26.709999,15.889358,1683400
2007-02-15,26.650000,26.889999,26.650000,26.870001,15.984542,980100
2007-02-16,26.830000,26.910000,26.780001,26.910000,16.008337,1131100
2007-02-20,27.270000,27.270000,26.820000,27.049999,16.091612,1113900
2007-02-21,27.030001,27.040001,26.889999,26.900000,16.002388,837200
2007-02-22,26.850000,26.930000,26.730000,26.799999,15.942901,2054600
2007-02-23,26.820000,26.820000,26.709999,26.820000,15.954794,1364800
2007-02-26,26.820000,26.840000,26.700001,26.809999,15.948847,989400
2007-02-27,26.690001,26.709999,25.809999,26.200001,15.585972,4679900
2007-02-28,26.150000,26.360001,25.969999,26.240000,15.609768,2056300
2007-03-01,25.799999,26.299999,25.799999,26.299999,15.645451,2121100
2007-03-02,26.070000,26.180000,25.850000,25.889999,15.401548,2159900
2007-03-05,25.730000,26.049999,25.500000,25.799999,15.348021,2645300
2007-03-06,25.860001,26.100000,25.850000,26.000000,15.466987,2027700
2007-03-07,26.110001,26.110001,25.900000,25.900000,15.407500,1882900
2007-03-08,25.740000,26.870001,25.690001,26.139999,15.550264,1756100
2007-03-09,26.219999,26.240000,26.080000,26.219999,15.597857,1510500
2007-03-12,26.230000,26.290001,26.160000,26.250000,15.615711,1086800
2007-03-13,26.150000,26.180000,25.750000,25.750000,15.318268,1423300
2007-03-14,25.860001,25.930000,25.570000,25.799999,15.348021,2661600
2007-03-15,25.889999,26.129999,25.889999,26.129999,15.544322,1459600
2007-03-16,26.000000,26.059999,25.860001,25.930000,15.501877,1909800
2007-03-19,26.000000,26.139999,26.000000,26.100000,15.603518,785600
2007-03-20,26.100000,26.350000,26.080000,26.350000,15.752968,1460200
2007-03-21,26.350000,26.620001,26.230000,26.600000,15.902431,1103200
2007-03-22,26.670000,26.730000,26.570000,26.730000,15.980139,2610500
2007-03-23,26.620001,26.790001,26.530001,26.790001,16.016018,1196200
2007-03-26,26.680000,26.680000,26.469999,26.600000,15.902431,1162600
2007-03-27,26.600000,26.600000,26.410000,26.480000,15.830688,1892100
2007-03-28,26.420000,26.559999,26.290001,26.430000,15.800797,1289100
2007-03-29,26.530001,26.620001,26.379999,26.580000,15.890471,1844700
2007-03-30,26.559999,26.680000,25.910000,26.650000,15.932320,2088700
2007-04-02,26.629999,26.750000,26.590000,26.719999,15.974170,1076000
2007-04-03,26.780001,26.969999,26.730000,26.900000,16.081770,2240000
2007-04-04,26.850000,27.040001,26.850000,27.020000,16.153528,2778800
2007-04-05,27.030001,27.090000,26.920000,27.090000,16.195364,794800
2007-04-09,27.100000,27.160000,27.020000,27.020000,16.153528,326500
2007-04-10,27.129999,27.150000,27.049999,27.150000,16.231237,1157200
2007-04-11,27.049999,27.129999,26.879999,26.969999,16.123629,1958500
2007-04-12,26.910000,27.090000,26.870001,27.000000,16.141563,735700
2007-04-13,27.040001,27.100000,26.980000,27.090000,16.195364,632600
2007-04-16,27.240000,27.240000,27.100000,27.150000,16.231237,1402900
2007-04-17,27.270000,27.400000,27.230000,27.400000,16.380705,957500
2007-04-18,27.280001,27.340000,27.240000,27.330000,16.338854,717400
2007-04-19,27.180000,27.360001,27.180000,27.350000,16.350809,256000
2007-04-20,27.400000,27.600000,27.400000,27.600000,16.500261,1448400
2007-04-23,27.530001,27.620001,27.459999,27.540001,16.464399,2432500
2007-04-24,27.490000,27.600000,27.350000,27.530001,16.458424,695900
2007-04-25,27.650000,27.719999,27.580000,27.670000,16.542110,811800
2007-04-26,27.690001,27.690001,27.490000,27.559999,16.476351,995100
2007-04-27,27.459999,27.520000,26.770000,27.500000,16.440477,675400
2007-04-30,27.490000,27.660000,27.400000,27.400000,16.380705,836300
2007-05-01,27.389999,27.389999,27.180000,27.290001,16.314938,2412700
2007-05-02,27.360001,27.480000,27.299999,27.299999,16.320911,1805700
2007-05-03,27.480000,27.580000,27.320000,27.400000,16.380705,2078200
2007-05-04,27.450001,27.450001,27.290001,27.400000,16.380705,3004200
2007-05-07,27.410000,27.520000,27.389999,27.450001,16.410591,2766900
2007-05-08,27.350000,27.360001,27.260000,27.260000,16.297001,1690900
2007-05-09,27.299999,27.379999,27.240000,27.299999,16.320911,1094500
2007-05-10,27.270000,27.299999,27.049999,27.129999,16.219276,1547100
2007-05-11,27.110001,27.200001,27.040001,27.200001,16.261126,657500
2007-05-14,27.250000,27.250000,27.100000,27.100000,16.201347,1065800
2007-05-15,27.100000,27.379999,27.100000,27.280001,16.308954,1898400
2007-05-16,27.350000,27.559999,27.270000,27.559999,16.476351,918400
2007-05-17,27.530001,27.530001,27.160000,27.490000,16.434505,1185600
2007-05-18,27.549999,27.690001,27.490000,27.690001,16.554070,1166300
2007-05-21,27.660000,27.660000,27.440001,27.480000,16.428520,2122600
2007-05-22,27.510000,27.570000,27.420000,27.530001,16.458424,1093400
2007-05-23,27.500000,27.660000,27.450001,27.450001,16.410591,3732200
2007-05-24,27.469999,27.620001,27.330000,27.330000,16.338854,1728300
2007-05-25,27.559999,27.559999,27.450001,27.500000,16.440477,407300
2007-05-29,27.450001,27.730000,27.450001,27.600000,16.500261,1502800
2007-05-30,27.570000,27.790001,27.559999,27.730000,16.577982,1061400
2007-05-31,27.790001,27.879999,27.730000,27.770000,16.601896,1545300
2007-06-01,27.809999,28.030001,27.790001,27.900000,16.679613,1677500
2007-06-04,27.910000,28.020000,27.879999,28.000000,16.739399,511100
2007-06-05,27.870001,27.920000,27.770000,27.830000,16.637766,1942000
2007-06-06,27.670000,27.780001,27.610001,27.650000,16.530153,2511600
2007-06-07,27.450001,27.680000,27.299999,27.299999,16.320911,2088500
2007-06-08,27.299999,27.559999,27.280001,27.459999,16.416571,626700
2007-06-11,27.549999,27.620001,27.459999,27.610001,16.506250,1237600
2007-06-12,27.350000,27.520000,27.280001,27.350000,16.350809,1028900
2007-06-13,27.510000,27.620001,27.350000,27.559999,16.476351,1587400
2007-06-14,27.600000,27.620001,27.480000,27.600000,16.500261,1942000
2007-06-15,27.570000,27.590000,27.450001,27.490000,16.535759,2190900
2007-06-18,27.420000,27.530001,27.350000,27.350000,16.451542,850300
2007-06-19,27.350000,27.350000,27.150000,27.150000,16.331238,1081800
2007-06-20,27.309999,27.370001,27.000000,27.120001,16.313196,1084800
2007-06-21,27.030001,27.290001,27.000000,27.200001,16.361309,1541500
2007-06-22,27.250000,27.250000,26.930000,27.049999,16.271080,1672700
2007-06-25,27.049999,27.150000,26.860001,26.930000,16.198898,792900
2007-06-26,27.049999,27.100000,26.840000,26.860001,16.156792,1164400
2007-06-27,26.740000,27.120001,26.709999,27.070000,16.283113,712700
2007-06-28,27.000000,27.209999,27.000000,27.020000,16.253048,824100
2007-06-29,27.090000,27.260000,26.910000,27.049999,16.271080,1666500
2007-07-02,27.129999,27.480000,27.129999,27.270000,16.403423,4223600
2007-07-03,27.370001,27.389999,27.200001,27.260000,16.397406,1070800
2007-07-05,27.230000,27.290001,26.410000,27.240000,16.385372,2972900
2007-07-06,27.160000,27.400000,27.150000,27.400000,16.481623,655400
2007-07-09,27.400000,27.400000,27.280001,27.400000,16.481623,1885900
2007-07-10,27.240000,27.309999,27.010000,27.150000,16.331238,1853600
2007-07-11,26.920000,27.280001,26.920000,27.280001,16.409435,1142700
2007-07-12,27.260000,27.629999,27.240000,27.510000,16.547783,1291000
2007-07-13,27.500000,27.709999,27.420000,27.700001,16.662075,1355600
2007-07-16,27.639999,27.780001,27.549999,27.590000,16.595900,700700
2007-07-17,27.670000,27.790001,27.450001,27.459999,16.517715,1364200
2007-07-18,27.490000,27.500000,27.320000,27.469999,16.523727,693700
2007-07-19,27.480000,27.610001,27.469999,27.559999,16.577860,1249500
2007-07-20,27.459999,27.510000,27.240000,27.400000,16.481623,1204400
2007-07-23,27.139999,27.549999,27.120001,27.400000,16.481623,1333100
2007-07-24,27.309999,27.500000,27.070000,27.200001,16.361309,2000500
2007-07-25,27.480000,27.480000,27.040001,27.200001,16.361309,1806400
2007-07-26,26.889999,27.280001,26.559999,26.799999,16.120716,2815100
2007-07-27,26.850000,26.850000,26.430000,26.440001,15.904160,3511200
2007-07-30,26.459999,26.650000,26.270000,26.500000,15.940248,1047900
2007-07-31,26.570000,26.809999,26.280001,26.280001,15.807911,3203400
2007-08-01,26.450001,26.730000,26.309999,26.670000,16.042513,1454300
2007-08-02,26.709999,26.889999,26.620001,26.700001,16.060555,1618700
2007-08-03,26.820000,26.930000,26.450001,26.650000,16.030476,4452800
2007-08-06,26.709999,27.340000,26.610001,27.340000,16.445522,3826700
2007-08-07,26.940001,27.570000,26.940001,27.270000,16.403423,3275100
2007-08-08,27.450001,27.750000,27.320000,27.750000,16.692150,4770200
2007-08-09,27.360001,27.510000,27.030001,27.250000,16.391388,1764900
2007-08-10,26.990000,27.340000,26.730000,27.100000,16.301163,2941300
2007-08-13,27.030001,27.170000,26.809999,27.020000,16.253048,1353100
2007-08-14,26.930000,26.930000,26.549999,26.590000,15.994387,1639400
2007-08-15,26.459999,26.840000,26.309999,26.450001,15.910171,1755700
2007-08-16,26.250000,26.520000,26.020000,26.520000,15.952281,2661200
2007-08-17,26.879999,27.000000,26.480000,26.650000,16.030476,4028900
2007-08-20,26.860001,26.990000,26.570000,26.850000,16.150780,1448700
2007-08-21,26.600000,26.850000,26.600000,26.850000,16.150780,558100
2007-08-22,26.879999,26.930000,26.770000,26.920000,16.192894,2922400
2007-08-23,27.049999,27.049999,26.780001,26.930000,16.198898,1035200
2007-08-24,26.900000,27.150000,26.900000,27.120001,16.313196,1351700
2007-08-27,27.100000,27.180000,26.990000,27.000000,16.241009,1260800
2007-08-28,26.930000,26.990000,26.590000,26.690001,16.054546,2099100
2007-08-29,26.700001,27.010000,26.650000,26.920000,16.192894,1167800
2007-08-30,26.760000,26.930000,26.730000,26.830000,16.138752,1027300
2007-08-31,26.969999,27.139999,26.840000,26.900000,16.180853,1578700
2007-09-04,27.040001,27.190001,26.959999,27.190001,16.355297,1787300
2007-09-05,26.700001,26.940001,26.700001,26.940001,16.204920,1866800
2007-09-06,26.910000,27.030001,26.799999,26.870001,16.162804,1298300
2007-09-07,26.770000,26.870001,26.629999,26.750000,16.090637,4722100
2007-09-10,26.750000,26.889999,26.620001,26.820000,16.132729,5018500
2007-09-11,26.850000,27.110001,26.820000,27.000000,16.241009,3407600
2007-09-12,27.049999,27.250000,27.000000,27.139999,16.325233,2135800
2007-09-13,27.379999,27.379999,27.209999,27.219999,16.373337,2333000
2007-09-14,27.219999,27.379999,27.150000,27.379999,16.469582,2344400
2007-09-17,27.250000,27.290001,27.190001,27.219999,16.373337,603300
2007-09-18,27.350000,27.750000,27.270000,27.750000,16.692150,1828300
2007-09-19,27.809999,27.870001,27.629999,27.770000,16.704182,3788300
2007-09-20,27.790001,27.809999,27.670000,27.799999,16.722231,1412200
2007-09-21,27.690001,27.799999,27.610001,27.660000,16.730696,2317300
2007-09-24,27.690001,27.719999,27.530001,27.639999,16.718597,951200
2007-09-25,27.510000,27.670000,27.430000,27.600000,16.694401,6076300
2007-09-26,27.680000,27.900000,27.629999,27.790001,16.809334,2808800
2007-09-27,27.840000,27.950001,27.799999,27.889999,16.869816,1408500
2007-09-28,27.900000,27.980000,27.850000,27.980000,16.924248,825300
2007-10-01,27.900000,27.950001,27.719999,27.900000,16.875866,5794400
2007-10-02,27.910000,27.920000,27.780001,27.910000,16.881910,2038300
2007-10-03,27.860001,27.900000,27.750000,27.840000,16.839567,6854900
2007-10-04,27.850000,27.910000,27.790001,27.900000,16.875866,5732400
2007-10-05,27.959999,28.020000,27.870001,28.000000,16.936354,3707600
2007-10-08,27.780001,27.920000,27.780001,27.820000,16.827473,2909100
2007-10-09,27.910000,28.010000,27.820000,27.980000,16.924248,4467400
2007-10-10,27.840000,28.120001,27.840000,28.100000,16.996840,2556900
2007-10-11,28.290001,28.309999,28.030001,28.170000,17.039181,6015200
2007-10-12,28.719999,28.719999,28.129999,28.230000,17.075468,3744700
2007-10-15,27.730000,28.370001,27.730000,28.139999,17.021034,3811300
2007-10-16,28.059999,28.129999,27.969999,28.020000,16.948442,3147400
2007-10-17,28.129999,28.200001,27.950001,28.120001,17.008938,7207900
2007-10-18,28.030001,28.129999,28.000000,28.020000,16.948442,12642300
2007-10-19,28.040001,28.070000,27.700001,27.730000,16.773037,7279600
2007-10-22,27.639999,27.959999,27.620001,27.910000,16.881910,1933100
2007-10-23,27.990000,28.000000,27.820000,28.000000,16.936354,1506200
2007-10-24,27.930000,28.020000,27.700001,27.920000,16.887959,2160100
2007-10-25,28.059999,28.209999,27.990000,28.150000,17.027086,2888900
2007-10-26,28.040001,28.350000,28.040001,28.340000,17.142004,1332300
2007-10-29,28.350000,28.450001,28.270000,28.350000,17.148054,1526300
2007-10-30,28.190001,28.340000,28.129999,28.230000,17.075468,1542000
2007-10-31,28.090000,28.450001,28.090000,28.410000,17.184343,2189400
2007-11-01,28.500000,28.500000,27.840000,27.850000,16.845625,2617800
2007-11-02,27.760000,28.030001,27.760000,28.030001,16.954502,2537000
2007-11-05,27.510000,28.190001,27.510000,28.070000,16.978689,1753700
2007-11-06,28.000000,28.260000,28.000000,28.260000,17.093618,1129500
2007-11-07,28.000000,28.190001,27.809999,27.950001,16.906105,2671300
2007-11-08,28.180000,28.219999,27.730000,28.150000,17.027086,3227300
2007-11-09,27.950001,28.150000,27.870001,27.879999,16.863762,2385800
2007-11-12,27.670000,28.160000,27.639999,27.900000,16.875866,2307100
2007-11-13,28.379999,28.440001,28.040001,28.320000,17.129908,1602400
2007-11-14,28.459999,28.660000,28.360001,28.459999,17.214594,2915100
2007-11-15,28.150000,28.629999,28.150000,28.440001,17.202494,4579100
2007-11-16,28.549999,28.650000,28.379999,28.570000,17.281122,1555800
2007-11-19,28.660000,28.660000,28.340000,28.370001,17.160152,2718600
2007-11-20,28.940001,28.940001,28.309999,28.600000,17.299273,3525100
2007-11-21,28.490000,28.620001,28.230000,28.250000,17.087570,3356900
2007-11-23,28.590000,28.590000,28.350000,28.540001,17.262985,686700
2007-11-26,28.799999,28.799999,28.180000,28.250000,17.087570,2987300
2007-11-27,28.250000,28.680000,28.250000,28.549999,17.269026,2612400
2007-11-28,28.799999,29.049999,28.580000,29.000000,17.541216,4534000
2007-11-29,28.709999,29.309999,28.709999,29.150000,17.631954,2780900
2007-11-30,29.299999,29.299999,29.030001,29.190001,17.656143,2794800
2007-12-03,29.370001,29.370001,29.030001,29.080000,17.589611,5158900
2007-12-04,29.049999,29.150000,29.000000,29.040001,17.565416,2187800
2007-12-05,29.389999,29.389999,29.090000,29.160000,17.637995,1632500
2007-12-06,29.330000,29.459999,29.150000,29.150000,17.631954,3177400
2007-12-07,29.400000,29.600000,29.309999,29.459999,17.819460,3010100
2007-12-10,29.770000,29.770000,29.450001,29.490000,17.837612,980600
2007-12-11,29.730000,29.730000,29.080000,29.170000,17.644047,3657200
2007-12-12,29.700001,29.740000,29.030001,29.250000,17.692434,2379800
2007-12-13,29.450001,29.450001,29.049999,29.379999,17.771069,3219400
2007-12-14,29.000000,29.430000,28.980000,29.020000,17.553324,2749000
2007-12-17,28.760000,28.990000,28.709999,28.820000,17.432341,2978300
2007-12-18,29.160000,29.160000,28.629999,28.690001,17.353712,4009900
2007-12-19,28.540001,29.010000,28.540001,28.930000,17.498878,1922700
2007-12-20,29.379999,29.379999,28.799999,28.799999,17.420244,1720800
2007-12-21,28.770000,29.340000,28.770000,29.340000,17.837923,2275200
2007-12-24,29.469999,29.469999,29.209999,29.299999,17.813604,882300
2007-12-26,29.360001,29.360001,29.129999,29.200001,17.752804,1349100
2007-12-27,29.360001,29.360001,28.920000,28.920000,17.582569,2449500
2007-12-28,29.209999,29.209999,28.950001,29.030001,17.649450,725400
2007-12-31,29.020000,29.020000,28.610001,28.799999,17.509619,1763300
2008-01-02,28.530001,28.719999,28.260000,28.389999,17.260353,10122700
2008-01-03,28.400000,28.500000,28.200001,28.240000,17.169153,4379600
2008-01-04,28.010000,28.340000,28.010000,28.120001,17.096195,4172500
2008-01-07,28.100000,28.549999,28.100000,28.450001,17.296827,3826400
2008-01-08,28.629999,28.860001,28.240000,28.240000,17.169153,5549600
2008-01-09,28.490000,28.629999,28.290001,28.620001,17.400181,4759000
2008-01-10,28.590000,28.910000,28.510000,28.670000,17.430576,5023700
2008-01-11,28.670000,28.709999,28.160000,28.270000,17.187395,4456400
2008-01-14,28.219999,28.370001,28.110001,28.150000,17.114435,7331400
2008-01-15,28.000000,28.020000,27.750000,27.850000,16.932051,2611500
2008-01-16,27.660000,28.059999,27.660000,27.750000,16.871241,8980400
2008-01-17,27.959999,27.969999,27.420000,27.549999,16.749651,4250400
2008-01-18,27.730000,27.730000,27.000000,27.150000,16.506462,6034900
2008-01-22,25.180000,27.020000,24.379999,26.870001,16.336229,12101600
2008-01-23,26.389999,27.250000,26.270000,27.200001,16.536865,10402400
2008-01-24,27.379999,27.379999,26.840000,27.070000,16.457823,3787300
2008-01-25,27.170000,27.180000,26.639999,26.700001,16.232870,2960800
2008-01-28,26.719999,27.049999,26.639999,26.910000,16.360544,4415300
2008-01-29,27.230000,27.230000,26.830000,26.990000,16.409193,1733400
2008-01-30,27.070000,27.250000,26.770000,26.799999,16.293665,4867300
2008-01-31,26.730000,27.350000,26.709999,27.200001,16.536865,3030900
2008-02-01,27.200001,27.570000,27.200001,27.469999,16.701015,4343600
2008-02-04,27.610001,27.620001,27.280001,27.299999,16.597662,2560900
2008-02-05,27.290001,27.290001,26.799999,26.930000,16.372709,4559300
2008-02-06,27.000000,27.020000,26.719999,26.820000,16.305828,3143200
2008-02-07,26.709999,27.120001,26.700001,27.100000,16.476065,2395300
2008-02-08,26.969999,27.100000,26.799999,26.799999,16.293665,2827600
2008-02-11,26.799999,27.150000,26.799999,27.139999,16.500381,3441600
2008-02-12,27.330000,27.500000,27.240000,27.500000,16.719254,5154200
2008-02-13,27.860001,27.860001,27.370001,27.370001,16.640223,1872500
2008-02-14,27.559999,27.620001,27.150000,27.230000,16.555096,3391700
2008-02-15,27.250000,27.379999,27.120001,27.350000,16.628054,3103300
2008-02-19,27.940001,27.940001,27.320000,27.790001,16.895565,3689200
2008-02-20,27.370001,27.700001,27.160000,27.200001,16.536865,3547400
2008-02-21,27.459999,27.559999,27.250000,27.299999,16.597662,4037100
2008-02-22,27.400000,27.600000,27.129999,27.600000,16.780045,3101600
2008-02-25,27.600000,27.680000,27.450001,27.639999,16.804369,2436400
2008-02-26,27.690001,27.980000,27.610001,27.980000,17.011076,2379500
2008-02-27,27.959999,27.959999,27.600000,27.600000,16.780045,2402500
2008-02-28,27.540001,27.750000,27.540001,27.650000,16.810450,3234200
2008-02-29,27.520000,27.520000,27.120001,27.129999,16.494303,4405200
2008-03-03,26.959999,27.400000,26.950001,27.400000,16.658461,3034200
2008-03-04,27.290001,27.450001,27.000000,27.379999,16.646296,4349600
2008-03-05,27.500000,27.600000,27.260000,27.450001,16.688854,2130000
2008-03-06,27.180000,27.450001,27.049999,27.200001,16.536865,1865600
2008-03-07,27.110001,27.270000,26.980000,27.070000,16.457823,5307900
2008-03-10,27.240000,27.240000,26.900000,26.930000,16.372709,4282300
2008-03-11,27.490000,27.500000,27.120001,27.500000,16.719254,3677600
2008-03-12,27.410000,27.650000,27.330000,27.430000,16.676697,4541800
2008-03-13,27.230000,27.459999,27.040001,27.430000,16.676697,8384400
2008-03-14,27.670000,27.680000,26.809999,26.959999,16.390947,4151100
2008-03-17,26.500000,27.120001,26.299999,26.809999,16.299749,5314200
2008-03-18,27.139999,27.549999,27.010000,27.299999,16.597662,3908900
2008-03-19,27.530001,27.760000,27.350000,27.450001,16.688854,5407800
2008-03-20,27.290001,27.690001,27.250000,27.620001,16.882002,3946600
2008-03-24,27.850000,27.940001,27.740000,27.930000,17.071472,4827000
2008-03-25,27.950001,28.040001,27.850000,28.000000,17.114267,3438100
2008-03-26,28.110001,28.110001,27.770000,27.770000,16.973682,2154900
2008-03-27,28.080000,28.090000,27.830000,27.910000,17.059254,2448900
2008-03-28,28.010000,28.059999,27.820000,27.879999,17.040916,2735200
2008-03-31,27.930000,28.080000,27.850000,27.860001,17.028696,2037900
2008-04-01,28.120001,28.370001,27.959999,28.200001,17.236509,7419700
2008-04-02,28.389999,28.459999,28.110001,28.209999,17.242622,3273700
2008-04-03,28.200001,28.219999,28.059999,28.129999,17.193724,2664100
2008-04-04,28.230000,28.370001,28.110001,28.370001,17.340422,2220400
2008-04-07,28.330000,28.379999,28.150000,28.190001,17.230404,1447600
2008-04-08,28.090000,28.180000,28.040001,28.180000,17.224283,1648600
2008-04-09,28.150000,28.150000,27.820000,27.900000,17.053148,1823100
2008-04-10,27.950001,28.110001,27.910000,27.969999,17.095926,1958500
2008-04-11,27.889999,27.950001,27.650000,27.790001,16.985909,2347900
2008-04-14,27.799999,27.850000,27.730000,27.780001,16.979792,2333500
2008-04-15,27.959999,27.959999,27.760000,27.950001,17.083702,1360900
2008-04-16,28.049999,28.110001,27.920000,28.110001,17.181498,3858400
2008-04-17,28.070000,28.150000,27.900000,28.150000,17.205952,2294600
2008-04-18,28.379999,28.379999,27.940001,27.959999,17.089819,3737100
2008-04-21,27.920000,28.120001,27.910000,28.040001,17.138708,2343000
2008-04-22,28.040001,28.080000,27.760000,27.870001,17.034809,2750400
2008-04-23,27.900000,28.209999,27.900000,28.049999,17.144831,1418600
2008-04-24,28.200001,28.219999,27.920000,28.090000,17.169275,2711400
2008-04-25,28.209999,28.209999,27.750000,27.930000,17.071472,5969300
2008-04-28,28.020000,28.150000,28.000000,28.100000,17.175388,3097900
2008-04-29,28.080000,28.219999,27.940001,28.129999,17.193724,2731600
2008-04-30,28.260000,28.410000,27.650000,27.650000,16.900339,2611400
2008-05-01,27.820000,28.230000,27.820000,28.150000,17.205952,4348500
2008-05-02,28.350000,28.350000,28.070000,28.110001,17.181498,3967100
2008-05-05,28.170000,28.180000,28.010000,28.010000,17.120371,983300
2008-05-06,28.180000,28.230000,27.950001,28.190001,17.230404,770600
2008-05-07,28.219999,28.290001,27.910000,27.920000,17.065367,2367900
2008-05-08,27.920000,28.110001,27.920000,28.000000,17.114267,1377100
2008-05-09,27.719999,28.010000,27.540001,27.840000,17.016466,2844500
2008-05-12,27.860001,28.150000,27.840000,28.150000,17.205952,1344100
2008-05-13,28.209999,28.209999,27.950001,28.049999,17.144831,2549400
2008-05-14,28.139999,28.350000,28.139999,28.160000,17.212057,3384800
2008-05-15,28.200001,28.500000,28.110001,28.500000,17.419872,984300
2008-05-16,28.500000,28.540001,28.320000,28.490000,17.413765,2458000
2008-05-19,28.510000,28.650000,28.370001,28.650000,17.511562,2167500
2008-05-20,28.309999,28.400000,28.160000,28.219999,17.248735,3690100
2008-05-21,28.290001,28.330000,27.889999,27.930000,17.071472,2266800
2008-05-22,28.080000,28.260000,27.950001,28.230000,17.254850,1783500
2008-05-23,28.200001,28.200001,28.049999,28.080000,17.163164,2510500
2008-05-27,28.030001,28.280001,28.030001,28.160000,17.212057,1573500
2008-05-28,28.330000,28.330000,28.049999,28.200001,17.236509,1392300
2008-05-29,28.230000,28.520000,28.059999,28.309999,17.303751,3419300
2008-05-30,28.510000,28.540001,28.340000,28.490000,17.413765,2311100
2008-06-02,28.490000,28.490000,28.070000,28.240000,17.260960,2447200
2008-06-03,28.129999,28.389999,28.059999,28.389999,17.352648,2637800
2008-06-04,28.260000,28.370001,28.170000,28.370001,17.340422,2180200
2008-06-05,28.410000,28.670000,28.379999,28.660000,17.517666,1662500
2008-06-06,28.580000,28.580000,27.920000,27.950001,17.083702,2102100
2008-06-09,28.040001,28.129999,27.860001,28.049999,17.144831,2487000
2008-06-10,27.860001,28.299999,27.860001,28.100000,17.175388,3032700
2008-06-11,28.200001,28.200001,27.760000,27.950001,17.083702,6986300
2008-06-12,28.030001,28.270000,27.930000,28.139999,17.199848,2360800
2008-06-13,28.070000,28.219999,27.950001,28.120001,17.187611,4316400
2008-06-16,27.889999,27.920000,27.680000,27.820000,17.004246,6055500
2008-06-17,27.870001,27.920000,27.629999,27.730000,16.949244,3046800
2008-06-18,27.639999,27.690001,27.379999,27.420000,16.759762,3251800
2008-06-19,27.360001,27.580000,27.360001,27.510000,16.814766,2159400
2008-06-20,27.180000,27.330000,26.980000,27.080000,16.623850,5297400
2008-06-23,27.150000,27.160000,26.910000,26.980000,16.562464,1515300
2008-06-24,26.920000,27.219999,26.840000,27.070000,16.617708,2343100
2008-06-25,27.170000,27.680000,27.110001,27.680000,16.992176,4769100
2008-06-26,27.200001,27.290001,26.750000,26.840000,16.476517,2229000
2008-06-27,26.770000,26.900000,26.360001,26.559999,16.304632,3321100
2008-06-30,26.480000,26.830000,26.430000,26.750000,16.421268,2226600
2008-07-01,26.360001,26.719999,26.290001,26.719999,16.402853,7943400
2008-07-02,26.690001,26.770000,26.590000,26.690001,16.384439,2999000
2008-07-03,26.670000,26.879999,26.629999,26.670000,16.372158,1730600
2008-07-07,26.840000,27.010000,26.610001,26.940001,16.537914,3255100
2008-07-08,26.940001,27.290001,26.830000,27.290001,16.752758,6431100
2008-07-09,27.280001,27.340000,27.020000,27.020000,16.587015,3225300
2008-07-10,27.090000,27.219999,26.879999,27.219999,16.709793,4386200
2008-07-11,27.030001,27.209999,26.830000,26.930000,16.531773,4209700
2008-07-14,26.830000,27.260000,26.830000,26.950001,16.544043,3935500
2008-07-15,26.750000,27.160000,26.570000,26.900000,16.513348,8632500
2008-07-16,26.860001,27.260000,26.860001,27.240000,16.722067,3588800
2008-07-17,27.200001,27.290001,26.770000,27.290001,16.752758,5109800
2008-07-18,27.299999,27.299999,26.830000,26.830000,16.470377,2963700
2008-07-21,26.900000,27.100000,26.760000,26.770000,16.433548,3792900
2008-07-22,26.799999,27.320000,26.799999,27.240000,16.722067,1357800
2008-07-23,27.280001,27.440001,27.139999,27.430000,16.838707,3088500
2008-07-24,27.379999,27.480000,27.120001,27.260000,16.734350,3320100
2008-07-25,27.309999,27.309999,27.070000,27.110001,16.642256,5232900
2008-07-28,26.920000,27.170000,26.879999,26.879999,16.501070,1859900
2008-07-29,27.020000,27.510000,27.000000,27.510000,16.887819,2977700
2008-07-30,27.629999,27.900000,27.510000,27.830000,17.084257,3801500
2008-07-31,27.580000,27.730000,27.340000,27.400000,16.820290,5016200
2008-08-01,27.490000,27.540001,27.280001,27.350000,16.789600,4155300
2008-08-04,27.400000,27.799999,27.360001,27.600000,16.943066,2253600
2008-08-05,27.879999,28.350000,27.770000,28.080000,17.237728,3395900
2008-08-06,27.870001,28.430000,27.820000,28.379999,17.421888,5259100
2008-08-07,28.209999,28.230000,27.830000,27.830000,17.084257,3992700
2008-08-08,27.820000,28.540001,27.809999,28.410000,17.440304,3085300
2008-08-11,28.459999,28.770000,28.400000,28.660000,17.593773,2905000
2008-08-12,28.709999,28.860001,28.520000,28.860001,17.716551,3044200
2008-08-13,28.730000,28.750000,28.430000,28.570000,17.538527,4616900
2008-08-14,28.540001,28.889999,28.350000,28.700001,17.618336,4390900
2008-08-15,28.719999,29.020000,28.650000,28.980000,17.790216,1962000
2008-08-18,28.990000,28.990000,28.600000,28.860001,17.716551,2579900
2008-08-19,28.520000,28.620001,28.389999,28.469999,17.477140,2744300
2008-08-20,28.430000,28.549999,28.170000,28.480000,17.483280,2201400
2008-08-21,28.110001,28.350000,28.030001,28.170000,17.292986,1888600
2008-08-22,28.350000,28.809999,28.350000,28.680000,17.606058,2801800
2008-08-25,28.459999,28.559999,28.129999,28.219999,17.323675,3148400
2008-08-26,28.120001,28.290001,28.010000,28.110001,17.256144,1495600
2008-08-27,28.090000,28.270000,28.040001,28.240000,17.335951,1247800
2008-08-28,28.360001,28.459999,28.180000,28.420000,17.446447,1487500
2008-08-29,28.420000,28.450001,28.080000,28.139999,17.274563,1667000
2008-09-02,28.450001,28.700001,28.340000,28.450001,17.464870,3601000
2008-09-03,28.360001,28.520000,28.240000,28.240000,17.335951,2136900
2008-09-04,28.480000,28.480000,28.040001,28.059999,17.225460,3137300
2008-09-05,28.059999,28.400000,27.920000,28.320000,17.385063,8917700
2008-09-08,28.770000,29.129999,28.580000,28.920000,17.753386,4121100
2008-09-09,29.260000,29.290001,28.719999,28.770000,17.661303,4849300
2008-09-10,28.980000,28.980000,28.740000,28.969999,17.784081,5140700
2008-09-11,28.799999,29.230000,28.559999,29.090000,17.857756,4499000
2008-09-12,29.020000,29.160000,28.910000,29.150000,17.894583,3219200
2008-09-15,29.049999,29.160000,28.590000,28.799999,17.679724,7420400
2008-09-16,28.990000,28.990000,27.930000,28.799999,17.679724,7878800
2008-09-17,28.340000,28.570000,27.750000,27.770000,17.047421,8617900
2008-09-18,28.490000,28.580000,27.780001,27.950001,17.157925,11022500
2008-09-19,29.490000,30.290001,27.700001,27.700001,17.120220,6403500
2008-09-22,27.780001,29.379999,27.370001,27.549999,17.027514,5088600
2008-09-23,27.549999,27.820000,27.180000,27.180000,16.798834,3901800
2008-09-24,27.209999,27.490000,27.049999,27.129999,16.767929,4509800
2008-09-25,27.330000,27.900000,27.240000,27.799999,17.182030,7749500
2008-09-26,27.450001,27.959999,27.450001,27.700001,17.120220,2529400
2008-09-29,27.889999,27.950001,26.660000,26.660000,16.477449,9894400
2008-09-30,27.010000,27.600000,26.980000,27.600000,17.058413,2583600
2008-10-01,27.530001,28.080000,26.980000,27.799999,17.182030,8520100
2008-10-02,27.850000,27.850000,27.340000,27.450001,16.965708,5136400
2008-10-03,28.549999,28.750000,27.200001,27.230000,16.829737,5895100
2008-10-06,26.540001,27.020000,25.500000,26.440001,16.341459,9393600
2008-10-07,27.320000,27.320000,25.350000,25.600000,15.822301,6318900
2008-10-08,24.309999,25.820000,24.309999,24.900000,15.389655,8482800
2008-10-09,25.170000,25.430000,23.379999,23.400000,14.462571,13186900
2008-10-10,22.740000,24.260000,21.629999,23.600000,14.586181,14753000
2008-10-13,25.520000,25.520000,23.770000,24.700001,15.266046,6320300
2008-10-14,26.240000,26.240000,23.940001,24.750000,15.296951,15789900
2008-10-15,24.440001,24.440001,22.780001,23.900000,14.771602,7790100
2008-10-16,24.100000,24.129999,22.209999,24.129999,14.913750,11936300
2008-10-17,23.850000,24.650000,23.350000,24.309999,15.024999,6180600
2008-10-20,24.820000,24.879999,24.000000,24.510000,15.148612,5524900
2008-10-21,24.870001,24.870001,24.200001,24.280001,15.006470,4127400
2008-10-22,24.510000,24.510000,22.980000,23.900000,14.771602,7026600
2008-10-23,23.500000,24.000000,22.469999,24.000000,14.833407,8948500
2008-10-24,22.250000,23.170000,22.250000,22.799999,14.091731,7992500
2008-10-27,22.150000,23.049999,22.129999,22.219999,13.733260,4859300
2008-10-28,22.809999,24.250000,22.219999,23.750000,14.678889,4701100
2008-10-29,24.219999,24.639999,23.250000,23.290001,14.394581,7062500
2008-10-30,23.840000,24.480000,23.809999,24.270000,15.000281,6944000
2008-10-31,24.760000,24.930000,24.010000,24.120001,14.907575,12867200
2008-11-03,24.580000,24.770000,24.379999,24.490000,15.136256,7543100
2008-11-04,25.209999,25.360001,24.660000,24.850000,15.358752,4796900
2008-11-05,25.320000,25.320000,24.340000,24.410000,15.086812,5030000
2008-11-06,24.400000,24.650000,23.500000,24.150000,14.926112,6801000
2008-11-07,24.000000,24.309999,23.879999,24.260000,14.994101,4683300
2008-11-10,24.730000,24.730000,23.920000,24.330000,15.037366,3000200
2008-11-11,24.200001,24.230000,23.610001,23.780001,14.697431,4558400
2008-11-12,23.540001,23.610001,23.000000,23.270000,14.382221,6267000
2008-11-13,23.110001,24.200001,22.540001,24.200001,14.957017,7828700
2008-11-14,23.860001,24.330000,23.389999,23.480000,14.512013,6104600
2008-11-17,23.320000,23.719999,22.950001,23.170000,14.320420,4648600
2008-11-18,23.920000,23.920000,22.750000,23.330000,14.419306,6971200
2008-11-19,23.350000,23.799999,22.660000,22.730000,14.048474,6407700
2008-11-20,22.730000,23.290001,21.709999,21.940001,13.560206,11979400
2008-11-21,22.030001,22.990000,21.400000,22.990000,14.209167,16419700
2008-11-24,23.320000,23.889999,22.820000,23.280001,14.388406,7532900
2008-11-25,24.139999,24.139999,23.010000,23.410000,14.468748,7972400
2008-11-26,23.120001,23.719999,22.889999,23.709999,14.654171,10189000
2008-11-28,23.459999,24.070000,23.459999,24.070000,14.876672,2234600
2008-12-01,23.590000,23.670000,22.650000,22.740000,14.054651,7280700
2008-12-02,22.950001,23.209999,22.459999,23.070000,14.258614,8265800
2008-12-03,22.500000,23.430000,22.469999,23.350000,14.431664,8389700
2008-12-04,23.330000,23.549999,22.820000,23.049999,14.246248,7789600
2008-12-05,22.889999,23.870001,22.610001,23.700001,14.647981,8089400
2008-12-08,24.480000,24.480000,23.580000,23.840000,14.734513,8635700
2008-12-09,23.700001,23.790001,23.120001,23.379999,14.450207,10381200
2008-12-10,23.530001,23.530001,23.070000,23.370001,14.444030,7463700
2008-12-11,23.000000,23.549999,23.000000,23.110001,14.283339,7506700
2008-12-12,22.700001,23.250000,22.620001,23.139999,14.301873,6598500
2008-12-15,23.309999,23.309999,22.870001,23.120001,14.289516,4743000
2008-12-16,23.660000,23.740000,23.129999,23.660000,14.623260,8487100
2008-12-17,23.400000,23.760000,23.360001,23.540001,14.549103,6419600
2008-12-18,23.740000,23.980000,23.379999,23.620001,14.598543,7119600
2008-12-19,23.740000,23.860001,23.219999,23.230000,14.480111,9227600
2008-12-22,23.379999,23.379999,22.969999,23.290001,14.517512,4339700
2008-12-23,23.330000,23.480000,23.010000,23.100000,14.399077,5958200
2008-12-24,23.219999,23.350000,23.170000,23.299999,14.523741,780900
2008-12-26,23.450001,23.450001,23.219999,23.320000,14.536204,2630500
2008-12-29,23.320000,23.360001,23.010000,23.270000,14.505043,1985100
2008-12-30,23.389999,23.660000,23.379999,23.639999,14.735677,3071400
2008-12-31,23.660000,23.980000,23.660000,23.870001,14.879042,2815100
2009-01-02,23.940001,24.330000,23.799999,24.209999,15.090982,3757900
2009-01-05,24.110001,24.309999,24.049999,24.309999,15.153311,6645500
2009-01-06,24.400000,24.430000,23.820000,23.950001,14.928915,8797400
2009-01-07,23.690001,23.900000,23.570000,23.709999,14.779312,4228700
2009-01-08,23.420000,23.490000,23.170000,23.400000,14.586079,6252100
2009-01-09,23.350000,23.420000,23.000000,23.000000,14.336743,6061400
2009-01-12,23.049999,23.180000,22.900000,23.010000,14.342974,6542400
2009-01-13,23.020000,23.250000,23.000000,23.150000,14.430238,9802600
2009-01-14,22.750000,22.920000,22.490000,22.639999,14.112342,5902500
2009-01-15,22.510000,22.780001,22.320000,22.740000,14.174675,7621300
2009-01-16,23.080000,23.090000,22.760000,22.950001,14.305576,3835100
2009-01-20,23.000000,23.160000,22.629999,22.680000,14.137274,11335300
2009-01-21,22.950001,22.990000,22.360001,22.790001,14.205842,6566600
2009-01-22,22.549999,22.850000,22.360001,22.770000,14.193376,8119600
2009-01-23,22.379999,22.670000,22.290001,22.549999,14.056235,6117100
2009-01-26,22.670000,22.959999,22.549999,22.700001,14.149735,6673000
2009-01-27,22.799999,23.020000,22.700001,22.820000,14.224542,8160500
2009-01-28,23.129999,23.370001,22.889999,23.049999,14.367911,6032700
2009-01-29,22.950001,23.190001,22.790001,22.850000,14.243242,4191700
2009-01-30,22.770000,22.780001,22.010000,22.150000,13.806901,8398800
2009-02-02,21.910000,22.110001,21.750000,21.959999,13.688475,5575100
2009-02-03,21.969999,22.530001,21.870001,22.440001,13.987670,5450500
2009-02-04,22.400000,22.400000,21.780001,21.830000,13.607436,7962600
2009-02-05,21.790001,22.219999,21.719999,22.139999,13.800674,12049300
2009-02-06,22.230000,22.600000,22.100000,22.520000,14.037539,7266500
2009-02-09,22.469999,22.480000,22.190001,22.299999,13.900402,4804700
2009-02-10,22.100000,22.190001,21.450001,21.580000,13.451600,7240500
2009-02-11,21.680000,21.799999,21.559999,21.700001,13.526402,5428200
2009-02-12,21.500000,21.930000,21.389999,21.900000,13.651072,7142700
2009-02-13,21.959999,21.959999,21.559999,21.559999,13.439135,3946500
2009-02-17,21.219999,21.510000,21.090000,21.250000,13.245907,5893400
2009-02-18,21.430000,21.450001,21.170000,21.360001,13.314470,6997100
2009-02-19,21.590000,21.799999,21.540001,21.629999,13.482768,5025900
2009-02-20,21.110001,21.590000,21.110001,21.299999,13.277071,7591400
2009-02-23,21.290001,21.459999,20.740000,20.750000,12.934228,5494700
2009-02-24,20.920000,21.230000,20.770000,21.150000,13.183566,6059900
2009-02-25,21.080000,21.240000,20.820000,20.950001,13.058907,5797200
2009-02-26,21.100000,21.110001,20.459999,20.490000,12.772165,5424000
2009-02-27,20.370001,20.750000,20.280001,20.360001,12.691134,5643200
2009-03-02,20.139999,20.340000,19.889999,19.969999,12.448035,6964600
2009-03-03,20.150000,20.150000,19.650000,19.730000,12.298430,6351300
2009-03-04,19.990000,20.350000,19.730000,20.110001,12.535300,5214900
2009-03-05,19.990000,20.030001,19.440001,19.650000,12.248565,7268000
2009-03-06,19.700001,19.940001,19.309999,19.709999,12.285966,6911800
2009-03-09,19.680000,19.820000,19.280001,19.410000,12.098962,4769800
2009-03-10,19.459999,19.840000,19.450001,19.770000,12.323365,4260500
2009-03-11,19.910000,20.010000,19.660000,19.750000,12.310892,5810500
2009-03-12,19.750000,20.309999,19.650000,20.260000,12.628802,4139200
2009-03-13,20.420000,20.670000,20.250000,20.559999,12.815799,3651100
2009-03-16,20.809999,21.120001,20.719999,20.879999,13.015273,4294300
2009-03-17,20.969999,21.270000,20.799999,21.270000,13.258370,3795800
2009-03-18,21.080000,21.370001,20.850000,21.160000,13.189806,5077200
2009-03-19,21.200001,21.240000,20.690001,20.889999,13.021500,5382900
2009-03-20,20.840000,20.900000,20.570000,20.570000,12.897978,3539900
2009-03-23,20.910000,21.490000,20.860001,21.469999,13.462303,6526400
2009-03-24,21.389999,21.559999,21.270000,21.370001,13.399603,4791400
2009-03-25,21.410000,21.790001,21.250000,21.580000,13.531280,4945200
2009-03-26,21.770000,21.820000,21.480000,21.820000,13.681767,6675200
2009-03-27,21.610001,21.770000,21.490000,21.610001,13.550087,4300400
2009-03-30,21.389999,21.389999,20.870001,21.139999,13.255379,5073600
2009-03-31,21.290001,21.379999,20.980000,21.100000,13.230302,6137700
2009-04-01,20.990000,21.500000,20.820000,21.459999,13.456032,3698800
2009-04-02,21.709999,22.129999,21.660000,21.910000,13.738197,7864100
2009-04-03,21.840000,22.049999,21.629999,21.820000,13.681767,5373200
2009-04-06,21.700001,21.879999,21.559999,21.879999,13.719386,5334200
2009-04-07,21.440001,21.700001,21.430000,21.480000,13.468571,4710900
2009-04-08,21.570000,21.740000,21.480000,21.660000,13.581440,2856100
2009-04-09,21.950001,21.959999,21.549999,21.670000,13.587708,3632600
2009-04-13,21.590000,21.740000,21.530001,21.610001,13.550087,4532300
2009-04-14,21.610001,21.670000,21.230000,21.309999,13.361980,3846300
2009-04-15,21.299999,21.690001,21.209999,21.690001,13.600247,3849300
2009-04-16,21.809999,22.030001,21.549999,21.980000,13.782084,7116700
2009-04-17,22.080000,22.160000,21.930000,22.090000,13.851066,4750600
2009-04-20,21.740000,22.059999,21.660000,21.660000,13.581440,10397000
2009-04-21,21.700001,21.940001,21.570000,21.879999,13.719386,5797100
2009-04-22,21.690001,21.870001,21.549999,21.590000,13.537542,7322600
2009-04-23,21.590000,21.680000,21.299999,21.590000,13.537542,7898900
2009-04-24,21.700001,21.740000,21.430000,21.500000,13.481112,9407500
2009-04-27,21.309999,21.840000,21.309999,21.629999,13.562624,5371200
2009-04-28,21.340000,21.820000,21.340000,21.730000,13.625329,4986700
2009-04-29,21.799999,22.250000,21.780001,22.090000,13.851066,5567900
2009-04-30,22.180000,22.200001,21.860001,22.000000,13.794627,6801500
2009-05-01,22.070000,22.090000,21.750000,22.090000,13.851066,4343700
2009-05-04,22.230000,22.500000,22.090000,22.430000,14.064255,5021200
2009-05-05,22.379999,22.570000,22.180000,22.240000,13.945114,7102300
2009-05-06,22.320000,22.480000,22.250000,22.379999,14.032895,8046700
2009-05-07,22.570000,22.660000,22.400000,22.469999,14.089326,6841600
2009-05-08,22.549999,22.780001,22.549999,22.760000,14.271173,7584100
2009-05-11,22.620001,22.680000,22.410000,22.650000,14.202204,5549500
2009-05-12,22.639999,22.950001,22.559999,22.920000,14.371490,5243100
2009-05-13,22.750000,22.750000,22.490000,22.500000,14.108145,5287800
2009-05-14,22.680000,22.730000,22.559999,22.580000,14.158303,6371400
2009-05-15,22.559999,22.719999,22.370001,22.370001,14.026626,7032500
2009-05-18,22.910000,22.930000,22.510000,22.840000,14.321331,6592300
2009-05-19,22.850000,23.020000,22.809999,22.969999,14.402838,6450900
2009-05-20,23.110001,23.219999,22.980000,23.000000,14.421659,10199200
2009-05-21,22.809999,22.900000,22.660000,22.790001,14.289982,5724300
2009-05-22,22.760000,23.129999,22.760000,22.930000,14.377769,6040400
2009-05-26,22.920000,23.250000,22.780001,23.219999,14.559599,5478700
2009-05-27,23.200001,23.260000,22.629999,22.629999,14.189653,6976400
2009-05-28,22.760000,23.000000,22.570000,22.870001,14.340147,7246000
2009-05-29,22.930000,23.180000,22.840000,23.120001,14.496902,6894700
2009-06-01,23.340000,23.660000,23.290001,23.580000,14.785331,7258800
2009-06-02,23.610001,23.920000,23.450001,23.820000,14.935820,6547300
2009-06-03,23.799999,23.799999,23.540001,23.700001,14.860572,6743400
2009-06-04,23.670000,23.809999,23.469999,23.740000,14.885654,6186500
2009-06-05,23.900000,23.959999,23.530001,23.620001,14.810419,4533800
2009-06-08,23.480000,23.820000,23.440001,23.709999,14.866845,4605900
2009-06-09,23.799999,23.799999,23.500000,23.500000,14.735173,5158100
2009-06-10,23.590000,23.680000,23.180000,23.240000,14.572140,6272400
2009-06-11,23.299999,23.629999,23.280001,23.340000,14.634848,4375100
2009-06-12,23.260000,23.520000,23.230000,23.520000,14.747714,5717100
2009-06-15,23.410000,23.410000,22.950001,22.950001,14.390307,6131200
2009-06-16,23.000000,23.020000,22.650000,22.650000,14.202204,5372600
2009-06-17,22.770000,23.000000,22.700001,22.879999,14.346410,6575000
2009-06-18,22.879999,23.309999,22.809999,23.299999,14.609771,5950200
2009-06-19,23.200001,23.299999,22.820000,22.889999,14.462552,6319200
2009-06-22,22.820000,22.900000,22.690001,22.799999,14.405689,3974800
2009-06-23,22.760000,22.889999,22.660000,22.660000,14.317225,3668200
2009-06-24,22.830000,22.879999,22.639999,22.719999,14.355138,6364800
2009-06-25,22.700001,23.160000,22.639999,23.110001,14.601555,6931400
2009-06-26,23.219999,23.219999,22.910000,23.030001,14.550998,3293400
2009-06-29,23.139999,23.250000,23.020000,23.170000,14.639460,2135000
2009-06-30,23.129999,23.520000,22.900000,22.990000,14.525727,3496300
2009-07-01,23.090000,23.520000,23.090000,23.379999,14.772143,6946000
2009-07-02,23.180000,23.379999,22.889999,22.889999,14.462552,4945400
2009-07-06,22.850000,23.360001,22.820000,23.360001,14.759512,5522100
2009-07-07,23.280001,23.379999,23.059999,23.070000,14.576272,4595800
2009-07-08,23.090000,23.260000,23.049999,23.170000,14.639460,6933200
2009-07-09,23.170000,23.290001,22.940001,23.000000,14.532048,3680700
2009-07-10,23.020000,23.129999,22.850000,22.889999,14.462552,3175600
2009-07-13,22.879999,23.309999,22.879999,23.299999,14.721600,2694400
2009-07-14,23.280001,23.379999,23.209999,23.370001,14.765825,4135000
2009-07-15,23.559999,23.799999,23.410000,23.750000,15.005919,4629300
2009-07-16,23.750000,23.920000,23.650000,23.910000,15.107016,4606500
2009-07-17,23.910000,23.959999,23.799999,23.930000,15.119648,3502200
2009-07-20,24.059999,24.059999,23.750000,24.000000,15.163876,5113400
2009-07-21,24.100000,24.180000,23.770000,23.969999,15.144916,6419500
2009-07-22,24.040001,24.110001,23.930000,23.980000,15.151241,4032400
2009-07-23,24.080000,24.480000,23.950001,24.309999,15.359740,5286800
2009-07-24,24.299999,24.530001,24.240000,24.530001,15.498745,2274500
2009-07-27,24.410000,24.530001,24.240000,24.440001,15.441878,4539400
2009-07-28,24.290001,24.520000,24.290001,24.469999,15.460838,4661900
2009-07-29,24.330000,24.650000,24.330000,24.600000,15.542974,3655900
2009-07-30,24.799999,24.889999,24.570000,24.570000,15.524022,4899200
2009-07-31,24.650000,24.820000,24.510000,24.520000,15.492425,4421900
2009-08-03,24.629999,24.750000,24.389999,24.549999,15.511389,5843300
2009-08-04,24.520000,24.770000,24.490000,24.590000,15.536660,4355100
2009-08-05,24.540001,24.570000,24.280001,24.430000,15.435570,4473800
2009-08-06,24.410000,24.450001,24.080000,24.180000,15.277605,6181200
2009-08-07,24.209999,24.350000,24.139999,24.280001,15.340793,6299400
2009-08-10,24.280001,24.330000,24.150000,24.299999,15.353426,4821500
2009-08-11,24.309999,24.370001,24.250000,24.299999,15.353426,2614000
2009-08-12,24.219999,24.469999,24.209999,24.290001,15.347115,2812100
2009-08-13,24.350000,24.430000,24.170000,24.430000,15.435570,5435200
2009-08-14,24.389999,24.510000,24.180000,24.400000,15.416614,2435000
2009-08-17,24.100000,24.270000,24.080000,24.150000,15.258649,3634800
2009-08-18,24.100000,24.270000,24.020000,24.190001,15.283922,3225100
2009-08-19,24.049999,24.400000,24.049999,24.350000,15.385018,2962300
2009-08-20,24.290001,24.540001,24.290001,24.469999,15.460838,2855400
2009-08-21,24.580000,24.830000,24.549999,24.740000,15.631437,3033200
2009-08-24,24.870001,24.889999,24.680000,24.750000,15.637748,1557900
2009-08-25,24.750000,25.010000,24.730000,24.790001,15.663023,4690600
2009-08-26,24.820000,24.990000,24.770000,24.870001,15.713574,3094100
2009-08-27,24.940001,24.940001,24.690001,24.870001,15.713574,3329500
2009-08-28,24.910000,24.940001,24.660000,24.770000,15.650389,2780300
2009-08-31,24.719999,24.850000,24.629999,24.820000,15.681980,3750000
2009-09-01,24.709999,24.930000,24.520000,24.590000,15.536660,5901800
2009-09-02,24.549999,24.670000,24.480000,24.610001,15.549294,4708600
2009-09-03,24.850000,24.850000,24.510000,24.660000,15.580884,4783500
2009-09-04,24.700001,24.889999,24.670000,24.840000,15.694613,4520400
2009-09-08,24.969999,25.110001,24.910000,25.049999,15.827292,9057200
2009-09-09,25.100000,25.150000,24.969999,25.040001,15.820981,4949400
2009-09-10,25.100000,25.260000,25.090000,25.219999,15.934710,5525000
2009-09-11,25.379999,25.379999,25.209999,25.330000,16.004208,6393000
2009-09-14,25.120001,25.360001,25.100000,25.270000,15.966295,3836600
2009-09-15,25.360001,25.370001,25.070000,25.139999,15.884166,4470400
2009-09-16,25.250000,25.340000,25.080000,25.340000,16.010529,6051700
2009-09-17,25.360001,25.440001,25.230000,25.250000,15.953655,7982900
2009-09-18,25.219999,25.430000,25.170000,25.400000,16.163017,10221900
2009-09-21,25.370001,25.389999,25.230000,25.320000,16.112118,5289600
2009-09-22,25.440001,25.440001,25.250000,25.370001,16.143934,3232900
2009-09-23,25.440001,25.680000,25.370001,25.370001,16.143934,5099700
2009-09-24,25.410000,25.500000,25.219999,25.240000,16.061203,5439000
2009-09-25,25.320000,25.389999,25.190001,25.240000,16.061203,4413000
2009-09-28,25.160000,25.450001,25.160000,25.290001,16.093021,5071800
2009-09-29,25.420000,25.559999,25.379999,25.410000,16.169388,4600500
2009-09-30,25.500000,25.530001,25.200001,25.459999,16.201199,5376500
2009-10-01,25.389999,25.459999,25.160000,25.230000,16.054844,10605100
2009-10-02,25.090000,25.400000,25.090000,25.309999,16.105740,5437500
2009-10-05,25.290001,25.400000,25.100000,25.370001,16.143934,4912700
2009-10-06,25.410000,25.650000,25.410000,25.600000,16.290287,5368000
2009-10-07,25.629999,25.709999,25.570000,25.709999,16.360285,4390300
2009-10-08,25.740000,25.920000,25.730000,25.860001,16.455732,3002700
2009-10-09,25.889999,25.940001,25.790001,25.920000,16.493914,3633700
2009-10-12,25.900000,26.120001,25.900000,26.030001,16.563913,1902800
2009-10-13,26.020000,26.020000,25.840000,25.940001,16.506645,2224300
2009-10-14,26.139999,26.139999,25.940001,26.030001,16.563913,4402200
2009-10-15,26.010000,26.270000,25.969999,26.230000,16.691179,3667800
2009-10-16,26.150000,26.450001,26.150000,26.370001,16.780268,4825800
2009-10-19,26.410000,26.639999,26.370001,26.520000,16.875721,10552700
2009-10-20,26.500000,26.660000,26.440001,26.490000,16.856627,8234700
2009-10-21,26.450001,26.660000,26.230000,26.290001,16.729366,11709200
2009-10-22,26.240000,26.450001,26.129999,26.330000,16.754818,5120300
2009-10-23,26.400000,26.400000,25.990000,26.070000,16.589371,6902900
2009-10-26,26.049999,26.270000,25.830000,25.870001,16.462095,5801500
2009-10-27,25.900000,26.030001,25.790001,25.889999,16.474829,6461800
2009-10-28,25.809999,26.059999,25.790001,25.820000,16.430283,14674900
2009-10-29,26.059999,26.290001,25.940001,26.240000,16.697548,9849600
2009-10-30,26.209999,26.299999,25.799999,25.830000,16.436646,8113500
2009-11-02,25.830000,26.120001,25.830000,26.080000,16.595732,8836600
2009-11-03,25.969999,26.080000,25.780001,25.910000,16.487551,18182500
2009-11-04,25.950001,26.250000,25.940001,26.010000,16.551186,8039000
2009-11-05,25.900000,26.160000,25.770000,26.129999,16.627548,11922000
2009-11-06,26.010000,26.240000,25.959999,26.200001,16.672096,4572000
2009-11-09,26.410000,26.629999,26.260000,26.629999,16.945724,5407200
2009-11-10,26.620001,26.760000,26.530001,26.620001,16.939352,3515400
2009-11-11,26.760000,26.760000,26.570000,26.700001,16.990261,7192400
2009-11-12,26.670000,26.799999,26.520000,26.540001,16.888451,4785200
2009-11-13,26.639999,26.770000,26.510000,26.719999,17.002987,4050000
2009-11-16,26.770000,27.010000,26.770000,26.870001,17.098444,5216000
2009-11-17,26.850000,27.000000,26.850000,27.000000,17.181164,4238700
2009-11-18,27.020000,27.020000,26.799999,26.980000,17.168434,6226300
2009-11-19,26.840000,26.910000,26.650000,26.850000,17.085711,6202300
2009-11-20,26.740000,26.969999,26.740000,26.889999,17.111160,5682800
2009-11-23,27.059999,27.230000,27.059999,27.120001,17.257519,4272100
2009-11-24,27.059999,27.209999,27.020000,27.180000,17.295706,4566000
2009-11-25,27.240000,27.240000,27.120001,27.129999,17.263882,4851800
2009-11-27,26.540001,27.010000,26.530001,26.879999,17.104803,3912500
2009-11-30,26.910000,26.910000,26.680000,26.780001,17.041168,4728400
2009-12-01,27.000000,27.160000,26.830000,27.150000,17.276611,5351500
2009-12-02,27.070000,27.190001,27.000000,27.120001,17.257519,4973400
2009-12-03,27.160000,27.160000,26.870001,26.910000,17.123892,7580100
2009-12-04,27.129999,27.290001,26.870001,27.049999,17.212984,8089800
2009-12-07,26.920000,27.110001,26.920000,27.020000,17.193888,4439600
2009-12-08,26.900000,26.900000,26.600000,26.709999,16.996622,9975200
2009-12-09,26.730000,26.780001,26.590000,26.760000,17.028442,6639500
2009-12-10,26.969999,27.000000,26.820000,26.850000,17.085711,6643700
2009-12-11,26.990000,27.129999,26.940001,27.000000,17.181164,4554400
2009-12-14,27.120001,27.180000,27.020000,27.100000,17.244793,4087600
2009-12-15,27.059999,27.059999,26.920000,26.990000,17.174801,5234500
2009-12-16,27.090000,27.100000,26.850000,26.860001,17.092083,6109200
2009-12-17,26.730000,26.790001,26.530001,26.540001,16.888451,10700400
2009-12-18,26.530001,26.530001,25.959999,26.240000,16.855684,10117500
2009-12-21,26.350000,26.530001,26.270000,26.379999,16.945610,7650300
2009-12-22,26.350000,26.580000,26.350000,26.559999,17.061243,4110600
2009-12-23,26.510000,26.639999,26.500000,26.580000,17.074087,3559100
2009-12-24,26.629999,26.719999,26.600000,26.680000,17.138323,1568200
2009-12-28,26.809999,26.809999,26.650000,26.730000,17.170437,8470700
2009-12-29,26.750000,26.850000,26.750000,26.780001,17.202566,3186000
2009-12-30,26.730000,26.820000,26.690001,26.730000,17.170437,3142600
2009-12-31,26.799999,26.799999,26.440001,26.469999,17.003429,5099400
2010-01-04,26.450001,26.780001,26.450001,26.670000,17.131903,8465900
2010-01-05,26.690001,26.719999,26.540001,26.680000,17.138323,11805400
2010-01-06,26.650000,26.690001,26.540001,26.660000,17.125484,9267000
2010-01-07,26.740000,26.740000,26.510000,26.660000,17.125484,6951500
2010-01-08,26.600000,26.600000,26.420000,26.570000,17.067665,5437400
2010-01-11,26.559999,26.680000,26.379999,26.639999,17.112623,6140200
2010-01-12,26.540001,26.790001,26.540001,26.790001,17.208988,6822400
2010-01-13,26.799999,27.040001,26.790001,26.980000,17.331039,7926700
2010-01-14,26.940001,27.000000,26.870001,26.900000,17.279654,5258900
2010-01-15,26.940001,26.980000,26.670000,26.770000,17.196148,11968800
2010-01-19,26.840000,26.969999,26.719999,26.930000,17.298920,10974200
2010-01-20,26.879999,26.879999,26.530001,26.730000,17.170437,8670500
2010-01-21,26.709999,26.840000,26.290001,26.350000,16.926340,9044700
2010-01-22,26.250000,26.490000,26.200001,26.290001,16.887802,9082400
2010-01-25,26.480000,26.490000,26.209999,26.340000,16.919926,6078200
2010-01-26,26.209999,26.410000,26.160000,26.309999,16.900648,8116700
2010-01-27,26.280001,26.400000,26.170000,26.370001,16.939192,12558400
2010-01-28,26.410000,26.610001,26.290001,26.299999,16.894224,14181700
2010-01-29,26.420000,26.570000,26.200001,26.200001,16.829994,8930500
2010-02-01,26.360001,26.450001,26.250000,26.400000,16.958466,9016100
2010-02-02,26.450001,26.809999,26.389999,26.780001,17.202566,7433200
2010-02-03,26.709999,26.709999,26.540001,26.590000,17.080513,6566900
2010-02-04,26.510000,26.520000,26.000000,26.049999,16.733637,10827300
2010-02-05,26.000000,26.049999,25.709999,25.980000,16.688671,13527400
2010-02-08,26.049999,26.170000,25.930000,25.950001,16.669401,5150900
2010-02-09,26.190001,26.400000,26.040001,26.260000,16.868532,7456500
2010-02-10,26.280001,26.290001,26.040001,26.230000,16.849264,6364600
2010-02-11,26.219999,26.490000,26.059999,26.440001,16.984159,5879800
2010-02-12,26.260000,26.490000,26.190001,26.440001,16.984159,8895400
2010-02-16,26.500000,26.730000,26.440001,26.709999,17.157597,7113900
2010-02-17,26.790001,26.930000,26.719999,26.900000,17.279654,7493600
2010-02-18,26.889999,27.120001,26.830000,27.059999,17.382427,7539300
2010-02-19,27.049999,27.200001,26.940001,27.120001,17.420969,4443900
2010-02-22,27.200001,27.209999,27.040001,27.120001,17.420969,4414400
2010-02-23,27.030001,27.150000,26.830000,26.969999,17.324606,8464300
2010-02-24,26.980000,27.150000,26.920000,27.139999,17.433811,4147700
2010-02-25,26.900000,27.200001,26.820000,27.160000,17.446663,6443300
2010-02-26,27.200001,27.200001,26.959999,27.030001,17.363167,5805900
2010-03-01,27.129999,27.240000,27.020000,27.219999,17.485209,4360200
2010-03-02,27.270000,27.379999,27.219999,27.320000,17.549442,14652000
2010-03-03,27.360001,27.420000,27.270000,27.330000,17.555868,7569800
2010-03-04,27.420000,27.530001,27.360001,27.420000,17.613678,5479500
2010-03-05,27.559999,27.610001,27.410000,27.590000,17.722878,5123200
2010-03-08,27.580000,27.620001,27.450001,27.490000,17.658644,2690800
2010-03-09,27.430000,27.570000,27.410000,27.450001,17.632946,4602700
2010-03-10,27.490000,27.490000,27.340000,27.410000,17.607254,4573000
2010-03-11,27.360001,27.480000,27.230000,27.459999,17.639368,6084000
2010-03-12,27.500000,27.540001,27.440001,27.480000,17.652225,14073100
2010-03-15,27.450001,27.709999,27.450001,27.690001,17.787123,4104900
2010-03-16,27.660000,27.840000,27.660000,27.820000,17.870625,5360500
2010-03-17,27.889999,27.980000,27.809999,27.940001,17.947706,3955000
2010-03-18,27.940001,27.990000,27.879999,27.969999,17.966978,4596000
2010-03-19,27.770000,27.950001,27.639999,27.770000,17.914087,4385200
2010-03-22,27.660000,27.950001,27.650000,27.910000,18.004391,3038800
2010-03-23,27.900000,28.170000,27.879999,28.129999,18.146315,5327400
2010-03-24,28.120001,28.120001,27.850000,27.930000,18.017296,3325600
2010-03-25,28.030001,28.040001,27.850000,27.889999,17.991493,3843500
2010-03-26,27.950001,27.990000,27.809999,27.910000,18.004391,3289300
2010-03-29,28.000000,28.110001,27.930000,28.040001,18.088255,6690800
2010-03-30,28.100000,28.190001,28.010000,28.090000,18.120506,3458100
2010-03-31,28.049999,28.070000,27.910000,27.930000,18.017296,4757200
2010-04-01,28.059999,28.160000,27.980000,28.110001,18.133421,4442600
2010-04-05,28.190001,28.190001,28.059999,28.110001,18.133421,3603500
2010-04-06,28.030001,28.070000,27.990000,28.020000,18.075352,3965600
2010-04-07,28.000000,28.000000,27.790001,27.840000,17.959242,3591200
2010-04-08,27.840000,27.940001,27.760000,27.889999,17.991493,2570500
2010-04-09,27.940001,28.059999,27.870001,28.040001,18.088255,3339000
2010-04-12,28.030001,28.129999,28.010000,28.129999,18.146315,4090000
2010-04-13,28.030001,28.120001,27.889999,28.040001,18.088255,3045800
2010-04-14,28.030001,28.080000,27.910000,28.080000,18.114061,3626000
2010-04-15,27.959999,28.030001,27.900000,28.030001,18.081804,3876300
2010-04-16,27.940001,28.129999,27.809999,27.910000,18.004391,6525100
2010-04-19,27.850000,28.030001,27.830000,28.020000,18.075352,4791100
2010-04-20,28.070000,28.170000,28.010000,28.100000,18.126965,5377800
2010-04-21,28.150000,28.200001,28.040001,28.100000,18.126965,5605500
2010-04-22,27.959999,28.100000,27.879999,28.100000,18.126965,2422800
2010-04-23,28.070000,28.070000,27.870001,28.030001,18.081804,4651200
2010-04-26,28.049999,28.129999,27.959999,27.969999,18.043100,4452200
2010-04-27,27.840000,27.900000,27.459999,27.480000,17.727009,8249300
2010-04-28,27.590000,27.770000,27.450001,27.700001,17.868917,5162100
2010-04-29,27.780001,27.910000,27.650000,27.790001,17.926983,4095500
2010-04-30,27.770000,27.950001,27.620001,27.629999,17.823774,7474600
2010-05-03,27.660000,27.860001,27.620001,27.790001,17.926983,3372800
2010-05-04,27.590000,27.740000,27.459999,27.510000,17.746355,12393300
2010-05-05,27.400000,27.690001,27.400000,27.610001,17.810875,9048500
2010-05-06,27.500000,27.570000,24.950001,26.920000,17.365753,11302200
2010-05-07,26.799999,26.990000,26.530001,26.740000,17.249643,10845600
2010-05-10,27.610001,27.610001,27.260000,27.520000,17.752810,8008800
2010-05-11,27.330000,27.700001,27.280001,27.510000,17.746355,5904600
2010-05-12,27.510000,27.700001,27.440001,27.700001,17.868917,6882700
2010-05-13,27.680000,27.830000,27.530001,27.530001,17.759258,3342300
2010-05-14,27.490000,27.580000,27.170000,27.270000,17.591539,7363700
2010-05-17,27.370001,27.580000,27.219999,27.559999,17.778610,7124200
2010-05-18,27.700001,27.780001,27.389999,27.400000,17.675406,8626600
2010-05-19,27.240000,27.469999,27.150000,27.330000,17.630243,11727400
2010-05-20,27.000000,27.000000,26.459999,26.520000,17.107723,18459000
2010-05-21,26.120001,26.620001,26.090000,26.620001,17.172237,11228500
2010-05-24,26.500000,26.620001,26.350000,26.430000,17.049669,6136100
2010-05-25,25.910000,26.180000,25.780001,26.120001,16.849691,15939800
2010-05-26,26.180000,26.360001,25.930000,25.950001,16.740025,7444000
2010-05-27,26.309999,26.480000,26.180000,26.480000,17.081921,12368000
2010-05-28,26.500000,26.549999,26.320000,26.350000,16.998053,7409900
2010-06-01,26.260000,26.600000,26.080000,26.290001,16.959354,10514700
2010-06-02,26.410000,26.740000,26.320000,26.740000,17.249643,7420600
2010-06-03,26.799999,26.850000,26.620001,26.780001,17.275448,5494200
2010-06-04,26.549999,26.549999,26.010000,26.070000,16.817436,9125300
2010-06-07,26.020000,26.240000,25.870001,25.870001,16.688416,9533900
2010-06-08,25.900000,26.320000,25.850000,26.290001,16.959354,9553000
2010-06-09,26.490000,26.610001,26.170000,26.240000,16.927095,8617100
2010-06-10,26.520000,26.709999,26.490000,26.690001,17.217388,8597800
2010-06-11,26.540001,26.540001,26.250000,26.469999,17.075474,6023400
2010-06-14,26.660000,26.770000,26.570000,26.620001,17.172237,5604600
2010-06-15,26.760000,26.900000,26.670000,26.889999,17.346405,5392500
2010-06-16,26.750000,26.830000,26.670000,26.709999,17.230293,3648800
2010-06-17,26.830000,26.969999,26.690001,26.950001,17.385117,6245100
2010-06-18,26.860001,26.889999,26.660000,26.660000,17.321444,7709400
2010-06-21,26.900000,26.959999,26.510000,26.590000,17.275955,5379600
2010-06-22,26.570000,26.690001,26.299999,26.299999,17.087542,7044200
2010-06-23,26.400000,26.540001,26.260000,26.469999,17.197998,6769800
2010-06-24,26.320000,26.389999,26.129999,26.150000,16.990080,4779800
2010-06-25,26.190001,26.230000,25.860001,25.879999,16.814661,10611300
2010-06-28,25.900000,26.209999,25.830000,26.100000,16.957602,7855100
2010-06-29,25.900000,25.980000,25.600000,25.680000,16.684717,10234200
2010-06-30,25.610001,25.719999,25.430000,25.500000,16.567766,6563600
2010-07-01,25.530001,25.590000,25.299999,25.549999,16.600243,9774300
2010-07-02,25.600000,25.620001,25.360001,25.450001,16.535280,4874600
2010-07-06,25.690001,25.790001,25.400000,25.600000,16.632738,6910800
2010-07-07,25.629999,26.120001,25.549999,26.090000,16.951107,6495100
2010-07-08,26.280001,26.490000,26.190001,26.480000,17.204493,6357800
2010-07-09,26.469999,26.520000,26.370001,26.480000,17.204493,6894900
2010-07-12,26.379999,26.570000,26.379999,26.570000,17.262966,3786300
2010-07-13,26.760000,26.860001,26.680000,26.809999,17.418900,6162300
2010-07-14,26.709999,26.860001,26.650000,26.820000,17.425392,4597100
2010-07-15,26.850000,26.950001,26.650000,26.900000,17.477375,4122900
2010-07-16,26.790001,26.900000,26.480000,26.520000,17.230480,7828300
2010-07-19,26.520000,26.620001,26.469999,26.570000,17.262966,6491700
2010-07-20,26.340000,26.920000,26.340000,26.889999,17.470871,7287700
2010-07-21,26.980000,26.990000,26.530001,26.600000,17.282457,11398300
2010-07-22,26.830000,26.980000,26.790001,26.900000,17.477375,7042900
2010-07-23,26.860001,27.209999,26.860001,27.150000,17.639801,10102900
2010-07-26,27.230000,27.290001,27.129999,27.290001,17.730762,8753200
2010-07-27,27.360001,27.459999,27.260000,27.389999,17.795736,19712600
2010-07-28,27.340000,27.410000,27.209999,27.240000,17.698275,7194100
2010-07-29,27.240000,27.240000,26.770000,26.910000,17.483871,11052600
2010-07-30,26.740000,27.070000,26.680000,26.980000,17.529345,7389100
2010-08-02,27.260000,27.290001,27.129999,27.290001,17.730762,7790300
2010-08-03,27.110001,27.160000,26.990000,27.049999,17.574825,7104100
2010-08-04,27.090000,27.219999,27.030001,27.150000,17.639801,4452500
2010-08-05,27.059999,27.080000,26.959999,27.030001,17.561838,18512500
2010-08-06,26.910000,27.100000,26.799999,27.090000,17.600813,8372000
2010-08-09,27.209999,27.309999,27.120001,27.230000,17.691772,3650800
2010-08-10,27.090000,27.430000,27.049999,27.290001,17.730762,7497000
2010-08-11,27.010000,27.010000,26.799999,26.840000,17.438389,9337600
2010-08-12,26.549999,26.850000,26.540001,26.809999,17.418900,6401100
2010-08-13,26.690001,26.870001,26.680000,26.799999,17.412399,4435400
2010-08-16,26.580000,26.820000,26.530001,26.770000,17.392912,5077000
2010-08-17,27.000000,27.170000,26.830000,27.030001,17.561838,5242400
2010-08-18,26.980000,27.139999,26.889999,27.049999,17.574825,5379400
2010-08-19,26.959999,26.969999,26.620001,26.730000,17.366917,7941200
2010-08-20,26.650000,26.770000,26.639999,26.730000,17.366917,5856400
2010-08-23,26.820000,26.940001,26.770000,26.790001,17.405901,4149900
2010-08-24,26.540001,26.799999,26.500000,26.660000,17.321444,8426800
2010-08-25,26.520000,26.799999,26.490000,26.719999,17.360420,6542800
2010-08-26,26.740000,26.820000,26.459999,26.520000,17.230480,7530700
2010-08-27,26.680000,26.719999,26.350000,26.690001,17.340927,9874400
2010-08-30,26.670000,26.770000,26.459999,26.459999,17.191492,8007800
2010-08-31,26.440001,26.639999,26.370001,26.480000,17.204493,12423300
2010-09-01,26.770000,27.000000,26.709999,26.950001,17.509859,9661500
2010-09-02,26.950001,27.120001,26.940001,27.120001,17.620302,6034900
2010-09-03,27.250000,27.290001,27.110001,27.290001,17.730762,5839700
2010-09-07,27.219999,27.299999,27.150000,27.180000,17.659292,6444100
2010-09-08,27.219999,27.350000,27.190001,27.299999,17.737251,5733200
2010-09-09,27.469999,27.480000,27.290001,27.389999,17.795736,4962900
2010-09-10,27.400000,27.559999,27.379999,27.520000,17.880192,4003400
2010-09-13,27.719999,27.719999,27.459999,27.549999,17.899681,5254000
2010-09-14,27.530001,27.700001,27.459999,27.600000,17.932167,8514700
2010-09-15,27.549999,27.830000,27.520000,27.790001,18.055614,6451300
2010-09-16,27.709999,27.820000,27.639999,27.820000,18.075100,6884700
2010-09-17,27.730000,27.750000,27.549999,27.549999,18.027336,10596900
2010-09-20,27.660000,27.889999,27.570000,27.850000,18.223654,6337100
2010-09-21,27.879999,27.889999,27.660000,27.799999,18.190928,13361500
2010-09-22,27.809999,27.920000,27.770000,27.850000,18.223654,5931300
2010-09-23,27.730000,27.840000,27.629999,27.670000,18.105862,8952000
2010-09-24,27.910000,28.110001,27.870001,28.040001,18.347973,4515900
2010-09-27,28.040001,28.040001,27.870001,27.879999,18.243275,3614000
2010-09-28,27.969999,28.150000,27.780001,28.059999,18.361053,5660100
2010-09-29,28.049999,28.090000,27.920000,27.980000,18.308714,5319700
2010-09-30,28.100000,28.219999,27.770000,27.879999,18.243275,8376000
2010-10-01,27.910000,28.020000,27.809999,27.930000,18.275995,5417900
2010-10-04,27.889999,28.020000,27.760000,27.850000,18.223654,6300800
2010-10-05,28.030001,28.160000,28.000000,28.110001,18.393782,5418200
2010-10-06,28.219999,28.240000,28.090000,28.230000,18.472300,4637500
2010-10-07,28.330000,28.330000,28.040001,28.129999,18.406864,4440400
2010-10-08,28.129999,28.240000,28.070000,28.190001,18.446127,4196400
2010-10-11,28.209999,28.250000,28.150000,28.219999,18.465754,3051600
2010-10-12,28.180000,28.370001,28.139999,28.290001,18.511559,5882500
2010-10-13,28.430000,28.670000,28.350000,28.530001,18.668600,8258800
2010-10-14,28.570000,28.620001,28.420000,28.540001,18.675144,3697300
2010-10-15,28.650000,28.709999,28.510000,28.610001,18.720951,6477400
2010-10-18,28.600000,28.730000,28.600000,28.709999,18.786388,4001300
2010-10-19,28.570000,28.590000,28.280001,28.360001,18.557365,5782300
2010-10-20,28.530001,28.709999,28.440001,28.610001,18.720951,4201000
2010-10-21,28.650000,28.870001,28.580000,28.709999,18.786388,6328400
2010-10-22,28.790001,28.820000,28.709999,28.809999,18.851824,4073800
2010-10-25,28.889999,29.000000,28.840000,28.879999,18.897629,5217900
2010-10-26,28.719999,28.750000,28.600000,28.719999,18.792929,3878600
2010-10-27,28.610001,28.629999,28.379999,28.570000,18.694782,8714300
2010-10-28,28.690001,28.740000,28.540001,28.670000,18.760210,6699200
2010-10-29,28.610001,28.770000,28.610001,28.770000,18.825647,6420600
2010-11-01,28.879999,28.900000,28.559999,28.650000,18.747129,7641400
2010-11-02,28.790001,28.860001,28.780001,28.820000,18.858366,3161300
2010-11-03,28.900000,28.920000,28.670000,28.910000,18.917259,8907700
2010-11-04,29.139999,29.270000,29.059999,29.260000,19.146278,9502100
2010-11-05,29.190001,29.230000,29.020000,29.110001,19.048122,6005300
2010-11-08,29.040001,29.070000,28.930000,29.059999,19.015409,8569600
2010-11-09,29.070000,29.070000,28.830000,28.910000,18.917259,6868900
2010-11-10,28.910000,28.910000,28.670000,28.820000,18.858366,8337200
2010-11-11,28.660000,28.850000,28.650000,28.850000,18.877998,6433600
2010-11-12,28.700001,28.790001,28.610001,28.709999,18.786388,8355900
2010-11-15,28.780001,28.870001,28.700001,28.719999,18.792929,4375700
2010-11-16,28.660000,28.730000,28.309999,28.400000,18.583532,6359000
2010-11-17,28.450001,28.520000,28.360001,28.410000,18.590073,9451600
2010-11-18,28.600000,28.850000,28.590000,28.790001,18.838734,5221500
2010-11-19,28.780001,28.830000,28.650000,28.809999,18.851824,3591300
2010-11-22,28.690001,28.820000,28.559999,28.809999,18.851824,4960900
2010-11-23,28.629999,28.629999,28.410000,28.469999,18.629343,5971800
2010-11-24,28.620001,28.709999,28.580000,28.690001,18.773298,4284000
2010-11-26,28.570000,28.629999,28.469999,28.500000,18.648973,2125500
2010-11-29,28.370001,28.520000,28.219999,28.450001,18.616262,4896900
2010-11-30,28.280001,28.459999,28.240000,28.320000,18.531193,9234200
2010-12-01,28.540001,28.830000,28.540001,28.780001,18.832186,6465600
2010-12-02,28.750000,28.820000,28.700001,28.799999,18.845278,9095500
2010-12-03,28.690001,28.860001,28.690001,28.809999,18.851824,5143900
2010-12-06,28.760000,28.830000,28.740000,28.740000,18.806009,4836500
2010-12-07,28.900000,29.000000,28.860001,28.900000,18.910717,8562400
2010-12-08,28.930000,29.020000,28.870001,29.010000,18.982693,4773600
2010-12-09,29.110001,29.139999,29.010000,29.090000,19.035040,3764700
2010-12-10,29.139999,29.240000,29.100000,29.139999,19.067764,3169500
2010-12-13,29.250000,29.250000,29.110001,29.139999,19.067764,6420400
2010-12-14,29.190001,29.340000,29.180000,29.280001,19.159365,4649200
2010-12-15,29.240000,29.379999,29.230000,29.309999,19.178997,4278400
2010-12-16,29.360001,29.580000,29.230000,29.570000,19.349129,7167000
2010-12-17,29.309999,29.389999,29.240000,29.360001,19.379488,8089800
2010-12-20,29.440001,29.440001,29.280001,29.330000,19.359694,5229100
2010-12-21,29.420000,29.450001,29.230000,29.260000,19.313477,3154200
2010-12-22,29.270000,29.389999,29.250000,29.389999,19.399290,2306300
2010-12-23,29.320000,29.420000,29.299999,29.400000,19.405891,2979100
2010-12-27,29.340000,29.340000,29.260000,29.260000,19.313477,1507700
2010-12-28,29.309999,29.350000,29.230000,29.340000,19.366283,1965800
2010-12-29,29.370001,29.400000,29.309999,29.350000,19.372894,2494600
2010-12-30,29.299999,29.330000,29.250000,29.299999,19.339890,3825000
2010-12-31,29.290001,29.370001,29.230000,29.309999,19.346483,3625100
2011-01-03,29.430000,29.440001,29.299999,29.350000,19.372894,5257200
2011-01-04,29.330000,29.350000,29.170000,29.270000,19.320084,5187300
2011-01-05,29.209999,29.370001,29.190001,29.280001,19.326687,4492000
2011-01-06,29.280001,29.299999,29.100000,29.180000,19.260677,5437600
2011-01-07,29.170000,29.180000,28.950001,29.030001,19.161669,5449800
2011-01-10,28.980000,29.080000,28.930000,29.049999,19.174875,4478600
2011-01-11,29.129999,29.139999,28.969999,29.030001,19.161669,3442100
2011-01-12,29.170000,29.320000,29.090000,29.270000,19.320084,4488000
2011-01-13,29.219999,29.370001,29.219999,29.330000,19.359694,4779000
2011-01-14,29.290001,29.360001,29.260000,29.330000,19.359694,4092500
2011-01-18,29.350000,29.459999,29.320000,29.350000,19.372894,3321500
2011-01-19,29.370001,29.410000,29.209999,29.290001,19.333290,5164100
2011-01-20,29.280001,29.510000,29.280001,29.440001,19.432297,15486400
2011-01-21,29.530001,29.590000,29.410000,29.490000,19.465296,4508200
2011-01-24,29.469999,29.570000,29.420000,29.540001,19.498310,4953300
2011-01-25,29.520000,29.670000,29.480000,29.639999,19.564312,9109700
2011-01-26,29.700001,29.719999,29.530001,29.559999,19.511507,6028600
2011-01-27,29.400000,29.440001,29.190001,29.260000,19.313477,15259800
2011-01-28,29.290001,29.360001,28.920000,28.980000,19.128670,9732300
2011-01-31,28.959999,29.010000,28.799999,28.879999,19.062660,6825400
2011-02-01,29.000000,29.170000,28.990000,29.090000,19.201275,11645900
2011-02-02,29.000000,29.059999,28.889999,28.980000,19.128670,8204900
2011-02-03,28.910000,29.160000,28.910000,29.129999,19.227682,3302700
2011-02-04,29.160000,29.320000,29.080000,29.299999,19.339890,4630900
2011-02-07,29.299999,29.410000,29.270000,29.340000,19.366283,5262200
2011-02-08,29.350000,29.500000,29.299999,29.480000,19.458704,3620200
2011-02-09,29.440001,29.559999,29.430000,29.530001,19.491699,2587200
2011-02-10,29.469999,29.540001,29.290001,29.420000,19.419100,5789200
2011-02-11,29.260000,29.600000,29.219999,29.580000,19.524704,6764600
2011-02-14,29.500000,29.570000,29.389999,29.450001,19.438890,5829000
2011-02-15,29.370001,29.469999,29.320000,29.440001,19.432297,5229700
2011-02-16,29.450001,29.540001,29.420000,29.520000,19.485098,4122200
2011-02-17,29.430000,29.719999,29.430000,29.719999,19.617113,6706400
2011-02-18,29.770000,29.820000,29.629999,29.799999,19.669920,5524400
2011-02-22,29.570000,29.770000,29.500000,29.590000,19.531309,16824200
2011-02-23,29.590000,29.670000,29.490000,29.520000,19.485098,7403100
2011-02-24,29.469999,29.600000,29.270000,29.400000,19.405891,7415600
2011-02-25,29.450001,29.549999,29.400000,29.549999,19.504896,4049200
2011-02-28,29.610001,29.770000,29.549999,29.719999,19.617113,5388400
2011-03-01,29.840000,29.889999,29.469999,29.490000,19.465296,6715400
2011-03-02,29.500000,29.540001,29.350000,29.410000,19.412495,4991200
2011-03-03,29.559999,29.780001,29.520000,29.709999,19.610516,9047000
2011-03-04,29.690001,29.780001,29.420000,29.580000,19.524704,14030900
2011-03-07,29.690001,29.690001,29.420000,29.500000,19.471893,14737500
2011-03-08,29.510000,29.799999,29.510000,29.760000,19.643526,5786400
2011-03-09,29.709999,29.959999,29.690001,29.910000,19.742527,14802600
2011-03-10,29.709999,29.900000,29.670000,29.709999,19.610516,8262700
2011-03-11,29.590000,29.809999,29.559999,29.730000,19.623713,7341500
2011-03-14,29.580000,29.660000,29.400000,29.520000,19.485098,5810700
2011-03-15,29.070000,29.360001,29.010000,29.260000,19.313477,12900900
2011-03-16,29.150000,29.160000,28.719999,28.840000,19.036257,12979600
2011-03-17,29.110001,29.170000,28.889999,28.980000,19.128670,7932800
2011-03-18,29.020000,29.150000,28.900000,29.049999,19.284006,7203500
2011-03-21,29.219999,29.459999,29.200001,29.410000,19.522976,5906100
2011-03-22,29.350000,29.450001,29.320000,29.370001,19.496429,5466800
2011-03-23,29.299999,29.469999,29.240000,29.420000,19.529621,5380700
2011-03-24,29.540001,29.740000,29.510000,29.690001,19.708847,5221000
2011-03-25,29.709999,29.770000,29.670000,29.690001,19.708847,4569200
2011-03-28,29.719999,29.870001,29.680000,29.680000,19.702209,6117000
2011-03-29,29.680000,29.830000,29.639999,29.820000,19.795137,3786100
2011-03-30,29.910000,30.040001,29.910000,29.980000,19.901360,10207700
2011-03-31,29.940001,30.020000,29.920000,29.920000,19.861525,4585100
2011-04-01,29.959999,30.139999,29.959999,30.070000,19.961096,5194200
2011-04-04,30.139999,30.150000,30.059999,30.129999,20.000925,2603500
2011-04-05,30.110001,30.270000,30.100000,30.160000,20.020845,4440800
2011-04-06,30.260000,30.350000,30.219999,30.299999,20.113783,6281100
2011-04-07,30.299999,30.340000,30.170000,30.340000,20.140327,4327400
2011-04-08,30.430000,30.430000,30.160000,30.250000,20.080585,7281700
2011-04-11,30.260000,30.530001,30.260000,30.410000,20.186798,6793100
2011-04-12,30.260000,30.559999,30.260000,30.510000,20.253181,9857400
2011-04-13,30.480000,30.590000,30.459999,30.530001,20.266460,5309100
2011-04-14,30.410000,30.770000,30.410000,30.709999,20.385942,6516300
2011-04-15,30.719999,30.900000,30.670000,30.840000,20.472246,8840800
2011-04-18,30.610001,30.740000,30.540001,30.670000,20.359388,10006400
2011-04-19,30.650000,30.740000,30.559999,30.730000,20.399218,7268600
2011-04-20,30.920000,30.990000,30.870001,30.889999,20.505428,6796700
2011-04-21,30.980000,31.020000,30.860001,30.900000,20.512075,5639600
2011-04-25,30.860001,30.879999,30.709999,30.820000,20.458963,6384000
2011-04-26,30.830000,31.070000,30.809999,31.030001,20.598364,6700000
2011-04-27,31.090000,31.270000,31.070000,31.230000,20.731134,7150800
2011-04-28,31.209999,31.450001,31.110001,31.430000,20.863892,5723200
2011-04-29,31.480000,31.570000,31.430000,31.520000,20.923643,16050400
2011-05-02,31.600000,31.680000,31.500000,31.559999,20.950197,7724700
2011-05-03,31.490000,31.670000,31.480000,31.639999,21.003294,10287600
2011-05-04,31.620001,31.709999,31.549999,31.600000,20.976749,11416400
2011-05-05,31.570000,31.610001,31.280001,31.360001,20.817429,17000000
2011-05-06,31.690001,31.709999,31.360001,31.440001,20.870531,10133100
2011-05-09,31.389999,31.590000,31.389999,31.549999,20.943552,5193200
2011-05-10,31.600000,31.770000,31.590000,31.740000,21.069689,7614800
2011-05-11,31.740000,31.850000,31.590000,31.680000,21.029856,7044700
2011-05-12,31.690001,32.169998,31.690001,32.150002,21.341846,10342400
2011-05-13,32.070000,32.259998,32.020000,32.110001,21.315300,6644100
2011-05-16,32.070000,32.230000,32.000000,32.119999,21.321932,11341900
2011-05-17,32.080002,32.270000,32.020000,32.189999,21.368397,13613600
2011-05-18,32.189999,32.279999,32.060001,32.240002,21.401592,10312100
2011-05-19,32.320000,32.430000,32.220001,32.419998,21.521080,11084300
2011-05-20,32.360001,32.459999,32.240002,32.320000,21.454693,12311500
2011-05-23,32.060001,32.189999,32.029999,32.099998,21.308659,7600000
2011-05-24,32.160000,32.160000,32.040001,32.070000,21.288736,7352200
2011-05-25,31.920000,31.959999,31.730000,31.860001,21.149340,23021800
2011-05-26,31.830000,31.969999,31.680000,31.910000,21.182531,8423200
2011-05-27,32.000000,32.150002,31.990000,32.040001,21.268829,4347200
2011-05-31,32.209999,32.330002,32.119999,32.310001,21.448065,7570100
2011-06-01,32.270000,32.320000,31.950001,31.980000,21.229000,14211100
2011-06-02,31.930000,31.980000,31.500000,31.610001,20.983379,11745700
2011-06-03,31.309999,31.469999,31.250000,31.309999,20.784239,9226700
2011-06-06,31.230000,31.290001,31.139999,31.150000,20.678026,6439100
2011-06-07,31.200001,31.290001,31.080000,31.080000,20.631559,13196900
2011-06-08,31.040001,31.150000,30.959999,31.100000,20.644838,8355300
2011-06-09,31.180000,31.420000,31.090000,31.270000,20.757687,5887500
2011-06-10,31.129999,31.219999,30.889999,30.910000,20.518709,10787000
2011-06-13,30.879999,31.180000,30.870001,31.049999,20.611639,10001000
2011-06-14,31.270000,31.480000,31.190001,31.379999,20.830704,10591800
2011-06-15,31.180000,31.250000,30.799999,30.910000,20.518709,24775100
2011-06-16,30.930000,31.219999,30.910000,31.160000,20.684673,10211000
2011-06-17,31.170000,31.309999,31.110001,31.139999,20.816353,13061200
2011-06-20,31.120001,31.430000,31.059999,31.370001,20.970102,8469200
2011-06-21,31.450001,31.469999,31.290001,31.340000,20.950045,12758400
2011-06-22,31.260000,31.290001,31.120001,31.139999,20.816353,9302800
2011-06-23,30.950001,30.950001,30.580000,30.860001,20.629177,18618400
2011-06-24,30.879999,30.910000,30.570000,30.610001,20.462065,8765000
2011-06-27,30.670000,30.840000,30.629999,30.750000,20.555639,5039000
2011-06-28,30.830000,30.860001,30.740000,30.809999,20.595755,19095900
2011-06-29,30.910000,31.040001,30.910000,30.990000,20.716078,9806900
2011-06-30,30.990000,31.250000,30.990000,31.230000,20.876520,10175700
2011-07-01,31.170000,31.510000,31.120001,31.469999,21.036949,8450300
2011-07-05,31.450001,31.570000,31.400000,31.459999,21.030260,7251600
2011-07-06,31.459999,31.700001,31.420000,31.629999,21.143908,8706200
2011-07-07,31.900000,31.920000,31.790001,31.850000,21.290981,7479900
2011-07-08,31.639999,31.740000,31.570000,31.740000,21.217443,5743600
2011-07-11,31.549999,31.580000,31.420000,31.510000,21.063692,8308600
2011-07-12,31.440001,31.639999,31.370001,31.410000,20.996849,5628600
2011-07-13,31.559999,31.570000,31.330000,31.410000,20.996849,5897100
2011-07-14,31.350000,31.500000,31.200001,31.270000,20.903255,6827100
2011-07-15,31.370001,31.379999,31.139999,31.360001,20.963417,10520300
2011-07-18,31.240000,31.280001,30.990000,31.160000,20.829731,5921500
2011-07-19,31.280001,31.650000,31.240000,31.590000,21.117168,8400700
2011-07-20,31.670000,31.670000,31.400000,31.540001,21.083738,3812600
2011-07-21,31.670000,31.860001,31.600000,31.799999,21.257547,6894500
2011-07-22,31.820000,31.840000,31.670000,31.740000,21.217443,8006300
2011-07-25,31.490000,31.590000,31.410000,31.450001,21.023581,5910100
2011-07-26,31.450001,31.500000,31.340000,31.370001,20.970102,5398600
2011-07-27,31.309999,31.330000,30.980000,31.030001,20.742817,7625400
2011-07-28,31.080000,31.270000,30.980000,31.030001,20.742817,6844200
2011-07-29,30.790001,31.100000,30.770000,30.830000,20.609125,12659700
2011-08-01,31.120001,31.120001,30.440001,30.719999,20.535595,11186600
2011-08-02,30.450001,30.610001,30.290001,30.320000,20.268208,12283100
2011-08-03,30.290001,30.440001,30.080000,30.440001,20.348421,13508500
2011-08-04,30.200001,30.340000,29.450001,29.490000,19.713364,18917200
2011-08-05,29.780001,30.129999,29.219999,29.910000,19.994127,24268500
2011-08-08,29.450001,29.799999,28.700001,28.780001,19.238743,25886700
2011-08-09,29.049999,29.480000,28.070000,29.480000,19.706684,28746500
2011-08-10,29.100000,29.139999,28.309999,28.350000,18.951298,22101900
2011-08-11,28.500000,29.549999,28.450001,29.190001,19.512827,20124800
2011-08-12,29.490000,29.680000,29.209999,29.540001,19.746798,12733300
2011-08-15,29.750000,29.969999,29.530001,29.959999,20.027548,23864000
2011-08-16,29.830000,30.160000,29.770000,30.030001,20.074352,13192800
2011-08-17,30.150000,30.400000,30.030001,30.230000,20.208044,12507900
2011-08-18,29.740000,29.940001,29.330000,29.690001,19.847065,17609500
2011-08-19,29.410000,30.059999,29.410000,29.549999,19.753473,14881200
2011-08-22,29.930000,30.010000,29.549999,29.639999,19.813641,8849500
2011-08-23,29.700001,30.260000,29.620001,30.250000,20.221409,12722300
2011-08-24,30.180000,30.400000,30.080000,30.379999,20.308311,12641800
2011-08-25,30.410000,30.440001,29.830000,29.920000,20.000811,13771600
2011-08-26,29.860001,30.270000,29.350000,30.170000,20.167929,9421300
2011-08-29,30.360001,30.740000,30.350000,30.709999,20.528902,13124600
2011-08-30,30.629999,30.950001,30.480000,30.790001,20.582390,10714600
2011-08-31,30.959999,31.090000,30.740000,30.889999,20.649235,8987800
2011-09-01,30.900000,31.139999,30.740000,30.780001,20.575703,11725100
2011-09-02,30.430000,30.600000,30.309999,30.340000,20.281565,10867700
2011-09-06,29.719999,30.280001,29.629999,30.219999,20.201353,11784300
2011-09-07,30.510000,30.760000,30.459999,30.760000,20.562326,8986300
2011-09-08,30.639999,30.990000,30.580000,30.680000,20.508854,6404100
2011-09-09,30.440001,30.440001,29.860001,30.000000,20.054289,12023400
2011-09-12,29.580000,30.080000,29.559999,30.030001,20.074352,10435500
2011-09-13,30.049999,30.200001,29.820000,30.139999,20.147879,8857000
2011-09-14,30.190001,30.780001,30.040001,30.500000,20.388527,12343400
2011-09-15,30.650000,30.870001,30.520000,30.860001,20.629177,9792100
2011-09-16,30.780001,30.920000,30.690001,30.840000,20.763159,12832500
2011-09-19,30.490000,30.660000,30.379999,30.580000,20.588123,6738300
2011-09-20,30.639999,30.969999,30.559999,30.639999,20.628502,7135800
2011-09-21,30.709999,30.750000,30.010000,30.010000,20.204363,12112100
2011-09-22,29.320000,29.580000,29.170000,29.440001,19.820597,19977700
2011-09-23,29.290001,29.580000,29.240000,29.500000,19.860992,13093900
2011-09-26,29.650000,30.070000,29.530001,30.070000,20.244751,12087800
2011-09-27,30.450001,30.549999,30.090000,30.250000,20.365938,15290000
2011-09-28,30.309999,30.360001,29.639999,29.680000,19.982178,12298000
2011-09-29,30.049999,30.240000,29.620001,29.969999,20.177423,8661200
2011-09-30,29.770000,30.090000,29.629999,29.660000,19.968718,14873200
2011-10-03,29.480000,29.830000,29.230000,29.230000,19.679220,17137600
2011-10-04,28.950001,29.520000,28.700001,29.510000,19.867729,15177200
2011-10-05,29.459999,29.580000,29.340000,29.549999,19.894659,9942200
2011-10-06,29.610001,29.920000,29.440001,29.900000,20.130297,9943700
2011-10-07,30.040001,30.280001,29.889999,30.070000,20.244751,10812600
2011-10-10,30.309999,30.540001,30.299999,30.540001,20.561182,5672200
2011-10-11,30.430000,30.549999,30.350000,30.480000,20.520786,5435700
2011-10-12,30.610001,30.900000,30.600000,30.719999,20.682369,7715400
2011-10-13,30.670000,30.730000,30.450001,30.629999,20.621771,4139700
2011-10-14,30.860001,30.920000,30.700001,30.870001,20.783356,4205100
2011-10-17,30.760000,30.930000,30.540001,30.660000,20.641972,5765900
2011-10-18,30.629999,31.129999,30.400000,30.889999,20.796822,14981300
2011-10-19,30.910000,31.070000,30.740000,30.799999,20.736227,7398600
2011-10-20,30.870001,31.100000,30.780001,30.969999,20.850685,6276700
2011-10-21,31.280001,31.469999,31.170000,31.469999,21.187307,13734900
2011-10-24,31.480000,31.480000,31.180000,31.250000,21.039194,9755200
2011-10-25,31.180000,31.219999,30.850000,30.879999,20.790092,13392900
2011-10-26,31.180000,31.219999,30.760000,31.190001,20.998802,5286200
2011-10-27,31.570000,31.680000,31.270000,31.590000,21.268101,21683000
2011-10-28,31.450001,31.580000,31.340000,31.510000,21.214241,11994500
2011-10-31,31.309999,31.430000,31.040001,31.040001,20.897812,8271600
2011-11-01,30.530001,30.799999,30.459999,30.500000,20.534250,18721200
2011-11-02,30.790001,30.840000,30.600000,30.790001,20.729498,4854400
2011-11-03,31.030001,31.190001,30.889999,31.170000,20.985331,5172100
2011-11-04,30.930000,31.049999,30.790001,30.990000,20.864141,4886300
2011-11-07,31.000000,31.250000,30.830000,31.250000,21.039194,4930100
2011-11-08,31.309999,31.580000,31.150000,31.559999,21.247898,5827200
2011-11-09,31.170000,31.170000,30.700001,30.820000,20.749695,6187700
2011-11-10,31.090000,31.200001,30.820000,31.120001,20.951672,4501200
2011-11-11,31.299999,31.520000,31.299999,31.480000,21.194040,3135400
2011-11-14,31.379999,31.379999,31.139999,31.209999,21.012257,2725900
2011-11-15,31.190001,31.450001,31.139999,31.360001,21.113249,6358400
2011-11-16,31.139999,31.500000,31.040001,31.080000,20.924740,7333200
2011-11-17,30.950001,31.230000,30.770000,30.969999,20.850685,6726800
2011-11-18,31.049999,31.150000,30.920000,31.059999,20.911268,8138700
2011-11-21,30.740000,30.830000,30.450001,30.559999,20.574644,21788100
2011-11-22,30.490000,30.820000,30.490000,30.590000,20.594841,5769000
2011-11-23,30.379999,30.469999,30.190001,30.260000,20.372673,5091300
2011-11-25,30.290001,30.570000,30.230000,30.370001,20.446724,3223600
2011-11-28,30.770000,30.889999,30.680000,30.850000,20.769892,6760300
2011-11-29,30.940001,31.270000,30.910000,31.170000,20.985331,4812400
2011-11-30,31.650000,31.930000,31.620001,31.900000,21.476805,7078000
2011-12-01,31.959999,32.099998,31.760000,31.850000,21.443153,11693700
2011-12-02,32.009998,32.049999,31.740000,31.740000,21.369091,5688600
2011-12-05,32.090000,32.090000,31.740000,31.930000,21.496998,7178500
2011-12-06,31.900000,32.110001,31.830000,31.969999,21.523937,5993000
2011-12-07,31.930000,32.160000,31.770000,32.049999,21.577795,5951300
2011-12-08,31.930000,31.959999,31.629999,31.680000,21.328693,5215300
2011-12-09,31.830000,32.060001,31.770000,32.009998,21.550863,3885100
2011-12-12,31.790001,31.920000,31.540001,31.719999,21.355621,5890500
2011-12-13,31.900000,31.990000,31.370001,31.650000,21.308495,6460700
2011-12-14,31.580000,31.760000,31.450001,31.490000,21.200771,5653200
2011-12-15,31.610001,31.879999,31.600000,31.809999,21.416216,7244100
2011-12-16,31.780001,31.780001,31.430000,31.490000,21.392437,9366600
2011-12-19,31.530001,31.770000,31.299999,31.360001,21.304123,4628900
2011-12-20,31.690001,32.060001,31.629999,32.009998,21.745695,6064300
2011-12-21,31.860001,32.400002,31.860001,32.349998,21.976669,8074800
2011-12-22,32.439999,32.439999,32.230000,32.340000,21.969875,4135700
2011-12-23,32.349998,32.610001,32.320000,32.570000,22.126122,5227700
2011-12-27,32.580002,32.720001,32.549999,32.630001,22.166891,3918400
2011-12-28,32.669998,32.669998,32.419998,32.470001,22.058193,3647100
2011-12-29,32.480000,32.680000,32.480000,32.639999,22.173677,2933300
2011-12-30,32.560001,32.610001,32.459999,32.490002,22.071774,2935100
2012-01-03,32.689999,32.779999,32.450001,32.459999,22.051394,20757900
2012-01-04,32.400002,32.450001,32.290001,32.389999,22.003841,6855200
2012-01-05,32.330002,32.400002,32.169998,32.369999,21.990259,4563000
2012-01-06,32.419998,32.419998,32.099998,32.160000,21.847589,6365900
2012-01-09,32.240002,32.250000,32.119999,32.209999,21.881561,3304900
2012-01-10,32.439999,32.439999,32.290001,32.320000,21.956289,5053600
2012-01-11,32.180000,32.279999,32.099998,32.180000,21.861181,5384000
2012-01-12,32.259998,32.320000,32.080002,32.169998,21.854387,4733100
2012-01-13,32.090000,32.180000,31.940001,32.139999,21.834005,5589000
2012-01-17,32.410000,32.419998,32.259998,32.259998,21.915524,6746500
2012-01-18,32.250000,32.360001,32.180000,32.330002,21.963085,5147100
2012-01-19,32.360001,32.459999,32.220001,32.389999,22.003841,5962200
2012-01-20,32.340000,32.450001,32.240002,32.400002,22.010643,11017800
2012-01-23,32.310001,32.400002,32.209999,32.369999,21.990259,21798800
2012-01-24,32.209999,32.270000,32.160000,32.189999,21.867971,5885300
2012-01-25,32.090000,32.599998,32.070000,32.560001,22.119335,7762100
2012-01-26,32.650002,32.709999,32.349998,32.439999,22.037811,6762500
2012-01-27,32.299999,32.400002,32.099998,32.220001,21.888353,5682200
2012-01-30,32.080002,32.119999,31.889999,32.009998,21.745695,9643100
2012-01-31,32.160000,32.169998,31.840000,32.029999,21.759272,5873600
2012-02-01,32.160000,32.410000,32.160000,32.259998,21.915524,9539000
2012-02-02,32.310001,32.410000,32.270000,32.380001,21.997051,5452400
2012-02-03,32.480000,32.650002,32.410000,32.480000,22.064985,6662400
2012-02-06,32.410000,32.529999,32.369999,32.459999,22.051394,7380000
2012-02-07,32.380001,32.580002,32.369999,32.490002,22.071774,11209400
2012-02-08,32.580002,32.580002,32.380001,32.500000,22.078571,4694700
2012-02-09,32.529999,32.720001,32.459999,32.680000,22.200853,5976200
2012-02-10,32.520000,32.610001,32.480000,32.610001,22.153299,4576400
2012-02-13,32.709999,32.790001,32.680000,32.750000,22.248409,5427400
2012-02-14,32.619999,32.849998,32.619999,32.830002,22.302759,4678700
2012-02-15,32.919998,33.000000,32.730000,32.820000,22.295963,5330400
2012-02-16,32.840000,33.070000,32.820000,33.029999,22.438618,4185900
2012-02-17,33.099998,33.200001,32.990002,33.060001,22.458996,3526000
2012-02-21,33.070000,33.070000,32.820000,32.869999,22.329927,5558000
2012-02-22,32.869999,32.880001,32.700001,32.779999,22.268787,3682400
2012-02-23,32.709999,33.000000,32.700001,32.950001,22.384275,4280000
2012-02-24,33.000000,33.080002,32.970001,33.060001,22.458996,4660400
2012-02-27,32.950001,33.119999,32.849998,33.060001,22.458996,5540300
2012-02-28,33.070000,33.180000,33.009998,33.169998,22.533726,4875800
2012-02-29,33.139999,33.349998,33.130001,33.230000,22.574484,12843400
2012-03-01,33.250000,33.299999,32.869999,33.180000,22.540525,7825200
2012-03-02,33.150002,33.279999,33.130001,33.209999,22.560900,4036500
2012-03-05,33.189999,33.410000,33.180000,33.360001,22.662804,6070600
2012-03-06,33.160000,33.270000,33.070000,33.080002,22.472593,9765800
2012-03-07,33.150002,33.169998,32.980000,33.130001,22.506556,7278800
2012-03-08,33.240002,33.400002,33.240002,33.360001,22.662804,5795400
2012-03-09,33.369999,33.490002,33.310001,33.470001,22.737535,5234200
2012-03-12,33.389999,33.639999,33.389999,33.590000,22.819052,7409600
2012-03-13,33.689999,33.840000,33.630001,33.840000,22.988892,5126200
2012-03-14,33.799999,33.840000,33.669998,33.740002,22.920956,5727500
2012-03-15,33.709999,33.820000,33.630001,33.799999,22.961716,5293400
2012-03-16,33.689999,33.689999,33.549999,33.599998,22.946688,5354200
2012-03-19,33.580002,33.660000,33.490002,33.619999,22.960350,4210100
2012-03-20,33.480000,33.660000,33.450001,33.599998,22.946688,4792900
2012-03-21,33.560001,33.720001,33.540001,33.650002,22.980841,4171100
2012-03-22,33.580002,33.740002,33.480000,33.680000,23.001326,5471000
2012-03-23,33.720001,33.770000,33.599998,33.759998,23.055962,3105900
2012-03-26,33.820000,34.020000,33.799999,33.990002,23.213034,5562300
2012-03-27,34.099998,34.130001,33.959999,33.970001,23.199371,3310600
2012-03-28,33.950001,33.980000,33.799999,33.889999,23.144739,3537200
2012-03-29,33.779999,33.900002,33.639999,33.880001,23.137907,5045100
2012-03-30,33.950001,34.150002,33.919998,34.080002,23.274504,3775800
2012-04-02,34.080002,34.419998,34.080002,34.349998,23.458879,9978900
2012-04-03,34.240002,34.349998,34.029999,34.160000,23.329132,4460900
2012-04-04,34.000000,34.200001,33.980000,34.049999,23.254009,5436200
2012-04-05,33.980000,34.070000,33.880001,34.049999,23.254009,4562600
2012-04-09,33.759998,33.820000,33.700001,33.740002,23.042301,2747700
2012-04-10,33.700001,33.709999,33.419998,33.439999,22.837420,7105400
2012-04-11,33.619999,33.740002,33.509998,33.610001,22.953510,14575600
2012-04-12,33.580002,33.660000,33.470001,33.630001,22.967184,2666500
2012-04-13,33.590000,33.810001,33.590000,33.630001,22.967184,5539400
2012-04-16,33.740002,33.880001,33.639999,33.770000,23.062792,5805600
2012-04-17,33.980000,34.200001,33.910000,34.110001,23.294985,5715900
2012-04-18,34.060001,34.180000,34.009998,34.110001,23.294985,6363000
2012-04-19,34.160000,34.160000,33.869999,34.000000,23.219864,6954000
2012-04-20,34.080002,34.369999,34.029999,34.310001,23.431583,5243400
2012-04-23,34.000000,34.020000,33.700001,33.779999,23.069613,5378200
2012-04-24,33.860001,33.959999,33.759998,33.790001,23.076447,5679500
2012-04-25,33.900002,34.080002,33.860001,34.009998,23.226696,5500500
2012-04-26,34.049999,34.389999,34.000000,34.320000,23.438398,4135100
2012-04-27,34.320000,34.369999,34.250000,34.270000,23.404255,4944100
2012-04-30,34.240002,34.240002,34.099998,34.180000,23.342787,5605200
2012-05-01,34.180000,34.410000,34.090000,34.270000,23.404255,5091000
2012-05-02,34.259998,34.400002,34.160000,34.299999,23.424749,10755000
2012-05-03,34.349998,34.439999,34.259998,34.349998,23.458879,2322700
2012-05-04,34.320000,34.369999,34.080002,34.080002,23.274504,4985200
2012-05-07,34.000000,34.200001,34.000000,34.130001,23.308647,4204700
2012-05-08,33.980000,34.099998,33.900002,34.049999,23.254009,8638300
2012-05-09,33.900002,34.099998,33.779999,33.880001,23.137907,6840000
2012-05-10,34.040001,34.220001,34.040001,34.119999,23.301819,3172100
2012-05-11,34.049999,34.220001,34.000000,34.029999,23.240349,3289600
2012-05-14,33.849998,34.009998,33.750000,33.889999,23.144739,6938000
2012-05-15,33.810001,34.070000,33.790001,33.849998,23.117426,3297400
2012-05-16,33.910000,34.080002,33.880001,33.959999,23.192549,4610600
2012-05-17,33.990002,34.040001,33.709999,33.720001,23.028637,5267000
2012-05-18,33.770000,33.810001,33.450001,33.520000,22.892048,7303300
2012-05-21,33.619999,33.669998,33.419998,33.650002,22.980841,4945000
2012-05-22,33.650002,33.820000,33.580002,33.689999,23.008154,4275500
2012-05-23,33.619999,33.700001,33.360001,33.599998,22.946688,6277500
2012-05-24,33.639999,33.930000,33.630001,33.919998,23.165228,6473200
2012-05-25,33.930000,34.029999,33.820000,33.889999,23.144739,2864500
2012-05-29,33.970001,34.130001,33.930000,34.130001,23.308647,3345400
2012-05-30,33.970001,34.020000,33.779999,33.849998,23.117426,3231600
2012-05-31,33.889999,33.970001,33.689999,33.779999,23.069613,5125900
2012-06-01,33.459999,33.529999,33.130001,33.160000,22.646194,14138900
2012-06-04,33.169998,33.290001,33.049999,33.270000,22.721317,3855700
2012-06-05,33.200001,33.270000,33.070000,33.230000,22.693996,4985100
2012-06-06,33.310001,33.689999,33.310001,33.680000,23.001326,5551700
2012-06-07,33.939999,33.939999,33.730000,33.799999,23.083279,4819500
2012-06-08,33.779999,34.090000,33.770000,34.090000,23.281326,4117600
2012-06-11,34.240002,34.240002,33.889999,33.930000,23.172060,5824500
2012-06-12,33.939999,34.110001,33.840000,34.090000,23.281326,4685300
2012-06-13,34.020000,34.250000,33.959999,34.040001,23.247185,5569400
2012-06-14,34.099998,34.619999,34.099998,34.509998,23.568165,7900400
2012-06-15,34.419998,34.459999,34.279999,34.330002,23.606670,6792300
2012-06-18,34.340000,34.470001,34.240002,34.419998,23.668554,3234800
2012-06-19,34.470001,34.540001,34.349998,34.389999,23.647934,14235400
2012-06-20,34.310001,34.310001,33.990002,34.209999,23.524151,7006600
2012-06-21,34.230000,34.290001,33.790001,33.810001,23.249102,7127800
2012-06-22,33.939999,34.009998,33.889999,33.910000,23.317865,4075300
2012-06-25,33.779999,33.810001,33.619999,33.700001,23.173458,5722100
2012-06-26,33.799999,33.869999,33.639999,33.779999,23.228464,4592400
2012-06-27,33.889999,34.040001,33.779999,33.980000,23.365993,3772500
2012-06-28,33.830002,34.150002,33.689999,34.130001,23.469147,5746400
2012-06-29,34.500000,34.770000,34.380001,34.770000,23.909233,8008000
2012-07-02,34.630001,35.000000,34.630001,34.970001,24.046755,8832500
2012-07-03,34.990002,35.139999,34.889999,35.130001,24.156780,2151900
2012-07-05,35.080002,35.110001,34.939999,35.000000,24.067383,4472400
2012-07-06,34.830002,34.990002,34.790001,34.959999,24.039873,3676700
2012-07-09,34.990002,34.990002,34.810001,34.919998,24.012383,5359000
2012-07-10,35.049999,35.110001,34.880001,34.959999,24.039873,5276700
2012-07-11,35.029999,35.029999,34.770000,34.910000,24.005503,6852900
2012-07-12,34.849998,35.049999,34.790001,34.939999,24.026131,6885100
2012-07-13,35.040001,35.349998,34.950001,35.330002,24.294312,4999500
2012-07-16,35.240002,35.310001,35.119999,35.150002,24.170536,3956200
2012-07-17,35.240002,35.380001,35.020000,35.299999,24.273687,6212300
2012-07-18,35.290001,35.349998,35.230000,35.310001,24.280556,4904100
2012-07-19,35.380001,35.400002,35.110001,35.259998,24.246161,5982800
2012-07-20,35.090000,35.169998,34.930000,35.040001,24.094902,6919600
2012-07-23,34.799999,34.830002,34.639999,34.740002,23.888605,6449600
2012-07-24,34.810001,34.810001,34.450001,34.630001,23.812963,3924200
2012-07-25,34.720001,34.759998,34.570000,34.639999,23.819834,5133400
2012-07-26,34.950001,35.270000,34.950001,35.209999,24.211788,5811600
2012-07-27,35.299999,35.730000,35.230000,35.610001,24.486853,6313800
2012-07-30,35.610001,35.810001,35.529999,35.790001,24.610628,5766800
2012-07-31,35.820000,35.820000,35.630001,35.630001,24.500603,5052000
2012-08-01,35.790001,35.790001,35.380001,35.450001,24.376823,8705500
2012-08-02,35.259998,35.400002,35.020000,35.160000,24.177418,6016100
2012-08-03,35.500000,35.810001,35.500000,35.750000,24.583113,7232300
2012-08-06,35.889999,35.950001,35.700001,35.730000,24.569368,4097300
2012-08-07,35.869999,35.869999,35.540001,35.540001,24.438707,6347800
2012-08-08,35.580002,35.820000,35.520000,35.790001,24.610628,4813500
2012-08-09,35.740002,35.759998,35.599998,35.639999,24.507477,3255000
2012-08-10,35.570000,35.650002,35.470001,35.630001,24.500603,3044900
2012-08-13,35.630001,35.639999,35.509998,35.619999,24.493725,4432300
2012-08-14,35.779999,35.810001,35.660000,35.759998,24.589985,4092000
2012-08-15,35.830002,35.880001,35.709999,35.779999,24.603746,2833400
2012-08-16,35.720001,35.869999,35.619999,35.869999,24.665636,4111200
2012-08-17,35.860001,35.930000,35.810001,35.900002,24.686266,4605400
2012-08-20,35.849998,35.910000,35.759998,35.900002,24.686266,5377500
2012-08-21,35.939999,36.000000,35.660000,35.680000,24.534983,6429800
2012-08-22,35.650002,35.700001,35.500000,35.570000,24.459337,3998800
2012-08-23,35.560001,35.580002,35.270000,35.290001,24.266796,5382400
2012-08-24,35.270000,35.650002,35.240002,35.599998,24.479969,6677800
2012-08-27,35.650002,35.720001,35.570000,35.650002,24.514360,3317500
2012-08-28,35.650002,35.779999,35.560001,35.669998,24.528107,5877100
2012-08-29,35.669998,35.759998,35.590000,35.590000,24.473103,3848700
2012-08-30,35.549999,35.549999,35.419998,35.450001,24.376823,4805300
2012-08-31,35.599998,35.730000,35.459999,35.459999,24.383703,8650900
2012-09-04,35.509998,35.740002,35.470001,35.669998,24.528107,5943000
2012-09-05,35.689999,35.720001,35.560001,35.610001,24.486853,4505000
2012-09-06,35.700001,36.060001,35.700001,36.049999,24.789410,4791800
2012-09-07,35.980000,36.070000,35.689999,35.759998,24.589985,6167600
2012-09-10,35.720001,35.779999,35.630001,35.720001,24.562492,7045500
2012-09-11,35.709999,35.730000,35.599998,35.610001,24.486853,4499700
2012-09-12,35.639999,35.700001,35.400002,35.419998,24.356195,9593200
2012-09-13,35.410000,36.110001,35.410000,36.049999,24.789410,9155900
2012-09-14,35.990002,36.090000,35.720001,35.779999,24.603746,10535800
2012-09-17,35.779999,35.959999,35.740002,35.880001,24.672508,5369700
2012-09-18,35.900002,36.139999,35.820000,36.080002,24.810041,4888200
2012-09-19,36.110001,36.270000,36.029999,36.180000,24.878801,17987300
2012-09-20,36.139999,36.400002,36.110001,36.380001,25.016336,7029000
2012-09-21,36.240002,36.270000,35.959999,35.959999,24.902065,8846200
2012-09-24,35.880001,36.130001,35.770000,36.080002,24.985172,6189300
2012-09-25,36.110001,36.230000,35.820000,35.830002,24.812042,3766200
2012-09-26,35.820000,35.990002,35.799999,35.830002,24.812042,4846200
2012-09-27,35.889999,36.020000,35.750000,35.950001,24.895142,4990900
2012-09-28,35.810001,35.889999,35.650002,35.830002,24.812042,5648600
2012-10-01,35.840000,36.209999,35.840000,36.060001,24.971317,5443700
2012-10-02,36.139999,36.299999,35.950001,36.090000,24.992092,7288400
2012-10-03,36.130001,36.349998,36.020000,36.200001,25.068270,8157500
2012-10-04,36.320000,36.490002,36.250000,36.369999,25.185991,4704400
2012-10-05,36.470001,36.590000,36.400002,36.509998,25.282936,4746500
2012-10-08,36.430000,36.480000,36.360001,36.400002,25.206781,3024700
2012-10-09,36.299999,36.419998,36.040001,36.049999,24.964394,6898800
2012-10-10,36.110001,36.230000,35.869999,35.900002,24.860521,4800000
2012-10-11,36.080002,36.099998,35.810001,35.820000,24.805120,4780500
2012-10-12,35.930000,36.049999,35.799999,35.849998,24.825895,3637800
2012-10-15,35.930000,36.110001,35.840000,36.090000,24.992092,3933300
2012-10-16,36.180000,36.240002,36.060001,36.180000,25.054415,4171800
2012-10-17,36.209999,36.459999,36.209999,36.340000,25.165216,5464500
2012-10-18,36.240002,36.250000,36.060001,36.139999,25.026718,7520100
2012-10-19,36.119999,36.150002,35.650002,35.709999,24.728956,4963800
2012-10-22,35.669998,35.759998,35.480000,35.730000,24.742798,5963700
2012-10-23,35.480000,35.509998,35.139999,35.250000,24.410404,5008200
2012-10-24,35.270000,35.419998,35.189999,35.250000,24.410404,4127600
2012-10-25,35.480000,35.590000,35.330002,35.470001,24.562748,5155400
2012-10-26,35.490002,35.490002,35.230000,35.349998,24.479652,4537900
2012-10-31,35.610001,35.709999,35.250000,35.389999,24.507349,10607600
2012-11-01,35.459999,35.599998,35.380001,35.410000,24.521198,4944200
2012-11-02,35.529999,35.610001,35.169998,35.200001,24.375772,4617800
2012-11-05,35.080002,35.220001,34.980000,35.139999,24.334217,9441200
2012-11-06,35.200001,35.509998,35.180000,35.400002,24.514267,3443400
2012-11-07,35.200001,35.310001,34.810001,34.980000,24.223433,6083400
2012-11-08,34.950001,35.060001,34.590000,34.599998,23.960274,7502200
2012-11-09,34.500000,34.849998,34.459999,34.599998,23.960274,6354300
2012-11-12,34.599998,34.709999,34.540001,34.599998,23.960274,3303200
2012-11-13,34.470001,34.849998,34.470001,34.580002,23.946430,4295500
2012-11-14,34.650002,34.680000,34.139999,34.200001,23.683287,8883900
2012-11-15,34.110001,34.230000,33.959999,34.189999,23.676355,6756700
2012-11-16,34.110001,34.450001,34.080002,34.410000,23.828707,7026400
2012-11-19,34.590000,34.980000,34.590000,34.970001,24.216496,8628300
2012-11-20,34.990002,35.110001,34.810001,35.099998,24.306522,5457900
2012-11-21,35.200001,35.200001,35.020000,35.150002,24.341152,3737000
2012-11-23,35.230000,35.680000,35.230000,35.669998,24.701246,3058300
2012-11-26,35.500000,35.520000,35.310001,35.410000,24.521198,4365100
2012-11-27,35.450001,35.599998,35.349998,35.380001,24.500423,3345100
2012-11-28,35.360001,35.740002,35.259998,35.720001,24.735874,6404400
2012-11-29,35.700001,35.959999,35.689999,35.910000,24.867443,14167900
2012-11-30,35.889999,36.070000,35.840000,36.040001,24.957474,5690600
2012-12-03,36.009998,36.110001,35.880001,35.900002,24.860521,8409400
2012-12-04,35.840000,35.950001,35.759998,35.830002,24.812042,5125200
2012-12-05,35.820000,36.049999,35.709999,35.889999,24.853586,6201900
2012-12-06,35.970001,36.009998,35.869999,35.930000,24.881298,4850100
2012-12-07,36.070000,36.189999,35.970001,36.180000,25.054415,4591500
2012-12-10,36.099998,36.240002,36.099998,36.139999,25.026718,7959100
2012-12-11,36.270000,36.450001,36.110001,36.160000,25.040567,4862100
2012-12-12,36.279999,36.290001,36.049999,36.080002,24.985172,4649300
2012-12-13,36.189999,36.230000,35.939999,36.020000,24.943628,4965200
2012-12-14,35.930000,36.099998,35.919998,35.959999,24.902065,2437100
2012-12-17,36.040001,36.119999,35.919998,36.040001,24.957474,6632800
2012-12-18,35.970001,36.130001,35.779999,36.029999,24.950544,8219000
2012-12-19,36.080002,36.099998,35.669998,35.669998,24.701246,16482200
2012-12-20,35.730000,35.889999,35.630001,35.869999,24.839746,5870700
2012-12-21,35.180000,35.430000,34.939999,35.169998,24.628275,8263800
2012-12-24,35.049999,35.090000,34.990002,35.060001,24.551231,4714600
2012-12-26,35.049999,35.080002,34.700001,34.759998,24.341158,11087600
2012-12-27,34.759998,34.900002,34.560001,34.820000,24.383177,6488000
2012-12-28,34.630001,34.810001,34.450001,34.450001,24.124084,15265500
2012-12-31,34.380001,34.900002,34.330002,34.900002,24.439196,17879100
2013-01-02,35.400002,35.810001,35.290001,35.799999,25.069437,10813900
2013-01-03,35.750000,35.820000,35.610001,35.709999,25.006416,6537300
2013-01-04,35.669998,35.869999,35.669998,35.810001,25.076433,5942500
2013-01-07,35.759998,35.790001,35.470001,35.570000,24.908367,3029900
2013-01-08,35.549999,35.549999,35.410000,35.470001,24.838346,4506100
2013-01-09,35.560001,35.630001,35.480000,35.549999,24.894361,4310400
2013-01-10,35.660000,35.779999,35.580002,35.759998,25.041414,4083300
2013-01-11,35.799999,35.919998,35.759998,35.919998,25.153467,3021900
2013-01-14,35.910000,36.060001,35.889999,36.029999,25.230490,5080900
2013-01-15,35.959999,36.169998,35.880001,36.139999,25.307522,4265900
2013-01-16,36.049999,36.169998,36.020000,36.090000,25.272509,3322600
2013-01-17,36.250000,36.439999,36.160000,36.330002,25.440573,6186500
2013-01-18,36.400002,36.480000,36.240002,36.480000,25.545614,5659500
2013-01-22,36.450001,36.509998,36.330002,36.490002,25.552624,3817600
2013-01-23,36.470001,36.500000,36.389999,36.480000,25.545614,3602400
2013-01-24,36.500000,36.639999,36.480000,36.580002,25.615637,4569000
2013-01-25,36.720001,36.790001,36.650002,36.759998,25.741690,3930800
2013-01-28,36.759998,36.849998,36.660000,36.790001,25.762693,5114700
2013-01-29,36.770000,37.049999,36.740002,36.990002,25.902742,4868900
2013-01-30,36.970001,37.060001,36.880001,36.919998,25.853725,4374500
2013-01-31,36.950001,37.009998,36.860001,36.869999,25.818720,4374900
2013-02-01,37.119999,37.220001,36.980000,37.169998,26.028791,4855400
2013-02-04,37.049999,37.049999,36.790001,36.820000,25.783699,4501000
2013-02-05,37.029999,37.360001,37.020000,37.259998,26.091820,7608700
2013-02-06,37.160000,37.320000,37.099998,37.310001,26.126831,2893700
2013-02-07,37.279999,37.540001,37.259998,37.509998,26.266888,8721400
2013-02-08,37.560001,37.669998,37.439999,37.480000,26.245880,7203800
2013-02-11,37.529999,37.529999,37.410000,37.480000,26.245880,2957700
2013-02-12,37.520000,37.520000,37.380001,37.439999,26.217867,3308400
2013-02-13,37.509998,37.509998,37.369999,37.480000,26.245880,3165800
2013-02-14,37.590000,37.689999,37.520000,37.560001,26.301899,7964100
2013-02-15,37.500000,37.689999,37.430000,37.610001,26.336905,5690500
2013-02-19,37.709999,38.000000,37.700001,37.990002,26.603006,8140800
2013-02-20,38.029999,38.130001,37.910000,37.919998,26.553991,10454300
2013-02-21,37.889999,38.119999,37.799999,38.040001,26.638029,9752400
2013-02-22,38.119999,38.259998,38.020000,38.259998,26.792076,6182400
2013-02-25,38.389999,38.450001,37.720001,37.740002,26.427946,7873900
2013-02-26,37.830002,37.959999,37.669998,37.830002,26.490957,7656600
2013-02-27,37.880001,38.220001,37.709999,38.110001,26.687044,6405800
2013-02-28,38.150002,38.340000,38.070000,38.090000,26.673031,8069700
2013-03-01,37.900002,38.250000,37.889999,38.220001,26.764067,6584800
2013-03-04,38.150002,38.509998,38.119999,38.509998,26.967150,5105800
2013-03-05,38.639999,38.709999,38.540001,38.639999,27.058172,8253900
2013-03-06,38.669998,38.730000,38.509998,38.549999,26.995152,5795700
2013-03-07,38.650002,38.650002,38.520000,38.549999,26.995152,3375900
2013-03-08,38.669998,38.680000,38.459999,38.619999,27.044172,5178500
2013-03-11,38.680000,38.730000,38.619999,38.660000,27.072180,3624300
2013-03-12,38.650002,38.680000,38.560001,38.619999,27.044172,5323300
2013-03-13,38.700001,38.750000,38.570000,38.720001,27.114202,4113000
2013-03-14,38.770000,38.889999,38.689999,38.849998,27.205231,4250900
2013-03-15,38.590000,38.590000,38.410000,38.490002,27.086309,9104400
2013-03-18,38.279999,38.529999,38.200001,38.369999,27.001856,5045300
2013-03-19,38.410000,38.709999,38.410000,38.689999,27.227055,8304900
2013-03-20,38.820000,39.130001,38.820000,39.060001,27.487432,6377100
2013-03-21,38.990002,39.139999,38.910000,38.939999,27.402981,5588600
2013-03-22,39.110001,39.330002,39.029999,39.299999,27.656326,6132500
2013-03-25,39.360001,39.490002,39.139999,39.270000,27.635218,6281900
2013-03-26,39.419998,39.660000,39.380001,39.639999,27.895584,7227800
2013-03-27,39.549999,39.610001,39.389999,39.610001,27.874479,5357900
2013-03-28,39.639999,39.799999,39.490002,39.770000,27.987068,5040400
2013-04-01,39.730000,39.799999,39.619999,39.750000,27.972994,5370100
2013-04-02,39.869999,40.230000,39.849998,40.180000,28.275606,8043900
2013-04-03,40.270000,40.270000,39.650002,39.740002,27.965965,11956200
2013-04-04,39.820000,40.020000,39.759998,39.950001,28.113743,8889800
2013-04-05,39.610001,39.720001,39.500000,39.660000,27.909668,8528000
2013-04-08,39.660000,40.110001,39.520000,40.110001,28.226339,9479100
2013-04-09,40.180000,40.220001,39.930000,40.070000,28.198193,6614500
2013-04-10,40.169998,40.430000,40.119999,40.369999,28.409315,7325700
2013-04-11,40.459999,40.709999,40.380001,40.560001,28.543024,5973200
2013-04-12,40.410000,40.730000,40.400002,40.709999,28.648569,5782900
2013-04-15,40.639999,40.720001,40.060001,40.060001,28.191158,11247900
2013-04-16,40.349998,40.830002,40.290001,40.810001,28.718948,10341100
2013-04-17,40.639999,40.740002,40.320000,40.459999,28.472641,9761800
2013-04-18,40.400002,40.580002,40.259998,40.380001,28.416357,10303600
2013-04-19,40.439999,41.060001,40.439999,41.009998,28.859682,11227600
2013-04-22,41.070000,41.189999,40.810001,41.110001,28.930059,5972300
2013-04-23,41.220001,41.439999,40.900002,41.430000,29.155252,13184200
2013-04-24,41.250000,41.369999,40.730000,40.770000,28.690788,30015500
2013-04-25,40.860001,41.009998,40.759998,40.900002,28.782288,12200800
2013-04-26,40.799999,41.009998,40.799999,40.889999,28.775236,9481800
2013-04-29,41.009998,41.070000,40.860001,41.020000,28.866724,6696000
2013-04-30,40.980000,41.029999,40.770000,40.939999,28.810429,11354900
2013-05-01,40.889999,41.200001,40.840000,40.900002,28.782288,7556600
2013-05-02,40.910000,41.189999,40.770000,41.049999,28.887836,9194000
2013-05-03,41.270000,41.369999,41.099998,41.230000,29.014515,12843400
2013-05-06,41.200001,41.200001,40.880001,40.930000,28.803392,14530800
2013-05-07,41.009998,41.250000,40.939999,41.240002,29.021536,8152200
2013-05-08,41.230000,41.299999,41.139999,41.290001,29.056734,6623300
2013-05-09,41.259998,41.349998,40.900002,41.000000,28.852646,12872500
2013-05-10,40.919998,41.189999,40.919998,41.160000,28.965246,8304700
2013-05-13,41.119999,41.380001,41.049999,41.230000,29.014515,7821600
2013-05-14,41.209999,41.730000,41.209999,41.720001,29.359331,7373100
2013-05-15,41.700001,42.200001,41.660000,42.130001,29.647869,11728700
2013-05-16,42.029999,42.110001,41.810001,41.880001,29.471918,9313100
2013-05-17,41.889999,41.970001,41.639999,41.939999,29.514149,9368100
2013-05-20,41.910000,41.950001,41.480000,41.509998,29.211554,9866600
2013-05-21,41.630001,41.669998,41.270000,41.549999,29.239695,10408400
2013-05-22,41.580002,42.020000,41.340000,41.480000,29.190434,16899000
2013-05-23,41.139999,41.450001,41.049999,41.310001,29.070801,12831900
2013-05-24,41.320000,41.720001,41.320000,41.700001,29.345255,16015800
2013-05-28,42.060001,42.189999,41.639999,41.770000,29.394527,15727400
2013-05-29,41.529999,41.570000,40.889999,40.970001,28.831549,21414900
2013-05-30,41.020000,41.160000,40.790001,40.810001,28.718948,15949200
2013-05-31,40.720001,40.720001,40.029999,40.049999,28.184114,33824800
2013-06-03,40.150002,40.500000,39.680000,40.490002,28.493759,39020500
2013-06-04,40.639999,40.779999,40.209999,40.500000,28.500792,12962800
2013-06-05,40.380001,40.419998,40.000000,40.009998,28.155970,17077900
2013-06-06,39.990002,40.189999,39.700001,40.180000,28.275606,12352700
2013-06-07,40.389999,40.849998,40.389999,40.680000,28.627460,18700800
2013-06-10,40.849998,40.849998,40.490002,40.680000,28.627460,11190300
2013-06-11,40.450001,40.860001,40.320000,40.580002,28.557077,20334000
2013-06-12,40.730000,40.900002,40.380001,40.380001,28.416357,14908400
2013-06-13,40.470001,41.880001,40.220001,40.799999,28.711910,13048700
2013-06-14,40.730000,41.029999,40.590000,40.700001,28.641527,8453300
2013-06-17,40.830002,41.230000,40.779999,41.060001,28.894876,9877200
2013-06-18,41.060001,41.259998,40.930000,41.209999,29.000444,8441200
2013-06-19,41.209999,41.299999,40.389999,40.389999,28.423376,25795200
2013-06-20,40.049999,40.279999,39.099998,39.169998,27.564835,32296500
2013-06-21,39.209999,39.630001,39.040001,39.430000,27.928921,22743500
2013-06-24,39.150002,39.650002,38.869999,39.270000,27.815590,24973100
2013-06-25,39.439999,39.480000,39.119999,39.330002,27.858088,13004400
2013-06-26,39.570000,39.889999,39.570000,39.740002,28.148497,18133100
2013-06-27,39.990002,40.290001,39.900002,39.919998,28.275995,10033600
2013-06-28,39.840000,40.040001,39.639999,39.669998,28.098911,11033300
2013-07-01,39.910000,40.250000,39.480000,39.959999,28.304321,11795300
2013-07-02,39.939999,40.230000,39.869999,40.009998,28.339741,5441200
2013-07-03,39.880001,40.020000,39.650002,39.930000,28.283070,3985400
2013-07-05,40.020000,40.200001,39.650002,40.029999,28.353897,10602600
2013-07-08,40.080002,40.470001,40.080002,40.430000,28.637226,7611700
2013-07-09,40.700001,40.820000,40.630001,40.730000,28.849726,8937800
2013-07-10,40.730000,40.959999,40.669998,40.779999,28.885147,7701700
2013-07-11,41.209999,41.480000,41.169998,41.419998,29.338469,12282200
2013-07-12,41.349998,41.470001,41.279999,41.430000,29.345545,5566100
2013-07-15,41.500000,41.500000,41.389999,41.490002,29.388048,7076000
2013-07-16,41.130001,41.419998,41.130001,41.340000,29.281797,10156700
2013-07-17,41.410000,41.540001,41.369999,41.419998,29.338469,9365500
2013-07-18,41.410000,41.709999,41.349998,41.560001,29.437628,7136100
2013-07-19,41.570000,41.799999,41.520000,41.799999,29.607628,8352700
2013-07-22,41.840000,41.849998,41.650002,41.709999,29.543871,7887600
2013-07-23,41.750000,41.759998,41.580002,41.630001,29.487223,6122500
2013-07-24,41.740002,41.740002,41.270000,41.360001,29.295959,8262900
2013-07-25,41.279999,41.619999,41.250000,41.580002,29.451801,4720600
2013-07-26,41.419998,41.549999,41.020000,41.529999,29.416378,6073200
2013-07-29,41.470001,41.540001,41.340000,41.439999,29.352631,7493000
2013-07-30,41.509998,41.680000,41.320000,41.400002,29.324310,5733600
2013-07-31,41.410000,41.610001,41.340000,41.389999,29.317223,6735500
2013-08-01,41.599998,41.799999,41.599998,41.730000,29.558039,6207700
2013-08-02,41.610001,41.770000,41.439999,41.750000,29.572214,3956400
2013-08-05,41.740002,41.849998,41.650002,41.779999,29.593460,5010300
2013-08-06,41.759998,41.790001,41.580002,41.730000,29.558039,3148600
2013-08-07,41.590000,41.630001,41.459999,41.529999,29.416378,5987100
2013-08-08,41.650002,41.799999,41.520000,41.750000,29.572214,2915000
2013-08-09,41.669998,41.730000,41.459999,41.570000,29.444704,4266300
2013-08-12,41.410000,41.500000,41.259998,41.450001,29.359716,4208600
2013-08-13,41.549999,41.570000,41.270000,41.480000,29.380962,4178500
2013-08-14,41.459999,41.500000,41.169998,41.189999,29.175550,4871500
2013-08-15,40.880001,40.889999,40.500000,40.529999,28.708054,8854300
2013-08-16,40.459999,40.529999,40.130001,40.290001,28.538061,8607300
2013-08-19,40.270000,40.270000,40.099998,40.110001,28.410578,5126600
2013-08-20,40.189999,40.349998,40.060001,40.119999,28.417643,7174100
2013-08-21,40.009998,40.169998,39.770000,39.810001,28.198076,7899700
2013-08-22,39.820000,40.070000,39.799999,39.980000,28.318485,5501900
2013-08-23,40.080002,40.259998,40.009998,40.209999,28.481405,3352900
2013-08-26,40.220001,40.270000,39.740002,39.740002,28.148497,17412500
2013-08-27,39.439999,39.639999,39.400002,39.529999,27.999748,11462400
2013-08-28,39.439999,39.450001,39.200001,39.230000,27.787245,18628600
2013-08-29,39.080002,39.560001,39.049999,39.389999,27.900585,7455000
2013-08-30,39.509998,39.580002,39.349998,39.509998,27.985577,8672400
2013-09-03,39.689999,39.830002,39.400002,39.480000,27.964331,15164200
2013-09-04,39.459999,39.830002,39.389999,39.730000,28.141407,6468800
2013-09-05,39.790001,39.820000,39.630001,39.669998,28.098911,4525100
2013-09-06,39.810001,39.950001,39.389999,39.770000,28.169737,6976700
2013-09-09,39.790001,40.090000,39.779999,40.049999,28.368074,10347600
2013-09-10,40.160000,40.240002,39.950001,40.090000,28.396402,6501800
2013-09-11,40.009998,40.389999,40.009998,40.380001,28.601820,6812300
2013-09-12,40.389999,40.509998,40.349998,40.389999,28.608896,7002900
2013-09-13,40.480000,40.750000,40.480000,40.720001,28.842646,5063200
2013-09-16,41.060001,41.220001,41.009998,41.090000,29.104721,8178900
2013-09-17,41.080002,41.270000,41.080002,41.230000,29.203884,5344500
2013-09-18,41.200001,41.750000,40.990002,41.720001,29.550951,12763900
2013-09-19,41.790001,41.840000,41.439999,41.529999,29.416378,6148500
2013-09-20,41.259998,41.259998,40.950001,40.980000,29.210375,7279100
2013-09-23,40.939999,40.939999,40.709999,40.799999,29.082079,5586800
2013-09-24,40.799999,40.869999,40.549999,40.610001,28.946653,6855000
2013-09-25,40.590000,40.660000,40.200001,40.270000,28.704290,8234700
2013-09-26,40.320000,40.480000,40.250000,40.480000,28.853977,4560300
2013-09-27,40.340000,40.340000,40.049999,40.230000,28.675777,4453400
2013-09-30,39.950001,40.110001,39.730000,39.799999,28.369289,8120800
2013-10-01,39.779999,40.060001,39.740002,40.040001,28.540350,7152300
2013-10-02,39.919998,39.959999,39.580002,39.950001,28.476202,5827400
2013-10-03,39.889999,39.930000,39.630001,39.750000,28.333637,9686800
2013-10-04,39.759998,39.959999,39.650002,39.810001,28.376413,5713900
2013-10-07,39.580002,39.880001,39.560001,39.680000,28.283752,5438900
2013-10-08,39.750000,39.939999,39.639999,39.680000,28.283752,9532300
2013-10-09,39.730000,39.910000,39.580002,39.709999,28.305120,8706800
2013-10-10,39.970001,40.470001,39.970001,40.450001,28.832596,6104900
2013-10-11,40.419998,40.580002,40.330002,40.570000,28.918135,5451800
2013-10-14,40.349998,40.750000,40.310001,40.740002,29.039312,6808200
2013-10-15,40.680000,40.720001,40.320000,40.369999,28.775576,7792900
2013-10-16,40.520000,40.990002,40.520000,40.970001,29.203257,7034800
2013-10-17,40.840000,41.439999,40.840000,41.430000,29.531139,8498700
2013-10-18,41.490002,41.549999,41.349998,41.490002,29.573910,5861400
2013-10-21,41.430000,41.509998,41.230000,41.400002,29.509764,3646400
2013-10-22,41.500000,42.029999,41.480000,41.919998,29.880409,9404700
2013-10-23,41.820000,42.090000,41.799999,42.000000,29.937435,8809800
2013-10-24,42.080002,42.080002,41.860001,41.919998,29.880409,7754800
2013-10-25,41.930000,42.060001,41.799999,42.020000,29.951694,4301900
2013-10-28,42.150002,42.700001,42.090000,42.570000,30.343723,33007100
2013-10-29,42.660000,42.939999,42.540001,42.939999,30.607452,15133400
2013-10-30,42.990002,42.990002,42.459999,42.570000,30.343723,11872100
2013-10-31,42.490002,42.590000,42.290001,42.349998,30.186901,11588100
2013-11-01,42.360001,42.570000,42.270000,42.509998,30.300953,9055000
2013-11-04,42.610001,42.720001,42.400002,42.549999,30.329481,5305500
2013-11-05,42.509998,42.759998,42.380001,42.630001,30.386494,6804500
2013-11-06,42.849998,43.099998,42.650002,43.090000,30.714376,7356400
2013-11-07,43.060001,43.080002,42.369999,42.459999,30.265326,11993800
2013-11-08,42.470001,42.669998,42.130001,42.669998,30.415007,15162000
2013-11-11,42.650002,42.730000,42.500000,42.540001,30.322332,7981900
2013-11-12,42.439999,42.639999,42.400002,42.610001,30.372236,5657100
2013-11-13,42.459999,42.990002,42.419998,42.970001,30.628839,7651500
2013-11-14,42.990002,43.330002,42.959999,43.279999,30.849810,5891500
2013-11-15,43.259998,43.430000,43.150002,43.330002,30.885443,3054000
2013-11-18,43.459999,43.459999,43.110001,43.200001,30.792782,3924900
2013-11-19,43.139999,43.189999,42.970001,43.040001,30.678738,7013200
2013-11-20,43.090000,43.200001,42.730000,42.860001,30.550446,7392100
2013-11-21,42.860001,42.970001,42.759998,42.939999,30.607452,6777800
2013-11-22,43.009998,43.189999,42.860001,43.160000,30.764286,5443000
2013-11-25,43.299999,43.340000,43.029999,43.090000,30.714376,4447200
2013-11-26,43.139999,43.250000,42.980000,43.049999,30.685867,3854300
2013-11-27,43.189999,43.189999,42.959999,43.080002,30.707256,3257000
2013-11-29,43.169998,43.270000,42.959999,43.009998,30.657351,2642100
2013-12-02,43.029999,43.040001,42.680000,42.779999,30.493406,5041700
2013-12-03,42.730000,43.009998,42.730000,42.990002,30.643099,6124800
2013-12-04,42.880001,43.000000,42.549999,42.889999,30.571817,8093100
2013-12-05,42.740002,42.790001,42.439999,42.500000,30.293821,6060000
2013-12-06,42.830002,43.130001,42.759998,43.080002,30.707256,7108600
2013-12-09,43.259998,43.380001,43.150002,43.230000,30.814175,5513100
2013-12-10,43.139999,43.189999,42.740002,42.860001,30.550446,3341900
2013-12-11,42.849998,43.130001,42.849998,42.930000,30.600346,21705800
2013-12-12,42.919998,42.919998,42.299999,42.340000,30.179787,9662500
2013-12-13,42.470001,42.470001,42.139999,42.270000,30.129890,5929000
2013-12-16,42.349998,42.520000,42.169998,42.259998,30.122751,5893100
2013-12-17,42.220001,42.279999,41.959999,42.060001,29.980207,7247300
2013-12-18,42.110001,42.779999,41.689999,42.759998,30.479151,11754200
2013-12-19,42.650002,42.730000,42.430000,42.680000,30.422136,5698800
2013-12-20,42.349998,42.660000,42.290001,42.549999,30.560043,11007300
2013-12-23,42.650002,42.689999,42.360001,42.509998,30.531298,6601700
2013-12-24,42.509998,42.660000,42.439999,42.570000,30.574392,5915300
2013-12-26,42.599998,42.740002,42.540001,42.740002,30.696505,15154600
2013-12-27,42.810001,42.919998,42.759998,42.840000,30.768309,3590500
2013-12-30,42.840000,42.980000,42.830002,42.950001,30.847322,3245700
2013-12-31,43.020000,43.070000,42.810001,42.980000,30.868858,6516500
2014-01-02,42.849998,42.869999,42.380001,42.450001,30.488211,14997000
2014-01-03,42.540001,42.610001,42.340000,42.369999,30.430758,6298600
2014-01-06,42.480000,42.529999,42.110001,42.209999,30.315844,9498600
2014-01-07,42.430000,42.540001,42.240002,42.439999,30.481026,7479100
2014-01-08,42.430000,42.430000,42.029999,42.119999,30.251204,23824100
2014-01-09,42.230000,42.400002,42.060001,42.340000,30.409210,24438600
2014-01-10,42.450001,42.549999,42.240002,42.400002,30.452297,15903800
2014-01-13,42.400002,42.540001,42.110001,42.160000,30.279924,9275100
2014-01-14,42.270000,42.450001,42.189999,42.380001,30.437929,10885000
2014-01-15,42.430000,42.540001,42.290001,42.389999,30.445114,4384200
2014-01-16,42.270000,42.459999,42.180000,42.400002,30.452297,6522100
2014-01-17,42.349998,42.380001,42.029999,42.070000,30.215284,8233800
2014-01-21,42.189999,42.340000,41.950001,42.230000,30.330202,5618400
2014-01-22,42.259998,42.380001,42.180000,42.230000,30.330202,3615300
2014-01-23,42.080002,42.080002,41.709999,41.860001,30.064474,8916700
2014-01-24,41.799999,41.980000,41.439999,41.480000,29.791542,18509700
2014-01-27,41.500000,41.549999,41.240002,41.310001,29.669447,8451500
2014-01-28,41.380001,41.709999,41.360001,41.630001,29.899284,5022200
2014-01-29,41.360001,41.419998,40.790001,40.900002,29.374977,36942400
2014-01-30,41.049999,41.119999,40.889999,40.959999,29.418070,19016600
2014-01-31,40.490002,41.040001,40.320000,40.759998,29.274418,21959500
2014-02-03,40.709999,40.820000,39.830002,39.880001,28.642397,41150000
2014-02-04,40.040001,40.169998,39.950001,40.090000,28.793222,11694000
2014-02-05,39.990002,40.189999,39.889999,40.119999,28.814762,9453300
2014-02-06,40.299999,40.599998,40.279999,40.549999,29.123602,12794100
2014-02-07,40.700001,40.959999,40.599998,40.930000,29.396521,6986300
2014-02-10,40.900002,41.119999,40.830002,41.090000,29.511438,5645800
2014-02-11,41.150002,41.590000,40.990002,41.570000,29.856173,9688100
2014-02-12,41.660000,41.660000,41.250000,41.389999,29.726906,8852500
2014-02-13,41.090000,41.619999,41.029999,41.599998,29.877724,5708600
2014-02-14,41.509998,41.950001,41.389999,41.840000,30.050097,7234700
2014-02-18,41.790001,41.830002,41.450001,41.599998,29.877724,7130400
2014-02-19,41.549999,41.689999,41.349998,41.509998,29.813091,6085300
2014-02-20,41.450001,41.820000,41.380001,41.689999,29.942364,6793100
2014-02-21,41.740002,41.880001,41.590000,41.599998,29.877724,5702300
2014-02-24,41.630001,42.029999,41.619999,41.750000,29.985466,3302300
2014-02-25,41.740002,42.110001,41.740002,41.910000,30.100370,6304200
2014-02-26,42.000000,42.119999,41.790001,41.869999,30.071644,4877300
2014-02-27,41.810001,42.060001,41.790001,42.060001,30.208115,4172400
2014-02-28,42.049999,42.520000,42.020000,42.349998,30.416378,5404800
2014-03-03,42.009998,42.220001,41.869999,42.119999,30.251204,8829800
2014-03-04,42.400002,42.779999,42.400002,42.689999,30.660585,7275500
2014-03-05,42.650002,42.709999,42.540001,42.549999,30.560043,8090900
2014-03-06,42.630001,42.660000,42.540001,42.540001,30.552839,6145900
2014-03-07,42.689999,42.700001,42.480000,42.660000,30.639015,4123200
2014-03-10,42.540001,42.709999,42.540001,42.700001,30.667768,4901200
2014-03-11,42.810001,42.849998,42.590000,42.680000,30.653400,10017400
2014-03-12,42.480000,42.790001,42.480000,42.770000,30.718048,5203700
2014-03-13,42.799999,42.970001,42.490002,42.560001,30.567215,9738900
2014-03-14,42.400002,42.770000,42.389999,42.580002,30.581589,5299600
2014-03-17,42.720001,42.889999,42.650002,42.830002,30.761137,4161400
2014-03-18,42.900002,42.990002,42.770000,42.919998,30.825773,3575000
2014-03-19,42.880001,43.000000,42.380001,42.590000,30.588757,10676900
2014-03-20,42.450001,42.790001,42.380001,42.740002,30.696505,9907900
2014-03-21,42.669998,42.910000,42.500000,42.500000,30.679165,7454000
2014-03-24,42.520000,42.740002,42.400002,42.459999,30.650307,6111300
2014-03-25,42.619999,42.830002,42.619999,42.770000,30.874081,9086100
2014-03-26,42.849998,42.980000,42.669998,42.669998,30.801884,7102300
2014-03-27,42.570000,42.860001,42.570000,42.639999,30.780224,10552500
2014-03-28,42.669998,42.869999,42.669998,42.750000,30.859636,4522600
2014-03-31,42.990002,43.110001,42.849998,43.060001,31.083414,8973400
2014-04-01,43.009998,43.139999,42.889999,42.990002,31.032885,6524200
2014-04-02,43.020000,43.139999,42.910000,43.040001,31.068975,6705400
2014-04-03,43.040001,43.180000,42.990002,43.090000,31.105066,4430400
2014-04-04,43.220001,43.320000,42.889999,42.950001,31.004002,8815700
2014-04-07,42.849998,43.180000,42.849998,42.990002,31.032885,15088000
2014-04-08,43.000000,43.230000,42.939999,43.209999,31.191687,7688000
2014-04-09,43.220001,43.400002,43.169998,43.400002,31.328846,5559000
2014-04-10,43.400002,43.630001,42.939999,42.970001,31.018440,6121800
2014-04-11,42.939999,43.119999,42.700001,42.750000,30.859636,15474700
2014-04-14,42.980000,43.160000,42.810001,43.090000,31.105066,4333800
2014-04-15,43.240002,43.259998,42.930000,43.200001,31.184467,6318800
2014-04-16,43.439999,43.619999,43.310001,43.619999,31.487658,4314800
2014-04-17,43.540001,43.669998,43.389999,43.630001,31.494867,4209600
2014-04-21,43.520000,43.680000,43.439999,43.650002,31.509308,3739700
2014-04-22,43.689999,43.720001,43.560001,43.630001,31.494867,5669400
2014-04-23,43.630001,43.689999,43.560001,43.560001,31.444345,11037100
2014-04-24,43.540001,43.790001,43.500000,43.730000,31.567045,3946200
2014-04-25,43.689999,43.820000,43.599998,43.790001,31.610353,6647400
2014-04-28,43.889999,44.380001,43.790001,44.290001,31.971310,7214200
2014-04-29,44.250000,44.330002,44.099998,44.099998,31.834152,4222300
2014-04-30,44.000000,44.240002,44.000000,44.240002,31.935215,4855000
2014-05-01,44.150002,44.240002,43.950001,44.200001,31.906324,9711100
2014-05-02,44.200001,44.259998,44.060001,44.200001,31.906324,5245300
2014-05-05,44.029999,44.220001,43.889999,44.099998,31.834152,3279600
2014-05-06,43.970001,44.049999,43.810001,43.820000,31.632021,4471900
2014-05-07,43.919998,44.270000,43.919998,44.240002,31.935215,7554300
2014-05-08,44.240002,44.470001,44.160000,44.299999,31.978519,4197900
2014-05-09,44.259998,44.520000,44.209999,44.509998,32.130100,2792400
2014-05-12,44.570000,44.700001,44.480000,44.549999,32.158985,4824900
2014-05-13,44.540001,44.700001,44.529999,44.639999,32.223949,2518600
2014-05-14,44.610001,44.630001,44.349998,44.400002,32.050713,3165700
2014-05-15,44.270000,44.299999,43.939999,44.009998,31.769182,4726400
2014-05-16,44.070000,44.299999,44.009998,44.279999,31.964083,6381700
2014-05-19,44.169998,44.250000,44.060001,44.189999,31.899101,2805300
2014-05-20,44.189999,44.189999,43.959999,44.029999,31.783628,6246800
2014-05-21,44.029999,44.310001,43.990002,44.279999,31.964083,5037700
2014-05-22,44.259998,44.290001,44.099998,44.209999,31.913551,2898300
2014-05-23,44.200001,44.340000,44.200001,44.279999,31.964083,2710000
2014-05-27,44.389999,44.430000,44.279999,44.400002,32.050713,3520700
2014-05-28,44.439999,44.480000,44.330002,44.340000,32.007389,3903100
2014-05-29,44.380001,44.759998,44.380001,44.689999,32.260033,6683400
2014-05-30,44.560001,45.080002,44.560001,45.040001,32.512695,4482600
2014-06-02,44.959999,45.009998,44.880001,44.930000,32.433292,3273000
2014-06-03,44.869999,44.900002,44.750000,44.770000,32.317810,2674000
2014-06-04,44.740002,44.990002,44.720001,44.930000,32.433292,3149000
2014-06-05,44.939999,45.169998,44.869999,45.110001,32.563232,3905400
2014-06-06,45.119999,45.240002,45.110001,45.230000,32.649857,2562200
2014-06-09,45.130001,45.270000,45.090000,45.160000,32.599316,6310400
2014-06-10,45.029999,45.209999,45.009998,45.160000,32.599316,4362000
2014-06-11,45.070000,45.160000,44.970001,45.040001,32.512695,4977900
2014-06-12,44.950001,45.040001,44.639999,44.720001,32.281704,5186300
2014-06-13,44.779999,44.790001,44.610001,44.709999,32.274479,1936700
2014-06-16,44.700001,44.919998,44.570000,44.880001,32.397202,18205200
2014-06-17,44.950001,44.950001,44.730000,44.880001,32.397202,4897800
2014-06-18,44.830002,45.419998,44.779999,45.410000,32.779797,22633400
2014-06-19,45.450001,45.709999,45.419998,45.669998,32.967476,11404200
2014-06-20,45.480000,45.509998,45.189999,45.220001,32.866451,5165400
2014-06-23,45.220001,45.230000,44.900002,44.970001,32.684738,3370700
2014-06-24,44.900002,44.950001,44.700001,44.810001,32.568436,3677200
2014-06-25,44.650002,44.770000,44.570000,44.740002,32.517574,6083000
2014-06-26,44.650002,44.709999,44.400002,44.580002,32.401295,15990200
2014-06-27,44.580002,44.740002,44.400002,44.660000,32.459423,4692800
2014-06-30,44.500000,44.889999,44.500000,44.619999,32.430359,12049100
2014-07-01,44.689999,44.849998,44.520000,44.720001,32.503033,5099600
2014-07-02,44.740002,44.930000,44.740002,44.840000,32.590263,3093000
2014-07-03,44.869999,45.150002,44.810001,45.090000,32.771961,2303400
2014-07-07,45.000000,45.200001,44.950001,45.160000,32.822823,5813700
2014-07-08,45.090000,45.209999,45.029999,45.070000,32.757435,4629500
2014-07-09,45.130001,45.310001,45.119999,45.270000,32.902771,5296000
2014-07-10,44.990002,45.250000,44.950001,45.200001,32.851902,3871200
2014-07-11,45.200001,45.310001,45.060001,45.259998,32.895515,3100500
2014-07-14,45.380001,45.490002,45.349998,45.419998,33.011803,4135600
2014-07-15,45.360001,45.360001,44.980000,45.020000,32.721085,7181800
2014-07-16,45.200001,45.250000,44.959999,45.029999,32.728344,4513100
2014-07-17,45.040001,45.110001,44.720001,44.750000,32.524849,3965200
2014-07-18,44.799999,45.230000,44.790001,45.200001,32.851902,5929300
2014-07-21,45.029999,45.029999,44.840000,44.990002,32.699272,5085300
2014-07-22,44.930000,45.029999,44.820000,44.910000,32.641140,13404200
2014-07-23,44.990002,45.009998,44.810001,44.849998,32.597519,2796500
2014-07-24,44.930000,45.049999,44.869999,44.970001,32.684738,3449600
2014-07-25,44.930000,44.970001,44.689999,44.790001,32.553917,2477800
2014-07-28,44.750000,44.830002,44.500000,44.560001,32.386745,30101200
2014-07-29,44.610001,44.730000,44.349998,44.360001,32.241386,6319100
2014-07-30,44.430000,44.490002,43.889999,43.889999,31.899790,22406900
2014-07-31,43.520000,43.639999,43.110001,43.139999,31.354683,10784500
2014-08-01,43.080002,43.660000,43.080002,43.470001,31.594536,11890000
2014-08-04,43.529999,43.689999,43.349998,43.610001,31.696283,5024400
2014-08-05,43.480000,43.700001,43.240002,43.419998,31.558182,4571700
2014-08-06,42.990002,43.820000,42.970001,43.790001,31.827099,27891900
2014-08-07,43.900002,43.900002,43.330002,43.430000,31.565441,5532600
2014-08-08,43.470001,43.910000,43.430000,43.869999,31.885260,5259400
2014-08-11,44.029999,44.389999,43.990002,44.180000,32.110569,23734600
2014-08-12,44.160000,44.230000,44.040001,44.150002,32.088768,3954200
2014-08-13,44.250000,44.360001,44.110001,44.279999,32.183239,2704300
2014-08-14,44.430000,44.470001,44.230000,44.459999,32.314060,2196100
2014-08-15,44.689999,44.799999,44.279999,44.520000,32.357681,4542700
2014-08-18,44.630001,44.820000,44.580002,44.779999,32.546665,4427600
2014-08-19,44.860001,44.950001,44.669998,44.900002,32.633854,2627900
2014-08-20,44.790001,44.919998,44.740002,44.869999,32.612068,5580000
2014-08-21,44.889999,45.150002,44.889999,44.950001,32.670204,1724000
2014-08-22,45.000000,45.070000,44.840000,44.840000,32.590263,5176500
2014-08-25,45.049999,45.150002,45.009998,45.090000,32.771961,1985200
2014-08-26,45.119999,45.189999,45.029999,45.060001,32.750153,1792300
2014-08-27,45.099998,45.099998,44.990002,45.080002,32.764698,2054500
2014-08-28,44.959999,45.110001,44.919998,45.099998,32.779228,2797700
2014-08-29,45.139999,45.169998,44.990002,45.130001,32.801037,3076400
2014-09-02,45.180000,45.349998,45.009998,45.150002,32.815567,11691900
2014-09-03,45.259998,45.279999,45.130001,45.180000,32.837379,2391400
2014-09-04,45.250000,45.439999,45.189999,45.320000,32.939129,4379600
2014-09-05,45.330002,45.580002,45.180000,45.580002,33.128094,5067000
2014-09-08,45.430000,45.520000,45.220001,45.240002,32.880985,4229500
2014-09-09,45.270000,45.270000,45.070000,45.130001,32.801037,3452700
2014-09-10,45.180000,45.400002,45.110001,45.349998,32.960934,4186400
2014-09-11,45.250000,45.400002,45.209999,45.369999,32.975460,3924700
2014-09-12,45.310001,45.340000,44.959999,45.049999,32.742889,5778400
2014-09-15,45.189999,45.310001,45.139999,45.270000,32.902771,6105500
2014-09-16,45.200001,45.730000,45.160000,45.610001,33.149902,8388400
2014-09-17,45.560001,45.700001,45.419998,45.509998,33.077213,10476000
2014-09-18,45.580002,45.650002,45.490002,45.599998,33.142632,6364600
2014-09-19,45.500000,45.590000,45.369999,45.430000,33.228203,5411900
2014-09-22,45.400002,45.470001,45.279999,45.349998,33.169701,6516500
2014-09-23,45.200001,45.279999,44.950001,44.950001,32.877125,6715600
2014-09-24,44.939999,45.549999,44.939999,45.529999,33.301342,14707300
2014-09-25,45.389999,45.400002,44.930000,44.930000,32.862507,11438400
2014-09-26,45.029999,45.189999,44.770000,45.099998,32.986839,3935200
2014-09-29,44.830002,45.150002,44.799999,45.090000,32.979519,11255800
2014-09-30,45.110001,45.220001,44.950001,45.110001,32.994167,7122400
2014-10-01,45.070000,45.070000,44.750000,44.830002,32.789352,18044800
2014-10-02,44.799999,45.020000,44.700001,44.910000,32.847874,16950100
2014-10-03,45.180000,45.459999,45.000000,45.439999,33.235523,9134100
2014-10-06,45.560001,45.560001,45.160000,45.459999,33.250153,6884100
2014-10-07,45.230000,45.520000,45.189999,45.189999,33.052670,11318600
2014-10-08,45.259998,45.869999,45.200001,45.849998,33.535400,9800300
2014-10-09,45.810001,46.110001,45.389999,45.389999,33.198940,15077400
2014-10-10,45.430000,46.080002,45.430000,45.610001,33.359867,11403400
2014-10-13,45.590000,45.660000,44.950001,44.980000,32.899071,20244600
2014-10-14,45.119999,45.209999,44.849998,44.959999,32.884453,12854000
2014-10-15,44.540001,44.810001,43.779999,44.419998,32.489479,22241300
2014-10-16,43.830002,44.320000,43.689999,44.090000,32.248116,19593400
2014-10-17,44.490002,44.750000,44.080002,44.630001,32.643082,12534400
2014-10-20,44.549999,45.310001,44.509998,45.270000,33.111164,17229300
2014-10-21,45.130001,45.459999,44.950001,45.459999,33.250153,13863600
2014-10-22,45.490002,45.869999,45.410000,45.560001,33.323296,10426900
2014-10-23,45.740002,45.840000,45.450001,45.529999,33.301342,12604800
2014-10-24,45.689999,45.950001,45.619999,45.910000,33.579277,9205600
2014-10-27,45.790001,46.209999,45.740002,46.020000,33.659737,4917200
2014-10-28,46.220001,46.220001,46.000000,46.200001,33.791397,5633500
2014-10-29,46.200001,46.299999,45.849998,46.119999,33.732891,6381200
2014-10-30,46.169998,46.520000,45.880001,46.410000,33.944996,5020200
2014-10-31,46.830002,46.840000,46.560001,46.709999,34.164417,8184300
2014-11-03,46.639999,46.919998,46.639999,46.889999,34.296082,14994800
2014-11-04,46.810001,47.209999,46.790001,47.139999,34.478931,10508200
2014-11-05,47.410000,47.669998,47.240002,47.470001,34.720291,7780400
2014-11-06,47.520000,47.669998,47.349998,47.570000,34.793438,5638000
2014-11-07,47.500000,47.740002,47.320000,47.740002,34.917789,5912000
2014-11-10,47.660000,47.959999,47.549999,47.950001,35.071373,4209500
2014-11-11,47.930000,48.000000,47.759998,47.860001,35.005550,3277800
2014-11-12,47.660000,47.930000,47.650002,47.860001,35.005550,4923700
2014-11-13,47.900002,48.259998,47.860001,48.029999,35.129883,7507100
2014-11-14,48.049999,48.070000,47.639999,47.759998,34.932396,7544500
2014-11-17,47.680000,48.080002,47.680000,48.080002,35.166466,4049600
2014-11-18,48.080002,48.340000,48.000000,48.259998,35.298103,5015400
2014-11-19,48.240002,48.509998,48.180000,48.459999,35.444401,4919500
2014-11-20,48.310001,48.389999,48.180000,48.250000,35.290787,4076000
2014-11-21,48.650002,48.740002,48.360001,48.450001,35.437088,5042300
2014-11-24,48.540001,48.660000,48.340000,48.419998,35.415138,4912000
2014-11-25,48.419998,48.580002,48.340000,48.459999,35.444401,6157500
2014-11-26,48.459999,48.689999,48.450001,48.680000,35.605305,3644800
2014-11-28,48.830002,49.419998,48.799999,49.299999,36.058792,4640900
2014-12-01,49.080002,49.189999,48.900002,48.980000,35.824734,8330400
2014-12-02,48.959999,49.189999,48.930000,49.150002,35.949085,6130900
2014-12-03,49.160000,49.160000,48.689999,48.799999,35.693073,5909600
2014-12-04,48.810001,48.869999,48.540001,48.759998,35.663834,8023900
2014-12-05,48.730000,48.860001,48.549999,48.849998,35.729652,6732100
2014-12-08,48.799999,49.009998,48.619999,48.750000,35.656498,4653600
2014-12-09,48.380001,48.610001,48.110001,48.590000,35.539486,6120000
2014-12-10,48.590000,48.730000,48.080002,48.130001,35.203041,5304800
2014-12-11,48.299999,48.810001,48.139999,48.529999,35.495598,5233700
2014-12-12,48.240002,48.709999,47.900002,47.910000,35.042122,6812500
2014-12-15,48.110001,48.250000,47.439999,47.590000,34.808079,9451300
2014-12-16,47.380001,48.369999,47.380001,47.410000,34.676407,9811500
2014-12-17,47.549999,48.259998,47.500000,48.099998,35.181084,10126400
2014-12-18,48.790001,49.049999,48.310001,49.020000,35.853981,8726300
2014-12-19,48.840000,49.020000,48.590000,48.619999,35.817154,13154400
2014-12-22,48.750000,49.090000,48.740002,49.090000,36.163391,5125700
2014-12-23,49.299999,49.540001,49.169998,49.430000,36.413857,5563500
2014-12-24,49.580002,49.630001,49.349998,49.380001,36.377033,1478000
2014-12-26,49.430000,49.610001,49.410000,49.459999,36.435963,3302400
2014-12-29,49.400002,49.450001,49.110001,49.310001,36.325455,13478700
2014-12-30,49.240002,49.349998,49.070000,49.090000,36.163391,5094900
2014-12-31,49.270000,49.270000,48.470001,48.490002,35.721382,5218700
2015-01-02,48.619999,48.730000,48.049999,48.349998,35.618252,7612100
2015-01-05,48.259998,48.369999,47.880001,48.009998,35.367775,8272700
2015-01-06,48.349998,48.470001,47.810001,47.950001,35.323582,11112400
2015-01-07,48.299999,48.830002,48.250000,48.770000,35.927658,9226100
2015-01-08,49.200001,49.570000,49.099998,49.509998,36.472794,12904100
2015-01-09,49.669998,49.669998,49.110001,49.110001,36.178139,6382800
2015-01-12,49.090000,49.349998,48.830002,48.959999,36.067619,6256400
2015-01-13,49.290001,49.560001,48.660000,48.950001,36.060261,10135000
2015-01-14,48.580002,48.849998,48.459999,48.799999,35.949757,13315500
2015-01-15,49.119999,49.180000,48.689999,48.880001,36.008694,10898400
2015-01-16,48.759998,49.320000,48.669998,49.270000,36.295998,12948500
2015-01-20,49.459999,49.689999,49.060001,49.470001,36.443333,9978200
2015-01-21,49.369999,49.720001,49.119999,49.709999,36.620125,7588600
2015-01-22,49.919998,50.220001,49.480000,50.209999,36.988472,12062000
2015-01-23,49.970001,50.049999,49.639999,49.650002,36.575947,6423700
2015-01-26,49.630001,49.720001,49.380001,49.650002,36.575947,4428600
2015-01-27,49.150002,49.299999,48.849998,49.080002,36.156025,10344800
2015-01-28,49.259998,49.410000,48.470001,48.509998,35.736130,7765700
2015-01-29,48.700001,48.959999,48.290001,48.900002,36.023430,9765600
2015-01-30,48.639999,48.669998,47.950001,48.020000,35.375141,10951600
2015-02-02,48.110001,48.619999,47.680000,48.590000,35.795063,14354100
2015-02-03,48.889999,49.040001,48.610001,49.020000,36.111816,6279600
2015-02-04,48.930000,49.389999,48.930000,49.040001,36.126560,7901300
2015-02-05,49.189999,49.310001,49.070000,49.290001,36.310730,8079500
2015-02-06,49.299999,49.490002,48.880001,49.070000,36.148666,6304100
2015-02-09,48.990002,49.029999,48.570000,48.700001,35.876076,5656100
2015-02-10,49.160000,49.320000,48.860001,49.270000,36.295998,5055100
2015-02-11,49.299999,49.610001,49.139999,49.500000,36.465431,4618000
2015-02-12,49.619999,49.730000,49.470001,49.730000,36.634865,7150600
2015-02-13,49.619999,49.650002,49.389999,49.500000,36.465431,5932000
2015-02-17,49.430000,49.560001,49.189999,49.509998,36.472794,4887500
2015-02-18,49.500000,49.779999,49.389999,49.779999,36.671700,5251200
2015-02-19,49.689999,49.700001,49.400002,49.459999,36.435963,4380200
2015-02-20,49.290001,49.619999,49.099998,49.599998,36.539089,5898000
2015-02-23,49.520000,49.750000,49.520000,49.740002,36.642239,4710600
2015-02-24,49.790001,49.950001,49.599998,49.910000,36.767471,4275800
2015-02-25,49.900002,49.950001,49.680000,49.740002,36.642239,3282600
2015-02-26,49.740002,49.860001,49.610001,49.810001,36.693813,4124200
2015-02-27,49.799999,50.110001,49.770000,50.009998,36.841129,4578900
2015-03-02,50.049999,50.139999,49.939999,50.099998,36.907429,5511200
2015-03-03,50.099998,50.110001,49.689999,49.910000,36.767471,5818200
2015-03-04,49.810001,49.830002,49.439999,49.560001,36.509624,3635800
2015-03-05,49.689999,49.810001,49.570000,49.730000,36.634865,5336300
2015-03-06,49.369999,49.470001,48.650002,48.759998,35.920292,12065500
2015-03-09,48.950001,49.119999,48.799999,49.029999,36.119194,6436500
2015-03-10,48.740002,48.770000,48.320000,48.330002,35.603512,7996200
2015-03-11,48.400002,48.400002,47.910000,47.959999,35.330940,8699500
2015-03-12,48.180000,48.660000,48.130001,48.660000,35.846626,9905500
2015-03-13,48.560001,48.580002,47.990002,48.279999,35.566689,5821400
2015-03-16,48.430000,48.880001,48.430000,48.869999,36.001328,22130500
2015-03-17,48.700001,48.740002,48.380001,48.520000,35.743496,7487500
2015-03-18,48.400002,49.049999,47.840000,48.849998,35.986588,19747300
2015-03-19,48.740002,48.849998,48.540001,48.630001,35.824524,20386700
2015-03-20,48.570000,48.950001,48.500000,48.939999,36.273682,7951000
2015-03-23,48.889999,49.270000,48.849998,49.020000,36.332973,4669300
2015-03-24,49.139999,49.270000,48.740002,48.740002,36.125443,6939800
2015-03-25,49.290001,49.360001,48.619999,48.619999,36.036499,18476700
2015-03-26,48.380001,48.680000,48.299999,48.410000,35.880852,7616000
2015-03-27,48.419998,48.770000,48.400002,48.709999,36.103207,4950100
2015-03-30,48.810001,49.240002,48.619999,49.200001,36.466400,25326800
2015-03-31,49.000000,49.200001,48.740002,48.740002,36.125443,7411800
2015-04-01,48.720001,48.810001,48.330002,48.799999,36.169914,8033400
2015-04-02,48.820000,49.220001,48.750000,49.130001,36.414509,4821000
2015-04-06,49.049999,49.730000,48.919998,49.520000,36.703564,5615300
2015-04-07,49.599998,49.700001,49.290001,49.290001,36.533092,7660800
2015-04-08,49.299999,49.500000,49.150002,49.369999,36.592392,5039200
2015-04-09,49.369999,49.599998,49.189999,49.509998,36.696152,4785400
2015-04-10,49.639999,49.770000,49.470001,49.599998,36.762852,4605100
2015-04-13,49.470001,49.660000,49.360001,49.369999,36.592392,3712800
2015-04-14,49.279999,49.560001,49.169998,49.480000,36.673916,5722200
2015-04-15,49.549999,49.750000,49.310001,49.340000,36.570160,6764300
2015-04-16,49.400002,49.709999,49.360001,49.520000,36.703564,5796400
2015-04-17,49.290001,49.320000,48.790001,49.060001,36.362625,5539800
2015-04-20,49.139999,49.520000,49.139999,49.230000,36.488613,3976200
2015-04-21,49.299999,49.549999,49.240002,49.320000,36.555328,3948500
2015-04-22,49.360001,49.450001,49.070000,49.349998,36.577572,2897700
2015-04-23,49.070000,49.419998,49.060001,49.180000,36.451553,6320800
2015-04-24,49.320000,49.320000,49.130001,49.189999,36.458977,6555100
2015-04-27,49.259998,49.279999,48.889999,48.919998,36.258854,6888100
2015-04-28,48.919998,49.029999,48.709999,48.970001,36.295914,3665100
2015-04-29,48.810001,48.910000,48.459999,48.529999,35.969795,9409300
2015-04-30,48.410000,48.599998,48.180000,48.369999,35.851204,8286300
2015-05-01,48.549999,48.830002,48.410000,48.810001,36.177326,5158300
2015-05-04,48.810001,49.009998,48.799999,48.880001,36.229198,6710200
2015-05-05,48.860001,48.919998,48.419998,48.490002,35.940147,6537400
2015-05-06,48.590000,48.759998,48.340000,48.639999,36.051319,6233300
2015-05-07,48.480000,48.860001,48.369999,48.759998,36.140274,6433800
2015-05-08,49.009998,49.360001,49.009998,49.169998,36.444141,6946500
2015-05-11,49.029999,49.330002,48.950001,48.970001,36.295914,3988400
2015-05-12,48.509998,49.020000,48.509998,48.860001,36.214386,4903400
2015-05-13,48.849998,49.189999,48.779999,48.840000,36.199558,3716900
2015-05-14,49.040001,49.610001,49.040001,49.590000,36.755455,6174300
2015-05-15,49.599998,49.750000,49.549999,49.750000,36.874043,5014300
2015-05-18,49.700001,49.720001,49.509998,49.590000,36.755455,6199900
2015-05-19,49.619999,49.619999,49.299999,49.459999,36.659096,5157200
2015-05-20,49.389999,49.590000,49.349998,49.349998,36.577572,5463200
2015-05-21,49.360001,49.520000,49.189999,49.459999,36.659096,4313600
2015-05-22,49.230000,49.400002,49.220001,49.250000,36.503448,5336900
2015-05-26,49.189999,49.209999,48.759998,48.860001,36.214386,8790100
2015-05-27,48.959999,49.250000,48.919998,49.169998,36.444141,7599900
2015-05-28,49.119999,49.169998,48.889999,49.099998,36.392273,5741300
2015-05-29,49.020000,49.070000,48.700001,48.790001,36.162502,6663600
2015-06-01,48.889999,48.990002,48.619999,48.790001,36.162502,5992300
2015-06-02,48.650002,48.770000,48.419998,48.660000,36.066143,4998200
2015-06-03,48.720001,48.860001,48.560001,48.630001,36.043911,5892700
2015-06-04,48.540001,48.660000,48.180000,48.279999,35.784492,7084800
2015-06-05,48.150002,48.270000,47.560001,47.590000,35.273075,9482300
2015-06-08,47.560001,47.740002,47.459999,47.570000,35.258263,10944000
2015-06-09,47.630001,47.980000,47.549999,47.799999,35.428726,7096700
2015-06-10,47.919998,48.369999,47.919998,48.270000,35.777088,7091600
2015-06-11,48.310001,48.470001,48.200001,48.250000,35.762260,7469300
2015-06-12,48.130001,48.169998,47.889999,48.060001,35.621429,6748800
2015-06-15,47.869999,47.959999,47.680000,47.709999,35.362015,7632600
2015-06-16,47.840000,48.259998,47.770000,48.230000,35.747433,5036400
2015-06-17,48.380001,48.570000,48.119999,48.490002,35.940147,10508800
2015-06-18,48.639999,49.220001,48.599998,49.029999,36.340393,8821000
2015-06-19,48.759998,48.910000,48.660000,48.660000,36.289684,8908200
2015-06-22,48.930000,49.049999,48.799999,48.849998,36.431374,4445900
2015-06-23,48.869999,48.880001,48.540001,48.639999,36.274742,5107500
2015-06-24,48.619999,48.700001,48.419998,48.419998,36.110695,6765100
2015-06-25,48.610001,48.610001,48.330002,48.330002,36.043568,6443700
2015-06-26,48.400002,48.599998,48.340000,48.430000,36.118145,4608000
2015-06-29,48.180000,48.270000,47.660000,47.680000,35.558800,8106200
2015-06-30,48.180000,48.180000,47.590000,47.599998,35.499153,10039900
2015-07-01,47.919998,48.209999,47.720001,48.209999,35.954048,6859600
2015-07-02,48.240002,48.430000,48.029999,48.169998,35.924240,6956600
2015-07-06,47.849998,48.310001,47.799999,48.130001,35.894413,8740700
2015-07-07,48.259998,49.160000,48.099998,49.119999,36.632732,17427000
2015-07-08,48.700001,48.930000,48.540001,48.570000,36.222542,11754300
2015-07-09,49.160000,49.250000,48.610001,48.610001,36.252396,8359900
2015-07-10,49.060001,49.299999,49.009998,49.180000,36.677471,7782500
2015-07-13,49.410000,49.660000,49.410000,49.639999,37.020550,7031800
2015-07-14,49.650002,49.740002,49.560001,49.720001,37.080196,6858300
2015-07-15,49.709999,49.730000,49.490002,49.590000,36.983250,5980500
2015-07-16,49.840000,50.169998,49.779999,50.099998,37.363586,4451200
2015-07-17,49.980000,50.080002,49.779999,50.070000,37.341228,4874400
2015-07-20,50.099998,50.220001,49.959999,50.160000,37.408340,6345400
2015-07-21,50.040001,50.189999,49.900002,50.040001,37.318844,6146000
2015-07-22,50.040001,50.330002,50.009998,50.150002,37.400890,6107900
2015-07-23,50.259998,50.259998,49.889999,49.959999,37.259190,4535100
2015-07-24,50.080002,50.080002,49.619999,49.680000,37.050369,9950100
2015-07-27,49.480000,49.730000,49.330002,49.650002,37.027992,9567100
2015-07-28,49.869999,50.220001,49.730000,50.209999,37.445633,8765800
2015-07-29,50.259998,50.490002,50.160000,50.380001,37.572422,6105100
2015-07-30,50.139999,50.279999,49.880001,50.209999,37.445633,7029100
2015-07-31,50.380001,50.419998,50.240002,50.310001,37.520226,6168800
2015-08-03,50.299999,50.430000,50.160000,50.380001,37.572422,6961400
2015-08-04,50.349998,50.450001,50.110001,50.380001,37.572422,5633000
2015-08-05,50.540001,50.889999,50.520000,50.820000,37.900555,5239900
2015-08-06,50.950001,50.950001,50.369999,50.439999,37.617153,7889500
2015-08-07,50.360001,50.500000,49.939999,50.160000,37.408340,6889700
2015-08-10,50.299999,50.509998,50.259998,50.349998,37.550041,5780000
2015-08-11,50.020000,50.279999,50.000000,50.169998,37.415806,5616200
2015-08-12,49.849998,50.230000,49.509998,50.200001,37.438171,8275100
2015-08-13,50.150002,50.279999,49.939999,50.000000,37.289028,4935200
2015-08-14,49.990002,50.169998,49.869999,50.160000,37.408340,5247000
2015-08-17,50.000000,50.230000,49.820000,50.209999,37.445633,4978400
2015-08-18,50.029999,50.169998,49.900002,49.959999,37.259190,5108300
2015-08-19,49.849998,49.869999,49.259998,49.500000,36.916119,9309200
2015-08-20,49.160000,49.490002,48.950001,49.049999,36.580524,12756300
2015-08-21,48.669998,48.779999,47.709999,47.709999,35.581184,23544300
2015-08-24,45.400002,47.099998,43.720001,46.049999,34.343189,68723800
2015-08-25,47.709999,47.709999,45.650002,45.700001,34.082165,35853900
2015-08-26,46.610001,47.130001,45.750000,47.049999,35.088966,24372800
2015-08-27,47.430000,47.889999,46.869999,47.740002,35.603554,19550400
2015-08-28,47.610001,47.689999,47.349998,47.639999,35.528973,8695300
2015-08-31,47.520000,47.520000,47.180000,47.310001,35.282879,12948300
2015-09-01,46.369999,46.849998,46.049999,46.340000,34.559464,15589300
2015-09-02,46.740002,46.980000,46.520000,46.970001,35.029312,9637300
2015-09-03,47.160000,47.580002,47.060001,47.290001,35.267956,7626800
2015-09-04,46.669998,46.790001,46.340000,46.520000,34.693703,10507100
2015-09-08,47.270000,47.540001,46.939999,47.490002,35.417114,6867300
2015-09-09,47.930000,47.939999,46.590000,46.709999,34.835396,7587400
2015-09-10,46.490002,47.119999,46.470001,46.790001,34.895065,14986300
2015-09-11,46.740002,47.110001,46.570000,47.099998,35.126247,5127300
2015-09-14,47.080002,47.169998,46.759998,46.950001,35.014389,6180100
2015-09-15,47.009998,47.599998,46.820000,47.509998,35.432030,7284500
2015-09-16,47.939999,48.110001,47.669998,48.049999,35.834743,11470700
2015-09-17,48.009998,48.619999,47.910000,48.049999,35.834743,13063900
2015-09-18,47.189999,47.709999,47.000000,47.189999,35.420422,10970800
2015-09-21,47.310001,47.669998,47.299999,47.540001,35.683125,9770600
2015-09-22,47.060001,47.139999,46.770000,47.020000,35.292816,10674800
2015-09-23,47.009998,47.180000,46.860001,47.099998,35.352852,6458500
2015-09-24,46.750000,47.250000,46.730000,47.180000,35.412918,7740100
2015-09-25,47.450001,47.959999,47.299999,47.480000,35.638081,12257300
2015-09-28,47.360001,47.459999,46.689999,46.779999,35.112675,15816000
2015-09-29,46.910000,46.930000,46.480000,46.759998,35.097672,15304100
2015-09-30,46.950001,47.349998,46.869999,47.189999,35.420422,12715600
2015-10-01,47.220001,47.330002,46.840000,47.189999,35.420422,13766200
2015-10-02,46.930000,47.860001,46.689999,47.840000,35.908306,13196700
2015-10-05,48.189999,48.720001,48.040001,48.660000,36.523792,10515800
2015-10-06,48.560001,48.730000,48.310001,48.330002,36.276089,9444000
2015-10-07,48.560001,48.860001,48.400002,48.770000,36.606350,11944000
2015-10-08,48.700001,49.369999,48.610001,49.349998,37.041695,12447100
2015-10-09,49.439999,49.610001,49.299999,49.459999,37.124275,12459500
2015-10-12,49.480000,49.700001,49.430000,49.590000,37.221840,5652600
2015-10-13,49.500000,49.570000,49.220001,49.290001,36.996662,10162600
2015-10-14,49.200001,49.400002,48.610001,48.720001,36.568844,10771200
2015-10-15,49.020000,49.189999,48.820000,49.160000,36.899082,5255600
2015-10-16,49.200001,49.680000,49.189999,49.630001,37.251877,6921900
2015-10-19,49.630001,49.860001,49.480000,49.849998,37.416996,6284300
2015-10-20,49.840000,49.910000,49.740002,49.820000,37.394474,6078400
2015-10-21,49.730000,50.169998,49.730000,49.830002,37.401993,14418900
2015-10-22,50.029999,50.889999,49.950001,50.820000,38.145069,13590300
2015-10-23,51.000000,51.130001,50.459999,50.740002,38.085026,13360200
2015-10-26,50.740002,50.840000,50.560001,50.639999,38.009964,8893000
2015-10-27,50.480000,50.709999,50.320000,50.709999,38.062500,5126200
2015-10-28,50.720001,50.730000,49.880001,50.419998,37.844830,10430900
2015-10-29,50.400002,50.549999,50.160000,50.439999,37.859837,5606900
2015-10-30,50.279999,50.279999,49.869999,49.880001,37.439514,8577100
2015-11-02,49.910000,50.189999,49.840000,50.180000,37.664692,13054000
2015-11-03,49.889999,50.070000,49.590000,49.939999,37.484554,12452900
2015-11-04,50.000000,50.090000,49.540001,49.730000,37.326923,8067600
2015-11-05,49.680000,49.799999,49.439999,49.720001,37.319420,9691800
2015-11-06,49.490002,49.580002,48.820000,49.180000,36.914093,13747200
2015-11-09,48.939999,49.020000,48.580002,48.849998,36.666393,7896000
2015-11-10,48.799999,49.060001,48.799999,48.980000,36.763988,7438600
2015-11-11,48.900002,49.220001,48.900002,48.910000,36.711441,7264700
2015-11-12,48.790001,48.840000,48.250000,48.250000,36.216045,8473500
2015-11-13,48.110001,48.330002,47.790001,47.830002,35.900795,9112400
2015-11-16,47.669998,48.660000,47.669998,48.650002,36.516289,9734900
2015-11-17,48.779999,49.029999,48.490002,48.630001,36.501286,8056200
2015-11-18,48.770000,49.330002,48.700001,49.299999,37.004173,7826200
2015-11-19,49.330002,49.650002,49.320000,49.430000,37.101746,7421100
2015-11-20,49.650002,49.880001,49.040001,49.080002,36.839046,5487200
2015-11-23,49.090000,49.599998,49.090000,49.509998,37.161789,5316600
2015-11-24,49.389999,49.770000,49.169998,49.639999,37.259357,9786000
2015-11-25,49.639999,49.889999,49.599998,49.770000,37.356949,5599000
2015-11-27,49.750000,50.070000,49.750000,49.959999,37.499554,2712600
2015-11-30,49.970001,50.070000,49.410000,49.419998,37.094231,10355200
2015-12-01,49.520000,49.869999,49.520000,49.840000,37.409489,10807900
2015-12-02,49.770000,49.910000,49.520000,49.590000,37.221840,7832000
2015-12-03,49.770000,49.950001,49.139999,49.330002,37.026691,12556000
2015-12-04,49.459999,50.480000,49.259998,50.439999,37.859837,12783200
2015-12-07,50.630001,50.740002,50.380001,50.580002,37.964924,9022000
2015-12-08,50.259998,50.560001,50.150002,50.450001,37.867344,6436400
2015-12-09,50.169998,50.709999,49.770000,49.970001,37.507065,18821800
2015-12-10,50.080002,50.349998,49.880001,50.029999,37.552105,7842700
2015-12-11,49.529999,49.830002,49.340000,49.480000,37.139278,11597900
2015-12-14,49.480000,50.009998,49.290001,49.970001,37.507065,16609500
2015-12-15,50.360001,50.529999,50.099998,50.290001,37.747253,11557500
2015-12-16,50.509998,51.369999,50.500000,51.259998,38.475327,20860400
2015-12-17,51.259998,51.259998,50.590000,50.599998,37.979946,10235700
2015-12-18,50.180000,50.180000,49.340000,49.340000,37.306988,14720600
2015-12-21,49.669998,49.910000,49.470001,49.900002,37.730427,8155500
2015-12-22,49.980000,50.610001,49.869999,50.549999,38.221905,7185700
2015-12-23,50.770000,50.990002,50.680000,50.919998,38.501667,6464100
2015-12-24,50.810001,51.020000,50.810001,50.869999,38.463852,2312100
2015-12-28,50.650002,50.810001,50.599998,50.799999,38.410927,4620900
2015-12-29,51.130001,51.290001,50.910000,51.240002,38.743622,4134000
2015-12-30,51.209999,51.270000,51.000000,51.060001,38.607525,6942900
2015-12-31,50.889999,50.900002,50.430000,50.490002,38.176529,6801400
2016-01-04,49.830002,49.849998,49.349998,49.849998,37.692608,17281200
2016-01-05,49.970001,50.290001,49.840000,50.169998,37.934574,8630500
2016-01-06,49.669998,50.200001,49.639999,50.000000,37.806034,12429100
2016-01-07,49.439999,49.930000,49.220001,49.400002,37.352367,16031500
2016-01-08,49.720001,49.720001,48.919998,49.020000,37.065025,14691000
2016-01-11,49.320000,49.660000,49.000000,49.480000,37.412849,15890200
2016-01-12,49.779999,49.950001,49.349998,49.750000,37.617001,13171500
2016-01-13,49.810001,49.849998,48.790001,48.840000,36.928928,19407900
2016-01-14,48.980000,49.410000,48.750000,49.070000,37.102837,19025800
2016-01-15,48.240002,48.619999,47.919998,48.299999,36.520630,24210900
2016-01-19,48.790001,49.060001,48.570000,48.880001,36.959175,14945200
2016-01-20,48.340000,48.560001,47.389999,48.270000,36.497940,28302800
2016-01-21,48.310001,48.669998,48.009998,48.459999,36.641617,21001000
2016-01-22,49.009998,49.389999,48.630001,49.290001,37.269188,13754500
2016-01-25,48.490002,49.270000,48.410000,48.849998,36.936485,15869400
2016-01-26,49.000000,49.619999,48.950001,49.299999,37.276749,10523400
2016-01-27,49.369999,49.869999,48.950001,49.250000,37.238930,17247400
2016-01-28,49.419998,49.930000,49.270000,49.750000,37.617001,15649200
2016-01-29,50.090000,50.830002,49.860001,50.759998,38.380680,20576300
2016-02-01,50.650002,51.139999,50.500000,50.930000,38.509216,18573100
2016-02-02,50.560001,50.560001,50.160000,50.279999,38.017742,14068600
2016-02-03,50.470001,50.560001,49.700001,50.169998,37.934574,25209800
2016-02-04,49.950001,50.009998,49.470001,49.709999,37.586746,21240800
2016-02-05,49.799999,49.950001,49.369999,49.630001,37.526272,20073300
2016-02-08,49.299999,49.639999,48.889999,49.500000,37.427959,21546900
2016-02-09,49.110001,50.099998,49.070000,49.830002,37.677494,24376300
2016-02-10,50.009998,50.299999,49.709999,49.770000,37.632114,14798700
2016-02-11,49.180000,49.599998,48.880001,49.369999,37.329674,26010400
2016-02-12,49.669998,50.080002,49.439999,50.070000,37.858959,12464000
2016-02-16,50.500000,50.540001,50.090000,50.470001,38.161419,15217700
2016-02-17,50.689999,51.139999,50.540001,50.990002,38.554585,11040500
2016-02-18,50.820000,50.919998,50.490002,50.759998,38.380680,13101900
2016-02-19,50.619999,50.939999,50.340000,50.840000,38.441185,9795000
2016-02-22,51.130001,51.240002,50.950001,51.090000,38.630196,9152000
2016-02-23,50.990002,51.180000,50.869999,51.080002,38.622643,9986500
2016-02-24,50.840000,51.299999,50.580002,51.240002,38.743622,13271700
2016-02-25,51.369999,51.849998,51.250000,51.820000,39.182163,9512000
2016-02-26,51.959999,51.959999,50.990002,51.090000,38.630196,28143900
2016-02-29,51.060001,51.459999,50.910000,50.919998,38.501667,13596800
2016-03-01,51.209999,51.500000,51.130001,51.410000,38.872158,13169700
2016-03-02,51.470001,51.560001,51.150002,51.560001,38.985577,16157700
2016-03-03,51.349998,51.820000,51.169998,51.820000,39.182163,10743600
2016-03-04,51.799999,52.169998,51.599998,52.040001,39.348526,17384700
2016-03-07,51.820000,52.000000,51.630001,51.720001,39.106556,14095900
2016-03-08,51.580002,52.150002,51.490002,51.869999,39.219978,11554900
2016-03-09,52.029999,52.330002,52.020000,52.259998,39.514866,11307500
2016-03-10,52.450001,52.570000,51.830002,52.279999,39.529987,13004500
2016-03-11,52.540001,52.650002,52.259998,52.450001,39.658527,12880500
2016-03-14,52.419998,52.540001,52.259998,52.419998,39.635841,10645100
2016-03-15,52.270000,52.619999,52.180000,52.549999,39.734142,6523700
2016-03-16,52.509998,52.790001,52.150002,52.669998,39.824879,13743400
2016-03-17,52.650002,53.160000,52.599998,52.990002,40.066837,13903400
2016-03-18,52.810001,52.860001,52.570000,52.650002,40.014397,13037000
2016-03-21,52.669998,52.869999,52.439999,52.680000,40.037193,11421400
2016-03-22,52.509998,52.650002,52.290001,52.369999,39.801586,9853200
2016-03-23,52.259998,52.939999,52.240002,52.380001,39.809189,11304300
2016-03-24,52.200001,52.369999,52.150002,52.320000,39.763588,9455500
2016-03-28,52.380001,52.709999,52.380001,52.599998,39.976387,7363500
2016-03-29,52.570000,53.009998,52.500000,52.990002,40.272800,10354700
2016-03-30,53.169998,53.340000,53.040001,53.340000,40.538803,8932300
2016-03-31,53.250000,53.340000,53.000000,53.060001,40.325993,8297400
2016-04-01,52.840000,53.770000,52.770000,53.619999,40.751606,14840300
2016-04-04,53.689999,53.750000,53.360001,53.639999,40.766800,12949000
2016-04-05,53.419998,53.540001,53.160000,53.279999,40.493195,11748800
2016-04-06,53.139999,53.709999,53.139999,53.700001,40.812397,11672400
2016-04-07,53.340000,53.529999,52.950001,53.119999,40.371601,11243400
2016-04-08,53.349998,53.470001,53.240002,53.410000,40.591999,7040200
2016-04-11,53.470001,53.639999,52.990002,53.029999,40.303188,6694100
2016-04-12,53.040001,53.419998,53.040001,53.360001,40.553997,9361100
2016-04-13,53.490002,53.549999,52.709999,52.950001,40.242397,14780000
2016-04-14,52.919998,53.049999,52.669998,52.709999,40.059994,11811300
2016-04-15,52.700001,53.060001,52.639999,53.040001,40.310795,12384200
2016-04-18,52.950001,53.340000,52.910000,53.340000,40.538803,8476800
2016-04-19,53.230000,53.360001,53.070000,53.310001,40.515999,5980100
2016-04-20,53.220001,53.220001,52.580002,52.709999,40.059994,20207300
2016-04-21,52.509998,52.580002,51.730000,51.770000,39.345585,30667400
2016-04-22,51.599998,51.959999,51.540001,51.959999,39.489990,22004200
2016-04-25,51.669998,52.320000,51.660000,52.320000,39.763588,8947300
2016-04-26,52.450001,52.480000,52.020000,52.110001,39.603992,10821800
2016-04-27,52.299999,52.520000,51.910000,52.360001,39.793980,12012100
2016-04-28,52.160000,52.720001,52.150002,52.410000,39.831997,11547000
2016-04-29,52.400002,52.410000,51.990002,52.299999,39.748390,13198500
2016-05-02,52.450001,52.950001,52.279999,52.900002,40.204403,14096300
2016-05-03,52.709999,53.009998,52.650002,52.799999,40.128391,12837300
2016-05-04,52.650002,53.060001,52.500000,52.959999,40.249981,11003200
2016-05-05,52.840000,53.259998,52.799999,52.970001,40.257603,10555900
2016-05-06,52.889999,53.240002,52.720001,53.240002,40.462795,8435400
2016-05-09,53.270000,53.680000,53.150002,53.529999,40.683197,9845100
2016-05-10,53.700001,54.060001,53.639999,54.060001,41.085999,8567400
2016-05-11,53.980000,54.040001,53.610001,53.630001,40.759193,6462100
2016-05-12,53.750000,54.029999,53.639999,53.919998,40.979599,11906400
2016-05-13,53.790001,53.869999,53.150002,53.240002,40.462795,10657700
2016-05-16,53.139999,53.700001,53.099998,53.580002,40.721203,8139300
2016-05-17,53.380001,53.549999,52.389999,52.529999,39.923191,19898200
2016-05-18,52.240002,52.400002,51.720001,51.919998,39.459576,20120200
2016-05-19,52.080002,52.450001,51.950001,52.430000,39.847187,13237300
2016-05-20,52.570000,52.599998,52.099998,52.160000,39.641998,7050800
2016-05-23,52.250000,52.349998,52.110001,52.209999,39.679993,8546700
2016-05-24,52.330002,52.770000,52.310001,52.650002,40.014397,11258200
2016-05-25,52.750000,52.950001,52.630001,52.730000,40.075188,9767300
2016-05-26,52.790001,53.060001,52.790001,52.939999,40.234783,7957000
2016-05-27,53.000000,53.090000,52.830002,53.000000,40.280392,7873000
2016-05-31,53.080002,53.160000,52.540001,52.660000,40.021996,8766400
2016-06-01,52.700001,53.200001,52.700001,53.200001,40.432388,10175800
2016-06-02,53.090000,53.220001,52.910000,53.220001,40.447590,6309800
2016-06-03,53.320000,53.580002,53.110001,53.560001,40.705997,13362500
2016-06-06,53.650002,53.759998,53.360001,53.619999,40.751606,10778100
2016-06-07,53.660000,53.770000,53.470001,53.560001,40.705997,5572800
2016-06-08,53.549999,53.900002,53.439999,53.880001,40.949207,6024500
2016-06-09,53.779999,54.119999,53.770000,54.090000,41.108810,5946800
2016-06-10,53.820000,54.220001,53.759998,54.130001,41.139202,10563900
2016-06-13,54.130001,54.220001,53.680000,53.680000,40.797195,9091800
2016-06-14,53.660000,53.910000,53.340000,53.889999,40.956806,9530900
2016-06-15,53.880001,54.029999,53.660000,53.730000,40.835201,9347600
2016-06-16,53.560001,54.040001,53.480000,54.009998,41.047993,12205700
2016-06-17,53.610001,53.689999,53.119999,53.470001,40.882088,10077500
2016-06-20,53.810001,53.980000,53.570000,53.639999,41.012070,6497500
2016-06-21,53.709999,53.919998,53.689999,53.779999,41.119106,6879100
2016-06-22,53.849998,54.000000,53.750000,53.810001,41.142052,5408300
2016-06-23,54.020000,54.139999,53.869999,54.139999,41.394360,5642500
2016-06-24,53.150002,53.779999,52.880001,53.099998,40.599190,23775900
2016-06-27,53.020000,53.110001,52.650002,52.990002,40.515087,19305900
2016-06-28,53.439999,53.439999,52.840000,53.320000,40.767403,11868600
2016-06-29,53.599998,53.970001,53.430000,53.939999,41.241436,10821000
2016-06-30,54.009998,55.150002,54.000000,55.150002,42.166580,20984800
2016-07-01,55.250000,55.270000,54.869999,54.889999,41.967789,14933900
2016-07-05,54.820000,55.549999,54.820000,55.200001,42.204815,19917100
2016-07-06,55.189999,55.340000,54.910000,55.250000,42.243042,19540000
2016-07-07,55.389999,55.490002,55.029999,55.139999,42.158932,15618100
2016-07-08,55.349998,55.740002,55.180000,55.689999,42.579449,10227500
2016-07-11,55.700001,55.869999,55.419998,55.700001,42.587105,8213900
2016-07-12,55.610001,55.689999,55.380001,55.400002,42.357735,15270800
2016-07-13,55.470001,55.779999,55.360001,55.709999,42.594742,9398800
2016-07-14,55.680000,56.020000,55.599998,55.700001,42.587105,15486400
2016-07-15,55.740002,55.959999,55.590000,55.700001,42.587105,10722200
2016-07-18,55.700001,55.740002,55.549999,55.639999,42.541225,9656800
2016-07-19,55.480000,55.599998,55.330002,55.599998,42.510647,5295600
2016-07-20,55.590000,55.660000,55.369999,55.400002,42.357735,6073200
2016-07-21,55.320000,55.349998,55.029999,55.240002,42.235401,6682400
2016-07-22,55.349998,55.529999,55.279999,55.500000,42.434181,10602400
2016-07-25,55.450001,55.490002,55.189999,55.439999,42.388313,4033400
2016-07-26,55.369999,55.540001,54.970001,55.009998,42.059536,11737800
2016-07-27,54.939999,54.939999,54.040001,54.189999,41.432583,21562400
2016-07-28,54.509998,54.529999,54.029999,54.430000,41.616085,10873800
2016-07-29,54.500000,54.779999,54.389999,54.700001,41.822525,9262200
2016-08-01,54.660000,54.869999,54.500000,54.759998,41.868389,14918200
2016-08-02,54.779999,54.889999,54.450001,54.680000,41.807236,11733500
2016-08-03,54.770000,54.770000,54.230000,54.380001,41.577866,13290800
2016-08-04,54.470001,54.720001,54.330002,54.500000,41.669609,8943200
2016-08-05,54.720001,54.869999,54.480000,54.590000,41.738419,12028500
2016-08-08,54.820000,54.860001,54.360001,54.529999,41.692551,8057700
2016-08-09,54.529999,54.900002,54.529999,54.700001,41.822525,7840900
2016-08-10,54.849998,55.009998,54.790001,54.900002,41.975441,7303600
2016-08-11,55.180000,55.180000,54.880001,54.900002,41.975441,8083000
2016-08-12,55.000000,55.150002,54.959999,55.090000,42.120712,8783800
2016-08-15,55.160000,55.250000,54.950001,54.950001,42.013668,8568200
2016-08-16,54.869999,54.880001,54.700001,54.709999,41.830166,6712100
2016-08-17,54.689999,54.939999,54.490002,54.860001,41.944855,12552000
2016-08-18,54.950001,55.110001,54.950001,55.049999,42.090134,6683700
2016-08-19,54.980000,54.990002,54.810001,54.919998,41.990726,5846500
2016-08-22,54.919998,55.060001,54.820000,55.000000,42.051895,9938600
2016-08-23,55.029999,55.130001,54.869999,54.889999,41.967789,5687400
2016-08-24,54.869999,54.980000,54.580002,54.799999,41.898975,7793500
2016-08-25,54.830002,54.830002,54.480000,54.590000,41.738419,7359700
2016-08-26,54.639999,54.860001,54.160000,54.310001,41.524334,13499700
2016-08-29,54.410000,54.630001,54.360001,54.630001,41.769012,8202800
2016-08-30,54.529999,54.610001,54.230000,54.310001,41.524334,7950900
2016-08-31,54.259998,54.439999,54.189999,54.380001,41.577866,8154900
2016-09-01,54.160000,54.450001,54.110001,54.400002,41.593155,16677600
2016-09-02,54.599998,54.950001,54.560001,54.820000,41.914265,10966300
2016-09-06,54.830002,54.959999,54.560001,54.939999,42.006012,9273300
2016-09-07,54.840000,54.939999,54.349998,54.459999,41.639008,13418500
2016-09-08,54.250000,54.410000,54.060001,54.160000,41.409653,13344400
2016-09-09,53.689999,53.790001,52.689999,52.689999,40.285717,24921600
2016-09-12,52.630001,53.759998,52.630001,53.680000,41.042660,23542700
2016-09-13,53.400002,53.459999,52.910000,53.020000,40.538025,21780500
2016-09-14,53.049999,53.240002,52.709999,52.860001,40.415699,19396200
2016-09-15,52.740002,53.349998,52.689999,53.290001,40.744453,10119900
2016-09-16,52.900002,52.950001,52.480000,52.790001,40.612137,14475100
2016-09-19,52.799999,52.990002,52.680000,52.680000,40.527519,9579400
2016-09-20,52.930000,53.020000,52.810001,52.820000,40.635220,9705900
2016-09-21,52.830002,53.240002,52.549999,53.110001,40.858322,24882700
2016-09-22,53.299999,53.680000,53.299999,53.580002,41.219906,17316000
2016-09-23,53.590000,53.599998,53.320000,53.340000,41.035255,12930800
2016-09-26,53.200001,53.220001,52.840000,52.889999,40.689072,12797200
2016-09-27,52.889999,53.259998,52.860001,53.110001,40.858322,12608700
2016-09-28,53.220001,53.320000,52.959999,53.200001,40.927551,9757500
2016-09-29,53.169998,53.200001,52.639999,52.680000,40.527519,15094000
2016-09-30,52.930000,53.389999,52.930000,53.209999,40.935261,17343100
2016-10-03,53.119999,53.160000,52.770000,52.869999,40.673683,11454200
2016-10-04,52.830002,52.869999,52.320000,52.419998,40.327496,13346600
2016-10-05,52.509998,52.599998,52.240002,52.369999,40.289028,15203800
2016-10-06,52.169998,52.599998,52.090000,52.470001,40.365967,15413300
2016-10-07,52.490002,52.599998,51.959999,52.330002,40.258259,11403000
2016-10-10,52.450001,52.639999,52.230000,52.330002,40.258259,8661700
2016-10-11,52.290001,52.330002,51.869999,52.060001,40.050541,19642600
2016-10-12,52.150002,52.480000,52.049999,52.349998,40.273636,7145400
2016-10-13,51.990002,52.509998,51.930000,52.360001,40.281334,19180700
2016-10-14,52.380001,52.619999,52.290001,52.369999,40.289028,10659100
2016-10-17,52.389999,52.459999,52.090000,52.119999,40.096695,8465000
2016-10-18,52.360001,52.580002,52.270000,52.279999,40.219772,7844900
2016-10-19,52.180000,52.270000,51.900002,51.980000,39.988998,9032000
2016-10-20,51.950001,52.130001,51.820000,51.950001,39.965919,12176300
2016-10-21,52.130001,52.299999,52.009998,52.230000,40.181328,14028200
2016-10-24,52.290001,52.689999,52.290001,52.570000,40.442890,7609500
2016-10-25,52.790001,52.889999,52.720001,52.759998,40.589062,9414600
2016-10-26,52.799999,52.900002,52.610001,52.689999,40.535217,12417600
2016-10-27,52.669998,52.880001,52.380001,52.450001,40.350563,17905700
2016-10-28,52.410000,52.849998,52.320000,52.669998,40.519817,12751000
2016-10-31,52.709999,52.930000,52.669998,52.799999,40.619839,8579100
2016-11-01,52.799999,52.889999,52.400002,52.570000,40.442890,11342100
2016-11-02,52.439999,52.740002,52.400002,52.439999,40.342880,9703300
2016-11-03,52.599998,52.610001,52.009998,52.080002,40.065933,15641600
2016-11-04,52.000000,52.080002,51.570000,51.610001,39.704342,11992400
2016-11-07,52.049999,52.509998,52.020000,52.480000,40.373661,11763000
2016-11-08,52.099998,52.860001,52.049999,52.700001,40.542915,13406800
2016-11-09,51.619999,52.150002,51.270000,51.980000,39.988998,34557200
2016-11-10,52.000000,52.000000,50.490002,50.590000,38.919643,52820800
2016-11-11,50.450001,50.709999,50.209999,50.540001,38.881199,20828100
2016-11-14,50.540001,50.580002,50.259998,50.450001,38.811951,20591800
2016-11-15,50.549999,50.840000,50.470001,50.759998,39.050442,23028700
2016-11-16,50.770000,50.990002,50.689999,50.770000,39.058132,16034200
2016-11-17,50.730000,50.779999,50.450001,50.680000,38.988876,15626700
2016-11-18,50.680000,50.720001,50.430000,50.500000,38.850403,14786100
2016-11-21,50.500000,50.860001,50.340000,50.840000,39.111992,18968700
2016-11-22,50.990002,51.200001,50.959999,51.099998,39.311989,11991800
2016-11-23,50.900002,51.070000,50.750000,50.820000,39.096592,14783600
2016-11-25,50.930000,51.230000,50.930000,51.220001,39.404316,10823500
2016-11-28,51.209999,51.419998,51.090000,51.330002,39.488953,15116500
2016-11-29,51.340000,51.459999,51.220001,51.400002,39.542793,7915400
2016-11-30,51.139999,51.290001,50.570000,50.580002,38.911964,16837600
2016-12-01,50.389999,50.439999,49.980000,50.250000,38.658066,33621100
2016-12-02,50.380001,50.610001,50.349998,50.570000,38.904259,21587200
2016-12-05,50.580002,50.709999,50.480000,50.630001,38.950417,21223400
2016-12-06,50.610001,50.779999,50.580002,50.779999,39.065819,16546300
2016-12-07,50.759998,51.549999,50.750000,51.509998,39.627419,11756500
2016-12-08,51.310001,51.549999,51.209999,51.299999,39.465862,17006400
2016-12-09,51.330002,52.049999,51.330002,52.040001,40.035156,14415900
2016-12-12,51.910000,52.299999,51.910000,52.250000,40.196716,9935900
2016-12-13,52.349998,52.610001,52.230000,52.490002,40.381355,10452400
2016-12-14,52.520000,52.689999,51.779999,51.919998,39.942829,25363200
2016-12-15,51.919998,52.310001,51.759998,52.139999,40.112080,16154500
2016-12-16,51.919998,52.080002,51.810001,52.049999,40.341503,15871100
2016-12-19,52.110001,52.230000,51.970001,52.150002,40.419018,7523200
2016-12-20,52.169998,52.169998,51.810001,52.049999,40.341503,15316900
2016-12-21,52.000000,52.290001,52.000000,52.040001,40.333759,6553100
2016-12-22,51.980000,52.070000,51.869999,51.959999,40.271748,6537200
2016-12-23,51.930000,52.099998,51.930000,52.060001,40.349255,6484300
2016-12-27,52.020000,52.150002,51.959999,52.049999,40.341503,13378500
2016-12-28,52.009998,52.040001,51.730000,51.730000,40.093483,8643600
2016-12-29,51.759998,52.029999,51.730000,51.970001,40.279499,10299400
2016-12-30,51.980000,52.080002,51.599998,51.709999,40.077980,8049900
2017-01-03,51.750000,51.970001,51.599998,51.900002,40.225235,21730000
2017-01-04,51.970001,52.150002,51.889999,51.900002,40.225235,9144600
2017-01-05,51.889999,52.139999,51.700001,52.070000,40.356998,12312500
2017-01-06,51.970001,52.150002,51.779999,52.119999,40.395748,9092400
2017-01-09,51.919998,51.959999,51.650002,51.700001,40.070240,6903200
2017-01-10,51.650002,51.730000,51.360001,51.439999,39.868717,10344300
2017-01-11,51.349998,51.619999,51.349998,51.540001,39.946224,12087500
2017-01-12,51.520000,51.610001,51.439999,51.490002,39.907486,13257600
2017-01-13,51.490002,51.619999,51.389999,51.520000,39.930725,6517700
2017-01-17,51.560001,52.279999,51.509998,52.250000,40.496521,19030100
2017-01-18,52.200001,52.450001,52.200001,52.430000,40.636028,11652100
2017-01-19,52.369999,52.369999,52.119999,52.240002,40.488766,17283400
2017-01-20,52.490002,52.770000,52.310001,52.580002,40.752285,11015600
2017-01-23,52.580002,52.610001,52.389999,52.560001,40.736771,16203800
2017-01-24,52.599998,52.959999,52.580002,52.910000,41.008045,10242500
2017-01-25,53.029999,53.099998,52.889999,52.900002,41.000301,8816800
2017-01-26,52.919998,52.930000,52.669998,52.669998,40.822037,9985400
2017-01-27,52.540001,52.680000,52.240002,52.380001,40.597263,16358700
2017-01-30,52.230000,52.410000,52.189999,52.340000,40.566257,9951700
2017-01-31,52.340000,52.590000,52.250000,52.590000,40.760036,12061300
2017-02-01,52.340000,52.500000,52.169998,52.180000,40.442253,18479800
2017-02-02,52.419998,52.869999,52.419998,52.660000,40.814281,18747500
2017-02-03,52.930000,53.150002,52.790001,53.000000,41.077808,17954700
2017-02-06,52.970001,52.980000,52.709999,52.709999,40.853039,19067900
2017-02-07,52.810001,53.240002,52.810001,53.139999,41.186310,8364400
2017-02-08,53.200001,53.459999,53.119999,53.360001,41.356823,8559200
2017-02-09,53.299999,53.669998,53.209999,53.580002,41.527332,8840900
2017-02-10,53.610001,53.689999,53.419998,53.619999,41.558346,9354200
2017-02-13,53.700001,53.770000,53.470001,53.619999,41.558346,14059100
2017-02-14,53.490002,53.730000,53.299999,53.630001,41.566086,10483300
2017-02-15,53.750000,54.160000,53.639999,54.119999,41.945850,12675900
2017-02-16,54.060001,54.209999,53.810001,54.189999,42.000114,11377300
2017-02-17,54.029999,54.520000,53.930000,54.459999,42.209370,15581800
2017-02-21,54.619999,55.090000,54.560001,54.950001,42.589153,16500000
2017-02-22,54.900002,55.029999,54.820000,54.959999,42.596912,8099000
2017-02-23,55.000000,55.310001,54.959999,55.090000,42.697674,9790300
2017-02-24,55.029999,55.299999,54.990002,55.279999,42.844929,7762200
2017-02-27,55.189999,55.189999,54.910000,55.029999,42.651169,12707400
2017-02-28,54.939999,55.220001,54.880001,55.099998,42.705410,17735500
2017-03-01,55.130001,55.480000,55.049999,55.360001,42.906933,16716100
2017-03-02,55.299999,55.470001,55.189999,55.349998,42.899178,9988500
2017-03-03,55.180000,55.230000,54.900002,55.139999,42.736408,10083200
2017-03-06,54.950001,54.980000,54.810001,54.900002,42.550400,6686600
2017-03-07,54.759998,54.939999,54.750000,54.830002,42.496147,7846500
2017-03-08,54.689999,54.799999,54.639999,54.709999,42.403137,10788000
2017-03-09,54.689999,54.889999,54.689999,54.799999,42.472897,7025300
2017-03-10,55.029999,55.119999,54.900002,55.049999,42.666676,6530200
2017-03-13,55.000000,55.160000,54.930000,55.090000,42.697674,10658000
2017-03-14,55.020000,55.139999,54.900002,54.930000,42.573666,7890800
2017-03-15,55.000000,55.500000,55.000000,55.340000,42.891426,14102900
2017-03-16,55.349998,55.419998,55.230000,55.419998,42.953434,8727200
2017-03-17,55.169998,55.360001,54.980000,54.980000,42.836559,16469400
2017-03-20,55.029999,55.160000,54.990002,55.090000,42.922276,6559200
2017-03-21,55.110001,55.270000,54.970001,55.040001,42.883297,13135500
2017-03-22,55.119999,55.209999,54.799999,54.930000,42.797615,7094700
2017-03-23,54.880001,55.080002,54.720001,54.810001,42.704121,7474700
2017-03-24,54.810001,54.889999,54.520000,54.700001,42.618408,8343300
2017-03-27,54.500000,54.720001,54.410000,54.650002,42.579449,5739500
2017-03-28,54.450001,54.889999,54.450001,54.750000,42.657356,8810200
2017-03-29,54.700001,54.919998,54.660000,54.849998,42.735264,5558200
2017-03-30,54.799999,54.900002,54.689999,54.740002,42.649563,5399100
2017-03-31,54.669998,54.810001,54.580002,54.580002,42.524906,4762300
2017-04-03,54.660000,54.720001,54.400002,54.490002,42.454792,10666600
2017-04-04,54.529999,54.660000,54.430000,54.650002,42.579449,5284000
2017-04-05,54.660000,54.900002,54.480000,54.549999,42.501545,7268100
2017-04-06,54.599998,54.770000,54.509998,54.549999,42.501545,5061000
2017-04-07,54.599998,54.849998,54.580002,54.700001,42.618408,7629900
2017-04-10,54.720001,54.950001,54.619999,54.860001,42.743065,5260600
2017-04-11,54.869999,54.930000,54.689999,54.880001,42.758648,6325100
2017-04-12,54.840000,55.119999,54.810001,55.090000,42.922276,7377400
2017-04-13,55.049999,55.099998,54.820000,54.840000,42.727474,6719100
2017-04-17,54.930000,55.230000,54.919998,55.230000,43.031342,10585800
2017-04-18,55.160000,55.639999,55.060001,55.480000,43.226128,11085500
2017-04-19,55.549999,55.590000,55.189999,55.270000,43.062515,7254600
2017-04-20,55.080002,55.250000,54.970001,55.160000,42.976810,9738200
2017-04-21,55.130001,55.169998,54.970001,55.000000,42.852139,8435700
2017-04-24,55.160000,55.590000,55.160000,55.500000,43.241695,9831700
2017-04-25,55.529999,55.799999,55.509998,55.720001,43.413113,7292900
2017-04-26,55.740002,55.740002,55.240002,55.270000,43.062515,7930800
2017-04-27,55.349998,55.380001,55.110001,55.200001,43.007973,5861400
2017-04-28,55.040001,55.200001,54.889999,55.180000,42.992386,7034800
2017-05-01,55.259998,55.259998,54.919998,54.970001,42.828762,8353900
2017-05-02,54.849998,54.959999,54.549999,54.599998,42.540493,7672100
2017-05-03,54.650002,54.740002,54.480000,54.650002,42.579449,10973800
2017-05-04,54.790001,55.360001,54.740002,55.070000,42.906677,11587700
2017-05-05,55.220001,55.279999,55.049999,55.220001,43.023544,8539500
2017-05-08,55.259998,55.259998,55.090000,55.200001,43.007973,5323400
2017-05-09,55.180000,55.279999,54.910000,55.000000,42.852139,7256900
2017-05-10,55.029999,55.110001,54.959999,55.040001,42.883297,5232300
2017-05-11,54.970001,55.119999,54.880001,55.119999,42.945629,5058900
2017-05-12,55.070000,55.110001,54.930000,54.959999,42.820984,5478800
2017-05-15,54.930000,55.200001,54.930000,55.139999,42.961224,7303700
2017-05-16,55.310001,55.389999,55.049999,55.090000,42.922276,4797100
2017-05-17,55.000000,55.200001,54.860001,55.009998,42.859932,14021700
2017-05-18,55.029999,55.180000,54.869999,55.049999,42.891113,7906600
2017-05-19,55.070000,55.450001,54.990002,55.349998,43.124836,6277600
2017-05-22,55.360001,55.740002,55.349998,55.660000,43.366360,7101800
2017-05-23,55.740002,55.980000,55.689999,55.720001,43.413113,7518500
2017-05-24,55.759998,55.980000,55.689999,55.939999,43.584518,5136700
2017-05-25,56.020000,56.439999,56.000000,56.290001,43.857227,6036600
2017-05-26,56.330002,56.509998,56.320000,56.500000,44.020851,4207600
2017-05-30,56.380001,56.529999,56.290001,56.480000,44.005260,4250900
2017-05-31,56.529999,56.799999,56.529999,56.639999,44.129932,9780100
2017-06-01,56.709999,57.099998,56.529999,57.099998,44.488323,23243900
2017-06-02,57.250000,57.290001,56.980000,57.270000,44.620770,17247900
2017-06-05,57.200001,57.360001,57.029999,57.330002,44.667522,17359600
2017-06-06,57.279999,57.330002,57.080002,57.189999,44.558445,14846500
2017-06-07,57.070000,57.250000,57.049999,57.169998,44.542850,10077700
2017-06-08,57.139999,57.150002,56.580002,56.740002,44.207844,10593400
2017-06-09,56.700001,56.830002,56.520000,56.669998,44.153290,13410200
2017-06-12,56.689999,56.919998,56.529999,56.660000,44.145496,11442400
2017-06-13,56.660000,56.799999,56.439999,56.750000,44.215618,9520600
2017-06-14,56.980000,57.230000,56.910000,57.110001,44.496109,16040200
2017-06-15,56.830002,57.070000,56.630001,56.980000,44.394810,10361100
2017-06-16,56.049999,56.070000,55.450001,55.950001,43.928452,26268000
2017-06-19,56.080002,56.220001,55.709999,56.220001,44.140438,7883100
2017-06-20,56.270000,56.299999,55.990002,56.000000,43.967712,7231700
2017-06-21,56.000000,56.119999,55.779999,55.840000,43.842083,12517800
2017-06-22,55.759998,55.790001,55.450001,55.470001,43.551590,7227600
2017-06-23,55.459999,55.660000,55.419998,55.490002,43.567276,10146400
2017-06-26,55.660000,55.889999,55.610001,55.709999,43.740017,6590500
2017-06-27,55.599998,55.759998,55.220001,55.230000,43.363159,10585500
2017-06-28,55.560001,55.669998,55.410000,55.430000,43.520180,10734300
2017-06-29,55.360001,55.509998,54.639999,54.840000,43.056957,19058600
2017-06-30,55.049999,55.150002,54.930000,54.939999,43.135456,11222600
2017-07-03,54.980000,55.209999,54.869999,54.889999,43.096203,5782600
2017-07-05,54.880001,55.000000,54.790001,54.849998,43.064789,15837000
2017-07-06,54.660000,54.830002,54.529999,54.540001,42.821404,7893700
2017-07-07,54.590000,54.700001,54.360001,54.509998,42.797844,9841500
2017-07-10,54.560001,54.560001,54.060001,54.130001,42.499496,9119200
2017-07-11,54.180000,54.200001,53.860001,53.980000,42.381725,11256400
2017-07-12,54.320000,54.470001,54.240002,54.279999,42.617268,8100800
2017-07-13,54.349998,54.410000,54.240002,54.290001,42.625134,10008200
2017-07-14,54.540001,54.799999,54.520000,54.720001,42.962727,6341100
2017-07-17,54.820000,54.840000,54.619999,54.779999,43.009834,7902200
2017-07-18,54.740002,54.869999,54.610001,54.779999,43.009834,5310800
2017-07-19,54.759998,54.980000,54.689999,54.980000,43.166870,5592000
2017-07-20,54.939999,55.160000,54.840000,54.990002,43.174728,9816700
2017-07-21,54.799999,55.099998,54.750000,55.080002,43.245388,7738700
2017-07-24,55.060001,55.090000,54.860001,54.900002,43.104042,9302400
2017-07-25,55.090000,55.320000,55.040001,55.279999,43.402405,13799900
2017-07-26,55.290001,55.410000,55.099998,55.270000,43.394547,7594000
2017-07-27,55.310001,55.820000,55.279999,55.810001,43.818531,12859000
2017-07-28,55.639999,55.869999,54.570000,55.340000,43.449512,18412200
2017-07-31,55.200001,55.450001,55.189999,55.320000,43.433815,7279300
2017-08-01,55.380001,55.529999,55.230000,55.259998,43.386707,19015300
2017-08-02,55.150002,55.310001,54.970001,55.220001,43.355293,17133700
2017-08-03,55.209999,55.500000,55.099998,55.169998,43.316048,17803400
2017-08-04,55.139999,55.320000,54.939999,55.020000,43.198273,17063700
2017-08-07,55.029999,55.470001,55.029999,55.430000,43.520180,16854000
2017-08-08,55.290001,55.450001,55.189999,55.220001,43.355293,9813200
2017-08-09,55.180000,55.349998,55.119999,55.310001,43.425968,7251800
2017-08-10,55.169998,55.340000,55.060001,55.080002,43.245388,6662800
2017-08-11,54.980000,55.349998,54.980000,55.119999,43.276787,4928400
2017-08-14,55.240002,55.520000,55.240002,55.389999,43.488770,10657800
2017-08-15,55.410000,55.750000,55.410000,55.669998,43.708607,11059000
2017-08-16,55.700001,55.939999,55.700001,55.860001,43.857788,5682800
2017-08-17,55.660000,55.930000,55.349998,55.349998,43.457367,6725600
2017-08-18,55.230000,55.389999,55.110001,55.200001,43.339600,6810300
2017-08-21,55.160000,55.500000,55.000000,55.400002,43.496624,6829300
2017-08-22,55.430000,55.570000,55.330002,55.410000,43.504486,7129400
2017-08-23,55.349998,55.410000,55.189999,55.250000,43.378860,5367100
2017-08-24,55.200001,55.349998,54.439999,54.490002,42.782154,11807100
2017-08-25,54.700001,54.889999,54.639999,54.669998,42.923473,7359200
2017-08-28,54.619999,54.689999,54.349998,54.509998,42.797844,6204700
2017-08-29,54.439999,54.750000,54.389999,54.700001,42.947025,6219500
2017-08-30,54.599998,54.790001,54.590000,54.689999,42.939167,6497100
2017-08-31,54.730000,54.810001,54.650002,54.709999,42.954876,10117300
2017-09-01,54.820000,54.980000,54.759998,54.970001,43.159008,17904500
2017-09-05,54.810001,55.090000,54.759998,55.049999,43.221821,20215900
2017-09-06,55.150002,55.330002,55.009998,55.279999,43.402405,17462000
2017-09-07,55.320000,55.439999,55.180000,55.360001,43.465206,16738100
2017-09-08,55.169998,55.270000,54.880001,55.090000,43.253227,9158200
2017-09-11,55.189999,55.509998,55.180000,55.430000,43.520180,9177800
2017-09-12,55.430000,55.560001,55.400002,55.549999,43.614391,7453400
2017-09-13,55.500000,55.779999,55.500000,55.580002,43.637947,7972300
2017-09-14,55.490002,55.610001,55.290001,55.470001,43.551590,5817900
2017-09-15,55.259998,55.259998,55.000000,55.220001,43.627438,12497700
2017-09-18,55.270000,55.389999,55.139999,55.299999,43.690636,8299400
2017-09-19,55.330002,55.360001,55.000000,55.130001,43.556332,6207700
2017-09-20,54.980000,55.049999,54.330002,54.599998,43.137581,11029200
2017-09-21,54.529999,54.580002,54.029999,54.080002,42.726746,10398700
2017-09-22,54.169998,54.169998,53.880001,53.919998,42.600338,11318200
2017-09-25,54.009998,54.360001,53.970001,54.310001,42.908463,9185400
2017-09-26,54.369999,54.520000,54.250000,54.439999,43.011181,17321400
2017-09-27,54.330002,54.380001,53.720001,54.020000,42.679352,11657800
2017-09-28,53.950001,54.169998,53.900002,54.020000,42.679352,7768200
2017-09-29,54.020000,54.150002,53.930000,53.980000,42.647747,14502800
2017-10-02,53.980000,54.200001,53.840000,53.880001,42.568737,17850000
2017-10-03,53.970001,54.040001,53.799999,53.939999,42.616138,20409200
2017-10-04,53.860001,54.320000,53.709999,54.110001,42.750473,21389200
2017-10-05,54.290001,54.490002,54.209999,54.349998,42.940071,19005000
2017-10-06,54.080002,54.169998,53.740002,53.810001,42.513439,7605500
2017-10-09,53.880001,53.959999,53.560001,53.660000,42.394920,12580300
2017-10-10,53.880001,54.270000,53.820000,54.130001,42.766254,10646500
2017-10-11,54.099998,54.389999,54.099998,54.240002,42.853172,10316300
2017-10-12,54.200001,54.520000,54.150002,54.470001,43.034885,8096300
2017-10-13,54.680000,54.709999,54.529999,54.570000,43.113895,8315600
2017-10-16,54.509998,54.619999,54.490002,54.590000,43.129688,4349600
2017-10-17,54.450001,54.500000,54.220001,54.389999,42.971680,10375500
2017-10-18,54.330002,54.410000,54.160000,54.320000,42.916367,4668500
2017-10-19,54.070000,54.119999,53.849998,54.029999,42.687260,8544500
2017-10-20,53.930000,53.959999,53.730000,53.900002,42.584549,11702600
2017-10-23,53.860001,54.130001,53.790001,53.860001,42.552948,7326400
2017-10-24,53.820000,53.889999,53.599998,53.669998,42.402832,10682300
2017-10-25,53.660000,53.750000,53.200001,53.520000,42.284321,12213400
2017-10-26,53.709999,53.939999,53.549999,53.560001,42.315914,14583700
2017-10-27,53.419998,53.490002,52.990002,53.099998,41.952484,10230400
2017-10-30,53.419998,53.419998,52.610001,52.650002,41.596966,9299800
2017-10-31,52.910000,53.209999,52.820000,53.090000,41.944592,10824900
2017-11-01,53.240002,53.400002,53.090000,53.259998,42.078903,7556300
2017-11-02,53.200001,53.290001,52.930000,53.130001,41.976189,10661400
2017-11-03,53.160000,53.310001,53.080002,53.139999,41.984097,5922400
2017-11-06,53.029999,53.040001,52.560001,52.570000,41.533749,10731100
2017-11-07,52.599998,53.160000,52.430000,53.160000,41.999893,9536300
2017-11-08,53.320000,53.740002,53.250000,53.740002,42.458145,12860400
2017-11-09,53.500000,53.910000,53.459999,53.730000,42.450233,10421300
2017-11-10,53.650002,54.330002,53.619999,54.279999,42.884769,7993600
2017-11-13,54.310001,54.810001,54.279999,54.590000,43.129688,7809300
2017-11-14,54.450001,54.820000,54.369999,54.779999,43.279808,8903200
2017-11-15,54.610001,54.660000,54.160000,54.200001,42.821556,10724800
2017-11-16,54.689999,55.110001,54.619999,54.950001,43.414108,11134200
2017-11-17,54.799999,54.950001,54.650002,54.759998,43.263992,7298900
2017-11-20,54.669998,54.880001,54.650002,54.700001,43.216595,6946900
2017-11-21,54.799999,55.110001,54.740002,54.880001,43.358807,10383900
2017-11-22,54.869999,54.930000,54.639999,54.810001,43.303505,10470400
2017-11-24,54.900002,54.959999,54.759998,54.770000,43.271896,2331000
2017-11-27,54.740002,54.900002,54.720001,54.799999,43.295609,8108900
2017-11-28,54.889999,55.250000,54.770000,55.250000,43.651131,6985900
2017-11-29,55.209999,55.750000,55.160000,55.540001,43.880249,14739900
2017-11-30,55.750000,56.200001,55.610001,56.049999,44.283180,14098300
2017-12-01,55.930000,56.209999,55.330002,56.189999,44.393795,29328700
2017-12-04,56.580002,56.770000,56.080002,56.720001,44.812534,22771300
2017-12-05,56.720001,56.930000,56.480000,56.630001,44.741425,22930400
2017-12-06,56.619999,56.990002,56.619999,56.990002,45.025852,16712200
2017-12-07,56.889999,56.919998,56.410000,56.439999,44.591312,7557500
2017-12-08,56.450001,56.590000,56.200001,56.590000,44.709808,8695500
2017-12-11,56.529999,56.610001,56.270000,56.580002,44.701923,6737800
2017-12-12,56.610001,56.810001,56.400002,56.590000,44.709808,6220100
2017-12-13,56.630001,57.040001,56.549999,56.910000,44.962639,11589000
2017-12-14,56.990002,56.990002,56.650002,56.660000,44.765129,9118200
2017-12-15,56.570000,56.959999,56.570000,56.880001,45.272934,9090900
2017-12-18,57.000000,57.310001,56.820000,56.849998,45.249054,8799600
2017-12-19,57.070000,57.180000,56.910000,56.919998,45.304771,7889000
2017-12-20,56.970001,57.020000,56.480000,56.820000,45.225170,13813800
2017-12-21,56.930000,57.020000,56.720001,56.779999,45.193348,5553100
2017-12-22,56.860001,56.959999,56.799999,56.869999,45.264957,4218600
2017-12-26,56.830002,57.119999,56.790001,57.000000,45.368446,8506300
2017-12-27,57.080002,57.200001,56.910000,56.990002,45.360497,5992600
2017-12-28,57.070000,57.139999,56.759998,56.900002,45.288853,7291200
2017-12-29,56.900002,57.189999,56.880001,56.889999,45.280891,5085300
2018-01-02,56.950001,57.020000,56.529999,56.540001,45.002319,20146800
2018-01-03,56.630001,56.720001,56.470001,56.520000,44.986404,17950400
2018-01-04,56.669998,56.950001,56.529999,56.680000,45.113747,15455100
2018-01-05,56.770000,56.970001,56.639999,56.930000,45.312729,15555100
2018-01-08,56.849998,57.119999,56.820000,57.070000,45.424152,12891000
2018-01-09,57.139999,57.270000,56.980000,56.990002,45.360497,8357600
2018-01-10,56.849998,56.860001,56.330002,56.709999,45.137623,9663500
2018-01-11,56.820000,56.820000,56.529999,56.630001,45.073956,11500800
2018-01-12,56.720001,56.919998,56.529999,56.650002,45.089867,7308900
2018-01-16,56.759998,57.110001,56.730000,56.910000,45.296806,13806700
2018-01-17,57.099998,57.770000,57.049999,57.560001,45.814171,12549700
2018-01-18,57.549999,57.650002,57.290001,57.389999,45.678856,12423300
2018-01-19,57.599998,58.090000,57.540001,58.029999,46.188244,9962800
2018-01-22,58.000000,58.470001,57.970001,58.470001,46.538475,7871600
2018-01-23,58.200001,58.439999,58.009998,58.279999,46.387241,10908900
2018-01-24,58.430000,58.470001,58.119999,58.400002,46.482761,16603500
2018-01-25,58.500000,58.740002,58.130001,58.430000,46.506638,12144600
2018-01-26,58.320000,58.730000,58.240002,58.709999,46.729492,6342700
2018-01-29,58.810001,58.950001,58.439999,58.480000,46.546432,10760800
2018-01-30,58.080002,58.580002,57.939999,58.090000,46.236012,10898100
2018-01-31,58.139999,58.290001,57.590000,57.820000,46.021118,13757000
2018-02-01,57.599998,57.900002,57.430000,57.570000,45.822128,14094500
2018-02-02,57.290001,57.439999,56.430000,56.470001,44.946598,15569100
2018-02-05,56.230000,56.570000,54.389999,54.419998,43.314941,39487500
2018-02-06,53.529999,55.130001,53.240002,55.020000,43.792488,38881700
2018-02-07,54.900002,55.799999,54.720001,54.779999,43.601463,17526900
2018-02-08,54.910000,55.020000,53.580002,53.599998,42.662243,32928400
2018-02-09,54.009998,54.099998,52.660000,53.709999,42.749805,34912000
2018-02-12,54.020000,54.520000,53.889999,54.259998,43.187572,21013600
2018-02-13,54.060001,54.650002,54.049999,54.509998,43.386551,11994500
2018-02-14,54.220001,54.660000,53.939999,54.480000,43.362679,20370500
2018-02-15,54.680000,55.380001,54.450001,55.380001,44.079029,14788900
2018-02-16,55.400002,55.840000,55.099998,55.599998,44.254124,11591600
2018-02-20,55.000000,55.000000,54.279999,54.340000,43.251251,16069800
2018-02-21,54.419998,54.580002,53.669998,53.689999,42.733894,15207400
2018-02-22,53.799999,54.230000,53.730000,53.830002,42.845333,10239200
2018-02-23,53.939999,54.360001,53.750000,54.349998,43.259212,10321100
2018-02-26,54.439999,54.730000,54.290001,54.689999,43.529816,10100400
2018-02-27,54.720001,54.849998,53.959999,53.970001,42.956757,9832600
2018-02-28,54.290001,54.320000,53.410000,53.410000,42.511044,13726400
2018-03-01,53.279999,53.790001,52.820000,53.290001,42.415520,27808600
2018-03-02,53.090000,53.830002,52.970001,53.740002,42.773689,25965400
2018-03-05,53.450001,54.270000,53.450001,54.209999,43.147778,18859700
2018-03-06,54.230000,54.299999,53.820000,54.250000,43.179607,20784300
2018-03-07,53.740002,53.970001,53.470001,53.759998,42.789604,12592900
2018-03-08,53.790001,54.270000,53.700001,54.250000,43.179607,10725100
2018-03-09,54.400002,54.610001,54.200001,54.599998,43.458199,11486800
2018-03-12,54.619999,54.910000,54.400002,54.500000,43.378601,10915700
2018-03-13,54.669998,54.770000,54.369999,54.459999,43.346764,12406100
2018-03-14,54.590000,54.599998,53.799999,53.910000,42.908993,13519000
2018-03-15,53.840000,54.080002,53.380001,53.529999,42.606541,9280100
2018-03-16,53.230000,53.560001,53.200001,53.250000,42.621754,9629100
2018-03-19,53.209999,53.310001,52.540001,52.730000,42.205532,10714700
2018-03-20,52.810001,53.020000,52.410000,52.580002,42.085476,9888200
2018-03-21,52.290001,52.500000,51.820000,51.930000,41.565208,17028500
2018-03-22,51.779999,52.189999,51.459999,51.500000,41.221031,15584100
2018-03-23,51.680000,51.889999,50.810001,50.860001,40.708775,15936400
2018-03-26,51.240002,51.639999,51.080002,51.590000,41.293079,12374700
2018-03-27,51.680000,52.099998,51.330002,51.560001,41.269070,17326800
2018-03-28,51.730000,52.529999,51.709999,52.270000,41.837345,32397500
2018-03-29,52.480000,52.950001,52.480000,52.630001,42.125507,13272800
2018-04-02,52.470001,52.570000,51.110001,51.340000,41.092972,28604800
2018-04-03,51.570000,52.150002,51.410000,52.020000,41.637241,24860600
2018-04-04,51.689999,53.020000,51.630001,52.830002,42.285583,28012500
2018-04-05,52.919998,53.169998,52.639999,52.959999,42.389618,18235800
2018-04-06,52.799999,53.230000,52.160000,52.419998,41.957409,13113400
2018-04-09,52.580002,52.919998,52.240002,52.389999,41.933399,14686700
2018-04-10,52.689999,52.779999,52.230000,52.509998,42.029446,13041900
2018-04-11,52.360001,52.680000,52.299999,52.410000,41.949409,9025200
2018-04-12,52.630001,52.790001,52.299999,52.330002,41.885376,9843700
2018-04-13,52.549999,52.689999,52.330002,52.590000,42.093479,8836700
2018-04-16,52.730000,53.459999,52.660000,53.160000,42.549713,7804700
2018-04-17,53.299999,53.410000,52.990002,53.279999,42.645752,8131300
2018-04-18,53.240002,53.360001,52.779999,52.880001,42.325596,14496600
2018-04-19,52.160000,52.200001,51.080002,51.349998,41.100979,23643100
2018-04-20,51.230000,51.400002,50.340000,50.490002,40.412624,19102700
2018-04-23,50.529999,50.580002,50.200001,50.430000,40.364594,12344900
2018-04-24,50.520000,50.580002,49.759998,50.110001,40.108475,18771500
2018-04-25,50.090000,50.410000,49.889999,50.200001,40.180508,19012500
2018-04-26,50.310001,50.700001,50.150002,50.500000,40.420620,11009900
2018-04-27,50.389999,50.939999,50.340000,50.770000,40.636742,11096100
2018-04-30,50.860001,51.090000,50.360001,50.450001,40.380596,13892700
2018-05-01,50.259998,50.290001,49.660000,50.009998,40.028431,10927100
2018-05-02,49.869999,49.919998,48.919998,49.029999,39.244026,18818900
2018-05-03,49.150002,49.259998,48.759998,48.980000,39.204006,16634400
2018-05-04,48.939999,49.939999,48.889999,49.689999,39.772293,13132400
2018-05-07,49.799999,49.889999,49.270000,49.380001,39.524174,9665300
2018-05-08,49.270000,49.320000,48.959999,49.180000,39.364082,8290800
2018-05-09,49.090000,49.369999,48.990002,49.250000,39.420113,9228200
2018-05-10,49.480000,49.790001,49.410000,49.540001,39.652229,10242700
2018-05-11,49.630001,49.880001,49.389999,49.540001,39.652229,10065200
2018-05-14,49.610001,49.700001,49.439999,49.520000,39.636223,6708100
2018-05-15,49.279999,49.459999,49.060001,49.330002,39.484150,22686900
2018-05-16,49.480000,49.799999,49.410000,49.680000,39.764294,12151300
2018-05-17,49.830002,49.970001,49.680000,49.849998,39.900360,19572900
2018-05-18,49.730000,49.810001,49.349998,49.540001,39.652229,15664700
2018-05-21,49.730000,49.919998,49.599998,49.750000,39.820312,7928400
2018-05-22,49.840000,50.090000,49.570000,49.660000,39.748276,9383800
2018-05-23,49.549999,49.889999,49.480000,49.840000,39.892361,18136200
2018-05-24,49.840000,49.930000,49.549999,49.799999,39.860344,9843800
2018-05-25,49.810001,50.200001,49.740002,49.880001,39.924381,12913500
2018-05-29,49.700001,49.990002,49.549999,49.770000,39.836330,14959300
2018-05-30,49.959999,50.560001,49.799999,50.470001,40.396618,17628100
2018-05-31,50.380001,50.430000,49.470001,49.660000,39.748276,18603000
2018-06-01,49.799999,49.889999,49.529999,49.660000,39.748276,10944600
2018-06-04,49.759998,50.130001,49.759998,50.070000,40.076462,11665200
2018-06-05,50.110001,50.139999,49.680000,49.840000,39.892361,8980900
2018-06-06,49.860001,49.900002,49.549999,49.900002,39.940388,12071000
2018-06-07,49.770000,50.470001,49.700001,50.209999,40.188511,16618500
2018-06-08,50.230000,50.860001,50.230000,50.830002,40.684765,17081500
2018-06-11,50.869999,51.349998,50.869999,51.250000,41.020939,13199600
2018-06-12,51.279999,51.380001,51.009998,51.349998,41.100979,11362200
2018-06-13,51.340000,51.419998,51.029999,51.189999,40.972916,15696000
2018-06-14,51.250000,51.320000,51.060001,51.279999,41.044952,9751300
2018-06-15,50.840000,51.570000,50.740002,51.540001,41.572464,17217800
2018-06-18,51.369999,51.389999,50.560001,50.790001,40.967499,21627300
2018-06-19,50.599998,51.150002,50.570000,51.060001,41.185303,12639200
2018-06-20,51.209999,51.220001,50.889999,51.110001,41.225620,9562500
2018-06-21,51.180000,51.380001,51.070000,51.209999,41.306293,13272700
2018-06-22,51.330002,51.720001,51.320000,51.630001,41.645058,9938300
2018-06-25,51.509998,51.970001,51.500000,51.889999,41.854778,22124200
2018-06-26,51.900002,52.000000,51.430000,51.669998,41.677330,14047300
2018-06-27,51.599998,52.040001,51.349998,51.560001,41.588604,19862400
2018-06-28,51.439999,51.680000,51.360001,51.560001,41.588604,13177400
2018-06-29,51.590000,51.810001,51.299999,51.529999,41.564388,13018300
2018-07-02,51.299999,51.529999,50.900002,51.230000,41.322426,13255500
2018-07-03,51.430000,51.619999,51.270000,51.349998,41.419216,7736300
2018-07-05,51.570000,52.090000,51.470001,52.060001,41.991909,11699800
2018-07-06,52.119999,52.430000,52.000000,52.220001,42.120960,12335100
2018-07-09,52.259998,52.340000,51.959999,52.020000,41.959633,15117900
2018-07-10,52.150002,52.669998,52.040001,52.639999,42.459732,15280300
2018-07-11,52.580002,52.630001,52.290001,52.470001,42.322609,11484600
2018-07-12,52.619999,52.709999,52.230000,52.400002,42.266144,11002300
2018-07-13,52.430000,52.799999,52.410000,52.740002,42.540386,14053500
2018-07-16,52.700001,52.730000,52.340000,52.490002,42.338745,10347400
2018-07-17,52.459999,53.000000,52.459999,52.939999,42.701710,14759300
2018-07-18,52.880001,52.930000,52.470001,52.509998,42.354874,10474200
2018-07-19,52.169998,52.770000,52.070000,52.540001,42.379066,15092800
2018-07-20,52.439999,52.889999,52.349998,52.860001,42.637184,17895700
2018-07-23,52.759998,52.889999,52.369999,52.529999,42.370995,13337200
2018-07-24,52.410000,52.730000,52.320000,52.630001,42.451672,15987700
2018-07-25,52.700001,53.070000,52.590000,53.029999,42.774311,15258400
2018-07-26,53.240002,53.759998,53.169998,53.310001,43.000164,15129400
2018-07-27,53.279999,53.639999,53.189999,53.380001,43.056633,13414400
2018-07-30,53.240002,53.450001,53.000000,53.320000,43.008224,12143900
2018-07-31,53.490002,53.759998,53.180000,53.570000,43.209877,17898400
2018-08-01,53.410000,53.500000,53.029999,53.119999,42.846897,14917600
2018-08-02,53.029999,53.730000,53.000000,53.660000,43.282467,15902900
2018-08-03,53.790001,54.549999,53.750000,54.290001,43.790638,20418500
2018-08-06,54.320000,54.509998,54.220001,54.340000,43.830971,13412100
2018-08-07,54.290001,54.360001,53.820000,54.009998,43.564774,13766100
2018-08-08,53.980000,54.020000,53.580002,53.599998,43.234062,12591800
2018-08-09,53.610001,53.700001,53.369999,53.439999,43.105019,8047000
2018-08-10,53.279999,53.459999,53.130001,53.240002,42.943695,13459200
2018-08-13,53.330002,53.439999,53.000000,53.240002,42.943695,8696600
2018-08-14,53.310001,53.660000,53.279999,53.610001,43.242138,8882500
2018-08-15,53.450001,53.869999,53.150002,53.830002,43.419598,15592600
2018-08-16,54.380001,54.759998,54.299999,54.599998,44.040676,15526100
2018-08-17,54.549999,55.080002,54.439999,55.020000,44.379456,13037600
2018-08-20,55.090000,55.310001,54.930000,54.990002,44.355255,10189600
2018-08-21,54.970001,55.049999,54.389999,54.599998,44.040676,13806200
2018-08-22,54.549999,54.660000,54.189999,54.259998,43.766426,13573900
2018-08-23,54.099998,54.259998,53.970001,54.130001,43.661575,10714300
2018-08-24,54.099998,54.209999,53.900002,54.060001,43.605118,9570500
2018-08-27,54.150002,54.320000,53.880001,54.090000,43.629314,10631600
2018-08-28,54.080002,54.240002,53.830002,53.910000,43.484116,12621500
2018-08-29,53.990002,54.070000,53.849998,53.970001,43.532524,8681000
2018-08-30,53.889999,54.070000,53.689999,53.799999,43.395393,11092500
2018-08-31,53.799999,53.970001,53.560001,53.779999,43.379257,10472900
2018-09-04,53.709999,53.939999,53.560001,53.709999,43.322792,9571100
2018-09-05,53.549999,54.330002,53.490002,54.330002,43.822891,14723800
2018-09-06,54.310001,54.509998,54.130001,54.480000,43.943890,12333800
2018-09-07,54.310001,54.410000,53.990002,54.369999,43.855160,9247300
2018-09-10,54.500000,54.880001,54.500000,54.560001,44.008415,8361600
2018-09-11,54.490002,54.549999,54.240002,54.360001,43.847095,8121600
2018-09-12,54.360001,55.110001,54.330002,54.990002,44.355255,15220000
2018-09-13,55.009998,55.029999,54.599998,54.910000,44.290730,9746500
2018-09-14,54.860001,54.869999,54.480000,54.759998,44.169731,8925200
2018-09-17,54.720001,54.980000,54.599998,54.959999,44.331066,10279600
2018-09-18,54.910000,54.930000,54.509998,54.730000,44.145538,15638500
2018-09-19,54.680000,54.910000,54.549999,54.630001,44.064873,7791600
2018-09-20,54.779999,55.330002,54.779999,55.320000,44.621437,11817800
2018-09-21,55.020000,55.110001,54.910000,55.020000,44.692924,10307900
2018-09-24,54.830002,54.950001,54.139999,54.180000,44.010578,10648700
2018-09-25,54.340000,54.459999,53.830002,53.860001,43.750652,8348300
2018-09-26,54.020000,54.330002,53.849998,53.919998,43.799385,10369900
2018-09-27,53.740002,54.200001,53.590000,53.849998,43.742519,8892800
2018-09-28,53.790001,54.000000,53.740002,53.930000,43.807499,9249700
2018-10-01,54.009998,54.090000,53.830002,53.889999,43.775021,8725500
2018-10-02,53.860001,54.320000,53.730000,54.200001,44.026829,9592400
2018-10-03,54.320000,54.380001,53.549999,53.619999,43.555695,15192700
2018-10-04,53.470001,53.570000,53.090000,53.490002,43.450089,19964000
2018-10-05,53.380001,53.650002,53.360001,53.439999,43.409489,13903100
2018-10-08,53.389999,54.250000,53.389999,54.180000,44.010578,14908300
2018-10-09,54.200001,54.320000,53.930000,54.060001,43.913109,13477200
2018-10-10,53.880001,54.290001,53.320000,53.410000,43.385117,26121600
2018-10-11,53.259998,53.540001,51.919998,52.090000,42.312870,44523200
2018-10-12,52.310001,52.560001,51.919998,52.380001,42.548428,26263000
2018-10-15,52.230000,53.080002,52.230000,52.700001,42.808376,15892000
2018-10-16,52.830002,53.369999,52.639999,53.290001,43.287632,15468600
2018-10-17,53.240002,53.660000,53.049999,53.540001,43.490707,15837800
2018-10-18,53.599998,54.080002,53.299999,53.470001,43.433849,19370300
2018-10-19,54.080002,54.849998,54.080002,54.689999,44.424847,28312300
2018-10-22,54.790001,54.860001,54.130001,54.279999,44.091820,16645700
2018-10-23,53.959999,54.660000,53.650002,54.520000,44.286770,30466600
2018-10-24,54.560001,55.520000,54.400002,54.750000,44.473602,36761900
2018-10-25,54.619999,55.080002,54.150002,54.880001,44.579197,30018200
2018-10-26,54.500000,54.650002,53.590000,53.830002,43.726280,39310600
2018-10-29,54.200001,54.830002,53.950001,54.450001,44.229908,31687500
2018-10-30,54.820000,55.580002,54.680000,55.529999,45.107189,33148100
2018-10-31,55.520000,55.520000,54.570000,55.009998,44.684784,30135100
2018-11-01,55.130001,55.570000,54.849998,55.400002,45.001595,22589800
2018-11-02,55.400002,55.470001,54.630001,55.110001,44.766033,28704100
2018-11-05,55.200001,55.950001,55.119999,55.799999,45.326515,19972200
2018-11-06,55.790001,56.160000,55.599998,56.139999,45.602692,15626500
2018-11-07,56.369999,56.480000,55.869999,56.459999,45.862629,15067100
2018-11-08,56.180000,56.580002,56.169998,56.490002,45.887005,12890200
2018-11-09,56.470001,57.000000,56.470001,56.820000,46.155060,18510900
2018-11-12,56.660000,56.980000,56.410000,56.520000,45.911385,15950700
2018-11-13,56.549999,56.759998,56.119999,56.389999,45.805775,23146500
2018-11-14,56.490002,56.490002,55.740002,56.009998,45.497097,17577600
2018-11-15,55.820000,55.919998,55.389999,55.919998,45.423992,25604700
2018-11-16,55.889999,56.279999,55.689999,56.060001,45.537708,15212800
2018-11-19,56.080002,56.389999,55.740002,55.970001,45.464611,16727200
2018-11-20,55.799999,56.080002,54.889999,55.040001,44.709152,33023200
2018-11-21,55.009998,55.139999,54.480000,54.599998,44.351753,16604400
2018-11-23,54.549999,55.029999,54.419998,54.790001,44.506088,8700800
2018-11-26,54.869999,55.139999,54.590000,54.860001,44.562950,13125400
2018-11-27,54.770000,55.369999,54.740002,55.349998,44.960976,15954400
2018-11-28,55.259998,55.820000,55.090000,55.810001,45.334644,21973700
2018-11-29,55.720001,56.070000,55.650002,55.900002,45.407753,13285000
2018-11-30,55.889999,56.400002,55.750000,56.259998,45.700176,16551900
2018-12-03,56.459999,56.459999,55.730000,56.310001,45.740795,20855900
2018-12-04,56.410000,56.619999,55.330002,55.360001,44.969101,27634900
2018-12-06,55.180000,55.439999,54.250000,55.419998,45.017845,32514000
2018-12-07,55.369999,55.570000,54.480000,54.720001,44.449226,23139500
2018-12-10,55.029999,55.029999,53.880001,54.720001,44.449226,44469000
2018-12-11,55.099998,55.570000,54.869999,55.169998,44.814758,25677400
2018-12-12,55.509998,55.680000,55.070000,55.099998,44.757908,18735200
2018-12-13,55.169998,55.619999,55.099998,55.439999,45.034092,16987800
2018-12-14,55.090000,55.160000,54.369999,54.500000,44.270523,20262700
2018-12-17,54.369999,54.500000,52.919998,53.240002,43.247017,27324100
2018-12-18,53.380001,53.490002,52.310001,52.610001,42.735271,27349700
2018-12-19,52.860001,53.279999,51.860001,52.099998,42.320992,46289600
2018-12-20,51.869999,51.889999,50.680000,51.169998,41.565540,43415000
2018-12-21,50.720001,51.830002,50.180000,50.180000,41.134369,38484500
2018-12-24,50.049999,50.220001,48.689999,48.730000,39.945747,23086800
2018-12-26,48.830002,50.090000,48.330002,50.090000,41.060600,26670600
2018-12-27,49.779999,50.610001,49.040001,50.570000,41.454067,35926900
2018-12-28,50.939999,51.150002,50.369999,50.570000,41.454067,24436600
2018-12-31,50.700001,50.820000,50.310001,50.779999,41.626209,14959600
2019-01-02,50.240002,50.639999,49.950001,50.480000,41.380295,20459000
2019-01-03,50.389999,50.910000,50.110001,50.189999,41.142582,22074800
2019-01-04,50.520000,51.259998,50.410000,51.259998,42.019684,19003300
2019-01-07,51.130001,51.529999,50.730000,51.189999,41.962303,15143300
2019-01-08,51.490002,51.790001,51.240002,51.660000,42.347576,28273800
2019-01-09,51.650002,51.700001,51.060001,51.180000,41.954113,15684500
2019-01-10,51.080002,51.570000,50.939999,51.480000,42.200027,32431700
2019-01-11,51.590000,51.660000,51.349998,51.630001,42.322983,11732400
2019-01-14,51.500000,51.610001,51.299999,51.380001,42.118050,7811500
2019-01-15,51.369999,51.939999,51.340000,51.889999,42.536121,11447700
2019-01-16,51.869999,51.869999,51.419998,51.610001,42.306591,13484700
2019-01-17,51.529999,51.939999,51.470001,51.830002,42.486935,10196400
2019-01-18,52.130001,52.610001,52.070000,52.450001,42.995171,11957600
2019-01-22,52.310001,52.410000,51.549999,51.970001,42.601692,20877700
2019-01-23,52.369999,52.740002,52.119999,52.590000,43.109928,23804700
2019-01-24,52.310001,52.320000,51.590000,51.939999,42.577106,17727200
2019-01-25,52.099998,52.310001,51.660000,51.730000,42.404961,12920300
2019-01-28,51.619999,51.970001,51.450001,51.950001,42.585297,10996700
2019-01-29,52.049999,52.180000,51.840000,52.070000,42.683674,11500400
2019-01-30,52.119999,52.540001,52.000000,52.419998,42.970581,13934600
2019-01-31,52.430000,53.529999,52.310001,53.389999,43.765717,17886500
2019-02-01,53.549999,53.549999,53.000000,53.220001,43.626373,14423400
2019-02-04,53.209999,53.560001,53.110001,53.560001,43.905079,13367500
2019-02-05,53.599998,53.709999,53.419998,53.570000,43.913284,11296100
2019-02-06,53.419998,53.669998,53.419998,53.580002,43.921478,19006100
2019-02-07,53.349998,53.580002,53.169998,53.540001,43.888691,14519000
2019-02-08,53.430000,53.790001,53.230000,53.790001,44.093609,11100100
2019-02-11,53.840000,53.980000,53.689999,53.930000,44.208378,6876200
2019-02-12,54.040001,54.509998,53.959999,54.349998,44.552673,11694100
2019-02-13,54.450001,54.619999,54.330002,54.450001,44.634655,10809600
2019-02-14,53.880001,54.080002,53.549999,53.840000,44.134605,11388500
2019-02-15,54.099998,54.450001,53.840000,54.349998,44.552673,12635400
2019-02-19,54.480000,54.840000,54.360001,54.630001,44.782192,19831700
2019-02-20,54.580002,54.730000,54.360001,54.529999,44.700222,14478600
2019-02-21,54.439999,54.810001,54.279999,54.689999,44.831375,11711800
2019-02-22,54.180000,54.430000,54.040001,54.430000,44.618267,24758700
2019-02-25,54.540001,54.700001,54.060001,54.130001,44.372330,15162600
2019-02-26,54.160000,54.389999,54.040001,54.160000,44.396923,15114400
2019-02-27,54.040001,54.160000,53.860001,54.080002,44.331341,10811600
2019-02-28,54.209999,54.549999,54.080002,54.340000,44.544479,8469400
2019-03-01,54.500000,54.520000,53.849998,54.240002,44.462509,10812200
2019-03-04,54.340000,54.439999,53.730000,54.150002,44.388721,10113600
2019-03-05,54.139999,54.290001,54.009998,54.110001,44.355938,10132400
2019-03-06,54.099998,54.250000,53.799999,54.029999,44.290356,12001100
2019-03-07,53.939999,54.029999,53.570000,53.680000,44.003452,14336100
2019-03-08,53.730000,53.970001,53.450001,53.709999,44.028034,11909300
2019-03-11,53.799999,54.450001,53.799999,54.410000,44.601856,10519200
2019-03-12,54.419998,54.619999,54.299999,54.430000,44.618267,10841800
2019-03-13,54.470001,54.950001,54.430000,54.740002,44.872368,11135300
2019-03-14,54.759998,54.849998,54.599998,54.689999,44.831375,8449600
2019-03-15,54.580002,54.849998,54.470001,54.700001,45.085243,21846900
2019-03-18,54.709999,54.889999,54.639999,54.779999,45.151180,8103700
2019-03-19,54.900002,55.020000,54.540001,54.740002,45.118210,13359400
2019-03-20,54.709999,54.820000,54.330002,54.509998,44.928635,19832700
2019-03-21,54.410000,55.230000,54.410000,55.150002,45.456146,12699200
2019-03-22,55.070000,55.439999,55.000000,55.080002,45.398445,21007300
2019-03-25,54.980000,55.330002,54.849998,55.189999,45.489117,12538000
2019-03-26,55.380001,55.860001,55.340000,55.660000,45.876507,12808700
2019-03-27,55.660000,55.820000,55.189999,55.470001,45.719894,12740400
2019-03-28,55.599998,55.889999,55.580002,55.740002,45.942436,11920900
2019-03-29,55.840000,56.169998,55.689999,56.110001,46.247410,13888800
2019-04-01,56.220001,56.230000,55.830002,55.919998,46.090790,13799400
2019-04-02,55.750000,55.750000,55.459999,55.459999,45.711655,13964800
2019-04-03,55.360001,55.480000,55.049999,55.189999,45.489117,18616500
2019-04-04,55.230000,55.490002,55.180000,55.400002,45.662205,10671300
2019-04-05,55.480000,55.610001,55.330002,55.590000,45.818794,9045200
2019-04-08,55.560001,55.830002,55.490002,55.820000,46.008369,6136900
2019-04-09,55.689999,55.779999,55.509998,55.750000,45.950676,12062300
2019-04-10,55.799999,55.980000,55.750000,55.910000,46.082558,7060800
2019-04-11,56.000000,56.130001,55.820000,56.020000,46.173225,6444900
2019-04-12,56.060001,56.240002,55.889999,56.200001,46.321590,7635700
2019-04-15,56.180000,56.580002,56.169998,56.529999,46.593586,6505000
2019-04-16,56.630001,56.730000,56.320000,56.540001,46.601830,9345100
2019-04-17,56.840000,56.910000,56.560001,56.820000,46.832600,12720200
2019-04-18,57.049999,57.150002,56.619999,56.869999,46.873810,10622200
2019-04-22,56.860001,57.200001,56.750000,56.889999,46.890308,12432100
2019-04-23,56.860001,56.930000,56.599998,56.709999,46.741947,20408400
2019-04-24,56.740002,57.040001,56.700001,56.830002,46.840847,8221900
2019-04-25,56.520000,56.570000,56.270000,56.470001,46.544128,9992100
2019-04-26,56.529999,56.990002,56.500000,56.980000,46.964489,8405700
2019-04-29,56.950001,57.080002,56.869999,57.049999,47.022171,7210800
2019-04-30,57.080002,57.770000,57.020000,57.709999,47.566158,15965900
2019-05-01,57.779999,57.820000,57.000000,57.000000,46.980968,11992700
2019-05-02,56.950001,57.209999,56.689999,56.980000,46.964489,13925900
2019-05-03,57.250000,57.540001,57.160000,57.410000,47.318901,13801300
2019-05-06,56.990002,57.419998,56.919998,57.320000,47.244724,10100300
2019-05-07,57.060001,57.169998,56.450001,56.750000,46.774906,20115500
2019-05-08,56.709999,57.060001,56.459999,56.740002,46.766674,11940200
2019-05-09,56.500000,56.779999,56.189999,56.619999,46.667759,23531600
2019-05-10,56.480000,57.389999,56.240002,57.310001,47.236485,14029600
2019-05-13,56.720001,56.910000,56.560001,56.770000,46.791405,13081800
2019-05-14,56.930000,57.430000,56.840000,57.040001,47.013939,16497800
2019-05-15,56.959999,57.610001,56.849998,57.490002,47.384842,9681800
2019-05-16,57.790001,58.270000,57.630001,57.939999,47.755741,12859800
2019-05-17,57.619999,58.080002,57.610001,57.750000,47.599148,15458700
2019-05-20,57.619999,57.939999,57.570000,57.610001,47.483742,9496800
2019-05-21,57.820000,57.840000,57.400002,57.490002,47.384842,8124100
2019-05-22,57.509998,57.880001,57.389999,57.750000,47.599148,11102000
2019-05-23,57.529999,57.750000,57.410000,57.730000,47.582657,17398000
2019-05-24,57.830002,57.880001,57.349998,57.520000,47.409569,9530800
2019-05-28,57.529999,57.669998,56.540001,56.580002,46.634785,14043000
2019-05-29,56.360001,56.369999,55.880001,56.169998,46.296860,11455100
2019-05-30,56.279999,56.529999,56.150002,56.410000,46.494686,9770200
2019-05-31,55.970001,56.049999,55.520000,55.610001,45.835281,13450800
2019-06-03,55.689999,56.419998,55.680000,56.310001,46.412254,17060600
2019-06-04,56.660000,56.830002,56.480000,56.820000,46.832600,16546800
2019-06-05,57.080002,57.580002,56.860001,57.470001,47.368359,15069700
2019-06-06,57.590000,58.189999,57.490002,58.070000,47.862885,20769600
2019-06-07,58.270000,58.860001,58.270000,58.630001,48.324451,18860800
2019-06-10,58.709999,58.779999,58.470001,58.650002,48.340946,15341800
2019-06-11,58.820000,58.990002,58.689999,58.840000,48.497540,18109700
2019-06-12,58.950001,59.270000,58.840000,58.930000,48.571728,10921200
2019-06-13,59.070000,59.240002,58.720001,59.060001,48.678875,11564400
2019-06-14,59.029999,59.250000,58.970001,59.090000,48.703594,9726100
2019-06-17,59.110001,59.169998,58.650002,58.919998,48.563484,8796600
2019-06-18,59.250000,59.290001,58.520000,58.599998,48.299732,18120600
2019-06-19,58.560001,58.959999,58.270000,58.840000,48.497540,13457200
2019-06-20,59.090000,59.430000,58.959999,59.360001,48.926151,13566200
2019-06-21,58.840000,59.009998,58.630001,58.720001,48.767517,15416200
2019-06-24,58.810001,59.099998,58.770000,58.869999,48.892090,17796300
2019-06-25,58.880001,58.959999,58.669998,58.840000,48.867180,11861700
2019-06-26,58.570000,58.570000,57.980000,58.000000,48.169552,11672600
2019-06-27,58.080002,58.160000,57.779999,58.110001,48.260914,11524900
2019-06-28,58.389999,58.459999,57.950001,58.070000,48.227688,12409300
2019-07-01,58.369999,58.560001,58.080002,58.419998,48.518364,12628100
2019-07-02,58.439999,58.930000,58.400002,58.930000,48.941921,11913500
2019-07-03,59.009998,59.720001,58.959999,59.660000,49.548195,11995800
2019-07-05,59.310001,59.439999,58.869999,59.400002,49.332268,11008200
2019-07-08,59.400002,59.590000,59.310001,59.480000,49.398705,9257100
2019-07-09,59.360001,59.459999,58.910000,59.130001,49.108021,12499500
2019-07-10,59.340000,59.660000,59.290001,59.509998,49.423615,16804800
2019-07-11,59.630001,59.709999,59.340000,59.660000,49.548195,12575300
2019-07-12,59.639999,59.970001,59.639999,59.830002,49.689381,8732000
2019-07-15,59.930000,60.070000,59.770000,59.970001,49.805656,7212600
2019-07-16,59.980000,60.230000,59.779999,59.990002,49.822258,13579000
2019-07-17,59.990002,60.080002,59.779999,59.919998,49.764122,9049900
2019-07-18,59.990002,60.500000,59.779999,60.320000,50.096333,9444300
2019-07-19,60.470001,60.560001,59.900002,59.939999,49.780735,7460400
2019-07-22,60.049999,60.049999,59.529999,59.590000,49.490063,7135100
2019-07-23,60.130001,60.240002,59.830002,60.020000,49.847187,10058100
2019-07-24,59.930000,59.980000,59.549999,59.619999,49.514973,7975900
2019-07-25,59.500000,59.799999,59.360001,59.700001,49.581425,9469200
2019-07-26,59.799999,60.389999,59.630001,60.369999,50.137859,14727900
2019-07-29,60.369999,60.610001,60.330002,60.480000,50.229206,6121300
2019-07-30,60.720001,61.020000,60.520000,60.660000,50.378704,14123800
2019-07-31,60.470001,60.560001,58.849998,59.430000,49.357185,16826700
2019-08-01,59.599998,60.299999,59.180000,59.220001,49.182777,30148200
2019-08-02,59.130001,59.590000,59.000000,59.230000,49.191074,24368700
2019-08-05,58.849998,59.099998,57.369999,57.689999,47.912086,26364800
2019-08-06,57.889999,58.480000,57.669998,58.209999,48.343960,20126400
2019-08-07,57.959999,59.110001,57.349998,58.889999,48.908703,17550800
2019-08-08,58.849998,59.709999,58.570000,59.650002,49.539894,24011300
2019-08-09,59.619999,59.770000,58.900002,59.320000,49.265827,10590200
2019-08-12,59.160000,59.349998,58.720001,58.919998,48.933624,11774000
2019-08-13,58.880001,59.860001,58.779999,59.590000,49.490063,13199500
2019-08-14,59.060001,59.540001,58.610001,58.650002,48.709385,17281300
2019-08-15,59.290001,59.740002,59.000000,59.529999,49.440235,14431100
2019-08-16,59.790001,60.450001,59.790001,60.209999,50.004982,18294300
2019-08-19,60.689999,60.930000,60.560001,60.810001,50.503284,13180800
2019-08-20,60.779999,60.849998,60.099998,60.150002,49.955147,8959300
2019-08-21,60.549999,60.599998,60.160000,60.310001,50.088032,8735900
2019-08-22,60.360001,60.759998,60.200001,60.630001,50.353786,7127600
2019-08-23,60.459999,60.709999,59.279999,59.619999,49.514973,25296100
2019-08-26,60.020000,60.410000,59.779999,60.360001,50.129551,13629800
2019-08-27,60.610001,60.770000,60.000000,60.189999,49.988369,13389300
2019-08-28,60.169998,60.770000,60.060001,60.770000,50.470058,12435500
2019-08-29,61.130001,61.139999,60.430000,60.799999,50.494980,9657600
2019-08-30,61.000000,61.150002,60.529999,60.720001,50.428543,8567000
2019-09-03,60.459999,61.080002,60.349998,61.070000,50.719212,15551600
2019-09-04,61.320000,61.619999,61.080002,61.619999,51.175991,12200500
2019-09-05,61.779999,61.919998,61.150002,61.240002,50.860405,15719800
2019-09-06,61.400002,61.540001,61.250000,61.439999,51.026489,13904200
2019-09-09,61.410000,61.470001,61.130001,61.299999,50.910229,27082400
2019-09-10,61.029999,61.029999,60.590000,60.919998,50.594635,31985000
2019-09-11,60.900002,61.189999,60.580002,61.139999,50.777348,17422200
2019-09-12,61.500000,61.689999,61.270000,61.389999,50.984970,18296200
2019-09-13,61.110001,61.459999,60.910000,61.040001,50.694309,17830400
2019-09-16,60.750000,60.810001,60.320000,60.450001,50.204292,16741200
2019-09-17,60.419998,61.110001,60.419998,60.779999,50.478359,11681500
2019-09-18,60.840000,60.950001,60.360001,60.880001,50.561417,10968900
2019-09-19,60.830002,60.980000,60.750000,60.869999,50.553116,10664100
2019-09-20,60.639999,60.779999,60.320000,60.320000,50.392708,13951100
2019-09-23,60.369999,60.810001,60.320000,60.560001,50.593208,8767800
2019-09-24,60.799999,61.209999,60.590000,60.810001,50.802074,17305900
2019-09-25,61.070000,61.150002,60.669998,60.849998,50.835476,17626600
2019-09-26,60.919998,61.369999,60.889999,61.189999,51.119534,15527300
2019-09-27,61.340000,61.360001,60.759998,61.119999,51.061050,14293900
2019-09-30,61.160000,61.689999,61.160000,61.419998,51.311676,11078800
2019-10-01,61.450001,61.619999,61.009998,61.259998,51.178009,16827400
2019-10-02,60.959999,61.020000,59.799999,60.029999,50.150433,18668200
2019-10-03,60.330002,60.660000,59.790001,60.450001,50.501312,20998100
2019-10-04,60.549999,61.410000,60.490002,61.400002,51.294971,11938600
2019-10-07,61.259998,61.340000,60.840000,60.900002,50.877258,9378900
2019-10-08,60.720001,60.889999,60.310001,60.320000,50.392708,14924100
2019-10-09,60.619999,60.930000,60.490002,60.779999,50.776997,8504600
2019-10-10,60.650002,61.080002,60.480000,60.900002,50.877258,8648000
2019-10-11,61.130001,61.209999,60.720001,60.840000,50.827129,18172100
2019-10-14,60.919998,60.980000,60.509998,60.540001,50.576504,7569500
2019-10-15,60.689999,60.730000,60.189999,60.279999,50.359287,12217700
2019-10-16,60.330002,60.410000,60.130001,60.340000,50.409412,10397700
2019-10-17,60.540001,60.790001,60.450001,60.619999,50.643337,13209800
2019-10-18,60.509998,60.970001,60.509998,60.740002,50.743591,9301200
2019-10-21,60.750000,60.970001,60.669998,60.939999,50.910664,9924100
2019-10-22,61.380001,61.419998,60.930000,60.959999,50.927380,12492500
2019-10-23,60.930000,61.279999,60.910000,61.240002,51.161293,7499400
2019-10-24,61.360001,61.549999,61.119999,61.450001,51.336742,9089300
2019-10-25,61.389999,61.400002,61.040001,61.090000,51.035988,7518600
2019-10-28,61.090000,61.310001,60.830002,60.970001,50.935734,11154200
2019-10-29,60.860001,61.259998,60.750000,60.970001,50.935734,10072400
2019-10-30,61.020000,61.360001,60.849998,61.250000,51.169651,7216400
2019-10-31,61.270000,61.490002,60.770000,61.160000,51.094467,12628100
2019-11-01,61.270000,61.380001,61.020000,61.150002,51.086109,10232000
2019-11-04,61.220001,61.250000,60.369999,60.560001,50.593208,17081600
2019-11-05,60.480000,60.889999,60.290001,60.759998,50.760292,17192200
2019-11-06,60.860001,61.160000,60.689999,61.009998,50.969151,8284500
2019-11-07,61.080002,61.090000,60.689999,60.799999,50.793724,9437800
2019-11-08,60.770000,60.950001,60.560001,60.759998,50.760292,7574200
2019-11-11,60.790001,60.889999,60.570000,60.669998,50.685108,5632200
2019-11-12,60.759998,60.869999,60.590000,60.869999,50.852192,7085100
2019-11-13,60.959999,61.450001,60.880001,61.330002,51.236488,9500900
2019-11-14,61.599998,61.619999,61.060001,61.310001,51.219776,8442100
2019-11-15,61.400002,61.459999,61.110001,61.330002,51.236488,7221400
2019-11-18,61.270000,61.990002,61.270000,61.650002,51.503826,8615500
2019-11-19,61.740002,61.840000,61.439999,61.570000,51.436989,8560900
2019-11-20,61.570000,61.860001,61.439999,61.709999,51.553955,11935900
2019-11-21,61.599998,61.750000,61.259998,61.400002,51.294971,7611100
2019-11-22,61.450001,61.490002,61.060001,61.299999,51.211414,5517100
2019-11-25,61.419998,61.529999,61.070000,61.369999,51.269897,10396500
2019-11-26,61.450001,61.930000,61.340000,61.869999,51.687614,7354800
2019-11-27,61.980000,62.090000,61.810001,62.020000,51.812939,5483300
2019-11-29,62.040001,62.139999,61.880001,62.000000,51.796219,3008500
2019-12-02,61.880001,62.169998,61.590000,62.139999,51.913185,17920100
2019-12-03,62.020000,62.090000,61.619999,62.040001,51.829632,20537000
2019-12-04,61.970001,62.490002,61.900002,62.450001,52.172173,17369100
2019-12-05,62.470001,62.480000,62.060001,62.430000,52.155445,13445200
2019-12-06,62.560001,62.910000,62.520000,62.669998,52.355953,10746700
2019-12-09,62.630001,62.880001,62.619999,62.720001,52.397720,6643000
2019-12-10,62.720001,62.790001,62.459999,62.520000,52.230648,7194300
2019-12-11,62.660000,62.759998,62.430000,62.610001,52.305840,6201700
2019-12-12,62.619999,63.020000,62.430000,62.560001,52.264057,11843600
2019-12-13,62.400002,62.880001,62.290001,62.779999,52.447845,10158300
2019-12-16,62.959999,63.150002,62.880001,63.000000,52.631649,10004600
2019-12-17,62.919998,63.040001,62.820000,62.900002,52.548103,8005500
2019-12-18,63.009998,63.220001,62.700001,62.799999,52.464561,5464100
2019-12-19,62.889999,63.279999,62.880001,63.139999,52.748600,9068100
2019-12-20,62.820000,63.360001,62.779999,63.099998,53.146992,15270600
2019-12-23,63.220001,63.220001,62.810001,62.830002,52.919582,6006500
2019-12-24,62.900002,62.990002,62.810001,62.910000,52.986969,1700100
2019-12-26,62.980000,63.090000,62.799999,62.970001,53.037506,8638600
2019-12-27,63.099998,63.270000,63.040001,63.250000,53.273338,10314100
2019-12-30,63.139999,63.240002,62.830002,62.919998,52.995380,6238600
2019-12-31,62.790001,63.020000,62.660000,62.980000,53.045929,4985400
2020-01-02,63.099998,63.099998,62.310001,62.480000,52.624794,14460700
2020-01-03,62.250000,62.650002,62.090000,62.380001,52.540565,26388900
2020-01-06,62.290001,62.590000,62.180000,62.509998,52.650063,22541700
2020-01-07,62.320000,62.380001,61.980000,62.029999,52.245781,15607600
2020-01-08,62.080002,62.520000,61.959999,62.259998,52.439499,11451400
2020-01-09,62.450001,62.709999,62.299999,62.700001,52.810078,6854500
2020-01-10,62.759998,62.849998,62.580002,62.660000,52.776398,7410800
2020-01-13,62.680000,63.080002,62.650002,63.070000,53.121727,9625700
2020-01-14,62.990002,63.119999,62.910000,63.090000,53.138573,7512300
2020-01-15,63.040001,63.669998,63.009998,63.540001,53.517597,12454300
2020-01-16,63.619999,63.759998,63.549999,63.709999,53.660774,8048600
2020-01-17,63.700001,63.959999,63.619999,63.820000,53.753426,14902700
2020-01-21,63.730000,64.070000,63.509998,64.040001,53.938732,11300300
2020-01-22,64.059998,64.239998,64.040001,64.089996,53.980835,8046500
2020-01-23,63.880001,64.199997,63.639999,64.029999,53.930305,14563100
2020-01-24,64.080002,64.160004,63.389999,63.590000,53.559708,11935100
2020-01-27,63.049999,63.689999,63.009998,63.389999,53.391251,8748400
2020-01-28,63.430000,63.660000,63.369999,63.470001,53.458637,7899500
2020-01-29,63.520000,63.570000,63.150002,63.150002,53.189110,8300800
2020-01-30,63.180000,63.950001,63.139999,63.900002,53.820812,13824800
2020-01-31,63.930000,64.209999,63.000000,63.180000,53.214378,15280000
2020-02-03,63.410000,63.650002,63.130001,63.180000,53.214378,21797600
2020-02-04,63.680000,63.990002,63.430000,63.560001,53.534443,14290900
2020-02-05,63.770000,64.099998,63.689999,64.070000,53.963993,20911400
2020-02-06,64.139999,64.519997,64.010002,64.180000,54.056648,9628500
2020-02-07,64.180000,64.389999,63.990002,64.260002,54.124031,14849000
2020-02-10,64.290001,64.650002,64.269997,64.529999,54.351433,7394100
2020-02-11,64.629997,64.629997,64.239998,64.290001,54.149296,8375700
2020-02-12,64.370003,64.389999,64.129997,64.260002,54.124031,8479000
2020-02-13,64.120003,64.750000,64.029999,64.639999,54.444077,7950900
2020-02-14,64.709999,64.809998,64.580002,64.790001,54.570423,5421200
2020-02-18,64.699997,64.839996,64.430000,64.559998,54.376705,6902300
2020-02-19,64.570000,64.739998,64.459999,64.489998,54.317738,4971300
2020-02-20,64.379997,64.589996,63.939999,64.540001,54.359859,13397700
2020-02-21,64.360001,64.790001,64.339996,64.650002,54.452515,10027800
2020-02-24,63.770000,64.260002,63.090000,63.160000,53.197529,19892700
2020-02-25,63.200001,63.509998,61.810001,62.020000,52.237347,25721400
2020-02-26,62.209999,62.779999,61.639999,61.669998,51.942558,26066400
2020-02-27,61.119999,61.669998,59.150002,59.160000,49.828465,39092300
2020-02-28,57.810001,58.000000,56.040001,57.990002,48.843018,50978800
2020-03-02,58.110001,61.139999,58.110001,61.090000,51.454048,27103100
2020-03-03,61.180000,62.200001,59.820000,60.259998,50.754955,35237500
2020-03-04,61.110001,63.250000,61.029999,63.220001,53.248070,26214300
2020-03-05,61.830002,62.860001,61.400002,62.029999,52.245781,16556300
2020-03-06,60.389999,61.889999,59.939999,61.540001,51.833069,24800200
2020-03-09,58.139999,60.500000,58.000000,58.860001,49.575787,19126300
2020-03-10,60.099998,60.650002,57.889999,60.549999,50.999222,28174800
2020-03-11,59.049999,59.360001,56.869999,57.580002,48.497700,17759800
2020-03-12,53.889999,56.709999,51.910000,52.169998,43.941029,26713800
2020-03-13,54.770000,56.630001,52.759998,56.610001,47.680691,24835800
2020-03-16,51.349998,55.570000,50.779999,52.770000,44.446392,27436800
2020-03-17,53.790001,57.450001,53.669998,57.220001,48.194473,32318100
2020-03-18,54.750000,57.000000,53.299999,55.750000,46.956345,35524900
2020-03-19,55.160000,55.439999,53.389999,53.889999,45.389729,26807900
2020-03-20,54.040001,54.060001,49.959999,50.400002,42.450226,26903700
2020-03-23,50.009998,50.599998,47.660000,48.630001,41.193981,31822200
2020-03-24,50.750000,51.400002,49.799999,51.110001,43.294765,28041800
2020-03-25,51.000000,52.610001,50.080002,50.970001,43.176178,25526400
2020-03-26,51.590000,54.119999,51.380001,53.759998,45.539551,25754100
2020-03-27,52.590000,54.990002,52.500000,53.509998,45.327774,26004700
2020-03-30,54.029999,55.759998,54.029999,55.599998,47.098198,15892600
2020-03-31,55.400002,55.669998,54.340000,54.470001,46.140984,15203200
2020-04-01,52.990002,54.380001,52.860001,53.549999,45.361671,11979800
2020-04-02,52.810001,55.230000,52.680000,54.919998,46.522182,14748100
2020-04-03,54.700001,55.520000,54.470001,55.349998,46.886425,15374100
2020-04-06,56.730000,57.810001,55.919998,57.410000,48.631435,14835200
2020-04-07,58.299999,58.759998,56.740002,56.750000,48.072346,22985400
2020-04-08,57.169998,57.910000,56.529999,57.590000,48.783913,13877400
2020-04-09,57.750000,59.020000,57.610001,58.130001,49.241337,20376000
2020-04-13,57.939999,58.240002,57.139999,57.700001,48.877090,10679500
2020-04-14,58.689999,60.220001,58.459999,60.150002,50.952457,17745300
2020-04-15,59.349998,59.720001,58.759998,59.200001,50.147717,12553400
2020-04-16,59.509998,59.810001,58.750000,59.590000,50.478088,14486100
2020-04-17,60.320000,60.700001,59.509998,60.500000,51.248936,12083100
2020-04-20,59.900002,60.320000,59.259998,59.310001,50.240902,9263900
2020-04-21,58.470001,58.810001,57.840000,58.049999,49.173565,13021900
2020-04-22,58.750000,58.939999,58.139999,58.610001,49.647945,15086800
2020-04-23,58.470001,58.849998,57.990002,58.090000,49.207447,21074200
2020-04-24,58.430000,58.900002,58.230000,58.709999,49.732647,9638300
2020-04-27,59.070000,59.150002,58.650002,58.880001,49.876652,11024000
2020-04-28,59.560001,59.639999,58.959999,59.209999,50.156189,13608800
2020-04-29,59.509998,59.509998,58.400002,58.959999,49.944412,16038500
2020-04-30,58.790001,58.820000,57.919998,58.259998,49.351456,16397100
2020-05-01,57.939999,58.430000,57.380001,57.619999,48.809322,13023600
2020-05-04,57.509998,57.720001,57.020000,57.590000,48.783913,11314200
2020-05-05,57.820000,58.259998,57.570000,57.639999,48.826263,9705200
2020-05-06,57.740002,57.900002,56.959999,57.009998,48.292595,10700100
2020-05-07,57.450001,57.529999,56.730000,56.849998,48.157055,11203600
2020-05-08,57.419998,58.240002,57.389999,58.119999,49.232868,13405000
2020-05-11,57.860001,58.490002,57.799999,58.040001,49.165100,8807200
2020-05-12,58.230000,58.549999,57.549999,57.549999,48.750027,20587300
2020-05-13,57.500000,57.820000,56.689999,57.029999,48.309547,12186800
2020-05-14,56.750000,57.040001,55.990002,56.889999,48.190948,11793500
2020-05-15,56.880001,57.560001,56.680000,57.389999,48.614483,20847900
2020-05-18,58.299999,58.599998,57.880001,58.299999,49.385334,15213600
2020-05-19,58.380001,58.410000,57.230000,57.230000,48.478966,15313100
2020-05-20,57.709999,57.939999,57.360001,57.910000,49.054977,8519600
2020-05-21,57.820000,57.830002,57.150002,57.270000,48.512833,13913900
2020-05-22,57.290001,57.520000,57.160000,57.470001,48.682259,7216300
2020-05-26,58.279999,58.380001,57.669998,57.779999,48.944851,10487200
2020-05-27,58.240002,58.700001,57.910000,58.650002,49.681820,10937800
2020-05-28,59.099998,59.500000,58.849998,59.169998,50.122299,10184300
2020-05-29,58.990002,59.419998,58.459999,59.230000,50.173130,12890900
2020-06-01,59.259998,59.860001,59.230000,59.639999,50.520439,9101400
2020-06-02,59.740002,59.830002,59.340000,59.799999,50.655968,9837900
2020-06-03,60.060001,60.160000,59.860001,59.880001,50.723747,10155300
2020-06-04,59.759998,60.070000,59.270000,59.590000,50.478088,8973800
2020-06-05,60.029999,60.730000,59.860001,60.419998,51.181175,11502200
2020-06-08,60.430000,61.099998,60.220001,61.070000,51.731785,13094200
2020-06-09,60.840000,60.930000,60.200001,60.570000,51.308235,13735400
2020-06-10,60.709999,60.880001,60.279999,60.400002,51.164230,9877800
2020-06-11,59.750000,60.119999,58.040001,58.110001,49.224403,14738500
2020-06-12,58.910000,58.919998,57.619999,58.119999,49.232868,17837500
2020-06-15,57.580002,58.869999,57.189999,58.790001,49.800415,11366700
2020-06-16,59.950001,60.020000,58.939999,59.709999,50.579742,10840300
2020-06-17,59.820000,60.070000,59.439999,59.619999,50.503506,8388400
2020-06-18,59.349998,59.990002,59.270000,59.930000,50.766102,6022600
2020-06-19,60.480000,60.669998,59.529999,59.619999,50.503506,10777200
2020-06-22,59.099998,59.220001,58.779999,58.990002,50.359234,9039600
2020-06-23,59.380001,59.590000,58.840000,58.900002,50.282391,7951000
2020-06-24,58.599998,58.599998,57.700001,57.910000,49.437248,14343200
2020-06-25,57.880001,58.389999,57.520000,58.320000,49.787251,12128900
2020-06-26,58.299999,58.459999,57.080002,57.130001,48.771362,14476500
2020-06-29,57.500000,58.320000,57.450001,58.209999,49.693344,9654200
2020-06-30,58.220001,58.860001,58.130001,58.639999,50.060432,7379800
2020-07-01,58.750000,59.060001,58.660000,58.689999,50.103119,7261600
2020-07-02,59.180000,59.570000,58.869999,58.990002,50.359234,6857200
2020-07-06,59.439999,59.580002,58.950001,59.279999,50.606804,10091300
2020-07-07,58.959999,60.150002,58.919998,59.820000,51.067791,8161000
2020-07-08,59.950001,59.990002,59.419998,59.669998,50.939732,9328000
2020-07-09,59.590000,59.750000,58.860001,59.200001,50.538502,7672500
2020-07-10,59.270000,60.410000,59.259998,60.290001,51.469028,14142800
2020-07-13,60.580002,61.000000,59.970001,60.200001,51.392193,10906200
2020-07-14,60.029999,61.230000,59.910000,61.080002,52.143433,14270100
2020-07-15,61.389999,61.860001,60.939999,61.130001,52.186119,14952700
2020-07-16,61.099998,61.380001,60.980000,61.259998,52.297092,7770200
2020-07-17,61.540001,61.689999,61.330002,61.590000,52.578823,6321700
2020-07-20,61.459999,61.490002,60.779999,60.970001,52.049538,6818600
2020-07-21,61.400002,62.160000,61.330002,61.500000,52.501999,7847300
2020-07-22,61.689999,62.080002,61.060001,61.990002,52.920303,7022700
2020-07-23,62.200001,62.459999,62.000000,62.209999,53.108109,9468000
2020-07-24,62.310001,62.830002,61.830002,62.130001,53.039810,6809200
2020-07-27,62.070000,62.450001,61.939999,62.439999,53.304455,6801900
2020-07-28,62.419998,62.980000,62.389999,62.669998,53.500809,6699300
2020-07-29,62.650002,62.959999,62.490002,62.759998,53.577641,7486400
2020-07-30,62.610001,62.980000,62.320000,62.759998,53.577641,10901300
2020-07-31,62.509998,62.709999,61.919998,62.700001,53.526421,10277200
2020-08-03,62.730000,62.759998,62.220001,62.529999,53.381294,8614400
2020-08-04,62.439999,63.330002,62.330002,63.310001,54.047157,7417400
2020-08-05,63.410000,63.540001,63.000000,63.180000,53.936188,7143600
2020-08-06,63.029999,63.290001,62.919998,63.169998,53.927650,11983700
2020-08-07,63.070000,63.570000,63.000000,63.509998,54.217911,9175700
2020-08-10,63.580002,63.970001,63.439999,63.840000,54.499626,4345600
2020-08-11,64.139999,64.300003,63.220001,63.400002,54.124004,8633500
2020-08-12,63.660000,64.500000,63.660000,64.220001,54.824028,8021600
2020-08-13,64.080002,64.360001,63.990002,64.169998,54.781342,5857100
2020-08-14,64.099998,64.370003,63.919998,64.160004,54.772812,3776300
2020-08-17,64.309998,64.730003,64.190002,64.519997,55.080139,5172900
2020-08-18,64.620003,64.959999,64.330002,64.779999,55.302105,4927300
2020-08-19,64.690002,64.779999,64.160004,64.269997,54.866699,5871600
2020-08-20,63.900002,64.220001,63.790001,64.139999,54.755733,10178600
2020-08-21,64.059998,64.389999,63.869999,64.300003,54.892319,5713900
2020-08-24,64.410004,64.849998,64.209999,64.849998,55.361847,6978500
2020-08-25,65.000000,65.050003,64.430000,64.709999,55.242332,4517100
2020-08-26,64.580002,64.879997,64.279999,64.790001,55.310627,5375300
2020-08-27,64.910004,65.500000,64.900002,65.190002,55.652111,8711200
2020-08-28,65.500000,65.809998,64.879997,65.769997,56.147240,6868200
2020-08-31,65.529999,65.769997,65.320000,65.580002,55.985054,7661200
2020-09-01,65.570000,65.680000,65.129997,65.650002,56.044807,9723000
2020-09-02,65.949997,67.110001,65.849998,66.839996,57.060707,11174600
2020-09-03,67.000000,67.610001,65.209999,65.690002,56.078960,26304400
2020-09-04,65.879997,66.150002,64.730003,65.540001,55.950909,15604800
2020-09-08,65.379997,65.510002,63.889999,64.160004,54.772812,16316600
2020-09-09,64.529999,65.720001,64.410004,65.089996,55.566738,12848500
2020-09-10,65.089996,65.269997,64.150002,64.290001,54.883793,11060600
2020-09-11,64.489998,64.959999,64.190002,64.650002,55.191120,10212500
2020-09-14,64.970001,65.370003,64.779999,65.070000,55.549671,6397000
2020-09-15,65.230003,65.459999,64.889999,64.980003,55.472836,5672900
2020-09-16,65.260002,65.430000,64.629997,64.690002,55.225262,7270700
2020-09-17,64.150002,64.620003,63.820000,64.279999,54.875248,10108700
2020-09-18,64.379997,64.470001,63.250000,63.689999,54.371582,9988900
2020-09-21,62.880001,63.070000,62.110001,62.830002,53.956799,11326200
2020-09-22,62.869999,63.509998,62.810001,63.200001,54.274532,7148600
2020-09-23,63.400002,63.560001,62.180000,62.250000,53.458698,7015900
2020-09-24,62.250000,63.040001,61.830002,62.709999,53.853737,9141700
2020-09-25,62.389999,63.110001,62.250000,63.040001,54.137131,7432100
2020-09-28,63.560001,64.110001,63.529999,63.750000,54.746857,6077600
2020-09-29,63.779999,63.930000,63.209999,63.330002,54.386177,8150400
2020-09-30,63.590000,64.500000,63.560001,64.099998,55.047432,8284100
2020-10-01,64.470001,64.610001,63.910000,64.459999,55.356579,9262900
2020-10-02,63.820000,64.389999,63.610001,64.099998,55.047432,7463000
2020-10-05,64.250000,64.610001,64.150002,64.529999,55.416702,4501200
2020-10-06,64.680000,64.930000,63.919998,64.110001,55.056019,6552800
2020-10-07,64.480003,65.070000,64.349998,64.800003,55.648571,8073100
2020-10-08,65.089996,65.290001,64.820000,65.230003,56.017857,6659000
2020-10-09,65.489998,66.029999,65.410004,65.739998,56.455822,7894700
2020-10-12,66.019997,66.849998,65.980003,66.500000,57.108498,8685600
2020-10-13,66.300003,66.650002,66.139999,66.449997,57.065544,7505700
2020-10-14,66.440002,66.709999,65.839996,66.110001,56.773552,6566200
2020-10-15,65.629997,66.330002,65.570000,66.150002,56.807919,6650000
2020-10-16,66.349998,66.709999,66.150002,66.169998,56.825100,6701200
2020-10-19,66.169998,66.449997,65.129997,65.309998,56.086548,7733900
2020-10-20,65.949997,66.080002,65.110001,65.239998,56.026421,7660200
2020-10-21,65.169998,65.669998,65.139999,65.300003,56.077965,7013900
2020-10-22,65.309998,65.489998,64.959999,65.269997,56.052197,7779700
2020-10-23,65.500000,65.650002,65.190002,65.389999,56.155251,5094100
2020-10-26,64.889999,65.019997,63.980000,64.550003,55.433884,9352300
2020-10-27,64.589996,64.940002,64.349998,64.379997,55.287884,5331400
2020-10-28,63.459999,63.790001,62.430000,62.500000,53.673389,10980600
2020-10-29,62.340000,63.099998,61.720001,62.480000,53.656208,8942700
2020-10-30,62.240002,62.540001,61.490002,62.259998,53.467293,10093200
2020-11-02,63.150002,63.540001,62.759998,63.250000,54.317463,10935100
2020-11-03,63.889999,64.879997,63.810001,64.290001,55.210590,20578800
2020-11-04,64.650002,65.410004,64.239998,64.320000,55.236359,25605800
2020-11-05,65.070000,65.400002,64.610001,64.790001,55.639984,13919500
2020-11-06,64.889999,65.419998,64.809998,65.089996,55.897614,12703600
2020-11-09,66.639999,67.279999,64.849998,64.940002,55.768799,15142600
2020-11-10,64.930000,66.400002,64.879997,66.220001,56.868023,15134300
2020-11-11,66.599998,67.080002,66.150002,66.790001,57.357533,10382100
2020-11-12,66.610001,66.790001,66.050003,66.610001,57.202957,8945500
2020-11-13,66.860001,67.620003,66.660004,67.529999,57.993023,6167300
2020-11-16,68.150002,68.180000,67.629997,68.150002,58.525475,12955900
2020-11-17,67.639999,68.070000,67.470001,67.669998,58.113235,8147900
2020-11-18,67.769997,68.010002,66.730003,66.739998,57.314583,7607700
2020-11-19,66.559998,67.019997,66.400002,66.919998,57.469177,8830200
2020-11-20,66.820000,67.110001,66.440002,66.500000,57.108498,4663400
2020-11-23,66.620003,66.720001,66.110001,66.519997,57.125660,5825300
2020-11-24,66.919998,67.199997,66.769997,66.970001,57.512108,6064900
2020-11-25,66.940002,67.199997,66.839996,66.930000,57.477764,5245400
2020-11-27,67.099998,67.099998,66.720001,66.919998,57.469177,3228600
2020-11-30,66.750000,66.980003,66.230003,66.910004,57.460587,11581900
2020-12-01,67.209999,67.570000,67.080002,67.500000,57.967255,12126200
2020-12-02,67.269997,67.589996,66.720001,66.940002,57.486347,11392100
2020-12-03,66.769997,67.230003,66.760002,67.110001,57.632343,10951400
2020-12-04,67.169998,67.639999,67.089996,67.629997,58.078892,11055800
2020-12-07,67.500000,67.610001,67.050003,67.370003,57.855614,9466300
2020-12-08,67.129997,67.879997,66.989998,67.739998,58.173363,7090900
2020-12-09,67.839996,67.870003,67.290001,67.470001,57.941494,10420100
2020-12-10,67.449997,67.620003,67.000000,67.169998,57.683865,5723400
2020-12-11,66.910004,67.510002,66.889999,67.320000,57.812679,5000800
2020-12-14,67.650002,67.910004,67.040001,67.059998,57.589397,6663200
2020-12-15,67.349998,67.550003,67.139999,67.220001,57.726799,6121300
2020-12-16,67.269997,67.669998,67.110001,67.349998,57.838436,10505500
2020-12-17,67.589996,67.860001,67.570000,67.779999,58.207722,4673300
2020-12-18,67.879997,68.080002,67.410004,67.930000,58.336544,6980500
2020-12-21,66.620003,66.769997,65.940002,66.639999,57.707836,8255600
2020-12-22,66.610001,66.610001,66.059998,66.169998,57.300850,9107900
2020-12-23,66.370003,66.650002,66.239998,66.389999,57.491356,4302600
2020-12-24,66.440002,66.760002,66.279999,66.720001,57.777130,1954900
2020-12-28,66.970001,67.449997,66.900002,67.250000,58.236069,6315400
2020-12-29,67.419998,67.610001,66.879997,67.050003,58.062889,4993600
2020-12-30,67.129997,67.209999,66.900002,66.980003,58.002270,7359900
2020-12-31,67.050003,67.550003,66.720001,67.449997,58.409267,6062200
2021-01-04,67.419998,67.440002,65.919998,66.720001,57.777130,12992600
2021-01-05,66.620003,66.860001,66.099998,66.720001,57.777130,10871900
2021-01-06,66.589996,67.099998,66.480003,66.769997,57.820415,14206600
2021-01-07,66.820000,66.980003,66.300003,66.570000,57.647228,13963500
2021-01-08,66.620003,66.959999,66.250000,66.900002,57.932999,17960800
2021-01-11,66.529999,66.970001,66.220001,66.330002,57.439388,9648700
2021-01-12,66.330002,66.480003,65.830002,66.110001,57.248878,11089500
2021-01-13,66.040001,66.459999,66.010002,66.209999,57.335484,8337500
2021-01-14,66.269997,66.300003,65.779999,65.860001,57.032394,11549000
2021-01-15,65.620003,65.919998,65.360001,65.629997,56.833218,13260300
2021-01-19,65.849998,65.980003,65.290001,65.339996,56.582081,8130800
2021-01-20,65.320000,65.620003,64.879997,65.459999,56.686008,10700600
2021-01-21,65.360001,65.410004,65.129997,65.239998,56.495491,8461200
2021-01-22,65.190002,65.470001,64.919998,65.070000,56.348289,8329300
2021-01-25,64.870003,65.940002,64.839996,65.720001,56.911163,17486100
2021-01-26,65.800003,66.440002,65.500000,66.309998,57.422070,9304200
2021-01-27,65.940002,66.830002,65.029999,65.190002,56.452194,17826800
2021-01-28,65.320000,66.169998,65.129997,65.440002,56.668694,19925900
2021-01-29,65.190002,65.209999,64.059998,64.089996,55.499634,19374700
2021-02-01,64.360001,64.500000,63.939999,64.150002,55.551601,13283300
2021-02-02,64.400002,65.099998,64.209999,64.580002,55.923958,13278400
2021-02-03,64.430000,64.830002,64.250000,64.680000,56.010559,9542000
2021-02-04,64.739998,65.169998,64.599998,65.150002,56.417557,7292400
2021-02-05,65.550003,65.959999,65.519997,65.760002,56.945789,8889300
2021-02-08,65.970001,66.160004,65.580002,66.010002,57.162296,9412200
2021-02-09,66.019997,66.190002,65.769997,65.949997,57.110332,12345400
2021-02-10,66.260002,66.410004,65.730003,65.879997,57.049717,6957200
2021-02-11,65.949997,65.970001,65.489998,65.589996,56.798580,7478500
2021-02-12,65.529999,65.769997,65.360001,65.690002,56.885189,7131800
2021-02-16,65.809998,65.860001,65.339996,65.570000,56.781265,9246600
2021-02-17,65.320000,65.940002,65.239998,65.809998,56.989098,8871000
2021-02-18,65.220001,65.940002,65.169998,65.769997,56.954449,7464900
2021-02-19,65.820000,65.830002,64.879997,64.940002,56.235710,10246100
2021-02-22,64.769997,65.169998,64.639999,65.000000,56.287663,8649600
2021-02-23,65.209999,65.639999,64.860001,65.089996,56.365597,12743400
2021-02-24,64.919998,65.260002,64.730003,65.050003,56.330975,9103700
2021-02-25,64.949997,65.320000,64.199997,64.339996,55.716122,17558500
2021-02-26,64.470001,64.470001,63.279999,63.299999,54.815525,17718400
2021-03-01,63.750000,64.459999,63.730000,63.939999,55.369743,11263900
2021-03-02,63.869999,64.320000,63.799999,63.830002,55.274487,12942700
2021-03-03,63.660000,64.029999,63.490002,63.529999,55.014687,13450900
2021-03-04,63.660000,64.430000,62.990002,63.299999,54.815525,25968700
2021-03-05,63.570000,64.889999,63.330002,64.699997,56.027878,21719300
2021-03-08,64.720001,65.669998,64.610001,64.980003,56.270340,18947000
2021-03-09,65.199997,65.510002,64.870003,64.919998,56.218388,17259600
2021-03-10,64.970001,66.059998,64.760002,65.769997,56.954449,15827600
2021-03-11,65.839996,66.040001,65.540001,65.610001,56.815903,12386500
2021-03-12,65.849998,66.239998,65.800003,66.150002,57.283524,10518200
2021-03-15,66.389999,66.500000,66.040001,66.440002,57.534660,8383700
2021-03-16,66.360001,66.730003,66.360001,66.519997,57.603931,13550200
2021-03-17,66.550003,66.820000,66.190002,66.419998,57.517326,12254200
2021-03-18,66.250000,66.519997,65.830002,66.150002,57.283524,14497600
2021-03-19,66.220001,66.559998,66.059998,66.379997,57.482693,20807100
2021-03-22,65.910004,66.760002,65.860001,66.720001,58.089527,14499400
2021-03-23,66.709999,67.309998,66.529999,67.000000,58.333313,13216300
2021-03-24,66.839996,67.169998,66.580002,66.739998,58.106949,15831000
2021-03-25,66.830002,67.470001,66.500000,67.389999,58.672874,14764000
2021-03-26,67.470001,68.620003,67.279999,68.580002,59.708931,15098600
2021-03-29,68.379997,69.330002,68.349998,69.269997,60.309692,11857300
2021-03-30,69.139999,69.209999,68.400002,68.529999,59.665390,14042700
2021-03-31,68.500000,68.779999,68.160004,68.309998,59.473877,18241100
2021-04-01,68.040001,68.330002,67.529999,67.980003,59.186543,21191800
2021-04-05,68.269997,69.220001,68.150002,68.849998,59.944031,20093000
2021-04-06,68.730003,69.400002,68.680000,69.139999,60.196499,19302100
2021-04-07,69.260002,69.349998,68.879997,68.970001,60.048485,20763900
2021-04-08,68.940002,69.180000,68.860001,69.040001,60.109436,10244700
2021-04-09,69.050003,69.209999,68.500000,68.919998,60.004959,7020400
2021-04-12,69.010002,69.300003,68.919998,69.290001,60.327110,10117800
2021-04-13,68.989998,69.180000,68.830002,68.919998,60.004959,11982600
2021-04-14,68.879997,68.959999,68.570000,68.860001,59.952721,12087500
2021-04-15,69.019997,69.519997,69.019997,69.410004,60.431568,7714900
2021-04-16,69.699997,69.949997,69.430000,69.809998,60.779827,7810000
2021-04-19,69.820000,69.959999,69.320000,69.540001,60.544765,10867400
2021-04-20,69.050003,70.139999,68.949997,69.919998,60.875603,13168800
2021-04-21,70.000000,70.470001,70.000000,70.269997,61.180336,10794900
2021-04-22,70.150002,70.190002,69.599998,69.750000,60.727581,10762900
2021-04-23,69.610001,69.790001,69.290001,69.570000,60.570873,9133800
2021-04-26,69.529999,69.529999,68.690002,68.790001,59.891781,8750100
2021-04-27,68.750000,68.889999,68.440002,68.739998,59.848240,10078900
2021-04-28,69.019997,69.180000,68.709999,68.790001,59.891781,7925300
2021-04-29,68.760002,69.629997,68.760002,69.519997,60.527344,9202600
2021-04-30,69.519997,69.610001,69.239998,69.580002,60.579594,10784800
2021-05-03,69.730003,70.410004,69.660004,70.150002,61.075855,12671500
2021-05-04,70.000000,70.269997,69.570000,69.790001,60.762417,11147300
2021-05-05,69.769997,69.870003,69.500000,69.739998,60.718876,8726200
2021-05-06,69.870003,70.660004,69.870003,70.639999,61.502464,10192000
2021-05-07,70.529999,70.860001,70.360001,70.639999,61.502464,9841800
2021-05-10,70.940002,71.639999,70.879997,71.180000,61.972610,10558400
2021-05-11,71.209999,71.360001,70.239998,70.559998,61.432812,14385700
2021-05-12,70.400002,70.480003,69.610001,69.620003,60.614414,13223100
2021-05-13,69.610001,70.919998,69.529999,70.599998,61.467644,18490900
2021-05-14,70.870003,71.330002,70.830002,70.910004,61.737545,9672600
2021-05-17,70.949997,71.260002,70.660004,70.809998,61.650497,10705800
2021-05-18,70.889999,71.169998,70.550003,70.589996,61.458939,11168900
2021-05-19,70.250000,70.459999,69.860001,70.360001,61.258686,13709500
2021-05-20,70.370003,71.260002,70.330002,71.010002,61.824604,11336300
2021-05-21,71.190002,71.480003,70.889999,71.019997,61.833309,7779600
2021-05-24,71.110001,71.480003,70.970001,71.230003,62.016155,6535900
2021-05-25,71.279999,71.309998,70.820000,71.250000,62.033550,8271800
2021-05-26,71.290001,71.360001,70.970001,71.099998,61.902973,10622500
2021-05-27,71.220001,71.449997,70.589996,70.660004,61.519878,12693900
2021-05-28,70.769997,71.110001,70.760002,70.809998,61.650497,8476400
2021-06-01,71.080002,71.260002,70.330002,70.570000,61.441509,8893800
2021-06-02,70.669998,70.959999,70.500000,70.830002,61.667904,6411300
2021-06-03,70.620003,71.330002,70.620003,71.269997,62.050980,9410000
2021-06-04,71.480003,71.690002,71.290001,71.519997,62.268642,6078200
2021-06-07,71.529999,71.620003,71.080002,71.400002,62.164154,7306900
2021-06-08,71.419998,71.510002,70.790001,70.800003,61.641769,8545200
2021-06-09,70.669998,71.019997,70.440002,70.459999,61.345757,8273800
2021-06-10,70.589996,71.080002,70.559998,70.900002,61.728859,8213000
2021-06-11,71.040001,71.070000,70.599998,70.940002,61.763653,6232300
2021-06-14,70.879997,70.919998,70.470001,70.900002,61.728859,10449400
2021-06-15,70.959999,71.120003,70.660004,70.730003,61.580837,5151600
2021-06-16,70.750000,70.830002,69.769997,69.790001,60.762417,10507100
2021-06-17,69.800003,70.190002,69.610001,70.040001,60.980083,9239700
2021-06-18,69.559998,69.650002,68.779999,68.800003,59.900471,16882500
2021-06-21,68.760002,69.209999,68.720001,69.139999,60.587502,14278400
2021-06-22,69.150002,69.529999,69.040001,69.239998,60.675133,8351000
2021-06-23,69.180000,69.190002,68.809998,68.809998,60.298332,7072900
2021-06-24,68.830002,69.230003,68.769997,69.150002,60.596268,6343700
2021-06-25,69.190002,69.760002,69.070000,69.680000,61.060692,9241300
2021-06-28,69.730003,69.930000,69.580002,69.739998,61.113274,7570600
2021-06-29,69.779999,69.900002,69.320000,69.430000,60.841644,13155400
2021-06-30,69.580002,70.059998,69.550003,69.970001,61.314835,8815100
2021-07-01,70.000000,70.169998,69.650002,69.760002,61.130802,11633100
2021-07-02,69.919998,70.139999,69.830002,69.930000,61.279770,20733300
2021-07-06,69.769997,69.800003,69.309998,69.639999,61.025661,7595700
2021-07-07,69.620003,70.279999,69.610001,70.010002,61.349884,7880500
2021-07-08,69.680000,70.059998,69.480003,69.750000,61.122028,9212900
2021-07-09,70.019997,70.279999,69.879997,70.150002,61.472569,6286900
2021-07-12,70.029999,70.139999,69.769997,70.040001,61.376171,7384200
2021-07-13,70.019997,70.449997,69.879997,70.019997,61.358650,12057600
2021-07-14,70.110001,70.739998,70.010002,70.639999,61.901955,7616100
2021-07-15,70.529999,70.940002,70.330002,70.930000,62.156094,8662500
2021-07-16,71.050003,71.309998,70.949997,71.040001,62.252487,8634300
2021-07-19,70.800003,71.269997,70.199997,70.830002,62.068462,20734400
2021-07-20,70.820000,71.540001,70.660004,70.849998,62.085972,20404900
2021-07-21,71.180000,71.239998,70.650002,70.669998,61.928261,9366300
2021-07-22,70.489998,70.739998,70.099998,70.550003,61.823086,9632100
2021-07-23,70.570000,71.489998,70.470001,71.400002,62.567932,9732400
2021-07-26,71.290001,71.629997,71.110001,71.519997,62.673103,5952200
2021-07-27,71.500000,71.980003,71.269997,71.669998,62.804531,14720700
2021-07-28,71.500000,71.589996,70.889999,71.040001,62.252487,9114100
2021-07-29,71.300003,71.589996,71.230003,71.389999,62.559181,8811100
2021-07-30,71.500000,71.879997,71.400002,71.510002,62.664345,10403700
2021-08-02,71.510002,71.580002,71.129997,71.209999,62.401443,12049800
2021-08-03,71.230003,71.660004,71.059998,71.529999,62.681862,8647700
2021-08-04,71.279999,71.459999,70.550003,70.599998,61.866901,8886500
2021-08-05,70.970001,71.089996,70.769997,70.940002,62.164837,7063000
2021-08-06,71.099998,71.230003,70.809998,70.940002,62.164837,13492100
2021-08-09,71.169998,71.320000,71.010002,71.199997,62.392681,9054900
2021-08-10,71.339996,71.739998,71.220001,71.709999,62.839596,11291700
2021-08-11,71.889999,72.239998,71.830002,71.949997,63.049908,14992700
2021-08-12,71.989998,72.040001,71.779999,71.910004,63.014862,6432100
2021-08-13,72.000000,72.580002,71.889999,72.510002,63.540649,8808500
2021-08-16,72.510002,72.949997,72.379997,72.930000,63.908699,7903100
2021-08-17,72.800003,73.250000,72.629997,72.970001,63.943741,15666000
2021-08-18,72.830002,72.940002,72.010002,72.059998,63.146282,10669200
2021-08-19,71.739998,72.790001,71.699997,72.639999,63.654560,13035600
2021-08-20,72.629997,73.050003,72.360001,72.760002,63.759720,10454500
2021-08-23,72.769997,72.900002,72.500000,72.529999,63.558178,8794500
2021-08-24,72.489998,72.510002,71.879997,71.980003,63.076206,8494200
2021-08-25,71.930000,72.029999,71.610001,71.860001,62.971046,8007400
2021-08-26,71.760002,71.809998,71.290001,71.529999,62.681862,13078000
2021-08-27,71.599998,71.910004,71.360001,71.779999,62.900948,9126200
2021-08-30,71.800003,72.169998,71.730003,72.099998,63.181351,5645800
2021-08-31,72.160004,72.339996,71.980003,72.260002,63.321556,8037000
2021-09-01,72.320000,72.709999,72.190002,72.639999,63.654560,8399100
2021-09-02,72.790001,73.040001,72.660004,72.919998,63.899921,6623300
2021-09-03,72.699997,72.940002,72.489998,72.830002,63.821053,6010700
2021-09-07,72.709999,72.709999,71.940002,71.989998,63.084961,9206300
2021-09-08,71.900002,72.690002,71.860001,72.610001,63.628265,10662900
2021-09-09,72.540001,72.559998,72.120003,72.190002,63.260223,7741500
2021-09-10,72.330002,72.360001,71.739998,71.879997,62.988567,10269900
2021-09-13,72.160004,72.680000,71.889999,72.059998,63.146282,13798000
2021-09-14,72.239998,72.290001,71.610001,71.730003,62.857128,9145500
2021-09-15,71.730003,72.110001,71.559998,71.989998,63.084961,8824700
2021-09-16,71.900002,72.120003,71.150002,71.750000,62.874649,9789900
2021-09-17,71.559998,71.820000,71.349998,71.360001,62.532883,13150000
2021-09-20,70.430000,70.839996,69.669998,70.209999,61.908604,17880700
2021-09-21,70.410004,70.970001,70.000000,70.129997,61.838070,11140400
2021-09-22,70.589996,70.769997,70.190002,70.330002,62.014416,10025900
2021-09-23,70.430000,70.910004,70.360001,70.589996,62.243679,8440500
2021-09-24,70.489998,70.930000,70.489998,70.620003,62.270130,6717300
2021-09-27,70.510002,70.839996,70.239998,70.300003,61.987957,8467100
2021-09-28,70.110001,70.190002,69.220001,69.470001,61.256100,14982900
2021-09-29,69.610001,70.459999,69.459999,70.099998,61.811588,13329500
2021-09-30,70.269997,70.330002,68.809998,68.839996,60.700573,16259900
2021-10-01,69.050003,69.349998,68.370003,69.019997,60.859295,15889200
2021-10-04,69.000000,69.489998,68.320000,68.800003,60.665310,20351600
2021-10-05,68.970001,69.459999,68.820000,69.150002,60.973934,16186100
2021-10-06,68.790001,69.889999,68.709999,69.820000,61.564716,14909900
2021-10-07,70.169998,70.750000,70.080002,70.129997,61.838070,8396800
2021-10-08,70.180000,70.339996,69.919998,70.050003,61.767525,7285700
2021-10-11,70.160004,70.410004,69.970001,70.029999,61.749886,8218300
2021-10-12,70.089996,70.599998,69.910004,70.059998,61.776333,12401200
2021-10-13,70.129997,70.379997,69.580002,70.190002,61.890965,9548300
2021-10-14,70.449997,71.089996,70.400002,70.980003,62.587563,9975100
2021-10-15,71.220001,71.250000,70.610001,70.809998,62.437656,11575200
2021-10-18,70.500000,70.720001,70.019997,70.389999,62.067337,10043300
2021-10-19,70.269997,70.430000,69.930000,70.419998,62.093761,10203100
2021-10-20,70.489998,71.070000,70.430000,70.830002,62.455307,8829700
2021-10-21,70.930000,70.989998,70.660004,70.739998,62.375927,7976400
2021-10-22,70.879997,71.400002,70.820000,71.290001,62.860897,9575700
2021-10-25,71.239998,71.400002,70.739998,71.239998,62.816841,6844600
2021-10-26,71.250000,71.669998,71.199997,71.489998,63.037258,8805500
2021-10-27,71.860001,71.910004,71.040001,71.070000,62.666920,10334900
2021-10-28,71.089996,71.349998,70.970001,71.320000,62.887356,8614800
2021-10-29,71.139999,71.529999,71.070000,71.250000,62.825623,8105300
2021-11-01,71.400002,71.519997,71.110001,71.360001,62.922638,7033700
2021-11-02,71.400002,72.000000,71.190002,71.839996,63.345871,9942700
2021-11-03,71.849998,72.510002,71.800003,72.510002,63.936661,10471100
2021-11-04,72.250000,72.639999,72.059998,72.580002,63.998398,11701700
2021-11-05,72.860001,73.120003,72.720001,73.000000,64.368698,9929100
2021-11-08,73.029999,73.080002,72.080002,72.419998,63.857292,12813600
2021-11-09,72.440002,72.739998,72.199997,72.669998,64.077744,13527600
2021-11-10,72.739998,73.080002,72.610001,72.889999,64.271729,11350400
2021-11-11,72.940002,72.980003,72.669998,72.839996,64.227654,6319100
2021-11-12,72.989998,73.180000,72.720001,72.839996,64.227654,7469800
2021-11-15,72.970001,73.269997,72.830002,73.190002,64.536263,6381300
2021-11-16,73.139999,73.379997,72.699997,72.730003,64.130646,6562200
2021-11-17,72.660004,72.800003,72.440002,72.570000,63.989559,10444900
2021-11-18,72.379997,72.480003,71.959999,72.309998,63.760296,11269500
2021-11-19,72.470001,72.489998,72.010002,72.050003,63.531055,11924000
2021-11-22,72.139999,73.120003,72.059998,72.620003,64.033646,13425400
2021-11-23,72.629997,73.220001,72.510002,73.099998,64.456902,13405700
2021-11-24,73.000000,73.110001,72.550003,72.879997,64.262917,9556400
2021-11-26,72.389999,72.720001,71.699997,71.959999,63.451675,11715600
2021-11-29,72.040001,72.419998,71.680000,72.139999,63.610409,13646600
2021-11-30,71.690002,71.750000,70.139999,70.290001,61.979137,23715100
2021-12-01,70.769997,71.360001,69.919998,69.949997,61.679344,22897400
2021-12-02,70.190002,71.139999,70.190002,70.690002,62.331844,18704000
2021-12-03,71.080002,71.680000,70.870003,71.570000,63.107792,22867600
2021-12-06,72.080002,73.099998,72.070000,72.830002,64.218826,18524400
2021-12-07,72.949997,73.349998,72.809998,72.989998,64.359879,13169300
2021-12-08,72.870003,73.190002,72.139999,72.760002,64.157089,14489800
2021-12-09,72.750000,73.220001,72.440002,72.959999,64.333443,8613900
2021-12-10,73.389999,74.239998,73.260002,74.190002,65.418030,10890000
2021-12-13,74.169998,75.389999,74.059998,75.160004,66.273331,16518100
2021-12-14,75.010002,75.330002,74.720001,75.209999,66.317413,16048300
2021-12-15,75.220001,76.059998,75.190002,75.970001,66.987556,21277000
2021-12-16,75.910004,76.779999,75.900002,76.510002,67.463699,14499000
2021-12-17,76.239998,76.620003,75.160004,75.199997,66.308586,23809700
2021-12-20,74.120003,74.750000,74.029999,74.709999,66.328148,14116700
2021-12-21,74.709999,74.760002,74.169998,74.610001,66.239357,11872100
2021-12-22,74.580002,75.110001,74.290001,75.080002,66.656624,7650200
2021-12-23,75.260002,75.510002,75.139999,75.250000,66.807533,8089000
2021-12-27,75.300003,76.050003,75.300003,76.050003,67.517807,7343200
2021-12-28,75.959999,76.559998,75.959999,76.480003,67.899559,7285200
2021-12-29,76.559998,77.019997,76.430000,76.830002,68.210297,7891600
2021-12-30,77.019997,77.099998,76.540001,76.589996,67.997200,6802800
2021-12-31,76.540001,77.230003,76.500000,77.110001,68.458878,11289000
2022-01-03,76.660004,77.139999,76.019997,77.099998,68.449989,22320300
2022-01-04,77.080002,77.860001,77.050003,77.620003,68.911636,23066000
2022-01-05,77.519997,78.180000,77.489998,77.550003,68.849510,29748500
2022-01-06,77.500000,77.980003,77.230003,77.339996,68.663063,25023900
2022-01-07,77.220001,77.720001,77.010002,77.419998,68.734093,12650300
2022-01-10,77.300003,77.459999,76.559998,76.809998,68.192513,18578300
2022-01-11,76.730003,76.790001,75.879997,76.720001,68.112633,19571600
2022-01-12,76.669998,76.809998,76.389999,76.750000,68.139275,11155200
2022-01-13,76.830002,77.050003,76.580002,76.889999,68.263565,14287300
2022-01-14,76.699997,77.129997,76.349998,77.029999,68.387856,21391700
2022-01-18,76.459999,76.480003,75.680000,75.919998,67.402390,16683800
2022-01-19,76.059998,76.930000,76.040001,76.400002,67.828552,18518500
2022-01-20,76.330002,76.980003,75.830002,75.900002,67.384621,15677800
2022-01-21,76.279999,76.930000,75.839996,75.959999,67.437889,25270600
2022-01-24,75.660004,76.160004,74.110001,75.709999,67.215950,35518900
2022-01-25,75.050003,75.309998,73.970001,74.870003,66.470200,28638500
2022-01-26,74.639999,75.309998,73.860001,74.300003,65.964142,33222000
2022-01-27,74.889999,75.980003,74.510002,74.800003,66.408051,23816500
2022-01-28,74.410004,75.720001,73.760002,75.680000,67.189308,25111500
2022-01-31,75.220001,76.040001,75.050003,75.970001,67.446777,15453000
2022-02-01,75.970001,76.139999,75.120003,75.900002,67.384621,15620900
2022-02-02,75.980003,76.930000,75.910004,76.809998,68.192513,13630400
2022-02-03,76.459999,77.209999,76.349998,76.830002,68.210297,14414700
2022-02-04,76.309998,76.669998,75.459999,75.889999,67.375748,17939500
2022-02-07,76.190002,76.400002,75.589996,76.029999,67.500046,10949400
2022-02-08,76.209999,76.529999,75.910004,76.320000,67.757507,11472900
2022-02-09,76.690002,76.860001,76.209999,76.339996,67.775269,14899300
2022-02-10,75.919998,76.269997,75.250000,75.519997,67.047264,19828500
2022-02-11,75.739998,76.019997,75.029999,75.250000,66.807533,18498300
2022-02-14,75.250000,75.529999,74.040001,75.040001,66.621101,23550800
2022-02-15,75.489998,75.970001,74.820000,75.169998,66.736534,12300400
2022-02-16,75.129997,75.580002,74.580002,75.309998,66.860825,13507700
2022-02-17,75.120003,76.099998,74.900002,75.889999,67.375748,12873300
2022-02-18,75.830002,76.320000,75.580002,76.029999,67.500046,16470100
2022-02-22,76.089996,76.150002,74.959999,75.440002,66.976257,21545800
2022-02-23,75.690002,75.730003,74.730003,74.830002,66.434677,15134300
2022-02-24,73.839996,74.000000,72.190002,73.540001,65.289421,30125500
2022-02-25,73.970001,76.019997,73.940002,75.910004,67.393532,21141600
2022-02-28,74.779999,75.209999,74.089996,74.900002,66.496803,20975100
2022-03-01,74.699997,75.309998,74.059998,74.459999,66.106171,18750300
2022-03-02,74.480003,75.589996,74.379997,75.250000,66.807533,18935000
2022-03-03,75.580002,76.309998,75.519997,75.860001,67.349098,19576500
2022-03-04,75.000000,76.029999,74.709999,75.870003,67.357994,22078900
2022-03-07,75.459999,75.790001,74.400002,74.489998,66.132820,20057300
2022-03-08,74.570000,74.760002,72.430000,72.480003,64.348320,29710400
2022-03-09,73.610001,73.629997,72.660004,72.970001,64.783348,18254000
2022-03-10,72.449997,72.730003,71.599998,72.279999,64.170761,21892400
2022-03-11,72.540001,72.940002,71.339996,71.440002,63.425011,14276500
2022-03-14,71.889999,72.540001,71.430000,71.820000,63.762356,18438900
2022-03-15,72.470001,73.519997,72.300003,73.430000,65.191734,17078100
2022-03-16,73.610001,73.889999,72.459999,73.510002,65.262749,18783200
2022-03-17,73.459999,74.150002,73.290001,74.019997,65.715546,14484600
2022-03-18,74.089996,74.260002,73.529999,74.190002,65.866478,20278600
2022-03-21,74.040001,74.610001,73.540001,73.949997,65.951187,17659100
2022-03-22,74.500000,74.650002,73.870003,74.500000,66.441711,11667300
2022-03-23,74.589996,74.779999,73.830002,73.900002,65.906616,14027800
2022-03-24,74.199997,74.449997,73.949997,74.419998,66.370354,9458800
2022-03-25,74.599998,75.190002,74.529999,75.040001,66.923294,12508400
2022-03-28,75.070000,75.349998,74.629997,75.349998,67.199768,11602600
2022-03-29,75.940002,76.160004,75.339996,76.019997,67.797302,16595100
2022-03-30,75.720001,76.080002,75.400002,76.070000,67.841881,13367500
2022-03-31,75.980003,76.349998,75.760002,75.889999,67.681358,12388500
2022-04-01,76.029999,76.739998,75.739998,76.650002,68.359146,12644000
2022-04-04,76.519997,76.519997,75.540001,76.410004,68.145126,9618400
2022-04-05,76.059998,77.269997,76.059998,76.480003,68.207558,12717200
2022-04-06,76.480003,77.550003,76.150002,77.449997,69.072594,23849600
2022-04-07,77.709999,78.559998,77.489998,78.389999,69.910950,18311500
2022-04-08,78.599998,78.959999,78.250000,78.720001,70.205238,13879400
2022-04-11,78.860001,79.120003,78.250000,78.400002,69.919876,18229900
2022-04-12,78.410004,78.959999,78.139999,78.419998,69.937691,19804800
2022-04-13,78.360001,78.970001,78.349998,78.860001,70.330116,11715500
2022-04-14,78.989998,79.389999,78.790001,78.839996,70.312256,12195600
2022-04-18,78.660004,78.949997,77.970001,78.190002,69.732582,11426700
2022-04-19,78.220001,79.489998,78.150002,79.379997,70.793846,12814100
2022-04-20,79.820000,80.750000,79.769997,80.570000,71.855148,21659600
2022-04-21,80.730003,81.339996,80.440002,80.500000,71.792717,18501800
2022-04-22,80.690002,80.790001,79.169998,79.239998,70.669006,19747900
2022-04-25,79.489998,79.830002,78.180000,79.589996,70.981140,30868200
2022-04-26,79.470001,79.849998,78.339996,78.360001,69.884178,26864500
2022-04-27,78.529999,79.470001,78.320000,78.650002,70.142822,29441700
2022-04-28,78.760002,79.900002,78.349998,79.809998,71.177353,22128500
2022-04-29,79.410004,79.529999,77.540001,77.639999,69.242073,27802900
2022-05-02,78.180000,78.290001,75.489998,76.620003,68.332397,55145100
2022-05-03,76.489998,77.120003,75.900002,76.400002,68.136200,47646900
2022-05-04,76.430000,78.230003,76.199997,78.120003,69.670166,37161600
2022-05-05,77.699997,77.879997,76.070000,76.639999,68.350235,32186100
2022-05-06,76.360001,77.110001,75.970001,76.720001,68.421577,34046900
2022-05-09,76.129997,77.370003,75.769997,76.690002,68.394821,33323800
2022-05-10,77.080002,77.330002,75.849998,76.160004,67.922142,32510900
2022-05-11,76.250000,77.110001,75.769997,75.830002,67.627846,30110100
2022-05-12,75.980003,76.360001,75.000000,75.809998,67.610031,29049700
2022-05-13,76.190002,77.010002,75.730003,76.949997,68.626724,15405300
2022-05-16,76.900002,77.650002,76.570000,77.300003,68.938843,14613700
2022-05-17,77.029999,77.230003,75.989998,76.769997,68.466171,20637000
2022-05-18,75.930000,75.959999,71.599998,71.830002,64.060501,40188900
2022-05-19,71.430000,71.449997,70.080002,70.550003,62.918961,38772000
2022-05-20,70.949997,70.970001,69.580002,70.699997,63.052746,26185000
2022-05-23,71.480003,72.419998,71.269997,72.160004,64.354820,17710900
2022-05-24,71.989998,73.449997,71.870003,73.339996,65.407173,23272400
2022-05-25,73.199997,73.570000,72.739998,73.360001,65.425003,16647300
2022-05-26,73.699997,74.519997,73.580002,74.139999,66.120651,16580500
2022-05-27,74.250000,75.000000,74.120003,75.000000,66.887627,16921300
2022-05-31,74.599998,74.959999,73.690002,74.470001,66.414963,19212200
2022-06-01,74.570000,74.629997,73.010002,73.500000,65.549873,17552000
2022-06-02,73.669998,74.570000,72.459999,74.570000,66.504150,17618500
2022-06-03,74.260002,74.550003,73.629997,73.820000,65.835258,9750300
2022-06-06,74.330002,74.559998,73.599998,73.849998,65.862007,10924200
2022-06-07,72.889999,74.339996,72.889999,74.239998,66.209824,9070200
2022-06-08,73.820000,73.989998,73.279999,73.330002,65.398270,7896600
2022-06-09,73.260002,73.970001,72.209999,72.230003,64.417244,9442200
2022-06-10,71.339996,72.489998,70.970001,71.919998,64.140762,17720500
2022-06-13,70.849998,71.339996,70.080002,70.370003,62.758430,22813000
2022-06-14,70.349998,70.669998,69.040001,69.540001,62.018188,19864600
2022-06-15,70.029999,70.589996,68.830002,69.610001,62.080635,20069400
2022-06-16,68.660004,69.610001,68.220001,69.080002,61.607952,19017100
2022-06-17,69.199997,69.580002,68.519997,68.830002,61.384987,24825300
2022-06-21,69.129997,70.330002,68.800003,70.139999,63.023018,16147200
2022-06-22,69.790001,70.570000,69.519997,70.089996,62.978111,15207200
2022-06-23,70.570000,71.519997,70.500000,71.449997,64.200096,16570700
2022-06-24,72.080002,72.879997,71.820000,72.849998,65.458038,13437000
2022-06-27,72.919998,73.040001,72.440002,72.650002,65.278343,10936500
2022-06-28,72.860001,73.320000,71.620003,71.680000,64.406754,11004000
2022-06-29,71.959999,72.430000,71.790001,72.129997,64.811096,9230600
2022-06-30,71.760002,72.500000,71.330002,72.180000,64.856049,12670700
2022-07-01,72.199997,73.269997,72.080002,73.220001,65.790512,11664100
2022-07-05,72.730003,72.980003,71.580002,72.750000,65.368195,12828700
2022-07-06,73.019997,73.470001,72.730003,72.959999,65.556885,11768100
2022-07-07,72.900002,73.150002,72.599998,73.029999,65.619781,8476300
2022-07-08,73.059998,73.480003,72.669998,72.900002,65.502968,10732500
2022-07-11,72.809998,73.300003,72.550003,72.800003,65.413116,7172500
2022-07-12,72.900002,73.550003,72.330002,72.589996,65.224426,11032200
2022-07-13,72.169998,73.290001,71.989998,72.639999,65.269356,13851600
2022-07-14,71.709999,72.809998,71.690002,72.699997,65.323250,10801700
2022-07-15,73.180000,73.410004,72.650002,72.940002,65.538910,9300100
2022-07-18,73.070000,73.190002,72.099998,72.230003,64.900955,8473600
2022-07-19,72.830002,73.129997,72.629997,72.989998,65.583847,8729100
2022-07-20,73.070000,73.139999,72.120003,72.500000,65.143555,10232000
2022-07-21,72.360001,72.889999,72.150002,72.720001,65.341240,11944800
2022-07-22,72.879997,73.410004,72.769997,73.199997,65.772530,9369800
2022-07-25,73.290001,73.730003,73.139999,73.559998,66.096001,8157500
2022-07-26,72.889999,73.500000,72.650002,73.389999,65.943260,9764200
2022-07-27,73.250000,74.099998,72.690002,73.889999,66.392540,10995600
2022-07-28,73.940002,75.220001,73.809998,75.070000,67.452782,9372000
2022-07-29,74.209999,74.610001,74.010002,74.489998,66.931641,13198900
2022-08-01,74.389999,75.660004,74.360001,75.419998,67.767265,13150400
2022-08-02,75.370003,75.510002,74.709999,74.820000,67.228149,10632700
2022-08-03,74.839996,75.459999,74.529999,75.309998,67.668449,12808400
2022-08-04,75.139999,75.349998,74.510002,74.809998,67.219177,11983600
2022-08-05,74.440002,74.690002,73.940002,74.639999,67.066422,7125700
2022-08-08,74.930000,75.160004,74.419998,74.599998,67.030472,6966100
2022-08-09,74.709999,74.820000,74.349998,74.489998,66.931641,8086200
2022-08-10,75.199997,75.269997,74.779999,75.040001,67.425835,11262300
2022-08-11,75.360001,75.599998,74.690002,74.860001,67.264084,8959500
2022-08-12,75.089996,75.510002,74.800003,75.510002,67.848137,11094400
2022-08-15,75.470001,76.339996,75.349998,76.260002,68.522049,10207200
2022-08-16,76.540001,77.400002,76.480003,77.120003,69.294769,12312600
2022-08-17,76.800003,77.199997,76.709999,76.900002,69.097115,9667600
2022-08-18,76.779999,77.269997,76.690002,77.160004,69.330719,5777700
2022-08-19,76.919998,77.279999,76.769997,76.910004,69.106079,6456500
2022-08-22,76.680000,76.699997,76.000000,76.129997,68.405235,7113700
2022-08-23,75.849998,75.910004,75.470001,75.800003,68.108727,10183400
2022-08-24,75.930000,76.150002,75.669998,75.989998,68.279434,8061900
2022-08-25,76.019997,76.339996,75.660004,76.339996,68.593910,6105000
2022-08-26,76.379997,76.470001,74.360001,74.449997,66.895676,11212500
2022-08-29,74.010002,74.750000,73.820000,74.330002,66.787872,13214300
2022-08-30,74.470001,74.470001,73.370003,73.559998,66.096001,10316700
2022-08-31,73.790001,73.919998,73.110001,73.110001,65.691650,10397800
2022-09-01,72.860001,73.680000,72.580002,73.519997,66.060051,15968200
2022-09-02,74.080002,74.370003,72.330002,72.559998,65.197479,15846700
2022-09-06,72.599998,73.180000,72.050003,72.150002,64.829071,21871800
2022-09-07,72.379997,73.540001,72.320000,73.449997,65.997169,19632300
2022-09-08,73.089996,73.540001,72.400002,73.260002,65.826462,14843900
2022-09-09,73.449997,74.470001,73.180000,73.980003,66.473389,18139000
2022-09-12,74.040001,74.519997,73.940002,74.269997,66.733955,8680000
2022-09-13,73.650002,73.750000,71.589996,71.790001,64.505585,12940800
2022-09-14,72.010002,72.099998,71.339996,71.760002,64.478661,12291500
2022-09-15,71.720001,71.790001,70.970001,71.160004,63.939541,11234700
2022-09-16,70.910004,71.410004,70.900002,71.330002,64.092285,13452600
2022-09-19,70.599998,71.389999,70.599998,71.339996,64.518242,9370400
2022-09-20,70.870003,71.110001,70.400002,70.949997,64.165543,9169900
2022-09-21,71.379997,72.080002,70.639999,70.680000,63.921352,14189700
2022-09-22,70.739998,71.059998,70.449997,70.580002,63.830906,10428400
2022-09-23,70.190002,70.190002,68.660004,69.379997,62.745647,15909500
2022-09-26,69.230003,70.029999,69.099998,69.430000,62.790874,11638000
2022-09-27,69.769997,70.150002,68.099998,68.230003,61.705635,17159300
2022-09-28,68.540001,69.389999,67.940002,69.050003,62.447216,14259200
2022-09-29,68.889999,69.029999,67.489998,67.910004,61.416229,13508200
2022-09-30,68.080002,68.190002,66.680000,66.730003,60.349079,13427400
2022-10-03,67.209999,68.050003,66.839996,67.879997,61.389103,12703300
2022-10-04,68.290001,69.269997,68.279999,68.910004,62.320602,13366400
2022-10-05,68.550003,68.879997,67.790001,68.510002,61.958855,10596100
2022-10-06,68.489998,68.610001,67.360001,67.510002,61.054478,10607000
2022-10-07,67.379997,67.459999,66.239998,66.500000,60.141064,13741600
2022-10-10,66.620003,67.019997,66.180000,66.739998,60.358097,11799000
2022-10-11,66.779999,67.900002,66.669998,67.290001,60.855522,10783400
2022-10-12,67.949997,68.419998,67.639999,67.650002,61.181080,10963200
2022-10-13,67.000000,69.029999,66.690002,68.769997,62.193985,18475600
2022-10-14,69.180000,69.260002,67.419998,67.529999,61.072563,11611200
2022-10-17,68.239998,68.599998,68.099998,68.260002,61.732765,9105200
2022-10-18,69.279999,69.620003,68.739998,69.150002,62.537647,11000700
2022-10-19,69.250000,69.620003,68.550003,68.830002,62.248253,8985300
2022-10-20,68.860001,69.019997,67.809998,67.870003,61.380070,10023200
2022-10-21,67.830002,69.080002,67.610001,68.910004,62.320602,9613300
2022-10-24,69.400002,70.290001,69.250000,70.150002,63.442036,11076000
2022-10-25,70.309998,71.160004,69.910004,71.070000,64.274063,10619600
2022-10-26,71.230003,72.050003,71.010002,71.540001,64.699120,9483700
2022-10-27,71.610001,72.070000,71.489998,71.599998,64.753380,9988200
2022-10-28,71.730003,73.300003,71.699997,73.169998,66.173256,9545400
2022-10-31,72.959999,73.190002,72.550003,72.739998,65.784370,9201000
2022-11-01,72.919998,73.269997,72.250000,72.510002,65.576363,9535200
2022-11-02,72.360001,73.080002,71.209999,71.250000,64.436844,16291600
2022-11-03,70.650002,71.330002,70.489998,71.010002,64.219818,10624500
2022-11-04,71.860001,72.250000,70.910004,71.849998,64.979469,11938600
2022-11-07,72.000000,72.620003,71.860001,72.489998,65.558281,7133600
2022-11-08,72.709999,73.150002,71.949997,72.699997,65.748192,9091700
2022-11-09,72.519997,72.970001,71.849998,71.910004,65.033737,9465200
2022-11-10,73.449997,73.790001,72.379997,73.599998,66.562141,19286100
2022-11-11,73.800003,73.879997,72.370003,73.519997,66.489784,14289300
2022-11-14,73.449997,74.110001,72.900002,72.940002,65.965256,14803000
2022-11-15,73.860001,74.099998,72.949997,73.550003,66.516914,15064200
2022-11-16,73.650002,74.279999,73.610001,73.910004,66.842499,9748600
2022-11-17,73.260002,73.930000,73.260002,73.889999,66.824402,7827000
2022-11-18,74.489998,74.769997,74.180000,74.680000,67.538857,9070800
2022-11-21,74.820000,75.500000,74.669998,75.389999,68.180969,8054900
2022-11-22,75.949997,76.010002,75.660004,75.940002,68.678383,6307100
2022-11-23,76.000000,76.349998,75.900002,76.199997,68.913506,6286400
2022-11-25,76.300003,76.309998,76.099998,76.250000,68.958733,2978000
2022-11-28,75.970001,76.379997,75.849998,75.959999,68.696449,8698300
2022-11-29,75.760002,75.919998,75.279999,75.669998,68.434196,7755100
2022-11-30,75.620003,77.209999,75.220001,77.190002,69.808853,11704200
2022-12-01,77.050003,77.139999,76.519997,76.839996,69.492310,10215700
2022-12-02,76.279999,77.290001,76.190002,77.190002,69.808853,6087200
2022-12-05,76.360001,76.449997,76.000000,76.220001,68.931587,8632900
2022-12-06,76.300003,76.589996,75.379997,75.750000,68.506546,8136300
2022-12-07,75.889999,76.230003,75.750000,76.070000,68.795944,7298700
2022-12-08,75.949997,76.489998,75.849998,76.480003,69.166748,7803400
2022-12-09,76.110001,76.440002,75.879997,75.889999,68.633148,9761700
2022-12-12,76.029999,76.699997,75.790001,76.690002,69.356659,6996800
2022-12-13,77.449997,77.620003,76.099998,76.580002,69.257172,11349000
2022-12-14,76.699997,77.269997,76.080002,76.529999,69.211967,13820200
2022-12-15,75.889999,76.040001,74.669998,75.230003,68.036278,11281000
2022-12-16,74.839996,75.099998,74.209999,74.860001,67.701645,14561500
2022-12-19,74.309998,74.940002,73.839996,74.279999,67.658821,8093900
2022-12-20,74.150002,74.510002,73.809998,74.220001,67.604195,7368900
2022-12-21,74.580002,75.250000,74.529999,74.959999,68.278214,7953100
2022-12-22,74.690002,74.830002,73.959999,74.790001,68.123383,6888300
2022-12-23,74.830002,75.230003,74.580002,75.180000,68.478607,4874700
2022-12-27,75.279999,75.690002,75.120003,75.540001,68.806526,4839700
2022-12-28,75.760002,75.860001,74.599998,74.599998,67.950310,5028900
2022-12-29,74.900002,75.190002,74.779999,74.919998,68.241783,5574800
2022-12-30,74.769997,74.830002,74.010002,74.550003,67.904770,6249900
2023-01-03,74.589996,74.620003,73.519997,74.269997,67.649727,14433300
2023-01-04,74.480003,75.019997,74.089996,74.559998,67.913864,12197300
2023-01-05,74.419998,74.489998,73.660004,73.809998,67.230728,9848200
2023-01-06,74.760002,76.080002,74.699997,75.779999,69.025116,9982400
2023-01-09,75.730003,76.250000,75.040001,75.040001,68.351112,11081800
2023-01-10,75.129997,75.250000,74.690002,74.940002,68.260017,8427900
2023-01-11,75.190002,75.410004,74.320000,74.980003,68.296440,9848300
2023-01-12,75.139999,75.150002,74.209999,74.389999,67.759026,9841300
2023-01-13,74.190002,74.760002,74.139999,74.739998,68.077835,9274200
2023-01-17,74.860001,75.419998,74.680000,74.790001,68.123383,9006800
2023-01-18,74.610001,74.660004,72.639999,72.750000,66.265221,16069900
2023-01-19,72.459999,72.790001,72.040001,72.059998,65.636703,12421500
2023-01-20,72.110001,72.650002,71.599998,72.620003,66.146812,12349600
2023-01-23,72.760002,73.220001,72.550003,72.849998,66.356285,12000200
2023-01-24,72.830002,73.349998,72.400002,73.150002,66.629570,13465600
2023-01-25,72.709999,73.330002,72.349998,73.330002,66.793526,11606800
2023-01-26,73.250000,73.309998,72.830002,73.070000,66.556686,8081500
2023-01-27,73.019997,73.190002,72.510002,72.860001,66.365417,10341700
2023-01-30,72.709999,73.500000,72.709999,72.949997,66.447388,10463100
2023-01-31,73.089996,73.750000,72.870003,73.739998,67.166977,8002700
2023-02-01,73.680000,74.660004,73.360001,74.330002,67.704384,15447600
2023-02-02,73.830002,74.169998,73.360001,73.690002,67.121414,12238800
2023-02-03,73.910004,73.930000,72.860001,73.400002,66.857269,12874800
2023-02-06,73.279999,73.629997,73.230003,73.489998,66.939247,7208900
2023-02-07,72.959999,73.320000,72.449997,73.180000,66.656898,9268200
2023-02-08,72.779999,72.910004,72.489998,72.620003,66.146812,8933500
2023-02-09,73.000000,73.260002,72.209999,72.300003,65.855339,8341500
2023-02-10,72.300003,73.029999,72.150002,72.970001,66.465607,8197200
2023-02-13,73.190002,73.830002,73.150002,73.800003,67.221634,7440500
2023-02-14,73.750000,73.779999,72.879997,73.129997,66.611343,9344700
2023-02-15,72.980003,73.290001,72.680000,73.269997,66.738861,9006000
2023-02-16,72.620003,73.180000,72.309998,72.739998,66.256111,8355100
2023-02-17,72.529999,73.709999,72.529999,73.680000,67.112320,11116000
2023-02-21,73.379997,73.790001,73.010002,73.400002,66.857269,8974700
2023-02-22,73.500000,74.010002,73.110001,73.290001,66.757088,8851000
2023-02-23,73.360001,73.559998,72.750000,73.199997,66.675102,12700000
2023-02-24,72.660004,72.830002,72.269997,72.709999,66.228783,11340600
2023-02-27,73.059998,73.260002,72.470001,72.629997,66.155922,10162300
2023-02-28,72.330002,72.459999,72.000000,72.029999,65.609398,9757300
2023-03-01,71.809998,71.889999,70.930000,71.500000,65.126648,10475000
2023-03-02,71.510002,72.620003,71.440002,72.480003,66.019279,9876000
2023-03-03,72.480003,72.610001,71.870003,72.540001,66.073929,12384300
2023-03-06,72.339996,72.839996,72.309998,72.730003,66.247002,8356000
2023-03-07,72.739998,72.980003,71.889999,72.010002,65.591187,10059400
2023-03-08,71.940002,72.209999,71.690002,72.129997,65.700478,11170800
2023-03-09,72.410004,72.529999,71.250000,71.459999,65.090195,15612700
2023-03-10,71.599998,71.879997,70.849998,71.110001,64.771400,19026300
2023-03-13,71.040001,72.580002,71.000000,71.470001,65.099312,29831400
2023-03-14,71.680000,72.160004,71.430000,72.120003,65.691376,19139200
2023-03-15,71.650002,72.680000,71.489998,72.589996,66.119476,21438000
2023-03-16,72.540001,72.709999,72.129997,72.639999,66.165016,15712500
2023-03-17,72.540001,72.660004,71.790001,72.110001,65.682266,13283900
2023-03-20,72.040001,72.830002,72.010002,72.760002,66.592911,14130900
2023-03-21,72.870003,73.029999,72.190002,72.699997,66.538017,12499700
2023-03-22,72.830002,73.139999,72.019997,72.029999,65.924797,11942200
2023-03-23,72.220001,72.480003,71.480003,71.750000,65.668533,12160300
2023-03-24,71.940002,73.040001,71.860001,72.970001,66.785141,12352500
2023-03-27,73.220001,73.690002,73.209999,73.360001,67.142067,10865500
2023-03-28,73.470001,73.889999,73.389999,73.489998,67.261040,11593400
2023-03-29,73.900002,73.980003,73.709999,73.900002,67.636314,9483400
2023-03-30,74.089996,74.300003,73.879997,74.110001,67.828506,10737800
2023-03-31,74.489998,74.739998,74.360001,74.709999,68.377640,10338700
2023-04-03,74.760002,75.260002,74.480003,75.099998,68.734589,9607700
2023-04-04,75.070000,75.389999,74.790001,74.949997,68.597305,7272900
2023-04-05,75.160004,75.629997,75.160004,75.300003,68.917641,12409900
2023-04-06,75.230003,75.489998,74.910004,75.360001,68.972572,8616800
2023-04-10,75.099998,75.379997,74.639999,75.360001,68.972572,9423400
2023-04-11,75.500000,75.790001,75.440002,75.580002,69.173904,12944300
2023-04-12,75.570000,75.820000,75.139999,75.239998,68.862717,10386400
2023-04-13,75.269997,75.699997,74.919998,75.660004,69.247124,12919000
2023-04-14,75.459999,75.790001,74.970001,75.180000,68.807816,8789700
2023-04-17,75.330002,75.669998,75.239998,75.660004,69.247124,9683400
2023-04-18,75.650002,75.959999,75.410004,75.889999,69.457626,7233100
2023-04-19,75.980003,76.059998,75.610001,75.839996,69.411865,6283600
2023-04-20,75.570000,76.260002,75.529999,76.019997,69.576614,7329500
2023-04-21,76.529999,76.970001,76.410004,76.570000,70.079987,10431000
2023-04-24,76.570000,76.930000,76.570000,76.879997,70.363731,8723100
2023-04-25,76.860001,77.370003,76.690002,76.779999,70.272194,12179700
2023-04-26,76.419998,76.720001,76.139999,76.180000,69.723053,8778800
2023-04-27,76.220001,77.110001,76.169998,77.029999,70.501022,11287800
2023-04-28,77.230003,77.580002,77.040001,77.440002,70.876251,9757600
2023-05-01,77.309998,77.820000,77.290001,77.500000,70.931175,10860800
2023-05-02,77.430000,77.470001,76.510002,77.290001,70.738968,19136000
2023-05-03,77.059998,77.379997,76.639999,76.660004,70.162361,11656600
2023-05-04,76.739998,76.860001,76.220001,76.470001,69.988495,11682600
2023-05-05,76.589996,77.239998,76.500000,77.180000,70.638283,10479400
2023-05-08,76.910004,77.050003,76.690002,76.949997,70.427780,8069200
2023-05-09,76.959999,76.959999,76.570000,76.709999,70.208122,6939500
2023-05-10,76.730003,77.059998,76.059998,76.589996,70.098289,12259100
2023-05-11,76.570000,76.870003,76.150002,76.820000,70.308807,11790600
2023-05-12,76.900002,77.150002,76.739998,77.120003,70.583382,7012000
2023-05-15,77.239998,77.339996,76.589996,76.930000,70.409500,8652200
2023-05-16,76.820000,76.820000,76.169998,76.279999,69.814575,11310700
2023-05-17,76.480003,76.489998,75.769997,76.239998,69.777969,10891300
2023-05-18,75.959999,76.059998,75.410004,75.870003,69.439331,10765300
2023-05-19,76.029999,76.120003,75.580002,75.919998,69.485092,10457600
2023-05-22,75.720001,75.849998,74.730003,74.769997,68.432556,14575700
2023-05-23,74.570000,74.629997,74.120003,74.220001,67.929184,13700400
2023-05-24,74.250000,74.300003,73.680000,73.739998,67.489868,11901800
2023-05-25,73.089996,73.440002,72.629997,73.180000,66.977333,17725000
2023-05-26,73.110001,73.550003,72.860001,73.430000,67.206146,15531000
2023-05-30,73.000000,73.180000,72.349998,72.589996,66.437332,22766900
2023-05-31,72.680000,73.070000,72.309998,72.669998,66.510551,22328600
2023-06-01,72.650002,72.730003,72.239998,72.610001,66.455643,13836100
2023-06-02,72.639999,73.660004,72.620003,73.610001,67.370888,14719800
2023-06-05,73.500000,74.029999,73.209999,73.339996,67.123772,9629600
2023-06-06,73.410004,73.550003,72.550003,72.970001,66.785141,10796900
2023-06-07,72.500000,72.930000,72.279999,72.730003,66.565491,13595100
2023-06-08,72.809998,73.250000,72.639999,73.230003,67.023109,8881300
2023-06-09,72.980003,73.339996,72.830002,73.110001,66.913261,8756200
2023-06-12,73.199997,73.269997,72.720001,73.089996,66.894943,11357600
2023-06-13,72.989998,73.500000,72.889999,73.389999,67.169540,8401800
2023-06-14,73.730003,74.089996,73.510002,73.839996,67.581367,13849900
2023-06-15,74.099998,74.760002,73.959999,74.580002,68.258659,16251200
2023-06-16,74.809998,75.050003,74.599998,74.669998,68.341026,12672900
2023-06-20,74.050003,74.279999,73.559998,73.580002,67.821190,9731800
2023-06-21,73.540001,74.080002,73.260002,73.839996,68.060822,13633500
2023-06-22,74.220001,74.379997,73.980003,74.269997,68.457176,17247600
2023-06-23,74.389999,74.389999,73.739998,73.779999,68.005524,9706900
2023-06-26,73.779999,73.910004,73.260002,73.879997,68.097694,8955400
2023-06-27,73.680000,74.169998,73.660004,74.099998,68.300476,8965400
2023-06-28,73.760002,73.809998,73.199997,73.599998,67.839630,12800400
2023-06-29,73.239998,73.650002,73.000000,73.529999,67.775101,10018000
2023-06-30,73.699997,74.279999,73.639999,74.169998,68.365005,14266200
2023-07-03,74.059998,74.750000,73.860001,74.750000,68.899605,12817100
2023-07-05,74.440002,74.690002,74.349998,74.620003,68.779785,17579200
2023-07-06,74.279999,74.470001,74.050003,74.430000,68.604652,14881300
2023-07-07,74.250000,74.250000,73.410004,73.459999,67.710571,16405400
2023-07-10,73.570000,74.160004,73.349998,73.440002,67.692146,11953600
2023-07-11,73.500000,73.660004,73.110001,73.550003,67.793526,9812500
2023-07-12,73.680000,73.919998,73.559998,73.720001,67.950218,12680900
2023-07-13,73.849998,74.160004,73.550003,74.029999,68.235962,10581500
2023-07-14,74.050003,74.410004,73.830002,74.279999,68.466385,12475600
2023-07-17,74.000000,74.309998,73.790001,74.059998,68.263603,9496300
2023-07-18,73.989998,74.610001,73.750000,73.980003,68.189880,10124100
2023-07-19,74.220001,74.809998,74.169998,74.730003,68.881187,14718700
2023-07-20,74.800003,75.470001,74.639999,75.370003,69.471092,16106300
2023-07-21,75.489998,75.839996,75.400002,75.629997,69.710739,13836800
2023-07-24,75.610001,76.029999,75.540001,75.919998,69.978027,10692500
2023-07-25,75.830002,75.919998,75.510002,75.900002,69.959610,8576600
2023-07-26,75.699997,76.209999,75.580002,75.989998,70.042557,10506500
2023-07-27,76.129997,76.309998,75.320000,75.320000,69.425011,10008500
2023-07-28,75.980003,76.400002,75.779999,76.099998,70.143944,9672400
2023-07-31,76.000000,76.230003,75.459999,75.750000,69.821350,10057100
2023-08-01,75.650002,75.970001,75.279999,75.339996,69.443420,9376700
2023-08-02,75.040001,76.080002,75.040001,75.610001,69.692299,11509700
2023-08-03,75.570000,75.760002,75.360001,75.400002,69.498718,8774900
2023-08-04,75.500000,75.680000,74.580002,74.650002,68.807434,10022800
2023-08-07,74.790001,75.339996,74.769997,75.260002,69.369698,8875600
2023-08-08,75.209999,75.290001,74.519997,74.720001,68.871956,11413600
2023-08-09,74.760002,75.220001,74.639999,74.830002,68.973358,11912200
2023-08-10,75.070000,75.529999,74.580002,74.680000,68.835083,10357700
2023-08-11,74.709999,74.989998,74.529999,74.800003,68.945694,7472500
2023-08-14,74.900002,75.099998,74.300003,74.430000,68.604652,11483800
2023-08-15,74.220001,74.339996,73.599998,73.629997,67.867271,13257500
2023-08-16,73.930000,74.139999,73.370003,73.459999,67.710571,14814900
2023-08-17,73.480003,73.669998,72.639999,72.750000,67.056152,11798000
2023-08-18,72.629997,73.169998,72.559998,73.019997,67.305008,12334500
2023-08-21,72.830002,72.970001,72.220001,72.529999,66.853363,12005400
2023-08-22,72.300003,72.379997,72.019997,72.120003,66.475441,11496100
2023-08-23,72.370003,72.599998,72.250000,72.599998,66.917892,10796800
2023-08-24,72.349998,73.000000,72.000000,72.019997,66.383270,13797500
2023-08-25,72.320000,72.599998,71.970001,72.419998,66.751961,13088500
2023-08-28,72.660004,72.879997,72.500000,72.750000,67.056152,6914800
2023-08-29,72.790001,73.050003,72.379997,73.010002,67.295792,9502800
2023-08-30,73.099998,73.360001,72.930000,73.129997,67.406387,9679300
2023-08-31,72.860001,73.120003,72.750000,72.760002,67.065346,7731300
2023-09-01,73.000000,73.040001,71.900002,72.139999,66.493874,8346400
2023-09-05,72.010002,72.279999,71.519997,71.519997,65.922409,8634200
2023-09-06,71.440002,71.599998,71.209999,71.440002,65.848679,9050100
2023-09-07,71.570000,71.870003,71.320000,71.610001,66.005379,10149000
2023-09-08,71.639999,71.709999,71.419998,71.699997,66.088310,8323000
2023-09-11,71.800003,72.379997,71.800003,72.320000,66.659790,8450700
2023-09-12,72.360001,72.379997,71.639999,71.699997,66.088310,13300200
2023-09-13,71.820000,72.099998,71.669998,71.919998,66.291092,7863700
2023-09-14,72.120003,72.699997,72.089996,72.650002,66.963966,9356000
2023-09-15,72.500000,72.760002,71.989998,72.050003,66.410919,10891600
2023-09-18,71.800003,71.830002,71.239998,71.540001,66.387733,6841200
2023-09-19,71.419998,71.500000,71.010002,71.370003,66.229973,7733500
2023-09-20,71.570000,71.919998,71.230003,71.440002,66.294937,10841700
2023-09-21,71.379997,71.459999,70.510002,70.519997,65.441177,11869900
2023-09-22,70.540001,70.720001,70.099998,70.139999,65.088562,12243000
2023-09-25,69.919998,70.070000,69.570000,69.889999,64.856552,9137600
2023-09-26,69.589996,69.790001,69.300003,69.370003,64.374008,11541000
2023-09-27,69.269997,69.489998,68.440002,68.800003,63.845066,14182700
2023-09-28,68.900002,69.190002,68.720001,69.010002,64.039948,12094400
2023-09-29,69.230003,69.339996,68.440002,68.809998,63.854340,11797500
2023-10-02,68.650002,68.739998,67.889999,68.339996,63.418186,12642500
2023-10-03,68.139999,68.489998,67.800003,67.849998,62.963474,15396200
2023-10-04,68.019997,68.440002,67.629997,68.389999,63.464581,15125900
2023-10-05,68.260002,68.339996,67.010002,67.040001,62.211826,15757300
2023-10-06,66.750000,66.900002,65.180000,66.669998,61.868454,28723400
2023-10-09,66.419998,66.760002,65.949997,66.730003,61.924152,15662900
2023-10-10,67.279999,67.739998,67.070000,67.410004,62.555172,18809600
2023-10-11,67.709999,67.830002,66.650002,66.949997,62.128296,18293200
2023-10-12,67.150002,67.180000,65.989998,66.220001,61.450867,15185000
2023-10-13,66.339996,66.900002,66.220001,66.800003,61.989105,15641000
2023-10-16,67.190002,67.699997,66.910004,67.489998,62.629402,16172800
2023-10-17,67.220001,67.910004,67.220001,67.779999,62.898518,13192200
2023-10-18,68.059998,68.550003,67.919998,68.029999,63.130524,16617700
2023-10-19,67.980003,68.250000,67.510002,67.529999,62.666523,18237000
2023-10-20,67.680000,67.980003,67.269997,67.269997,62.425243,14730500
2023-10-23,67.190002,67.629997,66.949997,67.139999,62.304619,13777300
2023-10-24,67.239998,67.830002,67.220001,67.709999,62.833565,12055600
2023-10-25,67.599998,68.239998,67.419998,67.940002,63.046993,11351100
2023-10-26,67.970001,68.220001,67.480003,67.500000,62.638687,13662200
2023-10-27,67.379997,67.650002,66.379997,66.580002,61.784950,17587700
2023-10-30,66.830002,67.739998,66.830002,67.620003,62.750038,12224000
2023-10-31,67.680000,67.930000,67.339996,67.860001,62.972752,8586400
2023-11-01,67.910004,68.050003,67.410004,67.790001,62.907803,18709400
2023-11-02,68.029999,68.769997,67.769997,68.669998,63.724426,21175900
2023-11-03,69.070000,69.339996,68.750000,68.750000,63.798672,17201100
2023-11-06,68.769997,69.160004,68.720001,68.860001,63.900726,14663200
2023-11-07,68.879997,69.320000,68.800003,69.029999,64.058502,12567700
2023-11-08,69.160004,69.260002,68.570000,68.760002,63.807945,10481700
2023-11-09,68.839996,68.900002,68.320000,68.480003,63.548115,10336900
2023-11-10,68.639999,69.029999,68.269997,68.959999,63.993526,9266200
2023-11-13,68.900002,69.379997,68.839996,69.180000,64.197693,8540800
2023-11-14,69.529999,70.120003,69.500000,69.889999,64.856552,13606200
2023-11-15,70.400002,70.589996,70.220001,70.449997,65.376221,10618900
2023-11-16,69.720001,70.019997,69.440002,69.580002,64.568893,16536300
2023-11-17,69.669998,69.720001,69.239998,69.489998,64.485374,10761100
2023-11-20,69.199997,69.559998,69.150002,69.440002,64.438972,11651300
2023-11-21,69.430000,69.699997,69.129997,69.650002,64.633850,11681400
2023-11-22,69.800003,70.190002,69.800003,70.150002,65.097839,8862100
2023-11-24,70.160004,70.470001,70.160004,70.410004,65.339104,4500800
2023-11-27,70.339996,70.470001,70.169998,70.209999,65.153511,11746800
2023-11-28,70.190002,70.709999,70.180000,70.529999,65.450478,8562300
2023-11-29,70.599998,70.599998,69.870003,69.959999,64.921516,9873800
2023-11-30,70.029999,70.699997,69.570000,70.660004,65.571121,11803600
2023-12-01,70.610001,70.980003,70.400002,70.949997,65.840225,13490300
2023-12-04,70.559998,71.279999,70.559998,71.040001,65.923729,11386300
2023-12-05,70.930000,71.099998,70.389999,70.480003,65.404076,11565900
2023-12-06,70.320000,70.470001,70.010002,70.300003,65.237038,11008700
2023-12-07,70.500000,70.830002,70.250000,70.599998,65.515427,8460000
2023-12-08,70.470001,70.529999,70.010002,70.110001,65.060707,8191300
2023-12-11,70.500000,70.809998,70.389999,70.779999,65.682465,16192800
2023-12-12,70.930000,71.010002,70.610001,71.010002,65.895912,8764500
2023-12-13,71.000000,72.320000,70.820000,72.300003,67.093010,14052700
2023-12-14,72.360001,72.470001,71.190002,71.239998,66.109329,16056700
2023-12-15,71.139999,71.440002,70.959999,71.239998,66.109329,17434600
2023-12-18,71.010002,71.699997,70.860001,71.440002,66.797508,11816000
2023-12-19,71.309998,71.660004,71.279999,71.580002,66.928406,8283200
2023-12-20,71.110001,71.269997,70.190002,70.190002,65.628731,16705400
2023-12-21,70.570000,70.750000,70.120003,70.680000,66.086891,10971900
2023-12-22,70.860001,71.349998,70.790001,71.220001,66.591805,7831800
2023-12-26,71.070000,71.699997,71.070000,71.519997,66.872299,6915800
2023-12-27,71.540001,71.849998,71.440002,71.849998,67.180855,7566700
2023-12-28,71.750000,71.970001,71.650002,71.879997,67.208908,6466000
2023-12-29,71.779999,72.070000,71.709999,72.029999,67.349159,10412700
2024-01-02,71.769997,72.959999,71.769997,72.839996,68.106529,12912000
2024-01-03,72.970001,73.089996,72.160004,72.269997,67.573563,13979700
2024-01-04,72.220001,72.660004,72.019997,72.169998,67.480072,10865000
2024-01-05,72.209999,72.480003,71.589996,72.010002,67.330467,12802800
2024-01-08,72.019997,72.570000,71.980003,72.540001,67.826012,9409000
2024-01-09,72.269997,72.730003,72.010002,72.730003,68.003677,7838600
2024-01-10,72.669998,73.000000,72.360001,72.580002,67.863419,11113300
2024-01-11,72.500000,72.610001,72.080002,72.570000,67.854073,9507800
2024-01-12,72.820000,72.980003,72.550003,72.800003,68.069130,7712800
2024-01-16,72.809998,72.849998,72.110001,72.400002,67.695122,11566900
2024-01-17,72.230003,72.599998,72.080002,72.349998,67.648369,9641400
2024-01-18,72.169998,72.309998,71.709999,72.260002,67.564209,10548800
2024-01-19,72.320000,72.339996,71.680000,72.050003,67.367859,11309600
2024-01-22,71.739998,72.000000,71.559998,71.699997,67.040604,15078600
2024-01-23,72.080002,72.589996,72.059998,72.480003,67.769928,13859600
2024-01-24,72.419998,72.459999,71.570000,71.589996,66.937752,12290500
2024-01-25,71.889999,72.279999,71.589996,72.279999,67.582924,12160900
2024-01-26,72.419998,72.739998,72.419998,72.629997,67.910172,7432800
2024-01-29,72.830002,73.080002,72.570000,73.050003,68.302887,9321900
2024-01-30,72.940002,73.500000,72.680000,73.459999,68.686234,11058900
2024-01-31,73.440002,73.650002,72.830002,72.919998,68.181320,17220600
2024-02-01,72.949997,74.410004,72.720001,74.410004,69.574501,20588700
2024-02-02,74.190002,74.480003,73.809998,74.169998,69.350105,23158000
2024-02-05,74.190002,74.239998,73.690002,73.709999,68.919998,14564700
2024-02-06,73.709999,73.919998,73.470001,73.879997,69.078941,11224200
2024-02-07,74.190002,74.230003,73.739998,73.809998,69.013481,7544100
2024-02-08,73.690002,74.080002,73.470001,73.790001,68.994781,16287600
2024-02-09,73.599998,73.599998,73.000000,73.110001,68.358978,20698800
2024-02-12,73.190002,73.639999,72.800003,73.629997,68.845192,13422900
2024-02-13,73.580002,73.790001,72.400002,72.839996,68.106529,21640600
2024-02-14,72.779999,72.820000,72.360001,72.699997,67.975624,15191300
2024-02-15,72.989998,73.269997,72.910004,73.169998,68.415077,14235700
2024-02-16,73.099998,73.620003,72.790001,73.279999,68.517921,15568300
2024-02-20,73.800003,74.470001,73.680000,74.050003,69.237900,15388700
2024-02-21,74.190002,74.440002,73.970001,74.320000,69.490341,13776600
2024-02-22,73.989998,74.629997,73.690002,74.550003,69.705406,11744900
2024-02-23,74.589996,75.160004,74.459999,74.779999,69.920456,12548300
2024-02-26,74.800003,74.820000,74.370003,74.480003,69.639961,11806000
2024-02-27,74.410004,74.529999,74.279999,74.489998,69.649300,8294300
2024-02-28,74.440002,74.639999,74.250000,74.570000,69.724091,6768700
2024-02-29,74.800003,74.910004,74.309998,74.449997,69.611900,14083400
2024-03-01,74.250000,74.540001,73.940002,74.459999,69.621246,15512500
2024-03-04,74.169998,74.580002,74.150002,74.519997,69.677353,15912700
2024-03-05,74.839996,75.220001,74.550003,74.699997,69.845650,15708400
2024-03-06,75.050003,75.459999,74.980003,75.330002,70.434731,11816200
2024-03-07,75.639999,75.830002,75.459999,75.760002,70.836777,9174900
2024-03-08,75.250000,75.389999,74.889999,75.160004,70.275757,13301600
2024-03-11,75.330002,75.680000,75.110001,75.570000,70.659119,9316500
2024-03-12,75.739998,76.190002,75.639999,75.959999,71.023766,10454900
2024-03-13,75.949997,76.199997,75.830002,76.150002,71.201431,9739500
2024-03-14,76.099998,76.279999,75.309998,75.559998,70.649757,14086100
2024-03-15,75.199997,75.610001,75.080002,75.529999,70.621719,14248300
2024-03-18,74.889999,75.680000,74.889999,75.459999,71.075714,10229000
2024-03-19,75.559998,75.779999,75.519997,75.739998,71.339455,10245900
2024-03-20,75.849998,76.000000,75.570000,75.970001,71.556084,10986100
2024-03-21,76.010002,76.269997,75.690002,76.010002,71.593758,8936100
2024-03-22,76.010002,76.129997,75.620003,75.639999,71.245255,10942300
2024-03-25,75.639999,75.820000,75.269997,75.430000,71.047455,11003700
2024-03-26,75.519997,75.690002,75.410004,75.470001,71.085136,7964400
2024-03-27,75.849998,76.260002,75.849998,76.260002,71.829247,9848100
2024-03-28,76.489998,76.610001,76.260002,76.360001,71.923424,9172700
2024-04-01,76.349998,76.459999,75.750000,75.750000,71.348862,13205200
2024-04-02,75.750000,75.860001,75.239998,75.360001,70.981529,16269200
2024-04-03,75.330002,75.330002,74.410004,74.529999,70.199738,16094700
2024-04-04,74.860001,74.989998,74.110001,74.209999,69.898338,18289500
2024-04-05,74.150002,74.559998,73.989998,74.330002,70.011375,11148900
2024-04-08,74.199997,74.489998,74.150002,74.220001,69.907768,10040700
2024-04-09,74.440002,74.599998,74.019997,74.580002,70.246834,12629600
2024-04-10,74.000000,74.430000,73.769997,74.309998,69.992538,15018400
2024-04-11,74.669998,74.690002,73.900002,74.129997,69.822990,10551900
2024-04-12,73.830002,74.019997,73.300003,73.379997,69.116554,14605900
2024-04-15,73.830002,74.019997,72.970001,73.080002,68.834000,12119600
2024-04-16,73.230003,73.330002,72.930000,73.110001,68.862259,12737600
2024-04-17,73.540001,73.639999,73.029999,73.379997,69.116554,12731500
2024-04-18,73.620003,73.889999,73.470001,73.720001,69.436798,11964200
2024-04-19,73.690002,74.480003,73.559998,74.440002,70.114990,15843100
2024-04-22,74.589996,75.349998,74.260002,75.150002,70.783730,12181600
2024-04-23,75.269997,75.430000,75.019997,75.360001,70.981529,12821100
2024-04-24,74.839996,76.019997,74.489998,75.930000,71.518410,15011000
2024-04-25,76.089996,76.470001,75.470001,75.750000,71.348862,14352600
2024-04-26,75.480003,76.000000,75.430000,75.589996,71.198158,13488200
2024-04-29,75.610001,75.860001,75.379997,75.830002,71.424217,9244000
2024-04-30,75.750000,75.769997,75.320000,75.500000,71.113403,12517400
2024-05-01,75.279999,75.570000,74.709999,75.019997,70.661270,24867400
2024-05-02,75.269997,75.919998,74.980003,75.650002,71.254669,22820400
2024-05-03,75.680000,76.029999,75.250000,75.879997,71.471321,18088200
2024-05-06,76.050003,76.139999,75.430000,75.919998,71.508972,12508400
2024-05-07,76.239998,76.790001,76.239998,76.750000,72.290764,14641800
2024-05-08,76.739998,76.889999,76.419998,76.519997,72.074127,12686000
2024-05-09,76.589996,77.180000,76.540001,77.180000,72.695778,12851900
2024-05-10,77.169998,77.709999,77.099998,77.620003,73.110222,10774900
2024-05-13,77.769997,78.000000,77.269997,77.400002,72.903000,11755400
2024-05-14,77.470001,77.599998,76.870003,77.250000,72.761703,10117600
2024-05-15,77.050003,77.419998,77.050003,77.300003,72.808807,18143000
2024-05-16,78.000000,78.610001,77.830002,78.400002,73.844902,17360400
2024-05-17,78.309998,78.379997,78.010002,78.209999,73.665947,11265700
2024-05-20,78.190002,78.190002,77.580002,77.669998,73.157310,9226400
2024-05-21,77.879997,78.160004,77.720001,78.129997,73.590584,6595200
2024-05-22,77.599998,78.080002,77.459999,77.820000,73.298592,9395100
2024-05-23,77.580002,77.709999,76.860001,76.900002,72.432060,10751300
2024-05-24,77.169998,77.400002,77.059998,77.099998,72.620438,6943200
2024-05-28,76.849998,77.059998,76.220001,76.500000,72.055290,8840700
2024-05-29,76.089996,76.360001,75.919998,75.949997,71.537239,10402400
2024-05-30,76.169998,76.360001,75.970001,76.150002,71.725624,7404400
2024-05-31,76.080002,77.379997,75.730003,77.339996,72.846481,11873900
2024-06-03,77.089996,77.680000,76.860001,77.309998,72.818237,12223400
2024-06-04,77.320000,78.110001,77.190002,77.980003,73.449295,9097500
2024-06-05,77.879997,77.989998,77.190002,77.809998,73.289177,9095100
2024-06-06,77.760002,78.330002,77.599998,78.050003,73.515236,9759400
2024-06-07,78.029999,78.250000,77.580002,77.660004,73.147896,7490500
2024-06-10,77.779999,77.800003,77.099998,77.599998,73.091370,10033800
2024-06-11,77.489998,77.559998,76.919998,77.559998,73.053696,8583700
2024-06-12,77.709999,77.750000,76.519997,76.709999,72.253090,14172800
2024-06-13,76.680000,76.879997,76.360001,76.809998,72.347275,8723500
2024-06-14,76.589996,76.949997,76.389999,76.949997,72.479134,7246400
2024-06-17,76.660004,77.820000,76.500000,77.680000,73.166718,8762000
2024-06-18,77.559998,77.879997,77.449997,77.779999,73.260918,6567100
2024-06-20,77.639999,78.010002,77.410004,77.610001,73.100800,9316300
2024-06-21,77.769997,78.169998,77.610001,77.669998,73.157310,11594000
2024-06-24,77.269997,78.010002,77.110001,77.910004,73.937401,9722600
2024-06-25,77.620003,77.730003,77.110001,77.410004,73.462898,10705700
2024-06-26,76.870003,77.440002,76.709999,77.250000,73.311050,8405200
2024-06-27,77.230003,77.300003,76.599998,76.919998,72.997879,4592300
2024-06-28,76.910004,77.000000,76.379997,76.580002,72.675217,8396900
2024-07-01,76.980003,77.269997,75.980003,76.040001,72.162750,9275300
2024-07-02,76.129997,76.580002,75.889999,76.570000,72.665718,8233400
2024-07-03,76.440002,76.709999,76.239998,76.440002,72.542343,5600600
2024-07-05,76.440002,77.430000,76.330002,77.379997,73.434418,7202900
2024-07-08,77.440002,77.529999,77.050003,77.260002,73.320526,4486800
2024-07-09,77.260002,77.430000,77.029999,77.059998,73.130737,5635700
2024-07-10,77.199997,77.430000,77.010002,77.400002,73.453400,7249100
2024-07-11,77.290001,77.430000,76.889999,77.110001,73.178185,11414600
2024-07-12,77.519997,77.860001,77.190002,77.449997,73.500854,10028200
2024-07-15,77.400002,77.599998,76.940002,77.000000,73.073799,8481200
2024-07-16,77.029999,77.750000,76.919998,77.739998,73.776062,7987300
2024-07-17,77.860001,78.889999,77.839996,78.739998,74.725090,18297900
2024-07-18,78.449997,79.150002,78.339996,78.349998,74.354950,14877200
2024-07-19,78.550003,78.650002,77.970001,78.089996,74.108215,11816500
2024-07-22,78.269997,78.330002,77.769997,78.139999,74.155670,9408200
2024-07-23,78.220001,78.360001,77.790001,77.860001,73.889946,6937900
2024-07-24,77.580002,77.930000,77.279999,77.790001,73.823509,10620400
2024-07-25,78.059998,78.879997,77.699997,77.699997,73.738106,15686200
2024-07-26,78.010002,78.580002,77.820000,78.489998,74.487831,10271900
2024-07-29,78.339996,78.690002,77.940002,78.519997,74.516289,9115000
2024-07-30,77.580002,78.120003,77.239998,77.989998,74.013306,11818400
2024-07-31,77.989998,78.339996,77.510002,77.849998,73.880463,10474100
2024-08-01,78.000000,78.739998,77.760002,78.570000,74.563744,16535000
2024-08-02,79.169998,79.750000,77.800003,79.260002,75.218567,24086900
2024-08-05,79.120003,79.349998,77.440002,77.699997,73.738106,29057400
2024-08-06,78.080002,79.089996,77.989998,78.239998,74.250580,15801400
2024-08-07,78.570000,79.400002,78.269997,78.320000,74.326500,14182300
2024-08-08,78.099998,79.160004,78.019997,79.029999,75.000290,13889800
2024-08-09,78.870003,79.290001,78.529999,79.150002,75.114174,10319800
2024-08-12,79.110001,79.169998,78.550003,78.750000,74.734566,9735300
2024-08-13,78.750000,79.129997,78.349998,79.110001,75.076202,7513900
2024-08-14,79.050003,79.709999,78.919998,79.470001,75.417862,7264000
2024-08-15,80.589996,80.809998,80.050003,80.290001,76.196045,7745200
2024-08-16,80.209999,80.580002,80.080002,80.510002,76.404823,6976700
2024-08-19,80.599998,80.970001,80.570000,80.779999,76.661049,7330000
2024-08-20,80.760002,81.180000,80.629997,81.180000,77.040665,6931200
2024-08-21,81.860001,82.290001,81.500000,81.730003,77.562622,7960700
2024-08-22,81.949997,81.949997,81.260002,81.610001,77.448746,7632600
2024-08-23,81.750000,81.860001,81.330002,81.839996,77.667007,6505100
2024-08-26,81.930000,82.589996,81.919998,82.419998,78.217430,7270700
2024-08-27,82.540001,82.769997,82.309998,82.620003,78.407249,5674600
2024-08-28,82.639999,82.750000,81.959999,82.269997,78.075089,6666800
2024-08-29,82.169998,82.169998,81.690002,81.860001,77.685982,6343700
2024-08-30,82.019997,82.580002,81.800003,82.510002,78.302849,8884800
2024-09-03,82.529999,83.370003,82.430000,83.089996,78.853271,15503700
2024-09-04,82.940002,83.540001,82.860001,83.480003,79.223389,19276700
2024-09-05,83.500000,83.629997,82.739998,83.160004,78.919708,12775800
2024-09-06,83.150002,83.510002,82.889999,82.989998,78.758362,12616500
2024-09-09,83.000000,83.790001,82.860001,83.629997,79.365746,10061000
2024-09-10,83.510002,84.000000,83.389999,83.610001,79.346756,14002500
2024-09-11,83.309998,83.370003,82.080002,82.830002,78.606537,14556400
2024-09-12,82.849998,83.430000,82.570000,83.339996,79.090523,8659100
2024-09-13,83.400002,84.000000,83.220001,83.930000,79.650444,5953700
2024-09-16,84.150002,84.529999,83.870003,84.260002,79.963631,7794600
2024-09-17,83.970001,84.209999,83.360001,83.459999,79.204414,8404900
2024-09-18,83.400002,83.860001,82.800003,83.139999,78.900719,12935600
2024-09-19,83.360001,83.370003,82.519997,82.650002,78.435707,14934200
2024-09-20,82.570000,83.110001,82.430000,83.050003,78.815315,12719100
2024-09-23,82.440002,83.360001,82.379997,83.089996,79.272301,11985900
2024-09-24,82.980003,83.279999,82.690002,82.889999,79.081497,8985100
2024-09-25,83.180000,83.260002,82.559998,82.680000,78.881142,6100900
2024-09-26,82.529999,83.250000,82.529999,82.870003,79.062408,8565600
2024-09-27,82.980003,83.500000,82.879997,83.019997,79.205521,6432600
2024-09-30,83.320000,83.480003,82.680000,83.000000,79.186440,8468900
2024-10-01,83.029999,83.139999,82.470001,82.720001,78.919304,15725800
2024-10-02,82.500000,82.510002,81.860001,82.019997,78.251465,10788300
2024-10-03,81.690002,81.809998,81.059998,81.199997,77.469147,11507900
2024-10-04,81.070000,81.570000,80.949997,81.470001,77.726746,12463000
2024-10-07,81.500000,81.500000,80.559998,80.660004,76.953964,9270800
2024-10-08,80.690002,81.160004,80.470001,81.059998,77.335564,8218300
2024-10-09,81.129997,81.669998,81.000000,81.550003,77.803062,9276300
2024-10-10,81.529999,81.699997,80.989998,81.190002,77.459602,9122600
2024-10-11,81.470001,81.720001,81.110001,81.639999,77.888931,8741500
2024-10-14,81.599998,82.010002,81.470001,81.970001,78.203766,6263000
2024-10-15,82.080002,83.190002,82.080002,82.489998,78.699867,11287700
2024-10-16,82.209999,82.540001,82.019997,82.430000,78.642616,7720300
2024-10-17,82.540001,82.650002,81.839996,82.059998,78.289627,7716400
2024-10-18,81.879997,82.269997,81.639999,82.239998,78.461365,8314200
2024-10-21,82.209999,82.389999,81.470001,81.550003,77.803062,8704600
2024-10-22,81.430000,82.110001,81.349998,82.010002,78.241928,8912400
2024-10-23,81.599998,81.970001,81.440002,81.849998,78.089279,6926500
2024-10-24,81.830002,82.000000,81.500000,81.739998,77.984337,6211500
2024-10-25,81.739998,81.870003,80.989998,81.059998,77.335564,6546900
2024-10-28,81.379997,81.559998,81.169998,81.209999,77.478683,5714200
2024-10-29,80.830002,81.040001,80.360001,80.410004,76.715439,9459900
2024-10-30,80.300003,80.540001,80.050003,80.279999,76.591408,8504800
2024-10-31,80.080002,80.589996,79.959999,80.120003,76.438766,10905300
2024-11-01,80.379997,80.440002,80.050003,80.150002,76.467384,7916100
2024-11-04,80.269997,80.610001,80.150002,80.370003,76.677277,6958900
2024-11-05,80.169998,80.879997,80.019997,80.879997,77.163849,5304800
2024-11-06,81.089996,81.209999,79.360001,79.559998,75.904495,18487700
2024-11-07,79.730003,80.309998,79.669998,79.849998,76.181160,17598100
2024-11-08,79.860001,81.019997,79.849998,80.820000,77.106598,11530300
2024-11-11,80.709999,81.449997,80.480003,80.540001,76.839470,9273800
2024-11-12,80.839996,80.949997,80.489998,80.629997,76.925331,13518000
2024-11-13,80.639999,80.949997,80.400002,80.870003,77.154305,6781600
2024-11-14,80.669998,81.139999,80.610001,80.669998,76.963486,7572200
2024-11-15,80.599998,80.660004,79.919998,79.959999,76.286118,11359100
2024-11-18,80.139999,80.669998,80.050003,80.519997,76.820389,8747600
2024-11-19,80.730003,80.889999,80.139999,80.629997,76.925331,8020800
2024-11-20,79.900002,80.220001,79.529999,80.220001,76.534172,7687200
2024-11-21,80.309998,81.180000,80.089996,81.089996,77.364197,8185800
2024-11-22,81.540001,81.910004,81.440002,81.839996,78.079735,7703800
2024-11-25,82.379997,82.629997,82.040001,82.290001,78.509056,8243100
2024-11-26,82.239998,82.709999,82.139999,82.629997,78.833443,6973600
2024-11-27,83.000000,83.239998,82.650002,82.800003,78.995628,7067800
2024-11-29,82.779999,83.300003,82.669998,83.220001,79.396332,4982600
2024-12-02,83.139999,83.220001,82.519997,83.120003,79.300919,10750100
2024-12-03,83.050003,83.110001,82.540001,82.690002,78.890686,11053200
2024-12-04,82.470001,82.580002,82.050003,82.459999,78.671249,10100900
2024-12-05,82.550003,82.949997,82.330002,82.790001,78.986092,12639000
2024-12-06,82.809998,83.290001,82.379997,82.379997,78.594917,7180600
2024-12-09,82.500000,82.879997,82.029999,82.250000,78.470894,11614000
2024-12-10,82.190002,82.839996,81.860001,82.639999,78.842987,8497200
2024-12-11,82.769997,83.110001,81.970001,82.010002,78.241928,9046100
2024-12-12,82.529999,82.620003,82.120003,82.250000,78.470894,5410800
2024-12-13,82.089996,82.519997,81.629997,82.040001,78.270546,8154300
2024-12-16,82.070000,82.480003,81.589996,81.610001,77.860306,6495000
2024-12-17,81.440002,81.889999,81.330002,81.470001,77.726746,8535900
2024-12-18,81.160004,81.430000,80.209999,80.230003,76.543724,17223000
2024-12-19,80.160004,80.559998,79.660004,79.660004,75.999908,15778400
2024-12-20,79.620003,80.400002,79.349998,79.940002,76.267029,11035400
2024-12-23,79.050003,79.230003,78.160004,78.919998,75.865211,11469000
2024-12-24,78.849998,79.489998,78.739998,79.440002,76.365082,3932600
2024-12-26,79.290001,79.739998,79.220001,79.690002,76.605408,4253700
2024-12-27,79.320000,79.720001,79.010002,79.300003,76.230515,6601700
2024-12-30,78.959999,79.010002,78.120003,78.370003,75.336510,7249300
2024-12-31,78.529999,78.860001,78.160004,78.610001,75.567215,6125500
2025-01-02,78.779999,79.139999,78.110001,78.370003,75.336510,9321800
2025-01-03,78.519997,78.699997,78.050003,78.330002,75.298050,6991300
2025-01-06,78.419998,78.440002,77.419998,77.510002,74.509796,9275700
2025-01-07,77.709999,78.160004,77.129997,77.239998,74.250244,11112800
2025-01-08,77.160004,77.459999,76.669998,77.379997,74.384819,9277400
2025-01-10,76.889999,77.330002,76.239998,76.339996,73.385071,13943200
2025-01-13,76.400002,76.660004,76.059998,76.470001,73.510048,9490900
2025-01-14,76.559998,76.650002,76.129997,76.489998,73.529266,7763700
2025-01-15,76.910004,77.150002,76.110001,76.230003,73.279350,11426800
2025-01-16,76.080002,76.879997,75.809998,76.800003,73.827271,11223400
2025-01-17,76.940002,77.400002,76.849998,77.239998,74.250244,10524800
2025-01-21,77.389999,77.900002,77.309998,77.599998,74.596306,8849500
2025-01-22,77.949997,77.949997,77.150002,77.220001,74.231010,8357500
2025-01-23,77.110001,77.529999,76.800003,77.500000,74.500168,7562500
2025-01-24,77.470001,77.930000,77.430000,77.900002,74.884697,6685300
2025-01-27,78.690002,80.160004,78.680000,80.010002,76.913010,17519900
2025-01-28,79.760002,80.099998,78.599998,78.760002,75.711411,11664900
2025-01-29,78.879997,79.300003,78.809998,78.949997,75.894051,10195100
2025-01-30,79.339996,79.900002,79.180000,79.730003,76.643860,8192000
2025-01-31,79.029999,79.570000,78.930000,78.980003,75.922897,10269000
2025-02-03,78.410004,79.449997,78.230003,79.290001,76.220894,13340800
2025-02-04,79.019997,79.099998,78.300003,78.620003,75.576828,9307500
2025-02-05,78.610001,79.129997,78.190002,79.110001,76.047852,8847800
2025-02-06,80.150002,80.169998,79.220001,79.470001,76.393929,9846300
2025-02-07,79.489998,79.680000,79.120003,79.349998,76.278564,8104000
2025-02-10,79.559998,79.849998,79.059998,79.839996,76.749596,7949600
2025-02-11,79.959999,80.629997,79.669998,80.610001,77.489799,9157100
2025-02-12,79.919998,80.650002,79.870003,80.550003,77.432129,10564000
2025-02-13,80.760002,81.489998,80.540001,81.419998,78.268440,10132300
2025-02-14,81.379997,81.430000,80.589996,80.610001,77.489799,10470300
2025-02-18,80.349998,80.919998,79.900002,80.900002,77.768570,10432400
2025-02-19,81.089996,81.580002,80.889999,81.550003,78.393417,6450800
2025-02-20,80.559998,81.230003,80.430000,81.230003,78.085808,14264000
2025-02-21,81.230003,82.250000,80.980003,82.180000,78.999031,18203300
2025-02-24,81.849998,82.809998,81.809998,82.430000,79.239342,14114200
2025-02-25,82.690002,83.879997,82.690002,83.599998,80.364075,18198000
2025-02-26,83.279999,83.360001,81.849998,82.000000,78.825989,19969500
2025-02-27,81.639999,82.430000,81.620003,81.989998,78.816376,16613700
2025-02-28,82.690002,83.129997,82.139999,83.080002,79.864182,15163900
2025-03-03,82.680000,83.820000,82.680000,83.519997,80.287155,18918900
2025-03-04,83.360001,84.139999,82.050003,82.099998,78.922119,21845600
2025-03-05,81.940002,82.750000,81.809998,82.440002,79.248970,13772700
2025-03-06,82.129997,82.800003,81.940002,82.589996,79.393150,13729400
2025-03-07,82.059998,83.430000,82.040001,82.860001,79.652710,19631100
2025-03-10,82.989998,84.349998,82.360001,82.680000,79.479675,27412700
2025-03-11,82.510002,82.580002,81.410004,81.470001,78.316521,27913700
2025-03-12,80.680000,80.980003,79.620003,79.699997,76.615021,22000500
2025-03-13,79.800003,80.120003,79.180000,79.330002,76.259354,18077400
2025-03-14,79.150002,79.580002,78.879997,79.510002,76.432373,10251300
2025-03-17,79.650002,80.910004,79.580002,80.669998,77.547470,12470000
2025-03-18,80.610001,80.709999,79.699997,79.750000,76.663086,9461100
2025-03-19,79.570000,79.830002,79.139999,79.750000,76.663086,12042700
2025-03-20,79.629997,79.919998,79.239998,79.360001,76.288177,10954500
2025-03-21,79.300003,79.529999,78.989998,79.330002,76.259354,11926200
2025-03-24,79.029999,79.480003,78.959999,79.400002,76.730942,9586600
2025-03-25,79.260002,79.360001,78.430000,78.680000,76.035133,12703200
2025-03-26,78.849998,80.080002,78.849998,79.900002,77.214134,11491900
2025-03-27,80.129997,80.970001,80.070000,80.809998,78.093529,9253000
2025-03-28,80.919998,81.099998,80.110001,80.410004,77.706985,12493200
2025-03-31,80.529999,81.919998,80.529999,81.669998,78.924637,14299100
2025-04-01,81.860001,82.010002,81.320000,81.790001,79.040596,11201000
2025-04-02,81.830002,82.059998,81.180000,81.550003,78.808670,9219000
2025-04-03,81.750000,82.820000,81.349998,82.019997,79.262863,20746100
2025-04-04,81.580002,82.040001,78.459999,78.459999,75.822540,35619500
2025-04-07,76.599998,79.379997,76.160004,77.550003,74.943130,45133500
2025-04-08,78.709999,78.970001,75.610001,76.349998,73.783463,26842500
2025-04-09,75.970001,79.940002,75.830002,79.309998,76.643959,39358900
2025-04-10,79.300003,80.150002,77.970001,79.349998,76.682617,25968000
2025-04-11,79.650002,80.860001,78.910004,80.349998,77.649010,19009500
2025-04-14,80.690002,82.050003,80.330002,81.720001,78.972946,12388100
2025-04-15,81.839996,81.940002,80.980003,81.029999,78.306145,8920200
2025-04-16,81.370003,81.489998,79.820000,80.160004,77.465393,13657300
2025-04-17,80.510002,82.260002,80.389999,81.870003,79.117905,13663600
2025-04-21,81.940002,82.029999,80.199997,81.089996,78.364120,13804400
2025-04-22,81.400002,82.709999,81.260002,82.239998,79.475471,11258800
2025-04-23,82.379997,82.709999,81.129997,81.769997,79.021271,17717300
2025-04-24,81.220001,81.330002,80.680000,81.050003,78.325485,12480700
2025-04-25,81.199997,81.440002,80.000000,80.839996,78.122528,14378000
2025-04-28,80.910004,81.220001,80.139999,80.570000,77.861595,12088900
2025-04-29,80.230003,81.300003,79.790001,81.239998,78.509087,10065700
2025-04-30,81.690002,82.150002,80.669998,81.830002,79.079247,10565800
2025-05-01,81.290001,81.550003,80.830002,81.120003,78.393127,13203000
2025-05-02,81.580002,81.860001,81.209999,81.559998,78.818321,14859700
2025-05-05,81.580002,81.680000,81.000000,81.489998,78.750679,10236300
2025-05-06,81.330002,81.629997,80.970001,81.349998,78.615395,10506300
2025-05-07,81.430000,81.849998,81.160004,81.480003,78.741028,10474900
2025-05-08,81.570000,81.949997,81.070000,81.379997,78.644379,11018500
2025-05-09,81.029999,81.339996,80.820000,80.910004,78.190193,9231500
2025-05-12,80.970001,81.230003,80.330002,81.029999,78.306145,18914800
2025-05-13,80.760002,80.879997,79.650002,79.940002,77.252785,13148500
2025-05-14,79.800003,79.910004,79.360001,79.510002,76.837242,10352000
2025-05-15,79.580002,81.190002,79.260002,81.139999,78.412437,13370000
2025-05-16,81.220001,82.070000,81.099998,82.070000,79.311180,11973300
2025-05-19,81.849998,82.370003,81.610001,82.309998,79.543114,13601400
2025-05-20,82.269997,82.839996,82.269997,82.599998,79.823372,12719300
2025-05-21,82.199997,82.330002,81.510002,81.639999,78.895645,10989100
2025-05-22,81.570000,81.739998,80.970001,81.300003,78.567062,11871600
2025-05-23,81.260002,81.769997,80.760002,81.599998,78.856987,10693100
2025-05-27,81.900002,82.389999,81.720001,82.339996,79.572113,14433600
2025-05-28,82.309998,82.580002,81.690002,81.779999,79.030937,9963800
2025-05-29,81.809998,82.160004,81.400002,82.110001,79.349838,13321300
2025-05-30,81.970001,83.190002,81.970001,82.830002,80.045639,17778900
2025-06-02,82.589996,82.889999,82.059998,82.879997,80.093956,15827900
2025-06-03,82.739998,82.930000,82.220001,82.800003,80.016655,13265600
2025-06-04,82.820000,82.839996,82.150002,82.220001,79.456139,10804100
2025-06-05,82.050003,82.160004,81.209999,81.430000,78.692703,16474500
2025-06-06,81.809998,81.949997,81.430000,81.690002,78.943954,10948900
2025-06-09,81.559998,81.830002,81.190002,81.580002,78.837654,13027300
2025-06-10,81.589996,81.949997,81.449997,81.760002,79.011612,12364900
2025-06-11,81.709999,81.709999,81.209999,81.480003,78.741028,11204000
2025-06-12,81.449997,81.980003,81.089996,81.959999,79.204880,10709900
2025-06-13,81.709999,82.160004,80.769997,80.959999,78.238495,15635100
2025-06-16,81.160004,81.849998,80.970001,81.220001,78.489761,12728200
2025-06-17,80.989998,81.120003,80.500000,80.529999,77.822945,15059900
2025-06-18,80.750000,80.839996,80.379997,80.430000,77.726311,11117700
2025-06-20,80.720001,81.239998,80.610001,81.019997,78.296478,16771500
2025-06-23,80.529999,81.470001,80.470001,81.400002,79.203331,17771400
2025-06-24,81.389999,81.480003,80.970001,81.330002,79.135216,12580900
2025-06-25,81.160004,81.160004,80.129997,80.239998,78.074631,12880400
2025-06-26,80.320000,80.639999,79.970001,80.169998,78.006523,13783200
2025-06-27,80.250000,80.800003,80.169998,80.550003,78.376266,15135300
2025-06-30,80.510002,81.120003,80.389999,80.970001,78.784935,12080000
2025-07-01,81.059998,82.480003,81.059998,81.980003,79.767677,23302100
2025-07-02,81.919998,82.269997,81.540001,82.220001,80.001205,16429100
2025-07-03,82.269997,82.330002,81.779999,82.180000,79.962280,10898400
2025-07-07,82.099998,82.160004,81.680000,82.110001,79.894165,14365100
2025-07-08,81.790001,81.910004,81.279999,81.349998,79.154671,15712800
2025-07-09,81.459999,81.550003,80.370003,80.820000,78.638969,22179000
2025-07-10,80.860001,81.419998,80.570000,81.110001,78.921158,16687900
2025-07-11,80.790001,81.010002,80.400002,80.809998,78.629250,16936700
2025-07-14,80.830002,80.930000,80.279999,80.879997,78.697350,13694000
2025-07-15,80.699997,80.849998,80.059998,80.070000,77.909218,17681600
2025-07-16,80.110001,80.419998,79.680000,80.349998,78.181656,15633600
2025-07-17,80.660004,81.160004,80.470001,81.110001,78.921158,17079000
2025-07-18,81.150002,81.489998,80.790001,80.889999,78.707092,12755000
2025-07-21,80.959999,81.320000,80.790001,80.879997,78.697350,13430900
2025-07-22,80.480003,81.760002,80.419998,81.620003,79.417397,20413700
2025-07-23,81.650002,81.860001,81.389999,81.650002,79.446579,13808900
2025-07-24,81.720001,81.809998,81.290001,81.360001,79.164406,11462600
2025-07-25,81.309998,81.519997,81.040001,81.500000,79.300629,9284900
2025-07-28,81.070000,81.199997,80.550003,80.660004,78.483299,12113200
2025-07-29,80.800003,81.430000,80.370003,81.190002,78.999001,18872900
2025-07-30,81.230003,81.489998,80.250000,80.470001,78.298431,16485500
2025-07-31,79.900002,80.559998,79.650002,79.779999,77.627045,18339700
2025-08-01,80.220001,80.660004,80.050003,80.160004,77.996788,28529200
2025-08-04,80.059998,80.690002,80.059998,80.550003,78.376266,14441900
2025-08-05,80.510002,80.910004,80.349998,80.470001,78.298431,15062900
2025-08-06,80.699997,81.889999,80.500000,81.620003,79.417397,16043200
2025-08-07,81.760002,82.360001,81.489998,82.239998,80.020653,15984100
2025-08-08,82.309998,82.790001,82.279999,82.480003,80.254173,14135200
2025-08-11,82.519997,82.629997,81.910004,82.410004,80.186073,12970500
2025-08-12,82.519997,82.699997,82.260002,82.629997,80.400131,16449500
2025-08-13,82.190002,82.800003,81.930000,82.629997,80.400131,17683900
2025-08-14,82.349998,82.400002,81.830002,81.889999,79.680107,12826500
2025-08-15,82.029999,82.269997,81.650002,82.019997,79.806602,12217700
2025-08-18,82.059998,82.290001,81.860001,81.910004,79.699570,11892100
2025-08-19,82.070000,82.879997,82.050003,82.750000,80.516891,13215600
2025-08-20,82.720001,83.900002,82.639999,83.220001,80.974213,24835800
2025-08-21,82.650002,82.690002,82.180000,82.470001,80.244453,18125200
2025-08-22,82.720001,83.260002,82.260002,82.470001,80.244453,16491500
2025-08-25,82.089996,82.230003,80.980003,81.059998,78.872505,20490600
2025-08-26,80.949997,81.000000,80.379997,80.529999,78.356804,17724000
2025-08-27,80.440002,80.800003,80.349998,80.769997,78.590324,11764700
2025-08-28,80.820000,80.870003,80.019997,80.260002,78.094093,14505000
2025-08-29,80.440002,80.839996,80.279999,80.779999,78.600060,15675800
2025-09-02,80.919998,81.199997,80.330002,80.650002,78.473572,16662400
2025-09-03,80.250000,80.629997,79.910004,80.589996,78.415184,14723100
2025-09-04,80.750000,81.050003,80.440002,80.639999,78.463837,12717400
2025-09-05,80.620003,81.279999,80.419998,80.870003,78.687630,20657300
2025-09-08,80.779999,80.790001,80.040001,80.570000,78.395737,18019800
2025-09-09,80.410004,80.849998,80.320000,80.730003,78.551414,13459600
2025-09-10,80.389999,80.540001,79.540001,79.940002,77.782730,19041800
2025-09-11,80.150002,80.820000,80.029999,80.589996,78.415184,16717500
2025-09-12,80.449997,80.639999,80.110001,80.320000,78.152473,10261000
2025-09-15,80.290001,80.480003,79.360001,79.400002,77.257309,14871900
2025-09-16,79.529999,79.940002,79.349998,79.760002,77.607582,16171000
2025-09-17,79.879997,80.739998,79.879997,80.239998,78.074631,14408700
2025-09-18,79.709999,80.019997,79.529999,79.540001,77.393517,21046100
2025-09-19,79.730003,79.750000,79.309998,79.379997,77.237839,13348900
2025-09-22,78.540001,78.599998,77.910004,77.959999,76.376686,11993700
2025-09-23,78.029999,78.379997,77.730003,78.349998,76.758766,9703700
2025-09-24,78.330002,78.830002,78.199997,78.519997,76.925316,10634100
2025-09-25,78.860001,78.930000,77.769997,77.769997,76.190544,12046100
2025-09-26,77.690002,78.010002,77.489998,77.959999,76.376686,11547800
2025-09-29,78.089996,78.129997,77.580002,78.110001,76.523643,11490300
2025-09-30,78.010002,78.540001,77.949997,78.370003,76.778374,12306100
2025-10-01,78.269997,78.489998,77.800003,78.250000,76.660805,10125300
2025-10-02,77.910004,78.199997,77.750000,77.940002,76.357101,8422100
2025-10-03,77.910004,78.349998,77.809998,78.029999,76.445274,8426600
2025-10-06,77.860001,77.919998,77.379997,77.459999,75.886841,10740000
2025-10-07,77.559998,78.300003,77.160004,78.180000,76.592224,12084200
2025-10-08,78.120003,78.129997,77.660004,77.790001,76.210144,9503000
2025-10-09,78.040001,78.160004,77.690002,78.040001,76.455070,9315600
2025-10-10,78.300003,78.769997,78.099998,78.099998,76.513847,20763500
2025-10-13,77.730003,78.129997,77.440002,77.839996,76.259125,12692100
2025-10-14,77.919998,79.129997,77.790001,79.089996,77.483734,12884100
2025-10-15,79.080002,79.720001,78.959999,79.230003,77.620903,9111200
2025-10-16,79.430000,79.750000,78.480003,78.680000,77.082062,13600000
2025-10-17,79.059998,79.779999,79.019997,79.730003,78.110748,13983900
2025-10-20,79.900002,80.010002,79.529999,79.660004,78.042168,13002500
2025-10-21,79.800003,79.849998,79.070000,79.290001,77.679688,17471400
2025-10-22,79.410004,80.250000,78.989998,79.739998,78.120537,13294700
2025-10-23,79.830002,79.860001,79.010002,79.349998,77.738457,10809500
2025-10-24,79.879997,79.900002,79.059998,79.089996,77.483734,12735500
2025-10-27,79.300003,79.330002,78.870003,79.220001,77.611099,13984700
2025-10-28,78.910004,79.000000,78.410004,78.430000,76.837151,8927500
2025-10-29,77.889999,77.900002,76.489998,76.580002,75.024719,19894100
2025-10-30,76.610001,76.949997,76.470001,76.500000,74.946342,17364800
2025-10-31,76.190002,76.489998,75.809998,76.279999,74.730812,14658200
2025-11-03,76.120003,76.180000,75.459999,75.680000,74.142990,16185500
2025-11-04,76.000000,76.199997,75.550003,75.989998,74.446701,18147000
2025-11-05,75.900002,76.209999,75.510002,75.940002,74.397720,15782900
2025-11-06,75.699997,75.930000,75.160004,75.599998,74.064621,15452200
2025-11-07,76.129997,76.849998,75.879997,76.709999,75.152077,16959500
2025-11-10,76.480003,76.610001,75.930000,76.430000,74.877762,16805900
2025-11-11,76.669998,77.540001,76.610001,77.430000,75.857452,19801200
2025-11-12,77.489998,77.730003,77.300003,77.320000,75.749687,10978200
2025-11-13,77.330002,77.790001,77.120003,77.320000,75.749687,15370800
2025-11-14,77.349998,77.610001,76.790001,77.260002,75.690910,13138200
2025-11-17,77.279999,77.599998,76.720001,76.769997,75.210854,13887100
2025-11-18,76.980003,77.379997,76.639999,77.099998,75.534149,16840000
2025-11-19,76.940002,77.070000,76.230003,76.510002,74.956139,15122100
2025-11-20,76.750000,77.379997,76.699997,77.059998,75.494972,21590200
2025-11-21,77.360001,78.400002,77.209999,77.900002,76.317909,22216000
2025-11-24,77.800003,77.930000,76.900002,77.000000,75.436188,17869400
2025-11-25,77.199997,78.089996,77.199997,78.059998,76.474663,18586300
2025-11-26,78.059998,79.110001,78.059998,78.910004,77.307396,13275100
2025-11-28,78.800003,79.389999,78.800003,79.370003,77.758064,8914300
2025-12-01,79.260002,79.529999,79.040001,79.290001,77.679688,16939900
2025-12-02,79.050003,79.050003,78.169998,78.769997,77.170235,20551000
2025-12-03,78.930000,79.550003,78.739998,78.830002,77.229027,16832900
2025-12-04,78.690002,78.910004,78.010002,78.449997,76.856735,14269500
2025-12-05,78.400002,78.989998,78.230003,78.459999,76.866539,13343200
2025-12-08,78.309998,78.320000,77.680000,77.809998,76.229736,14602000
2025-12-09,77.980003,78.220001,77.650002,77.989998,76.406075,14040200
2025-12-10,78.190002,78.379997,77.930000,78.220001,76.631416,13945300
2025-12-11,78.410004,79.070000,78.400002,78.800003,77.199631,13753800
2025-12-12,78.930000,79.459999,78.800003,79.419998,77.807037,14506900
2025-12-15,79.629997,79.910004,79.320000,79.639999,78.022575,14499400
2025-12-16,79.790001,79.970001,79.099998,79.279999,77.669884,13055300
2025-12-17,79.389999,79.879997,79.349998,79.650002,78.032372,14268400
2025-12-18,79.330002,79.820000,79.139999,79.190002,77.581711,12117100
2025-12-19,79.120003,79.160004,78.760002,78.779999,77.180038,13142000
2025-12-22,77.970001,78.199997,77.730003,77.879997,76.910431,10983600
2025-12-23,77.809998,77.820000,77.379997,77.510002,76.545052,7638500
2025-12-24,77.550003,78.190002,77.550003,78.120003,77.147453,4697100
2025-12-26,78.040001,78.410004,77.970001,78.230003,77.256081,8761300
2025-12-29,78.169998,78.480003,78.169998,78.279999,77.305458,9242300
2025-12-30,78.099998,78.330002,78.040001,78.150002,77.177078,5610900
2025-12-31,77.989998,78.120003,77.669998,77.680000,76.712929,5872000
2026-01-02,77.709999,77.970001,77.300003,77.690002,76.722801,15968600
2026-01-05,77.559998,77.570000,76.760002,77.349998,76.387032,23429400
2026-01-06,77.339996,77.690002,77.139999,77.470001,76.505547,17108100
2026-01-07,77.559998,77.690002,76.599998,76.620003,75.666122,18977200
2026-01-08,76.610001,78.730003,76.510002,78.440002,77.463470,26260100
2026-01-09,78.430000,79.339996,78.370003,79.250000,78.263382,18234000
2026-01-12,79.529999,80.269997,79.260002,80.180000,79.181808,26411200
2026-01-13,80.209999,81.190002,80.209999,81.110001,80.100227,26284200
2026-01-14,81.080002,82.349998,81.050003,82.230003,81.206291,32494200
2026-01-15,82.099998,82.510002,81.849998,82.370003,81.344543,29123700
2026-01-16,82.150002,82.279999,81.720001,82.110001,81.087776,23754200
2026-01-20,81.949997,82.559998,81.449997,82.360001,81.334663,19889000
2026-01-21,82.169998,82.570000,81.660004,82.440002,81.413673,23029100
2026-01-22,82.339996,82.570000,82.050003,82.269997,81.245781,15777300
2026-01-23,82.379997,82.940002,82.309998,82.910004,81.877823,20185600
2026-01-26,83.050003,83.330002,82.639999,82.779999,81.749435,13188000
2026-01-27,82.760002,83.239998,82.449997,83.160004,82.124702,13532200
2026-01-28,83.000000,83.400002,81.949997,82.320000,81.295166,16303200
2026-01-29,82.360001,82.849998,82.010002,82.129997,81.107521,18799300
2026-01-30,82.180000,83.510002,82.029999,83.510002,82.470352,18174800
2026-02-02,83.760002,84.660004,83.290001,84.500000,83.448021,26041700
2026-02-03,84.120003,86.339996,84.059998,85.870003,84.800964,33052500
2026-02-04,86.320000,87.349998,86.220001,86.989998,85.907021,33748100
2026-02-05,87.580002,87.639999,86.470001,86.919998,85.837891,38772900
2026-02-06,86.849998,88.089996,86.699997,87.940002,86.845200,29568600
2026-02-09,87.910004,88.220001,86.879997,87.430000,86.341545,21853900
2026-02-10,87.330002,87.830002,86.820000,87.150002,86.065033,20908100
2026-02-11,86.989998,88.709999,86.730003,88.400002,87.299469,25588300
2026-02-12,88.489998,90.059998,88.489998,89.209999,88.099388,35282800
2026-02-13,89.050003,90.000000,88.620003,89.510002,88.395653,25649700
2026-02-17,89.629997,90.139999,87.650002,88.199997,87.101959,29819300
2026-02-18,87.930000,88.519997,87.620003,88.040001,86.943947,20422200
2026-02-19,88.000000,88.699997,87.370003,87.669998,86.578560,18447200
2026-02-20,87.669998,87.949997,87.180000,87.889999,86.795815,17909400
2026-02-23,87.680000,89.169998,87.680000,88.970001,87.862373,22070900
2026-02-24,88.959999,89.779999,88.760002,89.739998,88.622787,20364000
2026-02-25,89.339996,89.459999,88.320000,89.010002,87.901878,15215600
2026-02-26,89.260002,89.639999,88.589996,88.860001,87.753746,15925900
2026-02-27,88.980003,90.059998,88.959999,90.010002,88.889427,17314200
2026-03-02,89.440002,89.790001,88.690002,88.709999,87.605614,27606700
2026-03-03,88.349998,88.510002,87.160004,87.739998,86.647682,36852400
2026-03-04,87.809998,87.959999,86.930000,87.160004,86.074913,22736400
2026-03-05,86.339996,86.440002,85.059998,85.410004,84.346703,33738500
2026-03-06,84.919998,85.849998,84.620003,85.779999,84.712082,25859700
2026-03-09,85.269997,86.160004,84.800003,85.970001,84.899727,20729100
2026-03-10,85.690002,86.489998,85.160004,85.720001,84.652832,18864900
2026-03-11,85.550003,85.610001,84.209999,84.589996,83.536896,18432200
2026-03-12,83.919998,84.970001,83.690002,84.250000,83.201134,17861800
2026-03-13,84.709999,85.110001,84.559998,84.739998,83.685028,13103600
2026-03-16,85.209999,85.459999,84.820000,84.980003,83.922050,12882500
2026-03-17,85.400002,85.680000,84.639999,84.699997,83.645531,12224900
2026-03-18,84.010002,84.029999,82.599998,82.639999,81.611176,19412700
2026-03-19,82.620003,83.000000,81.830002,81.970001,80.949516,18581300
2026-03-20,82.110001,82.309998,81.059998,81.290001,80.277985,20895800
2026-03-23,81.779999,81.830002,80.980003,81.180000,80.620605,21027400
2026-03-24,80.800003,82.029999,80.629997,81.110001,80.551086,14830000
2026-03-25,81.430000,81.629997,80.510002,81.510002,80.948334,17648200
2026-03-26,81.480003,82.230003,81.070000,81.139999,80.580879,14148400
2026-03-27,81.269997,82.320000,80.989998,81.779999,81.216469,25942100
2026-03-30,81.910004,82.610001,81.629997,81.879997,81.315781,15855700
2026-03-31,82.000000,82.269997,81.150002,81.980003,81.415100,19522700
2026-04-01,81.720001,81.870003,80.919998,81.459999,80.898674,29643400
2026-04-02,81.709999,81.980003,81.160004,81.889999,81.325714,20709800
2026-04-06,81.860001,82.690002,81.610001,82.660004,82.090416,9796700
2026-04-07,82.459999,82.540001,81.099998,81.260002,80.700058,13331200
2026-04-08,81.250000,82.800003,80.970001,82.779999,82.209579,12645900
2026-04-09,82.239998,83.639999,82.059998,83.449997,82.874962,11716200
2026-04-10,83.379997,83.410004,82.139999,82.370003,81.802406,12097000
2026-04-13,82.139999,82.269997,81.070000,81.550003,80.988060,9981200
2026-04-14,81.059998,81.750000,80.709999,81.470001,80.908607,11577400
2026-04-15,81.230003,81.320000,80.459999,81.059998,80.501434,10893700
2026-04-16,80.989998,81.800003,80.870003,81.430000,80.868881,13279000
2026-04-17,81.320000,82.540001,81.150002,82.459999,81.891785,12251700
2026-04-20,82.550003,82.949997,82.080002,82.389999,81.822266,9430800
2026-04-21,82.339996,82.449997,81.739998,81.839996,81.276054,8710400
2026-04-22,82.089996,82.510002,81.849998,82.110001,81.544197,9138500
2026-04-23,82.360001,83.660004,82.360001,83.480003,82.904762,12354400
2026-04-24,83.760002,83.860001,82.949997,83.230003,82.656487,10852700
2026-04-27,83.099998,83.339996,82.269997,82.339996,81.772614,11125800
2026-04-28,83.599998,83.650002,82.620003,83.080002,82.507515,10170400
2026-04-29,82.760002,83.239998,82.470001,82.919998,82.348618,12096900
2026-04-30,83.290001,84.440002,83.180000,84.309998,83.729034,15360200
2026-05-01,84.720001,85.059998,83.739998,84.169998,83.590004,13320000
2026-05-04,83.540001,84.349998,83.139999,83.540001,82.964348,12599100
2026-05-05,83.480003,84.459999,83.269997,84.059998,83.480759,10891500
2026-05-06,84.339996,84.510002,83.839996,84.239998,83.659515,11529800
2026-05-07,83.930000,84.300003,83.150002,83.980003,83.401314,10116900
2026-05-08,84.529999,84.800003,84.160004,84.180000,83.599937,10323400
2026-05-11,84.080002,84.290001,82.830002,83.370003,82.795517,11062700
2026-05-12,83.709999,85.019997,83.209999,84.440002,83.858147,16105000
2026-05-13,84.199997,85.260002,84.139999,84.720001,84.136215,10463200
2026-05-14,84.949997,85.260002,84.790001,84.980003,84.394424,6627600
2026-05-15,85.529999,85.589996,84.510002,84.639999,84.056763,12229600
2026-05-18,84.750000,85.940002,84.680000,85.900002,85.308083,11634800
2026-05-19,85.820000,86.699997,85.160004,86.089996,85.496773,12233000
2026-05-20,85.580002,86.070000,84.809998,85.519997,84.930695,14035000
2026-05-21,84.559998,84.769997,83.440002,84.660004,84.076630,13185200
2026-05-22,84.720001,85.120003,84.440002,84.800003,84.215668,7889900
2026-05-26,84.790001,84.889999,83.529999,83.629997,83.053719,9475800
2026-05-27,84.019997,85.160004,83.900002,84.580002,83.997177,12224200
2026-05-28,84.860001,84.949997,84.370003,84.430000,83.848213,6414300
2026-05-29,83.970001,84.099998,82.849998,82.910004,82.338692,13011100
2026-06-01,82.510002,82.639999,81.680000,82.029999,81.464752,20246700
2026-06-02,81.919998,82.290001,81.480003,81.830002,81.266129,15723400
2026-06-03,81.790001,82.720001,81.650002,82.160004,81.593857,14750300
2026-06-04,83.339996,83.610001,81.839996,82.040001,81.474678,12184700
2026-06-05,82.589996,84.389999,82.440002,83.440002,82.865036,17021500
2026-06-08,82.970001,83.489998,82.930000,83.070000,82.497581,9544500
2026-06-09,83.180000,84.589996,83.040001,84.099998,83.520485,12440600
2026-06-10,84.760002,85.620003,84.400002,85.489998,84.900909,13134100
2026-06-11,85.680000,85.959999,85.199997,85.269997,84.682419,18013600
2026-06-12,85.459999,85.860001,85.120003,85.820000,85.228630,9363000
2026-06-15,85.470001,85.769997,85.129997,85.480003,84.890984,10980200
2026-06-16,85.790001,86.349998,85.089996,85.589996,85.000214,9364100
2026-06-17,85.190002,85.389999,83.360001,83.680000,83.103378,18015200
2026-06-18,83.839996,83.889999,83.129997,83.300003,82.725998,10446700
2026-06-22,82.660004,83.139999,82.150002,82.180000,82.180000,11243600
2026-06-23,83.620003,83.839996,83.029999,83.720001,83.720001,14963300
2026-06-24,84.040001,84.809998,83.820000,84.440002,84.440002,11294900
2026-06-25,83.949997,84.989998,83.699997,83.940002,83.940002,12076100
2026-06-26,84.650002,85.220001,84.449997,84.709999,84.709999,11372100
2026-06-29,84.910004,85.080002,84.050003,84.370003,84.370003,10163800
2026-06-30,83.989998,84.089996,82.949997,83.070000,83.070000,12752500
2026-07-01,83.099998,83.330002,82.769997,83.300003,83.300003,12210100
2026-07-02,83.750000,85.139999,83.750000,84.989998,84.989998,16704700
2026-07-06,84.800003,85.099998,83.320000,84.099998,84.099998,13176600
2026-07-07,85.519997,85.959999,84.449997,84.860001,84.860001,13234800
2026-07-08,85.169998,85.300003,84.349998,84.389999,84.389999,10998500
2026-07-09,83.550003,83.839996,83.110001,83.199997,83.199997,11322100
2026-07-10,83.239998,84.190002,83.169998,84.120003,84.120003,8305400
2026-07-13,84.550003,85.540001,84.379997,84.589996,84.589996,8118700
2026-07-14,84.510002,84.739998,83.349998,83.419998,83.419998,7871000
2026-07-15,83.099998,84.220001,82.970001,83.470001,83.470001,7387500
2026-07-16,84.139999,85.820000,84.040001,85.809998,85.809998,12146500
2026-07-17,86.790001,87.430000,84.760002,85.190002,85.190002,15692300
2026-07-20,85.139999,85.400002,84.559998,84.860001,84.860001,8570800
2026-07-21,84.430000,84.599998,83.919998,84.059998,84.059998,7378406
