Date,Open,High,Low,Close,AdjClose,Volume
2015-10-08,30.010000,30.209999,30.010000,30.209999,20.861324,2000
2015-10-09,30.200001,30.200001,30.059999,30.160000,20.826799,4300
2015-10-12,30.420000,30.420000,30.270000,30.350000,20.957998,2300
2015-10-13,30.160000,30.160000,30.160000,30.160000,20.826799,500
2015-10-14,30.160000,30.160000,30.160000,30.160000,20.826799,0
2015-10-15,30.030001,30.070000,30.030001,30.070000,20.764648,2500
2015-10-16,30.596001,30.660000,30.596001,30.642000,21.159637,400
2015-10-19,30.700001,31.010000,30.700001,31.000000,21.406855,2000
2015-10-20,31.360001,31.360001,30.990000,31.030001,21.427567,3200
2015-10-21,31.055000,31.055000,31.055000,31.055000,21.444832,400
2015-10-22,31.180000,31.462999,31.177000,31.448000,21.716211,2200
2015-10-23,31.052999,31.070000,30.940001,31.070000,21.455191,3500
2015-10-26,31.028000,31.120001,31.028000,31.110001,21.482815,600
2015-10-27,31.059999,31.120001,31.000000,31.118000,21.488333,3400
2015-10-28,31.240000,31.330000,31.004999,31.004999,21.410305,3200
2015-10-29,31.030001,31.146000,31.010000,31.146000,21.507671,3900
2015-10-30,30.950001,30.950001,30.950001,30.950001,21.372320,200
2015-11-02,30.950001,30.950001,30.950001,30.950001,21.372320,100
2015-11-03,31.600000,31.600000,31.320000,31.350000,21.648542,500
2015-11-04,31.520000,31.520000,31.219999,31.219999,21.558773,1900
2015-11-05,31.280001,31.280001,30.950001,31.100000,21.475908,23800
2015-11-06,30.379999,30.379999,29.950001,29.950001,20.681774,9000
2015-11-09,30.059999,30.104000,29.600000,29.709999,20.516050,45500
2015-11-10,30.110001,30.110001,29.850000,30.030001,20.737024,27200
2015-11-11,30.105000,30.260000,29.990000,30.134001,20.808844,27100
2015-11-12,29.860001,30.080000,29.860001,29.950001,20.681774,63900
2015-11-13,29.820000,29.870001,29.556000,29.559999,20.412462,47700
2015-11-16,29.530001,29.620001,29.530001,29.530001,20.391750,4200
2015-11-17,30.000000,30.180000,29.930000,29.990000,20.709404,25700
2015-11-18,29.639999,30.344999,26.700001,30.344999,20.954552,28600
2015-11-19,30.410000,30.549999,30.410000,30.510000,21.068487,3500
2015-11-20,30.709999,30.770000,30.709999,30.760000,21.241112,600
2015-11-23,30.969999,31.011999,30.920000,30.920000,21.351606,2400
2015-11-24,31.020000,31.020000,30.450001,30.450001,21.027052,2500
2015-11-25,30.450001,30.450001,30.450001,30.450001,21.027052,0
2015-11-27,30.680000,30.680000,30.680000,30.680000,21.185875,0
2015-11-30,31.000000,31.000000,30.722000,30.750000,21.234219,1600
2015-12-01,30.980000,31.259001,30.980000,31.259001,21.585703,5600
2015-12-02,31.110001,31.219999,30.620001,30.620001,21.144447,4400
2015-12-03,30.370001,30.370001,30.010000,30.010000,20.723213,800
2015-12-04,30.309999,30.830000,30.309999,30.620001,21.144447,4400
2015-12-07,30.620001,30.620001,30.620001,30.620001,21.144447,0
2015-12-08,30.280001,30.760000,29.920000,30.719999,21.213501,4600
2015-12-09,30.510000,30.549999,30.510000,30.549999,21.096111,600
2015-12-10,30.299999,30.299999,30.299999,30.299999,20.923473,700
2015-12-11,30.180000,30.180000,30.138000,30.138000,20.811598,300
2015-12-14,30.100000,30.270000,30.090000,30.231001,20.875830,600
2015-12-15,30.723000,30.790001,30.580000,30.580000,21.116821,4100
2015-12-16,30.860001,31.129999,30.860001,31.129999,21.496614,1600
2015-12-17,31.459999,31.459999,31.058001,31.090000,21.469000,2400
2015-12-18,30.563000,30.590000,30.350000,30.350000,21.189726,1400
2015-12-21,30.455999,30.455999,30.400000,30.400000,21.224630,500
2015-12-22,30.680000,30.680000,30.680000,30.680000,21.420130,200
2015-12-23,30.750000,30.980000,30.750000,30.980000,21.629581,4500
2015-12-24,30.856001,31.010000,30.856001,31.010000,21.650530,300
2015-12-28,31.030001,31.030001,30.920000,30.927000,21.592579,2100
2015-12-29,31.250000,31.490000,31.250000,31.440001,21.950743,3500
2015-12-30,31.570000,31.590000,31.440001,31.440001,21.950743,2000
2015-12-31,31.320000,31.389999,31.184000,31.184000,21.772009,36800
2016-01-04,30.980000,30.980000,30.361000,30.459999,21.266531,1900
2016-01-05,30.930000,31.382999,30.930000,31.382999,21.910948,1500
2016-01-06,30.820000,31.184999,30.820000,31.080000,21.699402,3700
2016-01-07,30.721001,30.750000,30.507000,30.510000,21.301441,1500
2016-01-08,30.510000,30.518999,30.080000,30.110001,21.022165,4000
2016-01-11,30.290001,30.290001,30.290001,30.290001,21.147840,500
2016-01-12,30.040001,30.110001,29.959999,29.959999,20.917437,2300
2016-01-13,30.240000,30.290001,29.650000,29.650000,20.701000,3300
2016-01-14,29.827999,29.827999,29.500000,29.750000,20.770823,3700
2016-01-15,29.146000,29.299999,29.146000,29.250000,20.421734,1400
2016-01-19,29.510000,29.510000,29.355000,29.450001,20.561363,4700
2016-01-20,28.660000,28.889999,28.120001,28.660000,20.009804,4600
2016-01-21,28.879999,28.879999,28.879999,28.879999,20.163410,100
2016-01-22,29.465000,29.480000,29.457001,29.480000,20.582312,300
2016-01-25,29.480000,29.480000,29.480000,29.480000,20.582312,0
2016-01-26,29.590000,29.856001,29.590000,29.742001,20.765242,500
2016-01-27,29.480000,29.480000,29.480000,29.480000,20.582312,900
2016-01-28,29.480000,29.490000,29.160000,29.160000,20.358894,1700
2016-01-29,29.010000,29.200001,29.010000,29.190001,20.379839,600
2016-02-01,29.607000,29.809999,29.607000,29.809999,20.812712,700
2016-02-02,29.680000,29.680000,29.430000,29.430000,20.547405,1100
2016-02-03,29.680000,29.680000,29.047001,29.459999,20.568348,3800
2016-02-04,29.444000,29.645000,29.444000,29.636999,20.691923,1500
2016-02-05,29.209999,29.209999,29.098000,29.098000,20.315609,200
2016-02-08,28.100000,28.100000,27.556000,27.556000,19.239021,700
2016-02-09,27.420000,27.549999,27.070999,27.340000,19.088209,1400
2016-02-10,27.920000,27.920000,27.920000,27.920000,19.493153,300
2016-02-11,27.299999,27.299999,27.219999,27.219999,19.004429,800
2016-02-12,27.219999,27.507999,27.219999,27.490000,19.192940,1800
2016-02-16,27.490000,27.490000,27.490000,27.490000,19.192940,100
2016-02-17,28.400000,28.450001,28.327999,28.350000,19.793369,2600
2016-02-18,28.481001,28.700001,28.481001,28.700001,20.037735,3900
2016-02-19,28.660000,28.660000,28.660000,28.660000,20.009804,200
2016-02-22,29.100000,29.155001,29.075001,29.100000,20.317003,800
2016-02-23,28.950001,28.950001,28.950001,28.950001,20.212278,300
2016-02-24,28.919001,28.974001,28.910000,28.974001,20.229038,800
2016-02-25,29.160000,29.160000,29.160000,29.160000,20.358894,100
2016-02-26,29.500000,29.504999,29.370001,29.370001,20.505510,2500
2016-02-29,29.627001,29.650000,29.330000,29.330000,20.477589,700
2016-03-01,29.799999,30.040001,29.790001,30.030001,20.966312,1000
2016-03-02,30.230000,30.360001,30.190001,30.360001,21.196709,1300
2016-03-03,30.364000,30.417999,30.364000,30.402000,21.226036,1100
2016-03-04,30.500000,30.530001,30.440001,30.490000,21.287474,1700
2016-03-07,30.610001,30.629999,30.469999,30.469999,21.273506,1500
2016-03-08,30.445000,30.445000,30.424000,30.424000,21.241388,600
2016-03-09,30.450001,30.517000,30.250000,30.330999,21.176464,3700
2016-03-10,30.650000,30.650000,30.188000,30.188000,21.076622,1000
2016-03-11,30.780001,30.889999,30.780001,30.889999,21.566744,400
2016-03-14,31.039000,31.098000,30.990000,30.990000,21.636555,3000
2016-03-15,31.000000,31.195000,31.000000,31.195000,21.779688,2300
2016-03-16,31.200001,31.205000,30.959999,30.959999,21.615610,1500
2016-03-17,31.990000,32.046001,31.980000,31.996000,22.338934,1100
2016-03-18,31.690001,31.780001,31.430000,31.469999,22.181753,136400
2016-03-21,31.620001,31.620001,31.254999,31.309999,22.068968,3400
2016-03-22,31.219999,31.410000,31.214001,31.254999,22.030199,1600
2016-03-23,31.264999,31.337000,31.139999,31.139999,21.949146,2600
2016-03-24,31.010000,31.190001,30.976999,31.190001,21.984394,2200
2016-03-28,31.010000,31.469999,31.010000,31.389999,22.125360,2600
2016-03-29,31.719999,32.070000,31.510000,32.070000,22.604666,17300
2016-03-30,32.330002,32.330002,31.995001,32.000000,22.555319,4200
2016-03-31,32.000000,32.160000,32.000000,32.160000,22.668097,11300
2016-04-01,32.022999,32.227001,32.022999,32.227001,22.715324,700
2016-04-04,32.271999,32.271999,32.099998,32.180000,22.682199,5300
2016-04-05,31.900000,31.900000,31.875999,31.892000,22.479197,300
2016-04-06,31.930000,31.980000,31.850000,31.980000,22.541220,600
2016-04-07,32.033001,32.033001,31.719999,31.719999,22.357956,2100
2016-04-08,32.189999,32.250000,32.020000,32.020000,22.569418,1900
2016-04-11,32.056000,32.203999,31.993999,32.000000,22.555319,3100
2016-04-12,32.089001,32.189999,32.089001,32.139999,22.654001,1300
2016-04-13,32.139999,32.160000,31.948999,32.016998,22.567299,2800
2016-04-14,31.969999,31.969999,31.844999,31.889999,22.477783,3600
2016-04-15,31.889999,32.110001,31.889999,32.110001,22.632860,700
2016-04-18,32.130001,32.230000,31.850000,32.230000,22.717436,1000
2016-04-19,32.410000,32.410000,32.044998,32.119999,22.639902,32800
2016-04-20,32.009998,32.020000,31.760000,31.799999,22.414352,1900
2016-04-21,31.629999,31.656000,31.010000,31.063999,21.895578,1300
2016-04-22,31.389999,31.600000,31.320000,31.459999,22.174706,2400
2016-04-25,31.504999,31.681000,31.504999,31.681000,22.330469,2300
2016-04-26,31.976000,31.976000,31.770000,31.770000,22.393211,2500
2016-04-27,31.620001,31.650000,31.506001,31.650000,22.308622,1200
2016-04-28,33.150002,33.150002,31.681999,31.681999,22.331175,1100
2016-04-29,31.650000,31.650000,31.090000,31.379999,22.118317,20100
2016-05-02,31.190001,31.809000,31.190001,31.709999,22.350916,3800
2016-05-03,31.605000,31.870001,31.605000,31.870001,22.463684,4700
2016-05-04,31.674999,32.330002,31.674999,32.330002,22.787922,1700
2016-05-05,32.340000,32.369999,32.305000,32.360001,22.809074,2700
2016-05-06,32.256001,32.667999,32.235001,32.529999,22.928890,3800
2016-05-09,32.779999,32.901001,32.750000,32.858002,23.160091,5200
2016-05-10,33.189999,33.189999,32.912998,32.980000,23.246077,7700
2016-05-11,33.090000,33.090000,32.240002,32.380001,22.823166,7100
2016-05-12,32.470001,32.605000,32.180000,32.490002,22.900702,3600
2016-05-13,32.430000,32.994999,31.910000,32.021000,22.570126,3700
2016-05-16,32.119999,32.500000,32.119999,32.458000,22.878138,7000
2016-05-17,32.000000,32.099998,31.920000,31.920000,22.498932,2400
2016-05-18,31.940001,31.940001,31.132999,31.132999,21.944210,5700
2016-05-19,31.040001,31.158001,30.985001,31.070000,21.899811,3000
2016-05-20,31.250000,31.299999,31.224001,31.282000,22.049234,2700
2016-05-23,31.410000,31.420000,31.350000,31.379999,22.118317,4200
2016-05-24,31.700001,31.719999,31.590000,31.590000,22.266331,3500
2016-05-25,31.900000,31.900000,31.469999,31.804001,22.417170,5600
2016-05-26,31.680000,31.790001,31.680000,31.780001,22.400255,1000
2016-05-27,31.990000,32.020000,31.864000,31.905001,22.488365,1500
2016-05-31,32.009998,32.009998,31.722000,31.920000,22.498932,2500
2016-06-01,31.750000,31.809999,31.634001,31.799999,22.414352,2500
2016-06-02,31.832001,31.900000,31.832001,31.900000,22.484840,800
2016-06-03,31.910000,32.160000,31.910000,32.043999,22.586334,2400
2016-06-06,32.090000,32.090000,31.900000,32.060001,22.597616,3100
2016-06-07,32.060001,32.237999,32.000000,32.085999,22.615934,2500
2016-06-08,32.070000,32.250000,32.049999,32.240002,22.724491,2700
2016-06-09,32.259998,32.307999,32.141998,32.307999,22.772421,6100
2016-06-10,32.119999,32.200001,32.119999,32.150002,22.661055,1600
2016-06-13,32.349998,32.388000,32.139999,32.139999,22.654001,5800
2016-06-14,32.028000,32.099998,31.950001,31.990000,22.548273,4900
2016-06-15,32.230999,32.419998,32.230999,32.320000,22.780867,8600
2016-06-16,32.183998,32.520000,32.181999,32.486000,22.897879,7200
2016-06-17,32.020000,32.200001,31.898001,32.169998,22.862347,6800
2016-06-20,32.490002,32.490002,32.200001,32.200001,22.883667,4900
2016-06-21,32.369999,32.459999,32.369999,32.459999,23.068439,3200
2016-06-22,32.389999,32.470001,32.327000,32.430000,23.047121,2700
2016-06-23,32.530998,32.570000,32.530998,32.570000,23.146618,5300
2016-06-24,32.000000,32.250000,31.850000,32.160000,22.855242,5700
2016-06-27,32.000000,32.209999,31.885000,32.110001,22.819704,3400
2016-06-28,32.580002,32.700001,32.490002,32.700001,23.239008,8600
2016-06-29,33.240002,33.340000,33.175999,33.320000,23.679621,7600
2016-06-30,33.540001,33.599998,33.230999,33.590000,23.871504,11900
2016-07-01,33.830002,33.830002,33.529999,33.570000,23.857286,4900
2016-07-05,33.610001,33.840000,33.610001,33.814999,24.031408,2300
2016-07-06,33.990002,33.990002,33.580002,33.770000,23.999420,8300
2016-07-07,33.900002,33.900002,33.327999,33.349998,23.700935,3400
2016-07-08,33.730000,34.000000,33.601002,33.928001,24.111713,17900
2016-07-11,34.220001,34.220001,33.860001,34.189999,24.297907,6100
2016-07-12,34.259998,34.259998,33.970001,34.259998,24.347654,919000
2016-07-13,34.320000,34.419998,34.210999,34.419998,24.461361,27800
2016-07-14,34.480000,34.480000,34.085999,34.229000,24.325617,8400
2016-07-15,34.040001,34.179001,33.966999,34.179001,24.290083,304400
2016-07-18,34.220001,34.220001,34.070000,34.189999,24.297907,6700
2016-07-19,34.105000,34.290001,34.105000,34.287998,24.367554,7200
2016-07-20,34.330002,34.330002,34.171001,34.240002,24.333445,9400
2016-07-21,34.259998,34.360001,34.110001,34.340000,24.404512,8300
2016-07-22,34.500000,34.720001,34.465000,34.599998,24.589281,10900
2016-07-25,34.650002,34.650002,34.400002,34.549999,24.553743,22800
2016-07-26,34.650002,34.650002,34.320999,34.355000,24.415163,8500
2016-07-27,34.570000,34.570000,33.980000,34.099998,24.233942,8400
2016-07-28,34.160000,34.419998,33.985001,34.310001,24.383186,10600
2016-07-29,34.360001,34.770000,34.360001,34.678001,24.644709,17500
2016-08-01,34.709999,34.820000,34.595001,34.790001,24.724312,30700
2016-08-02,34.750000,34.750000,34.193001,34.259998,24.347654,90100
2016-08-03,34.279999,34.279999,33.910999,34.000000,24.162874,22000
2016-08-04,34.160000,34.160000,33.820000,33.939999,24.120235,234100
2016-08-05,33.980000,34.029999,33.880001,33.939999,24.120235,21500
2016-08-08,33.939999,34.068001,33.930000,33.930000,24.113131,45100
2016-08-09,34.099998,34.160000,33.830002,34.160000,24.276579,204300
2016-08-10,34.240002,34.240002,34.020000,34.090000,24.226843,12300
2016-08-11,34.215000,34.215000,33.619999,33.770000,23.999420,19400
2016-08-12,34.110001,34.110001,33.794998,33.880001,24.077597,11600
2016-08-15,34.090000,34.090000,33.830002,33.840000,24.049170,14900
2016-08-16,33.630001,33.630001,33.430000,33.430000,23.757799,18600
2016-08-17,33.599998,33.599998,33.259998,33.570000,23.857286,18300
2016-08-18,33.590000,33.590000,33.400002,33.500000,23.807541,11700
2016-08-19,33.439999,33.439999,33.130001,33.240002,23.622763,20900
2016-08-22,33.119999,33.400002,33.119999,33.400002,23.736479,56300
2016-08-23,33.540001,33.540001,33.380001,33.380001,23.722254,60600
2016-08-24,33.549999,33.549999,33.139999,33.290001,23.658304,58700
2016-08-25,33.130001,33.639999,33.130001,33.430000,23.757799,24400
2016-08-26,33.540001,33.580002,32.900002,33.099998,23.523272,33700
2016-08-29,33.130001,33.480000,33.069000,33.430000,23.757799,22900
2016-08-30,33.490002,33.490002,33.160000,33.330002,23.686728,38600
2016-08-31,33.430000,33.459999,33.189999,33.380001,23.722254,143400
2016-09-01,33.509998,33.509998,33.160000,33.369999,23.715153,69500
2016-09-02,33.400002,33.889999,33.400002,33.590000,23.871504,48900
2016-09-06,33.759998,33.889999,33.500000,33.869999,24.070488,169500
2016-09-07,33.799999,33.860001,33.570000,33.860001,24.190517,555900
2016-09-08,33.820000,33.900002,33.430000,33.430000,23.883312,322500
2016-09-09,33.220001,33.220001,32.119999,32.160000,22.975988,906700
2016-09-12,32.150002,32.680000,32.000000,32.290001,23.068863,5085900
2016-09-13,32.209999,32.340000,31.660000,31.719999,22.661640,926700
2016-09-14,32.209999,32.209999,31.650000,31.780001,22.704508,532100
2016-09-15,31.830000,32.049999,31.670000,32.020000,22.875967,528600
2016-09-16,32.049999,32.049999,31.719999,31.910000,22.797380,2119500
2016-09-19,31.990000,32.270000,31.950001,32.240002,23.033140,4242400
2016-09-20,32.470001,32.470001,32.180000,32.180000,22.990278,3387100
2016-09-21,32.139999,32.639999,31.830000,32.549999,23.254618,2247900
2016-09-22,32.770000,33.250000,32.770000,33.189999,23.711843,1728200
2016-09-23,33.070000,33.450001,32.840000,33.320000,23.804720,19150800
2016-09-26,33.150002,33.439999,33.130001,33.389999,23.854736,2998900
2016-09-27,33.369999,33.439999,33.060001,33.099998,23.647547,3562300
2016-09-28,33.110001,33.349998,33.060001,33.330002,23.811869,4122700
2016-09-29,33.180000,33.290001,32.810001,32.919998,23.518950,2674400
2016-09-30,33.009998,33.279999,32.730000,32.770000,23.411791,2058000
2016-10-03,32.660000,32.700001,32.090000,32.139999,22.961699,2344800
2016-10-04,32.150002,32.150002,31.473000,31.650000,22.611631,3262600
2016-10-05,31.660000,31.850000,30.955000,31.059999,22.190119,4848700
2016-10-06,30.920000,31.330000,30.629999,31.120001,22.232981,2438800
2016-10-07,31.190001,31.600000,30.900000,31.040001,22.175829,1711500
2016-10-10,31.049999,31.315001,31.000000,31.160000,22.261557,2403900
2016-10-11,31.080000,31.200001,30.823000,30.920000,22.090097,1770400
2016-10-12,30.969999,31.360001,30.930000,31.360001,22.404444,1411700
2016-10-13,31.270000,31.540001,31.120001,31.459999,22.475889,3299300
2016-10-14,31.559999,31.730000,31.350000,31.420000,22.447311,2381400
2016-10-17,31.420000,31.610001,31.400000,31.450001,22.468746,1148300
2016-10-18,31.650000,31.809999,31.544001,31.610001,22.583057,4753200
2016-10-19,31.760000,31.760000,31.440001,31.730000,22.668781,1515600
2016-10-20,31.570000,31.830000,31.465000,31.620001,22.590200,1977100
2016-10-21,31.400000,31.610001,31.350000,31.600000,22.575909,1295700
2016-10-24,31.650000,31.959999,31.541000,31.639999,22.604488,1108700
2016-10-25,31.530001,31.629999,31.410000,31.600000,22.575909,1402700
2016-10-26,31.400000,31.500000,30.990000,31.190001,22.282991,1481900
2016-10-27,31.110001,31.110001,30.355000,30.450001,21.754314,1409100
2016-10-28,30.549999,30.785000,30.430000,30.530001,21.811478,2338200
2016-10-31,30.600000,30.980000,30.521999,30.950001,22.111530,1071400
2016-11-01,30.870001,30.900999,30.205000,30.340000,21.675732,3438600
2016-11-02,30.250000,30.320000,29.870001,29.870001,21.339949,1699300
2016-11-03,29.820000,29.920000,29.680000,29.740000,21.247068,1922500
2016-11-04,29.770000,30.049999,29.670000,29.940001,21.389956,1757400
2016-11-07,30.139999,30.510000,30.129999,30.490000,21.782896,2997600
2016-11-08,30.379999,30.770000,30.360001,30.680000,21.918634,1513400
2016-11-09,29.680000,30.243999,29.480000,29.990000,21.425678,4760900
2016-11-10,29.850000,29.870001,29.073999,29.540001,21.104187,5345000
2016-11-11,29.469999,29.910000,29.469999,29.570000,21.125620,3702500
2016-11-14,29.410000,30.270000,29.200001,30.150000,21.539989,4315200
2016-11-15,30.170000,30.520000,29.790001,29.950001,21.397100,3161100
2016-11-16,29.820000,30.090000,29.700001,29.930000,21.382816,2059000
2016-11-17,29.860001,30.090000,29.600000,29.650000,21.182774,1573600
2016-11-18,29.600000,29.809999,29.500000,29.709999,21.225641,1276900
2016-11-21,29.750000,29.980000,29.610001,29.629999,21.168488,1584900
2016-11-22,29.709999,30.190001,29.670000,30.139999,21.532843,2567200
2016-11-23,29.870001,30.020000,29.709999,29.930000,21.382816,1666200
2016-11-25,29.940001,30.230000,29.940001,30.059999,21.475693,790000
2016-11-28,30.000000,30.385000,30.000000,30.170000,21.554277,1957300
2016-11-29,30.110001,30.549999,30.110001,30.379999,21.704308,1769200
2016-11-30,30.100000,30.254999,29.900000,30.010000,21.439968,2233900
2016-12-01,29.820000,29.914000,29.410000,29.549999,21.111326,2486800
2016-12-02,29.639999,30.121000,29.549999,29.830000,21.311375,2399200
2016-12-05,29.830000,30.105000,29.764999,30.070000,21.482836,1608800
2016-12-06,30.110001,30.379999,30.059999,30.200001,21.575712,1341000
2016-12-07,30.230000,30.879999,30.230000,30.830000,22.025799,2068400
2016-12-08,30.510000,31.120001,30.510000,30.990000,22.140108,1703900
2016-12-09,30.940001,31.260000,30.930000,30.969999,22.125818,1664600
2016-12-12,30.850000,31.304001,30.790001,31.290001,22.354431,2744800
2016-12-13,31.410000,31.480000,31.146999,31.370001,22.411589,2182100
2016-12-14,31.340000,31.400000,30.730000,30.820000,22.018656,3364000
2016-12-15,30.730000,30.924999,30.510000,30.570000,21.840044,3224700
2016-12-16,30.129999,30.610001,30.090000,30.440001,22.146343,3455600
2016-12-19,30.530001,30.809999,30.450001,30.709999,22.342773,2260000
2016-12-20,30.660000,30.870001,30.555000,30.730000,22.357327,1764200
2016-12-21,30.750000,30.940001,30.320000,30.340000,22.073593,1871800
2016-12-22,30.240000,30.323999,30.006001,30.299999,22.044483,1399800
2016-12-23,30.320000,30.430000,30.230000,30.330000,22.066313,931600
2016-12-27,30.400000,30.520000,30.280001,30.410000,22.124516,1143600
2016-12-28,30.389999,30.459999,30.115000,30.180000,21.957180,2570500
2016-12-29,30.209999,30.569000,30.129999,30.459999,22.160889,1526200
2016-12-30,30.430000,30.820000,30.379999,30.750000,22.371880,1853300
2017-01-03,30.860001,30.979000,30.634001,30.850000,22.444637,2682300
2017-01-04,30.870001,31.295000,30.860001,31.240000,22.728376,1838000
2017-01-05,31.080000,31.420000,30.834000,31.400000,22.844782,2198800
2017-01-06,31.250000,31.549999,31.240000,31.400000,22.844782,1747500
2017-01-09,31.440001,31.469999,31.160000,31.200001,22.699272,2125400
2017-01-10,31.150000,31.200001,30.780001,30.809999,22.415533,1582700
2017-01-11,30.760000,30.864000,30.620001,30.639999,22.291851,2192400
2017-01-12,30.540001,30.795000,30.389999,30.760000,22.379158,1481100
2017-01-13,30.670000,30.830000,30.629999,30.690001,22.328226,1469600
2017-01-17,30.670000,30.959999,30.600000,30.940001,22.510113,1759100
2017-01-18,30.980000,31.139999,30.889999,31.010000,22.561041,1575700
2017-01-19,30.879999,30.910000,30.645000,30.709999,22.342773,1631100
2017-01-20,30.690001,30.930000,30.650000,30.900000,22.481012,1605100
2017-01-23,30.840000,31.150000,30.840000,31.090000,22.619246,3551400
2017-01-24,31.020000,31.209999,30.969999,31.100000,22.626518,1890200
2017-01-25,31.250000,31.250000,30.823000,30.910000,22.488287,1630800
2017-01-26,30.910000,31.100000,30.860001,30.889999,22.473736,1486000
2017-01-27,30.969999,31.000000,30.520000,30.629999,22.284571,1649800
2017-01-30,30.510000,30.660000,30.370001,30.459999,22.160889,2281100
2017-01-31,30.520000,30.879999,30.510000,30.709999,22.342773,1712200
2017-02-01,30.670000,30.870001,30.350000,30.370001,22.095417,1835900
2017-02-02,30.320000,30.770000,30.320000,30.730000,22.357327,2040600
2017-02-03,30.910000,31.020000,30.809999,30.930000,22.502842,1745200
2017-02-06,30.870001,30.950001,30.700001,30.740000,22.364607,1362600
2017-02-07,30.799999,30.870001,30.645000,30.680000,22.320948,1496700
2017-02-08,30.639999,31.004999,30.639999,30.940001,22.510113,1378900
2017-02-09,30.940001,31.090000,30.889999,31.070000,22.604689,1821600
2017-02-10,31.020000,31.299999,30.980000,31.280001,22.757473,1524500
2017-02-13,31.340000,31.480000,31.180000,31.430000,22.866608,1896700
2017-02-14,31.350000,31.372000,30.990000,31.270000,22.750202,2444600
2017-02-15,31.049999,31.250000,30.900000,31.180000,22.684721,3360300
2017-02-16,31.150000,31.549999,31.139999,31.309999,22.779301,3238300
2017-02-17,31.280001,31.490000,31.215000,31.400000,22.844782,3247900
2017-02-21,31.350000,31.865000,31.340000,31.830000,23.157623,4280800
2017-02-22,31.840000,31.969999,31.580000,31.709999,23.070318,2463200
2017-02-23,31.840000,31.959999,31.670000,31.920000,23.223101,1938400
2017-02-24,31.920000,32.095001,31.770000,32.080002,23.339512,2542500
2017-02-27,32.090000,32.349998,32.090000,32.240002,23.455921,1902400
2017-02-28,32.150002,32.286999,32.073002,32.139999,23.383163,2041100
2017-03-01,32.060001,32.248001,31.920000,32.060001,23.324957,3039800
2017-03-02,32.000000,32.090000,31.870001,31.959999,23.252201,2142800
2017-03-03,31.889999,31.959999,31.570000,31.860001,23.179457,1804500
2017-03-06,31.719999,31.799999,31.584999,31.730000,23.084871,2279600
2017-03-07,31.709999,31.719999,31.454000,31.620001,23.004843,1645900
2017-03-08,31.450001,31.540001,31.135000,31.150000,22.662897,1665900
2017-03-09,31.139999,31.264999,30.700001,30.750000,22.371880,3171600
2017-03-10,30.910000,31.160000,30.540001,30.719999,22.350052,1691100
2017-03-13,30.719999,30.907000,30.665001,30.760000,22.379158,1929300
2017-03-14,30.719999,30.820000,30.600000,30.719999,22.350052,2139600
2017-03-15,30.790001,31.450001,30.790001,31.309999,22.779301,3130200
2017-03-16,31.299999,31.440001,31.160000,31.240000,22.728376,1667700
2017-03-17,31.080000,31.247000,31.010000,31.100000,22.770838,2376300
2017-03-20,31.100000,31.245001,31.049999,31.129999,22.792805,1573300
2017-03-21,31.200001,31.340000,31.065001,31.080000,22.756197,3225200
2017-03-22,31.139999,31.177000,30.860001,31.150000,22.807449,3095500
2017-03-23,31.100000,31.565001,31.100000,31.379999,22.975853,2233400
2017-03-24,31.440001,31.530001,31.268000,31.350000,22.953882,3880200
2017-03-27,31.280001,31.395000,31.035000,31.100000,22.770838,3656300
2017-03-28,31.080000,31.320000,30.940001,31.280001,22.902632,2237100
2017-03-29,31.200001,31.400000,31.160000,31.389999,22.983171,1632300
2017-03-30,31.320000,31.490000,31.125000,31.459999,23.034422,1888600
2017-03-31,31.420000,31.700001,31.379999,31.600000,23.136936,2066900
2017-04-03,31.660000,31.700001,31.514999,31.639999,23.166218,1877400
2017-04-04,31.639999,31.799999,31.525999,31.549999,23.100321,1737500
2017-04-05,31.580000,31.770000,31.549999,31.600000,23.136936,2115200
2017-04-06,31.580000,31.799999,31.450001,31.780001,23.268726,1374700
2017-04-07,31.780001,31.940001,31.730000,31.820000,23.298008,1401000
2017-04-10,31.900000,32.080002,31.790001,32.040001,23.459095,1474200
2017-04-11,32.060001,32.249001,32.025002,32.189999,23.568914,1626600
2017-04-12,32.139999,32.279999,32.080002,32.139999,23.532310,1814200
2017-04-13,32.139999,32.216000,32.049999,32.070000,23.481056,2052000
2017-04-17,32.099998,32.450001,32.099998,32.439999,23.751959,2002800
2017-04-18,32.360001,32.560001,32.290001,32.520000,23.810534,4023300
2017-04-19,32.549999,32.591000,32.404999,32.450001,23.759283,1692800
2017-04-20,32.419998,32.480000,32.279999,32.439999,23.751959,2695000
2017-04-21,32.400002,32.540001,32.250000,32.330002,23.671425,2376700
2017-04-24,32.459999,32.500000,31.770000,32.009998,23.437122,1928000
2017-04-25,32.070000,32.130001,31.955000,32.080002,23.488384,1458500
2017-04-26,32.020000,32.090000,31.780001,31.809999,23.290688,1489400
2017-04-27,31.820000,32.020000,31.770000,31.830000,23.305330,1436500
2017-04-28,31.790001,31.820000,31.490000,31.650000,23.173536,1816500
2017-05-01,31.700001,31.907000,31.580000,31.850000,23.319979,2636700
2017-05-02,31.820000,31.971001,31.719999,31.860001,23.327299,1845600
2017-05-03,31.809999,31.930000,31.389999,31.469999,23.041750,2193400
2017-05-04,31.309999,31.533001,31.139999,31.500000,23.063711,1428400
2017-05-05,31.530001,31.760000,31.530001,31.750000,23.246758,1717400
2017-05-08,31.709999,31.834000,31.420000,31.580000,23.122288,1279800
2017-05-09,31.540001,31.590000,31.350000,31.459999,23.034422,1770200
2017-05-10,31.459999,31.740000,31.400000,31.629999,23.158892,1520300
2017-05-11,31.490000,31.510000,31.230000,31.480000,23.049070,1999100
2017-05-12,31.469999,31.510000,31.320000,31.360001,22.961206,1506800
2017-05-15,31.360001,31.660000,31.354000,31.500000,23.063711,2380100
2017-05-16,31.480000,31.490000,31.264999,31.340000,22.946569,1369100
2017-05-17,31.250000,31.690001,31.250000,31.540001,23.092999,2978800
2017-05-18,31.450001,31.665001,31.290001,31.600000,23.136936,2455800
2017-05-19,31.570000,31.930000,31.440001,31.780001,23.268726,1397300
2017-05-22,31.780001,31.969999,31.719999,31.860001,23.327299,1371300
2017-05-23,31.889999,32.029999,31.850000,31.900000,23.356583,1995000
2017-05-24,31.870001,32.130001,31.870001,32.080002,23.488384,1051700
2017-05-25,32.139999,32.348000,32.029999,32.200001,23.576242,1042900
2017-05-26,32.209999,32.268002,31.920000,32.000000,23.429806,1352100
2017-05-30,31.990000,32.060001,31.900000,31.910000,23.363905,898800
2017-05-31,31.950001,32.060001,31.809999,31.860001,23.327299,1616300
2017-06-01,31.870001,32.009998,31.725000,31.959999,23.400515,1563000
2017-06-02,32.139999,32.306999,32.070000,32.240002,23.605528,1224900
2017-06-05,32.189999,32.240002,32.000000,32.160000,23.546949,1287600
2017-06-06,32.169998,32.169998,31.980000,32.009998,23.437122,1316500
2017-06-07,32.049999,32.209999,31.950001,32.180000,23.561598,1078800
2017-06-08,32.169998,32.230000,31.770000,32.029999,23.451767,2293800
2017-06-09,31.980000,32.259998,31.889999,32.180000,23.561598,1787600
2017-06-12,32.090000,32.400002,32.009998,32.389999,23.715353,3136000
2017-06-13,32.450001,32.490002,32.270000,32.470001,23.773932,1567300
2017-06-14,32.740002,32.790001,32.465000,32.570000,23.847149,2232900
2017-06-15,32.430000,32.823002,32.349998,32.730000,23.964296,1347300
2017-06-16,32.509998,32.529999,32.310001,32.439999,23.951000,1754100
2017-06-19,32.470001,32.500000,32.320000,32.459999,23.965767,6082200
2017-06-20,32.490002,32.570000,32.183998,32.400002,23.921474,2348900
2017-06-21,32.410000,32.439999,32.160000,32.330002,23.869789,1659900
2017-06-22,32.290001,32.450001,32.202999,32.349998,23.884556,5944300
2017-06-23,32.349998,32.619999,32.346001,32.490002,23.987925,8197700
2017-06-26,32.540001,32.776001,32.540001,32.639999,24.098671,2483200
2017-06-27,32.549999,32.834999,32.509998,32.509998,24.002686,2173300
2017-06-28,32.590000,32.669998,32.480000,32.549999,24.032221,2715000
2017-06-29,32.340000,32.419998,32.160000,32.220001,23.788580,3041700
2017-06-30,32.250000,32.450001,32.110001,32.200001,23.773813,1256800
2017-07-03,32.340000,32.560001,32.220001,32.500000,23.995302,1035700
2017-07-05,32.419998,32.580002,32.020000,32.110001,23.707365,2908600
2017-07-06,32.000000,32.009998,31.490000,31.530001,23.279137,1840000
2017-07-07,31.520000,31.790001,31.520000,31.709999,23.412033,1325000
2017-07-10,31.730000,31.799999,31.450001,31.459999,23.227455,1098200
2017-07-11,31.430000,31.530001,31.209999,31.410000,23.190542,1279300
2017-07-12,31.580000,31.930000,31.580000,31.820000,23.493250,1910800
2017-07-13,31.830000,31.934999,31.770000,31.879999,23.537552,1181500
2017-07-14,31.990000,32.240002,31.990000,32.200001,23.773813,1167400
2017-07-17,32.169998,32.330002,32.119999,32.270000,23.825495,2285100
2017-07-18,32.270000,32.360001,32.180000,32.230000,23.795958,2302900
2017-07-19,32.220001,32.470001,32.130001,32.470001,23.973156,4613900
2017-07-20,32.540001,32.580002,32.360001,32.380001,23.906702,1048300
2017-07-21,32.360001,32.470001,32.279999,32.439999,23.951000,1201000
2017-07-24,32.439999,32.470001,32.259998,32.419998,23.936239,1091500
2017-07-25,32.430000,32.430000,32.200001,32.419998,23.936239,2142800
2017-07-26,32.430000,32.770000,32.340000,32.689999,24.135588,1903800
2017-07-27,32.560001,32.756001,32.320000,32.660000,24.113438,2164700
2017-07-28,32.590000,32.770000,32.520000,32.639999,24.098671,2060200
2017-07-31,32.619999,32.654999,32.360001,32.590000,24.061756,1526500
2017-08-01,32.650002,32.840000,32.450001,32.730000,24.165117,2364500
2017-08-02,32.650002,32.650002,32.450001,32.570000,24.046989,1712500
2017-08-03,32.549999,32.660000,32.389999,32.490002,23.987925,1101300
2017-08-04,32.459999,32.660000,32.459999,32.590000,24.061756,939600
2017-08-07,32.560001,32.639999,32.430000,32.570000,24.046989,781900
2017-08-08,32.509998,32.560001,32.320000,32.419998,23.936239,1070700
2017-08-09,32.419998,32.500000,32.299999,32.459999,23.965767,1134400
2017-08-10,32.369999,32.419998,32.154999,32.169998,23.751661,1412000
2017-08-11,32.080002,32.200001,31.823999,31.959999,23.596609,1548100
2017-08-14,32.080002,32.535000,32.070000,32.490002,23.987925,1196900
2017-08-15,32.380001,32.439999,32.224998,32.430000,23.943624,2138100
2017-08-16,32.459999,32.645000,32.459999,32.529999,24.017458,1043500
2017-08-17,32.480000,32.595001,32.299999,32.299999,23.847641,1376000
2017-08-18,32.230000,32.230000,31.969999,32.060001,23.670444,1276900
2017-08-21,32.099998,32.459999,32.020000,32.389999,23.914089,1094500
2017-08-22,32.450001,32.520000,32.240002,32.369999,23.899317,1150200
2017-08-23,32.340000,32.750000,32.310001,32.700001,24.142969,974000
2017-08-24,32.750000,32.930000,32.630001,32.639999,24.098671,1595100
2017-08-25,32.759998,32.910000,32.650002,32.799999,24.216801,1063600
2017-08-28,32.840000,32.860001,32.540001,32.630001,24.091293,895100
2017-08-29,32.599998,32.750000,32.590000,32.610001,24.076521,2577300
2017-08-30,32.580002,32.770000,32.450001,32.759998,24.187273,963600
2017-08-31,32.869999,33.040001,32.799999,32.919998,24.305395,1816200
2017-09-01,32.959999,33.049999,32.880001,32.919998,24.305395,1656200
2017-09-05,32.939999,33.029999,32.689999,32.889999,24.283253,2346200
2017-09-06,32.990002,33.099998,32.895000,32.939999,24.320166,2529300
2017-09-07,32.990002,33.255001,32.939999,33.189999,24.504740,1652700
2017-09-08,33.150002,33.314999,33.080002,33.200001,24.512127,1102000
2017-09-11,33.230000,33.459999,33.230000,33.439999,24.689323,1267500
2017-09-12,33.410000,33.439999,32.945000,33.080002,24.423534,1335600
2017-09-13,33.060001,33.060001,32.820000,32.939999,24.320166,1286700
2017-09-14,32.889999,33.180000,32.759998,33.169998,24.489977,1492500
2017-09-15,32.869999,33.049999,32.790001,33.049999,24.576235,3210600
2017-09-18,33.000000,33.105000,32.779999,32.860001,24.434956,1012300
2017-09-19,32.860001,32.889999,32.439999,32.529999,24.189564,1991000
2017-09-20,32.580002,32.650002,32.290001,32.439999,24.122635,1283800
2017-09-21,32.419998,32.599998,32.380001,32.389999,24.085455,2548100
2017-09-22,32.360001,32.459999,32.076000,32.110001,23.877247,1542300
2017-09-25,32.119999,32.320000,32.099998,32.230000,23.966476,1180600
2017-09-26,32.270000,32.349998,32.200001,32.259998,23.988789,1360500
2017-09-27,32.150002,32.220001,31.879999,31.990000,23.788012,1612400
2017-09-28,31.959999,32.240002,31.940001,32.220001,23.959049,1318900
2017-09-29,32.169998,32.270000,32.070000,32.240002,23.973915,2488500
2017-10-02,32.279999,32.341000,32.110001,32.119999,23.884682,1814800
2017-10-03,32.119999,32.195999,32.041000,32.110001,23.877247,2533700
2017-10-04,32.119999,32.407001,32.049999,32.389999,24.085455,1743100
2017-10-05,32.430000,32.610001,32.430000,32.490002,24.159822,1766800
2017-10-06,32.340000,32.435001,32.090000,32.400002,24.092892,1274600
2017-10-09,32.439999,32.540001,32.349998,32.470001,24.144943,1148000
2017-10-10,32.540001,32.730000,32.462002,32.520000,24.182121,987300
2017-10-11,32.560001,32.750000,32.520000,32.700001,24.315977,1176400
2017-10-12,32.730000,32.950001,32.680000,32.930000,24.487001,2136200
2017-10-13,33.070000,33.117001,32.900002,33.020000,24.553928,1857900
2017-10-16,32.990002,33.080002,32.834999,32.860001,24.434956,1423900
2017-10-17,32.810001,32.889999,32.750000,32.860001,24.434956,1767600
2017-10-18,32.830002,32.910000,32.740002,32.799999,24.390333,1294100
2017-10-19,32.790001,32.860001,32.654999,32.779999,24.375469,1472800
2017-10-20,32.790001,32.830002,32.615002,32.730000,24.338287,1253000
2017-10-23,32.799999,32.799999,32.570000,32.610001,24.249048,1095700
2017-10-24,32.560001,32.639999,32.290001,32.400002,24.092892,1940700
2017-10-25,32.310001,32.404999,32.130001,32.320000,24.033401,1912300
2017-10-26,32.439999,32.439999,32.029999,32.139999,23.899555,1646400
2017-10-27,32.080002,32.310001,31.865000,32.189999,23.936731,2042500
2017-10-30,32.080002,32.570000,32.080002,32.389999,24.085455,1738800
2017-10-31,32.369999,32.500000,32.169998,32.500000,24.167252,2091600
2017-11-01,32.549999,32.599998,32.415001,32.470001,24.144943,2057700
2017-11-02,32.549999,32.943001,32.509998,32.750000,24.353157,2972100
2017-11-03,32.570000,32.799999,32.500000,32.750000,24.353157,2023300
2017-11-06,32.939999,33.384998,32.910000,33.250000,24.724958,2303700
2017-11-07,33.299999,33.610001,33.299999,33.560001,24.955477,2246700
2017-11-08,33.570000,33.880001,33.459999,33.810001,25.141380,2190800
2017-11-09,33.700001,33.970001,33.330002,33.810001,25.141380,1663300
2017-11-10,33.689999,33.910000,33.613998,33.810001,25.141380,1760800
2017-11-13,33.900002,34.023998,33.810001,33.910000,25.215736,1510300
2017-11-14,33.889999,33.950001,33.759998,33.880001,25.193436,2062000
2017-11-15,33.860001,33.889999,33.599998,33.630001,25.007530,1761200
2017-11-16,33.610001,33.849998,33.610001,33.759998,25.104200,2092100
2017-11-17,33.619999,33.799999,33.549999,33.560001,24.955477,1758600
2017-11-20,33.590000,33.630001,33.439999,33.480000,24.895994,1567000
2017-11-21,33.580002,33.695000,33.516998,33.660000,25.029839,1228600
2017-11-22,33.639999,33.669998,33.490002,33.549999,24.948042,881100
2017-11-24,33.590000,33.720001,33.590000,33.669998,25.037277,407300
2017-11-27,33.700001,33.730000,33.570000,33.570000,24.962912,652400
2017-11-28,33.599998,33.630001,33.320000,33.490002,24.903427,1720900
2017-11-29,33.480000,33.507000,33.209999,33.410000,24.843935,2106900
2017-11-30,33.490002,33.549999,33.330002,33.450001,24.873676,2192500
2017-12-01,33.509998,33.639999,33.230000,33.509998,24.918297,3029400
2017-12-04,33.560001,33.680000,33.070000,33.070000,24.591112,1627500
2017-12-05,33.110001,33.139999,32.930000,32.939999,24.494442,1918200
2017-12-06,32.959999,33.060001,32.840000,32.990002,24.531626,1815200
2017-12-07,33.029999,33.160000,32.900002,33.119999,24.628292,1290400
2017-12-08,33.180000,33.259998,33.110001,33.200001,24.687778,1444000
2017-12-11,33.189999,33.279999,33.075001,33.279999,24.747263,1670700
2017-12-12,33.389999,33.528999,33.169998,33.430000,24.858814,1017900
2017-12-13,33.480000,33.669998,33.400002,33.419998,24.851370,1735300
2017-12-14,33.450001,33.570000,33.400002,33.450001,24.873676,981400
2017-12-15,33.200001,33.270000,33.058998,33.189999,24.952616,1770300
2017-12-18,33.250000,33.455002,33.250000,33.299999,25.035316,1096400
2017-12-19,33.299999,33.310001,32.610001,32.669998,24.561680,1713000
2017-12-20,32.669998,32.728001,32.310001,32.320000,24.298544,1431000
2017-12-21,32.400002,32.419998,32.150002,32.209999,24.215845,1218500
2017-12-22,32.259998,32.459999,32.200001,32.419998,24.373728,1012800
2017-12-26,32.439999,32.650002,32.380001,32.590000,24.501537,811600
2017-12-27,32.669998,32.779999,32.619999,32.720001,24.599274,4420200
2017-12-28,32.750000,32.919998,32.660000,32.910000,24.742117,1133100
2017-12-29,32.959999,33.040001,32.869999,32.939999,24.764666,925600
2018-01-02,32.990002,33.040001,32.709999,32.750000,24.621824,1744200
2018-01-03,32.790001,32.840000,32.660000,32.759998,24.629345,1715100
2018-01-04,32.750000,32.750000,32.200001,32.200001,24.208330,1824100
2018-01-05,32.270000,32.325001,32.180000,32.270000,24.260956,1400200
2018-01-08,32.310001,32.529999,32.279999,32.490002,24.426355,990600
2018-01-09,32.470001,32.490002,32.099998,32.119999,24.148184,1277200
2018-01-10,31.969999,31.980000,31.469999,31.620001,23.772278,2174500
2018-01-11,31.700001,31.740000,31.351999,31.420000,23.621918,1343200
2018-01-12,31.389999,31.430000,31.103001,31.190001,23.448999,1657200
2018-01-16,31.379999,31.850000,31.270000,31.340000,23.561773,5520200
2018-01-17,31.430000,31.610001,31.309999,31.520000,23.697094,1713400
2018-01-18,31.469999,31.480000,31.170000,31.219999,23.471554,2276600
2018-01-19,31.299999,31.459999,31.200001,31.440001,23.636953,1641000
2018-01-22,31.459999,31.750000,31.430000,31.740000,23.862499,2095700
2018-01-23,31.809999,32.230000,31.750000,32.230000,24.230883,1873300
2018-01-24,32.139999,32.259998,32.009998,32.139999,24.163212,2990100
2018-01-25,32.119999,32.139999,31.865000,32.070000,24.110594,2115900
2018-01-26,32.080002,32.167000,31.910000,32.160000,24.178255,1472300
2018-01-29,32.070000,32.110001,31.760000,31.790001,23.900085,2092900
2018-01-30,31.650000,31.780001,31.549999,31.660000,23.802351,2347200
2018-01-31,31.709999,32.320000,31.530001,32.310001,24.291025,4213100
2018-02-01,32.209999,32.419998,31.660000,31.719999,23.847460,3937800
2018-02-02,31.400000,31.629999,31.160000,31.360001,23.576811,3719200
2018-02-05,31.250000,31.590000,30.490000,30.549999,22.967838,7652400
2018-02-06,30.290001,30.660000,29.820000,30.490000,22.922735,6741200
2018-02-07,30.420000,30.879999,30.320000,30.350000,22.817476,10201500
2018-02-08,30.280001,30.570000,29.379999,29.400000,22.103258,10497600
2018-02-09,29.549999,30.320000,29.170000,30.090000,22.622004,9654500
2018-02-12,30.219999,30.320000,29.440001,30.170000,22.682150,5294500
2018-02-13,30.090000,30.480000,29.990000,30.389999,22.847555,3049300
2018-02-14,30.100000,30.231001,29.740000,30.200001,22.704702,4055300
2018-02-15,30.219999,30.530001,30.090000,30.480000,22.915215,2924100
2018-02-16,30.480000,30.820000,30.469999,30.680000,23.065573,7702800
2018-02-20,30.520000,30.840000,30.350000,30.370001,22.832514,12237200
2018-02-21,30.360001,30.469999,29.809999,29.809999,22.411497,3924000
2018-02-22,29.930000,30.410000,29.930000,30.150000,22.667116,2969600
2018-02-23,30.280001,30.700001,30.209999,30.700001,23.080616,3106500
2018-02-26,30.790001,30.840000,30.607000,30.809999,23.163311,2436200
2018-02-27,30.840000,30.850000,30.150000,30.150000,22.667116,5371800
2018-02-28,30.309999,30.559999,30.110001,30.110001,22.637039,3312500
2018-03-01,30.120001,30.430000,29.860001,29.959999,22.524267,5627200
2018-03-02,29.850000,29.920000,29.610001,29.860001,22.449093,4863200
2018-03-05,29.740000,30.385000,29.660000,30.280001,22.764853,2574200
2018-03-06,30.270000,30.490000,30.090000,30.400000,22.855064,11143400
2018-03-07,30.240000,30.600000,30.170000,30.530001,22.952806,19120500
2018-03-08,30.620001,30.770000,30.490000,30.770000,23.133238,2200900
2018-03-09,30.780001,30.969999,30.632999,30.969999,23.283604,2277300
2018-03-12,30.969999,31.195999,30.930000,31.120001,23.396372,3270400
2018-03-13,31.200001,31.370001,31.090000,31.219999,23.471554,2837200
2018-03-14,31.299999,31.365000,31.160000,31.280001,23.516663,3261600
2018-03-15,31.309999,31.415001,31.139999,31.280001,23.516663,3602400
2018-03-16,31.070000,31.309999,30.985001,31.260000,23.639923,2807500
2018-03-19,31.260000,31.260000,30.770000,30.950001,23.405499,4095700
2018-03-20,30.969999,31.190001,30.823999,30.940001,23.397934,3647200
2018-03-21,30.940001,31.030001,30.520000,30.660000,23.186190,4715800
2018-03-22,30.620001,31.020000,30.520000,30.549999,23.102999,5319800
2018-03-23,30.600000,30.639999,29.990000,30.070000,22.740011,6203100
2018-03-26,30.320000,30.535000,30.129999,30.480000,23.050068,4544100
2018-03-27,30.490000,30.959999,30.190001,30.530001,23.087881,6480500
2018-03-28,30.629999,31.205000,30.629999,31.090000,23.511368,7058300
2018-03-29,31.190001,31.230000,30.965000,31.080000,23.503805,4264100
2018-04-02,31.120001,31.190001,30.480000,30.700001,23.216434,6294600
2018-04-03,30.760000,30.915001,30.520000,30.809999,23.299623,7277400
2018-04-04,30.620001,31.240000,30.549999,31.170000,23.571869,5217200
2018-04-05,31.219999,31.225000,30.930000,31.200001,23.594555,3365500
2018-04-06,31.110001,31.340000,30.809999,30.879999,23.352556,5657600
2018-04-09,30.940001,31.139999,30.795000,30.870001,23.344997,3302000
2018-04-10,31.080000,31.080000,30.540001,30.660000,23.186190,6040300
2018-04-11,30.570000,31.020000,30.570000,30.740000,23.246687,2896700
2018-04-12,30.820000,30.910000,30.309999,30.379999,22.974440,2634500
2018-04-13,30.389999,30.590000,30.350000,30.540001,23.095442,3011700
2018-04-16,30.620001,30.805000,30.490000,30.680000,23.201311,2515300
2018-04-17,30.770000,31.270000,30.658001,31.090000,23.511368,2845800
2018-04-18,31.129999,31.200001,31.010000,31.010000,23.450872,2118000
2018-04-19,30.900000,30.930000,30.309999,30.490000,23.057627,2723000
2018-04-20,30.530001,30.606001,30.180000,30.219999,22.853445,3173400
2018-04-23,30.219999,30.389999,30.135000,30.280001,22.898819,1929900
2018-04-24,30.309999,30.480000,30.160000,30.309999,22.921507,3914000
2018-04-25,30.260000,30.360001,30.033001,30.209999,22.845877,2337900
2018-04-26,30.309999,30.783001,30.285999,30.600000,23.140808,2621900
2018-04-27,30.510000,31.110001,30.340000,31.010000,23.450872,3408300
2018-04-30,30.940001,31.129999,30.850000,30.889999,23.360119,2895500
2018-05-01,30.940001,31.135000,30.823000,31.110001,23.526491,3077000
2018-05-02,31.000000,31.129999,30.791000,30.969999,23.420624,3362800
2018-05-03,30.930000,31.084999,30.799999,30.959999,23.413055,3260600
2018-05-04,30.930000,31.400000,30.920000,31.309999,23.677740,1804100
2018-05-07,31.360001,31.430000,31.235001,31.370001,23.723116,1737500
2018-05-08,31.270000,31.320000,31.045000,31.150000,23.556738,1693200
2018-05-09,31.150000,31.389999,31.059999,31.389999,23.738239,1498200
2018-05-10,31.500000,31.745001,31.469999,31.680000,23.957546,1628800
2018-05-11,31.690001,31.809999,31.490000,31.530001,23.844110,1206700
2018-05-14,31.540001,31.559999,31.150000,31.309999,23.677740,1882900
2018-05-15,31.110001,31.110001,30.695000,30.780001,23.276936,2371100
2018-05-16,30.850000,30.959999,30.639999,30.700001,23.216434,1562100
2018-05-17,30.670000,30.719999,30.459999,30.540001,23.095442,1758200
2018-05-18,30.559999,30.719999,30.430000,30.559999,23.110561,1395300
2018-05-21,30.629999,30.955000,30.430000,30.870001,23.344997,1477100
2018-05-22,30.870001,30.950001,30.719999,30.910000,23.375246,1567200
2018-05-23,30.900000,31.270000,30.889999,31.160000,23.564308,1543900
2018-05-24,31.170000,31.290001,30.885000,31.040001,23.473557,1537500
2018-05-25,31.070000,31.320000,31.070000,31.190001,23.586994,1713600
2018-05-29,31.120001,31.375000,30.990000,31.270000,23.647495,3255100
2018-05-30,31.240000,31.805000,31.160000,31.680000,23.957546,3589000
2018-05-31,31.540001,31.680000,31.440001,31.580000,23.881927,3811900
2018-06-01,31.570000,31.775000,31.480000,31.709999,23.980236,2424400
2018-06-04,31.780001,32.020000,31.674999,32.020000,24.214668,3660700
2018-06-05,32.070000,32.134998,31.809999,31.860001,24.093666,2623600
2018-06-06,31.840000,31.959999,31.715000,31.950001,24.161730,2120300
2018-06-07,31.980000,32.029999,31.760000,31.950001,24.161730,4379700
2018-06-08,31.920000,32.084999,31.870001,32.060001,24.244915,2237300
2018-06-11,32.029999,32.160000,31.990000,32.049999,24.237354,1788600
2018-06-12,31.920000,32.310001,31.915001,32.230000,24.373478,1508900
2018-06-13,32.230000,32.270000,31.475000,31.510000,23.828989,2002600
2018-06-14,31.629999,31.938999,31.629999,31.809999,24.055859,2131100
2018-06-15,31.530001,31.760000,31.452999,31.490000,24.016958,2439000
2018-06-18,31.389999,31.549999,31.285000,31.459999,23.994078,2107100
2018-06-19,31.340000,31.674999,31.340000,31.500000,24.024584,2535800
2018-06-20,31.540001,31.870001,31.480000,31.840000,24.283899,3725000
2018-06-21,31.870001,32.070000,31.780001,32.029999,24.428806,2827000
2018-06-22,32.139999,32.340000,31.934999,32.310001,24.642366,2292900
2018-06-25,32.330002,32.384998,32.044998,32.230000,24.581350,6956700
2018-06-26,32.270000,32.544998,32.160000,32.400002,24.711002,2106700
2018-06-27,32.480000,32.610001,32.310001,32.310001,24.642366,3679600
2018-06-28,32.299999,32.680000,32.299999,32.630001,24.886425,2795800
2018-06-29,32.599998,32.860001,32.340000,32.709999,24.947437,2923000
2018-07-02,32.669998,32.750000,32.154999,32.520000,24.802526,6280200
2018-07-03,32.560001,32.980000,32.470001,32.709999,24.947437,2916200
2018-07-05,32.770000,33.160000,32.705002,33.139999,25.275389,2699600
2018-07-06,33.230000,33.349998,33.165001,33.279999,25.382164,2440800
2018-07-09,33.330002,33.330002,32.810001,32.970001,25.145735,2344600
2018-07-10,32.990002,33.169998,32.799999,33.130001,25.267767,3077300
2018-07-11,33.099998,33.189999,32.974998,33.029999,25.191496,2347300
2018-07-12,33.110001,33.169998,32.939999,33.110001,25.252514,1660700
2018-07-13,33.130001,33.255001,32.980000,33.000000,25.168613,2142700
2018-07-16,32.860001,32.959999,32.594002,32.820000,25.031332,2759100
2018-07-17,32.830002,32.910000,32.560001,32.599998,24.863544,1720400
2018-07-18,32.549999,32.680000,32.320000,32.480000,24.772015,2092200
2018-07-19,32.419998,32.935001,32.360001,32.790001,25.008448,2363400
2018-07-20,32.709999,32.770000,32.389999,32.500000,24.787266,2041700
2018-07-23,32.490002,32.490002,32.213001,32.410000,24.718630,2796900
2018-07-24,32.389999,32.520000,32.139999,32.320000,24.649986,2104200
2018-07-25,32.340000,32.695000,32.320000,32.639999,24.894051,2608800
2018-07-26,32.669998,32.900002,32.669998,32.750000,24.977943,2256900
2018-07-27,32.849998,32.855000,32.421001,32.450001,24.749140,2666300
2018-07-30,32.480000,32.514999,32.189999,32.419998,24.726259,2941100
2018-07-31,32.669998,33.139999,32.619999,33.049999,25.206753,4027300
2018-08-01,32.799999,33.310001,32.650002,33.270000,25.374537,3776600
2018-08-02,33.139999,33.314999,33.048000,33.110001,25.252514,2963100
2018-08-03,33.130001,33.584999,33.099998,33.540001,25.580460,2721000
2018-08-06,33.570000,33.669998,33.400002,33.470001,25.527082,2860800
2018-08-07,33.570000,33.669998,33.209999,33.400002,25.473690,2122400
2018-08-08,33.450001,33.450001,33.154999,33.189999,25.313520,2437300
2018-08-09,33.200001,33.369999,33.169998,33.250000,25.359291,1937500
2018-08-10,33.189999,33.320000,32.910000,32.930000,25.115227,2656000
2018-08-13,32.930000,33.029999,32.849998,32.919998,25.107601,1652300
2018-08-14,32.990002,33.125000,32.910000,33.049999,25.206753,1559100
2018-08-15,33.060001,33.365002,32.959999,33.340000,25.427929,2608300
2018-08-16,33.330002,33.630001,33.310001,33.599998,25.626228,4032200
2018-08-17,33.619999,33.930000,33.590000,33.919998,25.870293,2608600
2018-08-20,33.970001,34.134998,33.910000,33.959999,25.900793,1947100
2018-08-21,33.889999,33.950001,33.599998,33.650002,25.664364,2117700
2018-08-22,33.630001,33.630001,33.299999,33.439999,25.504204,1380300
2018-08-23,33.430000,33.514999,33.340000,33.360001,25.443182,1233500
2018-08-24,33.320000,33.599998,33.299999,33.590000,25.618603,3533100
2018-08-27,33.610001,33.669998,33.360001,33.540001,25.580460,2515300
2018-08-28,33.540001,33.950001,33.450001,33.950001,25.893177,1887900
2018-08-29,33.939999,34.060001,33.880001,33.900002,25.855032,1468700
2018-08-30,33.959999,33.970001,33.665001,33.720001,25.717747,1730100
2018-08-31,33.759998,33.950001,33.740002,33.849998,25.816900,1579300
2018-09-04,33.779999,33.889999,33.480000,33.549999,25.588093,2310700
2018-09-05,33.480000,33.849998,33.320000,33.759998,25.748253,3257000
2018-09-06,33.810001,33.930000,33.759998,33.869999,25.832150,1960400
2018-09-07,33.709999,33.720001,33.410000,33.439999,25.504204,1899000
2018-09-10,33.590000,33.799999,33.549999,33.619999,25.641481,1797100
2018-09-11,33.509998,33.740002,33.419998,33.630001,25.649118,1534300
2018-09-12,33.669998,33.759998,33.509998,33.660000,25.671989,1388600
2018-09-13,33.790001,33.959999,33.709999,33.869999,25.832150,1576500
2018-09-14,33.770000,33.790001,33.375000,33.580002,25.610977,1828300
2018-09-17,33.500000,33.820000,33.494999,33.770000,25.755878,2338800
2018-09-18,33.720001,33.790001,33.500000,33.570000,25.603346,1451800
2018-09-19,33.580002,33.590000,33.195000,33.250000,25.359291,2033100
2018-09-20,33.259998,33.520000,33.130001,33.500000,25.549955,1928400
2018-09-21,33.169998,33.305000,33.040001,33.150002,25.549953,1954600
2018-09-24,33.040001,33.049999,32.375000,32.500000,25.048971,2862000
2018-09-25,32.500000,32.665001,32.433998,32.470001,25.025856,1710600
2018-09-26,32.500000,32.529999,32.070000,32.110001,24.748392,2323300
2018-09-27,32.160000,32.380001,32.130001,32.209999,24.825460,1599100
2018-09-28,32.220001,32.630001,32.169998,32.610001,25.133760,3145400
2018-10-01,32.610001,32.698002,32.340000,32.360001,24.941078,3654400
2018-10-02,32.369999,32.439999,32.259998,32.259998,24.863998,2752400
2018-10-03,32.290001,32.404999,31.709999,31.889999,24.578831,2625100
2018-10-04,31.889999,31.889999,31.469999,31.740000,24.463219,2934700
2018-10-05,31.780001,31.950001,31.700001,31.750000,24.470926,3406600
2018-10-08,31.850000,32.305000,31.770000,32.160000,24.786930,3076200
2018-10-09,32.150002,32.369999,32.009998,32.270000,24.871710,4429900
2018-10-10,32.180000,32.330002,31.760000,31.760000,24.478634,4361500
2018-10-11,31.820000,31.850000,30.760000,30.830000,23.761847,9558500
2018-10-12,31.010000,31.280001,30.650000,30.809999,23.746435,5288200
2018-10-15,30.799999,31.290001,30.760000,31.000000,23.892872,3894500
2018-10-16,31.040001,31.674999,30.930000,31.580000,24.339899,3272200
2018-10-17,31.540001,31.674999,31.260000,31.490000,24.270533,3449400
2018-10-18,31.480000,31.775000,31.370001,31.500000,24.278236,3345200
2018-10-19,31.530001,31.930000,31.530001,31.820000,24.524878,2999900
2018-10-22,31.900000,31.995001,31.360001,31.370001,24.178051,4269600
2018-10-23,31.280001,31.709999,31.160000,31.570000,24.332193,5159700
2018-10-24,31.620001,32.209999,31.559999,31.940001,24.617369,5443600
2018-10-25,32.009998,32.490002,31.860001,32.320000,24.910242,5413800
2018-10-26,32.180000,32.220001,31.309999,31.480000,24.262833,8951600
2018-10-29,31.709999,32.150002,31.709999,32.000000,24.663610,6143200
2018-10-30,32.040001,32.750000,31.959999,32.529999,25.072104,7427400
2018-10-31,32.529999,32.529999,32.020000,32.090000,24.732971,4202400
2018-11-01,32.180000,32.314999,31.969999,32.209999,24.825460,4848800
2018-11-02,32.270000,32.279999,31.580000,31.940001,24.617369,6876800
2018-11-05,32.020000,32.580002,32.020000,32.470001,25.025856,4093100
2018-11-06,32.470001,32.660000,32.410000,32.650002,25.164593,2958800
2018-11-07,32.820000,33.029999,32.625000,33.009998,25.442051,3917900
2018-11-08,32.970001,33.080002,32.794998,33.080002,25.496010,2665000
2018-11-09,33.029999,33.200001,32.930000,33.119999,25.526836,3558700
2018-11-12,33.130001,33.490002,33.130001,33.189999,25.580782,2861900
2018-11-13,33.189999,33.349998,33.009998,33.259998,25.634739,6307600
2018-11-14,33.380001,33.380001,33.080002,33.250000,25.627035,4369000
2018-11-15,33.119999,33.180000,32.669998,32.990002,25.426641,7158900
2018-11-16,32.980000,33.459999,32.939999,33.459999,25.788889,3738100
2018-11-19,33.470001,33.759998,33.310001,33.549999,25.858253,4668200
2018-11-20,33.419998,33.650002,33.099998,33.110001,25.519133,6593700
2018-11-21,33.150002,33.360001,32.939999,33.090000,25.503717,3707500
2018-11-23,33.009998,33.130001,32.779999,32.970001,25.411224,2543000
2018-11-26,33.049999,33.180000,32.849998,33.040001,25.465178,3242200
2018-11-27,33.020000,33.230000,32.860001,33.220001,25.603909,3227200
2018-11-28,33.220001,33.529999,33.080002,33.490002,25.812006,3645700
2018-11-29,33.480000,33.695000,33.279999,33.529999,25.842834,2600700
2018-11-30,33.630001,33.884998,33.465000,33.849998,26.089476,4327200
2018-12-03,33.900002,34.029999,33.700001,34.009998,26.212788,5321300
2018-12-04,33.959999,34.130001,33.509998,33.560001,25.865961,6476800
2018-12-06,33.480000,34.500000,33.090000,34.480000,26.575035,6368500
2018-12-07,34.369999,34.380001,33.860001,33.959999,26.174255,5559900
2018-12-10,33.959999,33.990002,33.314999,33.830002,26.074059,9157900
2018-12-11,33.990002,34.139999,33.869999,33.889999,26.120302,4645200
2018-12-12,34.020000,34.119999,33.224998,33.250000,25.627035,4298900
2018-12-13,33.279999,33.759998,33.279999,33.480000,25.804302,4652700
2018-12-14,33.380001,33.520000,33.209999,33.419998,25.758059,4138700
2018-12-17,33.459999,33.540001,32.099998,32.169998,24.794636,7214000
2018-12-18,32.459999,32.730000,32.330002,32.490002,25.041271,8109100
2018-12-19,32.520000,32.779999,32.090000,32.189999,24.810049,12878000
2018-12-20,32.310001,32.325001,31.580000,31.799999,24.509460,11333000
2018-12-21,31.600000,32.099998,30.919001,30.950001,24.134386,15120000
2018-12-24,31.100000,31.100000,29.801001,29.809999,23.245426,10641000
2018-12-26,29.910000,30.770000,29.520000,30.760000,23.986231,10947900
2018-12-27,30.559999,30.840000,29.930000,30.830000,24.040806,14151800
2018-12-28,31.110001,31.240000,30.677000,30.940001,24.126589,10391000
2018-12-31,31.040001,31.049999,30.510000,31.000000,24.173372,7807200
2019-01-02,30.799999,30.850000,30.110001,30.290001,23.619726,10445000
2019-01-03,30.260000,30.930000,30.250000,30.430000,23.728897,9743800
2019-01-04,30.680000,31.020000,30.469999,30.740000,23.970634,9620900
2019-01-07,30.780001,31.219999,30.750000,31.000000,24.173372,5141800
2019-01-08,31.190001,31.610001,31.090000,31.540001,24.594456,7575900
2019-01-09,31.580000,31.629999,31.139999,31.410000,24.493088,5100800
2019-01-10,31.320000,31.950001,31.260000,31.910000,24.882977,7837200
2019-01-11,31.809999,31.990000,31.680000,31.969999,24.929771,3095100
2019-01-14,31.850000,32.060001,31.740000,31.870001,24.851782,2918300
2019-01-15,31.889999,32.299999,31.889999,32.230000,25.132511,3925000
2019-01-16,32.200001,32.514999,32.110001,32.380001,25.249479,7295900
2019-01-17,32.340000,32.580002,32.290001,32.540001,25.374245,3397100
2019-01-18,32.669998,32.669998,32.394001,32.660000,25.467815,7865600
2019-01-22,32.630001,32.720001,32.330002,32.599998,25.421036,8116300
2019-01-23,32.770000,32.770000,32.410000,32.619999,25.436621,3087500
2019-01-24,32.570000,32.825001,32.389999,32.750000,25.538002,4578000
2019-01-25,32.860001,33.160000,32.660000,33.130001,25.834316,3031400
2019-01-28,33.020000,33.490002,32.959999,33.459999,26.091646,5276000
2019-01-29,33.340000,33.740002,33.279999,33.720001,26.294386,2530000
2019-01-30,33.759998,34.119999,33.630001,34.000000,26.512739,5118100
2019-01-31,33.970001,34.389999,33.660000,34.330002,26.770063,7024500
2019-02-01,34.380001,34.470001,33.669998,34.119999,26.606308,9829200
2019-02-04,34.080002,34.340000,33.799999,34.320000,26.762259,6513600
2019-02-05,34.360001,34.560001,34.130001,34.549999,26.941607,4186000
2019-02-06,34.450001,34.490002,34.165001,34.279999,26.731070,3535200
2019-02-07,34.200001,34.584999,34.090000,34.570000,26.957211,6325300
2019-02-08,34.430000,34.669998,34.369999,34.570000,26.957211,2913100
2019-02-11,34.599998,34.720001,34.450001,34.669998,27.035181,2971900
2019-02-12,34.700001,34.700001,34.292999,34.430000,26.848036,8982900
2019-02-13,34.410000,34.680000,34.299999,34.660000,27.027393,3751800
2019-02-14,34.680000,34.919998,34.470001,34.790001,27.128761,4007000
2019-02-15,34.889999,35.009998,34.790001,35.000000,27.292524,2674800
2019-02-19,34.950001,35.119999,34.880001,35.040001,27.323709,3921300
2019-02-20,34.869999,35.000000,34.563000,34.820000,27.152151,3200300
2019-02-21,34.689999,34.889999,34.480000,34.880001,27.198950,4484200
2019-02-22,34.919998,35.220001,34.759998,35.080002,27.354895,3477800
2019-02-25,35.139999,35.189999,34.750000,34.790001,27.128761,4075800
2019-02-26,34.889999,34.950001,34.660000,34.720001,27.074184,2674700
2019-02-27,34.590000,34.770000,34.330002,34.610001,26.988405,3252300
2019-02-28,34.599998,35.119999,34.490002,34.709999,27.066381,5002100
2019-03-01,34.770000,34.770000,34.264999,34.669998,27.035181,5897500
2019-03-04,34.770000,34.849998,34.404999,34.810001,27.144358,6178600
2019-03-05,34.750000,35.040001,34.689999,34.910000,27.222342,4066400
2019-03-06,34.919998,35.049999,34.759998,34.820000,27.152151,3832300
2019-03-07,34.840000,35.090000,34.680000,34.790001,27.128761,7592600
2019-03-08,34.720001,34.985001,34.655998,34.820000,27.152151,3103900
2019-03-11,34.980000,35.389999,34.931999,35.360001,27.573252,4124100
2019-03-12,35.410000,35.630001,35.389999,35.549999,27.721403,4323800
2019-03-13,35.570000,35.830002,35.570000,35.720001,27.853964,2726000
2019-03-14,35.730000,35.820000,35.610001,35.810001,27.924150,4504400
2019-03-15,35.639999,35.660000,35.389999,35.459999,27.809647,5436300
2019-03-18,35.500000,35.570000,35.119999,35.279999,27.668482,3318300
2019-03-19,35.310001,35.369999,35.070000,35.180000,27.590048,3464300
2019-03-20,35.209999,35.529999,34.946999,35.340000,27.715532,8689800
2019-03-21,35.290001,35.980000,35.270000,35.970001,28.209620,4798000
2019-03-22,35.970001,36.306999,35.799999,35.799999,28.076286,5026000
2019-03-25,35.820000,35.970001,35.665001,35.830002,28.099817,4370800
2019-03-26,35.959999,36.070000,35.849998,36.049999,28.272352,2357500
2019-03-27,36.110001,36.220001,35.709999,35.930000,28.178242,2939100
2019-03-28,36.009998,36.235001,35.889999,36.230000,28.413519,3626500
2019-03-29,36.220001,36.290001,36.064999,36.220001,28.405684,3565600
2019-04-01,36.270000,36.290001,35.770000,36.110001,28.319410,6733100
2019-04-02,36.150002,36.485001,35.880001,36.419998,28.562523,6604200
2019-04-03,36.410000,36.540001,36.099998,36.380001,28.531164,3581300
2019-04-04,36.419998,36.430000,36.110001,36.270000,28.444889,3507700
2019-04-05,36.310001,36.587002,36.209999,36.549999,28.664474,2869900
2019-04-08,36.540001,36.590000,36.270000,36.369999,28.523319,2918500
2019-04-09,36.380001,36.430000,36.209999,36.259998,28.437046,2094500
2019-04-10,36.349998,36.549999,36.310001,36.549999,28.664474,2606200
2019-04-11,36.560001,36.700001,36.349998,36.500000,28.625259,3705500
2019-04-12,36.450001,36.700001,36.200001,36.700001,28.782122,2691300
2019-04-15,36.709999,36.709999,36.369999,36.480000,28.609581,2115300
2019-04-16,36.490002,36.490002,35.439999,35.619999,27.935122,3994500
2019-04-17,35.730000,35.799999,35.134998,35.250000,27.644951,4323500
2019-04-18,35.410000,35.590000,35.110001,35.529999,27.864542,2756900
2019-04-22,35.459999,35.459999,34.825001,35.139999,27.558680,4012600
2019-04-23,35.270000,35.630001,35.139999,35.540001,27.872383,5469100
2019-04-24,35.639999,35.930000,35.549999,35.790001,28.068443,3304200
2019-04-25,35.680000,35.860001,35.459999,35.750000,28.037077,4198400
2019-04-26,35.889999,36.014999,35.709999,35.990002,28.225296,2517000
2019-04-29,35.869999,36.070000,35.575001,35.619999,27.935122,3256800
2019-04-30,35.639999,36.075001,35.389999,36.029999,28.256668,4650200
2019-05-01,36.060001,36.470001,35.959999,36.029999,28.256668,6051300
2019-05-02,36.040001,36.459999,36.040001,36.099998,28.311563,5382600
2019-05-03,36.250000,36.410000,36.080002,36.349998,28.507637,3223400
2019-05-06,36.189999,36.340000,35.970001,36.200001,28.389997,3377200
2019-05-07,36.080002,36.139999,35.320000,35.580002,27.903763,3711800
2019-05-08,35.650002,35.919998,35.564999,35.580002,27.903763,3831500
2019-05-09,35.500000,35.740002,35.259998,35.700001,27.997862,5684500
2019-05-10,35.619999,36.200001,35.595001,36.110001,28.319410,3268400
2019-05-13,35.869999,36.169998,35.799999,36.110001,28.319410,3392100
2019-05-14,36.180000,36.389999,36.099998,36.240002,28.421362,3984400
2019-05-15,36.240002,36.610001,36.099998,36.480000,28.609581,3478200
2019-05-16,36.480000,36.840000,36.450001,36.689999,28.774275,2834200
2019-05-17,36.520000,36.709999,36.439999,36.639999,28.735073,3403200
2019-05-20,36.509998,36.570000,35.919998,36.049999,28.272352,3472100
2019-05-21,36.209999,36.455002,36.150002,36.349998,28.507637,2353600
2019-05-22,36.389999,36.549999,36.310001,36.520000,28.640957,1982800
2019-05-23,36.419998,36.735001,36.360001,36.700001,28.782122,2521100
2019-05-24,36.860001,36.990002,36.740002,36.750000,28.821331,1523600
2019-05-28,36.930000,36.990002,36.360001,36.369999,28.523319,2496400
2019-05-29,36.340000,36.430000,35.801998,35.950001,28.193926,2648700
2019-05-30,35.990002,36.285000,35.930000,36.169998,28.366461,2656200
2019-05-31,36.090000,36.669998,36.040001,36.470001,28.601748,4582100
2019-06-03,36.599998,36.669998,36.290001,36.610001,28.711538,6621400
2019-06-04,36.619999,36.619999,36.099998,36.410000,28.554689,3596800
2019-06-05,36.619999,37.259998,36.490002,37.240002,29.205618,4495200
2019-06-06,37.340000,37.380001,37.080002,37.310001,29.260517,2272500
2019-06-07,37.520000,37.660000,37.380001,37.430000,29.354624,2114000
2019-06-10,37.480000,37.509998,37.130001,37.299999,29.252670,3041400
2019-06-11,37.400002,37.480000,37.115002,37.369999,29.307571,2472200
2019-06-12,37.419998,37.689999,37.380001,37.509998,29.417360,2555500
2019-06-13,37.540001,37.615002,37.415001,37.560001,29.456579,2511300
2019-06-14,37.560001,37.846001,37.560001,37.720001,29.582058,1945900
2019-06-17,37.820000,38.174999,37.820000,38.130001,29.903605,4130200
2019-06-18,38.330002,38.490002,37.869999,38.020000,29.817331,4654400
2019-06-19,37.990002,38.395000,37.810001,38.270000,30.013399,4654300
2019-06-20,38.450001,38.619999,38.419998,38.500000,30.193783,4478800
2019-06-21,38.169998,38.169998,37.580002,37.770000,29.856243,9512500
2019-06-24,37.860001,37.990002,37.520000,37.580002,29.706053,5083600
2019-06-25,37.619999,37.759998,37.060001,37.070000,29.302914,3829000
2019-06-26,37.070000,37.070000,36.220001,36.349998,28.733776,7944600
2019-06-27,36.570000,36.790001,36.549999,36.650002,28.970907,4578500
2019-06-28,36.709999,36.979000,36.650002,36.770000,29.065769,5010600
2019-07-01,36.950001,37.000000,36.285000,36.700001,29.010435,6775000
2019-07-02,36.799999,37.389999,36.770000,37.380001,29.547956,5959000
2019-07-03,37.490002,37.930000,37.448002,37.919998,29.974821,3519500
2019-07-05,37.639999,37.839001,37.130001,37.709999,29.808815,5079200
2019-07-08,37.680000,37.930000,37.619999,37.849998,29.919481,3435900
2019-07-09,37.770000,38.095001,37.720001,38.049999,30.077585,3166600
2019-07-10,38.189999,38.310001,37.970001,38.259998,30.243580,8591200
2019-07-11,38.200001,38.209999,37.605000,37.770000,29.856243,5157600
2019-07-12,37.790001,37.840000,37.494999,37.619999,29.737680,3620400
2019-07-15,37.700001,37.919998,37.570000,37.669998,29.777195,2650100
2019-07-16,37.630001,37.745998,37.490002,37.610001,29.729774,3533000
2019-07-17,37.709999,37.830002,37.224998,37.419998,29.579578,3227300
2019-07-18,37.330002,37.520000,37.130001,37.410000,29.571672,4028800
2019-07-19,37.450001,37.490002,36.759998,36.799999,29.089481,4515800
2019-07-22,36.849998,36.889999,36.605000,36.759998,29.057859,3031000
2019-07-23,36.849998,37.130001,36.720001,37.119999,29.342438,3084800
2019-07-24,37.169998,37.209999,36.959999,37.090000,29.318727,2663600
2019-07-25,37.049999,37.130001,36.770000,36.930000,29.192251,3237500
2019-07-26,36.959999,37.150002,36.770000,37.049999,29.287094,2822300
2019-07-29,37.139999,37.439999,37.119999,37.189999,29.397764,3030900
2019-07-30,37.189999,37.674999,37.180000,37.560001,29.690245,3455600
2019-07-31,37.599998,37.889999,37.189999,37.410000,29.571672,6644000
2019-08-01,37.520000,37.840000,37.160000,37.500000,29.642820,9956300
2019-08-02,37.540001,38.044998,37.465000,37.790001,29.872053,4953600
2019-08-05,37.700001,37.720001,36.619999,37.070000,29.302914,6359700
2019-08-06,37.150002,37.680000,37.020000,37.529999,29.666525,6841500
2019-08-07,37.560001,38.130001,36.955002,37.880001,29.943199,7396200
2019-08-08,37.930000,38.480000,37.599998,38.480000,30.417475,5601800
2019-08-09,38.389999,38.630001,38.090000,38.470001,30.409576,4695700
2019-08-12,38.459999,38.584999,38.205002,38.439999,30.385859,3727900
2019-08-13,38.439999,38.599998,38.090000,38.459999,30.401669,5176100
2019-08-14,38.360001,38.360001,37.810001,37.860001,29.927376,5999600
2019-08-15,37.970001,38.470001,37.860001,38.389999,30.346333,5501400
2019-08-16,38.480000,38.759998,38.369999,38.660000,30.559772,3766700
2019-08-19,38.840000,39.090000,38.650002,39.009998,30.836430,2930000
2019-08-20,39.060001,39.150002,38.689999,38.720001,30.607189,3245400
2019-08-21,38.810001,38.977001,38.660000,38.880001,30.733677,3480700
2019-08-22,38.919998,39.110001,38.639999,39.070000,30.883854,2511100
2019-08-23,39.080002,39.338001,38.415001,38.580002,30.496531,6048100
2019-08-26,38.770000,38.950001,38.590000,38.939999,30.781103,3621000
2019-08-27,39.119999,39.230000,38.790001,38.810001,30.678345,3042200
2019-08-28,38.830002,38.990002,38.724998,38.919998,30.765293,3129500
2019-08-29,39.130001,39.264999,38.980000,39.200001,30.986620,3070700
2019-08-30,39.320000,39.389999,39.090000,39.209999,30.994524,3623100
2019-09-03,39.150002,39.770000,39.130001,39.770000,31.437201,6160800
2019-09-04,39.959999,40.139999,39.849998,40.099998,31.698051,3541500
2019-09-05,40.099998,40.110001,39.610001,39.750000,31.421385,3925900
2019-09-06,39.770000,39.987000,39.689999,39.799999,31.460907,2457600
2019-09-09,39.820000,39.830002,39.400002,39.500000,31.223763,4618900
2019-09-10,39.310001,39.310001,38.650002,38.919998,30.765293,5632900
2019-09-11,38.860001,38.939999,38.610001,38.830002,30.694157,7353200
2019-09-12,39.119999,39.310001,38.759998,39.060001,30.875954,5425200
2019-09-13,38.950001,39.160000,38.465000,38.590000,30.504438,5653800
2019-09-16,38.580002,39.009998,38.540001,38.990002,30.820621,4535700
2019-09-17,39.160000,39.549999,39.150002,39.540001,31.255383,6054200
2019-09-18,39.639999,39.709999,39.033001,39.419998,31.160530,4031700
2019-09-19,39.480000,39.689999,39.380001,39.549999,31.263285,3941500
2019-09-20,39.369999,39.439999,39.099998,39.119999,31.130396,5392500
2019-09-23,39.090000,39.424999,39.020000,39.259998,31.241802,3196700
2019-09-24,39.360001,39.490002,39.029999,39.209999,31.202017,6528700
2019-09-25,39.220001,39.340000,39.029999,39.169998,31.170179,3912600
2019-09-26,39.290001,39.627998,39.259998,39.549999,31.472578,2565600
2019-09-27,39.619999,39.639999,38.980000,39.290001,31.265675,3350700
2019-09-30,39.320000,39.549999,39.279999,39.340000,31.305462,3492500
2019-10-01,39.299999,39.400002,38.849998,39.000000,31.034901,6075600
2019-10-02,38.950001,39.044998,38.529999,38.759998,30.843922,5305300
2019-10-03,38.759998,39.299999,38.700001,39.220001,31.209967,6328400
2019-10-04,39.279999,39.490002,39.240002,39.400002,31.353207,2653300
2019-10-07,39.299999,39.509998,39.150002,39.330002,31.297510,3165800
2019-10-08,39.299999,39.465000,38.939999,39.139999,31.146305,4616600
2019-10-09,39.290001,39.419998,39.165001,39.259998,31.241802,2969000
2019-10-10,39.209999,39.419998,39.040001,39.360001,31.321371,3373400
2019-10-11,39.470001,39.570000,39.189999,39.230000,31.217926,4949200
2019-10-14,39.259998,39.439999,39.110001,39.290001,31.265675,1794100
2019-10-15,39.299999,39.369999,38.990002,39.320000,31.289558,3091100
2019-10-16,39.320000,39.360001,39.014999,39.270000,31.249763,5929800
2019-10-17,39.369999,39.639999,39.270000,39.529999,31.456661,4775600
2019-10-18,39.520000,39.990002,39.520000,39.910000,31.759056,2313300
2019-10-21,39.919998,40.209999,39.810001,40.180000,31.973907,1957300
2019-10-22,40.270000,40.340000,40.009998,40.060001,31.878428,2226000
2019-10-23,40.080002,40.230000,39.790001,40.130001,31.934118,2159900
2019-10-24,40.209999,40.259998,39.865002,39.980000,31.814762,1781800
2019-10-25,39.889999,39.950001,39.400002,39.490002,31.424833,2842500
2019-10-28,39.419998,39.478001,38.990002,39.070000,31.090607,3318300
2019-10-29,39.130001,39.419998,39.060001,39.169998,31.170179,2167200
2019-10-30,39.250000,39.459999,38.950001,39.459999,31.400955,2637400
2019-10-31,39.529999,39.580002,39.180000,39.330002,31.297510,3263900
2019-11-01,39.380001,39.514999,38.820000,39.230000,31.217926,3370000
2019-11-04,39.160000,39.200001,38.740002,38.790001,30.867790,3045400
2019-11-05,38.669998,38.669998,37.889999,38.119999,30.334621,6643600
2019-11-06,38.169998,38.438999,38.134998,38.259998,30.446030,2425600
2019-11-07,38.150002,38.160000,37.715000,37.849998,30.119776,3725800
2019-11-08,37.770000,38.049999,37.680000,37.779999,30.064068,2612100
2019-11-11,37.759998,37.987000,37.750000,37.849998,30.119776,2538700
2019-11-12,37.849998,38.105999,37.549999,37.599998,29.920824,6213800
2019-11-13,37.660000,38.070000,37.639999,37.980000,30.223227,2220800
2019-11-14,38.070000,38.360001,38.020000,38.360001,30.525621,2525100
2019-11-15,38.389999,38.560001,38.270000,38.549999,30.676809,2615000
2019-11-18,38.599998,38.930000,38.570000,38.759998,30.843922,2835500
2019-11-19,38.830002,38.930000,38.689999,38.840000,30.907583,3345100
2019-11-20,38.810001,38.950001,38.612999,38.860001,30.923496,5711400
2019-11-21,38.770000,38.770000,38.291000,38.340000,30.509695,3556100
2019-11-22,38.380001,38.400002,37.935001,38.119999,30.334621,3614400
2019-11-25,38.200001,38.410000,38.084999,38.150002,30.358503,2712000
2019-11-26,38.180000,38.680000,38.150002,38.680000,30.780254,4916300
2019-11-27,38.660000,38.810001,38.509998,38.799999,30.875748,2605700
2019-11-29,38.770000,38.950001,38.610001,38.650002,30.756390,2550800
2019-12-02,38.549999,38.619999,37.939999,37.939999,30.191387,6651500
2019-12-03,37.919998,38.320000,37.910000,38.250000,30.438084,3584000
2019-12-04,38.169998,38.544998,38.090000,38.450001,30.597231,2283800
2019-12-05,38.389999,38.509998,38.235001,38.509998,30.644976,3042200
2019-12-06,38.520000,38.700001,38.485001,38.520000,30.652943,3855600
2019-12-09,38.570000,38.680000,38.415001,38.570000,30.692722,2562300
2019-12-10,38.599998,38.709999,38.200001,38.299999,30.477871,7303200
2019-12-11,38.389999,38.389999,37.880001,38.009998,30.247087,6222900
2019-12-12,38.029999,38.160000,37.439999,37.549999,29.881042,7621000
2019-12-13,37.540001,37.730000,37.259998,37.590000,29.912870,6152000
2019-12-16,37.650002,37.990002,37.415001,37.880001,30.143642,5093900
2019-12-17,37.950001,38.000000,37.395000,37.470001,29.817383,4452000
2019-12-18,37.470001,38.070000,37.470001,38.000000,30.239130,3504100
2019-12-19,37.959999,38.389999,37.889999,38.360001,30.525621,3334500
2019-12-20,38.099998,38.345001,38.049999,38.240002,30.761314,3691800
2019-12-23,38.310001,38.360001,37.939999,38.009998,30.576292,3000600
2019-12-24,38.040001,38.150002,37.919998,38.060001,30.616516,1120200
2019-12-26,38.139999,38.310001,38.060001,38.290001,30.801533,1607200
2019-12-27,38.410000,38.470001,38.264999,38.430000,30.914154,1828500
2019-12-30,38.349998,38.459999,38.220001,38.400002,30.890020,2638400
2019-12-31,38.380001,38.709999,38.349998,38.669998,31.107218,3675000
2020-01-02,38.790001,38.849998,38.070000,38.220001,30.745222,4380100
2020-01-03,37.990002,38.584999,37.970001,38.500000,30.970459,3499000
2020-01-06,38.430000,38.660000,38.349998,38.509998,30.978506,3097200
2020-01-07,38.400002,38.400002,37.884998,38.090000,30.640646,3550600
2020-01-08,38.130001,38.340000,37.990002,38.279999,30.793491,5089000
2020-01-09,38.250000,38.360001,38.150002,38.270000,30.785440,2885000
2020-01-10,38.349998,38.651001,38.264999,38.639999,31.083078,6513200
2020-01-13,38.660000,39.110001,38.650002,39.110001,31.461161,2988100
2020-01-14,39.070000,39.070000,38.705002,38.919998,31.308319,3720200
2020-01-15,39.020000,39.310001,39.009998,39.189999,31.525518,4468700
2020-01-16,39.279999,39.540001,39.180000,39.540001,31.807074,4244500
2020-01-17,39.520000,39.730000,39.470001,39.590000,31.847282,3014700
2020-01-21,39.599998,40.020000,39.529999,39.990002,32.169056,2329500
2020-01-22,40.099998,40.209999,39.599998,39.669998,31.911638,5815200
2020-01-23,39.689999,40.080002,39.590000,40.049999,32.217331,2637800
2020-01-24,40.130001,40.205002,39.840000,39.990002,32.169056,2397900
2020-01-27,39.750000,39.970001,39.709999,39.820000,32.032318,6741600
2020-01-28,39.869999,40.089001,39.770000,39.919998,32.112751,2904300
2020-01-29,40.049999,40.139999,39.669998,39.709999,31.943821,5409600
2020-01-30,39.580002,39.833000,39.509998,39.799999,32.016216,3847400
2020-01-31,39.700001,39.750000,39.134998,39.230000,31.557684,7586200
2020-02-03,39.389999,39.638000,39.235001,39.270000,31.589874,6254800
2020-02-04,39.410000,39.924999,39.334999,39.779999,32.000126,5309500
2020-02-05,39.820000,39.919998,39.650002,39.750000,31.976004,3049300
2020-02-06,39.880001,40.009998,39.799999,39.919998,32.112751,2676700
2020-02-07,39.939999,39.985001,39.825001,39.939999,32.128834,3216600
2020-02-10,40.070000,40.419998,40.029999,40.400002,32.498878,3489300
2020-02-11,40.540001,41.169998,40.540001,40.889999,32.893040,10001700
2020-02-12,40.939999,41.250000,40.790001,41.150002,33.102203,2539700
2020-02-13,41.090000,41.494999,41.040001,41.400002,33.303299,2825500
2020-02-14,41.500000,41.889999,41.439999,41.880001,33.689423,2235200
2020-02-18,41.930000,41.930000,41.590000,41.840000,33.657261,3260100
2020-02-19,41.849998,41.849998,41.250000,41.250000,33.182648,2606100
2020-02-20,41.360001,41.740002,41.160000,41.709999,33.552666,3901800
2020-02-21,41.709999,42.000000,41.660000,41.930000,33.729649,2986900
2020-02-24,41.439999,41.814999,41.181000,41.369999,33.279171,4703100
2020-02-25,41.480000,41.619999,40.180000,40.330002,32.442566,9190200
2020-02-26,40.380001,40.695000,39.890999,39.980000,32.161022,8641900
2020-02-27,39.320000,39.480000,37.709999,37.720001,30.343010,15861500
2020-02-28,36.919998,37.160000,35.693001,36.790001,29.594902,44499000
2020-03-02,36.970001,38.630001,36.880001,38.619999,31.066992,19686200
2020-03-03,38.700001,39.555000,38.220001,38.590000,31.042870,37983700
2020-03-04,39.099998,40.139999,39.040001,40.090000,32.249500,13712900
2020-03-05,39.430000,39.750000,38.730000,39.169998,31.509428,13348200
2020-03-06,38.320000,38.660000,37.240002,38.500000,30.970459,16942300
2020-03-09,36.450001,36.959999,35.750000,35.779999,28.782415,12791800
2020-03-10,36.700001,37.580002,35.400002,37.520000,30.182119,18902400
2020-03-11,36.610001,36.669998,35.150002,35.509998,28.565224,16089100
2020-03-12,33.259998,34.580002,28.000000,32.459999,26.111719,9058600
2020-03-13,34.169998,35.360001,32.529999,35.310001,28.404337,9694900
2020-03-16,31.799999,32.660000,29.430000,29.660000,23.859318,5840100
2020-03-17,30.110001,32.290001,29.440001,31.459999,25.307289,7267800
2020-03-18,29.600000,30.870001,28.370001,29.250000,23.529505,12255800
2020-03-19,28.820000,29.540001,28.000000,28.790001,23.159472,13526100
2020-03-20,28.950001,29.600000,26.969999,27.160000,21.848251,16549800
2020-03-23,26.879999,26.920000,24.879999,25.459999,20.634195,28171300
2020-03-24,26.629999,27.770000,26.219999,27.680000,22.433399,15346800
2020-03-25,27.879999,30.430000,27.480000,28.910000,23.430262,18863500
2020-03-26,29.160000,31.260000,28.959999,31.129999,25.229475,17228600
2020-03-27,30.170000,31.950001,30.150000,31.209999,25.294300,11840800
2020-03-30,31.379999,32.180000,30.690001,32.020000,25.950781,10377700
2020-03-31,31.790001,31.840000,30.270000,31.000000,25.124115,9015800
2020-04-01,29.600000,29.620001,28.480000,29.120001,23.600456,11255400
2020-04-02,28.780001,29.969999,28.760000,29.549999,23.948952,11021700
2020-04-03,29.340000,29.799999,28.770000,29.299999,23.746342,7984100
2020-04-06,30.410000,31.549999,30.410000,31.420000,25.464502,9514500
2020-04-07,32.680000,32.990002,31.410000,31.430000,25.472607,19488600
2020-04-08,31.840000,33.970001,31.500000,33.790001,27.385284,27207800
2020-04-09,34.400002,35.950001,34.349998,35.529999,28.795477,49899800
2020-04-13,35.330002,35.389999,33.695000,33.900002,27.474432,9877300
2020-04-14,34.590000,35.189999,34.590000,35.029999,28.390242,6720300
2020-04-15,34.110001,34.380001,33.389999,33.680000,27.296131,5378900
2020-04-16,33.730000,34.020000,33.264999,33.459999,27.117832,4372800
2020-04-17,34.349998,34.700001,33.959999,34.540001,27.993126,6540400
2020-04-20,33.930000,34.060001,33.259998,33.259998,26.955736,5773900
2020-04-21,32.480000,33.009998,32.369999,32.770000,26.558622,7839500
2020-04-22,33.270000,33.639999,33.020000,33.340000,27.020580,5386000
2020-04-23,33.400002,33.619999,32.889999,32.959999,26.712603,6367800
2020-04-24,33.130001,33.230999,32.715000,33.080002,26.809862,5142700
2020-04-27,33.349998,34.160000,33.349998,34.040001,27.587904,4024200
2020-04-28,34.639999,35.020000,34.040001,34.070000,27.612211,5955000
2020-04-29,34.759998,34.869999,34.139999,34.160000,27.685146,6095100
2020-04-30,33.709999,34.049999,33.369999,33.919998,27.490641,6837500
2020-05-01,33.090000,33.310001,32.680000,32.880001,26.647770,5724300
2020-05-04,32.590000,32.889999,32.090000,32.860001,26.631557,6816600
2020-05-05,33.139999,33.508999,33.025002,33.070000,26.801762,4899400
2020-05-06,33.169998,33.320000,32.459999,32.459999,26.307375,4609500
2020-05-07,32.779999,33.160000,32.560001,32.750000,26.542408,4927700
2020-05-08,33.130001,33.450001,33.040001,33.349998,27.028681,4428800
2020-05-11,32.990002,33.450001,32.779999,32.950001,26.704504,4566400
2020-05-12,33.080002,33.110001,31.530001,31.549999,25.569862,16049400
2020-05-13,31.370001,31.740000,30.895000,31.049999,25.164633,5131500
2020-05-14,30.650000,31.090000,30.030001,31.090000,25.197056,8269300
2020-05-15,30.870001,30.990000,30.389999,30.980000,25.107906,7482800
2020-05-18,31.910000,32.750000,31.910000,32.490002,26.331697,6286400
2020-05-19,32.320000,32.439999,31.860001,31.860001,25.821108,5799300
2020-05-20,32.200001,32.250000,31.910000,32.160000,26.064240,4041700
2020-05-21,32.049999,32.270000,31.760000,32.000000,25.934572,4289000
2020-05-22,32.029999,32.720001,31.879999,32.700001,26.501884,4743200
2020-05-26,33.730000,33.970001,33.345001,33.740002,27.344765,5756600
2020-05-27,34.430000,34.459999,33.599998,34.459999,27.928288,5779800
2020-05-28,34.860001,34.910000,34.439999,34.849998,28.244366,5281400
2020-05-29,34.619999,34.820000,34.310001,34.650002,28.082273,7830900
2020-06-01,34.619999,35.605000,34.520000,35.340000,28.641489,5275600
2020-06-02,35.560001,35.709999,35.160000,35.570000,28.827892,4613100
2020-06-03,35.889999,36.625000,35.830002,36.419998,29.516781,3685700
2020-06-04,36.240002,36.259998,35.459999,35.740002,28.965673,3692400
2020-06-05,36.869999,37.299999,36.709999,37.049999,30.027378,5313700
2020-06-08,37.439999,37.860001,37.380001,37.860001,30.683834,4384200
2020-06-09,37.310001,37.599998,36.970001,37.419998,30.327244,3636100
2020-06-10,37.259998,37.430000,36.500000,36.720001,29.759912,3956600
2020-06-11,35.330002,35.720001,34.410000,34.450001,27.920189,17916000
2020-06-12,35.520000,35.689999,34.660000,35.540001,28.803583,7645100
2020-06-15,34.580002,36.119999,34.529999,35.990002,29.168285,5146600
2020-06-16,37.099998,37.200001,35.990002,36.590000,29.654556,6559300
2020-06-17,36.820000,36.820000,36.150002,36.160000,29.306067,3553800
2020-06-18,35.900002,35.950001,35.540001,35.709999,28.941355,2261000
2020-06-19,36.220001,36.250000,35.080002,35.349998,28.649586,5057400
2020-06-22,34.970001,35.105000,34.509998,34.980000,28.567921,2525400
2020-06-23,35.310001,35.400002,34.799999,34.849998,28.461754,2444900
2020-06-24,34.450001,34.580002,33.259998,33.959999,27.734903,6262800
2020-06-25,33.779999,34.340000,33.674000,34.320000,28.028904,3520100
2020-06-26,34.220001,34.389999,33.650002,33.730000,27.547062,4398900
2020-06-29,34.009998,34.310001,33.630001,34.310001,28.020746,4052700
2020-06-30,34.380001,34.980000,34.290001,34.810001,28.429087,3640600
2020-07-01,34.950001,35.869999,34.875000,35.759998,29.204954,5182500
2020-07-02,36.290001,36.320000,35.509998,35.639999,29.106941,2586000
2020-07-06,36.250000,36.360001,35.612999,35.680000,29.139614,3206300
2020-07-07,35.380001,35.529999,35.090000,35.099998,28.665926,2668600
2020-07-08,35.209999,35.320000,34.770000,35.080002,28.649597,11063900
2020-07-09,35.009998,35.099998,34.400002,34.959999,28.551592,6024700
2020-07-10,34.959999,35.180000,34.820000,35.000000,28.584261,5978400
2020-07-13,35.119999,35.189999,34.360001,34.450001,28.135080,10021700
2020-07-14,34.490002,34.900002,34.400002,34.790001,28.412760,6206300
2020-07-15,35.250000,35.369999,34.755001,34.950001,28.543421,7492500
2020-07-16,34.810001,34.970001,34.455002,34.540001,28.208580,3339300
2020-07-17,34.689999,35.189999,34.509998,35.020000,28.600597,8696300
2020-07-20,35.049999,35.240002,34.570000,34.689999,28.331081,2792300
2020-07-21,35.009998,35.090000,34.599998,34.700001,28.339260,5930700
2020-07-22,34.650002,35.130001,34.430000,35.119999,28.682261,21831500
2020-07-23,35.060001,35.250000,34.560001,34.939999,28.535254,9896100
2020-07-24,34.880001,35.099998,34.730000,34.799999,28.420921,3388800
2020-07-27,34.820000,35.230000,34.459999,35.209999,28.755756,3487800
2020-07-28,35.200001,36.098000,35.119999,35.919998,29.335617,3591000
2020-07-29,36.049999,36.599998,36.029999,36.599998,29.890968,3072600
2020-07-30,36.130001,36.320000,35.820000,36.299999,29.645962,3104000
2020-07-31,36.250000,36.320000,35.740002,36.259998,29.613291,4594400
2020-08-03,36.130001,36.180000,35.584999,35.680000,29.139614,4743600
2020-08-04,35.689999,36.325001,35.639999,36.209999,29.572454,4030600
2020-08-05,36.349998,36.430000,35.840000,35.939999,29.351948,2729100
2020-08-06,35.869999,36.070000,35.744999,36.009998,29.409121,2887800
2020-08-07,35.860001,36.525002,35.849998,36.500000,29.809296,4065400
2020-08-10,36.580002,36.669998,36.290001,36.439999,29.760294,2986400
2020-08-11,36.750000,36.750000,35.617001,35.740002,29.188614,5520100
2020-08-12,36.000000,36.279999,35.840000,36.189999,29.556128,4035200
2020-08-13,36.090000,36.360001,35.730000,35.770000,29.213116,4096600
2020-08-14,35.750000,36.130001,35.712002,35.860001,29.286615,2416800
2020-08-17,35.849998,36.180000,35.736000,36.180000,29.547960,2824900
2020-08-18,36.250000,36.264999,35.910000,36.139999,29.515280,2603600
2020-08-19,36.209999,36.230000,35.349998,35.400002,28.910938,4328900
2020-08-20,35.259998,35.945000,35.169998,35.779999,29.221279,3032800
2020-08-21,35.869999,35.990002,35.441002,35.900002,29.319290,2155700
2020-08-24,35.950001,35.970001,35.430000,35.950001,29.360125,3438400
2020-08-25,36.060001,36.099998,35.741001,36.060001,29.449953,3226600
2020-08-26,35.959999,36.009998,35.567001,35.810001,29.245785,2231400
2020-08-27,35.900002,36.400002,35.860001,36.290001,29.637794,3098400
2020-08-28,36.349998,36.570000,35.990002,36.570000,29.866470,1583700
2020-08-31,36.520000,36.520000,36.119999,36.250000,29.605124,3522700
2020-09-01,36.139999,36.240002,35.869999,36.189999,29.556128,4280200
2020-09-02,36.240002,37.040001,35.959999,37.000000,30.217655,4663200
2020-09-03,36.950001,37.200001,36.110001,36.380001,29.711298,8943100
2020-09-04,36.500000,36.730000,35.619999,36.250000,29.605124,9308100
2020-09-08,36.009998,36.099998,35.520000,35.790001,29.229446,6823000
2020-09-09,36.029999,36.669998,35.959999,36.180000,29.547960,4081600
2020-09-10,36.139999,36.250000,35.650002,35.669998,29.131437,6048400
2020-09-11,35.770000,35.860001,35.290001,35.549999,29.033440,5445000
2020-09-14,35.790001,36.514000,35.790001,36.419998,29.743959,3205600
2020-09-15,36.520000,37.240002,36.490002,36.900002,30.135973,2947800
2020-09-16,37.080002,37.514999,36.959999,37.139999,30.331984,3545400
2020-09-17,36.820000,37.060001,36.074001,36.320000,29.662292,3656800
2020-09-18,36.340000,36.340000,35.529999,35.599998,29.074272,6254300
2020-09-21,34.990002,35.040001,34.255001,34.439999,28.296211,6227100
2020-09-22,34.529999,35.130001,34.480000,34.849998,28.633076,4578000
2020-09-23,34.790001,34.860001,33.794998,33.849998,27.811462,4330800
2020-09-24,33.869999,34.450001,33.740002,34.009998,27.942917,4926400
2020-09-25,33.880001,34.709999,33.820000,34.669998,28.485176,2765000
2020-09-28,35.119999,35.419998,35.060001,35.270000,28.978148,2802800
2020-09-29,35.169998,35.320000,34.880001,35.090000,28.830256,2217600
2020-09-30,35.259998,35.599998,34.919998,35.270000,28.978148,4386100
2020-10-01,35.400002,35.860001,35.169998,35.849998,29.454685,5842200
2020-10-02,35.310001,36.540001,35.290001,36.430000,29.931215,4494600
2020-10-05,36.529999,36.680000,35.884998,36.630001,30.095541,2185900
2020-10-06,36.730000,36.830002,36.189999,36.320000,29.840836,4225600
2020-10-07,36.560001,36.654999,36.290001,36.419998,29.922998,2158300
2020-10-08,36.650002,37.209999,36.599998,37.029999,30.424175,2208700
2020-10-09,37.240002,37.250000,36.789001,36.930000,30.342018,2617400
2020-10-12,37.000000,37.200001,36.759998,37.119999,30.498127,2747100
2020-10-13,37.000000,37.000000,36.279999,36.490002,29.980515,4258700
2020-10-14,36.540001,36.549999,36.020000,36.070000,29.635433,7041600
2020-10-15,35.849998,36.540001,35.830002,36.240002,29.775118,3691200
2020-10-16,36.270000,36.340000,35.990002,36.110001,29.668303,2730500
2020-10-19,36.189999,36.330002,35.500000,35.540001,29.199986,3782500
2020-10-20,35.740002,36.035000,35.680000,35.779999,29.397169,5962200
2020-10-21,35.669998,35.869999,35.560001,35.650002,29.290356,3566700
2020-10-22,35.639999,35.689999,35.334999,35.400002,29.084957,3013900
2020-10-23,35.540001,35.730000,35.345001,35.630001,29.273933,2194100
2020-10-26,35.360001,35.360001,34.869999,35.200001,28.920641,3322600
2020-10-27,35.259998,35.439999,34.750000,34.750000,28.550915,2760300
2020-10-28,34.189999,34.570000,33.830002,33.980000,27.918268,5331500
2020-10-29,34.060001,34.660000,33.740002,34.369999,28.238701,4989600
2020-10-30,34.160000,34.369999,33.709999,34.150002,28.057949,5662400
2020-11-02,34.529999,34.990002,34.290001,34.990002,28.748095,5349800
2020-11-03,35.270000,35.759998,35.160000,35.540001,29.199986,4895700
2020-11-04,35.689999,36.299999,35.450001,35.639999,29.282145,5642500
2020-11-05,35.919998,36.119999,35.611000,35.770000,29.388952,4718500
2020-11-06,35.799999,36.055000,35.500000,35.630001,29.273933,4562400
2020-11-09,37.349998,39.110001,36.480000,36.570000,30.046238,11855500
2020-11-10,36.619999,36.990002,36.459999,36.770000,30.210560,9593400
2020-11-11,36.959999,37.270000,36.669998,37.049999,30.440609,6219300
2020-11-12,36.939999,37.165001,36.450001,36.669998,30.128395,5034500
2020-11-13,36.869999,37.599998,36.869999,37.509998,30.818546,3078700
2020-11-16,38.189999,38.270000,37.299999,37.750000,31.015739,4066500
2020-11-17,37.520000,37.910000,37.240002,37.770000,31.032169,4501200
2020-11-18,37.799999,38.145000,37.110001,37.130001,30.506338,4579100
2020-11-19,37.080002,37.259998,36.680000,37.189999,30.555637,4583900
2020-11-20,37.240002,37.250000,36.810001,36.939999,30.350235,2799000
2020-11-23,37.150002,37.220001,36.755001,36.820000,30.251640,4084700
2020-11-24,37.240002,37.369999,36.757999,36.799999,30.235218,3201500
2020-11-25,36.869999,36.970001,36.570000,36.889999,30.309153,3553300
2020-11-27,37.060001,37.060001,36.669998,36.820000,30.251640,1791100
2020-11-30,36.799999,36.799999,36.325001,36.500000,29.988722,4225200
2020-12-01,36.869999,37.088001,36.790001,36.959999,30.366667,4491900
2020-12-02,36.860001,37.090000,36.540001,36.570000,30.046238,3019100
2020-12-03,36.639999,37.020000,36.599998,36.840000,30.268080,2953400
2020-12-04,37.049999,37.349998,37.009998,37.330002,30.670670,3325500
2020-12-07,37.279999,37.360001,36.834999,36.959999,30.366667,3027800
2020-12-08,36.820000,37.040001,36.770000,36.790001,30.227003,2184100
2020-12-09,36.830002,36.860001,36.220001,36.450001,29.947643,3443200
2020-12-10,36.310001,36.599998,36.139999,36.250000,29.783333,2687300
2020-12-11,36.099998,36.279999,35.849998,36.270000,29.799757,2340600
2020-12-14,36.580002,36.794998,35.990002,36.009998,29.586130,3412600
2020-12-15,36.200001,36.639999,35.939999,36.639999,30.103756,2593200
2020-12-16,36.709999,36.904999,36.438999,36.650002,30.111975,2919300
2020-12-17,36.849998,37.130001,36.740002,37.080002,30.465263,2124200
2020-12-18,37.110001,37.130001,36.174999,36.439999,29.939426,4150700
2020-12-21,35.529999,35.740002,35.299999,35.650002,29.669773,5463900
2020-12-22,35.680000,35.900002,35.529999,35.900002,29.877848,1673100
2020-12-23,36.020000,36.217999,35.560001,35.560001,29.594875,1965300
2020-12-24,35.700001,35.910000,35.680000,35.910000,29.886160,1600000
2020-12-28,36.029999,36.230000,35.860001,36.200001,30.127516,2955500
2020-12-29,36.360001,36.509998,35.919998,35.919998,29.894487,2212200
2020-12-30,36.009998,36.389999,35.935001,36.119999,30.060940,2365000
2020-12-31,36.130001,36.610001,35.849998,36.560001,30.427132,4083800
2021-01-04,36.639999,36.709999,35.369999,35.380001,29.445072,4967000
2021-01-05,35.400002,35.680000,35.310001,35.340000,29.411777,4432400
2021-01-06,35.349998,35.395000,34.970001,35.169998,29.270302,7383400
2021-01-07,35.250000,35.400002,35.014999,35.279999,29.361841,3433700
2021-01-08,35.369999,35.770000,35.320000,35.660000,29.678102,3419900
2021-01-11,35.470001,35.630001,34.955002,35.060001,29.178749,4050000
2021-01-12,34.990002,35.130001,34.650002,35.090000,29.203716,4372500
2021-01-13,35.070000,35.630001,35.070000,35.570000,29.603197,3024400
2021-01-14,35.669998,36.020000,35.500000,35.790001,29.786291,3792500
2021-01-15,35.709999,36.405998,35.630001,36.340000,30.244032,4213000
2021-01-19,36.520000,36.540001,36.025002,36.099998,30.044289,3317800
2021-01-20,36.189999,36.993999,36.009998,36.849998,30.668486,4404200
2021-01-21,36.700001,36.769001,36.369999,36.730000,30.568613,2669600
2021-01-22,36.549999,36.910000,36.520000,36.820000,30.643520,2355200
2021-01-25,36.810001,37.369999,36.630001,37.150002,30.918161,5784200
2021-01-26,37.200001,37.630001,37.119999,37.529999,31.234417,3398900
2021-01-27,37.299999,37.689999,36.810001,37.049999,30.834932,8415100
2021-01-28,37.119999,37.591000,36.799999,37.150002,30.918161,11831200
2021-01-29,36.869999,37.290001,36.549999,36.759998,30.593573,5590700
2021-02-01,36.990002,37.605000,36.520000,37.590000,31.284349,3729300
2021-02-02,37.779999,37.939999,37.509998,37.750000,31.417509,3017400
2021-02-03,37.700001,37.730000,37.090000,37.599998,31.292665,3472200
2021-02-04,37.650002,38.040001,37.529999,37.810001,31.467445,3040200
2021-02-05,37.919998,38.009998,37.779999,37.939999,31.575636,2019400
2021-02-08,37.959999,38.029999,37.689999,38.020000,31.642216,2590000
2021-02-09,38.099998,38.310001,37.980000,38.189999,31.783697,1682200
2021-02-10,38.380001,38.705002,38.230999,38.450001,32.000084,3329000
2021-02-11,38.500000,38.610001,38.180000,38.380001,31.941824,2301000
2021-02-12,38.290001,38.459999,38.021000,38.369999,31.933506,1826300
2021-02-16,38.430000,38.470001,37.770000,37.959999,31.592289,3341300
2021-02-17,37.939999,38.055000,37.720001,37.990002,31.617249,3277200
2021-02-18,37.840000,38.029999,37.820000,37.970001,31.600601,2932100
2021-02-19,38.150002,38.360001,37.985001,38.090000,31.700470,2448500
2021-02-22,38.029999,38.450001,37.880001,38.310001,31.883575,4293100
2021-02-23,38.540001,38.689999,38.305000,38.450001,32.000084,5986100
2021-02-24,38.450001,38.764999,38.310001,38.630001,32.149891,3779900
2021-02-25,38.639999,38.900002,37.740002,38.000000,31.625565,6790200
2021-02-26,38.119999,38.119999,37.317001,37.340000,31.076288,8008400
2021-03-01,37.759998,38.020000,37.375000,37.380001,31.109575,4505600
2021-03-02,37.400002,37.419998,36.849998,37.150002,30.918161,7482600
2021-03-03,37.150002,37.150002,36.634998,36.689999,30.535316,7743400
2021-03-04,36.810001,37.119999,36.070000,36.419998,30.310614,11162900
2021-03-05,36.700001,37.000000,35.889999,36.840000,30.660151,9431800
2021-03-08,36.930000,37.480000,36.669998,37.020000,30.809965,5381500
2021-03-09,37.209999,37.695000,37.209999,37.439999,31.159510,4163400
2021-03-10,37.480000,38.040001,37.380001,37.810001,31.467445,4908400
2021-03-11,37.919998,38.650002,37.825001,38.369999,31.933506,4092700
2021-03-12,38.330002,39.029999,38.310001,39.029999,32.482792,3621600
2021-03-15,39.060001,39.580002,38.841999,39.470001,32.848972,4585700
2021-03-16,39.529999,39.660000,39.290001,39.470001,32.848972,3814700
2021-03-17,39.400002,39.450001,39.060001,39.410000,32.799049,4914800
2021-03-18,39.189999,39.270000,38.860001,39.160000,32.590992,4147000
2021-03-19,39.169998,39.308998,38.580002,38.639999,32.158215,5718700
2021-03-22,38.279999,38.799999,38.160000,38.680000,32.512936,4371700
2021-03-23,38.759998,39.070000,38.599998,38.799999,32.613796,4453800
2021-03-24,38.779999,39.029999,38.505001,38.630001,32.470898,10398000
2021-03-25,38.630001,39.005001,38.220001,38.959999,32.748287,5725300
2021-03-26,39.139999,39.930000,39.040001,39.910000,33.546825,4550900
2021-03-29,39.770000,40.000000,39.340000,39.820000,33.471172,5335600
2021-03-30,39.759998,39.820000,39.549999,39.650002,33.328270,4534600
2021-03-31,39.599998,39.896000,39.270000,39.490002,33.193783,5083900
2021-04-01,39.680000,40.119999,39.470001,40.119999,33.723335,6082700
2021-04-05,40.369999,40.369999,39.939999,40.330002,33.899857,5235600
2021-04-06,40.240002,40.430000,40.080002,40.430000,33.983913,4270100
2021-04-07,40.450001,40.574001,40.115002,40.480000,34.025936,3063200
2021-04-08,40.529999,40.700001,40.244999,40.279999,33.857822,4042700
2021-04-09,40.349998,40.389999,40.160000,40.340000,33.908260,1887000
2021-04-12,40.430000,40.584999,40.090000,40.580002,34.109997,2946900
2021-04-13,40.580002,40.860001,40.480000,40.820000,34.311733,7557800
2021-04-14,40.799999,41.009998,40.520000,40.570000,34.101601,3027900
2021-04-15,40.799999,41.349998,40.700001,41.340000,34.748825,3786400
2021-04-16,41.520000,41.549999,41.290001,41.400002,34.799252,3173700
2021-04-19,41.410000,41.544998,41.165001,41.529999,34.908531,3291600
2021-04-20,41.450001,42.119999,41.400002,41.990002,35.295189,5042100
2021-04-21,42.060001,42.259998,41.930000,42.180000,35.454891,4182600
2021-04-22,42.130001,42.369999,41.930000,42.000000,35.303596,4074600
2021-04-23,42.110001,42.360001,41.980000,42.240002,35.505325,3551700
2021-04-26,42.410000,42.570000,42.220001,42.330002,35.580982,2893600
2021-04-27,42.470001,42.470001,42.220001,42.330002,35.580982,3715200
2021-04-28,42.400002,42.480000,42.150002,42.180000,35.454891,2246200
2021-04-29,42.410000,42.580002,42.200001,42.490002,35.715462,4261900
2021-04-30,42.340000,42.810001,42.299999,42.770000,35.950832,4592300
2021-05-03,42.869999,42.869999,42.480000,42.540001,35.757496,5074000
2021-05-04,42.450001,42.720001,42.020000,42.279999,35.538952,4892400
2021-05-05,42.220001,42.230000,41.480000,41.660000,35.017803,5972400
2021-05-06,41.680000,41.910000,41.509998,41.860001,35.185921,4116400
2021-05-07,41.820000,42.389999,41.820000,42.369999,35.614597,3863600
2021-05-10,42.580002,42.938000,42.465000,42.560001,35.774311,3873100
2021-05-11,42.110001,42.217999,41.674999,42.060001,35.354031,5546200
2021-05-12,41.889999,42.000000,41.020000,41.040001,34.496655,5443800
2021-05-13,41.119999,41.798000,41.110001,41.560001,34.933758,10719300
2021-05-14,41.770000,42.110001,41.619999,41.950001,35.261566,3828600
2021-05-17,41.910000,42.075001,41.820000,41.970001,35.278370,3583400
2021-05-18,41.950001,42.299000,41.674999,42.049999,35.345619,4545500
2021-05-19,41.730000,41.889999,41.330002,41.889999,35.211136,7500900
2021-05-20,41.820000,42.570000,41.744999,42.410000,35.648224,5260700
2021-05-21,42.509998,42.570000,42.270000,42.340000,35.589394,4565100
2021-05-24,42.580002,42.994999,42.509998,42.799999,35.976040,9873000
2021-05-25,42.900002,43.078999,42.610001,42.919998,36.076916,4333800
2021-05-26,43.000000,43.299999,42.889999,43.020000,36.160969,4738200
2021-05-27,43.160000,43.180000,42.903999,42.970001,36.118946,4288000
2021-05-28,43.228001,43.410000,43.150002,43.259998,36.362698,3534100
2021-06-01,43.480000,44.000000,43.279999,44.000000,36.984718,5512300
2021-06-02,44.110001,44.619999,43.980000,44.610001,37.497459,4599000
2021-06-03,44.442001,44.560001,44.235001,44.520000,37.421806,3447300
2021-06-04,44.669998,44.730000,44.340000,44.560001,37.455425,3061300
2021-06-07,44.619999,45.150002,44.619999,44.980000,37.808475,5659700
2021-06-08,45.070000,45.368000,45.005001,45.220001,38.010204,5577200
2021-06-09,45.380001,45.467999,45.230000,45.270000,38.052231,2401800
2021-06-10,45.290001,45.810001,45.174999,45.730000,38.438889,3818400
2021-06-11,45.779999,45.779999,45.270000,45.439999,38.195126,4478100
2021-06-14,45.450001,45.720001,45.380001,45.700001,38.413681,2746000
2021-06-15,45.700001,45.700001,45.240002,45.279999,38.060635,2948300
2021-06-16,45.380001,45.505001,44.830002,44.869999,37.716007,6093100
2021-06-17,44.770000,45.070000,44.669998,45.040001,37.858898,4558600
2021-06-18,44.790001,45.044998,44.330002,44.330002,37.262104,9034600
2021-06-21,44.240002,45.029999,44.070000,44.919998,38.002357,4818200
2021-06-22,44.939999,44.950001,44.709999,44.720001,37.833157,2428600
2021-06-23,44.700001,44.844002,44.522999,44.580002,37.714718,5049300
2021-06-24,44.740002,44.740002,44.180000,44.369999,37.537056,3267900
2021-06-25,44.459999,44.700001,44.299999,44.689999,37.807777,3278500
2021-06-28,44.779999,44.779999,44.349998,44.709999,37.824696,3260700
2021-06-29,44.660000,44.978001,44.599998,44.680000,37.799313,2851400
2021-06-30,44.660000,44.919998,44.279999,44.330002,37.503220,6087600
2021-07-01,44.320000,44.849998,44.165001,44.509998,37.655495,6332000
2021-07-02,44.660000,44.875999,44.500000,44.720001,37.833157,3992900
2021-07-06,44.700001,45.160000,44.410000,45.119999,38.171562,5002400
2021-07-07,45.090000,45.520000,44.860001,45.349998,38.366131,4634400
2021-07-08,45.070000,45.430000,44.970001,45.310001,38.332302,5252900
2021-07-09,45.529999,45.939999,45.349998,45.910000,38.839897,4090400
2021-07-12,45.889999,46.360001,45.849998,46.310001,39.178299,3406600
2021-07-13,46.150002,46.240002,45.560001,45.709999,38.670692,4764500
2021-07-14,45.750000,46.244999,45.610001,46.110001,39.009098,3942900
2021-07-15,46.070000,46.250000,46.014999,46.180000,39.068321,4138400
2021-07-16,46.330002,46.544998,46.180000,46.230000,39.110611,4107200
2021-07-19,45.810001,45.919998,45.130001,45.509998,38.501495,8124900
2021-07-20,45.740002,46.480000,45.669998,46.330002,39.195217,4986200
2021-07-21,46.410000,46.470001,46.115002,46.189999,39.076782,4280500
2021-07-22,46.029999,46.029999,45.619999,45.860001,38.797592,4127600
2021-07-23,46.009998,46.320000,45.880001,46.279999,39.152916,4995800
2021-07-26,46.169998,46.299000,45.880001,46.279999,39.152916,3699600
2021-07-27,46.259998,46.689999,46.095001,46.650002,39.465931,3937400
2021-07-28,46.680000,46.700001,46.220001,46.369999,39.229057,6457100
2021-07-29,46.490002,46.740002,46.180000,46.230000,39.110611,7659100
2021-07-30,46.330002,46.930000,46.270000,46.380001,39.237514,4998700
2021-08-02,46.619999,46.889999,46.340000,46.400002,39.254433,6819300
2021-08-03,46.529999,46.665001,46.287998,46.590000,39.415176,6669700
2021-08-04,46.599998,46.799999,46.220001,46.439999,39.288280,4374600
2021-08-05,46.689999,46.830002,46.410000,46.810001,39.601292,5469000
2021-08-06,46.849998,47.009998,46.632000,46.730000,39.533619,3452600
2021-08-09,46.730000,46.730000,46.410000,46.520000,39.355953,3556200
2021-08-10,46.580002,46.599998,45.990002,46.020000,38.932961,6752900
2021-08-11,46.240002,46.369999,46.049999,46.270000,39.144451,4074400
2021-08-12,46.369999,46.439999,46.110001,46.430000,39.279819,3733000
2021-08-13,46.580002,46.759998,46.384998,46.740002,39.542072,4763300
2021-08-16,46.669998,46.980000,46.599998,46.790001,39.584385,4879200
2021-08-17,46.630001,46.895000,46.470001,46.880001,39.660519,4916800
2021-08-18,46.770000,46.790001,46.330002,46.389999,39.245975,5431500
2021-08-19,46.250000,46.849998,46.119999,46.779999,39.575912,5385100
2021-08-20,46.759998,47.237000,46.430000,47.000000,39.762028,4420700
2021-08-23,47.139999,47.160000,46.720001,46.820000,39.609756,4653700
2021-08-24,46.939999,46.939999,46.349998,46.470001,39.313663,4291800
2021-08-25,46.470001,46.654999,46.259998,46.419998,39.271347,4543600
2021-08-26,46.470001,46.595001,46.275002,46.450001,39.296749,2861300
2021-08-27,46.639999,46.959999,46.540001,46.830002,39.618221,2530500
2021-08-30,46.869999,47.415001,46.770000,47.400002,40.100437,6169800
2021-08-31,47.240002,47.740002,47.119999,47.680000,40.337315,4855300
2021-09-01,47.750000,48.549999,47.740002,48.500000,41.031033,9196200
2021-09-02,48.580002,48.730000,48.139999,48.730000,41.225620,6576100
2021-09-03,48.580002,48.805000,48.154999,48.730000,41.225620,5537900
2021-09-07,48.549999,48.599998,47.734001,48.189999,40.768780,7162300
2021-09-08,48.009998,48.630001,47.910000,48.480000,41.014118,6704200
2021-09-09,48.209999,48.259998,47.439999,47.450001,40.142735,4573200
2021-09-10,47.500000,47.520000,46.830002,46.849998,39.635132,6203600
2021-09-13,47.330002,47.505001,46.910999,47.110001,39.855103,5495200
2021-09-14,47.330002,47.389999,46.770000,47.009998,39.770496,5234500
2021-09-15,47.110001,47.439999,46.830002,47.189999,39.922775,4885700
2021-09-16,47.189999,47.479000,46.849998,47.279999,39.998917,4685700
2021-09-17,47.020000,47.330002,46.772999,46.849998,39.635132,8711800
2021-09-20,46.070000,46.615002,45.720001,46.270000,39.363743,13017800
2021-09-21,46.459999,46.830002,46.259998,46.279999,39.372257,6982600
2021-09-22,46.599998,46.930000,46.349998,46.669998,39.704052,6432400
2021-09-23,46.779999,46.919998,46.369999,46.439999,39.508377,4571500
2021-09-24,46.349998,46.520000,45.779999,45.910000,39.057480,5211600
2021-09-27,45.869999,46.139999,45.105000,45.150002,38.410919,6701100
2021-09-28,44.869999,45.080002,44.529999,44.880001,38.181221,12068800
2021-09-29,45.049999,45.380001,45.000000,45.169998,38.427940,5975800
2021-09-30,45.380001,45.395000,44.450001,44.450001,37.815403,6342800
2021-10-01,44.740002,45.250000,44.400002,44.930000,38.223759,8294700
2021-10-04,44.840000,45.160000,44.650002,44.980000,38.266304,10456400
2021-10-05,45.060001,45.060001,44.430000,44.630001,37.968540,5480300
2021-10-06,44.459999,45.099998,43.950001,45.060001,38.334358,8996300
2021-10-07,45.299999,45.720001,45.049999,45.110001,38.376892,7269800
2021-10-08,45.110001,45.169998,44.549999,44.619999,37.960030,5464400
2021-10-11,44.599998,44.875999,44.340000,44.680000,38.011070,4151900
2021-10-12,44.750000,45.480000,44.660000,45.279999,38.521507,5663300
2021-10-13,45.200001,45.590000,44.853001,45.540001,38.742710,9279200
2021-10-14,45.820000,46.235001,45.709999,46.180000,39.287186,4392500
2021-10-15,46.480000,46.599998,45.919998,46.200001,39.304199,5210100
2021-10-18,46.029999,46.470001,45.930000,46.279999,39.372257,4251300
2021-10-19,46.520000,46.700001,46.410000,46.490002,39.550919,3509700
2021-10-20,46.580002,47.209999,46.509998,47.200001,40.154942,5596400
2021-10-21,47.180000,47.389999,47.025002,47.349998,40.282558,5528800
2021-10-22,47.490002,47.794998,47.410000,47.689999,40.571804,5378000
2021-10-25,47.730000,47.945000,47.355000,47.830002,40.690903,4933100
2021-10-26,47.889999,48.219002,47.830002,48.049999,40.878071,9546200
2021-10-27,48.290001,48.320000,47.700001,47.700001,40.580303,7158300
2021-10-28,47.689999,48.400002,47.672001,48.400002,41.175823,6690300
2021-10-29,48.220001,48.360001,47.610001,47.820000,40.682400,7925200
2021-11-01,47.939999,48.025002,47.145000,47.930000,40.775978,6766900
2021-11-02,48.169998,48.548000,47.919998,48.380001,41.158813,6617300
2021-11-03,48.439999,48.759998,48.160000,48.660000,41.397022,4814500
2021-11-04,48.580002,48.700001,47.910000,48.110001,40.929111,4620600
2021-11-05,48.580002,48.849998,48.138000,48.220001,41.022690,5731400
2021-11-08,48.360001,48.419998,47.770000,48.209999,41.014183,5791700
2021-11-09,48.310001,48.480000,48.200001,48.389999,41.167320,4410400
2021-11-10,48.240002,48.560001,48.145000,48.150002,40.963142,5063100
2021-11-11,48.209999,48.209999,47.810001,48.169998,40.980156,4191900
2021-11-12,48.330002,48.349998,48.009998,48.189999,40.997173,3902800
2021-11-15,48.209999,48.459999,48.009998,48.459999,41.226871,3591500
2021-11-16,48.490002,48.580002,48.064999,48.160000,40.971653,4936700
2021-11-17,48.060001,48.540001,47.459999,48.480000,41.243885,15340000
2021-11-18,48.529999,48.580002,48.250000,48.470001,41.235386,5484700
2021-11-19,48.520000,48.590000,48.090000,48.209999,41.014183,5099600
2021-11-22,48.220001,48.419998,47.849998,47.970001,40.810013,5416900
2021-11-23,48.119999,48.615002,47.895000,48.480000,41.243885,9784700
2021-11-24,48.470001,49.195000,48.340000,49.130001,41.796867,5086700
2021-11-26,48.470001,48.590000,47.730000,47.799999,40.665382,6829200
2021-11-29,48.169998,48.759998,47.808998,48.400002,41.175823,7173400
2021-11-30,48.180000,48.299999,47.369999,47.389999,40.316578,11022100
2021-12-01,47.900002,48.430000,46.740002,46.770000,39.789120,12299600
2021-12-02,47.090000,48.340000,46.980000,48.049999,40.878071,10097200
2021-12-03,48.110001,48.340000,47.400002,47.810001,40.673889,11826500
2021-12-06,48.160000,48.900002,48.139999,48.500000,41.260899,8711100
2021-12-07,48.880001,49.435001,48.759998,49.360001,41.992542,7763600
2021-12-08,49.360001,49.700001,49.189999,49.570000,42.171192,6931400
2021-12-09,49.459999,49.470001,48.895000,48.939999,41.635216,3572400
2021-12-10,49.139999,49.230000,48.882000,49.189999,41.847919,3683700
2021-12-13,49.049999,50.075001,48.980000,49.849998,42.409401,5105600
2021-12-14,49.740002,49.849998,48.930000,49.299999,41.941502,8920600
2021-12-15,49.459999,50.099998,49.410000,50.029999,42.562531,8196000
2021-12-16,50.139999,50.549999,49.904999,50.220001,42.724167,7161500
2021-12-17,50.169998,50.645000,49.980000,50.049999,42.579556,8626500
2021-12-20,49.049999,49.500000,48.770000,49.299999,42.300694,9760200
2021-12-21,49.639999,49.889999,49.375000,49.580002,42.540939,6024000
2021-12-22,49.730000,50.099998,49.674999,50.070000,42.961372,4530000
2021-12-23,50.169998,50.189999,49.630001,49.919998,42.832664,5264600
2021-12-27,50.060001,50.939999,49.959999,50.939999,43.707855,5183100
2021-12-28,50.939999,51.180000,50.770000,51.160000,43.896622,5592700
2021-12-29,51.259998,51.619999,51.020000,51.470001,44.162605,4404700
2021-12-30,51.520000,51.869999,51.439999,51.700001,44.359955,3665900
2021-12-31,51.720001,52.169998,51.660000,51.810001,44.454342,3979100
2022-01-03,51.980000,51.980000,50.549999,51.330002,44.042492,8441200
2022-01-04,51.470001,51.689999,51.080002,51.130001,43.870876,7440700
2022-01-05,50.959999,50.959999,49.439999,49.470001,42.446560,14980800
2022-01-06,49.509998,49.674999,48.880001,49.529999,42.498035,9807100
2022-01-07,49.369999,49.598999,49.040001,49.270000,42.274944,6141100
2022-01-10,48.849998,48.980000,48.250000,48.980000,42.026115,6870600
2022-01-11,48.880001,48.985001,48.174999,48.900002,41.957478,7442400
2022-01-12,48.840000,49.349998,48.840000,49.029999,42.069023,4686800
2022-01-13,49.200001,49.299999,48.776001,48.860001,41.923161,5481200
2022-01-14,48.580002,48.639999,47.730000,48.290001,41.434078,5737300
2022-01-18,47.990002,48.119999,47.480000,47.959999,41.150928,8948300
2022-01-19,48.209999,48.500000,47.340000,47.340000,40.618961,7152500
2022-01-20,47.430000,48.061001,46.869999,46.919998,40.258591,7586800
2022-01-21,47.150002,47.465000,46.775002,46.889999,40.232857,10920600
2022-01-24,46.470001,47.084999,45.353001,46.990002,40.318653,19972200
2022-01-25,46.430000,47.200001,45.990002,46.860001,40.207100,10908900
2022-01-26,47.099998,47.669998,45.744999,46.080002,39.537846,12858500
2022-01-27,46.430000,46.715000,45.070000,45.250000,38.825695,8783800
2022-01-28,45.349998,46.820000,44.799999,46.820000,40.172779,6455400
2022-01-31,46.570000,47.410000,46.419998,47.340000,40.618961,4557200
2022-02-01,47.340000,47.410000,46.709999,47.020000,40.344395,8057400
2022-02-02,47.279999,47.935001,47.240002,47.830002,41.039387,6716600
2022-02-03,47.549999,47.709999,47.279999,47.340000,40.618961,4484000
2022-02-04,47.000000,47.299999,46.340000,46.689999,40.061241,5447900
2022-02-07,46.689999,47.009998,46.560001,46.700001,40.069820,5403300
2022-02-08,46.570000,46.715000,46.180000,46.279999,39.709454,4876000
2022-02-09,46.830002,47.424999,46.810001,47.400002,40.670429,4927400
2022-02-10,46.630001,47.215000,45.785000,46.049999,39.512100,8187100
2022-02-11,46.220001,46.330002,45.139999,45.419998,38.971546,9040100
2022-02-14,45.459999,45.689999,44.730000,44.930000,38.551109,6979200
2022-02-15,45.349998,45.540001,44.990002,45.150002,38.739880,5395100
2022-02-16,45.220001,45.380001,44.790001,45.270000,38.842846,5675200
2022-02-17,45.150002,45.320000,44.775002,44.880001,38.508209,5008400
2022-02-18,44.740002,45.189999,44.541000,44.680000,38.336617,6226000
2022-02-22,44.599998,44.869999,44.290001,44.560001,38.233646,6832300
2022-02-23,44.950001,45.200001,43.919998,43.980000,37.735985,5917600
2022-02-24,43.160000,44.875000,43.000000,44.740002,38.388096,11608800
2022-02-25,44.919998,45.895000,44.709999,45.860001,39.349079,6193400
2022-02-28,45.270000,45.529999,44.590000,45.070000,38.671234,8591800
2022-03-01,45.290001,45.540001,44.730000,44.980000,38.594017,9027900
2022-03-02,45.139999,45.985001,45.122002,45.779999,39.280434,5481500
2022-03-03,46.040001,46.455002,45.669998,46.279999,39.709454,5774900
2022-03-04,45.930000,46.709999,45.830002,46.669998,40.044083,6193600
2022-03-07,46.580002,46.720001,45.820000,45.820000,39.314766,7882200
2022-03-08,45.830002,46.310001,45.369999,45.410000,38.962963,10469300
2022-03-09,46.189999,46.610001,46.049999,46.169998,39.615063,6229300
2022-03-10,45.720001,46.400002,45.470001,46.330002,39.752361,5638500
2022-03-11,46.560001,46.880001,45.855000,45.869999,39.357655,4363500
2022-03-14,46.220001,46.240002,45.410000,45.590000,39.117413,4846100
2022-03-15,46.119999,46.310001,45.540001,45.950001,39.426300,4988500
2022-03-16,46.310001,46.668999,45.500000,46.459999,39.863892,6868200
2022-03-17,46.320000,47.139999,46.270000,47.119999,40.430187,4499700
2022-03-18,47.290001,47.439999,46.930000,47.230000,40.524578,4727800
2022-03-21,46.950001,47.220001,46.490002,46.720001,40.316608,3979300
2022-03-22,46.889999,47.070000,46.680000,46.750000,40.342499,2853300
2022-03-23,46.619999,46.799999,46.164001,46.220001,39.885132,3976800
2022-03-24,46.290001,46.580002,46.090000,46.580002,40.195797,3758900
2022-03-25,46.759998,47.160000,46.599998,47.130001,40.670414,4003200
2022-03-28,47.160000,47.759998,47.160000,47.730000,41.188175,3705400
2022-03-29,48.090000,49.200001,48.090000,49.130001,42.396297,5108100
2022-03-30,48.939999,48.990002,48.590000,48.860001,42.163303,3881400
2022-03-31,49.099998,49.220001,48.290001,48.320000,41.697315,5624200
2022-04-01,48.549999,49.310001,48.299999,49.279999,42.525738,6746700
2022-04-04,49.259998,49.430000,48.695000,49.130001,42.396297,5056000
2022-04-05,48.939999,49.810001,48.939999,49.169998,42.430805,5239100
2022-04-06,48.959999,49.959999,48.750000,49.900002,43.060768,6810900
2022-04-07,49.619999,49.709999,49.139999,49.490002,42.706955,6015900
2022-04-08,49.490002,49.830002,49.250000,49.669998,42.862282,5033700
2022-04-11,49.560001,49.790001,48.849998,48.990002,42.275482,5041300
2022-04-12,48.889999,49.259998,48.630001,48.840000,42.146034,6728900
2022-04-13,48.910000,49.105000,48.619999,49.040001,42.318638,8415000
2022-04-14,49.150002,49.380001,48.734001,48.759998,42.076996,5098900
2022-04-18,48.669998,48.970001,48.380001,48.639999,41.973450,5247900
2022-04-19,48.910000,49.790001,48.900002,49.660000,42.853645,5908900
2022-04-20,49.799999,50.740002,49.709999,50.599998,43.664818,6241800
2022-04-21,50.799999,50.970001,50.240002,50.270000,43.380047,6083100
2022-04-22,50.200001,50.200001,49.330002,49.369999,42.603394,8511100
2022-04-25,49.310001,49.450001,48.340000,49.139999,42.404922,8143800
2022-04-26,49.049999,49.380001,48.360001,48.369999,41.740463,8830300
2022-04-27,48.470001,48.860001,48.029999,48.080002,41.490208,13001300
2022-04-28,48.430000,49.105000,47.779999,48.959999,42.249588,9532500
2022-04-29,48.619999,48.669998,46.490002,46.599998,40.213058,11520500
2022-05-02,46.730000,46.889999,44.458000,45.389999,39.168892,17231300
2022-05-03,45.619999,46.259998,45.220001,45.939999,39.643509,13431300
2022-05-04,45.930000,46.549999,45.154999,46.480000,40.109501,14707100
2022-05-05,46.220001,46.580002,44.959999,45.290001,39.082600,13591600
2022-05-06,44.900002,45.080002,44.330002,44.830002,38.685654,16154900
2022-05-09,44.419998,44.419998,42.599998,42.740002,36.882095,18005000
2022-05-10,43.259998,43.570000,41.520000,41.790001,36.062305,27771000
2022-05-11,41.910000,42.669998,41.660000,41.730000,36.010532,25360800
2022-05-12,41.709999,42.040001,41.369999,42.040001,36.278042,20802700
2022-05-13,42.509998,43.119999,42.119999,43.090000,37.184139,8949200
2022-05-16,42.959999,43.139999,42.695000,42.740002,36.882095,7445500
2022-05-17,43.250000,43.299999,42.590000,43.200001,37.279057,7254800
2022-05-18,43.130001,43.180000,41.799999,41.939999,36.191746,9546400
2022-05-19,41.650002,42.349998,41.590000,41.860001,36.122711,8204600
2022-05-20,42.310001,42.430000,41.689999,42.349998,36.545559,9859500
2022-05-23,42.680000,43.000000,42.110001,42.900002,37.020168,8100200
2022-05-24,42.630001,43.470001,42.139999,43.400002,37.451645,9706200
2022-05-25,43.209999,43.790001,43.060001,43.639999,37.658752,7668000
2022-05-26,43.910000,44.116001,43.500000,43.590000,37.615597,7131100
2022-05-27,43.830002,44.840000,43.830002,44.820000,38.677021,4540800
2022-05-31,44.349998,44.549999,43.970001,44.220001,38.159256,15462000
2022-06-01,44.389999,44.419998,43.259998,43.740002,37.745041,9317800
2022-06-02,43.529999,44.419998,42.904999,44.400002,38.314587,8401500
2022-06-03,44.000000,44.310001,43.740002,43.840000,37.831329,6905100
2022-06-06,44.150002,44.220001,43.590000,43.709999,37.719154,7605400
2022-06-07,43.500000,44.250000,43.200001,44.220001,38.159256,4812800
2022-06-08,43.970001,44.040001,43.060001,43.160000,37.244537,5418800
2022-06-09,43.009998,43.340000,42.160000,42.169998,36.390228,5533800
2022-06-10,41.610001,41.730000,41.150002,41.169998,35.527275,8566800
2022-06-13,40.099998,40.259998,39.020000,39.189999,33.818668,13192800
2022-06-14,39.320000,39.400002,38.630001,38.910000,33.577034,9800800
2022-06-15,39.299999,40.360001,39.169998,39.799999,34.345062,9429200
2022-06-16,38.930000,39.310001,38.660000,38.849998,33.525261,8398000
2022-06-17,39.029999,39.639999,38.743999,39.080002,33.723736,14302000
2022-06-21,39.180000,39.820000,39.139999,39.490002,34.351795,6031800
2022-06-22,39.119999,40.685001,39.080002,40.130001,34.908520,5776400
2022-06-23,40.320000,41.055000,40.279999,40.919998,35.595726,7414500
2022-06-24,41.209999,41.830002,41.099998,41.810001,36.369926,6781800
2022-06-27,41.730000,42.169998,41.470001,41.660000,36.239449,4743000
2022-06-28,41.869999,42.180000,41.020000,41.090000,35.743614,3487300
2022-06-29,40.750000,40.919998,40.270000,40.830002,35.517441,4473000
2022-06-30,40.650002,41.360001,40.330002,40.860001,35.543552,4305200
2022-07-01,40.779999,41.709999,40.720001,41.590000,36.178562,4894100
2022-07-05,41.180000,41.419998,40.415001,41.419998,36.030674,4563400
2022-07-06,41.590000,41.959999,41.279999,41.389999,36.004578,5866400
2022-07-07,41.590000,41.840000,41.279999,41.419998,36.030674,3019300
2022-07-08,41.259998,41.505001,41.020000,41.230000,35.865402,3067500
2022-07-11,41.110001,41.349998,40.830002,41.230000,35.865402,3716600
2022-07-12,41.000000,41.424999,40.680000,40.970001,35.639225,3978300
2022-07-13,40.490002,41.090000,40.240002,40.750000,35.447849,5314500
2022-07-14,40.040001,40.529999,39.990002,40.349998,35.099892,4305800
2022-07-15,40.849998,41.244999,40.630001,41.000000,35.665321,3126600
2022-07-18,41.290001,41.299999,40.450001,40.599998,35.317360,4191200
2022-07-19,40.990002,41.790001,40.910000,41.720001,36.291641,3414900
2022-07-20,41.610001,42.099998,41.380001,41.509998,36.108959,3630300
2022-07-21,41.580002,41.950001,41.230000,41.939999,36.483013,5243600
2022-07-22,42.169998,42.509998,41.939999,42.259998,36.761375,3791600
2022-07-25,42.259998,42.549999,42.064999,42.290001,36.787472,3131300
2022-07-26,42.330002,42.645000,42.209999,42.369999,36.857067,3006400
2022-07-27,42.430000,42.689999,42.099998,42.599998,37.057140,5156000
2022-07-28,43.049999,44.230000,42.880001,44.169998,38.422863,5375700
2022-07-29,44.180000,44.540001,43.990002,44.340000,38.570736,3523300
2022-08-01,44.139999,44.240002,43.770000,43.939999,38.222797,4102700
2022-08-02,43.980000,44.070000,43.330002,43.360001,37.718254,3477300
2022-08-03,43.630001,43.959999,43.529999,43.540001,37.874836,3208100
2022-08-04,43.630001,43.755001,43.310001,43.580002,37.909626,3236400
2022-08-05,43.259998,43.759998,43.099998,43.720001,38.031410,3320200
2022-08-08,44.130001,44.509998,43.810001,44.040001,38.309776,4055100
2022-08-09,44.200001,44.389999,43.939999,44.389999,38.614243,2368400
2022-08-10,44.889999,45.070000,44.619999,44.990002,39.136177,3617200
2022-08-11,45.220001,45.310001,44.634998,44.779999,38.953495,2815500
2022-08-12,45.060001,45.569000,44.990002,45.540001,39.614609,2392600
2022-08-15,45.500000,45.865002,45.389999,45.740002,39.788582,3296500
2022-08-16,45.520000,45.814999,45.430000,45.560001,39.632000,3279000
2022-08-17,45.139999,45.701000,45.110001,45.430000,39.518921,3331300
2022-08-18,45.509998,45.580002,44.860001,45.119999,39.249256,1654800
2022-08-19,45.020000,45.080002,44.535000,44.680000,38.866501,3202300
2022-08-22,44.340000,44.369999,43.709999,43.750000,38.057507,3430400
2022-08-23,43.639999,43.709999,42.930000,43.090000,37.483383,2800000
2022-08-24,43.169998,43.665001,43.090000,43.430000,37.779140,3277100
2022-08-25,43.630001,44.110001,43.450001,44.099998,38.361961,1713900
2022-08-26,44.130001,44.130001,42.959999,42.980000,37.387695,2725600
2022-08-29,42.740002,43.040001,42.500000,42.610001,37.065838,2492900
2022-08-30,42.689999,42.759998,41.869999,42.000000,36.535206,3539400
2022-08-31,42.230000,42.459999,41.750000,41.849998,36.404724,4646700
2022-09-01,41.529999,42.009998,41.240002,42.000000,36.535206,5343200
2022-09-02,42.349998,42.445000,41.185001,41.279999,35.908890,3911300
2022-09-06,41.389999,41.919998,41.259998,41.709999,36.282940,6399500
2022-09-07,41.720001,42.580002,41.695000,42.509998,36.978848,4618500
2022-09-08,42.259998,42.750000,42.139999,42.630001,37.083237,4505200
2022-09-09,42.790001,43.195000,42.520000,43.040001,37.439892,2909100
2022-09-12,43.200001,43.474998,43.110001,43.400002,37.753052,2802400
2022-09-13,42.560001,42.716999,41.599998,41.750000,36.317738,4139500
2022-09-14,41.599998,41.689999,40.950001,41.240002,35.874100,4143900
2022-09-15,41.189999,41.282001,40.290001,40.340000,35.091198,6227200
2022-09-16,40.029999,40.380001,39.865002,40.349998,35.099892,6045400
2022-09-19,39.619999,39.910000,39.270000,39.910000,35.033180,4129400
2022-09-20,39.540001,39.560001,38.669998,38.860001,34.111492,6259200
2022-09-21,39.169998,39.415001,38.270000,38.290001,33.611145,9215800
2022-09-22,38.160000,38.180000,37.775002,37.930000,33.295128,6380200
2022-09-23,37.540001,37.750000,37.014999,37.459999,32.882561,7329900
2022-09-26,37.240002,37.270000,36.055000,36.450001,31.995972,10027200
2022-09-27,36.790001,37.055000,35.902000,35.970001,31.574638,10794400
2022-09-28,36.240002,36.799999,35.919998,36.650002,32.171535,7304200
2022-09-29,36.330002,36.330002,35.419998,35.630001,31.276178,7684000
2022-09-30,35.790001,36.270000,35.720001,36.009998,31.609747,7700800
2022-10-03,36.580002,36.900002,35.990002,36.680000,32.197876,11620000
2022-10-04,37.090000,37.599998,36.980000,37.259998,32.706997,8889900
2022-10-05,36.770000,36.830002,35.980000,36.570000,32.101311,7074300
2022-10-06,36.450001,36.580002,35.320000,35.369999,31.047943,8933000
2022-10-07,35.029999,35.259998,34.334999,34.529999,30.310595,6487600
2022-10-10,34.619999,34.919998,34.090000,34.139999,29.968252,7805100
2022-10-11,34.040001,34.730000,33.709999,34.459999,30.249147,8847600
2022-10-12,34.400002,34.430000,33.830002,34.000000,29.845360,8899300
2022-10-13,33.290001,34.810001,33.125000,34.639999,30.407152,14575700
2022-10-14,35.070000,35.150002,33.700001,33.770000,29.643459,9011700
2022-10-17,34.380001,35.165001,34.320000,35.029999,30.749491,7687600
2022-10-18,35.680000,35.965000,35.160000,35.490002,31.153284,7743400
2022-10-19,35.169998,35.270000,34.400002,34.599998,30.372034,7615200
2022-10-20,34.610001,34.959999,34.325001,34.430000,30.222811,7603500
2022-10-21,34.500000,34.680000,33.959999,34.669998,30.433481,9826900
2022-10-24,35.000000,35.145000,34.380001,34.650002,30.415928,6076300
2022-10-25,34.700001,36.060001,34.680000,36.020000,31.618526,7176700
2022-10-26,36.040001,36.290001,35.720001,35.950001,31.557068,8945000
2022-10-27,36.130001,36.389999,35.814999,35.970001,31.574638,8435500
2022-10-28,35.869999,36.919998,35.660000,36.820000,32.320766,5460300
2022-10-31,36.480000,36.970001,36.320000,36.730000,32.241768,7154700
2022-11-01,37.099998,37.299999,36.564999,36.669998,32.189087,6000900
2022-11-02,36.470001,36.950001,35.645000,35.709999,31.346407,13999400
2022-11-03,35.430000,35.980000,35.029999,35.689999,31.328842,10969400
2022-11-04,36.009998,36.365002,35.459999,36.189999,31.767756,7524100
2022-11-07,36.419998,36.560001,35.959999,36.180000,31.758965,6479800
2022-11-08,36.279999,36.770000,36.165001,36.400002,31.952085,6225500
2022-11-09,36.298000,36.740002,35.930000,36.000000,31.600969,7752900
2022-11-10,37.345001,38.860001,37.189999,38.759998,34.023708,11979200
2022-11-11,38.880001,39.200001,38.634998,38.740002,34.006149,7291400
2022-11-14,38.520000,38.570000,37.709999,37.709999,33.102016,6304100
2022-11-15,38.259998,38.419998,37.750000,38.180000,33.514576,9588700
2022-11-16,38.130001,38.310001,37.810001,37.910000,33.277576,7771200
2022-11-17,37.382000,37.689999,37.255001,37.570000,32.979118,4402600
2022-11-18,38.070000,38.200001,37.669998,38.049999,33.400467,5865600
2022-11-21,37.987999,38.369999,37.830002,38.320000,33.637470,4836700
2022-11-22,38.470001,38.529999,38.219002,38.509998,33.804253,5547200
2022-11-23,38.450001,38.730000,38.220001,38.570000,33.856922,3604500
2022-11-25,38.689999,38.840000,38.580002,38.799999,34.058819,2254100
2022-11-28,38.570000,38.740002,37.625000,37.709999,33.102016,7298200
2022-11-29,37.787998,38.389999,37.650002,38.340000,33.655033,4954300
2022-11-30,38.240002,39.270000,38.009998,39.240002,34.445057,8120200
2022-12-01,39.630001,39.840000,38.840000,39.160000,34.374825,9814100
2022-12-02,38.680000,39.169998,38.490002,38.970001,34.208038,5460800
2022-12-05,38.610001,38.820000,38.230000,38.310001,33.628700,7165500
2022-12-06,38.389999,38.459999,37.840000,38.020000,33.374130,5249500
2022-12-07,37.900002,38.505001,37.840000,38.099998,33.444359,6159800
2022-12-08,38.230000,38.685001,38.119999,38.380001,33.690140,4461000
2022-12-09,38.270000,38.715000,38.160000,38.299999,33.619915,6077000
2022-12-12,38.340000,38.639999,37.980000,38.619999,33.900818,4945000
2022-12-13,39.820000,40.000000,38.990002,39.470001,34.646946,10763800
2022-12-14,39.419998,39.910000,38.935001,39.090000,34.313381,10786500
2022-12-15,38.590000,38.990002,38.400002,38.639999,33.918362,6033200
2022-12-16,38.119999,38.139999,37.124001,37.500000,32.917679,8016200
2022-12-19,37.000000,37.049999,36.419998,36.639999,32.527943,4543900
2022-12-20,36.459999,36.779999,36.119999,36.560001,32.456924,4333900
2022-12-21,36.888000,37.310001,36.759998,36.930000,32.785397,4082400
2022-12-22,36.599998,36.830002,36.095001,36.750000,32.625599,4206200
2022-12-23,36.630001,37.099998,36.474998,37.080002,32.918564,3935100
2022-12-27,37.099998,37.188000,36.720001,37.049999,32.891922,4259700
2022-12-28,37.139999,37.340000,36.424999,36.459999,32.368149,4730900
2022-12-29,36.721001,37.365002,36.619999,37.270000,33.087246,4143200
2022-12-30,37.040001,37.180000,36.529999,36.930000,32.785397,5087800
2023-01-03,37.230000,37.560001,36.610001,37.070000,32.909679,7060300
2023-01-04,37.400002,38.259998,37.270000,37.919998,33.664284,7586900
2023-01-05,37.619999,37.619999,36.750000,36.810001,32.678867,6581100
2023-01-06,37.110001,38.009998,36.830002,37.880001,33.628780,6329600
2023-01-09,38.060001,38.310001,37.730000,37.860001,33.611027,3965600
2023-01-10,37.799999,37.990002,37.470001,37.970001,33.708679,5196700
2023-01-11,38.209999,39.360001,38.209999,39.349998,34.933804,4733100
2023-01-12,39.439999,39.869999,39.060001,39.790001,35.324421,5102300
2023-01-13,39.340000,39.720001,39.250000,39.560001,35.120232,3796000
2023-01-17,39.580002,39.825001,39.470001,39.570000,35.129116,5463200
2023-01-18,39.779999,39.820000,38.903999,38.959999,34.587578,7466700
2023-01-19,38.790001,39.259998,38.740002,38.770000,34.418892,7253700
2023-01-20,38.799999,39.259998,38.279999,39.220001,34.818394,4262500
2023-01-23,39.250000,39.589001,38.939999,39.330002,34.916054,7002200
2023-01-24,39.299999,39.650002,38.540001,39.500000,35.066967,7089700
2023-01-25,39.250000,39.610001,39.150002,39.540001,35.102478,8163100
2023-01-26,39.759998,39.990002,39.549999,39.990002,35.501972,4497400
2023-01-27,39.869999,40.520000,39.860001,40.349998,35.821571,3519900
2023-01-30,40.029999,40.494999,39.830002,39.860001,35.386562,3806400
2023-01-31,39.849998,40.645000,39.759998,40.590000,36.034634,4274800
2023-02-01,40.419998,41.169998,39.990002,40.889999,36.300968,7921000
2023-02-02,41.310001,42.209999,41.240002,41.830002,37.135475,7014400
2023-02-03,41.230000,41.259998,40.410000,40.959999,36.363106,7467200
2023-02-06,40.380001,40.743999,40.189999,40.700001,36.132301,5384400
2023-02-07,40.390999,40.755001,40.009998,40.540001,35.990253,7056600
2023-02-08,40.380001,40.610001,40.235001,40.430000,35.892593,4347800
2023-02-09,40.720001,40.849998,39.930000,40.040001,35.546368,3476900
2023-02-10,39.830002,40.230000,39.615002,40.119999,35.617386,4253400
2023-02-13,40.270000,40.555000,40.220001,40.490002,35.945869,2943000
2023-02-14,40.348000,40.630001,39.855000,40.070000,35.572994,4544900
2023-02-15,39.830002,40.195000,39.720001,40.180000,35.670650,3873000
2023-02-16,39.529999,40.153000,39.259998,39.810001,35.342175,4807200
2023-02-17,39.639999,39.740002,39.240002,39.610001,35.164623,7192500
2023-02-21,39.400002,39.400002,38.654999,38.830002,34.472157,4220800
2023-02-22,38.950001,38.980000,38.299999,38.480000,34.161442,7049600
2023-02-23,38.709999,38.930000,38.470001,38.849998,34.489918,9331700
2023-02-24,38.369999,38.490002,37.944000,38.130001,33.850727,8159000
2023-02-27,38.669998,38.770000,38.020000,38.189999,33.903984,4816100
2023-02-28,38.220001,38.680000,38.070000,38.209999,33.921741,4202100
2023-03-01,37.970001,38.009998,37.375000,37.619999,33.397961,7279000
2023-03-02,37.349998,38.169998,37.299999,38.110001,33.832966,5067200
2023-03-03,38.400002,38.834999,38.290001,38.750000,34.401138,4420200
2023-03-06,38.959999,38.959999,38.529999,38.599998,34.267971,4248500
2023-03-07,38.599998,38.669998,37.599998,37.630001,33.406834,5385900
2023-03-08,37.650002,38.389999,37.619999,38.160000,33.877354,4473000
2023-03-09,38.250000,38.290001,37.209999,37.290001,33.104996,5683500
2023-03-10,37.250000,37.340000,35.950001,36.099998,32.048542,11736200
2023-03-13,35.869999,37.220001,35.814999,36.680000,32.563450,16936000
2023-03-14,37.250000,37.410000,36.625000,37.060001,32.900810,7719000
2023-03-15,36.450001,37.205002,36.450001,37.080002,32.918564,14961500
2023-03-16,36.810001,37.250000,36.419998,37.080002,32.918564,8068700
2023-03-17,36.939999,36.959999,36.209999,36.230000,32.163952,8692500
2023-03-20,36.060001,36.493000,35.869999,36.360001,32.509071,4962800
2023-03-21,36.610001,36.639999,35.764000,36.150002,32.321312,4952600
2023-03-22,35.889999,35.919998,34.804001,34.830002,31.141119,8042000
2023-03-23,34.939999,35.424999,34.509998,34.619999,30.953360,7494000
2023-03-24,34.410000,35.520000,34.340000,35.509998,31.749100,8241100
2023-03-27,35.730000,35.840000,35.340000,35.389999,31.641811,5108800
2023-03-28,35.110001,35.470001,35.000000,35.270000,31.534515,5117800
2023-03-29,35.619999,36.130001,35.619999,36.110001,32.285553,4108600
2023-03-30,36.500000,36.675999,36.430000,36.580002,32.705780,4383800
2023-03-31,36.740002,37.400002,36.705002,37.380001,33.421043,6971500
2023-04-03,37.290001,37.555000,36.825001,37.029999,33.108112,6452000
2023-04-04,37.049999,37.215000,36.805000,37.040001,33.117050,5639900
2023-04-05,36.970001,37.230000,36.820000,36.849998,32.947178,4476400
2023-04-06,36.980000,37.105000,36.650002,37.099998,33.170700,4053400
2023-04-10,36.880001,37.299999,36.709999,37.290001,33.340580,3814600
2023-04-11,37.380001,37.770000,37.209999,37.470001,33.501511,9963400
2023-04-12,37.849998,37.880001,37.294998,37.360001,33.403160,6764800
2023-04-13,37.410000,37.411999,36.889000,37.240002,33.295879,4650800
2023-04-14,37.299999,37.439999,36.340000,36.599998,32.723652,4853400
2023-04-17,36.619999,37.430000,36.619999,37.430000,33.465748,4601000
2023-04-18,37.500000,37.500000,37.161999,37.369999,33.412102,3479300
2023-04-19,37.130001,37.689999,37.060001,37.590000,33.608803,5605700
2023-04-20,37.360001,37.389999,36.984001,37.139999,33.206463,4243600
2023-04-21,37.230000,37.340000,36.880001,37.180000,33.242233,3252700
2023-04-24,37.250000,37.369999,36.794998,37.080002,33.152821,3709700
2023-04-25,36.869999,37.040001,36.720001,36.740002,32.848827,3664000
2023-04-26,36.650002,37.009998,36.340000,36.439999,32.580605,4446300
2023-04-27,36.540001,37.404999,36.540001,37.320000,33.367401,4278800
2023-04-28,37.320000,37.880001,37.250000,37.750000,33.751854,5256200
2023-05-01,37.630001,37.830002,37.355000,37.400002,33.438927,4381900
2023-05-02,37.320000,37.389999,36.529999,36.759998,32.866707,6376400
2023-05-03,36.830002,37.240002,36.500000,36.529999,32.661064,6140700
2023-05-04,36.520000,37.099998,36.389999,36.869999,32.965057,4887800
2023-05-05,37.110001,37.520000,37.040001,37.439999,33.474686,3265600
2023-05-08,37.320000,37.490002,37.049999,37.180000,33.242233,3358700
2023-05-09,37.060001,37.195000,36.650002,37.060001,33.134937,2995000
2023-05-10,37.389999,37.570000,37.040001,37.410000,33.447868,3770000
2023-05-11,37.180000,37.209999,36.785000,37.020000,33.099174,3419800
2023-05-12,37.160000,37.160000,36.785000,37.090000,33.161758,2950200
2023-05-15,37.130001,37.235001,36.891998,37.020000,33.099174,3003600
2023-05-16,36.990002,36.990002,36.029999,36.029999,32.214020,3240300
2023-05-17,36.279999,36.564999,35.950001,36.500000,32.634247,3220400
2023-05-18,36.360001,36.465000,35.980000,36.270000,32.428600,4111000
2023-05-19,36.480000,36.630001,36.049999,36.209999,32.374962,4578700
2023-05-22,36.279999,36.680000,36.057999,36.450001,32.589542,3943200
2023-05-23,36.380001,36.660000,35.959999,36.000000,32.187202,3152000
2023-05-24,35.884998,35.900002,35.150002,35.209999,31.480865,3991400
2023-05-25,35.389999,35.575001,35.040001,35.290001,31.552399,5230700
2023-05-26,35.380001,35.785000,35.230000,35.700001,31.918972,4403100
2023-05-30,35.970001,36.299999,35.740002,35.810001,32.017326,4540300
2023-05-31,35.830002,36.110001,35.610001,36.040001,32.222965,6945100
2023-06-01,36.009998,36.250000,35.680000,36.049999,32.231899,5485000
2023-06-02,36.480000,36.955002,36.310001,36.810001,32.911419,4350000
2023-06-05,36.889999,37.040001,36.549999,36.639999,32.759422,3970500
2023-06-06,36.840000,36.935001,36.509998,36.860001,32.956120,3260600
2023-06-07,37.018002,37.630001,36.790001,37.540001,33.564106,4415600
2023-06-08,37.369999,37.410000,36.895000,37.310001,33.358459,4027000
2023-06-09,37.340000,37.419998,36.915001,37.119999,33.188576,4261700
2023-06-12,37.099998,37.150002,36.775002,37.099998,33.170700,3819100
2023-06-13,37.099998,37.410000,36.970001,37.369999,33.412102,4358200
2023-06-14,37.490002,37.796001,37.230000,37.570000,33.590923,7845400
2023-06-15,37.419998,37.810001,37.160000,37.730000,33.733974,4383300
2023-06-16,37.740002,38.060001,37.639999,37.689999,33.698212,6076400
2023-06-20,37.130001,37.209999,36.680000,36.930000,33.336235,4026500
2023-06-21,36.730000,36.904999,36.470001,36.770000,33.191799,4543300
2023-06-22,36.799999,36.830002,36.025002,36.250000,32.722408,5103500
2023-06-23,36.130001,36.384998,35.840000,35.860001,32.370361,5414100
2023-06-26,35.849998,36.689999,35.810001,36.660000,33.092510,2988900
2023-06-27,36.759998,37.145000,36.549999,37.060001,33.453587,4012700
2023-06-28,37.060001,37.216000,36.812000,37.160000,33.543854,3963100
2023-06-29,37.009998,37.500000,36.840000,37.500000,33.850761,3727400
2023-06-30,37.810001,37.910000,37.220001,37.689999,34.022278,6437000
2023-07-03,37.540001,38.195000,37.470001,37.990002,34.293079,3628200
2023-07-05,37.880001,38.429001,37.660000,38.180000,34.464592,6300600
2023-07-06,37.750000,38.020000,37.259998,37.970001,34.275028,5046400
2023-07-07,37.720001,38.029999,37.632999,37.790001,34.112545,4617200
2023-07-10,37.689999,37.950001,37.595001,37.919998,34.229885,4345300
2023-07-11,38.000000,38.380001,37.880001,38.349998,34.618046,4772800
2023-07-12,38.770000,38.869999,38.509998,38.529999,34.780529,7247700
2023-07-13,38.520000,38.810001,38.270000,38.790001,35.015228,4708100
2023-07-14,38.700001,38.816002,38.470001,38.790001,35.015228,3901500
2023-07-17,38.660000,38.810001,38.435001,38.459999,34.717346,4556400
2023-07-18,38.560001,38.580002,37.814999,38.139999,34.428478,6513800
2023-07-19,38.419998,38.820000,38.380001,38.560001,34.807617,6610700
2023-07-20,38.369999,38.439999,37.880001,38.430000,34.690262,6665000
2023-07-21,38.560001,38.720001,38.419998,38.599998,34.843719,4801800
2023-07-24,38.709999,38.990002,38.610001,38.970001,35.177719,5157000
2023-07-25,38.910000,39.099998,38.669998,38.680000,34.915932,4383300
2023-07-26,38.599998,38.900002,38.590000,38.820000,35.042309,5117900
2023-07-27,39.099998,39.200001,37.990002,38.000000,34.302113,7511200
2023-07-28,38.439999,38.560001,37.849998,37.889999,34.202812,5870000
2023-07-31,38.000000,38.365002,37.895000,38.189999,34.473614,4940900
2023-08-01,38.090000,38.275002,37.959999,38.119999,34.410435,6124600
2023-08-02,37.889999,38.029999,37.715000,37.959999,34.265995,6503700
2023-08-03,37.509998,37.549999,36.918999,37.439999,33.796604,6268000
2023-08-04,37.270000,37.667999,36.955002,37.070000,33.462608,5874700
2023-08-07,37.180000,37.549999,37.160000,37.540001,33.886879,3606100
2023-08-08,37.250000,37.455002,36.990002,37.349998,33.715363,4094200
2023-08-09,37.270000,37.610001,37.119999,37.439999,33.796604,5354500
2023-08-10,37.540001,37.790001,37.205002,37.320000,33.688282,4901600
2023-08-11,37.160000,37.439999,37.049999,37.389999,33.751472,3643000
2023-08-14,37.340000,37.340000,37.070000,37.189999,33.570927,3069500
2023-08-15,36.950001,37.047001,36.724998,36.810001,33.227917,3931200
2023-08-16,36.849998,36.865002,36.320000,36.360001,32.821701,4804500
2023-08-17,36.389999,36.669998,36.070000,36.090000,32.577976,5679300
2023-08-18,35.840000,36.290001,35.790001,36.189999,32.668243,4503900
2023-08-21,36.130001,36.160000,35.575001,35.880001,32.388416,3958300
2023-08-22,36.020000,36.115002,35.840000,35.990002,32.487713,5446600
2023-08-23,36.160000,36.549999,36.150002,36.520000,32.966133,5105800
2023-08-24,36.580002,37.025002,36.340000,36.349998,32.812675,5086900
2023-08-25,36.439999,36.639999,36.250000,36.450001,32.902943,4985900
2023-08-28,36.570000,36.915001,36.570000,36.740002,33.164722,4212900
2023-08-29,36.750000,37.185001,36.590000,37.160000,33.543854,3808200
2023-08-30,37.209999,37.410000,37.125000,37.290001,33.661205,3051300
2023-08-31,37.270000,37.330002,36.980000,37.020000,33.417480,4084700
2023-09-01,37.250000,37.305000,36.880001,37.000000,33.399422,3927600
2023-09-05,36.939999,36.994999,36.629002,36.630001,33.065430,5000000
2023-09-06,36.619999,36.721001,36.250000,36.560001,33.002239,3974900
2023-09-07,36.529999,37.005001,36.480000,36.860001,33.273048,3861000
2023-09-08,36.930000,36.935001,36.560001,36.619999,33.056393,4369000
2023-09-11,36.660000,36.750000,36.450001,36.639999,33.074459,3336700
2023-09-12,36.570000,36.689999,36.325001,36.639999,33.074459,3225000
2023-09-13,36.660000,36.660000,36.169998,36.270000,32.740456,4274000
2023-09-14,36.570000,37.000000,36.549999,36.930000,33.336235,3686900
2023-09-15,36.790001,36.930000,36.654999,36.790001,33.209858,4755300
2023-09-18,36.500000,36.507000,36.099998,36.180000,32.919601,3812000
2023-09-19,36.180000,36.290001,35.889999,35.990002,32.746723,3937100
2023-09-20,36.250000,36.474998,36.029999,36.060001,32.810425,3873400
2023-09-21,35.840000,35.860001,34.790001,34.810001,31.673063,5749900
2023-09-22,34.799999,35.028999,34.509998,34.570000,31.454693,8497400
2023-09-25,34.400002,34.529999,34.255001,34.509998,31.400097,5017200
2023-09-26,34.250000,34.368000,33.785000,33.900002,30.845068,7143100
2023-09-27,34.040001,34.180000,33.459000,33.599998,30.572102,9007100
2023-09-28,33.770000,34.049999,33.680000,33.950001,30.890568,7431500
2023-09-29,34.470001,34.540001,33.889999,34.070000,30.999743,7305700
2023-10-02,33.939999,34.110001,33.244999,33.450001,30.435619,8673300
2023-10-03,33.270000,33.430000,32.740002,32.840000,29.880590,9197900
2023-10-04,33.060001,33.230000,32.619999,33.189999,30.199053,9241000
2023-10-05,33.209999,33.465000,33.020000,33.430000,30.417427,7857600
2023-10-06,33.160000,33.771000,32.820000,33.560001,30.535711,10218500
2023-10-09,33.369999,34.090000,33.340000,34.000000,30.936056,6258000
2023-10-10,33.970001,34.410000,33.799999,34.119999,31.045238,4979700
2023-10-11,34.400002,34.820000,34.340000,34.810001,31.673063,5178300
2023-10-12,34.700001,34.750000,34.174999,34.349998,31.254519,5970000
2023-10-13,34.529999,34.650002,34.180000,34.340000,31.245422,5688400
2023-10-16,34.549999,34.799999,34.189999,34.689999,31.563875,7719300
2023-10-17,34.419998,34.970001,34.275002,34.509998,31.400097,7239500
2023-10-18,34.279999,34.404999,33.740002,33.750000,30.708588,8313200
2023-10-19,33.480000,33.730000,32.895000,32.919998,29.953379,10377000
2023-10-20,33.070000,33.235001,32.740002,32.750000,29.798704,8556300
2023-10-23,32.470001,32.910000,32.369999,32.470001,29.543932,6709100
2023-10-24,32.580002,32.959999,32.570000,32.880001,29.916988,5749200
2023-10-25,32.540001,32.650002,32.099998,32.189999,29.289167,8454400
2023-10-26,32.330002,33.095001,32.299999,32.869999,29.907887,10663200
2023-10-27,32.959999,32.959999,32.235001,32.349998,29.434744,10350600
2023-10-30,32.540001,32.720001,31.990000,32.450001,29.525736,7071900
2023-10-31,32.740002,33.139999,32.430000,33.099998,30.117163,8490800
2023-11-01,33.139999,33.310001,32.904999,33.270000,30.271845,8343100
2023-11-02,33.810001,34.450001,33.740002,34.299999,31.209017,8882200
2023-11-03,34.930000,35.625000,34.840000,35.110001,31.946037,8575200
2023-11-06,35.049999,35.070000,34.455002,34.630001,31.509287,7431300
2023-11-07,34.580002,34.650002,34.299999,34.340000,31.245422,6579300
2023-11-08,34.500000,34.619999,34.360001,34.540001,31.427393,7298000
2023-11-09,34.639999,34.660000,33.950001,34.009998,30.945154,7336200
2023-11-10,34.250000,34.439999,33.945000,34.389999,31.290915,5969000
2023-11-13,34.119999,34.230000,33.896000,34.099998,31.027044,4313800
2023-11-14,35.279999,36.224998,35.110001,35.939999,32.701225,10526900
2023-11-15,35.869999,36.331001,35.869999,36.020000,32.774025,7168900
2023-11-16,36.119999,36.205002,35.910000,36.009998,32.764919,5026800
2023-11-17,36.320000,36.330002,35.820000,35.970001,32.728535,4417300
2023-11-20,35.910000,36.250000,35.619999,36.250000,32.983299,4228100
2023-11-21,36.110001,36.205002,35.970001,36.070000,32.819515,3300600
2023-11-22,36.360001,36.474998,36.040001,36.180000,32.919601,4951400
2023-11-24,36.119999,36.330002,35.939999,36.320000,33.046989,2620300
2023-11-27,36.340000,36.665001,36.189999,36.450001,33.165276,4648900
2023-11-28,36.330002,36.700001,36.180000,36.650002,33.347252,6450900
2023-11-29,36.919998,37.220001,36.880001,36.930000,33.602020,7941600
2023-11-30,36.900002,37.264999,36.779999,37.230000,33.874981,5804100
2023-12-01,37.220001,38.040001,37.110001,38.009998,34.584690,7274200
2023-12-04,37.799999,38.240002,37.759998,38.220001,34.775772,10359500
2023-12-05,38.070000,38.099998,37.830002,38.060001,34.630188,7758300
2023-12-06,38.290001,38.449001,37.910000,37.930000,34.511909,4832200
2023-12-07,37.970001,38.150002,37.799999,37.980000,34.557392,5663100
2023-12-08,37.910000,38.029999,37.509998,37.900002,34.484612,4873800
2023-12-11,37.810001,38.095001,37.715000,38.029999,34.602890,4871000
2023-12-12,38.040001,38.125999,37.799999,38.020000,34.593788,5580500
2023-12-13,38.060001,39.520000,37.930000,39.400002,35.849426,7112400
2023-12-14,40.180000,40.750000,40.099998,40.490002,36.841202,8647400
2023-12-15,40.290001,40.400002,39.654999,40.000000,36.395363,8011100
2023-12-18,39.730000,39.794998,39.410000,39.470001,36.295132,6638700
2023-12-19,39.610001,39.849998,39.599998,39.740002,36.543404,4681400
2023-12-20,39.740002,40.009998,39.215000,39.240002,36.083626,6513500
2023-12-21,39.549999,39.680000,39.169998,39.570000,36.387089,6684700
2023-12-22,39.689999,40.009998,39.540001,39.730000,36.534214,4929100
2023-12-26,39.779999,40.130001,39.695000,40.020000,36.800888,2537600
2023-12-27,40.099998,40.259998,39.915001,40.250000,37.012386,4006300
2023-12-28,40.250000,40.500000,40.160000,40.500000,37.242283,3764800
2023-12-29,40.230000,40.410000,40.020000,40.060001,36.837669,5777300
2024-01-02,39.970001,40.450001,39.779999,40.430000,37.177906,6591500
2024-01-03,40.130001,40.130001,39.395000,39.470001,36.295132,7424500
2024-01-04,39.389999,39.660000,39.235001,39.369999,36.203171,7180300
2024-01-05,39.150002,39.630001,38.917999,39.290001,36.129612,5770300
2024-01-08,39.259998,39.869999,39.189999,39.830002,36.626171,4812700
2024-01-09,39.520000,39.740002,39.290001,39.549999,36.368690,4134500
2024-01-10,39.610001,39.799999,39.470001,39.610001,36.423866,4498600
2024-01-11,39.410000,39.520000,39.070000,39.240002,36.083626,5151900
2024-01-12,39.650002,39.740002,39.320000,39.540001,36.359501,4393500
2024-01-16,39.349998,39.549999,39.178001,39.299999,36.138798,11100100
2024-01-17,38.820000,39.279999,38.180000,38.580002,35.476719,9752000
2024-01-18,38.599998,38.750000,38.088001,38.330002,35.246834,6142100
2024-01-19,38.459999,38.849998,38.130001,38.700001,35.587067,7967800
2024-01-22,38.830002,39.299999,38.735001,38.880001,35.752586,5850600
2024-01-23,39.040001,39.150002,38.529999,38.669998,35.559479,4549800
2024-01-24,39.060001,39.080002,38.110001,38.139999,35.072117,7349500
2024-01-25,38.680000,38.820000,38.470001,38.660000,35.550282,6601700
2024-01-26,38.709999,38.799999,38.410000,38.490002,35.393955,4398000
2024-01-29,38.480000,38.810001,38.389999,38.770000,35.651432,5724200
2024-01-30,38.549999,38.740002,38.330002,38.410000,35.320393,6931500
2024-01-31,38.630001,38.880001,38.035000,38.130001,35.062912,11580700
2024-02-01,38.049999,38.814999,37.895000,38.799999,35.679020,10887000
2024-02-02,38.360001,38.560001,37.650002,38.310001,35.228436,12844000
2024-02-05,37.830002,37.869999,37.430000,37.549999,34.529572,8668200
2024-02-06,37.630001,38.174999,37.480000,38.119999,35.053719,7866800
2024-02-07,38.257999,38.310001,37.869999,38.099998,35.035328,6679000
2024-02-08,37.970001,38.396999,37.950001,38.310001,35.228436,4517700
2024-02-09,38.299999,38.439999,37.945000,38.410000,35.320393,5515700
2024-02-12,38.500000,38.665001,38.213001,38.290001,35.210049,5376400
2024-02-13,37.520000,37.599998,37.075001,37.590000,34.566353,21419000
2024-02-14,37.720001,38.060001,37.520000,37.840000,34.796242,14186400
2024-02-15,38.169998,38.796001,38.169998,38.750000,35.633041,8637600
2024-02-16,38.230000,38.556999,38.070000,38.349998,35.265213,7683100
2024-02-20,38.209999,38.490002,37.970001,38.290001,35.210049,6929300
2024-02-21,38.450001,38.618000,38.279999,38.570000,35.467518,5653100
2024-02-22,38.689999,38.880001,38.564999,38.669998,35.559479,6144400
2024-02-23,38.740002,38.922001,38.599998,38.720001,35.605457,5263400
2024-02-26,38.639999,38.825001,38.220001,38.279999,35.200851,6427800
2024-02-27,38.509998,38.660000,38.189999,38.310001,35.228436,9466100
2024-02-28,38.130001,38.959999,38.070000,38.799999,35.679020,7497600
2024-02-29,39.049999,39.320000,38.950001,39.110001,35.964088,12860800
2024-03-01,39.009998,39.580002,38.610001,39.540001,36.359501,9655500
2024-03-04,39.450001,40.019001,39.180000,39.990002,36.773300,8697600
2024-03-05,39.830002,40.095001,39.314999,39.480000,36.304321,6913800
2024-03-06,39.740002,39.840000,39.490002,39.700001,36.506630,5483600
2024-03-07,39.919998,40.005001,39.480000,39.700001,36.506630,5077000
2024-03-08,39.990002,40.264999,39.930000,40.169998,36.938820,7551200
2024-03-11,40.029999,40.330002,39.779999,39.970001,36.754913,4594600
2024-03-12,39.869999,40.020000,39.520000,39.869999,36.662949,5669000
2024-03-13,39.799999,40.014999,39.490002,39.619999,36.433064,6245300
2024-03-14,39.430000,39.540001,38.689999,39.060001,35.918110,10442800
2024-03-15,38.680000,39.127998,38.680000,39.040001,35.899715,9639600
2024-03-18,38.840000,39.009998,38.709999,38.770000,35.894157,4971000
2024-03-19,38.790001,38.910000,38.509998,38.770000,35.894157,5255100
2024-03-20,38.439999,39.021999,38.310001,38.930000,36.042290,8678200
2024-03-21,39.099998,39.299999,38.845001,39.080002,36.181168,6263500
2024-03-22,39.080002,39.169998,38.580002,38.619999,35.755283,4402500
2024-03-25,38.669998,38.790001,38.439999,38.470001,35.616409,5661600
2024-03-26,38.500000,38.564999,38.279999,38.310001,35.468281,6160300
2024-03-27,38.730000,39.279999,38.619999,39.279999,36.366329,6711000
2024-03-28,39.369999,39.619999,39.369999,39.529999,36.597790,5695400
2024-04-01,39.610001,39.619999,38.790001,38.840000,35.958969,8064400
2024-04-02,38.599998,38.599998,38.279999,38.410000,35.560863,7393500
2024-04-03,38.369999,38.509998,38.174999,38.430000,35.579384,5392200
2024-04-04,38.810001,38.959999,38.020000,38.130001,35.301632,6667800
2024-04-05,38.029999,38.471001,37.950001,38.380001,35.533096,6055700
2024-04-08,38.490002,38.740002,38.410000,38.709999,35.838612,5588500
2024-04-09,38.900002,39.209999,38.775002,39.200001,36.292267,7565200
2024-04-10,38.180000,38.180000,37.345001,37.590000,34.801689,14873300
2024-04-11,37.840000,37.904999,37.305000,37.630001,34.838722,9441800
2024-04-12,37.490002,37.500000,37.090000,37.240002,34.477654,9246200
2024-04-15,37.470001,37.529999,36.345001,36.590000,33.875866,7757100
2024-04-16,36.459999,36.509998,35.915001,36.029999,33.357410,11776100
2024-04-17,35.930000,36.099998,35.724998,35.730000,33.079655,11722700
2024-04-18,35.889999,35.949001,35.570000,35.740002,33.088921,10327600
2024-04-19,35.900002,36.049999,35.740002,35.880001,33.218533,10629100
2024-04-22,36.029999,36.259998,35.790001,36.169998,33.487015,7762900
2024-04-23,36.259998,36.616001,36.169998,36.500000,33.792542,10804900
2024-04-24,36.330002,36.709999,36.150002,36.639999,33.922161,10758500
2024-04-25,36.310001,36.509998,36.020000,36.430000,33.727737,8374300
2024-04-26,36.450001,36.830002,36.389999,36.459999,33.755505,6950900
2024-04-29,36.650002,36.959999,36.632000,36.869999,34.135098,6987400
2024-04-30,36.560001,36.770000,36.169998,36.189999,33.505539,9796800
2024-05-01,36.180000,36.858002,36.075001,36.209999,33.524052,15601300
2024-05-02,36.580002,36.779999,36.139999,36.730000,34.005482,13264300
2024-05-03,37.330002,37.580002,36.930000,37.020000,34.273972,11887700
2024-05-06,37.270000,37.330002,36.849998,37.029999,34.283226,9739000
2024-05-07,37.310001,37.509998,37.174999,37.419998,34.644299,13276100
2024-05-08,37.209999,37.224998,36.985001,37.070000,34.320259,8182100
2024-05-09,37.509998,37.980000,37.500000,37.950001,35.134987,8914600
2024-05-10,38.000000,38.020000,37.689999,37.810001,35.005375,6882900
2024-05-13,37.970001,38.134998,37.700001,37.910000,35.097958,6846500
2024-05-14,38.160000,38.366001,37.994999,38.180000,35.347923,9703800
2024-05-15,38.807999,38.950001,38.669998,38.830002,35.949715,10083500
2024-05-16,38.860001,39.007999,38.720001,38.759998,35.884899,7195600
2024-05-17,38.820000,38.860001,38.619999,38.759998,35.884899,6153000
2024-05-20,38.700001,38.790001,38.474998,38.520000,35.662704,4067100
2024-05-21,38.430000,38.575001,38.340000,38.490002,35.634933,3621500
2024-05-22,38.430000,38.555000,38.040001,38.160000,35.329403,7027100
2024-05-23,38.169998,38.169998,37.325001,37.349998,34.579494,5597300
2024-05-24,37.580002,37.610001,37.299999,37.349998,34.579494,4686100
2024-05-28,37.590000,37.685001,37.080002,37.130001,34.375813,4696100
2024-05-29,36.799999,36.849998,36.619999,36.779999,34.051769,6076400
2024-05-30,37.040001,37.320000,36.974998,37.310001,34.542461,5867800
2024-05-31,37.540001,38.060001,37.355000,38.049999,35.227566,7949600
2024-06-03,38.119999,38.189999,37.699001,37.900002,35.088696,5826300
2024-06-04,37.830002,38.410000,37.790001,38.259998,35.421989,5647500
2024-06-05,38.290001,38.290001,37.990002,38.209999,35.375694,4541200
2024-06-06,38.070000,38.305000,37.880001,38.270000,35.431244,3888600
2024-06-07,37.759998,38.070000,37.639999,37.970001,35.153503,5140400
2024-06-10,37.849998,38.299999,37.650002,38.160000,35.329403,4148800
2024-06-11,38.029999,38.240002,37.904999,38.040001,35.218311,3492400
2024-06-12,38.869999,39.025002,38.279999,38.310001,35.468281,7600800
2024-06-13,38.450001,38.630001,38.209999,38.500000,35.644188,3704300
2024-06-14,38.360001,38.645000,38.209999,38.529999,35.671963,4975400
2024-06-17,38.320000,38.529999,38.090000,38.330002,35.486797,4880900
2024-06-18,38.430000,38.630001,38.360001,38.480000,35.625668,4893400
2024-06-20,38.360001,38.490002,38.240002,38.380001,35.533096,4503300
2024-06-21,38.430000,38.529999,38.169998,38.480000,35.625668,5287100
2024-06-24,38.119999,38.759998,38.020000,38.349998,35.866028,5891800
2024-06-25,38.320000,38.320000,37.650002,37.810001,35.361000,4429900
2024-06-26,37.619999,37.880001,37.529999,37.759998,35.314240,3639300
2024-06-27,37.869999,38.160000,37.740002,38.099998,35.632217,3571700
2024-06-28,38.320000,38.570000,38.099998,38.410000,35.922138,5569800
2024-07-01,38.320000,38.439999,37.810001,38.040001,35.576107,5700100
2024-07-02,38.040001,38.285000,37.979000,38.200001,35.725746,3985500
2024-07-03,38.290001,38.439999,38.130001,38.160000,35.688335,2359100
2024-07-05,38.270000,38.340000,38.020000,38.299999,35.819263,3785800
2024-07-08,38.310001,38.456001,38.215000,38.389999,35.903427,4443200
2024-07-09,38.330002,38.525002,38.009998,38.400002,35.912788,3679200
2024-07-10,38.580002,38.685001,38.270000,38.669998,36.165298,3935600
2024-07-11,39.259998,39.889999,39.220001,39.700001,37.128586,8693400
2024-07-12,39.959999,40.250000,39.848999,39.990002,37.399807,5322200
2024-07-15,40.049999,40.226002,39.840000,40.160000,37.558788,4828400
2024-07-16,40.419998,40.580002,40.130001,40.540001,37.914177,5753700
2024-07-17,40.619999,41.139999,40.560001,40.900002,38.250854,7445800
2024-07-18,40.630001,41.355000,40.465000,40.560001,37.932884,6016200
2024-07-19,40.630001,40.724998,40.330002,40.509998,37.886116,5259100
2024-07-22,40.570000,40.950001,40.349998,40.910000,38.260208,5233000
2024-07-23,40.889999,41.125000,40.668999,40.840000,38.194748,4351500
2024-07-24,40.830002,41.115002,40.240002,40.279999,37.671017,5606900
2024-07-25,40.500000,40.930000,39.973000,40.060001,37.465271,8353400
2024-07-26,40.230000,40.869999,40.180000,40.730000,38.091869,5702800
2024-07-29,40.730000,41.130001,40.419998,40.990002,38.335033,5418100
2024-07-30,41.160000,41.380001,41.000000,41.290001,38.615601,4674000
2024-07-31,41.230000,41.639999,41.044998,41.189999,38.522076,8786900
2024-08-01,41.619999,41.910000,41.389999,41.830002,39.120617,9813900
2024-08-02,41.849998,42.299999,41.490002,41.860001,39.148682,8818200
2024-08-05,41.270000,41.875999,40.584999,40.650002,38.017059,14134700
2024-08-06,40.680000,41.959999,40.529999,41.549999,38.858757,11389400
2024-08-07,41.660000,42.240002,41.205002,41.250000,38.578190,9907700
2024-08-08,41.160000,41.648998,41.060001,41.599998,38.905525,10383100
2024-08-09,41.779999,41.919998,41.320000,41.810001,39.101913,5454900
2024-08-12,41.630001,41.669998,41.257000,41.560001,38.868107,4924500
2024-08-13,41.849998,41.910000,41.590000,41.849998,39.139324,3707000
2024-08-14,41.919998,42.200001,41.770000,42.000000,39.279610,3300600
2024-08-15,42.029999,42.090000,41.701000,41.880001,39.167389,6282100
2024-08-16,41.840000,42.000000,41.650002,41.860001,39.148682,4212300
2024-08-19,41.860001,42.150002,41.834999,42.110001,39.382488,3971100
2024-08-20,42.090000,42.255001,41.945000,42.150002,39.419903,4828200
2024-08-21,42.180000,42.349998,41.939999,42.290001,39.550831,4214800
2024-08-22,42.349998,42.549999,42.220001,42.549999,39.793987,4953100
2024-08-23,42.709999,43.450001,42.645000,43.369999,40.560867,6135200
2024-08-26,43.580002,43.669998,43.271000,43.340000,40.532814,4047800
2024-08-27,43.080002,43.494999,43.009998,43.450001,40.635689,3717600
2024-08-28,43.450001,43.580002,43.049999,43.299999,40.495411,5035000
2024-08-29,43.230000,43.299999,42.930000,43.130001,40.336418,5339900
2024-08-30,43.340000,43.570000,43.000000,43.549999,40.729221,5611600
2024-09-03,43.270000,43.860001,43.250000,43.650002,40.822739,7580900
2024-09-04,43.750000,44.200001,43.525002,43.750000,40.916260,5855600
2024-09-05,44.080002,44.099998,43.514999,43.630001,40.804035,5539200
2024-09-06,43.660000,43.695000,43.233002,43.630001,40.804035,6671700
2024-09-09,43.630001,44.257999,43.570000,44.150002,41.290356,5070000
2024-09-10,44.340000,44.959999,44.259998,44.930000,42.019829,7884500
2024-09-11,44.529999,44.869999,44.009998,44.810001,41.907604,5792200
2024-09-12,44.880001,44.959999,44.380001,44.889999,41.982422,4263300
2024-09-13,45.119999,45.259998,44.974998,45.209999,42.281696,3707500
2024-09-16,45.419998,45.580002,45.224998,45.360001,42.421978,4130200
2024-09-17,45.380001,45.509998,44.855000,45.000000,42.085300,5919400
2024-09-18,45.060001,45.509998,44.810001,44.869999,41.963718,6234400
2024-09-19,45.240002,45.240002,44.490002,44.759998,41.860840,4552400
2024-09-20,44.500000,44.724998,44.400002,44.680000,41.786026,4839800
2024-09-23,44.689999,44.889999,44.560001,44.860001,42.248436,4013700
2024-09-24,44.650002,45.020000,44.470001,44.860001,42.248436,4103800
2024-09-25,44.950001,45.070000,44.549999,44.669998,42.069496,3457000
2024-09-26,44.689999,44.720001,44.070000,44.230000,41.655113,4552700
2024-09-27,44.540001,44.645000,44.220001,44.290001,41.711624,3613700
2024-09-30,44.130001,44.700001,44.049999,44.669998,42.069496,4929900
2024-10-01,44.799999,44.880001,44.200001,44.400002,41.815224,6453100
2024-10-02,43.950001,44.275002,43.930000,44.240002,41.664543,4022000
2024-10-03,44.099998,44.215000,43.680000,43.810001,41.259563,3504500
2024-10-04,43.560001,43.590000,43.099998,43.520000,40.986446,5386100
2024-10-07,43.240002,43.290001,42.980000,43.200001,40.685081,3793500
2024-10-08,43.380001,43.490002,43.134998,43.330002,40.807514,4039700
2024-10-09,43.240002,43.386002,43.080002,43.349998,40.826347,3338800
2024-10-10,43.110001,43.470001,42.840000,42.990002,40.487305,3659600
2024-10-11,43.220001,43.439999,43.095001,43.430000,40.901688,2312100
2024-10-14,43.320000,43.790001,43.209999,43.730000,41.184227,3542900
2024-10-15,43.919998,44.639999,43.889999,44.279999,41.702206,5176300
2024-10-16,44.380001,44.785000,44.250000,44.720001,42.116585,3662700
2024-10-17,44.590000,44.630001,44.259998,44.430000,41.843472,2934000
2024-10-18,44.520000,44.756001,44.345001,44.740002,42.135433,3950800
2024-10-21,44.480000,44.680000,43.759998,43.820000,41.268990,5938700
2024-10-22,43.730000,44.060001,43.619999,43.889999,41.334908,4497400
2024-10-23,43.779999,44.395000,43.740002,44.320000,41.739876,4849500
2024-10-24,44.360001,44.689999,44.340000,44.419998,41.834057,3188600
2024-10-25,44.790001,44.980000,44.049999,44.070000,41.504429,4820700
2024-10-28,44.459999,44.650002,44.125000,44.209999,41.636284,3129100
2024-10-29,44.070000,44.305000,43.740002,43.810001,41.259563,4557100
2024-10-30,43.849998,44.290001,43.790001,43.970001,41.410255,5513800
2024-10-31,43.500000,43.889999,43.189999,43.200001,40.685081,5866200
2024-11-01,43.490002,43.544998,42.709999,42.740002,40.251858,6141400
2024-11-04,42.919998,43.290001,42.875000,43.220001,40.703915,6509900
2024-11-05,43.110001,43.820000,42.875000,43.810001,41.259563,4747500
2024-11-06,43.419998,43.660000,42.189999,42.639999,40.157684,12721600
2024-11-07,42.799999,43.290001,42.720001,43.169998,40.656826,10597900
2024-11-08,43.369999,44.035000,43.320000,43.910000,41.353745,7348100
2024-11-11,43.849998,44.060001,43.490002,43.529999,40.995872,7899300
2024-11-12,43.419998,43.580002,42.965000,42.980000,40.477886,4972000
2024-11-13,43.459999,43.650002,43.244999,43.320000,40.798096,5095000
2024-11-14,43.250000,43.250000,42.875000,42.930000,40.430798,4860400
2024-11-15,42.730000,43.058998,42.605000,42.980000,40.477886,5875700
2024-11-18,42.790001,43.369999,42.680000,43.360001,40.835762,3810800
2024-11-19,43.230000,43.669998,43.044998,43.540001,41.005283,3693100
2024-11-20,43.290001,43.529999,43.130001,43.470001,40.939362,3198700
2024-11-21,43.509998,43.904999,43.320000,43.759998,41.212475,3070100
2024-11-22,43.930000,44.169998,43.889999,44.090000,41.523270,3333900
2024-11-25,44.360001,44.880001,44.320000,44.680000,42.078922,4625700
2024-11-26,44.630001,44.980000,44.465000,44.900002,42.286114,3183800
2024-11-27,45.110001,45.481998,45.099998,45.209999,42.578064,3531500
2024-11-29,45.240002,45.430000,44.974998,45.000000,42.380295,3737500
2024-12-02,44.750000,44.830002,44.160000,44.320000,41.739876,4837300
2024-12-03,44.360001,44.450001,44.029999,44.060001,41.495014,4164900
2024-12-04,44.060001,44.090000,43.689999,43.939999,41.381992,3315800
2024-12-05,43.680000,43.860001,43.549999,43.830002,41.278400,2971300
2024-12-06,43.950001,44.080002,43.564999,43.770000,41.221901,3624700
2024-12-09,43.849998,43.994999,43.685001,43.860001,41.306656,5211000
2024-12-10,43.790001,43.790001,43.014999,43.150002,40.637989,4090500
2024-12-11,43.270000,43.389999,42.919998,43.040001,40.534401,4988900
2024-12-12,42.990002,43.480000,42.930000,43.009998,40.506134,3418100
2024-12-13,42.970001,43.070000,42.740002,42.830002,40.336620,3833300
2024-12-16,42.849998,43.139999,42.590000,42.610001,40.129425,3642900
2024-12-17,42.400002,42.805000,42.270000,42.419998,39.950481,5319100
2024-12-18,42.279999,42.490002,40.709999,40.759998,38.387123,9802600
2024-12-19,40.799999,41.090000,40.009998,40.060001,37.727879,8386500
2024-12-20,40.250000,41.220001,40.150002,40.790001,38.415386,9792600
2024-12-23,40.209999,40.599998,40.080002,40.540001,38.590530,6917200
2024-12-24,40.389999,40.840000,40.360001,40.810001,38.847546,2812100
2024-12-26,40.700001,40.939999,40.500000,40.869999,38.904659,4044800
2024-12-27,40.630001,40.990002,40.400002,40.540001,38.590530,4588800
2024-12-30,40.430000,40.450001,39.924999,40.349998,38.409668,4493500
2024-12-31,40.669998,40.750000,40.279999,40.669998,38.714275,7590600
2025-01-02,40.720001,40.770000,40.169998,40.290001,38.352554,9786400
2025-01-03,40.380001,40.900002,40.250000,40.840000,38.876106,5128600
2025-01-06,40.860001,40.990002,40.220001,40.279999,38.343033,5980200
2025-01-07,40.419998,40.634998,39.884998,39.980000,38.057457,8867700
2025-01-08,40.009998,40.169998,39.615002,40.150002,38.219288,6312800
2025-01-10,39.520000,39.619999,39.145000,39.180000,37.295929,8343100
2025-01-13,39.130001,39.688999,39.049999,39.680000,37.771881,5769300
2025-01-14,39.810001,40.110001,39.709999,40.020000,38.095539,5022100
2025-01-15,41.060001,41.150002,40.139999,40.189999,38.257362,6511000
2025-01-16,40.290001,41.125000,40.154999,41.090000,39.114082,5600900
2025-01-17,41.209999,41.310001,41.060001,41.080002,39.104568,4913400
2025-01-21,41.259998,41.869999,41.240002,41.830002,39.818497,6105700
2025-01-22,41.750000,41.750000,41.060001,41.099998,39.123600,5837100
2025-01-23,41.189999,41.439999,40.794998,41.430000,39.437733,3916200
2025-01-24,41.290001,41.840000,41.259998,41.549999,39.551960,4038800
2025-01-27,41.500000,42.005001,41.410000,41.959999,39.942242,11135800
2025-01-28,41.900002,41.900002,41.310001,41.450001,39.456772,4366300
2025-01-29,41.500000,41.580002,40.779999,40.970001,38.999855,3945600
2025-01-30,41.599998,41.820000,41.144001,41.509998,39.513882,4481500
2025-01-31,41.380001,41.830002,41.290001,41.419998,39.428207,4730300
2025-02-03,41.080002,41.509998,40.680000,41.349998,39.361576,7439600
2025-02-04,41.070000,41.457001,40.919998,41.349998,39.361576,4559300
2025-02-05,41.830002,42.105000,41.410000,42.000000,39.980324,4356900
2025-02-06,42.240002,42.250000,41.820000,42.119999,40.094555,3680600
2025-02-07,42.230000,42.264999,41.779999,41.970001,39.951771,5337100
2025-02-10,42.060001,42.095001,41.645000,42.029999,40.008877,3907600
2025-02-11,41.830002,42.270000,41.764999,42.259998,40.227818,3276300
2025-02-12,41.430000,42.049999,41.430000,41.900002,39.885132,6834300
2025-02-13,41.810001,42.340000,41.669998,42.230000,40.199268,7069100
2025-02-14,42.349998,42.490002,42.049999,42.060001,40.037441,4528100
2025-02-18,41.950001,42.384998,41.919998,42.209999,40.180218,5622200
2025-02-19,42.029999,42.387001,41.965000,42.290001,40.256382,4405400
2025-02-20,42.290001,42.650002,42.055000,42.580002,40.532433,3947300
2025-02-21,42.590000,42.650002,42.020000,42.230000,40.199268,5072100
2025-02-24,42.299999,42.645000,42.070000,42.419998,40.380119,4435200
2025-02-25,42.560001,43.080002,42.549999,42.869999,40.808483,5698200
2025-02-26,42.950001,43.044998,42.535000,42.660000,40.608582,5472200
2025-02-27,42.669998,43.080002,42.590000,42.849998,40.789444,4040600
2025-02-28,43.060001,43.244999,42.680000,43.150002,41.075020,5771500
2025-03-03,43.299999,43.745998,43.169998,43.520000,41.427227,9874300
2025-03-04,43.560001,43.861000,42.919998,43.020000,40.951275,9765700
2025-03-05,42.549999,43.535000,42.540001,43.419998,41.332035,5564100
2025-03-06,43.060001,43.150002,42.165001,42.230000,40.199268,7954300
2025-03-07,42.310001,42.637001,41.939999,42.470001,40.427719,7083600
2025-03-10,42.430000,42.889999,41.860001,42.060001,40.037441,9447900
2025-03-11,42.169998,42.314999,41.384998,41.619999,39.618599,7103500
2025-03-12,41.689999,41.814999,41.340000,41.470001,39.475815,6013500
2025-03-13,41.480000,41.709999,40.603001,40.660000,38.704762,6167200
2025-03-14,41.044998,41.485001,40.799999,41.450001,39.456772,4548100
2025-03-17,41.459999,42.325001,41.459999,42.180000,40.151672,4422800
2025-03-18,42.180000,42.389999,41.759998,41.919998,39.904167,4860300
2025-03-19,41.950001,42.286999,41.615002,41.970001,39.951771,3919100
2025-03-20,41.970001,42.160000,41.740002,41.919998,39.904167,3452800
2025-03-21,41.730000,41.799999,41.244999,41.509998,39.513882,6237900
2025-03-24,41.500000,41.904999,41.310001,41.820000,40.063778,4457800
2025-03-25,41.820000,41.830002,41.080002,41.320000,39.584778,4660800
2025-03-26,41.509998,41.724998,41.344002,41.529999,39.785957,3717700
2025-03-27,41.590000,41.919998,41.325001,41.430000,39.690163,3586700
2025-03-28,41.610001,41.650002,41.165001,41.410000,39.671001,4905600
2025-03-31,41.529999,42.115002,41.470001,41.849998,40.092522,7736800
2025-04-01,41.990002,42.080002,41.369999,41.880001,40.121262,5903000
2025-04-02,41.810001,42.174999,41.599998,42.080002,40.312870,4657000
2025-04-03,41.660000,42.060001,40.759998,40.820000,39.105778,11584800
2025-04-04,40.619999,40.619999,38.915001,38.959999,37.323887,15419700
2025-04-07,38.299999,39.480000,37.169998,38.020000,36.423363,25297200
2025-04-08,38.889999,38.985001,36.645000,37.080002,35.522839,16319500
2025-04-09,36.459999,39.384998,35.759998,39.209999,37.563385,27138900
2025-04-10,38.820000,39.250000,37.430000,38.380001,36.768246,19936700
2025-04-11,38.180000,39.009998,37.740002,38.919998,37.285564,10742800
2025-04-14,39.230000,40.000000,39.110001,39.779999,38.109447,6543600
2025-04-15,39.919998,40.150002,39.639999,39.840000,38.166927,4272300
2025-04-16,39.990002,40.349998,39.570000,39.820000,38.147770,6021900
2025-04-17,39.970001,40.778999,39.970001,40.450001,38.751316,4793500
2025-04-21,40.110001,40.200001,39.110001,39.610001,37.946590,4364300
2025-04-22,40.180000,40.610001,39.980000,40.419998,38.722572,4213200
2025-04-23,40.759998,41.230000,40.230000,40.470001,38.770477,8046200
2025-04-24,40.490002,40.904999,40.285000,40.590000,38.885437,5093400
2025-04-25,40.610001,40.759998,40.275002,40.529999,38.827957,4511000
2025-04-28,40.520000,40.889999,40.410000,40.779999,39.067455,4403400
2025-04-29,40.790001,41.290001,40.720001,41.110001,39.383602,4088100
2025-04-30,40.849998,41.450001,40.619999,41.299999,39.565620,5100700
2025-05-01,41.419998,41.770000,41.154999,41.419998,39.680576,6986300
2025-05-02,41.924999,42.060001,41.740002,41.930000,40.169159,4073900
2025-05-05,41.924999,42.105000,41.630001,41.880001,40.121262,3018300
2025-05-06,41.689999,41.924999,41.400002,41.590000,39.843441,2531600
2025-05-07,41.619999,41.917000,41.500000,41.560001,39.814701,3892500
2025-05-08,41.779999,41.799999,41.285000,41.360001,39.623096,3841000
2025-05-09,41.389999,41.749001,41.290001,41.610001,39.862598,2540300
2025-05-12,42.110001,42.139999,41.439999,41.650002,39.900921,5525700
2025-05-13,41.570000,41.669998,40.945000,41.090000,39.364445,6501800
2025-05-14,40.990002,40.990002,40.540001,40.740002,39.029137,4416300
2025-05-15,40.919998,41.505001,40.849998,41.490002,39.747643,4703800
2025-05-16,41.570000,42.029999,41.430000,42.009998,40.245800,3421200
2025-05-19,41.680000,42.134998,41.630001,42.099998,40.332016,3023400
2025-05-20,41.759998,42.009998,41.740002,41.880001,40.121262,2311800
2025-05-21,41.669998,41.759998,40.750000,40.770000,39.057877,3708700
2025-05-22,40.840000,40.869999,40.305000,40.630001,38.923756,3599300
2025-05-23,40.595001,40.759998,40.396999,40.639999,38.933334,3751400
2025-05-27,40.990002,41.426998,40.849998,41.310001,39.575199,3626800
2025-05-28,41.349998,41.349998,41.013000,41.310001,39.575199,3491900
2025-05-29,41.310001,41.860001,41.259998,41.689999,39.939240,4811800
2025-05-30,41.529999,41.840000,41.310001,41.730000,39.977562,6882700
2025-06-02,41.430000,41.805000,41.040001,41.790001,40.035042,4756500
2025-06-03,41.590000,41.700001,41.305000,41.639999,39.891342,6276900
2025-06-04,41.540001,41.939999,41.424999,41.770000,40.015881,2969700
2025-06-05,41.830002,41.974998,41.555000,41.759998,40.006302,5412000
2025-06-06,41.959999,42.110001,41.674999,41.880001,40.121262,3533600
2025-06-09,41.825001,42.134998,41.570000,41.860001,40.102097,4581000
2025-06-10,41.970001,42.240002,41.900002,42.230000,40.456566,4832800
2025-06-11,42.230000,42.419998,41.824001,42.000000,40.236225,4809300
2025-06-12,42.000000,42.299999,41.950001,42.230000,40.456566,4151500
2025-06-13,42.000000,42.169998,41.590000,41.889999,40.130840,6375700
2025-06-16,42.000000,42.419998,41.770000,41.930000,40.169159,6304400
2025-06-17,41.910000,42.020000,41.599998,41.759998,40.006302,5610100
2025-06-18,41.830002,42.150002,41.619999,41.840000,40.082939,5529900
2025-06-20,42.020000,42.224998,41.779999,41.830002,40.073364,5834600
2025-06-23,41.570000,42.105000,41.514999,42.060001,40.658203,6057900
2025-06-24,42.169998,42.415001,41.904999,42.259998,40.851528,5292600
2025-06-25,41.970001,42.060001,41.185001,41.230000,39.855858,10960100
2025-06-26,41.220001,41.230000,40.474998,40.970001,39.604527,14023700
2025-06-27,41.040001,41.529999,40.910000,41.119999,39.749527,6608200
2025-06-30,41.150002,41.470001,40.669998,41.419998,40.039524,6959500
2025-07-01,41.349998,42.000000,41.305000,41.700001,40.310200,9438400
2025-07-02,41.650002,41.855999,41.439999,41.779999,40.387527,6737400
2025-07-03,41.790001,41.965000,41.619999,41.799999,40.406857,5758100
2025-07-07,41.709999,42.049999,41.230000,41.480000,40.097523,6417800
2025-07-08,41.299999,41.597000,41.240002,41.419998,40.039524,5768600
2025-07-09,41.459999,41.520000,41.235001,41.400002,40.020195,4867800
2025-07-10,41.439999,41.889999,41.290001,41.610001,40.223194,6045300
2025-07-11,41.299999,41.680000,41.160000,41.570000,40.184525,5802500
2025-07-14,41.560001,41.869999,41.520000,41.849998,40.455196,7270600
2025-07-15,41.860001,41.910000,41.200001,41.310001,39.933193,6427500
2025-07-16,41.639999,41.794998,41.345001,41.759998,40.368195,8487900
2025-07-17,41.709999,41.889999,41.525002,41.720001,40.329529,7848700
2025-07-18,41.759998,41.985001,41.650002,41.840000,40.445526,5608100
2025-07-21,42.055000,42.290001,41.900002,42.000000,40.600201,5336600
2025-07-22,42.180000,42.785000,42.125000,42.730000,41.305862,6165500
2025-07-23,42.790001,42.910000,42.650002,42.849998,41.421867,5625700
2025-07-24,42.779999,42.955002,42.700001,42.790001,41.363865,6727900
2025-07-25,42.799999,42.840000,42.330002,42.790001,41.363865,4698000
2025-07-28,42.590000,42.669998,42.009998,42.049999,40.648529,4776600
2025-07-29,42.279999,42.790001,42.040001,42.750000,41.325195,9447100
2025-07-30,42.660000,42.770000,41.869999,42.150002,40.745201,9908200
2025-07-31,41.869999,42.099998,41.349998,41.410000,40.029861,10320700
2025-08-01,41.845001,41.869999,41.040001,41.290001,39.913860,9602600
2025-08-04,41.360001,41.759998,41.325001,41.639999,40.252197,6584500
2025-08-05,41.619999,41.895000,41.450001,41.779999,40.387527,6265300
2025-08-06,41.910000,41.910000,41.415001,41.430000,40.049198,7569500
2025-08-07,41.680000,41.680000,41.310001,41.590000,40.203861,6429600
2025-08-08,41.669998,41.709999,41.174999,41.250000,39.875191,7161600
2025-08-11,41.090000,41.290001,40.970001,41.009998,39.643188,6054800
2025-08-12,41.070000,41.160000,40.694000,41.080002,39.710861,8099800
2025-08-13,41.150002,41.400002,40.980000,41.349998,39.971859,4962700
2025-08-14,41.084999,41.139999,40.770000,41.060001,39.691528,7988300
2025-08-15,41.060001,41.465000,41.040001,41.330002,39.952526,5689600
2025-08-18,41.419998,41.419998,40.930000,40.939999,39.575523,4496900
2025-08-19,41.150002,41.689999,41.110001,41.669998,40.281193,6803400
2025-08-20,41.779999,42.189999,41.720001,41.830002,40.435863,7026700
2025-08-21,41.650002,41.849998,41.514999,41.680000,40.290867,5851800
2025-08-22,42.014999,42.584999,41.930000,42.340000,40.928867,6488900
2025-08-25,42.290001,42.430000,42.055000,42.130001,40.725864,6213400
2025-08-26,42.090000,42.200001,41.849998,42.009998,40.609859,4318200
2025-08-27,42.119999,42.349998,42.060001,42.189999,40.783863,5171300
2025-08-28,42.220001,42.230000,41.860001,42.080002,40.677536,4199700
2025-08-29,42.169998,42.330002,42.090000,42.310001,40.899864,4810600
2025-09-02,41.930000,42.020000,41.443001,41.590000,40.203861,8204200
2025-09-03,41.470001,41.665001,41.340000,41.480000,40.097523,5668000
2025-09-04,41.639999,41.830002,41.369999,41.759998,40.368195,5991100
2025-09-05,41.980000,42.389999,41.930000,42.180000,40.774197,5298300
2025-09-08,41.660000,41.919998,41.549999,41.900002,40.503529,7678500
2025-09-09,41.724998,41.889999,41.661999,41.880001,40.484196,4308300
2025-09-10,41.889999,42.180000,41.790001,41.860001,40.464859,4006500
2025-09-11,41.919998,42.619999,41.915001,42.540001,41.122196,3604900
2025-09-12,42.419998,42.580002,42.310001,42.349998,40.938530,2515100
2025-09-15,42.400002,42.560001,42.185001,42.299999,40.890198,3844000
2025-09-16,42.259998,42.389999,41.970001,42.049999,40.648529,5432500
2025-09-17,42.169998,42.650002,41.990002,42.029999,40.629196,7312900
2025-09-18,42.044998,42.259998,41.945000,42.060001,40.658203,5162000
2025-09-19,42.099998,42.174999,41.849998,41.849998,40.455196,5331000
2025-09-22,41.549999,41.759998,41.330002,41.669998,40.588638,4786500
2025-09-23,41.689999,42.064999,41.680000,42.000000,40.910080,3002000
2025-09-24,41.959999,41.959999,41.560001,41.570000,40.491234,3990500
2025-09-25,41.619999,41.764999,41.445000,41.470001,40.393833,3559500
2025-09-26,41.610001,41.966000,41.514999,41.880001,40.793194,3436200
2025-09-29,41.919998,42.049999,41.740002,41.959999,40.871113,3891100
2025-09-30,42.020000,42.160000,41.810001,42.130001,41.036705,3940800
2025-10-01,42.110001,42.334999,42.009998,42.130001,41.036705,6818800
2025-10-02,42.000000,42.040001,41.689999,41.910000,40.822411,6391600
2025-10-03,41.959999,42.395000,41.959999,42.080002,40.988003,4820800
2025-10-06,42.095001,42.099998,41.630001,41.660000,40.578899,4921700
2025-10-07,41.709999,41.709999,41.345001,41.529999,40.452271,5191500
2025-10-08,41.305000,41.480000,41.230000,41.320000,40.247723,6809300
2025-10-09,41.415001,41.450001,41.025002,41.130001,40.062653,4517100
2025-10-10,41.209999,41.310001,40.619999,40.680000,39.624332,10153200
2025-10-13,40.689999,40.945999,40.610001,40.910000,39.848366,6720700
2025-10-14,40.849998,41.349998,40.779999,41.299999,40.228241,7769100
2025-10-15,41.430000,42.020000,41.410000,41.900002,40.812672,7393900
2025-10-16,41.990002,42.150002,41.730000,41.770000,40.686047,9443200
2025-10-17,41.799999,42.098999,41.630001,42.040001,40.949039,9458500
2025-10-20,42.287998,42.490002,42.150002,42.480000,41.377621,4826100
2025-10-21,42.380001,42.596001,42.244999,42.349998,41.250992,6887700
2025-10-22,42.540001,42.610001,42.290001,42.540001,41.436062,7755300
2025-10-23,42.590000,42.720001,42.105000,42.500000,41.397102,9446300
2025-10-24,42.720001,42.880001,42.639999,42.650002,41.543213,7820300
2025-10-27,42.669998,42.776001,42.450001,42.740002,41.630878,6851400
2025-10-28,42.535000,42.610001,41.770000,41.790001,40.705528,17438000
2025-10-29,41.349998,41.520000,40.529999,40.650002,39.595116,13140800
2025-10-30,40.674999,41.139999,40.580002,40.880001,39.819145,14353400
2025-10-31,40.580002,41.058998,40.490002,40.900002,39.838627,9788100
2025-11-03,40.480000,40.869999,40.279999,40.830002,39.770439,10847400
2025-11-04,40.930000,41.005001,40.740002,40.939999,39.877583,8413000
2025-11-05,41.060001,41.119999,40.705002,40.930000,39.867844,6925600
2025-11-06,40.869999,41.044998,40.700001,40.730000,39.673031,8171900
2025-11-07,40.919998,41.290001,40.799999,41.270000,40.199020,7674200
2025-11-10,41.189999,41.404999,40.950001,41.240002,40.169800,6823600
2025-11-11,41.320000,41.715000,41.310001,41.700001,40.617867,5743700
2025-11-12,41.480000,41.645000,41.365002,41.369999,40.296425,5801500
2025-11-13,41.180000,41.320000,40.775002,40.830002,39.770439,8032500
2025-11-14,41.009998,41.029999,40.709999,40.950001,39.887325,6434600
2025-11-17,41.099998,41.110001,40.560001,40.680000,39.624332,5861900
2025-11-18,40.720001,40.955002,40.540001,40.830002,39.770439,6634200
2025-11-19,40.849998,40.849998,40.380001,40.509998,39.458740,7201800
2025-11-20,40.830002,40.980000,40.355000,40.369999,39.322372,7477000
2025-11-21,40.650002,41.080002,40.439999,40.900002,39.838627,7858600
2025-11-24,40.939999,41.035000,40.630001,40.959999,39.897064,6796900
2025-11-25,41.070000,41.459999,41.040001,41.290001,40.218502,5898100
2025-11-26,41.169998,41.685001,41.160000,41.470001,40.393833,6814100
2025-11-28,41.480000,41.785000,41.419998,41.669998,40.588638,3771900
2025-12-01,41.230000,41.389999,41.075001,41.090000,40.023697,6008700
2025-12-02,41.240002,41.250000,40.834999,40.990002,39.926289,5411600
2025-12-03,40.939999,41.169998,40.863998,41.070000,40.004211,4501400
2025-12-04,40.990002,41.290001,40.939999,41.000000,39.936028,7427000
2025-12-05,40.990002,41.195000,40.884998,40.990002,39.926289,4553300
2025-12-08,40.970001,41.005001,40.709999,40.740002,39.682774,6046300
2025-12-09,40.840000,41.084999,40.470001,40.500000,39.449005,6325000
2025-12-10,40.610001,40.877998,40.534000,40.580002,39.526928,7956300
2025-12-11,40.669998,40.924999,40.619999,40.799999,39.741215,10300400
2025-12-12,40.970001,41.119999,40.605000,40.750000,39.692513,7441900
2025-12-15,40.980000,40.985001,40.615002,40.910000,39.848366,7820400
2025-12-16,40.950001,41.020000,40.500999,40.549999,39.497704,7722200
2025-12-17,40.555000,40.869999,40.540001,40.730000,39.673031,8811800
2025-12-18,40.880001,40.990002,40.430000,40.480000,39.429520,9482100
2025-12-19,40.369999,40.616001,40.314999,40.330002,39.283417,8338000
2025-12-22,39.849998,40.240002,39.724998,40.189999,39.574879,6797800
2025-12-23,40.230000,40.230000,39.994999,40.180000,39.565037,8384200
2025-12-24,40.200001,40.509998,40.200001,40.439999,39.821056,3242600
2025-12-26,40.349998,40.540001,40.308998,40.520000,39.899834,5973000
2025-12-29,40.689999,40.740002,40.520000,40.630001,40.008152,9519300
2025-12-30,40.630001,40.740002,40.560001,40.720001,40.096775,7967100
2025-12-31,40.680000,40.689999,40.340000,40.349998,39.732433,6082600
2026-01-02,40.340000,40.505001,40.049999,40.380001,39.761978,9211900
2026-01-05,40.244999,40.599998,40.049999,40.430000,39.811211,12232000
2026-01-06,40.259998,40.830002,40.240002,40.700001,40.077080,9052600
2026-01-07,40.880001,40.990002,40.130001,40.139999,39.525646,12482300
2026-01-08,39.990002,40.634998,39.900002,40.439999,39.821056,8785000
2026-01-09,40.410000,40.755001,40.410000,40.500000,39.880142,7050200
2026-01-12,40.549999,40.820000,40.455002,40.619999,39.998299,8398900
2026-01-13,40.610001,40.974998,40.250000,40.930000,40.303555,8778300
2026-01-14,40.900002,41.395000,40.900002,41.389999,40.756516,9738100
2026-01-15,41.540001,41.849998,41.445000,41.700001,41.061775,23308300
2026-01-16,41.610001,42.340000,41.540001,42.209999,41.563969,9540900
2026-01-20,41.930000,42.000000,41.360001,41.400002,40.766365,9263900
2026-01-21,41.650002,41.759998,41.215000,41.549999,40.914070,9950200
2026-01-22,41.560001,41.685001,41.119999,41.139999,40.510342,9731900
2026-01-23,41.130001,41.330002,40.930000,41.250000,40.618660,7587100
2026-01-26,41.410000,41.514999,41.189999,41.220001,40.589119,6462100
2026-01-27,41.290001,41.349998,41.070000,41.250000,40.618660,6453200
2026-01-28,41.235001,41.369999,40.744999,40.849998,40.224781,8519200
2026-01-29,41.049999,41.450001,40.840000,41.369999,40.736820,8650900
2026-01-30,41.310001,41.439999,40.888000,41.430000,40.795906,10617900
2026-02-02,41.500000,41.584999,40.950001,40.959999,40.333096,9386900
2026-02-03,40.869999,41.080002,40.529999,40.810001,40.185398,8709700
2026-02-04,41.049999,41.645000,40.900002,41.459999,40.825443,9573700
2026-02-05,41.340000,41.505001,40.994999,41.230000,40.598965,9894800
2026-02-06,41.580002,42.044998,41.470001,41.990002,41.347336,8181400
2026-02-09,41.919998,42.279999,41.689999,42.250000,41.603352,5638900
2026-02-10,42.275002,42.945000,42.220001,42.840000,42.184326,10547700
2026-02-11,42.939999,43.070000,42.720001,42.799999,42.144936,13760200
2026-02-12,43.330002,43.750000,42.860001,42.869999,42.213867,17848900
2026-02-13,43.035000,43.660000,42.869999,43.500000,42.834225,10767600
2026-02-17,43.650002,43.965000,43.410000,43.939999,43.267487,9757700
2026-02-18,43.820000,43.924999,43.244999,43.349998,42.686520,10995700
2026-02-19,43.290001,43.544998,43.009998,43.200001,42.538815,6655300
2026-02-20,43.250000,43.560001,43.154999,43.560001,42.893303,7468400
2026-02-23,43.509998,43.950001,43.439999,43.610001,42.942543,8647500
2026-02-24,43.520000,43.794998,43.439999,43.730000,43.060699,10590000
2026-02-25,43.689999,43.799999,43.330002,43.439999,42.775143,8744800
2026-02-26,43.660000,43.720001,43.415001,43.630001,42.962234,8774100
2026-02-27,43.549999,44.025002,43.514999,43.840000,43.169022,10826300
2026-03-02,43.560001,44.070000,43.369999,43.919998,43.247795,13308300
2026-03-03,43.310001,43.849998,42.919998,43.700001,43.031166,12288100
2026-03-04,43.549999,43.805000,43.264999,43.759998,43.090240,7850700
2026-03-05,43.279999,43.400002,42.950001,43.340000,42.676670,9182400
2026-03-06,42.950001,43.000000,42.669998,42.889999,42.233559,11703200
2026-03-09,42.419998,43.125000,41.980000,42.980000,42.322182,10771000
2026-03-10,42.849998,43.294998,42.654999,42.919998,42.263100,10506900
2026-03-11,42.750000,42.779999,42.290001,42.410000,41.760906,7164700
2026-03-12,42.070000,42.430000,41.980000,42.139999,41.495037,6487100
2026-03-13,42.610001,42.709999,42.200001,42.250000,41.603352,7916200
2026-03-16,42.560001,42.859001,42.490002,42.580002,41.928307,9002800
2026-03-17,42.939999,43.060001,42.680000,42.720001,42.066162,5654600
2026-03-18,42.549999,42.584999,41.990002,42.020000,41.376873,6351100
2026-03-19,41.910000,42.090000,41.654999,41.919998,41.278404,9645500
2026-03-20,41.849998,41.939999,40.410000,40.590000,39.968761,15901300
2026-03-23,40.919998,41.110001,40.590000,40.619999,40.267143,15314800
2026-03-24,40.419998,40.730000,40.220001,40.290001,39.940014,9942800
2026-03-25,40.459999,40.580002,40.090000,40.270000,39.920185,9903600
2026-03-26,40.189999,40.599998,40.029999,40.290001,39.940014,14478400
2026-03-27,40.220001,40.450001,39.939999,40.009998,39.662441,6122400
2026-03-30,40.459999,40.750000,40.040001,40.209999,39.860706,12617000
2026-03-31,40.689999,41.139999,40.355000,40.830002,40.475323,13395200
2026-04-01,40.869999,41.125000,40.750000,40.950001,40.594280,11565600
2026-04-02,40.889999,41.689999,40.700001,41.610001,41.248547,7354700
2026-04-06,41.520000,41.869999,41.404999,41.759998,41.397240,5149600
2026-04-07,41.590000,41.875000,41.355000,41.720001,41.357590,5421400
2026-04-08,42.310001,42.514999,42.119999,42.439999,42.071335,5836500
2026-04-09,42.290001,43.110001,42.230000,42.730000,42.358814,5202000
2026-04-10,42.770000,42.959999,42.615002,42.820000,42.448036,4989700
2026-04-13,42.660000,43.035000,42.549999,43.020000,42.646297,4079300
2026-04-14,42.970001,43.474998,42.855000,43.430000,43.052734,4873600
2026-04-15,43.345001,43.424999,43.130001,43.410000,43.032909,3029500
2026-04-16,43.529999,43.830002,43.470001,43.810001,43.429436,4316700
2026-04-17,43.930000,44.560001,43.880001,44.480000,44.093613,3840300
2026-04-20,44.400002,44.650002,44.321999,44.639999,44.252224,3628800
2026-04-21,44.580002,44.645000,43.750000,43.779999,43.399693,5080900
2026-04-22,43.910000,44.139999,43.299999,43.459999,43.082474,5116300
2026-04-23,43.650002,44.009998,43.500000,43.959999,43.578133,4159300
2026-04-24,44.000000,44.180000,43.799999,43.830002,43.449265,3581000
2026-04-27,43.660000,43.970001,43.430000,43.490002,43.112217,4082400
2026-04-28,43.750000,43.950001,43.325001,43.910000,43.528564,6136400
2026-04-29,43.750000,44.029999,43.480000,43.639999,43.260910,9108500
2026-04-30,43.540001,44.474998,43.500000,44.400002,44.014313,7471300
2026-05-01,44.490002,44.575001,44.169998,44.320000,43.935005,7212400
2026-05-04,44.160000,44.439999,43.900002,44.080002,43.697090,4220400
2026-05-05,44.119999,44.270000,43.849998,44.169998,43.786304,5810800
2026-05-06,44.439999,44.910000,44.415001,44.740002,44.351357,5308700
2026-05-07,44.564999,44.740002,44.174999,44.400002,44.014313,6956200
2026-05-08,44.520000,44.720001,44.384998,44.410000,44.024223,3267100
2026-05-11,44.389999,44.810001,44.389999,44.570000,44.182831,4172300
2026-05-12,44.520000,44.689999,44.275002,44.580002,44.192749,5022400
2026-05-13,44.230000,44.419998,43.935001,44.209999,43.825958,5242500
2026-05-14,44.330002,44.384998,43.869999,43.910000,43.528564,4745800
2026-05-15,43.810001,43.840000,43.169998,43.230000,42.854473,4936600
2026-05-18,43.290001,43.785000,43.290001,43.750000,43.369957,6060900
2026-05-19,43.715000,44.035000,43.509998,43.939999,43.558304,4328300
2026-05-20,43.860001,44.450001,43.860001,44.430000,44.044048,3861400
2026-05-21,44.270000,44.540001,43.985001,44.500000,44.113441,3567800
2026-05-22,44.630001,44.820000,44.279999,44.560001,44.172920,3829700
2026-05-26,44.770000,44.904999,44.549999,44.709999,44.321617,4320200
2026-05-27,44.740002,44.985001,44.599998,44.630001,44.242313,3436100
2026-05-28,44.529999,44.755001,44.305000,44.410000,44.024223,3274000
2026-05-29,44.310001,44.349998,43.825001,43.990002,43.607872,6642300
2026-06-01,43.720001,43.814999,43.270000,43.270000,42.894127,6478200
2026-06-02,43.299999,43.509998,43.075001,43.490002,43.112217,6160600
2026-06-03,43.380001,43.965000,43.320000,43.509998,43.132038,5665400
2026-06-04,44.160000,44.430000,43.785000,44.400002,44.014313,5184700
2026-06-05,44.330002,45.049999,44.209999,44.700001,44.311703,5326500
2026-06-08,44.689999,44.830002,43.945000,44.029999,43.647522,4974500
2026-06-09,44.279999,45.189999,44.189999,44.970001,44.579361,5556000
2026-06-10,45.110001,45.270000,44.990002,44.990002,44.599186,4560100
2026-06-11,45.060001,45.240002,44.724998,44.919998,44.529789,5514100
2026-06-12,45.040001,45.520000,45.020000,45.360001,44.965969,4002500
2026-06-15,45.314999,45.650002,44.869999,44.990002,44.599186,5283800
2026-06-16,45.209999,45.459999,44.959999,45.099998,44.708229,4003900
2026-06-17,44.959999,45.055000,43.845001,43.970001,43.588047,11440200
2026-06-18,44.380001,44.380001,43.830002,43.860001,43.479000,5730700
2026-06-22,43.669998,44.224998,43.480000,44.020000,44.020000,4444100
2026-06-23,44.130001,44.716999,44.090000,44.639999,44.639999,4137600
2026-06-24,44.779999,44.880001,44.285000,44.509998,44.509998,5158800
2026-06-25,44.700001,44.775002,44.119999,44.590000,44.590000,5642900
2026-06-26,44.889999,45.290001,44.779999,45.240002,45.240002,5422100
2026-06-29,45.139999,45.195000,44.549999,44.919998,44.919998,5151100
2026-06-30,44.375000,44.520000,43.985001,44.029999,44.029999,9117300
2026-07-01,44.040001,44.540001,44.014999,44.180000,44.180000,8072900
2026-07-02,44.369999,44.689999,44.299999,44.680000,44.680000,5502500
2026-07-06,44.730000,44.779999,44.099998,44.290001,44.290001,7036500
2026-07-07,44.525002,45.125000,44.480000,44.889999,44.889999,4836400
2026-07-08,44.849998,44.849998,44.115002,44.150002,44.150002,3957300
2026-07-09,44.200001,44.470001,44.080002,44.230000,44.230000,2959200
2026-07-10,44.480000,44.560001,44.049999,44.450001,44.450001,3608200
2026-07-13,44.610001,44.955002,44.500000,44.700001,44.700001,4213900
2026-07-14,44.750000,44.794998,44.384998,44.480000,44.480000,3944400
2026-07-15,44.610001,45.040001,44.400002,44.560001,44.560001,4562500
2026-07-16,44.709999,45.514999,44.669998,45.459999,45.459999,4227700
2026-07-17,45.680000,45.955002,45.224998,45.419998,45.419998,3903300
2026-07-20,45.334999,45.509998,45.060001,45.230000,45.230000,3255300
2026-07-21,45.279999,45.365002,45.035000,45.200001,45.200001,3067941
