Date,Open,High,Low,Close,AdjClose,Volume
2005-01-03,13.900000,14.025000,13.740000,13.765000,6.583831,4052800
2005-01-04,13.750000,13.825000,13.650000,13.670000,6.538391,2575200
2005-01-05,13.700000,13.700000,13.455000,13.455000,6.435555,2863800
2005-01-06,13.450000,13.565000,13.450000,13.525000,6.469040,1544400
2005-01-07,13.625000,13.670000,13.505000,13.525000,6.469040,735600
2005-01-10,13.485000,13.640000,13.485000,13.595000,6.502520,4130400
2005-01-11,13.550000,13.605000,13.470000,13.555000,6.483389,724600
2005-01-12,13.540000,13.620000,13.470000,13.595000,6.502520,394400
2005-01-13,13.640000,13.770000,13.605000,13.660000,6.533610,1750400
2005-01-14,13.760000,13.810000,13.640000,13.775000,6.588614,1598200
2005-01-18,13.750000,13.905000,13.675000,13.895000,6.646012,1188400
2005-01-19,13.950000,13.950000,13.835000,13.835000,6.617313,2247200
2005-01-20,13.735000,13.880000,13.735000,13.790000,6.595788,1616000
2005-01-21,13.735000,13.840000,13.730000,13.735000,6.569485,6548800
2005-01-24,13.790000,13.920000,13.735000,13.855000,6.626876,1772800
2005-01-25,13.860000,13.935000,13.755000,13.775000,6.588614,2205400
2005-01-26,13.800000,13.990000,13.775000,13.975000,6.684273,2795200
2005-01-27,14.020000,14.065000,13.890000,14.045000,6.717755,2358000
2005-01-28,13.955000,14.060000,13.925000,14.060000,6.724927,740000
2005-01-31,14.120000,14.220000,14.085000,14.220000,6.801458,1918400
2005-02-01,14.250000,14.350000,14.190000,14.315000,6.846895,3780000
2005-02-02,14.435000,14.435000,14.315000,14.370000,6.873202,3402800
2005-02-03,14.435000,14.435000,14.270000,14.410000,6.892334,3504400
2005-02-04,14.500000,14.590000,14.450000,14.550000,6.959300,1476000
2005-02-07,14.650000,14.675000,14.500000,14.520000,6.944950,1742800
2005-02-08,14.610000,14.625000,14.540000,14.605000,6.985605,2912600
2005-02-09,14.595000,14.620000,14.520000,14.520000,6.944950,3361400
2005-02-10,14.535000,14.615000,14.500000,14.535000,6.952123,7394800
2005-02-11,14.625000,14.670000,14.465000,14.545000,6.956906,5149200
2005-02-14,14.640000,14.705000,14.515000,14.675000,7.019087,2036400
2005-02-15,14.775000,14.775000,14.630000,14.650000,7.007126,1690200
2005-02-16,14.700000,14.730000,14.550000,14.690000,7.026261,2099200
2005-02-17,14.790000,14.790000,14.620000,14.660000,7.011910,2468200
2005-02-18,14.615000,14.620000,14.460000,14.505000,6.937776,2133800
2005-02-22,14.525000,14.525000,14.125000,14.160000,6.772759,8505200
2005-02-23,14.215000,14.305000,14.200000,14.235000,6.808631,3474400
2005-02-24,14.275000,14.365000,14.210000,14.345000,6.861245,3999200
2005-02-25,14.400000,14.670000,14.350000,14.625000,6.995170,7096200
2005-02-28,14.660000,14.690000,14.470000,14.525000,6.947344,3939400
2005-03-01,14.550000,14.665000,14.500000,14.565000,6.966473,2960200
2005-03-02,14.625000,14.640000,14.480000,14.550000,6.959300,5140800
2005-03-03,14.625000,14.660000,14.500000,14.625000,6.995170,4624600
2005-03-04,14.720000,14.875000,14.650000,14.855000,7.105177,3420400
2005-03-07,14.875000,14.990000,14.875000,14.960000,7.155403,2259000
2005-03-08,14.985000,14.985000,14.820000,14.860000,7.107569,3523800
2005-03-09,14.935000,14.935000,14.580000,14.595000,6.980825,7904600
2005-03-10,14.625000,14.735000,14.515000,14.690000,7.026261,4798600
2005-03-11,14.700000,14.770000,14.590000,14.625000,6.995170,3512800
2005-03-14,14.635000,14.860000,14.605000,14.850000,7.102792,1106600
2005-03-15,14.855000,14.960000,14.785000,14.785000,7.071702,5102200
2005-03-16,14.775000,14.825000,14.575000,14.650000,7.007126,7517600
2005-03-17,14.675000,14.780000,14.660000,14.735000,7.047783,1667200
2005-03-18,14.725000,14.725000,14.485000,14.580000,7.026580,2703800
2005-03-21,14.650000,14.650000,14.535000,14.575000,7.024168,1853800
2005-03-22,14.590000,14.635000,14.265000,14.280000,6.881997,7424200
2005-03-23,14.290000,14.290000,14.065000,14.210000,6.848265,13146000
2005-03-24,14.275000,14.420000,14.250000,14.360000,6.920554,4757400
2005-03-28,14.450000,14.485000,14.370000,14.385000,6.932605,1636000
2005-03-29,14.450000,14.450000,14.185000,14.205000,6.845852,2611400
2005-03-30,14.290000,14.435000,14.210000,14.435000,6.956697,2348600
2005-03-31,14.490000,14.595000,14.350000,14.575000,7.024168,1538600
2005-04-01,14.700000,14.750000,14.510000,14.625000,7.048265,3409600
2005-04-04,14.745000,14.745000,14.530000,14.665000,7.067539,3349000
2005-04-05,14.650000,14.760000,14.635000,14.750000,7.108507,2446000
2005-04-06,14.790000,14.845000,14.700000,14.705000,7.086819,1521200
2005-04-07,14.750000,14.860000,14.720000,14.840000,7.151885,2021000
2005-04-08,14.900000,14.900000,14.695000,14.725000,7.096460,2119600
2005-04-11,14.815000,14.910000,14.710000,14.870000,7.166341,2937000
2005-04-12,14.950000,15.050000,14.735000,15.010000,7.233810,1536200
2005-04-13,15.050000,15.050000,14.880000,14.905000,7.183210,1356400
2005-04-14,14.855000,14.905000,14.750000,14.765000,7.115737,1567800
2005-04-15,14.720000,14.815000,14.480000,14.505000,6.990436,2339800
2005-04-18,14.495000,14.630000,14.400000,14.560000,7.016939,1978800
2005-04-19,14.600000,14.775000,14.500000,14.765000,7.115737,1609600
2005-04-20,14.800000,14.800000,14.630000,14.635000,7.053083,1558800
2005-04-21,14.555000,14.815000,14.555000,14.765000,7.115737,7696400
2005-04-22,14.825000,14.875000,14.740000,14.860000,7.161517,3618000
2005-04-25,14.950000,14.985000,14.875000,14.960000,7.209715,1294600
2005-04-26,14.990000,14.990000,14.770000,14.770000,7.118146,2495800
2005-04-27,14.850000,14.950000,14.660000,14.880000,7.171160,1151400
2005-04-28,14.945000,14.950000,14.765000,14.815000,7.139836,4466000
2005-04-29,14.775000,15.030000,14.775000,15.025000,7.241038,1881000
2005-05-02,15.110000,15.150000,15.020000,15.065000,7.260318,2191400
2005-05-03,15.150000,15.150000,14.945000,14.990000,7.224174,4590600
2005-05-04,15.090000,15.090000,14.895000,15.005000,7.231398,2991400
2005-05-05,15.100000,15.100000,14.805000,14.945000,7.202485,2096200
2005-05-06,14.900000,14.995000,14.895000,14.910000,7.185616,2999200
2005-05-09,14.910000,15.040000,14.815000,15.035000,7.245856,6276200
2005-05-10,15.050000,15.050000,14.910000,14.925000,7.192846,1676200
2005-05-11,15.000000,15.020000,14.855000,14.995000,7.226579,1370600
2005-05-12,15.040000,15.040000,14.820000,14.825000,7.144650,1563000
2005-05-13,14.780000,14.975000,14.350000,14.585000,7.028988,4103000
2005-05-16,14.590000,14.680000,14.510000,14.680000,7.074772,5991000
2005-05-17,14.750000,14.870000,14.630000,14.850000,7.156703,1534400
2005-05-18,14.945000,14.980000,14.840000,14.855000,7.159108,2534800
2005-05-19,14.910000,14.960000,14.850000,14.940000,7.200074,978400
2005-05-20,14.755000,14.960000,14.755000,14.935000,7.197666,1737000
2005-05-23,14.860000,14.935000,14.825000,14.880000,7.171160,1258400
2005-05-24,14.890000,14.925000,14.825000,14.880000,7.171160,904400
2005-05-25,14.915000,14.940000,14.835000,14.920000,7.190436,797600
2005-05-26,14.860000,14.995000,14.860000,14.960000,7.209715,1760600
2005-05-27,14.960000,15.035000,14.925000,15.020000,7.238628,2850200
2005-05-31,15.060000,15.115000,14.975000,15.015000,7.236220,3087000
2005-06-01,15.070000,15.280000,15.025000,15.210000,7.330196,4260200
2005-06-02,15.250000,15.250000,15.175000,15.190000,7.320557,2777000
2005-06-03,15.210000,15.270000,15.110000,15.240000,7.344656,2327800
2005-06-06,15.250000,15.250000,15.150000,15.225000,7.337424,1858400
2005-06-07,15.225000,15.430000,15.225000,15.260000,7.354292,6210600
2005-06-08,15.300000,15.390000,15.255000,15.290000,7.368751,2055400
2005-06-09,15.275000,15.305000,15.175000,15.305000,7.375981,1989000
2005-06-10,15.295000,15.410000,15.285000,15.360000,7.402488,2473200
2005-06-13,15.400000,15.450000,15.295000,15.425000,7.433813,956400
2005-06-14,15.440000,15.530000,15.410000,15.465000,7.453090,2369600
2005-06-15,15.455000,15.500000,15.300000,15.390000,7.416944,1037800
2005-06-16,15.475000,15.475000,15.280000,15.365000,7.404899,2318200
2005-06-17,15.360000,15.475000,15.285000,15.435000,7.499397,1842400
2005-06-20,15.470000,15.475000,15.325000,15.465000,7.513977,2707800
2005-06-21,15.425000,15.515000,15.425000,15.485000,7.523694,1493200
2005-06-22,15.960000,15.960000,15.450000,15.625000,7.591712,3799000
2005-06-23,15.650000,15.750000,15.590000,15.670000,7.613576,2717600
2005-06-24,15.700000,15.720000,15.545000,15.560000,7.560131,1816600
2005-06-27,15.595000,15.660000,15.510000,15.655000,7.606292,1812800
2005-06-28,15.720000,15.815000,15.655000,15.810000,7.681599,2219600
2005-06-29,15.890000,15.890000,15.720000,15.765000,7.659732,4702600
2005-06-30,15.830000,15.910000,15.765000,15.780000,7.667023,4616400
2005-07-01,15.855000,15.945000,15.785000,15.925000,7.737472,1279200
2005-07-05,15.910000,16.014999,15.835000,15.955000,7.752050,2177800
2005-07-06,15.955000,16.004999,15.685000,15.685000,7.620865,2426600
2005-07-07,15.580000,15.835000,15.500000,15.810000,7.681599,4351600
2005-07-08,15.840000,15.995000,15.800000,15.995000,7.771484,2970600
2005-07-11,16.049999,16.115000,15.995000,16.084999,7.815213,2863400
2005-07-12,16.174999,16.190001,16.055000,16.129999,7.837075,3862200
2005-07-13,16.170000,16.209999,16.115000,16.174999,7.858941,3888000
2005-07-14,16.270000,16.299999,15.925000,16.014999,7.781204,3005400
2005-07-15,16.014999,16.075001,15.950000,16.010000,7.778775,2163600
2005-07-18,16.010000,16.045000,15.965000,16.000000,7.773914,2093200
2005-07-19,16.004999,16.049999,15.935000,16.014999,7.781204,2161200
2005-07-20,16.045000,16.110001,15.910000,16.100000,7.822502,1889200
2005-07-21,16.125000,16.125000,15.750000,15.810000,7.681599,7560600
2005-07-22,15.765000,15.970000,15.765000,15.900000,7.725327,2408200
2005-07-25,16.010000,16.080000,15.905000,15.905000,7.727757,2857200
2005-07-26,15.985000,16.035000,15.915000,15.960000,7.754481,6289600
2005-07-27,16.025000,16.055000,15.945000,16.030001,7.788487,7921200
2005-07-28,16.045000,16.139999,15.960000,16.129999,7.837075,5216200
2005-07-29,16.230000,16.230000,16.115000,16.135000,7.839506,6117800
2005-08-01,16.225000,16.245001,15.900000,15.925000,7.737472,3935800
2005-08-02,15.975000,16.295000,15.950000,16.295000,7.917247,6515000
2005-08-03,16.295000,16.500000,16.195000,16.340000,7.939108,10550600
2005-08-04,16.400000,16.400000,16.205000,16.235001,7.888094,3349600
2005-08-05,16.230000,16.230000,15.855000,15.955000,7.752050,5554600
2005-08-08,15.940000,16.025000,15.585000,15.630000,7.594143,13951600
2005-08-09,15.650000,15.795000,15.650000,15.795000,7.674312,4979800
2005-08-10,15.750000,16.040001,15.715000,15.790000,7.671885,5640600
2005-08-11,15.850000,15.950000,15.735000,15.885000,7.718040,2047800
2005-08-12,15.880000,15.920000,15.750000,15.870000,7.710750,3078000
2005-08-15,15.895000,15.945000,15.830000,15.930000,7.739905,2146000
2005-08-16,15.885000,15.945000,15.680000,15.680000,7.618434,4025400
2005-08-17,15.725000,15.725000,15.520000,15.665000,7.611151,4702400
2005-08-18,15.600000,15.750000,15.530000,15.725000,7.640301,3405000
2005-08-19,15.835000,15.835000,15.745000,15.820000,7.686459,1862200
2005-08-22,15.835000,15.965000,15.800000,15.925000,7.737472,2365600
2005-08-23,15.960000,16.090000,15.935000,16.055000,7.800636,6001600
2005-08-24,16.094999,16.209999,15.950000,15.980000,7.764199,3380800
2005-08-25,16.190001,16.190001,16.004999,16.100000,7.822502,2616000
2005-08-26,16.105000,16.150000,16.004999,16.075001,7.810356,1742800
2005-08-29,16.025000,16.165001,15.935000,16.139999,7.841937,3239200
2005-08-30,16.100000,16.174999,15.985000,16.115000,7.829791,1763800
2005-08-31,16.129999,16.280001,16.090000,16.240000,7.890524,4233200
2005-09-01,16.200001,16.520000,16.200001,16.495001,8.014421,5161400
2005-09-02,16.510000,16.575001,16.455000,16.500000,8.016850,3962600
2005-09-06,16.600000,16.740000,16.559999,16.655001,8.092156,4060600
2005-09-07,16.665001,16.700001,16.565001,16.665001,8.097020,3086800
2005-09-08,16.680000,16.690001,16.485001,16.520000,8.026565,3081600
2005-09-09,16.575001,16.760000,16.549999,16.715000,8.121307,6849800
2005-09-12,16.795000,16.875000,16.610001,16.700001,8.114025,2375400
2005-09-13,16.760000,16.760000,16.555000,16.555000,8.043575,3511800
2005-09-14,16.600000,16.690001,16.549999,16.615000,8.072723,1405800
2005-09-15,16.715000,16.785000,16.700001,16.770000,8.148036,3383400
2005-09-16,16.750000,16.799999,16.594999,16.795000,8.221712,3313600
2005-09-19,16.805000,16.885000,16.730000,16.745001,8.197232,2119800
2005-09-20,16.790001,16.834999,16.639999,16.680000,8.165410,2863800
2005-09-21,16.670000,16.700001,16.250000,16.389999,8.023449,5385800
2005-09-22,16.309999,16.360001,16.190001,16.299999,7.979387,4635400
2005-09-23,16.305000,16.365000,16.225000,16.340000,7.998973,3701400
2005-09-26,16.440001,16.510000,16.370001,16.475000,8.065057,1440400
2005-09-27,16.475000,16.530001,16.340000,16.480000,8.067506,2001600
2005-09-28,16.580000,16.684999,16.520000,16.650000,8.150726,3179800
2005-09-29,16.610001,16.885000,16.580000,16.815001,8.231502,3830600
2005-09-30,16.825001,16.889999,16.730000,16.799999,8.224156,2996600
2005-10-03,16.900000,16.995001,16.780001,16.990000,8.317167,5137600
2005-10-04,16.850000,17.025000,16.665001,16.695000,8.172755,5837200
2005-10-05,16.650000,16.750000,16.180000,16.209999,7.935333,8687400
2005-10-06,16.150000,16.219999,15.725000,15.995000,7.830082,15069600
2005-10-07,16.030001,16.165001,15.960000,16.135000,7.898616,3483800
2005-10-10,16.270000,16.344999,15.800000,15.850000,7.759100,4345400
2005-10-11,15.900000,16.030001,15.845000,15.885000,7.776234,4506400
2005-10-12,15.820000,15.985000,15.535000,15.585000,7.629373,8781200
2005-10-13,15.450000,15.525000,15.135000,15.255000,7.467831,17077800
2005-10-14,15.300000,15.435000,15.230000,15.430000,7.553497,8394600
2005-10-17,15.330000,15.700000,15.330000,15.600000,7.636714,6898800
2005-10-18,15.690000,15.690000,15.265000,15.340000,7.509437,4659800
2005-10-19,15.300000,15.395000,15.065000,15.380000,7.529020,13618800
2005-10-20,15.275000,15.415000,14.895000,14.975000,7.330760,6448800
2005-10-21,14.850000,15.250000,14.505000,15.175000,7.428662,5301800
2005-10-24,15.070000,15.585000,15.070000,15.565000,7.619583,4865800
2005-10-25,15.475000,15.715000,15.430000,15.585000,7.629373,8672800
2005-10-26,15.650000,15.650000,15.355000,15.395000,7.536363,8892200
2005-10-27,15.310000,15.475000,15.205000,15.220000,7.450694,4434600
2005-10-28,15.135000,15.560000,15.135000,15.525000,7.600002,6898400
2005-10-31,15.720000,15.795000,15.575000,15.725000,7.697908,5210200
2005-11-01,15.775000,15.775000,15.400000,15.415000,7.546155,6676200
2005-11-02,15.360000,15.500000,15.255000,15.475000,7.575526,9907400
2005-11-03,15.405000,15.585000,15.390000,15.465000,7.570631,7871200
2005-11-04,15.450000,15.635000,15.410000,15.445000,7.560838,5804600
2005-11-07,15.800000,15.800000,15.355000,15.405000,7.541258,8340400
2005-11-08,15.325000,15.515000,15.300000,15.400000,7.538811,3496200
2005-11-09,15.325000,15.630000,15.325000,15.535000,7.604896,6465400
2005-11-10,15.505000,15.595000,15.265000,15.460000,7.568182,5773000
2005-11-11,15.450000,15.490000,15.250000,15.320000,7.499649,3694600
2005-11-14,15.250000,15.385000,15.205000,15.220000,7.450694,5521400
2005-11-15,15.300000,15.365000,15.150000,15.250000,7.465381,4649000
2005-11-16,15.235000,15.445000,15.230000,15.390000,7.533913,6909800
2005-11-17,15.405000,15.635000,15.405000,15.615000,7.644060,6213600
2005-11-18,15.640000,15.735000,15.415000,15.585000,7.629373,6402800
2005-11-21,15.625000,15.680000,15.550000,15.620000,7.646505,3569400
2005-11-22,15.650000,15.695000,15.540000,15.620000,7.646505,5947200
2005-11-23,15.660000,15.865000,15.605000,15.815000,7.741966,5802800
2005-11-25,15.820000,15.875000,15.805000,15.875000,7.771339,596800
2005-11-28,15.810000,15.900000,15.755000,15.815000,7.741966,3520000
2005-11-29,15.915000,15.985000,15.830000,15.855000,7.761549,3621000
2005-11-30,15.965000,15.970000,15.685000,15.700000,7.685671,4444400
2005-12-01,15.730000,16.174999,15.230000,15.760000,7.715039,3621600
2005-12-02,15.790000,15.805000,15.695000,15.785000,7.727278,3127600
2005-12-05,15.755000,15.865000,15.660000,15.775000,7.722383,8597400
2005-12-06,15.800000,15.850000,15.730000,15.730000,7.700356,1697600
2005-12-07,15.725000,15.830000,15.580000,15.655000,7.663642,3133600
2005-12-08,15.560000,15.870000,15.560000,15.820000,7.744414,2392800
2005-12-09,15.780000,16.020000,15.775000,16.000000,7.832532,2687600
2005-12-12,15.985000,16.059999,15.845000,15.850000,7.759100,4763000
2005-12-13,15.835000,16.084999,15.835000,16.084999,7.874140,2338600
2005-12-14,16.100000,16.290001,16.084999,16.264999,7.962257,3858800
2005-12-15,16.290001,16.365000,16.225000,16.299999,7.979387,6277600
2005-12-16,16.275000,16.375000,16.145000,16.155001,7.978897,1548000
2005-12-19,16.135000,16.184999,15.900000,15.940000,7.872709,4548800
2005-12-20,15.915000,16.010000,15.880000,15.965000,7.885056,2798400
2005-12-21,15.970000,16.080000,15.785000,15.820000,7.813436,6245200
2005-12-22,15.800000,15.910000,15.730000,15.890000,7.848011,2015400
2005-12-23,15.870000,15.960000,15.870000,15.920000,7.862829,1799600
2005-12-27,15.810000,15.920000,15.810000,15.890000,7.848011,4150000
2005-12-28,15.915000,15.925000,15.745000,15.810000,7.808503,12630000
2005-12-29,15.845000,15.865000,15.760000,15.780000,7.793687,2721000
2005-12-30,15.675000,15.750000,15.640000,15.695000,7.751701,4595200
2006-01-03,15.795000,16.040001,15.640000,16.000000,7.902345,7824400
2006-01-04,16.045000,16.059999,15.805000,16.025000,7.914690,9364800
2006-01-05,15.985000,16.100000,15.900000,15.920000,7.862829,3114000
2006-01-06,16.000000,16.094999,15.920000,16.090000,7.946791,1878200
2006-01-09,16.055000,16.084999,15.935000,15.990000,7.897403,4000400
2006-01-10,15.905000,16.049999,15.895000,16.014999,7.909750,4960600
2006-01-11,15.955000,16.045000,15.945000,15.990000,7.897403,4717800
2006-01-12,15.975000,16.070000,15.955000,15.990000,7.897403,4048000
2006-01-13,15.500000,16.110001,15.500000,16.100000,7.951733,3303000
2006-01-17,16.100000,16.275000,16.004999,16.270000,8.035692,14462800
2006-01-18,16.150000,16.370001,16.150000,16.305000,8.052978,17299000
2006-01-19,16.469999,16.495001,16.254999,16.450001,8.124596,15591000
2006-01-20,16.500000,16.559999,16.250000,16.355000,8.077674,8118200
2006-01-23,16.825001,16.825001,16.280001,16.330000,8.065327,12328800
2006-01-24,16.385000,16.485001,16.340000,16.475000,8.136940,4413600
2006-01-25,16.360001,16.545000,16.150000,16.250000,8.025815,8334200
2006-01-26,16.315001,16.375000,16.030001,16.105000,7.954201,6276600
2006-01-27,16.190001,16.299999,16.125000,16.195000,7.998653,4570200
2006-01-30,16.135000,16.215000,16.080000,16.084999,7.944323,2719000
2006-01-31,16.094999,16.170000,16.035000,16.075001,7.939383,5353600
2006-02-01,16.145000,16.180000,16.000000,16.120001,7.961610,5569200
2006-02-02,16.065001,16.170000,15.840000,15.910000,7.857892,11062400
2006-02-03,15.915000,15.920000,15.715000,15.830000,7.818382,5053000
2006-02-06,15.770000,15.970000,15.770000,15.925000,7.865298,4918200
2006-02-07,15.860000,16.100000,15.780000,15.830000,7.818382,3524200
2006-02-08,15.790000,16.299999,15.760000,15.825000,7.815908,4107600
2006-02-09,15.790000,15.975000,15.785000,15.880000,7.843074,6154400
2006-02-10,15.850000,16.014999,15.795000,15.890000,7.848011,7536600
2006-02-13,15.830000,15.945000,15.830000,15.870000,7.838135,3225200
2006-02-14,15.930000,15.930000,15.650000,15.855000,7.830729,5407800
2006-02-15,15.830000,16.000000,15.790000,15.880000,7.843074,5782600
2006-02-16,15.810000,16.350000,15.810000,16.004999,7.904809,2389400
2006-02-17,16.225000,16.225000,15.825000,16.150000,7.976427,8530600
2006-02-21,16.180000,16.299999,16.105000,16.174999,7.988773,6605600
2006-02-22,16.270000,16.305000,16.174999,16.235001,8.018409,3347600
2006-02-23,16.250000,16.280001,16.160000,16.215000,8.008528,3892400
2006-02-24,16.690001,16.690001,16.195000,16.264999,8.033223,2729000
2006-02-27,16.309999,16.459999,16.309999,16.395000,8.097433,11080800
2006-02-28,16.415001,16.485001,16.215000,16.285000,8.043099,2967000
2006-03-01,16.139999,16.344999,16.139999,16.240000,8.020876,3313000
2006-03-02,16.004999,16.260000,16.004999,16.230000,8.015940,4785600
2006-03-03,16.180000,16.325001,16.110001,16.150000,7.976427,4645000
2006-03-06,16.174999,16.200001,15.800000,15.890000,7.848011,7917600
2006-03-07,15.755000,15.825000,15.705000,15.815000,7.810968,8348400
2006-03-08,15.730000,15.935000,15.560000,15.800000,7.803561,7746000
2006-03-09,15.780000,16.000000,15.725000,15.755000,7.781339,6089800
2006-03-10,15.715000,15.890000,15.710000,15.855000,7.830729,6773000
2006-03-13,15.865000,15.950000,15.820000,15.875000,7.840605,5657600
2006-03-14,15.855000,16.080000,15.855000,16.045000,7.924568,3967000
2006-03-15,16.004999,16.160000,15.870000,16.150000,7.976427,2580800
2006-03-16,16.150000,16.305000,16.110001,16.235001,8.018409,4835400
2006-03-17,16.174999,16.174999,16.025000,16.075001,7.999003,3145600
2006-03-20,16.125000,16.125000,15.820000,15.840000,7.882060,3418200
2006-03-21,15.770000,15.845000,15.650000,15.720000,7.822354,4810400
2006-03-22,15.700000,15.845000,15.635000,15.795000,7.859673,5665400
2006-03-23,15.770000,15.795000,15.695000,15.775000,7.849720,4530000
2006-03-24,15.800000,15.825000,15.705000,15.745000,7.834792,2384000
2006-03-27,15.685000,15.740000,15.605000,15.640000,7.782541,3688000
2006-03-28,15.575000,15.690000,15.505000,15.575000,7.750197,11749400
2006-03-29,15.530000,15.750000,15.530000,15.670000,7.797471,4986800
2006-03-30,15.560000,15.720000,15.480000,15.530000,7.727804,5367600
2006-03-31,15.540000,15.600000,15.390000,15.415000,7.670582,8153000
2006-04-03,15.490000,15.605000,15.425000,15.435000,7.680535,5227800
2006-04-04,15.405000,15.665000,15.400000,15.600000,7.762638,10026200
2006-04-05,15.605000,15.795000,15.555000,15.750000,7.837276,6336800
2006-04-06,15.745000,15.810000,15.480000,15.555000,7.740245,5143600
2006-04-07,15.505000,15.555000,15.255000,15.335000,7.630774,7476800
2006-04-10,15.210000,15.445000,15.210000,15.330000,7.628286,4847000
2006-04-11,15.335000,15.370000,15.130000,15.155000,7.541204,4737400
2006-04-12,15.190000,15.210000,15.140000,15.190000,7.558621,5144000
2006-04-13,15.100000,15.180000,15.080000,15.120000,7.523787,3653000
2006-04-17,15.075000,15.130000,15.050000,15.105000,7.516325,3108000
2006-04-18,15.105000,15.450000,15.075000,15.395000,7.660631,11153800
2006-04-19,15.335000,15.500000,15.335000,15.445000,7.685509,4935600
2006-04-20,15.400000,15.645000,15.375000,15.555000,7.740245,3912200
2006-04-21,15.640000,15.750000,15.560000,15.625000,7.775076,5328800
2006-04-24,15.600000,15.780000,15.505000,15.770000,7.847235,3796200
2006-04-25,15.730000,15.730000,15.480000,15.545000,7.735274,5770200
2006-04-26,15.510000,15.570000,15.350000,15.390000,7.658142,4907200
2006-04-27,15.270000,15.670000,15.250000,15.595000,7.760148,10782000
2006-04-28,15.500000,15.680000,15.455000,15.660000,7.792496,3661600
2006-05-01,15.670000,15.715000,15.435000,15.515000,7.720340,4286600
2006-05-02,15.515000,15.810000,15.515000,15.765000,7.844745,8833200
2006-05-03,15.700000,15.755000,15.630000,15.715000,7.819864,6527800
2006-05-04,15.700000,15.765000,15.650000,15.735000,7.829813,3594400
2006-05-05,15.825000,16.090000,15.805000,16.090000,8.006465,8053400
2006-05-08,16.094999,16.094999,15.920000,15.965000,7.944262,3015800
2006-05-09,15.975000,15.990000,15.805000,15.830000,7.877086,2469600
2006-05-10,15.830000,15.955000,15.755000,15.955000,7.939290,4458800
2006-05-11,15.955000,15.955000,15.720000,15.805000,7.864647,4840400
2006-05-12,15.725000,15.815000,15.615000,15.630000,7.777566,5898400
2006-05-15,15.555000,15.790000,15.500000,15.730000,7.827329,4453200
2006-05-16,15.755000,15.775000,15.645000,15.660000,7.792496,4704800
2006-05-17,15.535000,15.635000,15.355000,15.420000,7.673068,13855800
2006-05-18,15.375000,15.540000,15.345000,15.415000,7.670582,9508400
2006-05-19,15.450000,15.675000,15.420000,15.545000,7.735274,6721000
2006-05-22,15.505000,15.770000,15.470000,15.665000,7.794981,7505200
2006-05-23,15.685000,15.765000,15.440000,15.445000,7.685509,4266200
2006-05-24,15.415000,15.565000,15.275000,15.500000,7.712882,10581400
2006-05-25,15.600000,15.665000,15.505000,15.645000,7.785033,6395200
2006-05-26,15.675000,15.830000,15.655000,15.815000,7.869622,5237400
2006-05-30,15.800000,15.845000,15.655000,15.655000,7.790007,4331800
2006-05-31,15.750000,16.025000,15.750000,15.915000,7.919381,4585800
2006-06-01,15.855000,16.090000,15.785000,16.075001,7.999003,5381000
2006-06-02,16.170000,16.280001,16.040001,16.270000,8.096032,9453600
2006-06-05,16.275000,16.299999,16.075001,16.075001,7.999003,4454200
2006-06-06,16.049999,16.195000,15.925000,16.105000,8.013930,8070800
2006-06-07,16.125000,16.209999,16.030001,16.045000,7.984072,5118600
2006-06-08,16.075001,16.160000,15.970000,16.100000,8.011442,27671400
2006-06-09,16.225000,16.299999,16.065001,16.235001,8.078621,6560400
2006-06-12,16.315001,16.385000,16.215000,16.270000,8.096032,15448200
2006-06-13,16.275000,16.315001,16.035000,16.075001,7.999003,13612000
2006-06-14,16.075001,16.100000,15.840000,15.955000,7.939290,5490200
2006-06-15,16.075001,16.245001,15.975000,16.200001,8.061201,8949600
2006-06-16,16.025000,16.150000,15.975000,16.055000,8.055933,4604200
2006-06-19,16.040001,16.174999,15.765000,15.835000,7.945541,9327600
2006-06-20,15.850000,15.960000,15.785000,15.875000,7.965613,5016000
2006-06-21,15.925000,15.955000,15.805000,15.860000,7.958086,3059400
2006-06-22,15.805000,15.855000,15.665000,15.805000,7.930490,5575600
2006-06-23,15.685000,15.975000,15.685000,15.830000,7.943035,2125000
2006-06-26,15.800000,15.910000,15.800000,15.895000,7.975648,3518200
2006-06-27,15.915000,16.030001,15.785000,15.835000,7.945541,5037800
2006-06-28,15.820000,15.935000,15.820000,15.880000,7.968121,8194200
2006-06-29,15.905000,16.120001,15.905000,16.084999,8.070985,4614200
2006-06-30,16.084999,16.209999,16.075001,16.145000,8.101091,7159200
2006-07-03,16.200001,16.325001,16.129999,16.325001,8.191408,1772400
2006-07-05,16.200001,16.325001,16.180000,16.215000,8.136214,4111800
2006-07-06,16.264999,16.285000,16.075001,16.129999,8.093564,3356800
2006-07-07,16.155001,16.325001,16.129999,16.254999,8.156285,2831800
2006-07-10,16.264999,16.395000,16.264999,16.344999,8.201447,10965200
2006-07-11,16.370001,16.485001,16.350000,16.469999,8.264173,8200000
2006-07-12,16.465000,16.500000,16.334999,16.389999,8.224026,7673400
2006-07-13,16.275000,16.475000,16.250000,16.330000,8.193919,13370800
2006-07-14,16.395000,16.395000,16.174999,16.330000,8.193919,11278200
2006-07-17,16.285000,16.430000,16.285000,16.375000,8.216502,5797600
2006-07-18,16.375000,16.424999,16.334999,16.400000,8.229045,9235800
2006-07-19,16.469999,16.665001,16.455000,16.650000,8.354484,6703400
2006-07-20,16.650000,16.780001,16.615000,16.690001,8.374556,4513200
2006-07-21,16.660000,16.830000,16.660000,16.730000,8.394628,8471800
2006-07-24,16.855000,16.910000,16.775000,16.885000,8.472400,7035600
2006-07-25,16.920000,17.000000,16.860001,16.955000,8.507529,3685400
2006-07-26,16.995001,17.055000,16.924999,17.014999,8.537629,6762600
2006-07-27,17.139999,17.139999,16.879999,16.879999,8.469893,9748800
2006-07-28,16.905001,17.110001,16.879999,16.995001,8.527596,8747400
2006-07-31,17.004999,17.065001,16.905001,16.920000,8.489964,3267400
2006-08-01,16.920000,17.129999,16.860001,17.129999,8.595338,9669600
2006-08-02,17.139999,17.195000,17.075001,17.115000,8.587811,12914200
2006-08-03,17.100000,17.145000,16.980000,17.030001,8.545160,10891200
2006-08-04,17.195000,17.209999,16.985001,17.035000,8.547668,8844800
2006-08-07,17.045000,17.120001,16.830000,16.834999,8.447317,3156800
2006-08-08,16.840000,17.065001,16.840000,16.995001,8.527596,6435400
2006-08-09,17.010000,17.125000,16.985001,17.000000,8.530105,5074200
2006-08-10,17.020000,17.030001,16.910000,16.975000,8.517562,5806400
2006-08-11,16.995001,17.004999,16.910000,16.934999,8.497491,4424200
2006-08-14,17.000000,17.105000,17.000000,17.049999,8.555193,4906600
2006-08-15,17.090000,17.205000,17.090000,17.160000,8.610389,8078000
2006-08-16,17.230000,17.240000,16.985001,17.000000,8.530105,7653800
2006-08-17,17.000000,17.000000,16.840000,16.980000,8.520074,9750600
2006-08-18,16.940001,17.174999,16.940001,17.170000,8.615405,5736400
2006-08-21,17.135000,17.250000,17.129999,17.205000,8.632971,5533600
2006-08-22,17.160000,17.295000,17.160000,17.264999,8.663074,2438200
2006-08-23,17.350000,17.350000,17.070000,17.084999,8.572754,4768000
2006-08-24,17.195000,17.195000,17.084999,17.155001,8.607882,5220000
2006-08-25,17.150000,17.215000,17.125000,17.155001,8.607882,4129400
2006-08-28,17.195000,17.330000,17.135000,17.285000,8.673109,10673600
2006-08-29,17.334999,17.350000,17.209999,17.299999,8.680633,5315600
2006-08-30,17.370001,17.370001,17.200001,17.209999,8.635476,4816800
2006-08-31,17.215000,17.434999,17.215000,17.385000,8.723290,3989800
2006-09-01,17.459999,17.459999,17.365000,17.400000,8.730814,7302200
2006-09-05,17.400000,17.434999,17.170000,17.215000,8.637985,7821800
2006-09-06,17.150000,17.235001,17.080000,17.150000,8.605371,9831400
2006-09-07,17.049999,17.190001,17.049999,17.174999,8.617913,5273800
2006-09-08,17.139999,17.219999,17.139999,17.174999,8.617913,10658800
2006-09-11,17.115000,17.200001,17.075001,17.115000,8.587811,13065000
2006-09-12,17.080000,17.275000,16.950001,17.025000,8.542648,21279200
2006-09-13,17.000000,17.065001,16.865000,17.059999,8.560209,11254400
2006-09-14,16.990000,17.155001,16.924999,16.990000,8.525091,6365400
2006-09-15,16.924999,16.924999,16.834999,16.860001,8.528125,6978000
2006-09-18,16.809999,16.895000,16.735001,16.809999,8.502834,6055800
2006-09-19,16.785000,16.889999,16.780001,16.844999,8.520533,13599200
2006-09-20,16.820000,16.905001,16.809999,16.820000,8.507888,7130800
2006-09-21,16.790001,16.840000,16.719999,16.795000,8.495247,23680800
2006-09-22,16.795000,16.809999,16.745001,16.775000,8.485127,7675800
2006-09-25,16.775000,17.070000,16.775000,17.010000,8.603996,6472000
2006-09-26,16.875000,17.459999,16.180000,16.985001,8.591351,9025200
2006-09-27,16.950001,17.230000,16.950001,17.219999,8.710216,7536000
2006-09-28,17.275000,17.295000,17.100000,17.165001,8.682399,5287200
2006-09-29,17.245001,17.245001,16.969999,16.995001,8.596409,6435600
2006-10-02,17.094999,17.215000,17.004999,17.120001,8.659636,5348600
2006-10-03,17.059999,17.250000,16.965000,17.190001,8.695044,11991000
2006-10-04,17.230000,17.260000,17.135000,17.260000,8.730450,9170600
2006-10-05,17.230000,17.465000,17.160000,17.205000,8.702632,7106400
2006-10-06,17.135000,17.180000,17.035000,17.110001,8.654577,11096000
2006-10-09,17.090000,17.139999,17.010000,17.094999,8.646990,6039800
2006-10-10,17.110001,17.219999,17.040001,17.219999,8.710216,7317200
2006-10-11,17.195000,17.285000,17.155001,17.260000,8.730450,6087200
2006-10-12,17.299999,17.299999,17.184999,17.254999,8.727923,10996600
2006-10-13,17.230000,17.290001,17.180000,17.275000,8.738040,7140400
2006-10-16,17.225000,17.360001,17.225000,17.360001,8.781035,6296000
2006-10-17,17.355000,17.490000,17.235001,17.434999,8.818967,9282400
2006-10-18,17.709999,17.709999,17.465000,17.625000,8.915076,4493200
2006-10-19,17.665001,17.745001,17.600000,17.695000,8.950485,5627200
2006-10-20,17.820000,17.830000,17.684999,17.805000,9.006126,5364800
2006-10-23,17.799999,17.889999,17.660000,17.825001,9.016237,9150000
2006-10-24,17.844999,17.870001,17.760000,17.840000,9.023828,6332800
2006-10-25,17.805000,18.080000,17.805000,18.030001,9.119931,17519600
2006-10-26,18.075001,18.075001,17.915001,17.950001,9.079467,8186600
2006-10-27,17.900000,17.950001,17.840000,17.885000,9.046593,5731000
2006-10-30,17.870001,17.934999,17.825001,17.875000,9.041531,5614400
2006-10-31,17.875000,17.945000,17.830000,17.895000,9.051650,5779000
2006-11-01,17.969999,18.065001,17.924999,18.004999,9.107285,13786800
2006-11-02,17.930000,18.020000,17.844999,17.920000,9.064291,7131600
2006-11-03,17.995001,17.995001,17.715000,17.790001,8.998535,10295800
2006-11-06,17.799999,17.799999,17.605000,17.709999,8.958073,13867800
2006-11-07,17.715000,17.844999,17.629999,17.650000,8.927719,10324400
2006-11-08,17.635000,17.900000,17.620001,17.825001,9.016237,8084400
2006-11-09,17.809999,17.900000,17.700001,17.820000,9.013715,15956200
2006-11-10,17.830000,17.965000,17.830000,17.955000,9.081998,5819000
2006-11-13,17.990000,18.020000,17.930000,17.950001,9.079467,4510200
2006-11-14,17.980000,18.035000,17.900000,17.995001,9.102232,7564200
2006-11-15,18.000000,18.000000,17.920000,17.934999,9.071881,6539600
2006-11-16,17.980000,18.090000,17.959999,18.000000,9.104758,7460000
2006-11-17,18.135000,18.139999,17.940001,18.020000,9.114874,3571200
2006-11-20,18.025000,18.045000,17.959999,17.959999,9.084524,2093400
2006-11-21,17.975000,18.014999,17.934999,17.990000,9.099698,1950600
2006-11-22,17.965000,18.075001,17.965000,18.030001,9.119931,3316000
2006-11-24,18.075001,18.100000,18.020000,18.100000,9.155341,592800
2006-11-27,18.075001,18.090000,17.875000,17.900000,9.054177,4694800
2006-11-28,17.910000,18.070000,17.820000,18.030001,9.119931,3828600
2006-11-29,18.110001,18.280001,18.059999,18.254999,9.233739,6338800
2006-11-30,18.275000,18.370001,18.209999,18.370001,9.291911,5285800
2006-12-01,18.370001,18.430000,18.280001,18.360001,9.286856,5054800
2006-12-04,18.440001,18.590000,18.365000,18.504999,9.360196,3972400
2006-12-05,18.580000,18.695000,18.525000,18.549999,9.382958,8059600
2006-12-06,18.615000,18.625000,18.455000,18.459999,9.337437,3987400
2006-12-07,18.495001,18.575001,18.395000,18.440001,9.327317,6034600
2006-12-08,18.410000,18.469999,18.309999,18.385000,9.299496,3972400
2006-12-11,18.405001,18.485001,18.385000,18.485001,9.350083,3794000
2006-12-12,18.520000,18.570000,18.445000,18.555000,9.385489,5601600
2006-12-13,18.594999,18.639999,18.520000,18.625000,9.420897,3572000
2006-12-14,18.565001,18.719999,18.565001,18.655001,9.436073,5976800
2006-12-15,18.549999,18.584999,18.430000,18.469999,9.427395,5525600
2006-12-18,18.469999,18.500000,18.309999,18.340000,9.361039,3792400
2006-12-19,18.280001,18.475000,18.240000,18.420000,9.401871,4836200
2006-12-20,18.424999,18.475000,18.355000,18.360001,9.371249,2092000
2006-12-21,18.375000,18.420000,18.264999,18.350000,9.366142,8272800
2006-12-22,18.299999,18.365000,18.240000,18.285000,9.332966,5183400
2006-12-26,18.280001,18.410000,18.250000,18.375000,9.378902,2786600
2006-12-27,18.445000,18.504999,18.410000,18.475000,9.429943,2894800
2006-12-28,18.549999,18.549999,18.365000,18.365000,9.373802,2822400
2006-12-29,18.405001,18.405001,18.299999,18.360001,9.371249,2627000
2007-01-03,18.205000,18.549999,18.205000,18.410000,9.396768,8458600
2007-01-04,18.430000,18.469999,18.334999,18.385000,9.384005,5916800
2007-01-05,18.334999,18.334999,17.995001,18.055000,9.215571,7569000
2007-01-08,17.985001,18.110001,17.965000,18.045000,9.210464,4830000
2007-01-09,17.969999,18.090000,17.934999,18.059999,9.218120,4684200
2007-01-10,17.995001,18.100000,17.975000,18.065001,9.220676,3836200
2007-01-11,18.094999,18.180000,18.020000,18.084999,9.230884,8518600
2007-01-12,17.990000,18.125000,17.860001,17.934999,9.154322,19840200
2007-01-16,17.915001,18.035000,17.915001,17.990000,9.182390,8103400
2007-01-17,17.995001,18.030001,17.924999,18.030001,9.202810,3444800
2007-01-18,18.094999,18.094999,17.950001,18.020000,9.197705,4420600
2007-01-19,17.930000,18.049999,17.850000,18.025000,9.200257,4854200
2007-01-22,18.025000,18.065001,17.985001,18.020000,9.197705,5557000
2007-01-23,18.020000,18.125000,17.934999,18.125000,9.251297,6916400
2007-01-24,18.125000,18.235001,18.075001,18.184999,9.281929,5941600
2007-01-25,18.184999,18.250000,18.115000,18.170000,9.274265,8875600
2007-01-26,18.190001,18.190001,18.040001,18.125000,9.251297,3900400
2007-01-29,18.125000,18.184999,18.105000,18.184999,9.281929,4779200
2007-01-30,18.139999,18.240000,18.139999,18.240000,9.309997,3974200
2007-01-31,18.170000,18.334999,18.125000,18.295000,9.338073,12648800
2007-02-01,18.325001,18.469999,18.315001,18.450001,9.417180,5996200
2007-02-02,18.455000,18.549999,18.299999,18.549999,9.468227,4350600
2007-02-05,18.584999,18.785000,18.500000,18.750000,9.570310,6018200
2007-02-06,18.730000,18.910000,18.730000,18.850000,9.621350,5376200
2007-02-07,18.820000,18.930000,18.820000,18.920000,9.657081,3190600
2007-02-08,18.825001,19.025000,18.825001,18.955000,9.674946,3440000
2007-02-09,18.995001,19.145000,18.924999,19.020000,9.708124,7764800
2007-02-12,19.055000,19.070000,18.950001,18.950001,9.672394,4263000
2007-02-13,18.965000,19.125000,18.965000,19.115000,9.756613,6208600
2007-02-14,19.055000,19.290001,19.055000,19.250000,9.825517,5196200
2007-02-15,19.205000,19.250000,19.075001,19.084999,9.741299,12545600
2007-02-16,19.055000,19.120001,18.995001,19.120001,9.759161,5775400
2007-02-20,19.094999,19.200001,19.055000,19.170000,9.784684,4562000
2007-02-21,19.139999,19.145000,19.020000,19.090000,9.743848,3876000
2007-02-22,19.100000,19.184999,19.020000,19.115000,9.756613,4039000
2007-02-23,19.125000,19.350000,19.090000,19.334999,9.868903,7970400
2007-02-26,19.750000,20.150000,19.715000,19.795000,10.103699,15757200
2007-02-27,19.725000,19.795000,19.000000,19.075001,9.736194,13859400
2007-02-28,19.150000,19.405001,19.129999,19.264999,9.833174,12916400
2007-03-01,19.110001,19.430000,18.934999,19.325001,9.863800,11586000
2007-03-02,19.320000,19.320000,19.025000,19.025000,9.710672,15438200
2007-03-05,18.955000,19.105000,18.735001,18.785000,9.588171,5271000
2007-03-06,18.910000,19.065001,18.834999,19.065001,9.731095,12444200
2007-03-07,19.049999,19.160000,18.985001,19.025000,9.710672,4641600
2007-03-08,19.389999,19.389999,19.035000,19.125000,9.761715,5005400
2007-03-09,19.135000,19.195000,19.014999,19.100000,9.748954,6890000
2007-03-12,19.100000,19.315001,19.045000,19.290001,9.845936,12854200
2007-03-13,19.285000,19.379999,19.004999,19.030001,9.713229,7774400
2007-03-14,19.080000,19.195000,18.875000,19.125000,9.761715,15603200
2007-03-15,19.160000,19.415001,19.059999,19.370001,9.886767,18242600
2007-03-16,19.260000,19.344999,19.135000,19.200001,9.852897,4713000
2007-03-19,19.325001,19.379999,19.190001,19.340000,9.924744,6289200
2007-03-20,19.299999,19.629999,19.264999,19.620001,10.068431,6914200
2007-03-21,19.684999,19.900000,19.500000,19.850000,10.186458,8379000
2007-03-22,19.895000,19.920000,19.725000,19.830000,10.176200,8487600
2007-03-23,19.850000,19.930000,19.750000,19.924999,10.224949,7127600
2007-03-26,19.969999,20.040001,19.809999,20.010000,10.268569,7329600
2007-03-27,20.030001,20.045000,19.885000,19.980000,10.253171,5655800
2007-03-28,19.895000,20.135000,19.895000,19.940001,10.232645,5758400
2007-03-29,20.065001,20.125000,19.924999,20.055000,10.291656,4386400
2007-03-30,20.125000,20.145000,19.680000,19.850000,10.186458,14920600
2007-04-02,19.905001,20.330000,19.900000,20.325001,10.430217,10297200
2007-04-03,20.350000,20.450001,20.250000,20.350000,10.443044,8103400
2007-04-04,20.375000,20.405001,20.225000,20.260000,10.396858,6662600
2007-04-05,20.315001,20.370001,20.219999,20.350000,10.443044,4443200
2007-04-09,20.475000,20.504999,20.389999,20.500000,10.520020,6893600
2007-04-10,20.500000,20.555000,20.450001,20.504999,10.522588,5419200
2007-04-11,20.525000,20.590000,20.424999,20.455000,10.496925,8438000
2007-04-12,20.475000,20.475000,20.245001,20.365000,10.450745,6087800
2007-04-13,20.365000,20.395000,20.264999,20.360001,10.448180,4328800
2007-04-16,20.365000,20.480000,20.340000,20.480000,10.509760,3145000
2007-04-17,20.500000,20.645000,20.424999,20.575001,10.558512,5958600
2007-04-18,20.575001,20.725000,20.545000,20.725000,10.635485,2969000
2007-04-19,20.639999,20.680000,20.530001,20.625000,10.584168,8233000
2007-04-20,20.735001,20.809999,20.629999,20.785000,10.666270,5327200
2007-04-23,20.760000,20.985001,20.760000,20.940001,10.745816,8679200
2007-04-24,20.965000,21.090000,20.885000,21.090000,10.822793,5355400
2007-04-25,21.105000,21.230000,21.100000,21.150000,10.853584,5975200
2007-04-26,21.174999,21.270000,21.055000,21.080000,10.817666,4964600
2007-04-27,21.025000,21.025000,20.875000,20.905001,10.727859,8398400
2007-04-30,21.014999,21.049999,20.750000,20.825001,10.686804,9461600
2007-05-01,20.820000,21.014999,20.725000,20.995001,10.774045,6862000
2007-05-02,21.040001,21.129999,20.980000,21.110001,10.833058,5510400
2007-05-03,21.180000,21.180000,20.990000,21.084999,10.820229,3175600
2007-05-04,21.174999,21.174999,21.020000,21.045000,10.799700,5498000
2007-05-07,21.100000,21.295000,21.080000,21.295000,10.927993,4043400
2007-05-08,21.245001,21.245001,21.090000,21.200001,10.879239,5735000
2007-05-09,21.155001,21.240000,21.110001,21.215000,10.886936,4325200
2007-05-10,21.180000,21.209999,20.969999,21.000000,10.776606,7770600
2007-05-11,21.030001,21.155001,21.000000,21.100000,10.827924,7263000
2007-05-14,21.170000,21.280001,21.170000,21.184999,10.871544,4680600
2007-05-15,21.290001,21.510000,21.264999,21.299999,10.930560,10174400
2007-05-16,21.344999,21.434999,21.295000,21.350000,10.956220,7685800
2007-05-17,21.355000,21.375000,21.245001,21.299999,10.930560,5862800
2007-05-18,21.305000,21.415001,21.295000,21.415001,10.989573,4657200
2007-05-21,21.410000,21.445000,21.355000,21.385000,10.974180,6269000
2007-05-22,21.475000,21.549999,21.325001,21.344999,10.953650,9125600
2007-05-23,21.434999,21.434999,21.010000,21.010000,10.781740,15891200
2007-05-24,21.010000,21.094999,20.480000,20.540001,10.540548,29815200
2007-05-25,20.559999,20.674999,20.295000,20.549999,10.545680,25081400
2007-05-29,20.434999,20.760000,20.434999,20.610001,10.576468,21561800
2007-05-30,20.514999,20.865000,20.475000,20.865000,10.707328,13212400
2007-05-31,20.879999,20.975000,20.799999,20.920000,10.735552,12427800
2007-06-01,20.950001,21.004999,20.735001,20.805000,10.676538,23265800
2007-06-04,20.715000,20.790001,20.555000,20.725000,10.635485,21484800
2007-06-05,20.600000,20.705000,20.350000,20.450001,10.494365,31517600
2007-06-06,20.309999,20.350000,20.059999,20.125000,10.327582,30835600
2007-06-07,20.049999,20.075001,19.475000,19.500000,10.006848,54704200
2007-06-08,19.535000,19.780001,19.424999,19.639999,10.078693,39518200
2007-06-11,19.639999,20.014999,19.605000,19.900000,10.212123,19060200
2007-06-12,19.750000,19.885000,19.575001,19.575001,10.045338,22909400
2007-06-13,19.760000,20.014999,19.725000,19.965000,10.245479,16314400
2007-06-14,19.965000,20.205000,19.965000,20.090000,10.309619,15249200
2007-06-15,20.174999,20.325001,20.125000,20.219999,10.448103,26657800
2007-06-18,20.250000,20.275000,20.000000,20.000000,10.334421,16640600
2007-06-19,20.020000,20.135000,19.920000,20.129999,10.401595,12901000
2007-06-20,20.129999,20.205000,19.535000,19.605000,10.130319,18962800
2007-06-21,19.555000,19.815001,19.475000,19.730000,10.194910,20163200
2007-06-22,19.610001,19.719999,19.340000,19.355000,10.001135,16200200
2007-06-25,19.440001,20.150000,19.350000,19.459999,10.055399,18769800
2007-06-26,19.530001,19.995001,19.344999,19.355000,10.001135,25432800
2007-06-27,19.245001,19.709999,19.200001,19.639999,10.148405,24822400
2007-06-28,19.705000,19.950001,19.625000,19.635000,10.145821,19422600
2007-06-29,19.674999,19.885000,19.525000,19.790001,10.225913,21681800
2007-07-02,19.940001,21.575001,19.805000,20.075001,10.373180,9469000
2007-07-03,20.155001,20.270000,19.969999,20.075001,10.373180,10809000
2007-07-05,20.014999,20.215000,19.770000,20.035000,10.352511,19362600
2007-07-06,20.025000,20.040001,19.735001,19.930000,10.298255,12849600
2007-07-09,19.955000,20.059999,19.950001,19.959999,10.313753,7130200
2007-07-10,19.915001,19.990000,19.684999,19.775000,10.218160,12918000
2007-07-11,19.719999,19.825001,19.684999,19.825001,10.243997,13168000
2007-07-12,19.865000,20.150000,19.865000,20.075001,10.373180,14501400
2007-07-13,20.105000,20.459999,20.090000,20.375000,10.528197,13498800
2007-07-16,20.360001,20.405001,20.075001,20.080000,10.375761,17067400
2007-07-17,20.075001,20.230000,20.055000,20.100000,10.386099,14782000
2007-07-18,20.004999,20.270000,19.995001,20.250000,10.463607,17107800
2007-07-19,20.344999,20.665001,20.264999,20.575001,10.631538,20502400
2007-07-20,20.559999,20.875000,20.235001,20.350000,10.515276,15927000
2007-07-23,20.434999,20.555000,20.334999,20.370001,10.525609,9559800
2007-07-24,20.405001,20.415001,19.670000,19.760000,10.210413,20030600
2007-07-25,19.764999,19.975000,19.430000,19.799999,10.231078,26054400
2007-07-26,19.555000,19.645000,18.955000,19.350000,9.998558,36789200
2007-07-27,19.264999,19.315001,18.775000,18.775000,9.701438,25293600
2007-07-30,18.850000,19.110001,18.684999,19.035000,9.835788,23906400
2007-07-31,19.235001,19.395000,18.850000,19.000000,9.817700,28249800
2007-08-01,18.945000,19.549999,18.945000,19.430000,10.039891,32873200
2007-08-02,19.395000,19.730000,19.395000,19.639999,10.148405,18611200
2007-08-03,19.584999,19.760000,18.865000,18.975000,9.804786,28384600
2007-08-06,19.080000,19.615000,18.725000,19.570000,10.112235,21913400
2007-08-07,19.520000,20.150000,19.389999,19.924999,10.295673,15354400
2007-08-08,20.080000,20.379999,19.924999,20.215000,10.445518,24928400
2007-08-09,19.959999,20.195000,19.674999,19.850000,10.256913,24525600
2007-08-10,19.670000,19.990000,19.385000,19.504999,10.078650,25061800
2007-08-13,19.665001,19.850000,19.575001,19.605000,10.130319,15341200
2007-08-14,19.570000,19.650000,19.174999,19.275000,9.959797,13579400
2007-08-15,19.230000,19.545000,18.915001,19.014999,9.825453,16452600
2007-08-16,18.764999,19.150000,18.344999,19.150000,9.895212,36094400
2007-08-17,19.475000,19.815001,18.865000,19.315001,9.980472,37989400
2007-08-20,19.445000,19.510000,19.105000,19.420000,10.034727,14353000
2007-08-21,19.315001,19.620001,19.280001,19.400000,10.024393,13883200
2007-08-22,19.670000,19.709999,19.459999,19.625000,10.140653,11637200
2007-08-23,19.730000,19.885000,19.600000,19.684999,10.171656,26340200
2007-08-24,19.815001,19.895000,19.590000,19.805000,10.233665,12040000
2007-08-27,19.860001,19.860001,19.209999,19.299999,9.972716,54412200
2007-08-28,19.174999,19.305000,18.990000,19.000000,9.817700,22988200
2007-08-29,19.070000,19.549999,19.070000,19.375000,10.011476,10766200
2007-08-30,19.254999,19.495001,19.174999,19.340000,9.993387,10056000
2007-08-31,19.389999,19.535000,19.225000,19.299999,9.972716,11073800
2007-09-04,19.385000,19.834999,19.350000,19.674999,10.166486,9258000
2007-09-05,19.610001,19.635000,19.410000,19.625000,10.140653,13255600
2007-09-06,19.540001,19.799999,19.504999,19.650000,10.153572,9554000
2007-09-07,19.600000,19.684999,19.389999,19.504999,10.078650,11090800
2007-09-10,19.565001,19.625000,19.360001,19.520000,10.086401,9491600
2007-09-11,19.575001,19.745001,19.504999,19.650000,10.153572,10580400
2007-09-12,19.705000,19.895000,19.655001,19.815001,10.238832,6792600
2007-09-13,19.924999,19.975000,19.815001,19.855000,10.259498,8636000
2007-09-14,19.805000,19.990000,19.780001,19.850000,10.256913,7779600
2007-09-17,19.940001,19.940001,19.735001,19.865000,10.264666,5232400
2007-09-18,19.775000,20.325001,19.625000,20.325001,10.502357,10630000
2007-09-19,20.280001,20.575001,20.254999,20.549999,10.618618,14020000
2007-09-20,20.525000,20.535000,20.270000,20.270000,10.473937,7418000
2007-09-21,20.250000,20.395000,20.160000,20.160000,10.490588,8169200
2007-09-24,20.209999,20.410000,20.205000,20.235001,10.529619,8082400
2007-09-25,20.190001,20.400000,20.160000,20.260000,10.542627,8202000
2007-09-26,20.344999,20.480000,20.285000,20.360001,10.594662,9764400
2007-09-27,20.370001,20.430000,20.165001,20.215000,10.519211,10945200
2007-09-28,20.230000,20.275000,19.900000,19.900000,10.355297,7080200
2007-10-01,20.045000,20.264999,19.955000,20.170000,10.495793,11402400
2007-10-02,20.100000,20.299999,20.100000,20.245001,10.534824,4999000
2007-10-03,20.139999,20.245001,20.125000,20.180000,10.501000,10759400
2007-10-04,20.180000,20.395000,20.180000,20.290001,10.558235,7332200
2007-10-05,20.290001,20.580000,20.290001,20.450001,10.641497,9970600
2007-10-08,20.530001,20.584999,20.375000,20.420000,10.625885,5835200
2007-10-09,20.490000,20.745001,20.434999,20.645000,10.742965,8175600
2007-10-10,20.645000,20.680000,20.490000,20.490000,10.662308,5832000
2007-10-11,20.680000,20.815001,20.525000,20.700001,10.771594,11032800
2007-10-12,20.725000,20.834999,20.645000,20.645000,10.742965,7765200
2007-10-15,20.655001,20.754999,20.344999,20.495001,10.664916,10624800
2007-10-16,20.469999,20.580000,20.375000,20.445000,10.638896,9074400
2007-10-17,20.545000,20.629999,20.250000,20.500000,10.667515,10155000
2007-10-18,20.315001,20.475000,20.309999,20.320000,10.573846,5874600
2007-10-19,20.280001,20.320000,19.809999,19.870001,10.339685,12966000
2007-10-22,19.775000,20.075001,19.665001,20.010000,10.412535,8822800
2007-10-23,20.084999,20.184999,19.910000,20.020000,10.417737,7211600
2007-10-24,19.940001,20.129999,19.820000,20.000000,10.407333,10129400
2007-10-25,20.115000,20.540001,20.080000,20.490000,10.662308,10816200
2007-10-26,20.020000,20.830000,20.020000,20.770000,10.808012,9860600
2007-10-29,20.895000,21.045000,20.855000,20.955000,10.904283,5461400
2007-10-30,21.055000,21.125000,20.844999,20.980000,10.917288,7014200
2007-10-31,21.250000,21.330000,21.000000,21.225000,11.044781,11509600
2007-11-01,20.955000,21.260000,20.790001,20.790001,10.818420,12996800
2007-11-02,21.110001,21.110001,20.760000,20.959999,10.906882,12822800
2007-11-05,20.905001,21.309999,20.860001,21.190001,11.026568,20123400
2007-11-06,21.450001,21.450001,20.920000,21.209999,11.036971,9859800
2007-11-07,20.934999,21.139999,20.709999,20.725000,10.784596,21120000
2007-11-08,20.730000,21.170000,20.594999,21.129999,10.995342,16941000
2007-11-09,21.045000,21.205000,20.885000,20.965000,10.909485,11569200
2007-11-12,21.129999,21.150000,20.600000,20.600000,10.719553,16557200
2007-11-13,20.885000,20.885000,20.434999,20.775000,10.810613,11647800
2007-11-14,20.809999,20.940001,20.650000,20.650000,10.745572,7871200
2007-11-15,20.459999,20.945000,20.459999,20.834999,10.841832,11841800
2007-11-16,21.000000,21.004999,20.605000,20.840000,10.844441,8805400
2007-11-19,20.840000,20.995001,20.764999,20.900000,10.875663,7318600
2007-11-20,21.000000,21.285000,20.975000,21.155001,11.008357,15486800
2007-11-21,21.170000,21.264999,20.969999,20.980000,10.917288,11251800
2007-11-23,21.004999,21.245001,20.815001,20.959999,10.906882,2328800
2007-11-26,20.885000,21.325001,20.875000,20.924999,10.888667,11085400
2007-11-27,21.200001,21.200001,20.834999,21.004999,10.930303,12500000
2007-11-28,21.105000,21.370001,21.010000,21.370001,11.120234,9764000
2007-11-29,21.270000,21.375000,21.150000,21.225000,11.044781,7344000
2007-11-30,21.315001,21.440001,21.295000,21.365000,11.117628,15875200
2007-12-03,21.719999,21.830000,21.365000,21.575001,11.226909,7099600
2007-12-04,21.620001,21.885000,21.410000,21.730000,11.307568,15338200
2007-12-05,21.950001,22.120001,21.799999,22.105000,11.502707,13597600
2007-12-06,22.200001,22.230000,21.885000,21.975000,11.435059,8212800
2007-12-07,22.180000,22.235001,21.950001,22.090000,11.494899,12234600
2007-12-10,22.200001,22.245001,22.100000,22.190001,11.546935,6041200
2007-12-11,22.330000,22.330000,21.670000,21.674999,11.278944,12979000
2007-12-12,21.795000,22.120001,21.525000,21.680000,11.281549,15409200
2007-12-13,21.504999,22.000000,21.504999,22.000000,11.448071,9644000
2007-12-14,21.934999,21.959999,21.590000,21.590000,11.234717,9793200
2007-12-17,21.510000,21.635000,21.305000,21.389999,11.130644,8340000
2007-12-18,21.584999,21.735001,21.450001,21.580000,11.229510,8003200
2007-12-19,21.600000,21.815001,21.500000,21.525000,11.200888,6876800
2007-12-20,21.530001,21.750000,21.420000,21.620001,11.250325,8566000
2007-12-21,21.680000,21.700001,21.495001,21.500000,11.273136,9957600
2007-12-24,21.590000,21.605000,21.495001,21.605000,11.328189,4431800
2007-12-26,21.655001,21.655001,21.450001,21.495001,11.270514,3882200
2007-12-27,21.575001,21.600000,21.285000,21.305000,11.170891,5911600
2007-12-28,21.555000,21.555000,21.325001,21.459999,11.252161,3126000
2007-12-31,21.495001,21.495001,21.155001,21.165001,11.097485,3816200
2008-01-02,21.075001,21.370001,20.950001,21.045000,11.034563,9997800
2008-01-03,20.985001,21.290001,20.985001,21.014999,11.018833,10287200
2008-01-04,21.049999,21.309999,20.930000,21.174999,11.102722,14046600
2008-01-07,21.299999,21.674999,21.200001,21.615000,11.333433,18309000
2008-01-08,21.639999,22.055000,21.620001,21.620001,11.336054,19207800
2008-01-09,21.790001,21.924999,21.594999,21.855000,11.459273,18160000
2008-01-10,21.820000,21.995001,21.610001,21.719999,11.388486,16979600
2008-01-11,21.530001,21.855000,21.530001,21.715000,11.385867,10732400
2008-01-14,21.910000,21.934999,21.635000,21.745001,11.401600,9706000
2008-01-15,21.605000,21.844999,21.455000,21.514999,11.280996,17486800
2008-01-16,21.389999,21.639999,21.100000,21.129999,11.079130,19357400
2008-01-17,21.040001,21.150000,20.280001,20.315001,10.651806,28722400
2008-01-18,20.264999,20.500000,19.830000,20.014999,10.494501,21770200
2008-01-22,18.469999,19.650000,18.025000,19.325001,10.132712,27875400
2008-01-23,18.635000,20.025000,18.635000,19.840000,10.402749,29698800
2008-01-24,20.105000,20.105000,19.299999,19.299999,10.119604,26884400
2008-01-25,19.495001,19.639999,18.930000,19.090000,10.009498,25056600
2008-01-28,19.100000,19.420000,19.084999,19.389999,10.166789,11460000
2008-01-29,19.495001,19.629999,19.360001,19.455000,10.200875,12135200
2008-01-30,19.389999,19.790001,19.250000,19.355000,10.148444,13005000
2008-01-31,19.405001,19.975000,19.139999,19.610001,10.282148,8879400
2008-02-01,19.745001,20.150000,19.730000,20.120001,10.549560,8869600
2008-02-04,20.139999,20.605000,20.139999,20.410000,10.701613,9367800
2008-02-05,20.250000,20.320000,19.730000,19.795000,10.379148,12556400
2008-02-06,19.815001,20.055000,19.665001,19.760000,10.360800,8484000
2008-02-07,19.625000,19.725000,19.455000,19.655001,10.305744,14332000
2008-02-08,19.500000,19.660000,19.424999,19.500000,10.224468,9948800
2008-02-11,19.500000,19.725000,19.459999,19.660000,10.308367,6739200
2008-02-12,19.670000,20.100000,19.670000,19.995001,10.484015,8388200
2008-02-13,20.025000,20.135000,19.825001,19.900000,10.434200,11250600
2008-02-14,19.985001,20.174999,19.639999,19.650000,10.303121,10169800
2008-02-15,19.639999,19.924999,19.420000,19.924999,10.447311,7648600
2008-02-19,20.129999,20.129999,19.684999,19.764999,10.363419,7995000
2008-02-20,19.504999,19.805000,19.504999,19.805000,10.384396,9425800
2008-02-21,19.805000,19.840000,19.370001,19.370001,10.156310,10102800
2008-02-22,19.510000,19.709999,19.320000,19.709999,10.334577,11214400
2008-02-25,19.805000,19.809999,19.559999,19.730000,10.345071,12142400
2008-02-26,19.540001,20.000000,19.535000,19.985001,10.478770,8719000
2008-02-27,19.900000,19.900000,19.504999,19.504999,10.227095,14281000
2008-02-28,19.440001,19.514999,19.275000,19.375000,10.158931,12738200
2008-02-29,19.325001,19.370001,18.750000,18.805000,9.860057,20464400
2008-03-03,18.799999,19.100000,18.750000,19.090000,10.009498,12819200
2008-03-04,18.905001,19.450001,18.860001,19.420000,10.182524,15920600
2008-03-05,19.440001,19.455000,19.100000,19.365000,10.153687,12454600
2008-03-06,19.250000,19.370001,18.959999,18.969999,9.946573,14616400
2008-03-07,18.775000,18.955000,18.674999,18.850000,9.883655,22971400
2008-03-10,18.820000,18.959999,18.650000,18.825001,9.870545,14422200
2008-03-11,19.290001,19.375000,18.900000,19.150000,10.040957,16424000
2008-03-12,19.105000,19.530001,19.075001,19.150000,10.040957,9664000
2008-03-13,18.760000,19.200001,18.760000,19.090000,10.009498,15517200
2008-03-14,19.250000,19.260000,18.684999,18.950001,9.936089,14957600
2008-03-17,18.504999,19.090000,18.504999,18.959999,9.941330,10877000
2008-03-18,19.030001,19.325001,18.945000,19.295000,10.116983,8959000
2008-03-19,19.299999,19.745001,18.820000,18.915001,9.917736,11941400
2008-03-20,19.105000,19.105000,18.049999,18.725000,9.888956,14983600
2008-03-24,18.850000,18.995001,18.655001,18.785000,9.920642,11896200
2008-03-25,18.860001,18.975000,18.730000,18.730000,9.891594,8519000
2008-03-26,18.709999,19.020000,18.709999,18.799999,9.928561,10933400
2008-03-27,18.815001,19.225000,18.815001,18.990000,10.028903,14689000
2008-03-28,19.000000,19.205000,18.795000,18.815001,9.936482,10660200
2008-03-31,18.875000,19.094999,18.780001,18.969999,10.018340,7890800
2008-04-01,19.125000,19.549999,19.100000,19.459999,10.277120,17906600
2008-04-02,19.480000,19.785000,19.480000,19.709999,10.409144,5949400
2008-04-03,19.690001,19.709999,19.395000,19.605000,10.353691,9502000
2008-04-04,19.540001,20.000000,19.520000,19.584999,10.343131,15743600
2008-04-07,19.635000,19.785000,19.525000,19.670000,10.388027,7483800
2008-04-08,19.584999,19.850000,19.584999,19.799999,10.456677,8156800
2008-04-09,19.790001,19.895000,19.660000,19.750000,10.430270,9749600
2008-04-10,19.780001,19.785000,19.559999,19.610001,10.356338,8073000
2008-04-11,19.594999,19.740000,19.565001,19.635000,10.369540,14399400
2008-04-14,19.635000,19.715000,19.540001,19.605000,10.353691,4660800
2008-04-15,19.735001,19.850000,19.670000,19.820000,10.467242,8404200
2008-04-16,19.775000,20.299999,19.775000,20.235001,10.686407,9311800
2008-04-17,20.320000,20.430000,20.170000,20.275000,10.707531,7203400
2008-04-18,20.440001,20.500000,20.195000,20.340000,10.741858,7004000
2008-04-21,20.225000,20.344999,20.025000,20.155001,10.644159,7014200
2008-04-22,20.080000,20.129999,19.969999,20.094999,10.612471,7886000
2008-04-23,20.165001,20.250000,20.035000,20.125000,10.628310,5506200
2008-04-24,20.330000,20.330000,19.980000,20.105000,10.617754,10186800
2008-04-25,20.125000,20.245001,20.075001,20.170000,10.652081,7983800
2008-04-28,20.170000,20.250000,19.825001,19.975000,10.549097,12568600
2008-04-29,20.004999,20.150000,19.965000,20.070000,10.599269,8417000
2008-04-30,20.055000,20.275000,19.940001,19.940001,10.530613,7644600
2008-05-01,20.049999,20.299999,20.014999,20.174999,10.654723,17753000
2008-05-02,20.350000,20.584999,20.299999,20.510000,10.831637,8195000
2008-05-05,20.355000,20.410000,20.110001,20.215000,10.675850,7438400
2008-05-06,20.014999,20.245001,19.915001,20.209999,10.673207,5495400
2008-05-07,20.100000,20.230000,19.885000,19.905001,10.512136,6664000
2008-05-08,19.885000,20.070000,19.815001,19.955000,10.538533,7365600
2008-05-09,19.910000,20.129999,19.780001,20.020000,10.572863,6072400
2008-05-12,20.059999,20.254999,20.004999,20.215000,10.675850,5150000
2008-05-13,20.320000,20.330000,20.049999,20.184999,10.659998,5960600
2008-05-14,20.330000,20.400000,20.150000,20.260000,10.699609,7699200
2008-05-15,20.260000,20.355000,20.160000,20.240000,10.689048,7326200
2008-05-16,20.264999,20.459999,20.240000,20.389999,10.768266,5946000
2008-05-19,20.370001,20.715000,20.370001,20.620001,10.889735,4759800
2008-05-20,20.600000,20.879999,20.600000,20.760000,10.963667,9398200
2008-05-21,20.674999,20.990000,20.625000,20.655001,10.908214,8209600
2008-05-22,20.775000,20.905001,20.584999,20.775000,10.971590,6137200
2008-05-23,20.754999,20.764999,20.400000,20.455000,10.802593,3566600
2008-05-27,20.225000,20.600000,20.225000,20.559999,10.858044,5035400
2008-05-28,20.655001,20.655001,20.445000,20.575001,10.865967,5405200
2008-05-29,20.605000,20.809999,20.530001,20.795000,10.982156,5759200
2008-05-30,20.865000,20.870001,20.594999,20.655001,10.908214,6926000
2008-06-02,20.674999,20.735001,20.379999,20.504999,10.829000,10984600
2008-06-03,20.559999,20.650000,20.285000,20.325001,10.733941,9034200
2008-06-04,20.360001,20.639999,20.305000,20.570000,10.863333,8773400
2008-06-05,20.650000,20.844999,20.465000,20.815001,10.992718,5602400
2008-06-06,20.740000,20.809999,20.270000,20.270000,10.704892,9284000
2008-06-09,20.320000,20.690001,20.275000,20.584999,10.871246,7790200
2008-06-10,20.730000,20.730000,20.370001,20.565001,10.860686,7648000
2008-06-11,20.605000,20.695000,20.415001,20.545000,10.850122,9388600
2008-06-12,20.570000,20.570000,20.375000,20.459999,10.805235,7738800
2008-06-13,20.459999,20.775000,20.424999,20.645000,10.902934,19537200
2008-06-16,20.639999,20.770000,20.420000,20.665001,10.913500,6174400
2008-06-17,20.760000,20.885000,20.719999,20.780001,10.974232,8294200
2008-06-18,20.655001,20.870001,20.605000,20.700001,10.931987,7824400
2008-06-19,20.645000,20.889999,20.645000,20.725000,10.945184,8909600
2008-06-20,20.594999,20.715000,20.334999,20.334999,10.818826,14011400
2008-06-23,20.455000,20.750000,20.455000,20.580000,10.949173,8810600
2008-06-24,20.455000,20.600000,20.410000,20.410000,10.858730,9228400
2008-06-25,20.469999,20.705000,20.469999,20.650000,10.986415,10219000
2008-06-26,20.415001,20.695000,20.035000,20.035000,10.659222,11244800
2008-06-27,20.035000,20.205000,19.855000,19.865000,10.568770,12820600
2008-06-30,19.915001,20.495001,19.900000,20.350000,10.826810,14565800
2008-07-01,20.155001,20.580000,20.094999,20.455000,10.882673,23949000
2008-07-02,20.545000,20.719999,20.355000,20.400000,10.853407,8653600
2008-07-03,20.549999,20.600000,20.190001,20.190001,10.741682,10881200
2008-07-07,20.195000,20.445000,19.875000,19.990000,10.635279,13056600
2008-07-08,19.985001,20.285000,19.900000,20.094999,10.691141,19448800
2008-07-09,20.139999,20.450001,20.115000,20.334999,10.818826,9646800
2008-07-10,20.379999,20.455000,20.290001,20.385000,10.845428,11225800
2008-07-11,20.254999,20.514999,20.049999,20.230000,10.762965,18472200
2008-07-14,20.480000,20.480000,19.955000,20.090000,10.688482,13299000
2008-07-15,19.959999,20.035000,19.709999,19.950001,10.613992,15423400
2008-07-16,19.965000,19.965000,19.410000,19.555000,10.403842,14100200
2008-07-17,19.520000,19.555000,19.025000,19.245001,10.238914,23315400
2008-07-18,19.270000,19.620001,19.129999,19.264999,10.249552,13107800
2008-07-21,19.295000,19.660000,19.254999,19.605000,10.430442,18286200
2008-07-22,19.504999,19.799999,19.475000,19.540001,10.395865,10501000
2008-07-23,19.670000,19.670000,18.990000,19.065001,10.143149,16906600
2008-07-24,19.070000,19.205000,18.745001,19.035000,10.127190,12823400
2008-07-25,19.020000,19.100000,18.785000,18.805000,10.004821,12635400
2008-07-28,18.805000,19.065001,18.750000,18.850000,10.028762,10399000
2008-07-29,18.840000,18.940001,18.760000,18.875000,10.042063,8235200
2008-07-30,18.875000,19.245001,18.850000,19.245001,10.238914,10627800
2008-07-31,19.190001,19.275000,19.035000,19.040001,10.129854,10823800
2008-08-01,19.170000,19.174999,18.450001,18.495001,9.839892,19705600
2008-08-04,18.549999,18.610001,18.225000,18.295000,9.733483,13916400
2008-08-05,18.275000,18.620001,18.120001,18.445000,9.813289,17429400
2008-08-06,18.424999,18.745001,18.400000,18.545000,9.866491,11404800
2008-08-07,18.500000,18.750000,18.260000,18.530001,9.858514,10907200
2008-08-08,18.400000,18.695000,18.334999,18.584999,9.887771,11339600
2008-08-11,18.690001,18.945000,18.549999,18.790001,9.996842,9311400
2008-08-12,18.775000,18.850000,18.395000,18.570000,9.879792,11249800
2008-08-13,18.485001,18.725000,18.440001,18.570000,9.879792,7837200
2008-08-14,18.584999,18.584999,18.325001,18.410000,9.794669,8689600
2008-08-15,18.459999,18.545000,18.415001,18.475000,9.829252,5562600
2008-08-18,18.559999,18.665001,18.480000,18.500000,9.842555,5934400
2008-08-19,18.575001,18.610001,18.475000,18.600000,9.895756,4267000
2008-08-20,18.559999,18.709999,18.469999,18.670000,9.933002,6973000
2008-08-21,18.575001,18.940001,18.545000,18.850000,10.028762,8225000
2008-08-22,18.930000,19.014999,18.875000,18.924999,10.068668,5306600
2008-08-25,18.915001,18.969999,18.639999,18.725000,9.962260,6928200
2008-08-26,18.700001,18.995001,18.674999,18.930000,10.071325,5091800
2008-08-27,19.035000,19.125000,18.910000,19.065001,10.143149,5246200
2008-08-28,19.170000,19.200001,19.049999,19.094999,10.159111,3599600
2008-08-29,19.070000,19.200001,18.830000,18.830000,10.018122,4412000
2008-09-02,19.290001,19.290001,18.545000,18.600000,9.895756,12448200
2008-09-03,18.594999,18.594999,18.235001,18.305000,9.738802,6881400
2008-09-04,18.275000,18.370001,18.020000,18.075001,9.616439,8399200
2008-09-05,18.030001,18.059999,17.620001,17.695000,9.414268,12309000
2008-09-08,17.785000,18.190001,17.785000,18.139999,9.651018,13014400
2008-09-09,18.250000,18.260000,17.520000,17.570000,9.347765,17798600
2008-09-10,17.655001,17.844999,17.605000,17.764999,9.451508,8508600
2008-09-11,17.625000,17.980000,17.450001,17.905001,9.525995,16788800
2008-09-12,17.844999,18.299999,17.844999,18.240000,9.704224,12394200
2008-09-15,17.684999,18.115000,17.605000,17.605000,9.366384,16740200
2008-09-16,17.645000,17.665001,16.590000,17.340000,9.225400,37290600
2008-09-17,17.165001,17.320000,16.500000,16.500000,8.778496,30698600
2008-09-18,16.584999,17.165001,16.525000,17.105000,9.100370,35972000
2008-09-19,17.445000,18.375000,17.045000,17.500000,9.392894,18711400
2008-09-22,17.504999,17.504999,17.020000,17.065001,9.159411,11316600
2008-09-23,17.004999,17.215000,16.770000,16.770000,9.001076,7041600
2008-09-24,16.820000,16.924999,16.605000,16.924999,9.084269,6613200
2008-09-25,16.885000,17.445000,16.885000,17.260000,9.264075,8399000
2008-09-26,16.760000,17.400000,16.760000,17.264999,9.266760,6415400
2008-09-29,17.070000,17.070000,16.254999,16.360001,8.781016,15995800
2008-09-30,16.370001,16.629999,16.285000,16.615000,8.917883,6718400
2008-10-01,16.665001,16.705000,16.240000,16.545000,8.880309,13449000
2008-10-02,16.400000,16.680000,16.100000,16.305000,8.751491,10482600
2008-10-03,16.389999,16.639999,15.990000,16.059999,8.619989,16253400
2008-10-06,15.640000,16.150000,14.750000,15.275000,8.198652,19281800
2008-10-07,15.260000,15.560000,14.610000,14.650000,7.863194,18079800
2008-10-08,14.110000,14.895000,14.005000,14.395000,7.726324,20994200
2008-10-09,14.575000,14.885000,13.425000,13.425000,7.205691,19532600
2008-10-10,13.090000,13.400000,11.640000,12.880000,6.913171,29658400
2008-10-13,13.635000,14.580000,13.105000,14.435000,7.747793,12139600
2008-10-14,15.430000,15.430000,13.745000,14.315000,7.683385,22166600
2008-10-15,14.065000,14.340000,13.200000,13.250000,7.111762,17348800
2008-10-16,13.520000,13.750000,12.680000,13.635000,7.318407,21499600
2008-10-17,13.860000,14.590000,13.275000,13.705000,7.355976,22400800
2008-10-20,13.810000,14.980000,13.800000,14.860000,7.975908,19937600
2008-10-21,14.800000,14.845000,14.285000,14.390000,7.723639,14374200
2008-10-22,14.460000,14.460000,13.110000,13.780000,7.396231,19488400
2008-10-23,13.715000,14.425000,13.220000,14.110000,7.573357,31864400
2008-10-24,13.260000,14.075000,13.185000,13.735000,7.372079,27834400
2008-10-27,13.590000,13.895000,13.200000,13.200000,7.084924,15016000
2008-10-28,14.000000,14.700000,13.185000,14.530000,7.798783,15944600
2008-10-29,14.615000,14.825000,14.065000,14.065000,7.549198,17527000
2008-10-30,14.580000,14.930000,14.310000,14.850000,7.970539,20751400
2008-10-31,15.025000,15.210000,14.440000,14.455000,7.758533,23792400
2008-11-03,14.730000,14.745000,14.360000,14.605000,7.839038,12163000
2008-11-04,14.830000,15.155000,14.665000,14.880000,7.986641,15579800
2008-11-05,14.595000,14.900000,14.360000,14.605000,7.839038,17569400
2008-11-06,14.375000,14.470000,13.655000,13.920000,7.471375,19744800
2008-11-07,13.995000,14.545000,13.785000,14.530000,7.798783,16855200
2008-11-10,14.745000,14.795000,13.915000,14.180000,7.610927,16641600
2008-11-11,14.125000,14.420000,13.765000,14.180000,7.610927,15994600
2008-11-12,13.840000,14.025000,13.710000,13.710000,7.358661,13861800
2008-11-13,13.720000,14.795000,13.600000,14.750000,7.916869,29509400
2008-11-14,14.390000,15.060000,14.125000,14.400000,7.729006,26159200
2008-11-17,14.370000,14.775000,14.065000,14.375000,7.715589,20978200
2008-11-18,14.040000,14.540000,13.890000,14.220000,7.632396,24702200
2008-11-19,14.125000,14.670000,13.890000,13.915000,7.468691,21096600
2008-11-20,13.805000,14.125000,12.990000,13.105000,7.033934,31769200
2008-11-21,13.220000,14.415000,13.220000,14.415000,7.737061,38402000
2008-11-24,14.430000,14.905000,14.220000,14.560000,7.814886,20148600
2008-11-25,14.850000,15.000000,14.375000,14.850000,7.970539,23220400
2008-11-26,14.500000,14.850000,14.345000,14.800000,7.943706,19436600
2008-11-28,14.870000,15.070000,14.550000,15.060000,8.083255,5949200
2008-12-01,14.880000,14.975000,14.060000,14.060000,7.546520,18470600
2008-12-02,14.290000,14.425000,13.970000,14.425000,7.742424,22121200
2008-12-03,14.315000,14.780000,14.125000,14.675000,7.876614,19609600
2008-12-04,14.630000,14.705000,13.830000,14.145000,7.592140,22819400
2008-12-05,13.855000,14.415000,13.495000,14.235000,7.640447,23859000
2008-12-08,14.785000,14.785000,14.245000,14.465000,7.763896,16384200
2008-12-09,14.465000,14.540000,14.150000,14.260000,7.653867,17933800
2008-12-10,14.240000,14.560000,14.240000,14.475000,7.769261,11493200
2008-12-11,14.520000,14.735000,14.255000,14.360000,7.707539,12761800
2008-12-12,14.320000,14.460000,14.000000,14.450000,7.755846,13821200
2008-12-15,14.525000,14.530000,14.040000,14.225000,7.635080,13640800
2008-12-16,14.710000,14.775000,14.245000,14.710000,7.895396,14474200
2008-12-17,14.615000,14.675000,14.210000,14.265000,7.656549,18228800
2008-12-18,14.310000,14.660000,14.285000,14.385000,7.720957,19819800
2008-12-19,14.340000,14.530000,14.180000,14.290000,7.766884,15981800
2008-12-22,14.265000,14.325000,13.945000,14.100000,7.663615,12642800
2008-12-23,14.115000,14.290000,13.875000,13.940000,7.576652,6867000
2008-12-24,13.880000,14.060000,13.880000,14.010000,7.614700,2107600
2008-12-26,14.080000,14.190000,14.030000,14.040000,7.631003,2173200
2008-12-29,14.010000,14.165000,13.890000,14.070000,7.647309,3731800
2008-12-30,14.235000,14.310000,14.110000,14.285000,7.764166,7981600
2008-12-31,14.340000,14.605000,14.305000,14.515000,7.889177,8562000
2009-01-02,14.670000,14.965000,14.505000,14.855000,8.073972,10751000
2009-01-05,14.870000,15.065000,14.805000,15.065000,8.188112,13622000
2009-01-06,15.065000,15.235000,14.790000,14.850000,8.071256,19155200
2009-01-07,14.730000,14.775000,14.555000,14.730000,8.006033,9761000
2009-01-08,14.575000,14.695000,14.525000,14.655000,7.965269,16787400
2009-01-09,14.750000,14.750000,14.480000,14.540000,7.902767,8962400
2009-01-12,14.575000,14.680000,14.500000,14.545000,7.905482,9365600
2009-01-13,14.595000,14.605000,14.175000,14.270000,7.756014,15602000
2009-01-14,14.100000,14.160000,13.775000,14.095000,7.660900,13091600
2009-01-15,14.115000,14.205000,13.880000,14.170000,7.701662,15866600
2009-01-16,14.355000,14.575000,14.250000,14.450000,7.853849,12058200
2009-01-20,14.450000,14.560000,14.185000,14.200000,7.717968,11946400
2009-01-21,14.470000,14.470000,14.025000,14.360000,7.804932,12102000
2009-01-22,14.275000,14.470000,14.200000,14.355000,7.802212,13549800
2009-01-23,14.110000,14.445000,14.030000,14.385000,7.818520,15356800
2009-01-26,14.440000,14.860000,14.415000,14.730000,8.006033,12336000
2009-01-27,14.770000,14.910000,14.635000,14.800000,8.044082,9917400
2009-01-28,14.980000,15.000000,14.445000,14.895000,8.095713,14158600
2009-01-29,14.810000,15.090000,14.715000,14.785000,8.035926,16365200
2009-01-30,14.830000,14.905000,14.370000,14.490000,7.875589,16238800
2009-02-02,14.325000,14.620000,14.210000,14.570000,7.919070,14614800
2009-02-03,14.520000,14.735000,14.440000,14.635000,7.954398,13319400
2009-02-04,14.785000,14.915000,14.615000,14.745000,8.014184,16164800
2009-02-05,14.700000,14.935000,14.605000,14.850000,8.071256,16522200
2009-02-06,14.850000,15.110000,14.725000,14.945000,8.122890,15762800
2009-02-09,14.985000,15.025000,14.710000,14.860000,8.076691,14593000
2009-02-10,14.825000,14.865000,14.335000,14.440000,7.848414,19127600
2009-02-11,14.555000,14.555000,14.260000,14.395000,7.823955,17739800
2009-02-12,14.130000,14.285000,13.895000,14.270000,7.756014,23816000
2009-02-13,14.165000,14.355000,14.145000,14.185000,7.709816,13779000
2009-02-17,13.995000,13.995000,13.510000,13.570000,7.375550,18619400
2009-02-18,13.535000,13.595000,13.265000,13.365000,7.264131,17247600
2009-02-19,13.460000,13.580000,13.355000,13.425000,7.296740,15639200
2009-02-20,13.285000,13.350000,12.880000,13.120000,7.130970,22692600
2009-02-23,13.190000,13.265000,12.725000,12.805000,6.959758,11566800
2009-02-24,12.810000,13.275000,12.810000,13.175000,7.160861,15448800
2009-02-25,13.120000,13.235000,13.005000,13.090000,7.114663,13112200
2009-02-26,13.145000,13.250000,12.820000,12.875000,6.997806,13448600
2009-02-27,12.775000,12.890000,12.460000,12.675000,6.889102,18289200
2009-03-02,12.515000,12.680000,12.190000,12.275000,6.671695,22989000
2009-03-03,12.320000,12.460000,11.755000,11.835000,6.432548,12226800
2009-03-04,11.910000,12.120000,11.780000,11.945000,6.492334,11401800
2009-03-05,11.805000,11.930000,11.400000,11.605000,6.307538,22642800
2009-03-06,11.620000,11.925000,11.320000,11.590000,6.299385,19932800
2009-03-09,11.470000,11.600000,11.240000,11.370000,6.179808,20237000
2009-03-10,11.415000,11.710000,11.385000,11.520000,6.261336,17170400
2009-03-11,11.650000,11.675000,11.480000,11.500000,6.250471,18785400
2009-03-12,11.520000,11.725000,11.410000,11.650000,6.331996,13032800
2009-03-13,11.750000,11.895000,11.715000,11.810000,6.418960,14314000
2009-03-16,11.940000,12.350000,11.890000,12.130000,6.592887,17967600
2009-03-17,12.165000,12.370000,12.035000,12.320000,6.696154,12627800
2009-03-18,12.320000,12.800000,12.170000,12.720000,6.913559,17795800
2009-03-19,12.855000,12.940000,12.680000,12.905000,7.014111,17495200
2009-03-20,12.785000,12.970000,12.630000,12.675000,6.965206,15713400
2009-03-23,12.920000,13.195000,12.805000,13.165000,7.234472,14104800
2009-03-24,13.100000,13.165000,12.880000,12.880000,7.077856,12890200
2009-03-25,12.960000,13.115000,12.675000,12.875000,7.075108,14151200
2009-03-26,12.960000,13.065000,12.720000,13.030000,7.160284,13922600
2009-03-27,12.965000,12.970000,12.810000,12.900000,7.088847,15390000
2009-03-30,12.680000,12.740000,12.485000,12.645000,6.948718,17798400
2009-03-31,12.680000,13.015000,12.625000,12.775000,7.020155,15403400
2009-04-01,12.610000,12.950000,12.485000,12.825000,7.047630,11081000
2009-04-02,13.090000,13.165000,12.795000,12.990000,7.138302,18623800
2009-04-03,13.085000,13.135000,12.950000,13.075000,7.185012,10420200
2009-04-06,12.965000,13.155000,12.865000,12.965000,7.124565,11021600
2009-04-07,12.870000,13.010000,12.705000,12.905000,7.091594,9097400
2009-04-08,12.935000,13.070000,12.835000,13.030000,7.160284,8950600
2009-04-09,13.270000,13.475000,12.905000,13.035000,7.163030,12327600
2009-04-13,13.005000,13.030000,12.795000,12.865000,7.069615,9148200
2009-04-14,12.760000,12.880000,12.645000,12.700000,6.978942,12807000
2009-04-15,12.635000,12.880000,12.635000,12.820000,7.044882,9851600
2009-04-16,12.870000,12.990000,12.785000,12.910000,7.094341,40656400
2009-04-17,12.940000,12.980000,12.815000,12.890000,7.083352,13649000
2009-04-20,12.760000,12.895000,12.735000,12.745000,7.003667,9955000
2009-04-21,12.745000,12.875000,12.715000,12.790000,7.028399,2376600
2009-04-22,12.745000,12.810000,12.595000,12.655000,6.954215,12536800
2009-04-23,12.695000,12.710000,12.570000,12.700000,6.978942,12980400
2009-04-24,12.730000,12.795000,12.565000,12.680000,6.967953,11440200
2009-04-27,12.510000,12.885000,12.505000,12.770000,7.017408,11312600
2009-04-28,12.660000,12.930000,12.655000,12.820000,7.044882,9082000
2009-04-29,12.855000,12.985000,12.835000,12.915000,7.097089,13377000
2009-04-30,12.955000,13.100000,12.780000,12.925000,7.102584,17077600
2009-05-01,13.075000,13.265000,12.850000,13.265000,7.289420,6983800
2009-05-04,13.300000,13.480000,13.210000,13.465000,7.399328,15229200
2009-05-05,13.440000,13.475000,13.285000,13.440000,7.385589,7705800
2009-05-06,13.575000,13.575000,13.295000,13.360000,7.341628,9706800
2009-05-07,13.365000,13.520000,13.335000,13.430000,7.380095,13806200
2009-05-08,13.490000,13.910000,13.450000,13.625000,7.487253,16211600
2009-05-11,13.510000,13.695000,13.490000,13.565000,7.454277,7803400
2009-05-12,13.650000,13.750000,13.535000,13.660000,7.506484,9010400
2009-05-13,13.530000,13.600000,13.280000,13.295000,7.305911,14817400
2009-05-14,13.350000,13.425000,13.125000,13.285000,7.300412,9007400
2009-05-15,13.200000,13.210000,12.830000,12.970000,7.127313,20801600
2009-05-18,13.060000,13.075000,12.825000,12.970000,7.127313,10848400
2009-05-19,12.995000,13.265000,12.960000,13.205000,7.256452,13592800
2009-05-20,13.265000,13.275000,12.955000,12.965000,7.124565,14184600
2009-05-21,12.840000,12.890000,12.760000,12.810000,7.039390,11570200
2009-05-22,12.780000,13.030000,12.780000,12.915000,7.097089,9785000
2009-05-26,12.830000,13.290000,12.790000,13.290000,7.303160,14246800
2009-05-27,13.315000,13.315000,12.990000,13.020000,7.154788,11873800
2009-05-28,13.040000,13.355000,13.040000,13.290000,7.303160,12950000
2009-05-29,13.315000,13.430000,13.175000,13.385000,7.355367,10360600
2009-06-01,13.485000,13.860000,13.430000,13.815000,7.591659,17635800
2009-06-02,13.755000,13.865000,13.640000,13.650000,7.500989,13052600
2009-06-03,13.610000,13.675000,13.290000,13.420000,7.374597,12674800
2009-06-04,13.505000,13.570000,13.425000,13.545000,7.443288,7206000
2009-06-05,13.715000,13.750000,13.440000,13.560000,7.451533,12327000
2009-06-08,13.585000,13.615000,13.325000,13.475000,7.404819,12834200
2009-06-09,13.505000,13.570000,13.380000,13.440000,7.385589,8099200
2009-06-10,13.540000,13.680000,13.470000,13.650000,7.500989,27226400
2009-06-11,13.695000,14.080000,13.650000,13.915000,7.646615,27251600
2009-06-12,13.840000,14.180000,13.750000,14.090000,7.742774,23854800
2009-06-15,13.995000,14.020000,13.685000,13.805000,7.586166,14234200
2009-06-16,13.855000,13.925000,13.680000,13.710000,7.533960,13608400
2009-06-17,13.725000,13.885000,13.665000,13.750000,7.555942,18168800
2009-06-18,13.790000,14.080000,13.770000,14.060000,7.726294,23837200
2009-06-19,13.950000,14.035000,13.705000,13.735000,7.633754,19960000
2009-06-22,13.670000,13.845000,13.580000,13.695000,7.611526,20484200
2009-06-23,13.695000,13.755000,13.520000,13.575000,7.544826,16793400
2009-06-24,13.645000,13.780000,13.585000,13.690000,7.608742,11261200
2009-06-25,13.800000,13.975000,13.565000,13.920000,7.736575,17455200
2009-06-26,13.915000,13.995000,13.790000,13.870000,7.708786,6678800
2009-06-29,13.950000,14.065000,13.840000,14.050000,7.808828,8966200
2009-06-30,14.185000,14.185000,13.785000,13.945000,7.750472,13243200
2009-07-01,13.950000,14.175000,13.925000,14.125000,7.850512,15529400
2009-07-02,14.000000,14.125000,13.705000,13.720000,7.625416,18944200
2009-07-06,13.645000,13.850000,13.565000,13.800000,7.669878,13281800
2009-07-07,13.855000,13.855000,13.500000,13.525000,7.517038,17148800
2009-07-08,13.545000,13.690000,13.360000,13.465000,7.483692,17561000
2009-07-09,13.490000,13.615000,13.350000,13.470000,7.486468,12672400
2009-07-10,13.485000,13.525000,13.350000,13.455000,7.478134,13236600
2009-07-13,13.455000,13.710000,13.375000,13.690000,7.608742,12579600
2009-07-14,13.775000,13.800000,13.610000,13.795000,7.667101,11578000
2009-07-15,13.970000,14.075000,13.830000,14.070000,7.819944,15265000
2009-07-16,14.045000,14.140000,13.875000,14.075000,7.822722,8756000
2009-07-17,14.145000,14.145000,13.885000,14.010000,7.786598,7596000
2009-07-20,14.010000,14.125000,13.920000,14.115000,7.844953,8794200
2009-07-21,14.165000,14.275000,14.110000,14.255000,7.922764,13569200
2009-07-22,14.255000,14.305000,14.125000,14.180000,7.881081,11785800
2009-07-23,14.205000,14.610000,14.170000,14.550000,8.086721,15589200
2009-07-24,14.550000,14.780000,14.455000,14.780000,8.214551,10510400
2009-07-27,14.755000,14.780000,14.640000,14.745000,8.195098,6353600
2009-07-28,14.730000,14.750000,14.385000,14.505000,8.061709,9412400
2009-07-29,14.450000,14.540000,14.265000,14.435000,8.022806,10645800
2009-07-30,14.600000,14.735000,14.495000,14.655000,8.145079,12898800
2009-07-31,14.615000,14.685000,14.460000,14.470000,8.042260,10675200
2009-08-03,14.535000,14.620000,14.445000,14.615000,8.122849,12321600
2009-08-04,14.570000,14.570000,14.385000,14.400000,8.003353,12990800
2009-08-05,14.470000,14.495000,14.205000,14.300000,7.947773,9034200
2009-08-06,14.370000,14.370000,14.230000,14.325000,7.961670,10230800
2009-08-07,14.400000,14.520000,14.325000,14.460000,8.036702,14344800
2009-08-10,14.455000,14.500000,14.295000,14.490000,8.053373,6442600
2009-08-11,14.480000,14.500000,14.365000,14.500000,8.058930,5669600
2009-08-12,14.510000,14.670000,14.400000,14.570000,8.097839,9098000
2009-08-13,14.585000,14.620000,14.430000,14.520000,8.070046,11472600
2009-08-14,14.465000,14.590000,14.375000,14.520000,8.070046,7126200
2009-08-17,14.350000,14.405000,14.290000,14.320000,7.958891,9564200
2009-08-18,14.420000,14.420000,14.250000,14.350000,7.975560,9345200
2009-08-19,14.325000,14.490000,14.285000,14.455000,8.033923,7654600
2009-08-20,14.490000,14.575000,14.400000,14.575000,8.100618,6626200
2009-08-21,14.615000,14.865000,14.600000,14.860000,8.259015,14245200
2009-08-24,14.895000,14.930000,14.780000,14.885000,8.272908,6479200
2009-08-25,14.885000,14.940000,14.785000,14.790000,8.220111,6565600
2009-08-26,14.805000,14.840000,14.680000,14.775000,8.211772,6671000
2009-08-27,14.805000,14.810000,14.670000,14.775000,8.211772,9706000
2009-08-28,14.795000,14.830000,14.655000,14.740000,8.192326,6695000
2009-08-31,14.705000,14.725000,14.575000,14.615000,8.122849,14720000
2009-09-01,14.560000,14.725000,14.475000,14.500000,8.058930,13162200
2009-09-02,14.445000,14.490000,14.350000,14.400000,8.003353,10472000
2009-09-03,14.465000,14.465000,14.310000,14.390000,7.997794,7518400
2009-09-04,14.465000,14.495000,14.370000,14.460000,8.036702,11043800
2009-09-08,14.570000,14.580000,14.435000,14.495000,8.056157,6193000
2009-09-09,14.490000,14.555000,14.460000,14.475000,8.045040,9241600
2009-09-10,14.450000,14.515000,14.380000,14.475000,8.045040,10601400
2009-09-11,14.500000,14.550000,14.435000,14.470000,8.042260,14205400
2009-09-14,14.430000,14.680000,14.400000,14.680000,8.158978,13520200
2009-09-15,14.690000,14.795000,14.595000,14.790000,8.220111,8370000
2009-09-16,14.835000,15.030000,14.710000,15.025000,8.350719,11341800
2009-09-17,15.000000,15.055000,14.905000,14.925000,8.295139,10708000
2009-09-18,14.775000,14.870000,14.775000,14.840000,8.333043,9569200
2009-09-21,14.760000,14.820000,14.655000,14.770000,8.293737,12258800
2009-09-22,14.835000,14.835000,14.700000,14.730000,8.271276,9885800
2009-09-23,14.750000,14.920000,14.665000,14.680000,8.243202,19368800
2009-09-24,14.685000,14.785000,14.640000,14.640000,8.220741,9617200
2009-09-25,14.625000,14.700000,14.595000,14.600000,8.198282,5916000
2009-09-28,14.640000,14.835000,14.585000,14.725000,8.268468,7440800
2009-09-29,14.805000,14.820000,14.665000,14.755000,8.285318,11010800
2009-09-30,14.810000,14.820000,14.580000,14.665000,8.234776,13267000
2009-10-01,14.680000,14.680000,14.390000,14.415000,8.094398,18486000
2009-10-02,14.295000,14.325000,14.210000,14.260000,8.007364,12871200
2009-10-05,14.265000,14.450000,14.175000,14.415000,8.094398,13698400
2009-10-06,14.460000,14.590000,14.415000,14.525000,8.156164,7927000
2009-10-07,14.500000,14.555000,14.430000,14.535000,8.161781,6563000
2009-10-08,14.625000,14.625000,14.510000,14.535000,8.161781,18317400
2009-10-09,14.560000,14.665000,14.480000,14.625000,8.212317,9148400
2009-10-12,14.620000,14.775000,14.620000,14.775000,8.296546,4933600
2009-10-13,14.720000,14.720000,14.610000,14.670000,8.237590,9727400
2009-10-14,14.735000,14.770000,14.600000,14.680000,8.243202,15955600
2009-10-15,14.645000,14.815000,14.645000,14.795000,8.307775,15067400
2009-10-16,14.725000,14.905000,14.680000,14.845000,8.335853,15137600
2009-10-19,14.850000,15.115000,14.790000,15.055000,8.453773,17785200
2009-10-20,15.085000,15.095000,14.845000,14.905000,8.369546,12402400
2009-10-21,14.900000,15.105000,14.885000,14.925000,8.380773,16686800
2009-10-22,14.940000,14.975000,14.805000,14.960000,8.400427,8429200
2009-10-23,15.005000,15.005000,14.670000,14.715000,8.262855,14337000
2009-10-26,14.740000,14.920000,14.475000,14.520000,8.153358,24405200
2009-10-27,14.570000,14.665000,14.435000,14.485000,8.133703,21525400
2009-10-28,14.480000,14.545000,14.320000,14.340000,8.052282,31477800
2009-10-29,14.400000,14.490000,14.315000,14.465000,8.122471,15075800
2009-10-30,14.460000,14.505000,14.175000,14.195000,7.970859,26520200
2009-11-02,14.255000,14.350000,14.050000,14.170000,7.956821,16569400
2009-11-03,14.170000,14.215000,14.090000,14.140000,7.939976,16763200
2009-11-04,14.190000,14.435000,14.175000,14.235000,7.993322,15900400
2009-11-05,14.330000,14.490000,14.320000,14.475000,8.128090,12965800
2009-11-06,14.440000,14.540000,14.390000,14.460000,8.119667,14428600
2009-11-09,14.535000,14.720000,14.515000,14.720000,8.265662,9505000
2009-11-10,14.680000,14.820000,14.665000,14.790000,8.304973,11047200
2009-11-11,14.870000,14.890000,14.710000,14.755000,8.285318,11596800
2009-11-12,14.735000,14.790000,14.540000,14.550000,8.170202,10920200
2009-11-13,14.580000,14.745000,14.525000,14.680000,8.243202,16998400
2009-11-16,14.790000,14.895000,14.745000,14.885000,8.358316,15589000
2009-11-17,14.920000,14.920000,14.770000,14.805000,8.313395,10863800
2009-11-18,14.800000,14.845000,14.720000,14.740000,8.276895,9522800
2009-11-19,14.705000,14.740000,14.520000,14.560000,8.175819,12387200
2009-11-20,14.525000,14.625000,14.515000,14.625000,8.212317,14961400
2009-11-23,14.755000,14.875000,14.700000,14.810000,8.316197,14809800
2009-11-24,14.845000,14.870000,14.740000,14.840000,8.333043,14683800
2009-11-25,14.845000,15.045000,14.840000,15.010000,8.428501,12641400
2009-11-27,14.800000,14.910000,14.685000,14.755000,8.285318,11985000
2009-11-30,14.825000,14.905000,14.755000,14.880000,8.355510,11441200
2009-12-01,14.990000,15.165000,14.955000,15.160000,8.512732,21079200
2009-12-02,15.210000,15.365000,15.165000,15.365000,8.627846,26181000
2009-12-03,15.415000,15.525000,15.300000,15.415000,8.655922,19928400
2009-12-04,15.570000,15.610000,15.140000,15.320000,8.602580,40697200
2009-12-07,15.415000,15.540000,15.190000,15.455000,8.678383,22234200
2009-12-08,15.460000,15.465000,15.270000,15.390000,8.641887,30401200
2009-12-09,15.420000,15.460000,15.325000,15.445000,8.672771,19806600
2009-12-10,15.580000,15.685000,15.495000,15.640000,8.782269,24120600
2009-12-11,15.715000,15.910000,15.640000,15.910000,8.933878,25049400
2009-12-14,16.010000,16.040001,15.880000,15.985000,8.975994,27626200
2009-12-15,15.915000,15.935000,15.815000,15.885000,8.919838,13724800
2009-12-16,15.935000,15.975000,15.810000,15.815000,8.880536,24749600
2009-12-17,15.760000,15.840000,15.680000,15.725000,8.829997,17811000
2009-12-18,15.705000,15.735000,15.515000,15.675000,8.906419,22362000
2009-12-21,15.725000,15.790000,15.675000,15.720000,8.931985,10671800
2009-12-22,15.790000,15.805000,15.575000,15.590000,8.858121,21422200
2009-12-23,15.675000,15.675000,15.550000,15.625000,8.878010,10412200
2009-12-24,15.685000,15.755000,15.620000,15.740000,8.943348,3986400
2009-12-28,15.750000,15.800000,15.690000,15.750000,8.949032,19215000
2009-12-29,15.790000,15.820000,15.740000,15.740000,8.943348,9312600
2009-12-30,15.740000,15.785000,15.700000,15.735000,8.940512,4629600
2009-12-31,15.800000,15.805000,15.500000,15.510000,8.812665,11013800
2010-01-04,15.640000,15.680000,15.505000,15.540000,8.829711,16435200
2010-01-05,15.495000,15.585000,15.280000,15.355000,8.724600,36047400
2010-01-06,15.345000,15.500000,15.345000,15.445000,8.775736,25490200
2010-01-07,15.425000,15.435000,15.320000,15.375000,8.735962,13126200
2010-01-08,15.355000,15.395000,15.260000,15.360000,8.727438,12535200
2010-01-11,15.400000,15.550000,15.375000,15.520000,8.818347,17749000
2010-01-12,15.475000,15.580000,15.395000,15.455000,8.781415,16655000
2010-01-13,15.495000,15.630000,15.430000,15.625000,8.878010,15719000
2010-01-14,15.605000,15.645000,15.485000,15.555000,8.838235,9633200
2010-01-15,15.445000,15.520000,15.290000,15.455000,8.781415,25421400
2010-01-19,15.460000,15.650000,15.420000,15.635000,8.883692,11792800
2010-01-20,15.580000,15.580000,15.330000,15.470000,8.789939,19039400
2010-01-21,15.490000,15.580000,15.200000,15.245000,8.662096,25810600
2010-01-22,15.250000,15.250000,14.910000,14.910000,8.471749,25406200
2010-01-25,15.050000,15.070000,14.875000,15.010000,8.528566,14953600
2010-01-26,15.000000,15.130000,14.920000,15.070000,8.562665,15081800
2010-01-27,15.075000,15.075000,14.785000,14.970000,8.505844,28596200
2010-01-28,14.950000,15.060000,14.775000,14.855000,8.440497,28124400
2010-01-29,14.855000,14.945000,14.740000,14.765000,8.389361,19145600
2010-02-01,14.780000,14.870000,14.675000,14.860000,8.443340,13365800
2010-02-02,14.895000,14.990000,14.735000,14.980000,8.511522,13107200
2010-02-03,14.900000,14.955000,14.830000,14.875000,8.451863,7964800
2010-02-04,14.805000,14.835000,14.485000,14.485000,8.230268,14481600
2010-02-05,14.515000,14.515000,14.230000,14.460000,8.216065,19976600
2010-02-08,14.475000,14.560000,14.290000,14.295000,8.122313,10247000
2010-02-09,14.420000,14.605000,14.370000,14.440000,8.204700,17430600
2010-02-10,14.470000,14.470000,14.250000,14.375000,8.167768,13144400
2010-02-11,14.390000,14.480000,14.225000,14.460000,8.216065,16220000
2010-02-12,14.375000,14.415000,14.275000,14.405000,8.184813,20124600
2010-02-16,14.425000,14.660000,14.425000,14.655000,8.326859,12028800
2010-02-17,14.725000,14.745000,14.565000,14.595000,8.292770,12895200
2010-02-18,14.515000,14.720000,14.500000,14.675000,8.338225,11053800
2010-02-19,14.655000,14.940000,14.595000,14.880000,8.454708,11193200
2010-02-22,14.995000,15.030000,14.790000,14.800000,8.409247,11315400
2010-02-23,14.755000,14.825000,14.660000,14.700000,8.352430,11088600
2010-02-24,14.740000,14.765000,14.555000,14.715000,8.360953,9981600
2010-02-25,14.530000,14.690000,14.450000,14.685000,8.343905,14762800
2010-02-26,14.650000,14.720000,14.555000,14.570000,8.278561,16631400
2010-03-01,14.620000,14.805000,14.615000,14.780000,8.397889,9867200
2010-03-02,14.790000,14.890000,14.790000,14.825000,8.423454,9431000
2010-03-03,14.855000,14.920000,14.775000,14.800000,8.409247,7253400
2010-03-04,14.830000,14.840000,14.730000,14.830000,8.426294,10821600
2010-03-05,14.895000,15.005000,14.840000,14.980000,8.511522,10381000
2010-03-08,15.040000,15.040000,14.975000,14.980000,8.511522,6968800
2010-03-09,14.965000,15.000000,14.930000,14.960000,8.500158,7874400
2010-03-10,14.985000,15.000000,14.895000,14.965000,8.503001,7696400
2010-03-11,14.950000,15.020000,14.895000,15.015000,8.531412,7329600
2010-03-12,15.035000,15.065000,14.885000,14.920000,8.477432,11438600
2010-03-15,14.915000,14.985000,14.875000,14.975000,8.508682,7583800
2010-03-16,14.955000,15.160000,14.945000,15.150000,8.608116,11058400
2010-03-17,15.190000,15.225000,15.120000,15.200000,8.636528,11782200
2010-03-18,15.170000,15.250000,15.090000,15.130000,8.596753,8634200
2010-03-19,14.980000,15.085000,14.875000,14.980000,8.587294,11532000
2010-03-22,14.920000,14.945000,14.830000,14.880000,8.529973,10220400
2010-03-23,14.915000,14.940000,14.840000,14.940000,8.564363,11646600
2010-03-24,14.890000,14.940000,14.765000,14.785000,8.475511,13198800
2010-03-25,14.810000,14.855000,14.675000,14.690000,8.421050,20968200
2010-03-26,14.685000,14.785000,14.650000,14.725000,8.441116,16545200
2010-03-29,14.780000,14.910000,14.765000,14.905000,8.544298,17222600
2010-03-30,14.885000,14.970000,14.860000,14.865000,8.521367,11132000
2010-03-31,14.845000,14.910000,14.750000,14.830000,8.501302,12073800
2010-04-01,14.900000,15.060000,14.880000,15.035000,8.618823,10571000
2010-04-05,15.070000,15.125000,15.010000,15.125000,8.670415,7100400
2010-04-06,15.005000,15.250000,15.005000,15.250000,8.742073,8051200
2010-04-07,15.205000,15.220000,15.050000,15.100000,8.656082,11670800
2010-04-08,15.035000,15.070000,14.965000,15.010000,8.604490,9547800
2010-04-09,15.025000,15.120000,14.910000,15.120000,8.667548,13211400
2010-04-12,15.135000,15.200000,15.125000,15.160000,8.690479,9267400
2010-04-13,15.160000,15.160000,15.000000,15.080000,8.644619,10481200
2010-04-14,15.075000,15.130000,15.020000,15.095000,8.653216,9546400
2010-04-15,15.065000,15.110000,15.010000,15.090000,8.650352,9531400
2010-04-16,15.060000,15.090000,14.880000,14.915000,8.550032,15365200
2010-04-19,14.890000,14.960000,14.840000,14.930000,8.558630,10571000
2010-04-20,15.025000,15.120000,15.000000,15.120000,8.667548,7268200
2010-04-21,15.135000,15.160000,15.035000,15.135000,8.676147,10072800
2010-04-22,15.065000,15.205000,15.030000,15.185000,8.704811,4094800
2010-04-23,15.195000,15.315000,15.095000,15.305000,8.773601,8979600
2010-04-26,15.300000,15.355000,15.240000,15.250000,8.742073,11291000
2010-04-27,15.190000,15.290000,14.975000,14.990000,8.593026,12714400
2010-04-28,15.050000,15.165000,14.985000,15.145000,8.681882,13879400
2010-04-29,15.190000,15.275000,15.110000,15.160000,8.690479,6558000
2010-04-30,15.175000,15.370000,15.165000,15.220000,8.724873,9983000
2010-05-03,15.280000,15.455000,15.230000,15.415000,8.836658,11307400
2010-05-04,15.325000,15.350000,15.075000,15.150000,8.684746,18681600
2010-05-05,15.030000,15.235000,14.975000,15.045000,8.624556,18379000
2010-05-06,14.995000,15.040000,12.880000,14.630000,8.386654,36348600
2010-05-07,14.505000,14.805000,14.340000,14.550000,8.340797,35338200
2010-05-10,14.890000,15.095000,14.815000,15.000000,8.598758,19012200
2010-05-11,14.925000,15.190000,14.860000,15.030000,8.615957,14452200
2010-05-12,15.050000,15.200000,14.985000,15.155000,8.687612,10453800
2010-05-13,15.150000,15.295000,15.070000,15.090000,8.650352,14102600
2010-05-14,15.025000,15.115000,14.890000,14.965000,8.578697,15085400
2010-05-17,15.000000,15.050000,14.750000,14.980000,8.587294,16954600
2010-05-18,15.050000,15.105000,14.810000,14.835000,8.504172,15573400
2010-05-19,14.775000,14.830000,14.585000,14.685000,8.418184,17104800
2010-05-20,14.460000,14.505000,14.225000,14.245000,8.165954,22447800
2010-05-21,14.035000,14.325000,14.000000,14.310000,8.203217,19750800
2010-05-24,14.305000,14.410000,14.170000,14.175000,8.125828,13608400
2010-05-25,13.910000,14.110000,13.720000,14.100000,8.082830,27062600
2010-05-26,14.245000,14.265000,14.025000,14.095000,8.079968,15142600
2010-05-27,14.210000,14.375000,14.195000,14.365000,8.234743,10844800
2010-05-28,14.385000,14.510000,14.325000,14.380000,8.243346,14656800
2010-06-01,14.300000,14.350000,14.035000,14.045000,8.051303,21627200
2010-06-02,14.120000,14.355000,14.045000,14.340000,8.220413,12254000
2010-06-03,14.365000,14.505000,14.360000,14.490000,8.306401,13973800
2010-06-04,14.325000,14.350000,14.015000,14.060000,8.059907,17779200
2010-06-07,14.170000,14.340000,14.060000,14.145000,8.108631,15210600
2010-06-08,14.125000,14.360000,14.085000,14.330000,8.214681,22054000
2010-06-09,14.430000,14.435000,14.210000,14.250000,8.168822,12348400
2010-06-10,14.355000,14.625000,14.355000,14.600000,8.369460,12381600
2010-06-11,14.465000,14.625000,14.435000,14.610000,8.375191,12052200
2010-06-14,14.690000,14.800000,14.665000,14.695000,8.423916,10818000
2010-06-15,14.795000,14.980000,14.770000,14.980000,8.587294,9565200
2010-06-16,14.855000,15.125000,14.855000,15.075000,8.641754,12673000
2010-06-17,15.130000,15.195000,14.965000,15.185000,8.704811,14704000
2010-06-18,15.045000,15.075000,14.975000,15.040000,8.712629,9589400
2010-06-21,15.120000,15.170000,14.860000,14.935000,8.651806,12426600
2010-06-22,14.935000,14.940000,14.530000,14.565000,8.437466,21313400
2010-06-23,14.560000,14.570000,14.350000,14.435000,8.362158,24847000
2010-06-24,14.380000,14.560000,14.345000,14.355000,8.315814,14830200
2010-06-25,14.395000,14.480000,14.250000,14.420000,8.353469,7795400
2010-06-28,14.465000,14.590000,14.335000,14.515000,8.408498,12941400
2010-06-29,14.380000,14.385000,14.160000,14.220000,8.237607,17480800
2010-06-30,14.170000,14.370000,14.075000,14.130000,8.185466,12950200
2010-07-01,14.105000,14.155000,13.960000,14.065000,8.147816,19978200
2010-07-02,14.090000,14.170000,14.040000,14.080000,8.156505,12074400
2010-07-06,14.200000,14.325000,14.115000,14.245000,8.252089,17568600
2010-07-07,14.250000,14.705000,14.245000,14.685000,8.506979,14888200
2010-07-08,14.730000,14.820000,14.680000,14.800000,8.573598,12771200
2010-07-09,14.775000,14.920000,14.730000,14.900000,8.631531,14533400
2010-07-12,14.880000,14.965000,14.815000,14.950000,8.660496,8277400
2010-07-13,15.025000,15.095000,14.915000,15.000000,8.689458,17669000
2010-07-14,14.915000,15.025000,14.855000,15.005000,8.692354,12643000
2010-07-15,15.000000,15.145000,14.905000,15.105000,8.750285,15523800
2010-07-16,15.040000,15.090000,14.830000,14.845000,8.599669,16470400
2010-07-19,14.900000,15.125000,14.875000,15.075000,8.732907,13888600
2010-07-20,14.845000,15.220000,14.845000,15.210000,8.811110,13489000
2010-07-21,15.200000,15.210000,14.900000,14.975000,8.674977,13232600
2010-07-22,15.100000,15.290000,15.100000,15.215000,8.814008,11061800
2010-07-23,15.225000,15.260000,15.105000,15.240000,8.828487,14276200
2010-07-26,15.225000,15.350000,15.225000,15.350000,8.892216,10119600
2010-07-27,15.410000,15.600000,15.360000,15.575000,9.022556,43369400
2010-07-28,15.570000,15.575000,15.470000,15.500000,8.979110,16131000
2010-07-29,15.515000,15.595000,15.205000,15.260000,8.840076,16620400
2010-07-30,15.175000,15.265000,15.085000,15.185000,8.796629,18165000
2010-08-02,15.390000,15.500000,15.320000,15.500000,8.979110,15250200
2010-08-03,15.450000,15.560000,15.405000,15.425000,8.935661,8486600
2010-08-04,15.455000,15.490000,15.330000,15.490000,8.973312,10249600
2010-08-05,15.370000,15.475000,15.330000,15.465000,8.958836,7330600
2010-08-06,15.390000,15.500000,15.275000,15.495000,8.976212,12657000
2010-08-09,15.525000,15.620000,15.515000,15.550000,9.008072,9402200
2010-08-10,15.505000,15.725000,15.405000,15.640000,9.060208,18455400
2010-08-11,15.445000,15.470000,15.320000,15.325000,8.877729,19026000
2010-08-12,15.190000,15.345000,15.155000,15.295000,8.860355,12927800
2010-08-13,15.255000,15.450000,15.240000,15.350000,8.892216,11767000
2010-08-16,15.295000,15.390000,15.165000,15.350000,8.892216,16903000
2010-08-17,15.505000,15.590000,15.390000,15.500000,8.979110,13938200
2010-08-18,15.470000,15.525000,15.300000,15.415000,8.929868,41010200
2010-08-19,15.350000,15.380000,15.105000,15.195000,8.802419,20176600
2010-08-20,15.170000,15.265000,15.075000,15.235000,8.825594,16249400
2010-08-23,15.275000,15.455000,15.270000,15.335000,8.883522,11017400
2010-08-24,15.220000,15.465000,15.180000,15.360000,8.898008,27474800
2010-08-25,15.300000,15.385000,15.175000,15.350000,8.892216,21369800
2010-08-26,15.400000,15.400000,15.235000,15.280000,8.851664,13720800
2010-08-27,15.285000,15.575000,15.215000,15.570000,9.019660,19852400
2010-08-30,15.555000,15.570000,15.335000,15.335000,8.883522,16778600
2010-08-31,15.305000,15.470000,15.200000,15.405000,8.924074,17872800
2010-09-01,15.525000,15.765000,15.475000,15.740000,9.118137,16499800
2010-09-02,15.760000,15.780000,15.605000,15.740000,9.118137,12004000
2010-09-03,15.785000,15.820000,15.675000,15.810000,9.158691,10712400
2010-09-07,15.780000,15.870000,15.725000,15.730000,9.112346,9845600
2010-09-08,15.770000,15.810000,15.645000,15.655000,9.068898,9777800
2010-09-09,15.760000,15.845000,15.750000,15.810000,9.158691,10796400
2010-09-10,15.780000,15.780000,15.660000,15.720000,9.106552,12463400
2010-09-13,15.865000,15.865000,15.750000,15.775000,9.138413,9892000
2010-09-14,15.775000,15.820000,15.670000,15.755000,9.126828,10363000
2010-09-15,15.730000,15.740000,15.620000,15.665000,9.074694,11759800
2010-09-16,15.640000,15.670000,15.545000,15.610000,9.042829,10643400
2010-09-17,15.530000,15.545000,15.380000,15.425000,9.027323,19927800
2010-09-20,15.490000,15.645000,15.425000,15.630000,9.147295,11506200
2010-09-21,15.645000,15.665000,15.515000,15.550000,9.100480,14737200
2010-09-22,15.540000,15.720000,15.540000,15.660000,9.164854,16023600
2010-09-23,15.575000,15.660000,15.465000,15.480000,9.059508,13658800
2010-09-24,15.650000,15.775000,15.630000,15.730000,9.205821,9945200
2010-09-27,15.755000,15.840000,15.710000,15.760000,9.223377,18805600
2010-09-28,15.780000,15.840000,15.655000,15.770000,9.229229,10299000
2010-09-29,15.755000,15.800000,15.635000,15.740000,9.211671,9843800
2010-09-30,15.825000,15.855000,15.655000,15.690000,9.182410,22046400
2010-10-01,15.705000,15.825000,15.670000,15.775000,9.232157,12853600
2010-10-04,15.795000,15.875000,15.665000,15.745000,9.214600,9365000
2010-10-05,15.850000,15.935000,15.820000,15.920000,9.317015,9052400
2010-10-06,15.920000,15.930000,15.785000,15.845000,9.273124,9211400
2010-10-07,15.900000,15.945000,15.815000,15.875000,9.290678,7399000
2010-10-08,15.900000,15.940000,15.825000,15.925000,9.319940,7682400
2010-10-11,15.950000,15.985000,15.880000,15.930000,9.322866,7472200
2010-10-12,15.970000,15.970000,15.790000,15.865000,9.284827,8046800
2010-10-13,15.995000,15.995000,15.865000,15.925000,9.319940,8168200
2010-10-14,15.930000,15.985000,15.830000,15.900000,9.305311,8283200
2010-10-15,15.995000,16.000000,15.865000,15.950000,9.334571,11576200
2010-10-18,15.985000,16.135000,15.950000,15.950000,9.334571,8886600
2010-10-19,15.990000,16.105000,15.925000,15.980000,9.352130,16859400
2010-10-20,16.025000,16.200001,16.020000,16.110001,9.428215,7856000
2010-10-21,16.150000,16.195000,15.950000,16.040001,9.387245,11776400
2010-10-22,16.049999,16.065001,15.875000,15.935000,9.325795,8583800
2010-10-25,16.040001,16.040001,15.865000,15.900000,9.305311,10554800
2010-10-26,15.855000,15.885000,15.785000,15.860000,9.281898,7779400
2010-10-27,15.780000,15.805000,15.625000,15.795000,9.243859,12007600
2010-10-28,15.865000,15.890000,15.760000,15.835000,9.267270,10752600
2010-10-29,15.780000,15.890000,15.735000,15.860000,9.281898,8346800
2010-11-01,15.920000,15.980000,15.630000,15.705000,9.191193,14694400
2010-11-02,15.810000,15.930000,15.810000,15.890000,9.299460,8272200
2010-11-03,15.940000,15.960000,15.750000,15.860000,9.281898,17265000
2010-11-04,16.055000,16.055000,15.955000,16.030001,9.381390,17655200
2010-11-05,16.010000,16.049999,15.960000,16.025000,9.378467,10714800
2010-11-08,16.004999,16.004999,15.875000,15.935000,9.325795,7557000
2010-11-09,15.965000,16.014999,15.830000,15.880000,9.293609,18789200
2010-11-10,15.860000,15.900000,15.700000,15.810000,9.252636,15469800
2010-11-11,15.770000,15.805000,15.735000,15.800000,9.246789,9815200
2010-11-12,15.750000,15.750000,15.605000,15.670000,9.170706,14602000
2010-11-15,15.725000,15.815000,15.715000,15.725000,9.202897,7232800
2010-11-16,15.670000,15.690000,15.450000,15.540000,9.094622,18491800
2010-11-17,15.560000,15.595000,15.495000,15.535000,9.091701,10805600
2010-11-18,15.655000,15.665000,15.550000,15.625000,9.144364,8854800
2010-11-19,15.580000,15.635000,15.455000,15.565000,9.109252,8741000
2010-11-22,15.545000,15.635000,15.455000,15.610000,9.135591,8572600
2010-11-23,15.500000,15.500000,15.385000,15.440000,9.036100,12616000
2010-11-24,15.530000,15.545000,15.470000,15.535000,9.091701,6615600
2010-11-26,15.450000,15.555000,15.400000,15.430000,9.030248,3941400
2010-11-29,15.385000,15.425000,15.255000,15.400000,9.012691,12282000
2010-11-30,15.270000,15.445000,15.270000,15.380000,9.000986,11269200
2010-12-01,15.550000,15.580000,15.460000,15.560000,9.106329,11565000
2010-12-02,15.540000,15.605000,15.485000,15.605000,9.132667,18892400
2010-12-03,15.550000,15.655000,15.510000,15.640000,9.153150,11822800
2010-12-06,15.635000,15.655000,15.575000,15.595000,9.126813,8320800
2010-12-07,15.675000,15.710000,15.475000,15.490000,9.065362,19984800
2010-12-08,15.525000,15.555000,15.400000,15.435000,9.033177,16934200
2010-12-09,15.510000,15.520000,15.420000,15.500000,9.071214,12822600
2010-12-10,15.530000,15.585000,15.520000,15.560000,9.106329,8993600
2010-12-13,15.590000,15.675000,15.575000,15.635000,9.150224,12745600
2010-12-14,15.680000,15.735000,15.640000,15.675000,9.173629,10134000
2010-12-15,15.645000,15.695000,15.535000,15.540000,9.094622,21285800
2010-12-16,15.555000,15.685000,15.480000,15.680000,9.176557,11197600
2010-12-17,15.485000,15.575000,15.410000,15.575000,9.224236,12318200
2010-12-20,15.610000,15.640000,15.535000,15.595000,9.236077,9991400
2010-12-21,15.610000,15.655000,15.580000,15.600000,9.239040,6415000
2010-12-22,15.600000,15.710000,15.600000,15.670000,9.280495,6778600
2010-12-23,15.690000,15.730000,15.650000,15.680000,9.286418,5746400
2010-12-27,15.680000,15.750000,15.620000,15.690000,9.292340,4283200
2010-12-28,15.710000,15.745000,15.640000,15.745000,9.324917,2358200
2010-12-29,15.770000,15.770000,15.660000,15.690000,9.292340,3709400
2010-12-30,15.670000,15.735000,15.645000,15.665000,9.277534,4951400
2010-12-31,15.665000,15.730000,15.645000,15.670000,9.280495,4342600
2011-01-03,15.735000,15.785000,15.665000,15.745000,9.324917,7072800
2011-01-04,15.745000,15.855000,15.650000,15.820000,9.369332,9963000
2011-01-05,15.770000,15.785000,15.700000,15.720000,9.310108,9191200
2011-01-06,15.735000,15.750000,15.620000,15.735000,9.318994,11414200
2011-01-07,15.760000,15.800000,15.645000,15.790000,9.351566,10184000
2011-01-10,15.750000,15.750000,15.615000,15.705000,9.301226,12711200
2011-01-11,15.765000,15.795000,15.680000,15.730000,9.316030,6373400
2011-01-12,15.770000,15.885000,15.770000,15.810000,9.363411,8379200
2011-01-13,15.820000,15.835000,15.725000,15.795000,9.354527,13599600
2011-01-14,15.775000,15.880000,15.745000,15.870000,9.398950,11002200
2011-01-18,15.870000,15.925000,15.840000,15.910000,9.422635,7189400
2011-01-19,15.920000,15.945000,15.845000,15.870000,9.398950,9643800
2011-01-20,15.890000,16.035000,15.875000,15.990000,9.470016,17218600
2011-01-21,16.090000,16.090000,15.940000,15.975000,9.461132,15210000
2011-01-24,16.010000,16.105000,15.975000,16.065001,9.514435,7322000
2011-01-25,16.035000,16.100000,15.970000,16.040001,9.499626,17033800
2011-01-26,16.059999,16.059999,15.935000,15.980000,9.464093,11109200
2011-01-27,15.935000,16.080000,15.935000,16.040001,9.499626,7008800
2011-01-28,16.049999,16.075001,15.820000,15.825000,9.372294,11324800
2011-01-31,15.900000,15.920000,15.825000,15.860000,9.393023,8025800
2011-02-01,15.945000,16.025000,15.880000,16.020000,9.487783,10587800
2011-02-02,15.975000,16.004999,15.920000,15.935000,9.437445,6290000
2011-02-03,15.920000,16.020000,15.855000,16.000000,9.475937,14835600
2011-02-04,15.980000,16.010000,15.800000,15.900000,9.416711,9854400
2011-02-07,15.895000,16.014999,15.885000,16.004999,9.478898,7444400
2011-02-08,16.020000,16.025000,15.955000,16.000000,9.475937,7482400
2011-02-09,15.980000,16.020000,15.915000,16.000000,9.475937,8580400
2011-02-10,15.985000,16.045000,15.975000,16.030001,9.493705,8491800
2011-02-11,16.000000,16.090000,15.970000,16.000000,9.475937,18505600
2011-02-14,15.990000,16.010000,15.825000,15.885000,9.407829,8268800
2011-02-15,15.885000,15.960000,15.825000,15.935000,9.437445,6451200
2011-02-16,15.960000,15.980000,15.815000,15.900000,9.416711,10826000
2011-02-17,15.935000,15.980000,15.890000,15.930000,9.434482,16347400
2011-02-18,15.940000,15.980000,15.900000,15.955000,9.449286,5956600
2011-02-22,15.845000,15.940000,15.815000,15.885000,9.407829,12023800
2011-02-23,15.865000,15.945000,15.835000,15.850000,9.387102,10828800
2011-02-24,15.815000,15.885000,15.745000,15.790000,9.351566,14174800
2011-02-25,15.820000,15.890000,15.780000,15.880000,9.404867,7893600
2011-02-28,15.930000,16.115000,15.900000,16.055000,9.508513,24599200
2011-03-01,16.000000,16.120001,15.890000,15.895000,9.413752,24309400
2011-03-02,15.900000,15.965000,15.860000,15.920000,9.428558,11519600
2011-03-03,15.995000,16.129999,15.995000,16.100000,9.535160,11559200
2011-03-04,16.084999,16.115000,15.885000,16.004999,9.478898,14649400
2011-03-07,16.070000,16.190001,16.025000,16.065001,9.514435,21593600
2011-03-08,16.120001,16.280001,16.065001,16.245001,9.621038,13439600
2011-03-09,16.250000,16.445000,16.225000,16.410000,9.718761,26197800
2011-03-10,16.350000,16.355000,16.215000,16.225000,9.609194,21682400
2011-03-11,16.200001,16.320000,16.170000,16.260000,9.629923,10041400
2011-03-14,16.080000,16.100000,15.935000,16.045000,9.502589,37921200
2011-03-15,15.750000,15.825000,15.685000,15.740000,9.321951,28467800
2011-03-16,15.715000,15.755000,15.370000,15.495000,9.176854,30599600
2011-03-17,15.640000,15.650000,15.395000,15.515000,9.188697,24023200
2011-03-18,15.535000,15.575000,15.375000,15.440000,9.234449,18186600
2011-03-21,15.605000,15.670000,15.545000,15.620000,9.342108,10172400
2011-03-22,15.645000,15.720000,15.580000,15.645000,9.357062,14535200
2011-03-23,15.630000,15.670000,15.540000,15.635000,9.351080,11242400
2011-03-24,15.740000,15.740000,15.595000,15.700000,9.389953,12390800
2011-03-25,15.700000,15.765000,15.680000,15.695000,9.386962,6790400
2011-03-28,15.705000,15.790000,15.640000,15.640000,9.354071,9175800
2011-03-29,15.650000,15.810000,15.605000,15.795000,9.446773,10875200
2011-03-30,15.875000,16.035000,15.835000,15.975000,9.554430,11194800
2011-03-31,15.970000,15.985000,15.900000,15.935000,9.530505,10989600
2011-04-01,16.045000,16.075001,15.975000,16.059999,9.605265,12332800
2011-04-04,16.100000,16.100000,15.995000,16.049999,9.599284,7944600
2011-04-05,16.045000,16.059999,15.975000,15.985000,9.560409,8041000
2011-04-06,16.059999,16.129999,16.010000,16.100000,9.629190,7532400
2011-04-07,16.075001,16.100000,15.975000,16.035000,9.590311,10674000
2011-04-08,16.110001,16.120001,15.920000,15.990000,9.563401,11903200
2011-04-11,15.960000,15.990000,15.745000,15.780000,9.437803,18690200
2011-04-12,15.740000,15.815000,15.675000,15.740000,9.413875,17059400
2011-04-13,15.800000,15.910000,15.780000,15.780000,9.437803,10589000
2011-04-14,15.710000,15.910000,15.700000,15.875000,9.494621,11559000
2011-04-15,15.920000,16.100000,15.900000,16.049999,9.599284,14303400
2011-04-18,15.955000,16.004999,15.815000,15.910000,9.515553,14290800
2011-04-19,15.940000,15.945000,15.865000,15.915000,9.518542,11314200
2011-04-20,16.045000,16.135000,16.020000,16.120001,9.641152,11726000
2011-04-21,16.115000,16.135000,16.059999,16.120001,9.641152,8090800
2011-04-25,16.135000,16.170000,16.084999,16.139999,9.653113,5010600
2011-04-26,16.150000,16.290001,16.150000,16.270000,9.730863,10600000
2011-04-27,16.320000,16.430000,16.280001,16.400000,9.808615,12214600
2011-04-28,16.389999,16.559999,16.379999,16.545000,9.895337,13518800
2011-04-29,16.530001,16.590000,16.480000,16.580000,9.916272,17452400
2011-05-02,16.610001,16.660000,16.559999,16.584999,9.919258,11099600
2011-05-03,16.590000,16.805000,16.530001,16.690001,9.982062,32839800
2011-05-04,16.690001,16.715000,16.565001,16.670000,9.970098,17286400
2011-05-05,16.650000,16.660000,16.480000,16.549999,9.898327,11400000
2011-05-06,16.715000,16.770000,16.580000,16.645000,9.955148,11475000
2011-05-09,16.625000,16.695000,16.555000,16.680000,9.976081,7834600
2011-05-10,16.754999,16.959999,16.725000,16.920000,10.119617,17104800
2011-05-11,16.920000,16.920000,16.775000,16.865000,10.086727,8195800
2011-05-12,16.865000,17.049999,16.834999,17.035000,10.188396,11752600
2011-05-13,17.075001,17.084999,16.865000,16.955000,10.140555,13820200
2011-05-16,16.995001,17.125000,16.940001,16.975000,10.152517,16215400
2011-05-17,16.930000,17.105000,16.930000,17.100000,10.227274,17104400
2011-05-18,17.090000,17.115000,16.950001,17.045000,10.194382,10899400
2011-05-19,17.049999,17.120001,17.004999,17.084999,10.218303,6387600
2011-05-20,17.070000,17.150000,16.990000,17.065001,10.206344,8945600
2011-05-23,16.910000,17.045000,16.860001,16.865000,10.086727,12000000
2011-05-24,16.870001,16.940001,16.834999,16.850000,10.077753,8917200
2011-05-25,16.809999,16.895000,16.674999,16.815001,10.056820,12491000
2011-05-26,16.775000,16.834999,16.680000,16.809999,10.053828,7598600
2011-05-27,16.840000,16.905001,16.780001,16.809999,10.053828,9001800
2011-05-31,16.955000,16.965000,16.834999,16.934999,10.128592,12757400
2011-06-01,16.920000,16.930000,16.754999,16.760000,10.023926,14331600
2011-06-02,16.745001,16.750000,16.594999,16.709999,9.994022,12404600
2011-06-03,16.555000,16.690001,16.490000,16.594999,9.925239,12185800
2011-06-06,16.565001,16.594999,16.469999,16.520000,9.880385,10595000
2011-06-07,16.584999,16.695000,16.535000,16.540001,9.892348,20259800
2011-06-08,16.565001,16.625000,16.504999,16.580000,9.916272,16019400
2011-06-09,16.610001,16.665001,16.514999,16.594999,9.925239,11380200
2011-06-10,16.545000,16.590000,16.485001,16.485001,9.859454,16675400
2011-06-13,16.540001,16.620001,16.469999,16.559999,9.904310,10379400
2011-06-14,16.700001,16.700001,16.520000,16.625000,9.943183,14234000
2011-06-15,16.545000,16.645000,16.375000,16.420000,9.820577,15316400
2011-06-16,16.459999,16.615000,16.445000,16.549999,9.898327,16501800
2011-06-17,16.555000,16.584999,16.455000,16.495001,9.966000,15256400
2011-06-20,16.455000,16.594999,16.385000,16.590000,10.023394,8390200
2011-06-21,16.655001,16.680000,16.545000,16.600000,10.029437,10242400
2011-06-22,16.570000,16.594999,16.465000,16.490000,9.962974,10220000
2011-06-23,16.379999,16.395000,16.215000,16.350000,9.878392,19106000
2011-06-24,16.389999,16.530001,16.379999,16.400000,9.908600,10382000
2011-06-27,16.415001,16.549999,16.415001,16.520000,9.981100,7287600
2011-06-28,16.525000,16.635000,16.510000,16.594999,10.026416,11499000
2011-06-29,16.650000,16.709999,16.590000,16.705000,10.092875,11853800
2011-06-30,16.745001,16.754999,16.610001,16.740000,10.114020,8926000
2011-07-01,16.740000,16.965000,16.719999,16.940001,10.234862,18167800
2011-07-05,16.934999,16.950001,16.815001,16.840000,10.174439,11913200
2011-07-06,16.825001,16.924999,16.764999,16.875000,10.195585,8085400
2011-07-07,16.990000,16.995001,16.860001,16.945000,10.237880,15664600
2011-07-08,16.855000,16.900000,16.780001,16.879999,10.198607,11853800
2011-07-11,16.764999,16.770000,16.625000,16.700001,10.089854,14947800
2011-07-12,16.665001,16.875000,16.629999,16.775000,10.135169,12162800
2011-07-13,16.840000,16.875000,16.700001,16.730000,10.107979,8916800
2011-07-14,16.740000,16.809999,16.635000,16.655001,10.062666,14800200
2011-07-15,16.670000,16.730000,16.590000,16.680000,10.077771,12068800
2011-07-18,16.645000,16.665001,16.485001,16.520000,9.981100,13073400
2011-07-19,16.570000,16.690001,16.445000,16.665001,10.068706,16034400
2011-07-20,16.674999,16.825001,16.629999,16.764999,10.129128,7255200
2011-07-21,16.825001,17.045000,16.825001,17.014999,10.280174,15102200
2011-07-22,17.055000,17.055000,16.885000,16.910000,10.216733,8860800
2011-07-25,16.795000,17.030001,16.795000,16.969999,10.252983,9771000
2011-07-26,16.995001,16.995001,16.870001,16.910000,10.216733,9646200
2011-07-27,16.879999,16.950001,16.825001,16.860001,10.186521,27637000
2011-07-28,16.855000,16.865000,16.735001,16.754999,10.123083,11278200
2011-07-29,16.610001,16.730000,16.540001,16.584999,10.020370,20401200
2011-08-01,16.740000,16.754999,16.514999,16.635000,10.050582,15103200
2011-08-02,16.565001,16.605000,16.350000,16.350000,9.878392,18738600
2011-08-03,16.370001,16.379999,16.139999,16.350000,9.878392,25965000
2011-08-04,16.209999,16.299999,15.815000,15.815000,9.555155,34056200
2011-08-05,15.950000,16.080000,15.650000,15.945000,9.633697,43934800
2011-08-08,15.720000,15.860000,15.040000,15.100000,9.123160,35656000
2011-08-09,15.400000,15.625000,14.725000,15.595000,9.422233,49460800
2011-08-10,15.400000,15.700000,15.240000,15.300000,9.243999,33671400
2011-08-11,15.345000,16.105000,15.345000,15.945000,9.633697,34933000
2011-08-12,16.055000,16.135000,15.775000,15.850000,9.576295,19407600
2011-08-15,15.985000,16.424999,15.955000,16.389999,9.902557,55671000
2011-08-16,16.264999,16.420000,16.180000,16.370001,9.890475,22603800
2011-08-17,16.459999,16.645000,16.430000,16.490000,9.962974,27987200
2011-08-18,16.245001,16.344999,16.045000,16.295000,9.845160,45013800
2011-08-19,16.160000,16.334999,16.090000,16.195000,9.784743,30334600
2011-08-22,16.440001,16.440001,16.065001,16.155001,9.760575,39636600
2011-08-23,16.264999,16.450001,16.055000,16.445000,9.935785,31455000
2011-08-24,16.415001,16.799999,16.410000,16.799999,10.150272,28604800
2011-08-25,16.855000,16.855000,16.445000,16.525000,9.984122,28569800
2011-08-26,16.455000,16.590000,16.120001,16.500000,9.969018,25043800
2011-08-29,16.670000,16.840000,16.645000,16.825001,10.165380,29714200
2011-08-30,16.809999,16.900000,16.735001,16.834999,10.171416,15509200
2011-08-31,16.895000,16.995001,16.855000,16.945000,10.237880,19287400
2011-09-01,16.969999,17.040001,16.830000,16.834999,10.171416,21342400
2011-09-02,16.620001,16.754999,16.605000,16.645000,10.056624,17825000
2011-09-06,16.315001,16.580000,16.200001,16.565001,10.008289,23133200
2011-09-07,16.700001,16.770000,16.610001,16.750000,10.120066,15139200
2011-09-08,16.709999,16.900000,16.655001,16.740000,10.114020,13686600
2011-09-09,16.629999,16.629999,16.299999,16.400000,9.908600,28151000
2011-09-12,16.315001,16.540001,16.250000,16.535000,9.990164,15300800
2011-09-13,16.584999,16.645000,16.415001,16.645000,10.056624,14349600
2011-09-14,16.715000,16.895000,16.514999,16.760000,10.126107,14049400
2011-09-15,16.924999,17.020000,16.799999,16.969999,10.252983,11822000
2011-09-16,16.815001,17.035000,16.815001,16.990000,10.369862,16131200
2011-09-19,16.805000,16.959999,16.750000,16.895000,10.311884,14561200
2011-09-20,17.035000,17.360001,16.945000,17.139999,10.461418,36418400
2011-09-21,17.139999,17.235001,16.825001,16.825001,10.269157,27544400
2011-09-22,16.549999,16.610001,16.365000,16.540001,10.095210,55260200
2011-09-23,16.495001,16.785000,16.469999,16.705000,10.195915,24045600
2011-09-26,16.770000,16.860001,16.665001,16.840000,10.278314,21931800
2011-09-27,17.059999,17.080000,16.825001,16.900000,10.314938,18339800
2011-09-28,16.980000,17.010000,16.709999,16.730000,10.211173,25067200
2011-09-29,16.945000,17.035000,16.809999,17.000000,10.375970,24466000
2011-09-30,16.850000,17.020000,16.805000,16.809999,10.260004,20919400
2011-10-03,16.799999,16.940001,16.410000,16.410000,10.015865,30663400
2011-10-04,16.340000,16.365000,15.970000,16.330000,9.967032,44542200
2011-10-05,16.334999,16.405001,16.110001,16.340000,9.973138,26162600
2011-10-06,16.360001,16.629999,16.340000,16.629999,10.150140,24385600
2011-10-07,16.660000,16.809999,16.594999,16.700001,10.192861,21216000
2011-10-10,16.830000,17.035000,16.830000,17.025000,10.391229,13584400
2011-10-11,16.955000,16.985001,16.775000,16.870001,10.296624,24194800
2011-10-12,16.934999,16.934999,16.790001,16.830000,10.272208,12906000
2011-10-13,16.780001,16.860001,16.629999,16.830000,10.272208,15607800
2011-10-14,16.895000,16.995001,16.850000,16.990000,10.369862,19249600
2011-10-17,16.885000,17.004999,16.885000,16.920000,10.327142,9453800
2011-10-18,16.860001,17.139999,16.799999,17.040001,10.400388,21847200
2011-10-19,17.030001,17.295000,17.020000,17.055000,10.409539,17596400
2011-10-20,17.049999,17.219999,17.035000,17.150000,10.467522,11313000
2011-10-21,17.280001,17.450001,17.280001,17.440001,10.644526,14989000
2011-10-24,17.475000,17.475000,17.320000,17.365000,10.598748,17131200
2011-10-25,17.325001,17.370001,17.135000,17.170000,10.479728,19350400
2011-10-26,17.305000,17.350000,17.145000,17.240000,10.522451,16727000
2011-10-27,17.535000,17.735001,17.500000,17.650000,10.772700,26382000
2011-10-28,17.639999,17.639999,17.415001,17.504999,10.684195,23863600
2011-10-31,17.415001,17.590000,17.400000,17.424999,10.635368,11419200
2011-11-01,17.174999,17.299999,17.025000,17.059999,10.412591,24401600
2011-11-02,17.280001,17.490000,17.275000,17.360001,10.595695,19180600
2011-11-03,17.410000,17.625000,17.385000,17.570000,10.723872,20836600
2011-11-04,17.475000,17.520000,17.280001,17.490000,10.675039,11266200
2011-11-07,17.504999,17.600000,17.379999,17.584999,10.733023,10075400
2011-11-08,17.625000,17.700001,17.469999,17.700001,10.803216,12198800
2011-11-09,17.490000,17.530001,17.280001,17.315001,10.568229,16048600
2011-11-10,17.455000,17.510000,17.309999,17.430000,10.638418,15039800
2011-11-11,17.584999,17.680000,17.565001,17.680000,10.791007,8331800
2011-11-14,17.650000,17.684999,17.455000,17.469999,10.662834,16030800
2011-11-15,17.490000,17.559999,17.410000,17.500000,10.681145,8627000
2011-11-16,17.420000,17.500000,17.280001,17.290001,10.552970,11491800
2011-11-17,17.295000,17.365000,17.065001,17.200001,10.498040,11298800
2011-11-18,17.290001,17.365000,17.230000,17.320000,10.571280,9660000
2011-11-21,17.205000,17.205000,16.980000,17.105000,10.440059,13822800
2011-11-22,17.120001,17.120001,16.850000,16.895000,10.311884,31777400
2011-11-23,16.780001,16.805000,16.590000,16.629999,10.150140,12543400
2011-11-25,16.594999,16.805000,16.594999,16.715000,10.202020,5379400
2011-11-28,16.995001,17.059999,16.844999,16.924999,10.330193,9731200
2011-11-29,16.959999,17.170000,16.959999,17.110001,10.443107,9463600
2011-11-30,17.480000,17.605000,17.400000,17.605000,10.745231,14404800
2011-12-01,17.580000,17.655001,17.514999,17.555000,10.714711,11371000
2011-12-02,17.660000,17.660000,17.350000,17.375000,10.604852,23552400
2011-12-05,17.635000,17.635000,17.424999,17.510000,10.687252,14345800
2011-12-06,17.549999,17.655001,17.480000,17.559999,10.717764,10746200
2011-12-07,17.535000,17.600000,17.415001,17.535000,10.702508,10555400
2011-12-08,17.469999,17.500000,17.240000,17.280001,10.546868,13805200
2011-12-09,17.360001,17.540001,17.330000,17.500000,10.681145,22978600
2011-12-12,17.405001,17.475000,17.225000,17.350000,10.589593,20289200
2011-12-13,17.424999,17.615000,17.375000,17.415001,10.629261,13740800
2011-12-14,17.400000,17.485001,17.290001,17.305000,10.562128,12214400
2011-12-15,17.395000,17.570000,17.395000,17.514999,10.690300,18288600
2011-12-16,17.450001,17.459999,17.235001,17.270000,10.658823,15535200
2011-12-19,17.360001,17.389999,17.110001,17.139999,10.578588,13418800
2011-12-20,17.275000,17.525000,17.275000,17.504999,10.803862,13089800
2011-12-21,17.525000,17.785000,17.525000,17.764999,10.964330,19344600
2011-12-22,17.815001,17.825001,17.735001,17.785000,10.976672,8170800
2011-12-23,17.844999,17.980000,17.840000,17.900000,11.047651,6438200
2011-12-27,17.915001,18.080000,17.889999,18.045000,11.137147,6485600
2011-12-28,18.115000,18.115000,17.950001,17.980000,11.097028,6305200
2011-12-29,18.010000,18.120001,17.995001,18.120001,11.183431,7925000
2011-12-30,18.129999,18.135000,17.980000,17.990000,11.103196,8185600
2012-01-03,18.090000,18.125000,17.615000,17.670000,10.905701,38369800
2012-01-04,17.620001,17.725000,17.565001,17.570000,10.843983,11550200
2012-01-05,17.549999,17.660000,17.455000,17.605000,10.865581,24220000
2012-01-06,17.635000,17.650000,17.490000,17.510000,10.806952,14611000
2012-01-09,17.565001,17.600000,17.455000,17.535000,10.822378,9054600
2012-01-10,17.660000,17.684999,17.545000,17.559999,10.837807,9017200
2012-01-11,17.549999,17.570000,17.450001,17.480000,10.788431,12326000
2012-01-12,17.504999,17.584999,17.400000,17.455000,10.773005,12015200
2012-01-13,17.410000,17.445000,17.309999,17.445000,10.766834,12033800
2012-01-17,17.545000,17.625000,17.389999,17.430000,10.757571,13276400
2012-01-18,17.440001,17.455000,17.330000,17.424999,10.754488,11886400
2012-01-19,17.440001,17.455000,17.264999,17.280001,10.664998,15258200
2012-01-20,17.280001,17.330000,17.225000,17.305000,10.680425,12673600
2012-01-23,17.280001,17.475000,17.275000,17.375000,10.723628,48796000
2012-01-24,17.290001,17.309999,17.200001,17.235001,10.637225,9992800
2012-01-25,17.205000,17.545000,17.070000,17.520000,10.813121,25864600
2012-01-26,17.555000,17.635000,17.469999,17.580000,10.850149,14701000
2012-01-27,17.535000,17.535000,17.299999,17.365000,10.717459,16195600
2012-01-30,17.299999,17.299999,17.150000,17.254999,10.649562,18950200
2012-01-31,17.295000,17.344999,17.230000,17.340000,10.702027,14719800
2012-02-01,17.379999,17.440001,17.344999,17.400000,10.739058,16393000
2012-02-02,17.420000,17.480000,17.334999,17.370001,10.720545,16077200
2012-02-03,17.389999,17.490000,17.309999,17.415001,10.748311,18463000
2012-02-06,17.389999,17.400000,17.295000,17.340000,10.702027,12154000
2012-02-07,17.330000,17.520000,17.250000,17.465000,10.779174,13857800
2012-02-08,17.504999,17.504999,17.365000,17.485001,10.791517,12836600
2012-02-09,17.455000,17.485001,17.379999,17.434999,10.760658,13716800
2012-02-10,17.360001,17.430000,17.334999,17.400000,10.739058,9117200
2012-02-13,17.475000,17.504999,17.365000,17.379999,10.726713,13429800
2012-02-14,17.375000,17.430000,17.305000,17.385000,10.729800,11173200
2012-02-15,17.405001,17.445000,17.280001,17.350000,10.708197,14695200
2012-02-16,17.375000,17.584999,17.340000,17.535000,10.822378,14764400
2012-02-17,17.570000,17.635000,17.480000,17.525000,10.816202,9259200
2012-02-21,17.565001,17.565001,17.434999,17.459999,10.776091,11839400
2012-02-22,17.440001,17.545000,17.415001,17.480000,10.788431,9135000
2012-02-23,17.500000,17.530001,17.405001,17.465000,10.779174,9678000
2012-02-24,17.490000,17.594999,17.440001,17.540001,10.825464,6650400
2012-02-27,17.520000,17.559999,17.434999,17.535000,10.822378,9379200
2012-02-28,17.530001,17.555000,17.400000,17.450001,10.769914,13654800
2012-02-29,17.459999,17.530001,17.344999,17.445000,10.766834,12283400
2012-03-01,17.450001,17.549999,17.424999,17.490000,10.794603,11064000
2012-03-02,17.495001,17.535000,17.424999,17.480000,10.788431,9731000
2012-03-05,17.485001,17.555000,17.379999,17.520000,10.813121,9338000
2012-03-06,17.455000,17.469999,17.350000,17.450001,10.769914,14676200
2012-03-07,17.485001,17.485001,17.325001,17.459999,10.776091,12488400
2012-03-08,17.459999,17.549999,17.450001,17.514999,10.810034,11045800
2012-03-09,17.565001,17.605000,17.459999,17.584999,10.853236,7781600
2012-03-12,17.629999,17.820000,17.590000,17.785000,10.976672,16048200
2012-03-13,17.844999,17.860001,17.730000,17.844999,11.013704,12321600
2012-03-14,17.809999,17.870001,17.559999,17.580000,10.850149,17269600
2012-03-15,17.615000,17.645000,17.475000,17.565001,10.840894,12788000
2012-03-16,17.375000,17.405001,17.309999,17.389999,10.832175,15197600
2012-03-19,17.375000,17.440001,17.270000,17.270000,10.757428,22928000
2012-03-20,17.260000,17.340000,17.219999,17.290001,10.769883,13867800
2012-03-21,17.299999,17.350000,17.250000,17.254999,10.748079,8715400
2012-03-22,17.245001,17.309999,17.184999,17.295000,10.772998,20501600
2012-03-23,17.309999,17.344999,17.260000,17.299999,10.776111,10354800
2012-03-26,17.355000,17.469999,17.320000,17.420000,10.850863,14005400
2012-03-27,17.424999,17.540001,17.395000,17.504999,10.903802,9208600
2012-03-28,17.500000,17.514999,17.295000,17.360001,10.813488,13336600
2012-03-29,17.315001,17.440001,17.195000,17.430000,10.857089,13463000
2012-03-30,17.480000,17.530001,17.424999,17.520000,10.913147,10740800
2012-04-02,17.514999,17.670000,17.465000,17.610001,10.969211,24147800
2012-04-03,17.605000,17.620001,17.480000,17.600000,10.962983,11515400
2012-04-04,17.504999,17.610001,17.495001,17.575001,10.947404,15941200
2012-04-05,17.500000,17.530001,17.389999,17.445000,10.866432,9394800
2012-04-09,17.330000,17.395000,17.305000,17.355000,10.810369,10053000
2012-04-10,17.280001,17.320000,17.084999,17.129999,10.670221,15282400
2012-04-11,17.235001,17.240000,17.129999,17.170000,10.695136,9841800
2012-04-12,17.195000,17.225000,17.094999,17.225000,10.729397,11687800
2012-04-13,17.195000,17.325001,17.155001,17.165001,10.692020,10694800
2012-04-16,17.215000,17.385000,17.180000,17.325001,10.791685,14579000
2012-04-17,17.415001,17.445000,17.240000,17.415001,10.847747,11185600
2012-04-18,17.395000,17.465000,17.334999,17.385000,10.829057,7177000
2012-04-19,17.370001,17.410000,17.275000,17.340000,10.801031,10031400
2012-04-20,17.375000,17.540001,17.330000,17.510000,10.906920,15567800
2012-04-23,17.430000,17.450001,17.355000,17.434999,10.860204,11181000
2012-04-24,17.415001,17.565001,17.415001,17.555000,10.934947,12486600
2012-04-25,17.605000,17.670000,17.530001,17.645000,10.991010,12474000
2012-04-26,17.605000,17.770000,17.605000,17.745001,11.053305,8532000
2012-04-27,17.775000,17.830000,17.719999,17.805000,11.090673,10086800
2012-04-30,17.795000,17.855000,17.730000,17.830000,11.106250,14092600
2012-05-01,17.850000,17.969999,17.785000,17.920000,11.162312,18520800
2012-05-02,17.889999,17.910000,17.790001,17.815001,11.096908,11011400
2012-05-03,17.799999,17.924999,17.735001,17.760000,11.062647,11720000
2012-05-04,17.740000,17.870001,17.740000,17.785000,11.078217,13746600
2012-05-07,17.730000,17.775000,17.690001,17.750000,11.056415,7753200
2012-05-08,17.680000,17.799999,17.665001,17.780001,11.075104,10825200
2012-05-09,17.670000,17.860001,17.645000,17.790001,11.081330,10545200
2012-05-10,17.870001,18.020000,17.840000,17.955000,11.184110,8930000
2012-05-11,17.930000,18.070000,17.905001,17.965000,11.190337,6259400
2012-05-14,17.875000,18.010000,17.834999,17.945000,11.177881,10098600
2012-05-15,17.905001,17.965000,17.780001,17.820000,11.100017,11448800
2012-05-16,17.870001,17.900000,17.795000,17.844999,11.115590,14291600
2012-05-17,17.870001,17.889999,17.740000,17.745001,11.053305,12689600
2012-05-18,17.780001,17.870001,17.690001,17.709999,11.031504,13781000
2012-05-21,17.725000,17.760000,17.650000,17.730000,11.043957,10930600
2012-05-22,17.799999,17.900000,17.775000,17.855000,11.121818,13908800
2012-05-23,17.820000,17.895000,17.670000,17.760000,11.062647,11472400
2012-05-24,17.775000,17.930000,17.735001,17.830000,11.106250,12908400
2012-05-25,17.844999,17.940001,17.834999,17.889999,11.143620,9711600
2012-05-29,17.955000,17.955000,17.860001,17.945000,11.177881,8195800
2012-05-30,17.875000,18.020000,17.799999,17.834999,11.109363,7922000
2012-05-31,17.825001,18.035000,17.805000,17.930000,11.168536,12034600
2012-06-01,17.795000,17.965000,17.780001,17.855000,11.121818,22322000
2012-06-04,17.875000,17.934999,17.830000,17.915001,11.159196,11532400
2012-06-05,17.900000,18.065001,17.865000,17.980000,11.199681,8597600
2012-06-06,18.059999,18.230000,18.010000,18.230000,11.355405,17798400
2012-06-07,18.299999,18.385000,18.299999,18.370001,11.442614,14748200
2012-06-08,18.355000,18.440001,18.264999,18.410000,11.467529,13459200
2012-06-11,18.500000,18.580000,18.375000,18.395000,11.458186,14834000
2012-06-12,18.379999,18.430000,18.250000,18.415001,11.470641,9471600
2012-06-13,18.355000,18.495001,18.295000,18.420000,11.473754,13327400
2012-06-14,18.450001,18.600000,18.430000,18.545000,11.551617,11687000
2012-06-15,18.440001,18.500000,18.379999,18.465000,11.608830,11906600
2012-06-18,18.389999,18.565001,18.389999,18.535000,11.652841,10345400
2012-06-19,18.584999,18.635000,18.495001,18.495001,11.627692,11170400
2012-06-20,18.495001,18.514999,18.250000,18.315001,11.514526,14779400
2012-06-21,18.334999,18.430000,18.105000,18.125000,11.395074,19179200
2012-06-22,18.174999,18.195000,18.100000,18.129999,11.398218,6910600
2012-06-25,18.000000,18.125000,18.000000,18.094999,11.376212,10650000
2012-06-26,18.105000,18.195000,18.065001,18.120001,11.391928,7963200
2012-06-27,18.215000,18.389999,18.170000,18.325001,11.520815,10449400
2012-06-28,18.240000,18.389999,18.184999,18.389999,11.561675,8461600
2012-06-29,18.549999,18.590000,18.385000,18.495001,11.627692,15240200
2012-07-02,18.555000,18.650000,18.455000,18.610001,11.699992,23177200
2012-07-03,18.590000,18.650000,18.504999,18.565001,11.671703,5525200
2012-07-05,18.540001,18.575001,18.440001,18.455000,11.602543,17703000
2012-07-06,18.370001,18.450001,18.325001,18.415001,11.577395,10942000
2012-07-09,18.375000,18.415001,18.280001,18.355000,11.539672,17403000
2012-07-10,18.375000,18.455000,18.360001,18.385000,11.558532,8059200
2012-07-11,18.420000,18.520000,18.375000,18.480000,11.618258,8226200
2012-07-12,18.465000,18.549999,18.415001,18.504999,11.633980,10535200
2012-07-13,18.545000,18.695000,18.520000,18.670000,11.737712,14127600
2012-07-16,18.650000,18.690001,18.620001,18.660000,11.731426,10278800
2012-07-17,18.674999,18.754999,18.584999,18.700001,11.756574,11463200
2012-07-18,18.684999,18.780001,18.625000,18.760000,11.794295,10879200
2012-07-19,18.805000,18.830000,18.645000,18.795000,11.816297,10811400
2012-07-20,18.754999,18.889999,18.715000,18.834999,11.841448,18033000
2012-07-23,18.775000,18.834999,18.650000,18.709999,11.762864,9031200
2012-07-24,18.684999,18.705000,18.450001,18.545000,11.659124,20044400
2012-07-25,18.580000,18.639999,18.450001,18.535000,11.652841,7147800
2012-07-26,18.650000,18.855000,18.650000,18.825001,11.835159,12253600
2012-07-27,18.855000,19.094999,18.855000,19.045000,11.973475,10489400
2012-07-30,18.975000,19.170000,18.945000,19.115000,12.017479,13570400
2012-07-31,19.180000,19.180000,18.955000,18.959999,11.920032,8384600
2012-08-01,19.000000,19.270000,18.815001,18.815001,11.828876,31389800
2012-08-02,18.764999,18.830000,18.545000,18.709999,11.762864,15895200
2012-08-03,18.825001,18.945000,18.799999,18.930000,11.901171,13638600
2012-08-06,19.010000,19.030001,18.860001,18.885000,11.872882,12650800
2012-08-07,18.900000,18.945000,18.684999,18.690001,11.750287,18437600
2012-08-08,18.695000,18.725000,18.600000,18.715000,11.766003,9829400
2012-08-09,18.690001,18.754999,18.670000,18.715000,11.766003,9093600
2012-08-10,18.715000,18.799999,18.650000,18.770000,11.800584,12268000
2012-08-13,18.730000,18.770000,18.684999,18.750000,11.788006,7597000
2012-08-14,18.785000,18.809999,18.680000,18.730000,11.775436,13323600
2012-08-15,18.709999,18.725000,18.639999,18.639999,11.718853,11043800
2012-08-16,18.674999,18.690001,18.575001,18.594999,11.690563,15764200
2012-08-17,18.660000,18.660000,18.510000,18.545000,11.659124,12808200
2012-08-20,18.525000,18.580000,18.475000,18.580000,11.681129,10656400
2012-08-21,18.575001,18.610001,18.445000,18.445000,11.596253,16145600
2012-08-22,18.424999,18.485001,18.379999,18.415001,11.577395,11214000
2012-08-23,18.415001,18.420000,18.205000,18.225000,11.457947,15948800
2012-08-24,18.174999,18.334999,18.174999,18.309999,11.511380,6554000
2012-08-27,18.299999,18.379999,18.285000,18.350000,11.536529,8140600
2012-08-28,18.330000,18.355000,18.260000,18.315001,11.514526,6348200
2012-08-29,18.299999,18.320000,18.240000,18.285000,11.495671,10777400
2012-08-30,18.254999,18.254999,18.165001,18.195000,11.439083,4171200
2012-08-31,18.250000,18.260000,18.120001,18.174999,11.426509,12295800
2012-09-04,18.145000,18.270000,18.120001,18.245001,11.470516,25937400
2012-09-05,18.240000,18.264999,18.155001,18.165001,11.420223,7073400
2012-09-06,18.190001,18.375000,18.190001,18.370001,11.549104,11066000
2012-09-07,18.375000,18.400000,18.280001,18.309999,11.511380,10229600
2012-09-10,18.315001,18.360001,18.290001,18.290001,11.498811,7423000
2012-09-11,18.280001,18.305000,18.230000,18.245001,11.470516,6759400
2012-09-12,18.270000,18.270000,18.120001,18.139999,11.404502,7674000
2012-09-13,18.125000,18.410000,18.125000,18.395000,11.564826,16900400
2012-09-14,18.379999,18.415001,18.219999,18.270000,11.486237,18208200
2012-09-17,18.240000,18.315001,18.129999,18.155001,11.413938,10366400
2012-09-18,18.170000,18.170000,18.059999,18.100000,11.379357,20739200
2012-09-19,18.084999,18.180000,18.070000,18.120001,11.391928,25114200
2012-09-20,18.110001,18.219999,18.100000,18.195000,11.439083,9522800
2012-09-21,18.065001,18.065001,17.955000,18.014999,11.445752,15178800
2012-09-24,17.985001,18.215000,17.985001,18.184999,11.553762,16430400
2012-09-25,18.219999,18.275000,18.139999,18.145000,11.528350,13455800
2012-09-26,18.174999,18.330000,18.145000,18.184999,11.553762,12659200
2012-09-27,18.209999,18.225000,18.084999,18.110001,11.506111,14004200
2012-09-28,18.100000,18.225000,18.020000,18.195000,11.560117,15932000
2012-10-01,18.215000,18.295000,18.105000,18.110001,11.506111,14387600
2012-10-02,18.160000,18.235001,18.115000,18.205000,11.566472,12397000
2012-10-03,18.245001,18.340000,18.225000,18.295000,11.623651,9406800
2012-10-04,18.330000,18.480000,18.330000,18.400000,11.690360,13373200
2012-10-05,18.445000,18.475000,18.340000,18.370001,11.671301,9188600
2012-10-08,18.340000,18.430000,18.295000,18.400000,11.690360,10853600
2012-10-09,18.365000,18.440001,18.325001,18.365000,11.668123,10977200
2012-10-10,18.365000,18.420000,18.285000,18.334999,11.649065,7639400
2012-10-11,18.370001,18.459999,18.315001,18.355000,11.661771,11852600
2012-10-12,18.400000,18.420000,18.209999,18.250000,11.595058,8362600
2012-10-15,18.250000,18.340000,18.155001,18.325001,11.642710,9685600
2012-10-16,18.355000,18.440001,18.325001,18.395000,11.687188,16713000
2012-10-17,18.440001,18.645000,18.400000,18.620001,11.830145,19708000
2012-10-18,18.625000,18.709999,18.575001,18.705000,11.884143,10890200
2012-10-19,18.684999,18.719999,18.525000,18.555000,11.788837,15678200
2012-10-22,18.535000,18.540001,18.415001,18.504999,11.757073,9488000
2012-10-23,18.375000,18.424999,18.264999,18.334999,11.649065,13784200
2012-10-24,18.320000,18.365000,18.190001,18.200001,11.563291,11551200
2012-10-25,18.254999,18.305000,18.150000,18.290001,11.620478,11300400
2012-10-26,18.285000,18.340000,18.209999,18.290001,11.620478,14972200
2012-10-31,18.395000,18.525000,18.309999,18.450001,11.722132,22139200
2012-11-01,18.525000,18.545000,18.235001,18.254999,11.598238,16870000
2012-11-02,18.250000,18.350000,18.115000,18.129999,11.518819,8595200
2012-11-05,18.094999,18.094999,17.809999,17.834999,11.331391,16572200
2012-11-06,17.855000,17.934999,17.785000,17.844999,11.337745,16531200
2012-11-07,17.745001,17.790001,17.370001,17.469999,11.099487,24006200
2012-11-08,17.485001,17.680000,17.434999,17.440001,11.080432,19347600
2012-11-09,17.400000,17.465000,17.315001,17.334999,11.013720,19359400
2012-11-12,17.305000,17.344999,17.145000,17.190001,10.921595,14239800
2012-11-13,17.129999,17.360001,17.125000,17.254999,10.962889,24911800
2012-11-14,17.275000,17.285000,17.090000,17.135000,10.886647,20745000
2012-11-15,17.129999,17.235001,16.924999,17.035000,10.823112,30604200
2012-11-16,17.049999,17.209999,16.959999,17.180000,10.915242,24675000
2012-11-19,17.235001,17.295000,17.094999,17.195000,10.924770,33073000
2012-11-20,17.215000,17.230000,17.020000,17.165001,10.905712,22659400
2012-11-21,17.180000,17.195000,16.924999,17.090000,10.858059,29878600
2012-11-23,17.090000,17.139999,16.950001,17.045000,10.829472,7440200
2012-11-26,17.004999,17.340000,17.004999,17.260000,10.966064,32368000
2012-11-27,17.245001,17.405001,17.245001,17.305000,10.994660,27325800
2012-11-28,17.250000,17.400000,17.184999,17.375000,11.039133,21058200
2012-11-29,17.389999,17.495001,17.340000,17.475000,11.102669,19131600
2012-11-30,17.520000,17.674999,17.469999,17.660000,11.220205,58126400
2012-12-03,17.674999,17.690001,17.465000,17.549999,11.150318,25005400
2012-12-04,17.565001,17.594999,17.440001,17.459999,11.093138,11106600
2012-12-05,17.525000,17.820000,17.424999,17.725000,11.261502,37338000
2012-12-06,17.660000,17.830000,17.660000,17.715000,11.255145,12977400
2012-12-07,17.719999,17.795000,17.670000,17.730000,11.264679,14832600
2012-12-10,17.690001,17.754999,17.674999,17.735001,11.267861,8722400
2012-12-11,17.740000,17.850000,17.715000,17.775000,11.293272,12899200
2012-12-12,17.775000,17.889999,17.730000,17.745001,11.274215,20284400
2012-12-13,17.719999,17.745001,17.610001,17.674999,11.229737,16719800
2012-12-14,17.684999,17.684999,17.580000,17.605000,11.185264,12584200
2012-12-17,17.650000,17.879999,17.650000,17.875000,11.356809,17190000
2012-12-18,17.844999,18.035000,17.840000,18.000000,11.436226,20221000
2012-12-19,17.995001,18.010000,17.855000,17.865000,11.350454,13614600
2012-12-20,17.870001,17.945000,17.805000,17.920000,11.385394,19356000
2012-12-21,17.610001,17.719999,17.535000,17.655001,11.343632,17338200
2012-12-24,17.625000,17.665001,17.500000,17.580000,11.295443,11731600
2012-12-26,17.605000,17.650000,17.415001,17.430000,11.199064,11601400
2012-12-27,17.395000,17.465000,17.215000,17.400000,11.179791,35448000
2012-12-28,17.334999,17.445000,17.219999,17.225000,11.067349,17018400
2012-12-31,17.195000,17.485001,17.110001,17.459999,11.218343,32625000
2013-01-02,17.680000,17.815001,17.645000,17.780001,11.423949,25591200
2013-01-03,17.780001,17.844999,17.730000,17.780001,11.423949,16283000
2013-01-04,17.780001,17.885000,17.770000,17.870001,11.481775,12358600
2013-01-07,17.815001,17.860001,17.655001,17.695000,11.369335,16739200
2013-01-08,17.665001,17.690001,17.570000,17.639999,11.333995,12853200
2013-01-09,17.670000,17.680000,17.545000,17.605000,11.311507,15160800
2013-01-10,17.639999,17.690001,17.605000,17.680000,11.359699,12603000
2013-01-11,17.655001,17.730000,17.645000,17.700001,11.372543,16221000
2013-01-14,17.674999,17.725000,17.645000,17.665001,11.350060,11288000
2013-01-15,17.645000,17.725000,17.600000,17.715000,11.382179,12496600
2013-01-16,17.670000,17.709999,17.615000,17.629999,11.327569,9441200
2013-01-17,17.690001,17.764999,17.645000,17.700001,11.372543,11062600
2013-01-18,17.740000,17.855000,17.695000,17.840000,11.462496,13333400
2013-01-22,17.809999,18.014999,17.799999,17.990000,11.558872,13349200
2013-01-23,17.924999,17.990000,17.860001,17.945000,11.529965,12347200
2013-01-24,17.980000,18.080000,17.959999,18.025000,11.581365,12679200
2013-01-25,18.045000,18.129999,17.950001,18.115000,11.639192,16063000
2013-01-28,18.125000,18.150000,18.004999,18.105000,11.632767,15416200
2013-01-29,18.059999,18.250000,18.059999,18.230000,11.713079,17423600
2013-01-30,18.205000,18.285000,18.190001,18.245001,11.722718,16399600
2013-01-31,18.165001,18.330000,18.165001,18.290001,11.751634,13664600
2013-02-01,18.350000,18.405001,18.320000,18.340000,11.783756,14225600
2013-02-04,18.309999,18.309999,18.209999,18.215000,11.703443,12590400
2013-02-05,18.299999,18.365000,18.260000,18.264999,11.735571,12824200
2013-02-06,18.245001,18.325001,18.145000,18.320000,11.770905,14998600
2013-02-07,18.340000,18.455000,18.270000,18.344999,11.786968,16087400
2013-02-08,18.365000,18.365000,18.254999,18.344999,11.786968,9686200
2013-02-11,18.355000,18.405001,18.320000,18.389999,11.815880,9646000
2013-02-12,18.379999,18.480000,18.360001,18.469999,11.867287,10411600
2013-02-13,18.490000,18.545000,18.420000,18.469999,11.867287,9484000
2013-02-14,18.389999,18.450001,18.264999,18.320000,11.770905,20507600
2013-02-15,18.355000,18.389999,18.320000,18.360001,11.796609,10485000
2013-02-19,18.340000,18.549999,18.340000,18.520000,11.899411,18934000
2013-02-20,18.530001,18.639999,18.480000,18.485001,11.876925,16345600
2013-02-21,18.440001,18.510000,18.389999,18.405001,11.825517,18075800
2013-02-22,18.469999,18.600000,18.424999,18.590000,11.944386,12183000
2013-02-25,18.639999,18.785000,18.405001,18.424999,11.838369,19625000
2013-02-26,18.445000,18.580000,18.395000,18.480000,11.873705,19338400
2013-02-27,18.500000,18.705000,18.490000,18.650000,11.982936,12015400
2013-02-28,18.674999,18.790001,18.620001,18.715000,12.024700,17955200
2013-03-01,18.645000,18.760000,18.559999,18.750000,12.047189,11437000
2013-03-04,18.719999,18.965000,18.700001,18.940001,12.169269,15280600
2013-03-05,18.980000,19.090000,18.959999,19.040001,12.233516,11628000
2013-03-06,19.075001,19.094999,18.975000,19.030001,12.227096,10835200
2013-03-07,19.030001,19.080000,18.940001,18.945000,12.172479,16005800
2013-03-08,19.000000,19.020000,18.844999,18.985001,12.198183,22876800
2013-03-11,18.995001,19.059999,18.950001,19.030001,12.227096,6522600
2013-03-12,19.070000,19.070000,18.915001,18.980000,12.194969,10055800
2013-03-13,18.930000,19.075001,18.930000,19.065001,12.249580,9278200
2013-03-14,19.045000,19.115000,19.020000,19.105000,12.275280,14657400
2013-03-15,18.940001,19.080000,18.879999,19.065001,12.355968,26305400
2013-03-18,18.959999,19.045000,18.930000,18.959999,12.287918,10046200
2013-03-19,18.969999,19.075001,18.915001,19.010000,12.320323,15577400
2013-03-20,19.094999,19.180000,19.035000,19.150000,12.411058,12853400
2013-03-21,19.094999,19.139999,19.030001,19.055000,12.349491,12010000
2013-03-22,19.100000,19.139999,19.035000,19.084999,12.368929,4663600
2013-03-25,19.200001,19.215000,18.965000,19.045000,12.343012,13278000
2013-03-26,19.075001,19.240000,19.075001,19.225000,12.459668,11751400
2013-03-27,19.155001,19.325001,19.139999,19.315001,12.517994,10813400
2013-03-28,19.325001,19.570000,19.315001,19.549999,12.670296,14394400
2013-04-01,19.549999,19.549999,19.455000,19.504999,12.641132,8508800
2013-04-02,19.575001,19.639999,19.520000,19.570000,12.683259,16060600
2013-04-03,19.600000,19.650000,19.485001,19.514999,12.647614,11327200
2013-04-04,19.559999,19.715000,19.549999,19.700001,12.767510,10543400
2013-04-05,19.610001,19.815001,19.559999,19.785000,12.822602,14905800
2013-04-08,19.809999,19.950001,19.705000,19.934999,12.919811,11686400
2013-04-09,19.965000,19.990000,19.860001,19.875000,12.880930,14806400
2013-04-10,19.924999,20.084999,19.920000,20.035000,12.984622,9666000
2013-04-11,20.080000,20.129999,20.030001,20.080000,13.013794,15184000
2013-04-12,20.040001,20.165001,20.000000,20.165001,13.068878,10673800
2013-04-15,20.084999,20.195000,19.875000,19.875000,12.880930,21289000
2013-04-16,19.965000,20.115000,19.805000,20.115000,13.036470,11141000
2013-04-17,20.020000,20.070000,19.865000,20.000000,12.961941,17785600
2013-04-18,20.014999,20.115000,19.969999,20.065001,13.004069,12552200
2013-04-19,20.075001,20.370001,20.075001,20.365000,13.198497,23339200
2013-04-22,20.385000,20.430000,20.230000,20.340000,13.182291,14002600
2013-04-23,20.370001,20.400000,20.230000,20.389999,13.214695,23561600
2013-04-24,20.389999,20.535000,20.290001,20.455000,13.256829,21106000
2013-04-25,20.510000,20.545000,20.385000,20.459999,13.260063,19908400
2013-04-26,20.400000,20.580000,20.400000,20.490000,13.279509,11886200
2013-04-29,20.565001,20.690001,20.465000,20.660000,13.389687,11671600
2013-04-30,20.639999,20.719999,20.594999,20.715000,13.425330,15636600
2013-05-01,20.684999,20.709999,20.480000,20.510000,13.292466,20734800
2013-05-02,20.490000,20.555000,20.370001,20.485001,13.276275,17668800
2013-05-03,20.584999,20.625000,20.410000,20.445000,13.250345,29973800
2013-05-06,20.420000,20.434999,20.155001,20.160000,13.065639,29478800
2013-05-07,20.184999,20.355000,20.165001,20.355000,13.192018,14582400
2013-05-08,20.309999,20.365000,20.110001,20.174999,13.075356,14345000
2013-05-09,20.195000,20.215000,19.805000,19.870001,12.877691,39403000
2013-05-10,19.870001,19.930000,19.730000,19.915001,12.906853,21057600
2013-05-13,19.850000,19.875000,19.740000,19.809999,12.838799,24650400
2013-05-14,19.825001,20.030001,19.785000,19.945000,12.926298,24695200
2013-05-15,19.934999,20.275000,19.900000,20.135000,13.049432,21546800
2013-05-16,20.080000,20.105000,19.940001,19.969999,12.942500,20111200
2013-05-17,19.990000,20.180000,19.955000,20.160000,13.065639,18103400
2013-05-20,20.184999,20.195000,20.025000,20.059999,13.000820,22675400
2013-05-21,20.084999,20.170000,19.955000,20.100000,13.026753,18028600
2013-05-22,20.049999,20.270000,19.690001,19.760000,12.806398,49925600
2013-05-23,19.629999,19.705000,19.334999,19.625000,12.718900,48092600
2013-05-24,19.580000,19.580000,19.350000,19.415001,12.582803,19937000
2013-05-28,19.299999,19.420000,19.105000,19.190001,12.436981,48073600
2013-05-29,19.070000,19.090000,18.730000,18.905001,12.252277,63078200
2013-05-30,19.090000,19.270000,18.945000,18.955000,12.284684,34267400
2013-05-31,18.900000,19.209999,18.834999,18.840000,12.210146,57017200
2013-06-03,18.844999,19.020000,18.639999,18.879999,12.236073,63987600
2013-06-04,18.850000,18.900000,18.684999,18.815001,12.193946,29119800
2013-06-05,18.775000,18.780001,18.600000,18.650000,12.087008,30872200
2013-06-06,18.645000,18.879999,18.620001,18.870001,12.229591,37523400
2013-06-07,18.840000,19.090000,18.825001,18.985001,12.304125,30750600
2013-06-10,19.049999,19.065001,18.900000,18.980000,12.300883,19863000
2013-06-11,18.870001,19.020000,18.795000,18.855000,12.219871,22360000
2013-06-12,18.950001,18.995001,18.625000,18.670000,12.099972,20184000
2013-06-13,18.625000,18.990000,18.605000,18.975000,12.297645,33471000
2013-06-14,18.955000,19.100000,18.950001,19.000000,12.313845,22849000
2013-06-17,19.075001,19.205000,18.969999,19.059999,12.352731,24857600
2013-06-18,19.100000,19.215000,19.010000,19.190001,12.436981,23373200
2013-06-19,19.150000,19.225000,18.745001,18.750000,12.151819,45555000
2013-06-20,18.620001,18.635000,18.180000,18.219999,11.808325,51298600
2013-06-21,18.174999,18.375000,17.900000,18.270000,11.962527,40140200
2013-06-24,18.120001,18.395000,17.990000,18.254999,11.952706,40811000
2013-06-25,18.415001,18.549999,18.240000,18.495001,12.109845,18957400
2013-06-26,18.605000,18.790001,18.559999,18.730000,12.263717,22423800
2013-06-27,18.795000,18.950001,18.730000,18.770000,12.289907,16357200
2013-06-28,18.709999,18.915001,18.635000,18.815001,12.319370,19521000
2013-07-01,18.809999,18.975000,18.520000,18.580000,12.165501,25117600
2013-07-02,18.600000,18.709999,18.500000,18.575001,12.162229,20186200
2013-07-03,18.485001,18.594999,18.440001,18.504999,12.116394,11410600
2013-07-05,18.565001,18.565001,18.254999,18.450001,12.080384,27263200
2013-07-08,18.504999,18.764999,18.469999,18.715000,12.253897,20796200
2013-07-09,18.780001,18.889999,18.740000,18.850000,12.342290,14982600
2013-07-10,18.815001,19.000000,18.764999,18.955000,12.411043,17668200
2013-07-11,19.125000,19.270000,19.100000,19.260000,12.610744,21706400
2013-07-12,19.219999,19.344999,19.129999,19.320000,12.650029,15647400
2013-07-15,19.315001,19.660000,19.270000,19.635000,12.856279,24713800
2013-07-16,19.629999,19.655001,19.430000,19.530001,12.787525,20737000
2013-07-17,19.594999,19.645000,19.440001,19.520000,12.780979,17620400
2013-07-18,19.549999,19.725000,19.540001,19.690001,12.892289,15259200
2013-07-19,19.674999,19.754999,19.625000,19.695000,12.895564,14032400
2013-07-22,19.660000,19.750000,19.655001,19.674999,12.882469,10515200
2013-07-23,19.674999,19.790001,19.629999,19.725000,12.915206,9999600
2013-07-24,19.719999,19.719999,19.350000,19.424999,12.718777,17695200
2013-07-25,19.424999,19.610001,19.415001,19.605000,12.836632,20812800
2013-07-26,19.545000,19.680000,19.434999,19.674999,12.882469,14019400
2013-07-29,19.605000,19.790001,19.594999,19.709999,12.905384,13016800
2013-07-30,19.740000,19.905001,19.715000,19.775000,12.947947,17715800
2013-07-31,19.695000,19.740000,19.535000,19.629999,12.853000,32163200
2013-08-01,19.674999,19.820000,19.629999,19.795000,12.961039,19349600
2013-08-02,19.805000,19.830000,19.660000,19.770000,12.944667,15608400
2013-08-05,19.700001,19.735001,19.639999,19.639999,12.859550,11088600
2013-08-06,19.655001,19.655001,19.500000,19.540001,12.794077,21129800
2013-08-07,19.430000,19.665001,19.400000,19.629999,12.853000,15427800
2013-08-08,19.645000,19.770000,19.584999,19.705000,12.902111,15371000
2013-08-09,19.674999,19.735001,19.559999,19.570000,12.813717,12649400
2013-08-12,19.480000,19.530001,19.400000,19.465000,12.744965,11240000
2013-08-13,19.450001,19.480000,19.334999,19.360001,12.676214,19680400
2013-08-14,19.320000,19.355000,19.135000,19.235001,12.594371,17312200
2013-08-15,19.065001,19.165001,18.955000,18.990000,12.433953,20204800
2013-08-16,18.965000,18.969999,18.670000,18.770000,12.289907,33884200
2013-08-19,18.780001,18.850000,18.580000,18.610001,12.185145,24428200
2013-08-20,18.650000,18.934999,18.610001,18.785000,12.299727,27167000
2013-08-21,18.750000,18.754999,18.490000,18.570000,12.158954,24639400
2013-08-22,18.620001,18.740000,18.549999,18.674999,12.227704,16337000
2013-08-23,18.725000,18.879999,18.635000,18.830000,12.329194,15159200
2013-08-26,18.805000,18.860001,18.670000,18.690001,12.237527,13152400
2013-08-27,18.570000,18.785000,18.545000,18.680000,12.230979,18233800
2013-08-28,18.680000,18.809999,18.594999,18.745001,12.273537,16509800
2013-08-29,18.725000,18.750000,18.600000,18.635000,12.201514,12186000
2013-08-30,18.655001,18.754999,18.580000,18.650000,12.211333,15734200
2013-09-03,18.725000,18.815001,18.410000,18.434999,12.070560,23938400
2013-09-04,18.440001,18.490000,18.275000,18.434999,12.070560,14636800
2013-09-05,18.405001,18.480000,18.315001,18.360001,12.021455,17545600
2013-09-06,18.480000,18.610001,18.450001,18.490000,12.106574,21866800
2013-09-09,18.514999,18.580000,18.424999,18.555000,12.149129,13015600
2013-09-10,18.615000,18.700001,18.545000,18.700001,12.244074,16688800
2013-09-11,18.695000,18.709999,18.424999,18.514999,12.122937,49506000
2013-09-12,18.615000,18.680000,18.445000,18.465000,12.090205,37638200
2013-09-13,18.514999,18.650000,18.514999,18.605000,12.181871,20765000
2013-09-16,18.820000,18.934999,18.620001,18.655001,12.214608,50430600
2013-09-17,18.655001,18.785000,18.655001,18.764999,12.286632,19447000
2013-09-18,18.730000,19.405001,18.695000,19.325001,12.653304,59007600
2013-09-19,19.375000,19.450001,19.165001,19.235001,12.594371,40038600
2013-09-20,19.065001,19.084999,18.754999,18.764999,12.404322,37680400
2013-09-23,18.770000,19.065001,18.674999,18.990000,12.553056,30776200
2013-09-24,19.000000,19.040001,18.915001,18.980000,12.546448,23943400
2013-09-25,19.000000,19.049999,18.840000,18.850000,12.460516,27723800
2013-09-26,18.879999,18.940001,18.754999,18.825001,12.443984,17135400
2013-09-27,18.795000,18.860001,18.639999,18.705000,12.364660,15275600
2013-09-30,18.635000,18.740000,18.590000,18.684999,12.351439,19191600
2013-10-01,18.745001,18.805000,18.674999,18.740000,12.387802,15713600
2013-10-02,18.680000,18.805000,18.610001,18.760000,12.401020,19228200
2013-10-03,18.730000,18.730000,18.469999,18.540001,12.255587,18608000
2013-10-04,18.559999,18.645000,18.514999,18.575001,12.278729,8914000
2013-10-07,18.500000,18.645000,18.455000,18.485001,12.219237,10272200
2013-10-08,18.520000,18.760000,18.495001,18.615000,12.305165,24513200
2013-10-09,18.645000,18.950001,18.605000,18.690001,12.354746,28637600
2013-10-10,18.795000,19.000000,18.600000,18.969999,12.539839,23396800
2013-10-11,18.945000,19.094999,18.895000,19.059999,12.599332,13817200
2013-10-14,19.000000,19.000000,18.690001,18.955000,12.529928,52681600
2013-10-15,18.955000,18.955000,18.655001,18.690001,12.354746,23992200
2013-10-16,18.770000,18.870001,18.690001,18.860001,12.467118,25750200
2013-10-17,18.805000,19.205000,18.709999,19.165001,12.668740,32164400
2013-10-18,19.230000,19.285000,19.145000,19.215000,12.701789,21954200
2013-10-21,19.215000,19.245001,19.090000,19.174999,12.675346,14803800
2013-10-22,19.264999,19.495001,19.184999,19.420000,12.837301,39260400
2013-10-23,19.385000,19.650000,19.385000,19.434999,12.847215,28342600
2013-10-24,19.504999,19.504999,19.295000,19.395000,12.820774,15733200
2013-10-25,19.379999,19.615000,19.299999,19.600000,12.956286,13100200
2013-10-28,19.590000,19.674999,19.490000,19.559999,12.929848,19642400
2013-10-29,19.555000,19.635000,19.510000,19.584999,12.946371,15844000
2013-10-30,19.620001,19.725000,19.440001,19.459999,12.863743,24635600
2013-10-31,19.389999,19.520000,19.165001,19.389999,12.817470,33806000
2013-11-01,19.410000,19.590000,19.400000,19.530001,12.910012,24713800
2013-11-04,19.594999,19.610001,19.400000,19.570000,12.936456,12430800
2013-11-05,19.545000,19.700001,19.430000,19.430000,12.843913,21466400
2013-11-06,19.450001,19.705000,19.450001,19.695000,13.019086,20235400
2013-11-07,19.715000,19.805000,19.475000,19.510000,12.896792,24793400
2013-11-08,19.370001,19.480000,19.129999,19.475000,12.873658,39977200
2013-11-11,19.475000,19.580000,19.370001,19.469999,12.870351,14919400
2013-11-12,19.420000,19.469999,19.209999,19.305000,12.761288,22484400
2013-11-13,19.184999,19.400000,19.090000,19.400000,12.824080,19193000
2013-11-14,19.459999,19.639999,19.415001,19.570000,12.936456,37658600
2013-11-15,19.525000,19.684999,19.500000,19.684999,13.012473,15583400
2013-11-18,19.719999,19.735001,19.584999,19.660000,12.995949,24412600
2013-11-19,19.575001,19.645000,19.475000,19.514999,12.900102,20159200
2013-11-20,19.495001,19.605000,19.280001,19.299999,12.757978,30488000
2013-11-21,19.315001,19.455000,19.250000,19.344999,12.787724,15936200
2013-11-22,19.320000,19.389999,19.240000,19.330000,12.777809,13729800
2013-11-25,19.344999,19.389999,19.250000,19.254999,12.728231,13934800
2013-11-26,19.235001,19.264999,19.055000,19.065001,12.602633,23437800
2013-11-27,19.084999,19.110001,18.945000,19.025000,12.576195,16938600
2013-11-29,19.010000,19.135000,18.965000,19.014999,12.569584,5887000
2013-12-02,19.040001,19.075001,18.834999,18.934999,12.516697,14358800
2013-12-03,18.910000,19.059999,18.840000,19.030001,12.579502,19736400
2013-12-04,18.930000,19.125000,18.879999,19.115000,12.635684,14787800
2013-12-05,19.025000,19.059999,18.934999,18.959999,12.533225,19452600
2013-12-06,19.025000,19.260000,19.000000,19.219999,12.705092,14830600
2013-12-09,19.250000,19.250000,19.025000,19.105000,12.629075,14483800
2013-12-10,19.110001,19.115000,18.885000,18.915001,12.503480,19196000
2013-12-11,18.889999,18.915001,18.735001,18.760000,12.401020,17436000
2013-12-12,18.775000,18.910000,18.750000,18.785000,12.417544,15514800
2013-12-13,18.809999,19.084999,18.709999,18.754999,12.397711,12392400
2013-12-16,18.799999,18.985001,18.799999,18.855000,12.463818,19348400
2013-12-17,18.805000,18.889999,18.735001,18.820000,12.440680,11379200
2013-12-18,18.830000,19.090000,18.625000,19.070000,12.605936,38494400
2013-12-19,19.030001,19.030001,18.760000,18.930000,12.513394,32146400
2013-12-20,18.750000,18.995001,18.750000,18.915001,12.637331,30735800
2013-12-23,19.020000,19.020000,18.834999,18.840000,12.587218,33831200
2013-12-24,18.825001,18.965000,18.750000,18.915001,12.637331,9874400
2013-12-26,18.934999,18.950001,18.795000,18.830000,12.580541,20616400
2013-12-27,18.815001,18.950001,18.815001,18.905001,12.630650,25595200
2013-12-30,18.865000,18.990000,18.865000,18.950001,12.660714,11328800
2013-12-31,18.934999,19.014999,18.915001,18.985001,12.684097,14043600
2014-01-02,18.959999,18.995001,18.670000,18.695000,12.490351,40830400
2014-01-03,18.725000,18.745001,18.555000,18.635000,12.450257,27533600
2014-01-06,18.639999,18.719999,18.580000,18.665001,12.470299,22472200
2014-01-07,18.740000,18.844999,18.680000,18.830000,12.580541,17296400
2014-01-08,18.790001,18.815001,18.680000,18.730000,12.513730,28752800
2014-01-09,18.795000,18.850000,18.700001,18.840000,12.587218,18738600
2014-01-10,18.959999,19.245001,18.930000,19.110001,12.767614,53048200
2014-01-13,19.094999,19.115000,18.895000,18.915001,12.637331,24834000
2014-01-14,18.945000,19.020000,18.879999,18.940001,12.654036,15348200
2014-01-15,18.924999,18.995001,18.885000,18.905001,12.630650,11903800
2014-01-16,18.879999,19.040001,18.879999,19.035000,12.717505,16715000
2014-01-17,19.040001,19.075001,18.985001,19.030001,12.714167,8632600
2014-01-21,19.100000,19.250000,19.080000,19.240000,12.854469,11455400
2014-01-22,19.250000,19.320000,19.205000,19.260000,12.867831,14949400
2014-01-23,19.225000,19.250000,19.094999,19.205000,12.831081,18847800
2014-01-24,19.170000,19.280001,18.990000,18.990000,12.687436,30035200
2014-01-27,19.025000,19.115000,18.965000,19.035000,12.717505,16843600
2014-01-28,19.084999,19.115000,19.010000,19.105000,12.764269,15803200
2014-01-29,19.025000,19.184999,19.014999,19.094999,12.757589,22085200
2014-01-30,19.125000,19.415001,19.125000,19.389999,12.954681,16803800
2014-01-31,19.275000,19.590000,19.195000,19.549999,13.061582,28027200
2014-02-03,19.590000,19.805000,19.370001,19.395000,12.958022,41110800
2014-02-04,19.490000,19.490000,19.195000,19.280001,12.881189,21823800
2014-02-05,19.240000,19.270000,19.129999,19.195000,12.824399,15622400
2014-02-06,19.225000,19.344999,19.160000,19.334999,12.917941,21078200
2014-02-07,19.395000,19.455000,19.320000,19.440001,12.988088,20122000
2014-02-10,19.370001,19.594999,19.315001,19.584999,13.084958,14652800
2014-02-11,19.590000,19.834999,19.555000,19.770000,13.208563,20196400
2014-02-12,19.764999,19.830000,19.674999,19.795000,13.225265,11637800
2014-02-13,19.715000,20.030001,19.705000,20.010000,13.368915,16418200
2014-02-14,19.965000,20.155001,19.924999,20.139999,13.455764,14478800
2014-02-18,20.190001,20.275000,20.150000,20.209999,13.502533,19472400
2014-02-19,20.195000,20.315001,20.049999,20.094999,13.425702,20743400
2014-02-20,20.090000,20.320000,20.080000,20.250000,13.529253,19243400
2014-02-21,20.264999,20.459999,20.254999,20.275000,13.545960,18419400
2014-02-24,20.299999,20.469999,20.215000,20.225000,13.512555,14203400
2014-02-25,20.264999,20.385000,20.165001,20.200001,13.495852,13142200
2014-02-26,20.299999,20.315001,20.115000,20.135000,13.452425,19662000
2014-02-27,20.110001,20.225000,20.020000,20.084999,13.419019,13822800
2014-02-28,20.120001,20.264999,20.110001,20.225000,13.512555,17664000
2014-03-03,20.145000,20.205000,19.995001,20.025000,13.378927,28474400
2014-03-04,20.155001,20.245001,20.125000,20.170000,13.475810,19471600
2014-03-05,20.139999,20.190001,20.014999,20.035000,13.385610,18069200
2014-03-06,20.075001,20.115000,19.875000,19.934999,13.318800,27529000
2014-03-07,19.860001,19.995001,19.760000,19.995001,13.358891,27624800
2014-03-10,19.934999,20.025000,19.870001,19.945000,13.325487,21968800
2014-03-11,19.969999,20.000000,19.799999,19.889999,13.288737,15842000
2014-03-12,19.860001,20.145000,19.860001,20.139999,13.455764,15596000
2014-03-13,20.155001,20.395000,20.125000,20.350000,13.596072,42867400
2014-03-14,20.285000,20.510000,20.270000,20.445000,13.659541,25632400
2014-03-17,20.490000,20.600000,20.379999,20.580000,13.749731,19267800
2014-03-18,20.590000,20.635000,20.500000,20.549999,13.729689,15949000
2014-03-19,20.555000,20.590000,20.139999,20.225000,13.512555,51130200
2014-03-20,20.170000,20.270000,20.025000,20.270000,13.542619,25207400
2014-03-21,20.209999,20.455000,20.180000,20.254999,13.645361,27598000
2014-03-24,20.270000,20.395000,20.174999,20.309999,13.682412,19989000
2014-03-25,20.350000,20.424999,20.200001,20.395000,13.739670,20895200
2014-03-26,20.424999,20.469999,20.305000,20.309999,13.682412,15633000
2014-03-27,20.299999,20.490000,20.245001,20.475000,13.793566,26842600
2014-03-28,20.434999,20.520000,20.389999,20.504999,13.813775,15402800
2014-03-31,20.620001,20.809999,20.540001,20.730000,13.965351,17405800
2014-04-01,20.740000,20.740000,20.510000,20.584999,13.867660,20275600
2014-04-02,20.555000,20.629999,20.469999,20.555000,13.847458,23314600
2014-04-03,20.559999,20.684999,20.535000,20.620001,13.891251,10953600
2014-04-04,20.705000,20.959999,20.660000,20.730000,13.965351,27240200
2014-04-07,20.715000,20.920000,20.684999,20.695000,13.941776,26768800
2014-04-08,20.700001,21.020000,20.555000,20.990000,14.140509,23726400
2014-04-09,20.969999,21.035000,20.725000,20.945000,14.110199,36243400
2014-04-10,20.959999,21.110001,20.795000,20.865000,14.056304,32002400
2014-04-11,20.860001,20.990000,20.799999,20.844999,14.042827,35646800
2014-04-14,20.940001,21.040001,20.825001,20.969999,14.127043,19273400
2014-04-15,20.969999,21.260000,20.969999,21.260000,14.322403,30050000
2014-04-16,21.254999,21.415001,21.215000,21.415001,14.426825,24827600
2014-04-17,21.350000,21.459999,21.120001,21.150000,14.248297,35978600
2014-04-21,21.150000,21.299999,21.025000,21.125000,14.231459,22112600
2014-04-22,21.160000,21.174999,21.020000,21.155001,14.251669,21521600
2014-04-23,21.155001,21.395000,21.129999,21.165001,14.258408,34032200
2014-04-24,21.180000,21.365000,21.065001,21.309999,14.356085,22518600
2014-04-25,21.299999,21.555000,21.299999,21.555000,14.521140,32912600
2014-04-28,21.525000,21.695000,21.480000,21.660000,14.591877,37239600
2014-04-29,21.635000,21.730000,21.504999,21.570000,14.531242,34932800
2014-04-30,21.555000,21.750000,21.555000,21.605000,14.554820,43656400
2014-05-01,21.605000,21.760000,21.459999,21.695000,14.615454,37807800
2014-05-02,21.545000,21.580000,21.155001,21.250000,14.315660,55864200
2014-05-05,21.230000,21.455000,21.219999,21.440001,14.443667,29828400
2014-05-06,21.400000,21.475000,21.320000,21.334999,14.372931,21089400
2014-05-07,21.379999,21.695000,21.360001,21.680000,14.605351,27319800
2014-05-08,21.674999,21.690001,21.400000,21.445000,14.447035,30322200
2014-05-09,21.420000,21.490000,21.120001,21.129999,14.234824,24348200
2014-05-12,21.174999,21.200001,20.910000,20.934999,14.103452,27231400
2014-05-13,20.980000,21.084999,20.895000,20.985001,14.137141,17256600
2014-05-14,21.025000,21.225000,20.959999,21.090000,14.207877,40224000
2014-05-15,21.094999,21.200001,20.985001,21.004999,14.150617,23125000
2014-05-16,21.025000,21.090000,20.930000,21.070000,14.194402,20182000
2014-05-19,21.014999,21.049999,20.730000,20.745001,13.975463,26918000
2014-05-20,20.745001,20.875000,20.615000,20.745001,13.975463,21571800
2014-05-21,20.805000,20.815001,20.690001,20.760000,13.985570,13807800
2014-05-22,20.770000,20.990000,20.760000,20.930000,14.100092,10420000
2014-05-23,20.879999,20.995001,20.875000,20.879999,14.066404,17818400
2014-05-27,21.070000,21.174999,21.014999,21.045000,14.177563,18907200
2014-05-28,21.045000,21.190001,21.020000,21.170000,14.261776,25056000
2014-05-29,21.165001,21.235001,21.075001,21.230000,14.302195,19632600
2014-05-30,21.165001,21.379999,21.165001,21.370001,14.396507,16557200
2014-06-02,21.309999,21.415001,21.270000,21.365000,14.393144,14490200
2014-06-03,21.325001,21.485001,21.305000,21.445000,14.447035,16007200
2014-06-04,21.410000,21.450001,21.315001,21.434999,14.440298,14061400
2014-06-05,21.415001,21.650000,21.400000,21.615000,14.561554,16829000
2014-06-06,21.635000,21.735001,21.525000,21.540001,14.511033,16174200
2014-06-09,21.500000,21.575001,21.360001,21.395000,14.413347,16995200
2014-06-10,21.344999,21.459999,21.299999,21.344999,14.379669,17844400
2014-06-11,21.320000,21.320000,21.065001,21.075001,14.197780,20601600
2014-06-12,21.025000,21.205000,20.815001,21.139999,14.241563,33293800
2014-06-13,21.120001,21.309999,21.025000,21.275000,14.332510,16833000
2014-06-16,21.295000,21.594999,21.254999,21.420000,14.430192,39471400
2014-06-17,21.375000,21.430000,21.264999,21.389999,14.409978,22852600
2014-06-18,21.379999,21.875000,21.370001,21.875000,14.736712,71718800
2014-06-19,21.879999,22.084999,21.865000,22.055000,14.857983,44431200
2014-06-20,21.895000,21.924999,21.715000,21.735001,14.767615,19201600
2014-06-23,21.795000,21.815001,21.559999,21.660000,14.716657,18760400
2014-06-24,21.680000,21.795000,21.655001,21.725000,14.760816,18392200
2014-06-25,21.680000,21.834999,21.665001,21.805000,14.815179,24282200
2014-06-26,21.805000,21.889999,21.735001,21.870001,14.859343,25894200
2014-06-27,21.850000,22.010000,21.780001,21.955000,14.917089,15382200
2014-06-30,21.975000,22.180000,21.905001,22.129999,15.035987,25319200
2014-07-01,22.105000,22.139999,21.905001,21.910000,14.886515,19635000
2014-07-02,21.850000,21.860001,21.410000,21.485001,14.597753,34737600
2014-07-03,21.299999,21.440001,21.155001,21.250000,14.438078,24402600
2014-07-07,21.240000,21.440001,21.235001,21.350000,14.506032,24500800
2014-07-08,21.370001,21.525000,21.350000,21.495001,14.604548,26636400
2014-07-09,21.495001,21.540001,21.334999,21.434999,14.563782,20881000
2014-07-10,21.395000,21.600000,21.375000,21.580000,14.662303,20881200
2014-07-11,21.565001,21.610001,21.385000,21.415001,14.550193,18266000
2014-07-14,21.480000,21.530001,21.160000,21.170000,14.383733,16613600
2014-07-15,21.165001,21.334999,21.165001,21.280001,14.458467,17890800
2014-07-16,21.350000,21.375000,21.174999,21.350000,14.506032,14987400
2014-07-17,21.434999,21.434999,21.145000,21.155001,14.373539,16122800
2014-07-18,21.180000,21.385000,21.094999,21.370001,14.519616,10431800
2014-07-21,21.344999,21.415001,21.230000,21.350000,14.506032,11157000
2014-07-22,21.389999,21.434999,21.305000,21.305000,14.475455,9367400
2014-07-23,21.305000,21.365000,21.270000,21.325001,14.489041,14994200
2014-07-24,21.285000,21.424999,21.250000,21.389999,14.533202,12080600
2014-07-25,21.389999,21.440001,21.190001,21.219999,14.417697,11894800
2014-07-28,21.170000,21.559999,21.135000,21.514999,14.618136,17213200
2014-07-29,21.565001,21.655001,21.285000,21.315001,14.482248,16371200
2014-07-30,21.254999,21.365000,20.860001,20.955000,14.237651,29498200
2014-07-31,20.825001,20.959999,20.610001,20.625000,14.013433,30104400
2014-08-01,20.559999,20.865000,20.510000,20.705000,14.067788,31075400
2014-08-04,20.700001,20.730000,20.245001,20.594999,13.993054,60365000
2014-08-05,20.600000,20.610001,20.254999,20.344999,13.823193,29531800
2014-08-06,20.264999,20.285000,20.035000,20.084999,13.646540,99782400
2014-08-07,20.174999,20.395000,20.174999,20.315001,13.802808,25176400
2014-08-08,20.395000,20.730000,20.389999,20.719999,14.077985,40020200
2014-08-11,20.754999,20.809999,20.615000,20.645000,14.027023,17141200
2014-08-12,20.639999,20.730000,20.590000,20.629999,14.016827,13760200
2014-08-13,20.655001,20.770000,20.590000,20.725000,14.081380,13586600
2014-08-14,20.695000,20.920000,20.695000,20.905001,14.203678,12037400
2014-08-15,20.920000,21.110001,20.870001,20.985001,14.258033,19427800
2014-08-18,21.004999,21.094999,20.895000,20.930000,14.220666,16381600
2014-08-19,20.955000,21.200001,20.945000,21.195000,14.400715,15437400
2014-08-20,21.184999,21.260000,21.110001,21.240000,14.431292,11174000
2014-08-21,21.240000,21.410000,21.225000,21.290001,14.465260,17098200
2014-08-22,21.375000,21.375000,21.105000,21.225000,14.421103,13779800
2014-08-25,21.270000,21.424999,21.254999,21.370001,14.519616,13757200
2014-08-26,21.379999,21.440001,21.115000,21.115000,14.346363,13068800
2014-08-27,21.190001,21.350000,21.135000,21.344999,14.502634,10484400
2014-08-28,21.315001,21.500000,21.254999,21.500000,14.607943,20624400
2014-08-29,21.485001,21.650000,21.465000,21.639999,14.703066,11713000
2014-09-02,21.610001,21.674999,21.315001,21.445000,14.570577,25563400
2014-09-03,21.450001,21.629999,21.450001,21.549999,14.641912,16934000
2014-09-04,21.480000,21.600000,21.424999,21.540001,14.635121,18473400
2014-09-05,21.615000,21.820000,21.555000,21.809999,14.818569,18108400
2014-09-08,21.830000,21.830000,21.580000,21.680000,14.730247,13576800
2014-09-09,21.620001,21.625000,21.395000,21.430000,14.560385,26829000
2014-09-10,21.385000,21.455000,21.264999,21.334999,14.495838,21080800
2014-09-11,21.355000,21.549999,21.299999,21.514999,14.618136,18721000
2014-09-12,21.395000,21.424999,21.080000,21.129999,14.356551,34885000
2014-09-15,21.219999,21.315001,21.129999,21.195000,14.400715,21656400
2014-09-16,21.200001,21.520000,21.174999,21.465000,14.584166,24455600
2014-09-17,21.510000,21.575001,21.315001,21.424999,14.556985,31086800
2014-09-18,21.445000,21.500000,21.195000,21.270000,14.451675,24995200
2014-09-19,21.170000,21.290001,21.110001,21.270000,14.581933,19314800
2014-09-22,21.215000,21.240000,21.065001,21.110001,14.472237,24621400
2014-09-23,21.110001,21.135000,20.990000,21.049999,14.431104,19615800
2014-09-24,21.055000,21.084999,20.905001,20.975000,14.379691,16693600
2014-09-25,20.985001,21.049999,20.844999,20.850000,14.294000,19290400
2014-09-26,20.830000,20.965000,20.700001,20.879999,14.314562,13619400
2014-09-29,20.834999,21.030001,20.770000,21.014999,14.407110,11150000
2014-09-30,21.040001,21.270000,20.975000,21.045000,14.427677,23220800
2014-10-01,21.135000,21.365000,21.059999,21.165001,14.509947,35271400
2014-10-02,21.150000,21.295000,21.100000,21.135000,14.489378,26489400
2014-10-03,21.135000,21.305000,21.004999,21.270000,14.581933,18352400
2014-10-06,21.295000,21.389999,21.174999,21.270000,14.581933,11044200
2014-10-07,21.275000,21.475000,21.190001,21.240000,14.561364,24451600
2014-10-08,21.275000,21.745001,21.240000,21.719999,14.890433,35153000
2014-10-09,21.740000,21.834999,21.350000,21.365000,14.647060,31548200
2014-10-10,21.415001,21.670000,21.415001,21.465000,14.715618,36548800
2014-10-13,21.510000,21.740000,21.434999,21.445000,14.701905,34227000
2014-10-14,21.514999,21.895000,21.445000,21.639999,14.835586,44017000
2014-10-15,21.580000,21.795000,20.950001,21.355000,14.640203,45711400
2014-10-16,21.145000,21.420000,20.969999,21.375000,14.653916,41751200
2014-10-17,21.469999,21.540001,21.190001,21.500000,14.739611,31231400
2014-10-20,21.565001,21.815001,21.480000,21.799999,14.945278,20948600
2014-10-21,21.850000,21.910000,21.730000,21.875000,14.996694,20176000
2014-10-22,21.850000,22.180000,21.844999,22.010000,15.089240,27897200
2014-10-23,22.070000,22.190001,21.969999,22.049999,15.116669,18925000
2014-10-24,22.084999,22.330000,22.059999,22.264999,15.264069,21233000
2014-10-27,22.260000,22.370001,22.160000,22.215000,15.229787,16625600
2014-10-28,22.240000,22.379999,22.105000,22.370001,15.336050,21548200
2014-10-29,22.385000,22.465000,22.014999,22.240000,15.246929,30615400
2014-10-30,22.264999,22.745001,22.254999,22.730000,15.582851,67734800
2014-10-31,22.785000,22.815001,22.549999,22.735001,15.586278,32197800
2014-11-03,22.760000,22.955000,22.735001,22.885000,15.689114,26257000
2014-11-04,22.895000,23.010000,22.655001,22.764999,15.606845,30372400
2014-11-05,22.750000,23.305000,22.750000,23.280001,15.959912,43090200
2014-11-06,23.250000,23.250000,22.750000,22.885000,15.689114,74182200
2014-11-07,22.945000,23.129999,22.865000,23.125000,15.853647,23574000
2014-11-10,23.094999,23.264999,23.014999,23.240000,15.932490,18869800
2014-11-11,23.235001,23.280001,23.070000,23.155001,15.874218,11126000
2014-11-12,23.184999,23.184999,22.645000,22.750000,15.596565,36118800
2014-11-13,22.780001,22.875000,22.500000,22.565001,15.469737,30232600
2014-11-14,22.510000,22.580000,22.420000,22.469999,15.404604,15695600
2014-11-17,22.495001,22.805000,22.434999,22.764999,15.606845,17124800
2014-11-18,22.820000,22.945000,22.690001,22.830000,15.651408,13373400
2014-11-19,22.770000,22.875000,22.660000,22.809999,15.637703,24266800
2014-11-20,22.740000,22.870001,22.665001,22.760000,15.603418,16630200
2014-11-21,22.860001,22.965000,22.645000,22.850000,15.665122,29753400
2014-11-24,22.879999,22.915001,22.635000,22.660000,15.534865,23462600
2014-11-25,22.670000,22.700001,22.520000,22.660000,15.534865,26221200
2014-11-26,22.650000,22.830000,22.650000,22.760000,15.603418,13653000
2014-11-28,22.780001,23.105000,22.780001,23.000000,15.767959,15589200
2014-12-01,22.955000,23.235001,22.815001,23.045000,15.798806,38350600
2014-12-02,23.004999,23.270000,22.905001,23.200001,15.905069,26666200
2014-12-03,23.215000,23.225000,23.000000,23.135000,15.860505,16355000
2014-12-04,23.125000,23.235001,23.010000,23.115000,15.846793,27733200
2014-12-05,22.879999,23.035000,22.820000,22.934999,15.723393,34148800
2014-12-08,22.934999,23.209999,22.930000,23.120001,15.850224,24212000
2014-12-09,22.985001,23.290001,22.985001,23.235001,15.929060,21023200
2014-12-10,23.225000,23.395000,22.934999,22.945000,15.730247,18828800
2014-12-11,22.875000,23.355000,22.700001,23.174999,15.887925,19433600
2014-12-12,23.120001,23.305000,22.955000,22.955000,15.737112,21926200
2014-12-15,23.010000,23.094999,22.639999,22.760000,15.603418,22074200
2014-12-16,22.725000,23.100000,22.565001,22.740000,15.589711,29683400
2014-12-17,22.815001,23.200001,22.770000,23.145000,15.867364,37394800
2014-12-18,23.250000,23.610001,23.155001,23.600000,16.179291,29327400
2014-12-19,23.480000,23.584999,23.305000,23.430000,16.205915,35964000
2014-12-22,23.495001,23.510000,23.290001,23.490000,16.247423,22601400
2014-12-23,23.355000,23.674999,23.355000,23.549999,16.288925,19162200
2014-12-24,23.500000,24.045000,23.500000,23.985001,16.589796,28824800
2014-12-26,23.975000,24.379999,23.975000,24.275000,16.790382,39708200
2014-12-29,24.290001,24.665001,24.275000,24.555000,16.984060,49041800
2014-12-30,24.535000,24.540001,24.010000,24.045000,16.631306,26030800
2014-12-31,24.105000,24.145000,23.580000,23.610001,16.330421,30313000
2015-01-02,23.834999,23.834999,23.455000,23.719999,16.406509,33829400
2015-01-05,23.799999,23.799999,23.325001,23.430000,16.205915,47823600
2015-01-06,23.440001,23.860001,23.430000,23.445000,16.216297,38787400
2015-01-07,23.590000,23.775000,23.400000,23.674999,16.375383,28644600
2015-01-08,23.815001,23.930000,23.754999,23.840000,16.489506,28055400
2015-01-09,23.844999,23.905001,23.565001,23.690001,16.385761,17845400
2015-01-12,23.715000,23.795000,23.480000,23.635000,16.347715,21750000
2015-01-13,23.760000,24.070000,23.580000,23.700001,16.392675,31959000
2015-01-14,23.700001,23.940001,23.545000,23.905001,16.534462,30926000
2015-01-15,23.945000,24.160000,23.875000,24.094999,16.665888,29080400
2015-01-16,24.090000,24.320000,24.020000,24.309999,16.814596,25977400
2015-01-20,24.379999,24.455000,24.135000,24.370001,16.856096,22477600
2015-01-21,24.344999,24.639999,24.139999,24.605000,17.018641,27644400
2015-01-22,24.670000,24.740000,24.325001,24.500000,16.946012,35062200
2015-01-23,24.580000,24.690001,24.490000,24.570000,16.994429,14190600
2015-01-26,24.549999,24.575001,24.330000,24.555000,16.984060,16258200
2015-01-27,24.495001,24.719999,24.445000,24.590000,17.008266,17492000
2015-01-28,24.605000,24.889999,24.315001,24.379999,16.863012,27390600
2015-01-29,24.320000,24.750000,24.240000,24.705000,17.087809,24089600
2015-01-30,24.674999,24.674999,24.129999,24.160000,16.710846,29831800
2015-02-02,24.155001,24.355000,23.905001,24.264999,16.783468,44798600
2015-02-03,24.219999,24.440001,24.110001,24.355000,16.845718,32319000
2015-02-04,24.285000,24.400000,24.000000,24.059999,16.641674,27718000
2015-02-05,24.129999,24.330000,23.990000,24.280001,16.793844,26330600
2015-02-06,24.125000,24.174999,23.135000,23.280001,16.102167,64368400
2015-02-09,23.230000,23.395000,22.965000,23.075001,15.960379,39484400
2015-02-10,23.055000,23.584999,23.025000,23.549999,16.288925,41782200
2015-02-11,23.455000,23.455000,22.985001,23.040001,15.936167,39086200
2015-02-12,23.084999,23.105000,22.855000,22.934999,15.863541,41164000
2015-02-13,22.885000,22.920000,22.405001,22.584999,15.621456,65308600
2015-02-17,22.514999,22.799999,22.365000,22.565001,15.607623,52747400
2015-02-18,22.549999,23.129999,22.510000,23.100000,15.977669,64208000
2015-02-19,23.049999,23.115000,22.760000,22.840000,15.797838,28572800
2015-02-20,22.920000,22.920000,22.549999,22.844999,15.801293,27740200
2015-02-23,22.885000,23.014999,22.820000,23.000000,15.908504,17977000
2015-02-24,23.030001,23.295000,22.930000,23.170000,16.026087,28665000
2015-02-25,23.150000,23.170000,22.764999,22.790001,15.763250,23783800
2015-02-26,22.900000,22.900000,22.590000,22.639999,15.659500,28517800
2015-02-27,22.635000,22.695000,22.510000,22.615000,15.642205,24968800
2015-03-02,22.600000,22.600000,22.025000,22.180000,15.341326,55060000
2015-03-03,22.165001,22.340000,22.030001,22.315001,15.434702,37113600
2015-03-04,22.264999,22.264999,22.115000,22.190001,15.348244,24124000
2015-03-05,22.245001,22.465000,22.245001,22.365000,15.469287,23115800
2015-03-06,22.004999,22.059999,21.610001,21.695000,15.005873,53594000
2015-03-09,21.750000,21.844999,21.690001,21.735001,15.033529,26060200
2015-03-10,21.674999,21.955000,21.635000,21.695000,15.005873,27244000
2015-03-11,21.620001,21.820000,21.504999,21.555000,14.909035,19976400
2015-03-12,21.700001,22.055000,21.670000,21.965000,15.192623,34158000
2015-03-13,21.934999,21.934999,21.540001,21.740000,15.036990,27968200
2015-03-16,21.900000,22.275000,21.865000,22.115000,15.296372,25615800
2015-03-17,22.055000,22.209999,22.004999,22.080000,15.272166,18376800
2015-03-18,22.075001,22.815001,22.010000,22.674999,15.683704,47453000
2015-03-19,22.549999,22.825001,22.405001,22.465000,15.538461,26323000
2015-03-20,22.469999,22.555000,22.254999,22.490000,15.678229,27758400
2015-03-23,22.475000,22.610001,22.424999,22.504999,15.688686,20520400
2015-03-24,22.495001,22.610001,22.200001,22.254999,15.514405,21258600
2015-03-25,22.305000,22.405001,21.975000,21.995001,15.333157,28315800
2015-03-26,21.940001,22.084999,21.745001,21.809999,15.204187,25400200
2015-03-27,21.850000,22.070000,21.785000,21.940001,15.294811,13556800
2015-03-30,22.059999,22.295000,21.934999,22.209999,15.483033,16955000
2015-03-31,22.145000,22.420000,22.049999,22.215000,15.486521,20419400
2015-04-01,22.150000,22.295000,21.885000,22.235001,15.500463,34579400
2015-04-02,22.200001,22.375000,22.174999,22.275000,15.528345,22537200
2015-04-06,22.370001,22.719999,22.344999,22.584999,15.744456,24990200
2015-04-07,22.580000,22.590000,22.309999,22.325001,15.563205,13840000
2015-04-08,22.325001,22.355000,22.145000,22.260000,15.517892,17916000
2015-04-09,22.250000,22.260000,22.030001,22.165001,15.451662,22818200
2015-04-10,22.245001,22.420000,22.145000,22.330000,15.566689,18541400
2015-04-13,22.285000,22.330000,22.090000,22.110001,15.413320,16952800
2015-04-14,22.165001,22.295000,22.100000,22.219999,15.490001,22051200
2015-04-15,22.280001,22.469999,22.245001,22.275000,15.528345,19362200
2015-04-16,22.200001,22.225000,21.945000,22.129999,15.427263,27135800
2015-04-17,22.035000,22.230000,21.975000,22.049999,15.371494,17001000
2015-04-20,22.139999,22.555000,22.125000,22.379999,15.601545,18538800
2015-04-21,22.379999,22.549999,22.100000,22.180000,15.462122,23398200
2015-04-22,22.245001,22.285000,22.084999,22.225000,15.493489,17496600
2015-04-23,22.150000,22.459999,22.150000,22.350000,15.580633,18436400
2015-04-24,22.350000,22.730000,22.295000,22.575001,15.737485,29082400
2015-04-27,22.635000,22.670000,22.235001,22.305000,15.549260,21013200
2015-04-28,22.209999,22.469999,22.129999,22.465000,15.660805,19495600
2015-04-29,22.299999,22.445000,22.184999,22.370001,15.594573,26662000
2015-04-30,22.320000,22.325001,21.940001,22.110001,15.413320,35176400
2015-05-01,22.059999,22.245001,21.969999,22.235001,15.500463,25014800
2015-05-04,22.240000,22.570000,22.205000,22.400000,15.615493,26646200
2015-05-05,22.365000,22.365000,21.840000,21.900000,15.266927,37242400
2015-05-06,21.895000,22.000000,21.565001,21.780001,15.183278,33952200
2015-05-07,21.855000,22.010000,21.799999,21.860001,15.239046,25374000
2015-05-08,22.139999,22.260000,21.924999,22.014999,15.347093,28766400
2015-05-11,22.010000,22.195000,21.844999,21.865000,15.242523,25278600
2015-05-12,21.750000,21.865000,21.620001,21.840000,15.225101,27070400
2015-05-13,21.915001,21.985001,21.549999,21.625000,15.075217,27959200
2015-05-14,21.735001,21.934999,21.715000,21.875000,15.249504,24485400
2015-05-15,21.934999,22.205000,21.900000,22.160000,15.448179,35583400
2015-05-18,22.049999,22.285000,22.049999,22.245001,15.507438,20487200
2015-05-19,22.145000,22.350000,22.070000,22.295000,15.542294,25816000
2015-05-20,22.295000,22.490000,22.245001,22.330000,15.566689,18137400
2015-05-21,22.385000,22.410000,22.215000,22.320000,15.559712,16125200
2015-05-22,22.240000,22.350000,22.145000,22.285000,15.535321,17847800
2015-05-26,22.250000,22.275000,22.000000,22.145000,15.437720,21127800
2015-05-27,22.165001,22.275000,22.120001,22.235001,15.500463,15275600
2015-05-28,22.225000,22.340000,22.145000,22.285000,15.535321,19973800
2015-05-29,22.240000,22.350000,22.165001,22.250000,15.510923,18321000
2015-06-01,22.309999,22.415001,22.209999,22.280001,15.531829,17678200
2015-06-02,22.160000,22.180000,21.830000,21.985001,15.326184,24302600
2015-06-03,21.900000,21.990000,21.540001,21.660000,15.099618,46725000
2015-06-04,21.684999,21.780001,21.590000,21.629999,15.078706,26601800
2015-06-05,21.350000,21.450001,21.275000,21.360001,14.890482,31837600
2015-06-08,21.379999,21.379999,21.219999,21.235001,14.803345,15835400
2015-06-09,21.200001,21.315001,21.184999,21.184999,14.768483,20536800
2015-06-10,21.375000,21.450001,21.285000,21.290001,14.841685,22182000
2015-06-11,21.465000,21.504999,21.370001,21.459999,14.960195,17953800
2015-06-12,21.370001,21.440001,21.264999,21.270000,14.827744,17258600
2015-06-15,21.209999,21.334999,21.145000,21.235001,14.803345,20152200
2015-06-16,21.195000,21.334999,21.105000,21.334999,14.873053,16073600
2015-06-17,21.344999,21.549999,21.280001,21.514999,14.998546,36583800
2015-06-18,21.540001,21.855000,21.540001,21.799999,15.197214,41434000
2015-06-19,21.645000,21.660000,21.385000,21.395000,15.050543,26751000
2015-06-22,21.430000,21.480000,21.315001,21.365000,15.029442,20547600
2015-06-23,21.285000,21.330000,21.045000,21.075001,14.825439,32553800
2015-06-24,21.100000,21.145000,20.900000,20.910000,14.709364,24459800
2015-06-25,20.924999,20.975000,20.764999,20.770000,14.610882,23374600
2015-06-26,20.725000,20.930000,20.655001,20.895000,14.698810,17541400
2015-06-29,20.860001,21.129999,20.770000,20.785000,14.621433,32343000
2015-06-30,20.885000,20.905001,20.684999,20.730000,14.582742,22217400
2015-07-01,20.754999,20.860001,20.700001,20.855000,14.670675,22503600
2015-07-02,20.995001,21.180000,20.950001,21.115000,14.853576,19150800
2015-07-06,21.084999,21.254999,21.010000,21.200001,14.913368,27996400
2015-07-07,21.270000,21.809999,21.270000,21.725000,15.282684,52236600
2015-07-08,21.650000,21.785000,21.570000,21.610001,15.201785,30993600
2015-07-09,21.674999,21.725000,21.299999,21.370001,15.032961,31152000
2015-07-10,21.379999,21.639999,21.309999,21.485001,15.113855,24810200
2015-07-13,21.545000,21.635000,21.365000,21.495001,15.120893,17169400
2015-07-14,21.469999,21.615000,21.400000,21.465000,15.099785,13642400
2015-07-15,21.440001,21.575001,21.350000,21.570000,15.173651,19801600
2015-07-16,21.570000,21.924999,21.540001,21.889999,15.398754,25185400
2015-07-17,21.889999,21.920000,21.665001,21.674999,15.247514,20984600
2015-07-20,21.584999,21.684999,21.455000,21.565001,15.170131,19625000
2015-07-21,21.525000,21.575001,21.280001,21.370001,15.032961,20569600
2015-07-22,21.405001,21.575001,21.350000,21.465000,15.099785,16504400
2015-07-23,21.445000,21.459999,21.040001,21.145000,14.874681,27894600
2015-07-24,21.155001,21.240000,21.090000,21.165001,14.888748,17178200
2015-07-27,21.165001,21.530001,21.105000,21.434999,15.078683,23905600
2015-07-28,21.434999,21.555000,21.355000,21.535000,15.149030,17485200
2015-07-29,21.535000,21.635000,21.375000,21.615000,15.205301,27001600
2015-07-30,21.594999,21.844999,21.504999,21.775000,15.317862,22630800
2015-07-31,21.975000,22.170000,21.950001,21.995001,15.472621,24108400
2015-08-03,22.025000,22.235001,22.000000,22.110001,15.553518,26394600
2015-08-04,22.055000,22.084999,21.709999,21.754999,15.303784,24067200
2015-08-05,21.840000,21.965000,21.745001,21.809999,15.342478,22313200
2015-08-06,21.865000,21.945000,21.615000,21.924999,15.423376,34290200
2015-08-07,21.905001,22.290001,21.790001,22.195000,15.613313,42326600
2015-08-10,22.200001,22.305000,22.059999,22.105000,15.550000,24179000
2015-08-11,22.190001,22.385000,22.049999,22.215000,15.627380,30244600
2015-08-12,22.190001,22.650000,22.139999,22.610001,15.905244,46919600
2015-08-13,22.520000,22.680000,22.350000,22.615000,15.908765,21557800
2015-08-14,22.525000,22.799999,22.475000,22.785000,16.028353,20668600
2015-08-17,22.860001,22.995001,22.745001,22.895000,16.105734,18319400
2015-08-18,22.820000,22.879999,22.745001,22.840000,16.067047,23482600
2015-08-19,22.785000,23.004999,22.665001,22.934999,16.133875,18491200
2015-08-20,22.840000,23.070000,22.719999,22.799999,16.038900,25552000
2015-08-21,22.725000,22.825001,22.510000,22.525000,15.845457,37494800
2015-08-24,22.080000,22.285000,21.575001,21.680000,15.251034,70201000
2015-08-25,21.950001,22.090000,20.995001,21.014999,14.783229,57265400
2015-08-26,21.160000,21.440001,20.985001,21.389999,15.047029,43739800
2015-08-27,21.510000,21.650000,21.344999,21.639999,15.222894,34091000
2015-08-28,21.610001,21.674999,21.280001,21.575001,15.177163,19361400
2015-08-31,21.545000,21.545000,21.055000,21.230000,14.934472,24156800
2015-09-01,21.000000,21.040001,20.540001,20.655001,14.529984,38812400
2015-09-02,20.799999,20.865000,20.495001,20.670000,14.540534,18243400
2015-09-03,20.625000,20.870001,20.625000,20.764999,14.607365,17170400
2015-09-04,20.600000,20.645000,20.400000,20.480000,14.406876,26859200
2015-09-08,20.670000,20.915001,20.650000,20.915001,14.712886,22413800
2015-09-09,20.965000,21.025000,20.615000,20.655001,14.529984,23085000
2015-09-10,20.645000,20.825001,20.559999,20.620001,14.505367,13532800
2015-09-11,20.594999,20.785000,20.500000,20.775000,14.614396,14955800
2015-09-14,20.850000,20.965000,20.780001,20.825001,14.649573,16745200
2015-09-15,20.850000,20.985001,20.719999,20.934999,14.726951,13158200
2015-09-16,20.995001,21.209999,20.924999,21.145000,14.874681,17239600
2015-09-17,21.084999,21.709999,21.084999,21.434999,15.078683,45446200
2015-09-18,21.145000,21.360001,21.065001,21.115000,14.993828,28717400
2015-09-21,21.100000,21.309999,21.100000,21.200001,15.054183,17541800
2015-09-22,21.105000,21.195000,20.875000,20.934999,14.866006,21944400
2015-09-23,20.940001,21.040001,20.865000,20.990000,14.905066,10533000
2015-09-24,20.985001,21.200001,20.915001,21.160000,15.025784,22652000
2015-09-25,21.200001,21.575001,21.100000,21.365000,15.171352,19010000
2015-09-28,21.365000,21.495001,21.219999,21.260000,15.096789,19014000
2015-09-29,21.299999,21.389999,21.180000,21.264999,15.100342,17362800
2015-09-30,21.309999,21.670000,21.305000,21.645000,15.370184,19276000
2015-10-01,21.695000,21.725000,21.230000,21.389999,15.189107,31292000
2015-10-02,21.549999,21.674999,21.355000,21.674999,15.391483,26396800
2015-10-05,21.735001,21.990000,21.655001,21.955000,15.590313,24022400
2015-10-06,21.910000,21.975000,21.670000,21.805000,15.483799,23043800
2015-10-07,21.830000,21.875000,21.695000,21.730000,15.430539,19056800
2015-10-08,21.715000,22.035000,21.650000,22.000000,15.622262,21060800
2015-10-09,21.995001,22.014999,21.825001,21.895000,15.547705,26190200
2015-10-12,21.975000,22.219999,21.900000,22.090000,15.686179,14986000
2015-10-13,22.070000,22.165001,21.995001,22.040001,15.650673,19146800
2015-10-14,22.139999,22.200001,22.004999,22.035000,15.647123,15691000
2015-10-15,22.120001,22.400000,22.014999,22.360001,15.877905,16568200
2015-10-16,22.379999,22.530001,22.320000,22.389999,15.899200,18817400
2015-10-19,22.370001,22.415001,22.180000,22.405001,15.909861,20432400
2015-10-20,22.334999,22.575001,22.320000,22.480000,15.963120,19526200
2015-10-21,22.545000,22.665001,22.420000,22.434999,15.931159,16822000
2015-10-22,22.530001,22.760000,22.450001,22.695000,16.115789,26220000
2015-10-23,22.674999,22.684999,22.280001,22.295000,15.831749,25170400
2015-10-26,22.344999,22.360001,22.040001,22.215000,15.774937,22227000
2015-10-27,22.195000,22.245001,22.065001,22.135000,15.718133,16992400
2015-10-28,22.139999,22.225000,21.655001,21.900000,15.551260,34842200
2015-10-29,21.790001,21.860001,21.485001,21.775000,15.462497,32579600
2015-10-30,21.799999,21.959999,21.719999,21.875000,15.533508,23263400
2015-11-02,21.860001,21.945000,21.730000,21.900000,15.551260,34873600
2015-11-03,21.820000,21.990000,21.760000,21.965000,15.597411,24866400
2015-11-04,21.940001,22.150000,21.940001,22.080000,15.679072,21437800
2015-11-05,22.035000,22.100000,21.889999,21.889999,15.544152,27525800
2015-11-06,21.535000,21.584999,20.945000,21.125000,15.000924,64718000
2015-11-09,21.030001,21.280001,20.985001,21.180000,15.039985,26666600
2015-11-10,21.190001,21.434999,21.150000,21.370001,15.174905,17009200
2015-11-11,21.430000,21.594999,21.385000,21.555000,15.306273,21946800
2015-11-12,21.500000,21.705000,21.334999,21.350000,15.160702,17679200
2015-11-13,21.375000,21.525000,21.205000,21.270000,15.103892,19032800
2015-11-16,21.309999,21.635000,21.235001,21.629999,15.359528,18351200
2015-11-17,21.620001,21.750000,21.180000,21.240000,15.082591,26988000
2015-11-18,21.254999,21.420000,21.065001,21.375000,15.178454,30925000
2015-11-19,21.424999,21.650000,21.405001,21.605000,15.341776,24729600
2015-11-20,21.639999,21.850000,21.600000,21.695000,15.405686,25040000
2015-11-23,21.719999,21.745001,21.459999,21.495001,15.263668,23794000
2015-11-24,21.400000,21.495001,21.295000,21.465000,15.242360,17583400
2015-11-25,21.459999,21.459999,21.254999,21.334999,15.150043,15356400
2015-11-27,21.395000,21.475000,21.344999,21.375000,15.178454,7960600
2015-11-30,21.400000,21.565001,21.365000,21.410000,15.203302,22746000
2015-12-01,21.459999,21.625000,21.375000,21.580000,15.324022,25103000
2015-12-02,21.495001,21.549999,21.094999,21.100000,14.983174,25132200
2015-12-03,21.065001,21.070000,20.870001,20.940001,14.869555,29758400
2015-12-04,21.014999,21.264999,20.950001,21.235001,15.079040,21923000
2015-12-07,21.184999,21.340000,21.084999,21.330000,15.146499,27030200
2015-12-08,21.245001,21.330000,21.129999,21.299999,15.125191,21275800
2015-12-09,21.205000,21.530001,21.135000,21.305000,15.128745,21351600
2015-12-10,21.275000,21.315001,20.934999,20.955000,14.880210,19367200
2015-12-11,20.905001,21.065001,20.750000,20.895000,14.837599,28705400
2015-12-14,20.975000,21.004999,20.754999,21.000000,14.912168,32809200
2015-12-15,21.030001,21.295000,21.020000,21.165001,15.029330,20221800
2015-12-16,21.245001,21.735001,21.180000,21.700001,15.409235,36601000
2015-12-17,21.740000,21.865000,21.580000,21.745001,15.441194,26323400
2015-12-18,21.495001,21.520000,21.090000,21.254999,15.249270,36814400
2015-12-21,21.305000,21.389999,21.129999,21.240000,15.238509,18063000
2015-12-22,21.299999,21.475000,21.105000,21.420000,15.367651,16251600
2015-12-23,21.455000,21.799999,21.424999,21.750000,15.604412,17163400
2015-12-24,21.674999,21.799999,21.674999,21.735001,15.593647,5431600
2015-12-28,21.605000,21.805000,21.605000,21.775000,15.622342,10073000
2015-12-29,21.879999,21.969999,21.840000,21.895000,15.708437,18447800
2015-12-30,21.910000,21.969999,21.830000,21.875000,15.694091,15663000
2015-12-31,21.840000,21.900000,21.445000,21.639999,15.525490,20863400
2016-01-04,21.514999,21.600000,21.334999,21.594999,15.493199,29693400
2016-01-05,21.584999,21.805000,21.280001,21.750000,15.604412,21896000
2016-01-06,21.620001,21.799999,21.535000,21.709999,15.575714,25437600
2016-01-07,21.475000,21.674999,21.434999,21.565001,15.471686,24547400
2016-01-08,21.580000,21.730000,21.514999,21.555000,15.464504,23361600
2016-01-11,21.570000,21.770000,21.559999,21.670000,15.547016,32779200
2016-01-12,21.684999,21.750000,21.415001,21.584999,15.486025,28720200
2016-01-13,21.665001,21.760000,21.510000,21.575001,15.478857,34957800
2016-01-14,21.570000,22.025000,21.500000,21.900000,15.712029,46166000
2016-01-15,21.680000,21.840000,21.445000,21.705000,15.572120,37878200
2016-01-19,21.820000,22.090000,21.735001,22.030001,15.805298,35769200
2016-01-20,21.940001,21.975000,21.225000,21.535000,15.450157,39800200
2016-01-21,21.600000,21.680000,21.325001,21.514999,15.435806,28175800
2016-01-22,21.645000,21.915001,21.540001,21.900000,15.712029,30121000
2016-01-25,21.889999,21.945000,21.635000,21.715000,15.579301,27042800
2016-01-26,21.764999,22.080000,21.764999,21.865000,15.686910,22919200
2016-01-27,21.825001,22.075001,21.730000,21.915001,15.722783,27463800
2016-01-28,21.885000,22.410000,21.764999,22.264999,15.973897,31127800
2016-01-29,22.410000,22.730000,22.410000,22.709999,16.293150,35880800
2016-02-01,22.605000,23.030001,22.590000,22.924999,16.447403,59221800
2016-02-02,22.840000,23.049999,22.730000,23.025000,16.519152,31940200
2016-02-03,23.105000,23.415001,23.100000,23.309999,16.723618,65904800
2016-02-04,23.290001,23.415001,23.150000,23.209999,16.651878,55205200
2016-02-05,23.075001,23.375000,22.870001,23.285000,16.705677,54772600
2016-02-08,23.235001,23.500000,22.990000,23.205000,16.648291,58024800
2016-02-09,23.125000,23.375000,23.070000,23.285000,16.705677,45241800
2016-02-10,23.230000,23.385000,22.860001,23.260000,16.687752,51841200
2016-02-11,23.115000,23.305000,22.840000,22.850000,16.393602,50780000
2016-02-12,22.834999,22.965000,22.594999,22.780001,16.343376,42037400
2016-02-16,22.895000,22.975000,22.684999,22.924999,16.447403,29277200
2016-02-17,23.000000,23.000000,22.730000,22.879999,16.415121,38160600
2016-02-18,22.834999,23.334999,22.815001,23.254999,16.684164,37768600
2016-02-19,23.155001,23.219999,22.950001,23.100000,16.572962,34040200
2016-02-22,23.225000,23.370001,23.094999,23.370001,16.766663,24873200
2016-02-23,23.295000,23.445000,23.190001,23.389999,16.781012,23577600
2016-02-24,23.389999,23.545000,23.290001,23.500000,16.859932,33501800
2016-02-25,23.575001,23.740000,23.504999,23.740000,17.032118,24323800
2016-02-26,23.605000,23.660000,23.080000,23.084999,16.562197,65907200
2016-02-29,23.049999,23.370001,23.030001,23.150000,16.608828,40275600
2016-03-01,23.270000,23.325001,22.889999,23.035000,16.526323,47283400
2016-03-02,22.975000,23.165001,22.540001,23.155001,16.612421,60448400
2016-03-03,23.190001,23.295000,22.879999,23.295000,16.712858,42548200
2016-03-04,23.145000,23.629999,23.090000,23.555000,16.899397,44256800
2016-03-07,23.514999,23.735001,23.440001,23.684999,16.992664,36985600
2016-03-08,23.730000,23.940001,23.605000,23.920000,17.161264,32749600
2016-03-09,23.870001,24.105000,23.850000,24.030001,17.240179,28513200
2016-03-10,24.020000,24.129999,23.820000,24.049999,17.254530,38942800
2016-03-11,24.165001,24.225000,24.025000,24.075001,17.272465,31390800
2016-03-14,24.070000,24.150000,23.969999,24.105000,17.293991,23449600
2016-03-15,24.080000,24.230000,24.049999,24.150000,17.326275,27474000
2016-03-16,24.059999,24.520000,23.900000,24.520000,17.591730,55736400
2016-03-17,24.424999,24.709999,24.334999,24.655001,17.688583,35069800
2016-03-18,24.469999,24.545000,24.305000,24.315001,17.575825,33981400
2016-03-21,24.240000,24.410000,24.055000,24.290001,17.557751,31486400
2016-03-22,24.260000,24.389999,24.180000,24.209999,17.499922,22914800
2016-03-23,24.209999,24.485001,24.100000,24.389999,17.630037,30479200
2016-03-24,24.379999,24.490000,24.309999,24.455000,17.677015,30147000
2016-03-28,24.495001,24.625000,24.315001,24.365000,17.611965,22489200
2016-03-29,24.440001,24.745001,24.344999,24.725000,17.872181,35107200
2016-03-30,24.725000,24.780001,24.575001,24.665001,17.828815,29033800
2016-03-31,24.700001,24.834999,24.610001,24.809999,17.933619,29406800
2016-04-01,24.709999,24.940001,24.629999,24.905001,18.002296,35745200
2016-04-04,24.910000,24.940001,24.674999,24.799999,17.926397,30572200
2016-04-05,24.745001,24.785000,24.315001,24.334999,17.590275,37316800
2016-04-06,24.299999,24.340000,24.155001,24.305000,17.568594,40589000
2016-04-07,24.270000,24.455000,24.230000,24.295000,17.561363,30560400
2016-04-08,24.370001,24.584999,24.344999,24.424999,17.655329,32873800
2016-04-11,24.424999,24.580000,24.299999,24.320000,17.579430,22250000
2016-04-12,24.325001,24.520000,24.285000,24.490000,17.702316,26854400
2016-04-13,24.559999,24.559999,24.209999,24.340000,17.593891,26641000
2016-04-14,24.280001,24.395000,24.230000,24.309999,17.572205,24181600
2016-04-15,24.360001,24.500000,24.275000,24.445000,17.669792,21925800
2016-04-18,24.430000,24.540001,24.264999,24.540001,17.738462,18248000
2016-04-19,24.565001,24.615000,24.420000,24.580000,17.767372,20990800
2016-04-20,24.600000,24.629999,23.950001,23.965000,17.322826,52137400
2016-04-21,23.875000,23.940001,23.365000,23.465000,16.961411,64131400
2016-04-22,23.530001,23.705000,23.514999,23.674999,17.113207,24618000
2016-04-25,23.575001,23.725000,23.559999,23.719999,17.145733,25485800
2016-04-26,23.735001,23.855000,23.690001,23.754999,17.171030,26043000
2016-04-27,23.825001,24.240000,23.750000,24.100000,17.420414,49118400
2016-04-28,23.889999,24.125000,23.750000,24.065001,17.395113,40316000
2016-04-29,23.965000,24.235001,23.785000,24.209999,17.499922,40354400
2016-05-02,24.225000,24.525000,24.195000,24.405001,17.640884,32733200
2016-05-03,24.385000,24.514999,24.250000,24.385000,17.626423,31493400
2016-05-04,24.395000,24.825001,24.320000,24.670000,17.832428,35207800
2016-05-05,24.600000,24.875000,24.485001,24.575001,17.763756,31653000
2016-05-06,24.455000,24.540001,24.195000,24.415001,17.648104,40107200
2016-05-09,24.430000,24.590000,24.379999,24.555000,17.749302,22463600
2016-05-10,24.580000,24.670000,24.490000,24.580000,17.767372,26515800
2016-05-11,24.584999,24.690001,24.450001,24.670000,17.832428,24347800
2016-05-12,24.629999,24.855000,24.540001,24.815001,17.937235,35455400
2016-05-13,24.750000,24.805000,24.575001,24.695000,17.850506,25253200
2016-05-16,24.610001,24.730000,24.520000,24.725000,17.872181,22174200
2016-05-17,24.645000,24.705000,24.174999,24.305000,17.568594,35066000
2016-05-18,24.165001,24.355000,23.770000,23.850000,17.239702,54513000
2016-05-19,23.760000,24.094999,23.625000,24.090000,17.413181,39165600
2016-05-20,24.145000,24.174999,23.959999,24.145000,17.452940,30371400
2016-05-23,24.139999,24.200001,23.900000,23.930000,17.297533,25380400
2016-05-24,23.969999,24.200001,23.934999,24.170000,17.471014,26766600
2016-05-25,24.040001,24.174999,23.930000,24.100000,17.420414,28699800
2016-05-26,24.070000,24.405001,24.070000,24.375000,17.619192,26309000
2016-05-27,24.370001,24.459999,24.290001,24.415001,17.648104,30211000
2016-05-31,24.375000,24.594999,24.370001,24.575001,17.763756,31172400
2016-06-01,24.570000,24.670000,24.520000,24.639999,17.810743,22566200
2016-06-02,24.620001,24.650000,24.405001,24.650000,17.817970,15407400
2016-06-03,24.975000,25.174999,24.855000,25.040001,18.099880,37437800
2016-06-06,25.049999,25.135000,24.900000,25.004999,18.074579,21685600
2016-06-07,25.025000,25.155001,24.934999,24.985001,18.060122,15808000
2016-06-08,24.980000,25.155001,24.945000,25.135000,18.168547,13530200
2016-06-09,25.150000,25.395000,25.115000,25.350000,18.323961,19405000
2016-06-10,25.325001,25.455000,25.184999,25.285000,18.276978,25822600
2016-06-13,25.325001,25.420000,25.235001,25.254999,18.255293,26143400
2016-06-14,25.264999,25.405001,25.129999,25.389999,18.352875,23212800
2016-06-15,25.379999,25.430000,25.139999,25.230000,18.237221,21782600
2016-06-16,25.200001,25.445000,25.180000,25.389999,18.352875,20054200
2016-06-17,25.160000,25.280001,25.020000,25.275000,18.419186,38422600
2016-06-20,25.235001,25.309999,24.990000,25.180000,18.349960,31875800
2016-06-21,25.195000,25.334999,25.035000,25.215000,18.375460,17338200
2016-06-22,25.215000,25.254999,25.070000,25.094999,18.288015,15960600
2016-06-23,25.049999,25.174999,24.995001,25.165001,18.339025,16850400
2016-06-24,25.110001,25.430000,24.895000,25.205000,18.368172,48382000
2016-06-27,25.174999,25.584999,25.139999,25.514999,18.594088,33574600
2016-06-28,25.525000,25.625000,25.315001,25.610001,18.663321,26414600
2016-06-29,25.730000,25.799999,25.590000,25.680000,18.714336,28026800
2016-06-30,25.795000,26.264999,25.680000,26.235001,19.118795,34744800
2016-07-01,26.379999,26.379999,25.969999,26.240000,19.122438,34961600
2016-07-05,26.320000,26.475000,26.240000,26.434999,19.264536,25106800
2016-07-06,26.405001,26.510000,26.250000,26.490000,19.304626,30205400
2016-07-07,26.400000,26.415001,25.950001,26.000000,18.947533,45437200
2016-07-08,25.775000,26.285000,25.719999,26.270000,19.144297,32184800
2016-07-11,26.190001,26.270000,25.945000,26.250000,19.129721,29012000
2016-07-12,26.075001,26.180000,25.875000,25.889999,18.867373,36004600
2016-07-13,26.000000,26.094999,25.940001,26.094999,19.016764,29209400
2016-07-14,25.834999,26.045000,25.805000,25.924999,18.892874,34722600
2016-07-15,25.895000,26.065001,25.875000,26.000000,18.947533,25903400
2016-07-18,26.030001,26.155001,26.025000,26.075001,19.002192,22336200
2016-07-19,26.049999,26.105000,25.910000,26.030001,18.969397,21364000
2016-07-20,25.995001,26.055000,25.840000,25.879999,18.860081,23199200
2016-07-21,25.764999,26.055000,25.735001,26.035000,18.973043,26518400
2016-07-22,25.969999,26.405001,25.945000,26.379999,19.224453,26441400
2016-07-25,26.344999,26.370001,26.174999,26.334999,19.191666,14310600
2016-07-26,26.344999,26.365000,26.030001,26.105000,19.024052,25018200
2016-07-27,26.045000,26.075001,25.580000,25.805000,18.805429,45119600
2016-07-28,25.790001,25.950001,25.730000,25.905001,18.878302,18231600
2016-07-29,25.910000,26.145000,25.865000,26.059999,18.991255,30949400
2016-08-01,25.995001,26.135000,25.980000,26.075001,19.002192,23317000
2016-08-02,25.940001,26.004999,25.785000,25.905001,18.878302,27411000
2016-08-03,25.905001,25.950001,25.670000,25.750000,18.765347,22810600
2016-08-04,25.780001,25.930000,25.665001,25.735001,18.754414,24544000
2016-08-05,25.590000,25.645000,25.350000,25.365000,18.484779,53904200
2016-08-08,25.355000,25.584999,25.290001,25.355000,18.477495,27053400
2016-08-09,25.389999,25.485001,25.285000,25.350000,18.473848,20188400
2016-08-10,25.410000,25.469999,25.290001,25.355000,18.477495,16981600
2016-08-11,25.350000,25.430000,25.275000,25.415001,18.521208,18963000
2016-08-12,25.504999,25.635000,25.445000,25.450001,18.546719,24322800
2016-08-15,25.450001,25.540001,25.059999,25.059999,18.262501,25268800
2016-08-16,25.000000,25.014999,24.764999,24.764999,18.047522,40363200
2016-08-17,24.735001,25.184999,24.545000,25.135000,18.317163,56913200
2016-08-18,25.129999,25.445000,25.084999,25.445000,18.543076,27889000
2016-08-19,25.270000,25.375000,25.000000,25.135000,18.317163,29396000
2016-08-22,25.174999,25.309999,25.125000,25.200001,18.364536,18203600
2016-08-23,25.240000,25.360001,25.075001,25.090000,18.284369,19157400
2016-08-24,25.049999,25.120001,24.885000,25.080000,18.277082,16096600
2016-08-25,25.055000,25.180000,25.049999,25.094999,18.288015,14445600
2016-08-26,25.110001,25.280001,24.555000,24.575001,17.909067,41822000
2016-08-29,24.650000,24.834999,24.625000,24.775000,18.054817,26031400
2016-08-30,24.754999,24.875000,24.485001,24.514999,17.865337,24523000
2016-08-31,24.490000,24.625000,24.434999,24.615000,17.938215,23004200
2016-09-01,24.549999,24.635000,24.459999,24.490000,17.847120,31964000
2016-09-02,24.580000,24.840000,24.530001,24.815001,18.083967,32542000
2016-09-06,24.945000,25.115000,24.875000,25.084999,18.280725,30518200
2016-09-07,25.100000,25.145000,24.945000,25.090000,18.284369,22981400
2016-09-08,24.920000,25.205000,24.920000,25.174999,18.346313,25683200
2016-09-09,24.924999,24.955000,24.219999,24.230000,17.657644,51518200
2016-09-12,24.190001,24.709999,24.190001,24.660000,17.971008,51064600
2016-09-13,24.580000,24.610001,24.209999,24.320000,17.723234,44593800
2016-09-14,24.410000,24.610001,24.305000,24.415001,17.792461,30459600
2016-09-15,24.389999,24.645000,24.330000,24.600000,17.927280,50523600
2016-09-16,24.424999,24.665001,24.245001,24.629999,18.102200,43448400
2016-09-19,24.709999,24.885000,24.650000,24.875000,18.282269,25061600
2016-09-20,24.975000,25.014999,24.815001,24.830000,18.249195,25715800
2016-09-21,24.875000,25.355000,24.825001,25.334999,18.620356,38810200
2016-09-22,25.540001,25.545000,25.305000,25.490000,18.734276,24070600
2016-09-23,25.415001,25.540001,25.295000,25.469999,18.719574,22006800
2016-09-26,25.469999,25.510000,25.320000,25.405001,18.671808,16105600
2016-09-27,25.490000,25.615000,25.049999,25.075001,18.429266,35879200
2016-09-28,25.090000,25.170000,24.825001,25.040001,18.403538,33238400
2016-09-29,24.985001,24.995001,24.540001,24.665001,18.127926,38494600
2016-09-30,24.684999,24.865000,24.370001,24.495001,18.002987,29672600
2016-10-03,24.504999,24.504999,24.004999,24.150000,17.749428,38985400
2016-10-04,24.135000,24.155001,23.500000,23.645000,17.378267,51383600
2016-10-05,23.700001,23.885000,23.504999,23.594999,17.341516,56343800
2016-10-06,23.514999,23.709999,23.395000,23.590000,17.337837,40391400
2016-10-07,23.754999,23.980000,23.549999,23.559999,17.315788,34431600
2016-10-10,23.575001,23.775000,23.575001,23.754999,17.459110,19549600
2016-10-11,23.740000,23.740000,23.445000,23.485001,17.260668,28694000
2016-10-12,23.500000,23.760000,23.459999,23.715000,17.429712,30854600
2016-10-13,23.754999,24.165001,23.705000,24.010000,17.646526,61084200
2016-10-14,23.885000,24.115000,23.840000,23.875000,17.547306,35896600
2016-10-17,23.950001,24.065001,23.920000,24.004999,17.642847,22879800
2016-10-18,24.110001,24.260000,23.900000,24.209999,17.793516,29522200
2016-10-19,24.195000,24.230000,24.045000,24.155001,17.753098,17005000
2016-10-20,24.200001,24.330000,24.094999,24.139999,17.742069,17861600
2016-10-21,24.035000,24.125000,23.895000,24.000000,17.639175,36307200
2016-10-24,24.105000,24.180000,23.945000,24.090000,17.705324,21489400
2016-10-25,24.059999,24.240000,24.030001,24.240000,17.815573,19772600
2016-10-26,24.174999,24.330000,24.055000,24.299999,17.859663,21702000
2016-10-27,24.160000,24.254999,23.985001,24.155001,17.753098,31109800
2016-10-28,24.139999,24.344999,24.100000,24.230000,17.808224,32927800
2016-10-31,24.290001,24.860001,24.225000,24.715000,18.164679,45431600
2016-11-01,24.645000,24.695000,24.200001,24.264999,17.833942,48308800
2016-11-02,24.150000,24.215000,23.760000,23.959999,17.609772,52983400
2016-11-03,23.900000,24.145000,23.815001,24.049999,17.675922,23641000
2016-11-04,24.145000,24.375000,23.959999,23.975000,17.620800,29114400
2016-11-07,24.075001,24.400000,23.844999,24.395000,17.929493,35456200
2016-11-08,24.424999,24.680000,24.385000,24.584999,18.069128,37695800
2016-11-09,24.155001,24.174999,23.639999,23.680000,17.403988,85620400
2016-11-10,23.555000,23.580000,22.805000,23.110001,16.985058,106246800
2016-11-11,23.059999,23.330000,22.924999,23.014999,16.915234,61903000
2016-11-14,22.840000,23.049999,22.665001,23.000000,16.904209,56381600
2016-11-15,23.129999,23.424999,23.120001,23.370001,17.176146,50383600
2016-11-16,23.424999,23.485001,23.059999,23.209999,17.058550,33634800
2016-11-17,23.100000,23.340000,23.100000,23.215000,17.062227,38399600
2016-11-18,23.280001,23.330000,23.045000,23.145000,17.010782,21397000
2016-11-21,23.209999,23.395000,23.174999,23.389999,17.190845,24596600
2016-11-22,23.400000,23.514999,23.280001,23.480000,17.257000,21286000
2016-11-23,23.150000,23.459999,23.150000,23.245001,17.084276,28306800
2016-11-25,23.280001,23.660000,23.280001,23.580000,17.330484,15732400
2016-11-28,23.650000,24.090000,23.645000,24.035000,17.664892,46863400
2016-11-29,23.975000,24.250000,23.934999,24.135000,17.738401,28895400
2016-11-30,23.780001,23.834999,23.375000,23.375000,17.179825,46934800
2016-12-01,23.180000,23.285000,23.020000,23.190001,17.043852,36732200
2016-12-02,23.325001,23.565001,23.245001,23.400000,17.198198,32798800
2016-12-05,23.299999,23.434999,23.084999,23.430000,17.220245,29776600
2016-12-06,23.420000,23.514999,23.330000,23.385000,17.187176,16844000
2016-12-07,23.469999,23.690001,23.445000,23.690001,17.411333,25804800
2016-12-08,23.540001,23.775000,23.370001,23.730000,17.440739,28791000
2016-12-09,23.709999,23.990000,23.709999,23.980000,17.624479,32037800
2016-12-12,23.879999,24.254999,23.875000,24.230000,17.808224,43960200
2016-12-13,24.350000,24.500000,24.260000,24.480000,17.991951,40434000
2016-12-14,24.590000,24.719999,23.945000,23.975000,17.620800,56707800
2016-12-15,23.924999,24.170000,23.799999,24.145000,17.745747,35643200
2016-12-16,23.975000,24.290001,23.920000,24.205000,17.962059,40238000
2016-12-19,24.350000,24.360001,24.084999,24.295000,18.028845,23300400
2016-12-20,24.225000,24.395000,24.195000,24.325001,18.051113,17326200
2016-12-21,24.330000,24.445000,24.219999,24.225000,17.976902,16888400
2016-12-22,24.209999,24.355000,24.165001,24.309999,18.039978,14930400
2016-12-23,24.340000,24.400000,24.225000,24.305000,18.036272,15557000
2016-12-27,24.209999,24.385000,24.184999,24.325001,18.051113,26268800
2016-12-28,24.340000,24.355000,24.059999,24.094999,17.880432,17658600
2016-12-29,24.190001,24.459999,24.129999,24.420000,18.121613,29355600
2016-12-30,24.465000,24.475000,24.209999,24.285000,18.021431,28055400
2017-01-03,24.250000,24.315001,24.070000,24.225000,17.976902,37761400
2017-01-04,24.260000,24.440001,24.215000,24.315001,18.043694,29101000
2017-01-05,24.370001,24.379999,24.080000,24.340000,18.062241,32612800
2017-01-06,24.219999,24.459999,24.174999,24.415001,18.117899,21934400
2017-01-09,24.504999,24.514999,24.090000,24.094999,17.880432,27694400
2017-01-10,24.090000,24.100000,23.924999,24.020000,17.824778,22448400
2017-01-11,24.014999,24.295000,24.010000,24.270000,18.010290,26795400
2017-01-12,24.285000,24.330000,24.145000,24.290001,18.025141,18820800
2017-01-13,24.240000,24.325001,24.100000,24.254999,17.999165,24346600
2017-01-17,24.334999,24.600000,24.315001,24.520000,18.195812,30652000
2017-01-18,24.450001,24.610001,24.450001,24.490000,18.173553,26461800
2017-01-19,24.350000,24.490000,24.215000,24.275000,18.014008,27601000
2017-01-20,24.309999,24.389999,24.165001,24.320000,18.047396,23748400
2017-01-23,24.355000,24.410000,24.170000,24.195000,17.954641,21251000
2017-01-24,24.190001,24.295000,24.145000,24.190001,17.950933,22098800
2017-01-25,24.080000,24.215000,24.055000,24.190001,17.950933,38460000
2017-01-26,24.180000,24.315001,24.090000,24.200001,17.958359,22976400
2017-01-27,24.245001,24.320000,24.145000,24.195000,17.954641,14457600
2017-01-30,24.205000,24.295000,24.070000,24.215000,17.969488,18639800
2017-01-31,24.235001,24.610001,24.209999,24.590000,18.247761,31833000
2017-02-01,24.459999,24.469999,24.094999,24.165001,17.932377,48759000
2017-02-02,24.240000,24.420000,24.094999,24.420000,18.121613,31322200
2017-02-03,24.490000,24.549999,24.395000,24.450001,18.143862,22673200
2017-02-06,24.545000,24.559999,24.375000,24.400000,18.106768,14084000
2017-02-07,24.440001,24.500000,24.375000,24.459999,18.151291,12218200
2017-02-08,24.520000,24.745001,24.475000,24.700001,18.329393,31764000
2017-02-09,24.674999,24.735001,24.430000,24.490000,18.173553,28992000
2017-02-10,24.424999,24.680000,24.420000,24.645000,18.288572,18959200
2017-02-13,24.665001,24.790001,24.580000,24.764999,18.377621,26085600
2017-02-14,24.730000,24.740000,24.455000,24.584999,18.244049,37568600
2017-02-15,24.410000,24.535000,24.325001,24.525000,18.199532,37850800
2017-02-16,24.530001,24.780001,24.530001,24.770000,18.381336,28002200
2017-02-17,24.834999,24.860001,24.645000,24.785000,18.392471,19947000
2017-02-21,24.750000,25.100000,24.665001,25.045000,18.585405,22717000
2017-02-22,25.045000,25.200001,24.945000,25.150000,18.663328,32037200
2017-02-23,25.260000,25.500000,25.205000,25.410000,18.856264,30007200
2017-02-24,25.495001,25.795000,25.495001,25.795000,19.141970,37259400
2017-02-27,25.745001,25.764999,25.615000,25.650000,19.034367,27965800
2017-02-28,25.645000,25.950001,25.600000,25.885000,19.208759,28820800
2017-03-01,25.514999,25.844999,25.490000,25.655001,19.038074,58243200
2017-03-02,25.565001,26.000000,25.530001,25.840000,19.175364,34745600
2017-03-03,25.840000,25.855000,25.545000,25.760000,19.115997,35150000
2017-03-06,25.715000,25.764999,25.620001,25.709999,19.078892,15233600
2017-03-07,25.680000,25.790001,25.660000,25.695000,19.067760,35903400
2017-03-08,25.475000,25.500000,25.275000,25.325001,18.793196,36787800
2017-03-09,25.385000,25.475000,25.250000,25.270000,18.752378,25685600
2017-03-10,25.405001,25.530001,25.320000,25.480000,18.908213,22983600
2017-03-13,25.459999,25.570000,25.430000,25.555000,18.963873,28116000
2017-03-14,25.525000,25.600000,25.445000,25.530001,18.945316,23341000
2017-03-15,25.620001,26.070000,25.570000,25.940001,19.249569,45238400
2017-03-16,25.889999,25.889999,25.605000,25.655001,19.038074,37456800
2017-03-17,25.549999,25.760000,25.520000,25.615000,19.152851,30257000
2017-03-20,25.674999,25.725000,25.375000,25.445000,19.025742,14296000
2017-03-21,25.459999,25.900000,25.445000,25.805000,19.294920,50834200
2017-03-22,25.910000,26.115000,25.825001,25.930000,19.388380,50505600
2017-03-23,25.924999,26.084999,25.780001,25.850000,19.328568,45130600
2017-03-24,25.865000,26.040001,25.799999,25.945000,19.399599,24814200
2017-03-27,26.049999,26.105000,25.745001,25.844999,19.324829,23642800
2017-03-28,25.840000,25.870001,25.709999,25.825001,19.309879,16955600
2017-03-29,25.815001,25.840000,25.645000,25.754999,19.257532,13911000
2017-03-30,25.715000,25.715000,25.485001,25.555000,19.107990,39422400
2017-03-31,25.584999,25.780001,25.565001,25.655001,19.182762,19982000
2017-04-03,25.655001,25.655001,25.415001,25.650000,19.179020,30951600
2017-04-04,25.625000,25.825001,25.575001,25.730000,19.238840,20268600
2017-04-05,25.700001,25.900000,25.645000,25.875000,19.347258,25299000
2017-04-06,25.844999,25.855000,25.709999,25.809999,19.298658,18777600
2017-04-07,25.910000,25.945000,25.680000,25.700001,19.216412,39836000
2017-04-10,25.715000,25.775000,25.570000,25.745001,19.250061,16969600
2017-04-11,25.760000,25.785000,25.565001,25.735001,19.242582,19688400
2017-04-12,25.700001,25.940001,25.620001,25.924999,19.384645,21042000
2017-04-13,25.955000,25.959999,25.725000,25.840000,19.321085,21712200
2017-04-17,25.900000,25.965000,25.830000,25.955000,19.407082,14545200
2017-04-18,25.995001,26.070000,25.915001,26.014999,19.451939,29414800
2017-04-19,25.985001,25.995001,25.745001,25.834999,19.317348,25034000
2017-04-20,25.805000,25.805000,25.549999,25.735001,19.242582,26964600
2017-04-21,25.700001,25.975000,25.700001,25.865000,19.339788,26517400
2017-04-24,25.889999,26.030001,25.715000,26.000000,19.440722,36213400
2017-04-25,25.924999,26.004999,25.820000,25.965000,19.414555,21783200
2017-04-26,25.959999,26.080000,25.860001,25.885000,19.354738,19194800
2017-04-27,25.875000,26.100000,25.855000,25.975000,19.422035,18933000
2017-04-28,25.940001,25.975000,25.770000,25.850000,19.328568,18811400
2017-05-01,25.910000,25.910000,25.629999,25.695000,19.212671,21385000
2017-05-02,25.725000,25.820000,25.620001,25.725000,19.235102,18877200
2017-05-03,25.760000,25.790001,25.620001,25.635000,19.167809,21014400
2017-05-04,25.559999,25.754999,25.555000,25.725000,19.235102,28078200
2017-05-05,25.799999,25.959999,25.775000,25.865000,19.339788,21570600
2017-05-08,25.885000,25.915001,25.725000,25.855000,19.332304,17579400
2017-05-09,25.834999,25.855000,25.620001,25.665001,19.190237,15517800
2017-05-10,25.684999,25.760000,25.565001,25.705000,19.220144,16879600
2017-05-11,25.639999,25.740000,25.535000,25.740000,19.246317,15398400
2017-05-12,25.799999,25.920000,25.764999,25.865000,19.339788,15046200
2017-05-15,25.870001,26.020000,25.840000,25.975000,19.422035,12702200
2017-05-16,25.934999,26.010000,25.754999,25.785000,19.279964,15306200
2017-05-17,25.850000,25.969999,25.735001,25.850000,19.328568,30065600
2017-05-18,25.905001,26.075001,25.719999,25.940001,19.395863,33752000
2017-05-19,25.934999,26.040001,25.790001,26.040001,19.470640,19802600
2017-05-22,26.000000,26.305000,25.985001,26.264999,19.638872,15558600
2017-05-23,26.309999,26.490000,26.264999,26.334999,19.691210,30580400
2017-05-24,26.360001,26.530001,26.334999,26.485001,19.803366,15204600
2017-05-25,26.540001,26.745001,26.475000,26.700001,19.964130,33554600
2017-05-26,26.715000,26.760000,26.650000,26.700001,19.964130,15299200
2017-05-30,26.719999,26.850000,26.645000,26.785000,20.027689,12584600
2017-05-31,26.815001,27.014999,26.785000,26.920000,20.128630,25241400
2017-06-01,26.850000,27.115000,26.820000,27.110001,20.270699,22237200
2017-06-02,27.315001,27.315001,27.059999,27.139999,20.293123,19913200
2017-06-05,27.139999,27.165001,27.014999,27.055000,20.229565,14700000
2017-06-06,27.115000,27.115000,26.959999,26.995001,20.184708,15002400
2017-06-07,26.995001,27.150000,26.950001,27.084999,20.252005,15762600
2017-06-08,27.030001,27.049999,26.695000,26.860001,20.083761,26585200
2017-06-09,26.775000,26.855000,26.645000,26.834999,20.065073,27876400
2017-06-12,26.870001,26.980000,26.635000,26.785000,20.027689,25642200
2017-06-13,26.754999,26.870001,26.690001,26.850000,20.076283,17829800
2017-06-14,27.020000,27.139999,26.910000,26.995001,20.184708,31664200
2017-06-15,26.920000,27.180000,26.920000,27.150000,20.300608,31099000
2017-06-16,27.010000,27.110001,26.959999,27.055000,20.393690,35391600
2017-06-19,27.080000,27.094999,26.870001,26.965000,20.325855,35644600
2017-06-20,26.995001,27.014999,26.930000,26.980000,20.337160,15177000
2017-06-21,26.975000,27.014999,26.680000,26.820000,20.216553,20153200
2017-06-22,26.780001,26.879999,26.674999,26.695000,20.122332,15862400
2017-06-23,26.700001,26.799999,26.549999,26.605000,20.054493,17286200
2017-06-26,26.665001,26.934999,26.570000,26.785000,20.190176,20710000
2017-06-27,26.665001,26.740000,26.410000,26.485001,19.964039,20957600
2017-06-28,26.565001,26.625000,26.205000,26.230000,19.771824,18577600
2017-06-29,26.075001,26.110001,25.920000,26.020000,19.613535,41191400
2017-06-30,26.049999,26.190001,25.980000,25.980000,19.583376,30225800
2017-07-03,26.020000,26.090000,25.825001,25.860001,19.492916,25409400
2017-07-05,25.945000,25.945000,25.665001,25.735001,19.398697,28005200
2017-07-06,25.629999,25.754999,25.629999,25.725000,19.391157,28073600
2017-07-07,25.719999,25.870001,25.695000,25.745001,19.406239,26526000
2017-07-10,25.820000,25.879999,25.705000,25.725000,19.391157,32627600
2017-07-11,25.764999,25.764999,25.584999,25.709999,19.379848,18111800
2017-07-12,25.934999,26.004999,25.885000,25.930000,19.545689,24286000
2017-07-13,25.915001,25.985001,25.820000,25.840000,19.477844,13842000
2017-07-14,26.010000,26.080000,25.930000,25.959999,19.568298,25215000
2017-07-17,25.975000,26.080000,25.920000,26.080000,19.658756,15338000
2017-07-18,26.139999,26.184999,26.070000,26.155001,19.715284,15780800
2017-07-19,26.200001,26.275000,26.125000,26.264999,19.798203,21338800
2017-07-20,26.334999,26.459999,26.270000,26.455000,19.941418,16925000
2017-07-21,26.459999,26.645000,26.370001,26.645000,20.084641,18504000
2017-07-24,26.660000,26.660000,26.355000,26.395000,19.896194,21069600
2017-07-25,26.340000,26.415001,26.215000,26.245001,19.783133,21136200
2017-07-26,26.240000,26.495001,26.200001,26.495001,19.971579,17262400
2017-07-27,26.420000,26.559999,26.389999,26.559999,20.020565,19173800
2017-07-28,26.520000,26.594999,26.395000,26.520000,19.990423,19278000
2017-07-31,26.490000,26.670000,26.450001,26.610001,20.058264,23722600
2017-08-01,26.650000,26.809999,26.625000,26.760000,20.171333,21646200
2017-08-02,26.705000,26.879999,26.545000,26.875000,20.258009,16031800
2017-08-03,26.910000,27.010000,26.790001,27.010000,20.359776,20929400
2017-08-04,26.870001,26.950001,26.745001,26.889999,20.269323,34930800
2017-08-07,26.920000,26.985001,26.850000,26.975000,20.333393,10322800
2017-08-08,26.950001,27.084999,26.915001,27.084999,20.416307,15137400
2017-08-09,27.129999,27.200001,26.924999,26.945000,20.310780,17704400
2017-08-10,26.905001,27.080000,26.844999,27.030001,20.374847,19229600
2017-08-11,26.969999,27.025000,26.775000,26.870001,20.254244,18672600
2017-08-14,26.875000,27.040001,26.870001,27.025000,20.371082,23655600
2017-08-15,26.840000,27.195000,26.825001,27.174999,20.484152,19164600
2017-08-16,27.129999,27.299999,27.129999,27.285000,20.567062,14263600
2017-08-17,27.225000,27.315001,27.070000,27.090000,20.420082,17912600
2017-08-18,27.000000,27.379999,27.000000,27.250000,20.540688,29697600
2017-08-21,27.330000,27.395000,27.225000,27.350000,20.616060,11312000
2017-08-22,27.365000,27.415001,27.270000,27.410000,20.661291,16300600
2017-08-23,27.400000,27.510000,27.309999,27.500000,20.729126,14092600
2017-08-24,27.485001,27.545000,27.430000,27.480000,20.714054,14034800
2017-08-25,27.545000,27.670000,27.480000,27.570000,20.781897,15723600
2017-08-28,27.665001,27.665001,27.490000,27.620001,20.819584,15745400
2017-08-29,27.665001,27.709999,27.555000,27.559999,20.774353,15860600
2017-08-30,27.545000,27.570000,27.440001,27.480000,20.714054,11502200
2017-08-31,27.504999,27.559999,27.465000,27.485001,20.717827,20939000
2017-09-01,27.525000,27.570000,27.320000,27.400000,20.653753,22537400
2017-09-05,27.450001,27.490000,27.315001,27.469999,20.706520,18080800
2017-09-06,27.500000,27.545000,27.295000,27.344999,20.612295,22857400
2017-09-07,27.370001,27.580000,27.344999,27.549999,20.766823,24703400
2017-09-08,27.510000,27.700001,27.459999,27.680000,20.864809,18039800
2017-09-11,27.629999,27.950001,27.625000,27.915001,21.041954,20183200
2017-09-12,27.895000,27.895000,27.299999,27.450001,20.691450,37790600
2017-09-13,27.424999,27.445000,27.295000,27.315001,20.589684,21458200
2017-09-14,27.299999,27.559999,27.219999,27.545000,20.763050,20390800
2017-09-15,27.415001,27.455000,27.250000,27.375000,20.792290,17030200
2017-09-18,27.355000,27.375000,26.915001,27.094999,20.579622,31607000
2017-09-19,27.139999,27.160000,27.000000,27.040001,20.537846,31560000
2017-09-20,27.084999,27.145000,26.735001,26.840000,20.385942,39494000
2017-09-21,26.865000,27.010000,26.799999,26.834999,20.382143,21424600
2017-09-22,26.910000,26.945000,26.615000,26.615000,20.215044,22483800
2017-09-25,26.655001,26.889999,26.610001,26.860001,20.401133,23446600
2017-09-26,26.850000,26.905001,26.760000,26.809999,20.363155,20022200
2017-09-27,26.625000,26.730000,26.320000,26.450001,20.089725,24701600
2017-09-28,26.355000,26.615000,26.285000,26.545000,20.161880,28365000
2017-09-29,26.555000,26.635000,26.430000,26.525000,20.146688,24254200
2017-10-02,26.510000,26.695000,26.480000,26.570000,20.180864,33228600
2017-10-03,26.584999,26.590000,26.330000,26.495001,20.123905,19115000
2017-10-04,26.510000,26.770000,26.430000,26.760000,20.325182,24281000
2017-10-05,26.750000,26.790001,26.615000,26.735001,20.306192,25278400
2017-10-06,26.610001,26.725000,26.510000,26.715000,20.291000,20836400
2017-10-09,26.764999,26.815001,26.715000,26.750000,20.317585,14681400
2017-10-10,26.815001,27.014999,26.730000,27.010000,20.515062,16653600
2017-10-11,26.980000,27.260000,26.975000,27.125000,20.602415,30938200
2017-10-12,27.155001,27.334999,27.110001,27.264999,20.708744,27336400
2017-10-13,27.340000,27.385000,26.995001,27.075001,20.564430,25425400
2017-10-16,27.065001,27.125000,26.795000,27.014999,20.518858,22492800
2017-10-17,27.000000,27.230000,26.924999,27.174999,20.640387,19199200
2017-10-18,27.059999,27.180000,27.020000,27.125000,20.602415,17382000
2017-10-19,27.174999,27.410000,27.145000,27.410000,20.818878,20571800
2017-10-20,27.299999,27.485001,27.290001,27.430000,20.834070,22462800
2017-10-23,27.424999,27.500000,27.330000,27.445000,20.845463,21222000
2017-10-24,27.400000,27.500000,27.334999,27.469999,20.864450,22671400
2017-10-25,27.355000,27.405001,27.025000,27.350000,20.773302,36662600
2017-10-26,27.480000,27.625000,27.344999,27.355000,20.777107,34659200
2017-10-27,27.325001,27.590000,27.275000,27.525000,20.906227,20732200
2017-10-30,27.325001,27.584999,27.325001,27.530001,20.910021,20114800
2017-10-31,27.510000,27.615000,27.440001,27.559999,20.932804,19064000
2017-11-01,27.605000,27.605000,27.355000,27.405001,20.815079,21758400
2017-11-02,27.405001,27.620001,27.334999,27.504999,20.891033,29453800
2017-11-03,27.469999,27.740000,27.410000,27.605000,20.966984,23264400
2017-11-06,27.639999,27.655001,27.485001,27.500000,20.887230,23993000
2017-11-07,27.545000,27.870001,27.445000,27.830000,21.137886,22649000
2017-11-08,27.815001,27.924999,27.655001,27.850000,21.153076,19169800
2017-11-09,27.770000,27.934999,27.705000,27.885000,21.179657,21525200
2017-11-10,27.735001,27.820000,27.660000,27.754999,21.080914,22073000
2017-11-13,27.785000,28.110001,27.785000,28.084999,21.331562,19645600
2017-11-14,28.004999,28.455000,27.995001,28.434999,21.597403,24747600
2017-11-15,28.545000,28.615000,28.160000,28.190001,21.411312,24130400
2017-11-16,28.120001,28.184999,28.014999,28.100000,21.342957,22882200
2017-11-17,28.040001,28.110001,27.879999,27.905001,21.194845,33300800
2017-11-20,27.920000,27.955000,27.775000,27.820000,21.130289,18583800
2017-11-21,27.900000,27.975000,27.820000,27.895000,21.187246,15512000
2017-11-22,27.875000,27.950001,27.790001,27.895000,21.187246,11157800
2017-11-24,27.910000,28.049999,27.895000,27.940001,21.221428,10004400
2017-11-27,27.975000,28.110001,27.905001,28.059999,21.312580,14393600
2017-11-28,28.129999,28.245001,28.070000,28.190001,21.411312,18371000
2017-11-29,28.094999,28.325001,27.995001,28.205000,21.422707,31138800
2017-11-30,28.240000,28.360001,28.184999,28.299999,21.494864,31783000
2017-12-01,28.395000,28.450001,28.049999,28.205000,21.422707,48151800
2017-12-04,28.219999,28.330000,28.000000,28.045000,21.301186,26111600
2017-12-05,28.090000,28.090000,27.555000,27.690001,21.031546,39752000
2017-12-06,27.735001,27.850000,27.645000,27.795000,21.111300,18889600
2017-12-07,27.745001,27.850000,27.625000,27.844999,21.149275,22950400
2017-12-08,27.809999,27.940001,27.700001,27.934999,21.217634,19950600
2017-12-11,27.910000,28.120001,27.830000,28.105000,21.346752,30870800
2017-12-12,28.000000,28.035000,27.610001,27.625000,20.982178,43101000
2017-12-13,27.700001,27.855000,27.620001,27.700001,21.039141,34770200
2017-12-14,27.674999,27.790001,27.450001,27.665001,21.012562,26287200
2017-12-15,27.500000,27.610001,27.420000,27.510000,21.089600,27275200
2017-12-18,27.535000,27.615000,27.165001,27.205000,20.855787,38807000
2017-12-19,27.205000,27.240000,26.695000,26.709999,20.476309,29775000
2017-12-20,26.690001,26.785000,26.485001,26.500000,20.315313,31512000
2017-12-21,26.315001,26.320000,26.080000,26.184999,20.073839,39869800
2017-12-22,26.215000,26.325001,26.200001,26.225000,20.104504,22943400
2017-12-26,26.254999,26.334999,26.065001,26.070000,19.985678,16487400
2017-12-27,26.165001,26.230000,26.110001,26.180000,20.070005,21232800
2017-12-28,26.230000,26.334999,26.184999,26.325001,20.181164,9821600
2017-12-29,26.405001,26.455000,26.285000,26.340000,20.192669,14060200
2018-01-02,26.334999,26.370001,26.014999,26.094999,20.004847,24540000
2018-01-03,26.000000,26.190001,25.799999,25.889999,19.847687,41615800
2018-01-04,25.809999,25.980000,25.625000,25.674999,19.682867,29943600
2018-01-05,25.764999,25.805000,25.535000,25.665001,19.675196,46832600
2018-01-08,25.709999,25.924999,25.660000,25.905001,19.859184,28601000
2018-01-09,25.900000,25.910000,25.610001,25.650000,19.663694,30877400
2018-01-10,25.500000,25.540001,25.315001,25.370001,19.449039,31124000
2018-01-11,25.344999,25.459999,25.190001,25.275000,19.376221,33091000
2018-01-12,25.200001,25.334999,25.055000,25.129999,19.265055,37270600
2018-01-16,25.230000,25.299999,24.930000,25.075001,19.222897,54585600
2018-01-17,25.115000,25.299999,25.080000,25.230000,19.341719,46903200
2018-01-18,25.230000,25.235001,24.940001,25.070000,19.219061,42659400
2018-01-19,25.170000,25.225000,24.965000,24.995001,19.161564,37263800
2018-01-22,25.115000,25.275000,24.990000,25.030001,19.188398,41073000
2018-01-23,25.125000,25.450001,25.049999,25.270000,19.372383,53347800
2018-01-24,25.230000,25.250000,25.075001,25.115000,19.253561,39062800
2018-01-25,25.125000,25.525000,25.110001,25.504999,19.552536,52570000
2018-01-26,25.575001,25.650000,25.264999,25.520000,19.564039,47900000
2018-01-29,25.400000,25.445000,25.165001,25.195000,19.314888,36121800
2018-01-30,25.174999,25.344999,25.165001,25.240000,19.349386,26178200
2018-01-31,25.270000,25.545000,25.129999,25.520000,19.564039,54822800
2018-02-01,25.490000,25.590000,25.045000,25.120001,19.257395,57039200
2018-02-02,24.995001,25.180000,24.910000,24.940001,19.119398,43612800
2018-02-05,24.900000,25.165001,24.485001,24.530001,18.805088,66944600
2018-02-06,24.240000,24.370001,23.684999,24.165001,18.525274,83343200
2018-02-07,24.150000,24.434999,24.040001,24.049999,18.437111,55760400
2018-02-08,23.980000,24.305000,23.754999,23.780001,18.230127,52083800
2018-02-09,23.844999,24.465000,23.775000,24.280001,18.613436,72845000
2018-02-12,24.330000,24.600000,24.110001,24.465000,18.755260,53008800
2018-02-13,24.455000,24.670000,24.200001,24.575001,18.839592,50134400
2018-02-14,24.365000,24.530001,24.230000,24.299999,18.628767,40682200
2018-02-15,24.360001,24.850000,24.325001,24.840000,19.042740,33008200
2018-02-16,24.855000,25.120001,24.760000,25.059999,19.211401,40133000
2018-02-20,24.975000,25.065001,24.615000,24.735001,18.962242,33546600
2018-02-21,24.750000,24.915001,24.405001,24.410000,18.713097,44922800
2018-02-22,24.490000,24.719999,24.400000,24.535000,18.808916,40257800
2018-02-23,24.605000,25.205000,24.575001,25.174999,19.299553,41284800
2018-02-26,25.275000,25.320000,25.049999,25.100000,19.242060,27209800
2018-02-27,25.120001,25.270000,24.690001,24.700001,18.935411,36402400
2018-02-28,24.790001,24.855000,24.530001,24.530001,18.805088,23892200
2018-03-01,24.580000,24.930000,24.420000,24.535000,18.808916,43182600
2018-03-02,24.520000,24.764999,24.264999,24.469999,18.759092,33714200
2018-03-05,24.410000,25.025000,24.360001,24.969999,19.142401,31000800
2018-03-06,24.940001,24.995001,24.580000,24.635000,18.885586,41416000
2018-03-07,24.559999,24.665001,24.355000,24.450001,18.743757,33357600
2018-03-08,24.504999,24.684999,24.465000,24.629999,18.881752,24517600
2018-03-09,24.580000,24.705000,24.510000,24.700001,18.935411,26197000
2018-03-12,24.709999,24.834999,24.680000,24.805000,19.015909,32463600
2018-03-13,24.895000,25.010000,24.670000,24.860001,19.058073,37745000
2018-03-14,24.934999,25.200001,24.920000,25.115000,19.253561,38264600
2018-03-15,25.100000,25.330000,24.950001,25.100000,19.242060,42135600
2018-03-16,24.905001,25.190001,24.889999,25.125000,19.410870,39512600
2018-03-19,25.110001,25.195000,24.825001,24.969999,19.291119,43379200
2018-03-20,24.975000,25.080000,24.795000,24.855000,19.202269,29936400
2018-03-21,24.875000,25.110001,24.684999,24.770000,19.136608,38471800
2018-03-22,24.795000,25.280001,24.725000,24.879999,19.221584,50664800
2018-03-23,24.879999,25.105000,24.480000,24.530001,18.951187,34668600
2018-03-26,24.610001,24.820000,24.559999,24.785000,19.148193,27519200
2018-03-27,24.820000,25.400000,24.740000,25.139999,19.422455,42912000
2018-03-28,25.170000,25.270000,24.965000,25.129999,19.414730,46346200
2018-03-29,25.205000,25.385000,25.160000,25.264999,19.519024,30929000
2018-04-02,25.309999,25.430000,24.889999,25.070000,19.368378,35585200
2018-04-03,25.025000,25.275000,24.959999,25.155001,19.434048,27597600
2018-04-04,25.150000,25.275000,24.945000,25.209999,19.476536,32714600
2018-04-05,25.205000,25.485001,24.924999,25.410000,19.631050,28572600
2018-04-06,25.445000,25.500000,25.155001,25.209999,19.476536,28624000
2018-04-09,25.230000,25.434999,25.145000,25.260000,19.515162,23512200
2018-04-10,25.264999,25.295000,25.010000,25.065001,19.364519,28182400
2018-04-11,25.055000,25.145000,24.945000,25.030001,19.337473,16048200
2018-04-12,25.035000,25.100000,24.650000,24.700001,19.082520,24157600
2018-04-13,24.745001,25.004999,24.745001,24.895000,19.233175,20874600
2018-04-16,24.950001,25.250000,24.934999,25.235001,19.495848,30795200
2018-04-17,25.295000,25.580000,25.190001,25.490000,19.692854,26389000
2018-04-18,25.520000,25.745001,25.389999,25.395000,19.619459,28240000
2018-04-19,25.305000,25.440001,25.174999,25.379999,19.607872,30335400
2018-04-20,25.350000,25.410000,25.070000,25.150000,19.430180,28160000
2018-04-23,25.184999,25.309999,25.070000,25.165001,19.441772,23874000
2018-04-24,25.184999,25.490000,25.145000,25.334999,19.573107,33808800
2018-04-25,25.245001,25.430000,25.150000,25.340000,19.576965,26815000
2018-04-26,25.365000,25.629999,25.250000,25.594999,19.773975,23534200
2018-04-27,25.565001,25.950001,25.514999,25.855000,19.974842,34314600
2018-04-30,25.895000,25.980000,25.754999,25.780001,19.916899,25492000
2018-05-01,25.780001,25.825001,25.655001,25.700001,19.855097,21942600
2018-05-02,25.705000,25.795000,25.575001,25.674999,19.835779,25960600
2018-05-03,25.625000,25.760000,25.350000,25.639999,19.808741,32960200
2018-05-04,25.684999,25.870001,25.684999,25.754999,19.897587,23486800
2018-05-07,25.740000,25.795000,25.584999,25.620001,19.793291,17044000
2018-05-08,25.514999,25.559999,24.934999,24.980000,19.298845,46295800
2018-05-09,24.985001,25.030001,24.709999,24.805000,19.163647,44301000
2018-05-10,25.014999,25.160000,24.879999,25.155001,19.434048,27922800
2018-05-11,25.180000,25.260000,25.090000,25.190001,19.461084,12957800
2018-05-14,25.230000,25.275000,24.985001,25.094999,19.387684,17025600
2018-05-15,24.945000,25.059999,24.764999,24.885000,19.225449,22141400
2018-05-16,24.895000,24.930000,24.594999,24.690001,19.074797,27082600
2018-05-17,24.695000,24.764999,24.440001,24.490000,18.920282,22552000
2018-05-18,24.559999,24.639999,24.305000,24.495001,18.924143,23620800
2018-05-21,24.525000,24.690001,24.415001,24.620001,19.020718,21484000
2018-05-22,24.610001,24.855000,24.610001,24.709999,19.090250,22051400
2018-05-23,24.795000,24.990000,24.735001,24.934999,19.264076,27165800
2018-05-24,24.969999,25.160000,24.885000,25.139999,19.422455,25795200
2018-05-25,25.174999,25.315001,25.125000,25.250000,19.507439,27743200
2018-05-29,25.205000,25.420000,25.070000,25.250000,19.507439,34561400
2018-05-30,25.180000,25.500000,25.115000,25.455000,19.665812,27771800
2018-05-31,25.424999,25.645000,25.270000,25.495001,19.696718,30216400
2018-06-01,25.430000,25.440001,24.985001,25.105000,19.395416,34360000
2018-06-04,25.155001,25.260000,24.885000,24.905001,19.240898,28729000
2018-06-05,24.950001,24.985001,24.680000,24.775000,19.140463,29829200
2018-06-06,24.770000,24.799999,24.184999,24.184999,18.684649,52255800
2018-06-07,24.225000,24.594999,24.174999,24.355000,18.815983,43051600
2018-06-08,24.445000,24.455000,24.270000,24.344999,18.808254,22482400
2018-06-11,24.400000,24.490000,24.225000,24.295000,18.769630,34670400
2018-06-12,24.275000,24.605000,24.260000,24.575001,18.985954,33322600
2018-06-13,24.605000,24.750000,24.434999,24.510000,18.935738,33451400
2018-06-14,24.549999,24.870001,24.520000,24.815001,19.171360,32277200
2018-06-15,24.565001,24.780001,24.370001,24.770000,19.307785,43422400
2018-06-18,24.754999,24.930000,24.705000,24.850000,19.370134,34453400
2018-06-19,24.895000,25.184999,24.850000,25.094999,19.561110,33294800
2018-06-20,25.135000,25.180000,25.004999,25.115000,19.576698,24635400
2018-06-21,25.139999,25.330000,25.059999,25.200001,19.642956,25407400
2018-06-22,25.215000,25.440001,25.165001,25.375000,19.779367,25953400
2018-06-25,25.379999,25.850000,25.379999,25.795000,20.106747,42932400
2018-06-26,25.725000,25.975000,25.670000,25.825001,20.130136,39817400
2018-06-27,25.795000,26.000000,25.725000,25.950001,20.227568,43529400
2018-06-28,25.975000,26.184999,25.900000,25.940001,20.219776,30075600
2018-06-29,25.895000,26.084999,25.750000,25.980000,20.250954,28741400
2018-07-02,25.995001,26.180000,25.875000,26.165001,20.395157,31405600
2018-07-03,26.174999,26.395000,26.055000,26.240000,20.453619,21211200
2018-07-05,26.254999,26.400000,26.145000,26.379999,20.562744,22062000
2018-07-06,26.434999,26.645000,26.389999,26.584999,20.722540,24793400
2018-07-09,26.580000,26.584999,25.674999,25.764999,20.083361,55873600
2018-07-10,25.520000,26.150000,25.445000,26.010000,20.274334,54218200
2018-07-11,26.000000,26.290001,25.980000,26.245001,20.457518,43544600
2018-07-12,26.245001,26.320000,26.125000,26.264999,20.473106,34273400
2018-07-13,26.299999,26.360001,26.094999,26.270000,20.477001,21918600
2018-07-16,26.250000,26.315001,26.115000,26.245001,20.457518,20986400
2018-07-17,26.285000,26.330000,26.200001,26.225000,20.441923,22107000
2018-07-18,26.195000,26.240000,25.980000,26.090000,20.336699,20722600
2018-07-19,26.115000,26.485001,26.115000,26.330000,20.523771,22238800
2018-07-20,26.250000,26.320000,25.969999,26.145000,20.379568,27657000
2018-07-23,26.150000,26.200001,25.870001,25.959999,20.235355,29527400
2018-07-24,25.889999,26.129999,25.590000,26.049999,20.305513,31397600
2018-07-25,26.045000,26.254999,25.965000,26.125000,20.363974,26937400
2018-07-26,26.250000,26.480000,26.205000,26.405001,20.582233,38142000
2018-07-27,26.420000,26.535000,26.215000,26.320000,20.515974,31495800
2018-07-30,26.285000,26.285000,26.075001,26.160000,20.391256,18952800
2018-07-31,26.275000,26.465000,26.180000,26.395000,20.574430,30439600
2018-08-01,26.245001,26.299999,26.000000,26.225000,20.441923,39970800
2018-08-02,26.215000,26.434999,26.059999,26.355000,20.543257,34583800
2018-08-03,26.365000,26.719999,26.275000,26.650000,20.773207,30833200
2018-08-06,26.674999,26.825001,26.620001,26.670000,20.788794,24398200
2018-08-07,26.620001,26.674999,26.420000,26.629999,20.757612,26216400
2018-08-08,26.540001,26.580000,26.395000,26.490000,20.648487,34012000
2018-08-09,26.485001,26.625000,26.395000,26.610001,20.742027,17362200
2018-08-10,26.645000,26.830000,26.485001,26.495001,20.652384,26601000
2018-08-13,26.540001,26.580000,26.405001,26.530001,20.679663,34546800
2018-08-14,26.540001,26.690001,26.510000,26.584999,20.722540,19887600
2018-08-15,26.670000,26.990000,26.615000,26.830000,20.913509,38545400
2018-08-16,26.770000,27.139999,26.715000,27.120001,21.139563,26545800
2018-08-17,27.105000,27.379999,27.055000,27.260000,21.248690,28230200
2018-08-20,27.315001,27.330000,27.100000,27.165001,21.174639,19149200
2018-08-21,27.125000,27.139999,26.889999,26.969999,21.022640,23701600
2018-08-22,26.995001,27.000000,26.670000,26.770000,20.866743,25305200
2018-08-23,26.760000,26.940001,26.700001,26.750000,20.851154,22336200
2018-08-24,26.719999,26.889999,26.615000,26.865000,20.940792,15692600
2018-08-27,26.885000,26.959999,26.565001,26.700001,20.812181,24768200
2018-08-28,26.635000,26.735001,26.565001,26.645000,20.769304,20132200
2018-08-29,26.709999,26.840000,26.670000,26.840000,20.921307,23822400
2018-08-30,26.885000,26.995001,26.754999,26.850000,20.929102,26951400
2018-08-31,26.889999,27.000000,26.635000,26.735001,20.839458,24265000
2018-09-04,26.764999,27.000000,26.740000,26.855000,20.933001,25930200
2018-09-05,26.825001,27.245001,26.825001,27.230000,21.225302,29669600
2018-09-06,27.245001,27.469999,27.165001,27.385000,21.346128,24705600
2018-09-07,27.120001,27.250000,26.990000,27.049999,21.084999,32367000
2018-09-10,27.105000,27.295000,27.084999,27.184999,21.190229,19864800
2018-09-11,27.174999,27.285000,27.059999,27.115000,21.135662,18093400
2018-09-12,27.110001,27.260000,27.030001,27.090000,21.116175,19619800
2018-09-13,27.080000,27.305000,26.955000,27.295000,21.275974,17548400
2018-09-14,27.184999,27.209999,26.920000,27.150000,21.162952,26135000
2018-09-17,27.100000,27.280001,27.070000,27.240000,21.233101,28518200
2018-09-18,27.200001,27.280001,27.059999,27.190001,21.194126,19535000
2018-09-19,27.180000,27.180000,26.475000,26.600000,20.734234,51020000
2018-09-20,26.565001,26.680000,26.344999,26.655001,20.777103,35629000
2018-09-21,26.375000,26.625000,26.254999,26.530001,20.865580,40685200
2018-09-24,26.440001,26.535000,26.270000,26.295000,20.680756,27053600
2018-09-25,26.219999,26.235001,25.889999,25.934999,20.397619,40048000
2018-09-26,26.059999,26.070000,25.670000,25.680000,20.197063,48164400
2018-09-27,25.745001,26.084999,25.684999,25.945000,20.405487,32913600
2018-09-28,26.000000,26.344999,25.965000,26.325001,20.704353,30854800
2018-10-01,26.245001,26.295000,26.135000,26.235001,20.633570,25157400
2018-10-02,26.285000,26.660000,26.285000,26.590000,20.912771,31666400
2018-10-03,26.545000,26.684999,26.045000,26.270000,20.661091,49352600
2018-10-04,26.205000,26.465000,26.010000,26.410000,20.771202,48151800
2018-10-05,26.370001,26.900000,26.350000,26.815001,21.089731,60780000
2018-10-08,26.920000,27.219999,26.799999,27.040001,21.266693,42978600
2018-10-09,27.014999,27.270000,26.975000,27.150000,21.353207,36227600
2018-10-10,27.105000,27.445000,26.990000,27.000000,21.235233,61168000
2018-10-11,27.075001,27.139999,26.370001,26.504999,20.845919,85789600
2018-10-12,26.469999,26.555000,26.254999,26.475000,20.822325,43738200
2018-10-15,26.469999,26.770000,26.440001,26.600000,20.920639,36706000
2018-10-16,26.570000,27.025000,26.490000,26.875000,21.136919,35875000
2018-10-17,26.840000,26.955000,26.680000,26.825001,21.097601,28517000
2018-10-18,26.895000,27.030001,26.725000,26.865000,21.129057,33038000
2018-10-19,26.870001,27.430000,26.785000,27.285000,21.459381,59579200
2018-10-22,27.315001,27.344999,27.045000,27.110001,21.321747,24500000
2018-10-23,27.160000,27.334999,26.850000,26.959999,21.203773,37849200
2018-10-24,27.080000,27.745001,26.965000,27.615000,21.718918,58326800
2018-10-25,27.434999,27.434999,27.049999,27.184999,21.380737,59822400
2018-10-26,27.330000,27.410000,26.500000,26.684999,20.987486,73786000
2018-10-29,26.745001,27.180000,26.745001,27.059999,21.282423,49946400
2018-10-30,27.165001,27.330000,26.844999,27.165001,21.365000,50131000
2018-10-31,26.940001,27.105000,26.684999,26.844999,21.113331,50286000
2018-11-01,26.885000,26.900000,26.549999,26.725000,21.018946,54054800
2018-11-02,26.799999,26.870001,26.400000,26.575001,20.900980,48273200
2018-11-05,26.695000,27.045000,26.629999,26.950001,21.195910,42506600
2018-11-06,26.924999,27.190001,26.889999,27.129999,21.337473,26136200
2018-11-07,27.330000,27.480000,27.115000,27.440001,21.581291,41450800
2018-11-08,27.465000,27.555000,27.165001,27.395000,21.545897,41168200
2018-11-09,27.299999,27.555000,27.245001,27.434999,21.577356,40030200
2018-11-12,27.235001,27.705000,27.035000,27.420000,21.565557,55327800
2018-11-13,27.415001,27.594999,27.205000,27.535000,21.656004,47516000
2018-11-14,27.299999,27.480000,27.155001,27.250000,21.431856,55155600
2018-11-15,27.110001,27.135000,26.785000,27.025000,21.254890,68562400
2018-11-16,27.440001,27.570000,27.235001,27.440001,21.581291,42812800
2018-11-19,27.400000,27.584999,27.285000,27.559999,21.675667,29144000
2018-11-20,27.639999,27.834999,27.280001,27.445000,21.585220,48856800
2018-11-21,27.350000,27.385000,26.965000,27.040001,21.266693,37819400
2018-11-23,27.075001,27.120001,26.875000,27.055000,21.278488,16235800
2018-11-26,27.084999,27.230000,26.940001,27.215000,21.404325,32202000
2018-11-27,27.195000,27.450001,27.084999,27.420000,21.565557,26366800
2018-11-28,27.450001,27.530001,27.305000,27.400000,21.549828,24124400
2018-11-29,27.440001,27.440001,27.110001,27.389999,21.541960,34979200
2018-11-30,27.455000,27.820000,27.385000,27.795000,21.860491,36333600
2018-12-03,27.705000,28.075001,27.545000,28.075001,22.080706,35813000
2018-12-04,28.145000,28.405001,28.025000,28.094999,22.096439,44536000
2018-12-06,28.209999,28.219999,27.549999,28.125000,22.120031,49395800
2018-12-07,28.084999,28.395000,27.895000,28.230000,22.202616,39458800
2018-12-10,28.230000,28.375000,27.740000,28.285000,22.245869,42296200
2018-12-11,28.320000,28.495001,28.170000,28.400000,22.336319,52186800
2018-12-12,28.370001,28.555000,28.205000,28.219999,22.194750,36594800
2018-12-13,28.240000,28.590000,28.235001,28.465000,22.387442,36144000
2018-12-14,28.490000,28.555000,28.245001,28.410000,22.344183,50311200
2018-12-17,28.465000,28.485001,27.385000,27.495001,21.624544,60421600
2018-12-18,27.650000,27.844999,27.230000,27.309999,21.479044,47270800
2018-12-19,27.365000,27.584999,27.105000,27.264999,21.443649,55856800
2018-12-20,27.290001,27.639999,26.940001,27.250000,21.431856,78047600
2018-12-21,27.225000,27.709999,26.825001,26.905001,21.340246,71291600
2018-12-24,26.855000,27.055000,25.674999,25.780001,20.447926,45330600
2018-12-26,25.785000,26.165001,25.405001,26.129999,20.725538,61678200
2018-12-27,26.139999,26.385000,25.700001,26.350000,20.900034,59461200
2018-12-28,26.410000,26.680000,26.315001,26.415001,20.951593,42175200
2018-12-31,26.424999,26.535000,26.184999,26.459999,20.987282,32604400
2019-01-02,26.355000,26.379999,25.850000,26.004999,20.626392,50347800
2019-01-03,26.004999,26.219999,25.879999,26.000000,20.622427,43175000
2019-01-04,25.879999,26.400000,25.844999,26.385000,20.927797,38007000
2019-01-07,26.219999,26.334999,26.059999,26.205000,20.785023,32535400
2019-01-08,26.230000,26.559999,26.084999,26.530001,21.042805,33287000
2019-01-09,26.514999,26.625000,26.295000,26.370001,20.915895,36149400
2019-01-10,26.400000,26.764999,26.365000,26.715000,21.189539,50916200
2019-01-11,26.680000,26.735001,26.450001,26.615000,21.110226,49685000
2019-01-14,26.299999,26.620001,25.770000,26.014999,20.634321,46979600
2019-01-15,25.905001,26.480000,25.879999,26.334999,20.888134,54186200
2019-01-16,26.285000,26.440001,26.135000,26.430000,20.963484,36696400
2019-01-17,26.410000,26.600000,26.370001,26.540001,21.050741,41571800
2019-01-18,26.575001,26.660000,26.450001,26.570000,21.074530,28309400
2019-01-22,26.565001,26.764999,26.360001,26.620001,21.114185,33828800
2019-01-23,26.625000,26.905001,26.580000,26.889999,21.328346,28422200
2019-01-24,26.870001,27.055000,26.670000,27.030001,21.439388,43848200
2019-01-25,26.945000,27.070000,26.620001,26.660000,21.145910,36308200
2019-01-28,26.665001,26.764999,26.415001,26.535000,21.046774,28367600
2019-01-29,26.660000,26.735001,26.520000,26.610001,21.106262,25237000
2019-01-30,26.540001,26.930000,26.500000,26.815001,21.268858,37157800
2019-01-31,26.805000,27.459999,26.684999,27.379999,21.717001,46163200
2019-02-01,27.264999,27.379999,27.040001,27.275000,21.633718,31124800
2019-02-04,27.155001,27.334999,26.965000,27.320000,21.669411,36131400
2019-02-05,27.320000,27.424999,27.165001,27.375000,21.713032,24592200
2019-02-06,27.334999,27.469999,27.225000,27.360001,21.701136,18408400
2019-02-07,27.320000,27.719999,27.235001,27.719999,21.986675,32150800
2019-02-08,27.655001,27.855000,27.594999,27.840000,22.081858,29267400
2019-02-11,27.840000,27.975000,27.735001,27.830000,22.073921,29458200
2019-02-12,27.834999,28.035000,27.674999,27.895000,22.125481,29506600
2019-02-13,27.809999,27.885000,27.700001,27.815001,22.062027,26763600
2019-02-14,27.834999,27.915001,27.670000,27.770000,22.026339,38188000
2019-02-15,27.860001,27.959999,27.754999,27.855000,22.093760,18689000
2019-02-19,27.875000,28.049999,27.790001,28.020000,22.224632,28978600
2019-02-20,28.010000,28.195000,27.860001,28.145000,22.323771,28716800
2019-02-21,28.059999,28.395000,27.965000,28.350000,22.486380,38200000
2019-02-22,28.400000,28.530001,28.270000,28.525000,22.625179,30495000
2019-02-25,28.549999,28.570000,28.225000,28.340000,22.478447,26160200
2019-02-26,28.400000,28.440001,28.160000,28.305000,22.450684,27405400
2019-02-27,28.240000,28.430000,28.209999,28.340000,22.478447,23912600
2019-02-28,28.355000,28.575001,28.205000,28.504999,22.609320,25616200
2019-03-01,28.514999,28.584999,28.325001,28.565001,22.656902,26836000
2019-03-04,28.600000,28.674999,28.334999,28.615000,22.696558,24675200
2019-03-05,28.615000,28.684999,28.530001,28.580000,22.668800,24091000
2019-03-06,28.610001,28.684999,28.480000,28.580000,22.668800,22608600
2019-03-07,28.629999,28.855000,28.594999,28.674999,22.744158,30257000
2019-03-08,28.709999,28.799999,28.504999,28.775000,22.823469,36031800
2019-03-11,28.785000,28.990000,28.764999,28.980000,22.986071,28917600
2019-03-12,29.030001,29.209999,28.975000,29.180000,23.144707,34204200
2019-03-13,29.125000,29.280001,29.105000,29.209999,23.168501,31775200
2019-03-14,29.195000,29.370001,29.094999,29.205000,23.164534,30310800
2019-03-15,29.035000,29.190001,28.870001,29.094999,23.248440,35429800
2019-03-18,29.110001,29.150000,28.860001,28.985001,23.160542,30017600
2019-03-19,28.940001,28.985001,28.549999,28.655001,22.896854,45271600
2019-03-20,28.709999,28.959999,28.584999,28.730000,22.956779,37761000
2019-03-21,28.750000,29.094999,28.705000,29.035000,23.200497,30743600
2019-03-22,29.145000,29.450001,29.035000,29.245001,23.368296,40905000
2019-03-25,29.270000,29.360001,29.150000,29.270000,23.388269,27526000
2019-03-26,29.285000,29.500000,29.245001,29.480000,23.556070,31399400
2019-03-27,29.510000,29.535000,29.139999,29.275000,23.392265,34647000
2019-03-28,29.270000,29.370001,28.830000,28.930000,23.116589,49497600
2019-03-29,28.889999,29.120001,28.820000,29.084999,23.240448,43670200
2019-04-01,29.084999,29.084999,28.715000,28.885000,23.080631,53363800
2019-04-02,28.945000,28.980000,28.745001,28.924999,23.112597,49956200
2019-04-03,28.865000,29.000000,28.665001,28.879999,23.076637,30901000
2019-04-04,28.930000,28.955000,28.610001,28.780001,22.996737,32529200
2019-04-05,28.780001,29.065001,28.690001,29.049999,23.212479,30838600
2019-04-08,28.985001,29.025000,28.770000,28.844999,23.048672,29363400
2019-04-09,28.870001,28.945000,28.785000,28.915001,23.104609,25987800
2019-04-10,28.975000,29.170000,28.760000,28.825001,23.032692,33782400
2019-04-11,28.820000,28.980000,28.785000,28.969999,23.148552,34840000
2019-04-12,28.865000,29.135000,28.719999,29.105000,23.256428,31853200
2019-04-15,29.129999,29.230000,29.025000,29.100000,23.252430,30506200
2019-04-16,29.100000,29.165001,28.645000,28.740000,22.964771,39377400
2019-04-17,28.709999,28.785000,28.605000,28.629999,22.876875,30389600
2019-04-18,28.700001,28.844999,28.629999,28.645000,22.888859,32078800
2019-04-22,28.635000,28.730000,28.559999,28.620001,22.868889,21371000
2019-04-23,28.629999,28.790001,28.490000,28.700001,22.932808,34136400
2019-04-24,28.770000,28.985001,28.725000,28.885000,23.080631,32856800
2019-04-25,28.754999,29.120001,28.725000,29.004999,23.176523,30506600
2019-04-26,29.165001,29.340000,29.020000,29.049999,23.212479,29034800
2019-04-29,29.025000,29.035000,28.760000,28.879999,23.076637,41551800
2019-04-30,28.885000,29.375000,28.834999,29.355000,23.456186,44033400
2019-05-01,29.270000,29.350000,29.030001,29.055000,23.216476,52825400
2019-05-02,29.000000,29.155001,28.775000,28.990000,23.164532,46927600
2019-05-03,28.990000,29.200001,28.945000,29.150000,23.292385,32142600
2019-05-06,29.150000,29.230000,28.930000,28.990000,23.164532,26779000
2019-05-07,28.945000,29.014999,28.764999,28.900000,23.092619,25084400
2019-05-08,28.865000,28.895000,28.480000,28.504999,22.776995,57384800
2019-05-09,28.504999,28.629999,28.330000,28.469999,22.749025,32347600
2019-05-10,28.465000,28.995001,28.410000,28.980000,23.156542,50316000
2019-05-13,28.889999,29.355000,28.850000,29.290001,23.404251,40192600
2019-05-14,29.295000,29.320000,29.040001,29.094999,23.248440,35218800
2019-05-15,29.110001,29.219999,29.010000,29.045000,23.208485,29155000
2019-05-16,29.014999,29.330000,28.934999,29.240000,23.364302,27816600
2019-05-17,29.110001,29.504999,29.070000,29.389999,23.484152,20954200
2019-05-20,29.455000,29.615000,29.355000,29.430000,23.516117,18237400
2019-05-21,29.475000,29.725000,29.405001,29.485001,23.560070,23008800
2019-05-22,29.530001,29.735001,29.440001,29.705000,23.735861,18515800
2019-05-23,29.735001,29.965000,29.705000,29.959999,23.939611,30329000
2019-05-24,29.980000,30.135000,29.879999,29.915001,23.903662,17424800
2019-05-28,29.955000,29.980000,29.375000,29.424999,23.512123,32795800
2019-05-29,29.495001,29.525000,28.965000,29.035000,23.200497,40238200
2019-05-30,29.040001,29.200001,28.900000,28.990000,23.164532,33645200
2019-05-31,29.000000,29.205000,28.870001,29.125000,23.272408,36514000
2019-06-03,29.219999,29.455000,29.070000,29.415001,23.504133,40670800
2019-06-04,29.445000,29.480000,28.895000,29.440001,23.524109,37057800
2019-06-05,29.549999,30.170000,29.445000,30.070000,24.027512,63510600
2019-06-06,30.110001,30.309999,30.025000,30.254999,24.175329,51022400
2019-06-07,30.410000,30.594999,30.014999,30.030001,23.995554,37986200
2019-06-10,29.940001,30.000000,29.674999,29.825001,23.831749,27400600
2019-06-11,29.815001,29.895000,29.475000,29.645000,23.687910,36072200
2019-06-12,29.795000,30.075001,29.760000,30.030001,23.995554,24700400
2019-06-13,30.100000,30.180000,29.889999,30.090000,24.043489,32424000
2019-06-14,30.125000,30.459999,30.115000,30.405001,24.295195,28485400
2019-06-17,30.405001,30.495001,30.129999,30.320000,24.227278,22924200
2019-06-18,30.455000,30.504999,29.990000,30.195000,24.127392,46290600
2019-06-19,30.059999,30.555000,30.049999,30.424999,24.311178,43191800
2019-06-20,30.584999,30.690001,30.270000,30.620001,24.466993,38275600
2019-06-21,30.350000,30.549999,30.135000,30.495001,24.561630,30116400
2019-06-24,30.549999,30.594999,30.389999,30.504999,24.569683,19774400
2019-06-25,30.530001,30.530001,30.250000,30.320000,24.420679,24290800
2019-06-26,30.245001,30.309999,29.650000,29.660000,23.889095,33777000
2019-06-27,29.754999,29.840000,29.584999,29.700001,23.921307,28271000
2019-06-28,29.709999,29.980000,29.650000,29.815001,24.013939,32266400
2019-07-01,29.834999,29.865000,29.469999,29.740000,23.953527,35846800
2019-07-02,29.850000,30.195000,29.844999,30.145000,24.279734,42719000
2019-07-03,30.235001,30.540001,30.209999,30.355000,24.448866,31573200
2019-07-05,30.165001,30.385000,29.875000,30.340000,24.436789,31892800
2019-07-08,30.360001,30.480000,30.195000,30.385000,24.473032,18836400
2019-07-09,30.334999,30.434999,30.170000,30.424999,24.505249,34965400
2019-07-10,30.459999,30.660000,30.355000,30.495001,24.561630,22972000
2019-07-11,30.459999,30.620001,30.245001,30.504999,24.569683,39996000
2019-07-12,30.495001,30.530001,30.195000,30.305000,24.408596,22490600
2019-07-15,30.309999,30.469999,30.195000,30.424999,24.505249,18690600
2019-07-16,30.350000,30.455000,30.090000,30.250000,24.364298,28749200
2019-07-17,30.355000,30.540001,30.250000,30.365000,24.456924,26709400
2019-07-18,30.370001,30.635000,30.200001,30.629999,24.670361,29466400
2019-07-19,30.559999,30.645000,30.170000,30.184999,24.311947,30616600
2019-07-22,30.260000,30.290001,29.945000,30.120001,24.259592,26353000
2019-07-23,30.155001,30.174999,29.875000,29.930000,24.106564,33581200
2019-07-24,30.014999,30.090000,29.725000,29.955000,24.126698,27121400
2019-07-25,29.860001,30.075001,29.730000,29.879999,24.066290,28296600
2019-07-26,29.905001,30.105000,29.840000,29.990000,24.154888,27758000
2019-07-29,30.075001,30.190001,29.905001,30.145000,24.279734,33243400
2019-07-30,30.075001,30.215000,29.764999,29.915001,24.094477,37991200
2019-07-31,29.924999,30.070000,29.594999,29.775000,23.981718,48762000
2019-08-01,29.725000,30.250000,29.625000,30.080000,24.227375,58986200
2019-08-02,30.125000,30.325001,30.010000,30.075001,24.223352,29878600
2019-08-05,30.139999,30.219999,29.485001,29.645000,23.877012,53153600
2019-08-06,29.674999,30.129999,29.344999,30.014999,24.175026,54071800
2019-08-07,30.025000,30.270000,29.600000,30.090000,24.235430,49909400
2019-08-08,30.075001,30.480000,29.910000,30.400000,24.485117,34115000
2019-08-09,30.424999,30.570000,30.325001,30.434999,24.513306,23627000
2019-08-12,30.440001,30.520000,30.219999,30.375000,24.464981,27249600
2019-08-13,30.370001,30.504999,30.190001,30.395000,24.481091,35494400
2019-08-14,30.434999,30.590000,30.065001,30.145000,24.279734,40581000
2019-08-15,30.250000,30.639999,30.070000,30.535000,24.593845,44171600
2019-08-16,30.549999,30.785000,30.504999,30.690001,24.718693,32243000
2019-08-19,30.625000,30.990000,30.575001,30.885000,24.875750,28468000
2019-08-20,30.955000,30.959999,30.705000,30.834999,24.835478,31048800
2019-08-21,30.785000,31.040001,30.760000,31.040001,25.000589,28795800
2019-08-22,31.020000,31.110001,30.805000,31.070000,25.024754,29834200
2019-08-23,31.129999,31.230000,30.584999,30.740000,24.758959,42595800
2019-08-26,30.815001,31.105000,30.740000,31.094999,25.044889,25701400
2019-08-27,31.245001,31.370001,31.115000,31.150000,25.089190,38448800
2019-08-28,31.184999,31.295000,30.955000,31.065001,25.020721,31791600
2019-08-29,31.240000,31.290001,30.990000,31.280001,25.193895,35467000
2019-08-30,31.375000,31.400000,31.195000,31.290001,25.201942,24166000
2019-09-03,31.280001,31.850000,31.245001,31.844999,25.648962,42728200
2019-09-04,31.934999,32.014999,31.674999,31.875000,25.673122,31633200
2019-09-05,31.665001,31.735001,31.420000,31.530001,25.395252,58664800
2019-09-06,31.610001,31.680000,31.309999,31.405001,25.294573,25326400
2019-09-09,31.340000,31.395000,31.190001,31.250000,25.169731,33649800
2019-09-10,31.200001,31.290001,31.020000,31.290001,25.201942,38336000
2019-09-11,31.245001,31.625000,31.105000,31.600000,25.451633,45377000
2019-09-12,31.790001,31.885000,31.525000,31.670000,25.508007,47199400
2019-09-13,31.490000,31.700001,31.375000,31.469999,25.346928,49998200
2019-09-16,31.520000,31.545000,31.320000,31.495001,25.367065,23926000
2019-09-17,31.549999,31.844999,31.535000,31.770000,25.588560,34658200
2019-09-18,31.889999,32.005001,31.690001,31.905001,25.697294,41925400
2019-09-19,32.005001,32.084999,31.885000,32.055000,25.818104,30041400
2019-09-20,31.850000,31.969999,31.690001,31.934999,25.920374,36989200
2019-09-23,31.924999,32.060001,31.860001,31.940001,25.924435,17616600
2019-09-24,32.055000,32.424999,32.029999,32.314999,26.228800,53815800
2019-09-25,32.290001,32.330002,32.119999,32.294998,26.212564,32467600
2019-09-26,32.375000,32.555000,32.314999,32.465000,26.350554,26746800
2019-09-27,32.509998,32.529999,32.169998,32.349998,26.257210,33229600
2019-09-30,32.375000,32.535000,32.279999,32.369999,26.273441,21670400
2019-10-01,32.259998,32.349998,32.119999,32.294998,26.212564,47566800
2019-10-02,32.224998,32.279999,31.785000,31.865000,25.863558,29720600
2019-10-03,31.875000,31.955000,31.709999,31.940001,25.924435,59569200
2019-10-04,31.980000,32.455002,31.934999,32.384998,26.285620,37167000
2019-10-07,32.355000,32.395000,32.180000,32.259998,26.184160,25731800
2019-10-08,32.240002,32.264999,31.945000,31.959999,25.940664,43191800
2019-10-09,32.044998,32.240002,31.969999,32.115002,26.066473,17954000
2019-10-10,32.040001,32.150002,31.799999,32.080002,26.038065,31210600
2019-10-11,32.049999,32.160000,31.850000,31.959999,25.940664,32154600
2019-10-14,32.049999,32.064999,31.660000,31.754999,25.774271,19892000
2019-10-15,31.775000,31.850000,31.575001,31.655001,25.693110,31726600
2019-10-16,31.635000,31.740000,31.490000,31.725000,25.749928,32355000
2019-10-17,31.725000,31.870001,31.650000,31.805000,25.814857,25999600
2019-10-18,31.730000,31.980000,31.650000,31.910000,25.900084,29105800
2019-10-21,31.915001,32.044998,31.815001,32.035000,26.001539,22924800
2019-10-22,32.110001,32.314999,32.014999,32.169998,26.111116,31182600
2019-10-23,32.244999,32.380001,32.160000,32.299999,26.216629,25821800
2019-10-24,32.314999,32.465000,32.264999,32.410000,26.305914,22922400
2019-10-25,32.435001,32.480000,31.950001,32.080002,26.038065,33850200
2019-10-28,31.915001,32.000000,31.600000,31.639999,25.680931,50137200
2019-10-29,31.620001,31.740000,31.530001,31.670000,25.705282,39544800
2019-10-30,31.695000,32.029999,31.690001,31.950001,25.932549,39360600
2019-10-31,31.980000,32.165001,31.875000,32.125000,26.074589,34491800
2019-11-01,32.145000,32.244999,31.990000,32.044998,26.009655,31381800
2019-11-04,32.014999,32.035000,31.520000,31.635000,25.676876,48685600
2019-11-05,31.480000,31.580000,31.225000,31.309999,25.413084,43993800
2019-11-06,31.365000,31.559999,31.315001,31.430000,25.510483,35543800
2019-11-07,31.264999,31.424999,30.799999,31.004999,25.165525,45689400
2019-11-08,30.910000,31.045000,30.740000,30.875000,25.060015,31943000
2019-11-11,30.885000,30.920000,30.655001,30.684999,24.905794,18546400
2019-11-12,30.690001,30.820000,30.670000,30.760000,24.966669,25337000
2019-11-13,30.870001,31.285000,30.830000,31.215000,25.335979,33593800
2019-11-14,31.315001,31.485001,31.225000,31.325001,25.425261,33672000
2019-11-15,31.340000,31.440001,31.245001,31.424999,25.506420,19931600
2019-11-18,31.490000,31.750000,31.434999,31.490000,25.559183,32981600
2019-11-19,31.400000,31.584999,31.245001,31.410000,25.494246,36104800
2019-11-20,31.455000,31.645000,31.379999,31.600000,25.648468,39359000
2019-11-21,31.594999,31.625000,31.385000,31.490000,25.559183,28418000
2019-11-22,31.559999,31.575001,31.275000,31.500000,25.567301,22970400
2019-11-25,31.530001,31.620001,31.325001,31.395000,25.482077,40797400
2019-11-26,31.445000,31.545000,31.375000,31.500000,25.567301,32300200
2019-11-27,31.424999,31.590000,31.400000,31.555000,25.611938,25056400
2019-11-29,31.615000,31.735001,31.495001,31.525000,25.587589,10243000
2019-12-02,31.375000,31.455000,31.254999,31.320000,25.421206,37401200
2019-12-03,31.400000,31.465000,31.330000,31.405001,25.490194,25801800
2019-12-04,31.395000,31.695000,31.370001,31.645000,25.684990,39195400
2019-12-05,31.594999,31.705000,31.514999,31.700001,25.729637,24899400
2019-12-06,31.580000,31.790001,31.580000,31.605000,25.652525,19164400
2019-12-09,31.674999,31.680000,31.440001,31.495001,25.563242,23166400
2019-12-10,31.490000,31.555000,31.410000,31.490000,25.559183,25197600
2019-12-11,31.530001,31.629999,31.415001,31.575001,25.628176,23980200
2019-12-12,31.535000,31.660000,31.305000,31.440001,25.518602,48234200
2019-12-13,31.455000,31.740000,31.334999,31.684999,25.717459,38669200
2019-12-16,31.684999,32.099998,31.684999,32.080002,26.038065,41547800
2019-12-17,32.099998,32.384998,32.070000,32.185001,26.123289,33694600
2019-12-18,32.209999,32.360001,32.040001,32.314999,26.228800,25615800
2019-12-19,32.314999,32.369999,32.125000,32.325001,26.236925,33803200
2019-12-20,32.064999,32.470001,32.064999,32.294998,26.417286,45942200
2019-12-23,32.349998,32.365002,31.910000,31.995001,26.171896,32956000
2019-12-24,32.029999,32.055000,31.870001,32.040001,26.208706,9025600
2019-12-26,32.070000,32.125000,31.959999,32.095001,26.253691,13317000
2019-12-27,32.095001,32.189999,32.035000,32.189999,26.331396,20603400
2019-12-30,32.055000,32.189999,32.014999,32.185001,26.327311,23868600
2019-12-31,32.180000,32.349998,32.139999,32.310001,26.429558,21616800
2020-01-02,32.365002,32.375000,31.785000,31.905001,26.098270,38215400
2020-01-03,31.930000,32.084999,31.855000,31.969999,26.151440,35978600
2020-01-06,31.930000,32.095001,31.879999,32.000000,26.175980,20889000
2020-01-07,31.920000,31.969999,31.775000,31.955000,26.139168,26140600
2020-01-08,31.969999,32.080002,31.889999,31.940001,26.126902,25482800
2020-01-09,31.900000,32.150002,31.895000,32.115002,26.270048,23286200
2020-01-10,32.160000,32.314999,32.145000,32.200001,26.339575,21165800
2020-01-13,32.189999,32.490002,32.189999,32.395000,26.499092,25342200
2020-01-14,32.395000,32.500000,32.250000,32.490002,26.576803,22990000
2020-01-15,32.560001,33.000000,32.555000,32.945000,26.948988,31771800
2020-01-16,32.970001,33.185001,32.959999,33.150002,27.116680,21797600
2020-01-17,33.139999,33.424999,33.049999,33.380001,27.304815,26517600
2020-01-21,33.455002,33.700001,33.320000,33.685001,27.554306,47753000
2020-01-22,33.750000,33.884998,33.700001,33.790001,27.640198,21683200
2020-01-23,33.785000,34.099998,33.750000,34.090000,27.885593,25938600
2020-01-24,34.000000,34.305000,33.945000,34.180000,27.959219,28803000
2020-01-27,34.160000,34.400002,34.000000,34.095001,27.889696,22544400
2020-01-28,34.130001,34.380001,34.044998,34.235001,28.004210,35056800
2020-01-29,34.255001,34.375000,34.119999,34.325001,28.077833,21599600
2020-01-30,34.305000,34.665001,34.220001,34.645000,28.339588,28808600
2020-01-31,34.580002,34.720001,34.310001,34.490002,28.212797,40949000
2020-02-03,34.544998,34.639999,34.465000,34.599998,28.302769,27095800
2020-02-04,34.580002,34.685001,34.220001,34.255001,28.020576,41384200
2020-02-05,34.180000,34.480000,34.105000,34.395000,28.135090,32610200
2020-02-06,34.430000,34.599998,34.320000,34.404999,28.143270,29908200
2020-02-07,34.485001,34.535000,34.285000,34.294998,28.053286,21392800
2020-02-10,34.349998,34.424999,34.224998,34.424999,28.159632,16279600
2020-02-11,34.485001,34.665001,34.465000,34.549999,28.261879,20539400
2020-02-12,34.494999,34.680000,34.384998,34.575001,28.282330,16094800
2020-02-13,34.605000,34.980000,34.549999,34.959999,28.597258,27175200
2020-02-14,35.025002,35.224998,34.974998,35.195000,28.789488,21108200
2020-02-18,35.330002,35.549999,35.230000,35.490002,29.030802,30069600
2020-02-19,35.349998,35.400002,35.105000,35.105000,28.715868,22391000
2020-02-20,35.115002,35.250000,34.945000,35.230000,28.818119,28810200
2020-02-21,35.165001,35.395000,35.130001,35.165001,28.764944,23457200
2020-02-24,35.014999,35.209999,34.740002,34.755001,28.429562,40884200
2020-02-25,34.790001,34.849998,33.965000,34.025002,27.832430,56276600
2020-02-26,34.025002,34.330002,33.674999,33.680000,27.550219,52384600
2020-02-27,33.544998,33.730000,32.154999,32.165001,26.310953,87206200
2020-02-28,31.430000,31.465000,30.350000,31.090000,25.431597,180526200
2020-03-02,31.250000,32.965000,31.174999,32.919998,26.928532,84351600
2020-03-03,32.939999,33.619999,32.384998,32.514999,26.597246,126558000
2020-03-04,32.945000,34.404999,32.924999,34.360001,28.106455,62856400
2020-03-05,33.794998,34.290001,33.430000,33.830002,27.672920,67070200
2020-03-06,32.935001,33.689999,32.305000,33.555000,27.447966,70997800
2020-03-09,31.775000,32.625000,31.230000,31.730000,25.955120,74339400
2020-03-10,32.250000,32.619999,30.594999,32.025002,26.196434,81616800
2020-03-11,31.309999,31.330000,29.985001,30.415001,24.879450,64307800
2020-03-12,28.750000,29.270000,27.004999,27.344999,22.368193,77766400
2020-03-13,28.885000,28.885000,26.825001,28.834999,23.587009,54277200
2020-03-16,26.230000,28.254999,25.459999,25.559999,20.908064,56293400
2020-03-17,26.305000,29.075001,26.020000,28.830000,23.582922,77946000
2020-03-18,27.105000,28.004999,26.115000,27.575001,22.556332,85692800
2020-03-19,27.320000,27.440001,25.889999,25.969999,21.243444,65459000
2020-03-20,26.209999,26.209999,23.740000,23.910000,19.558359,56358400
2020-03-23,23.594999,23.594999,21.719999,22.465000,18.560329,64018000
2020-03-24,23.325001,24.985001,23.165001,24.879999,20.555574,54902800
2020-03-25,24.915001,26.584999,24.165001,25.514999,21.080202,61255000
2020-03-26,25.790001,27.990000,25.530001,27.690001,22.877165,61794400
2020-03-27,26.855000,28.844999,26.719999,27.840000,23.001095,50186200
2020-03-30,28.080000,29.045000,27.959999,28.870001,23.852070,59519000
2020-03-31,28.645000,28.645000,27.615000,27.705000,22.889557,67456400
2020-04-01,26.610001,26.975000,25.540001,26.040001,21.513958,53420600
2020-04-02,25.760000,27.040001,25.615000,26.855000,22.187296,53121600
2020-04-03,26.559999,26.889999,25.695000,25.895000,21.394161,31872000
2020-04-06,26.844999,28.174999,26.844999,27.895000,23.046539,41379600
2020-04-07,28.645000,28.690001,27.510000,27.545000,22.757372,49163200
2020-04-08,27.709999,29.285000,27.480000,29.045000,23.996653,64925600
2020-04-09,29.485001,30.889999,29.375000,30.415001,25.128529,87722800
2020-04-13,30.260000,30.260000,29.155001,29.450001,24.331259,27830400
2020-04-14,30.084999,30.360001,29.795000,30.315001,25.045910,34175600
2020-04-15,29.480000,29.840000,29.150000,29.315001,24.219721,25671600
2020-04-16,29.440001,29.565001,29.030001,29.320000,24.223852,20800000
2020-04-17,29.945000,30.424999,29.540001,30.264999,25.004597,21555000
2020-04-20,30.075001,30.075001,29.075001,29.120001,24.058615,28761000
2020-04-21,28.594999,28.985001,28.320000,28.639999,23.662043,40783200
2020-04-22,29.180000,29.715000,28.985001,29.475000,24.351913,31190800
2020-04-23,29.565001,29.645000,28.815001,28.980000,23.942944,24830400
2020-04-24,29.030001,29.285000,28.655001,29.160000,24.091663,23973800
2020-04-27,29.330000,29.680000,29.299999,29.465000,24.343649,25481000
2020-04-28,29.879999,30.200001,29.440001,29.575001,24.434530,28643400
2020-04-29,30.055000,30.070000,29.184999,29.305000,24.211464,23575600
2020-04-30,29.094999,29.139999,28.365000,28.629999,23.653778,38733800
2020-05-01,28.295000,28.315001,27.780001,27.940001,23.083714,26918600
2020-05-04,27.795000,28.219999,27.625000,28.150000,23.257212,24027600
2020-05-05,28.250000,28.719999,28.215000,28.379999,23.447233,23653600
2020-05-06,28.480000,28.500000,27.375000,27.415001,22.649963,48150400
2020-05-07,27.730000,27.975000,27.480000,27.525000,22.740845,42266200
2020-05-08,27.860001,28.190001,27.730000,28.080000,23.199383,26553200
2020-05-11,27.860001,28.065001,27.465000,27.959999,23.100237,31326400
2020-05-12,28.030001,28.155001,27.660000,27.715000,22.897818,43734400
2020-05-13,27.660000,27.660000,27.165001,27.480000,22.703665,39645000
2020-05-14,27.205000,27.855000,26.830000,27.775000,22.947392,46233200
2020-05-15,27.580000,27.590000,26.985001,27.405001,22.641703,69347600
2020-05-18,28.049999,28.709999,28.049999,28.530001,23.571161,45994600
2020-05-19,28.410000,28.490000,28.055000,28.059999,23.182856,32655800
2020-05-20,28.350000,28.530001,28.105000,28.215000,23.310919,23583200
2020-05-21,28.139999,28.340000,27.875000,27.930000,23.075457,33868200
2020-05-22,27.930000,28.264999,27.840000,28.240000,23.331568,23838000
2020-05-26,28.750000,28.975000,28.395000,28.424999,23.484413,35071800
2020-05-27,28.924999,28.975000,28.370001,28.764999,23.765322,32984600
2020-05-28,29.135000,29.740000,29.110001,29.615000,24.467579,42582000
2020-05-29,29.545000,30.000000,29.370001,29.844999,24.657604,29511800
2020-06-01,29.834999,30.385000,29.665001,30.200001,24.950901,29112800
2020-06-02,30.315001,30.415001,29.990000,30.395000,25.112003,27998600
2020-06-03,30.559999,30.975000,30.535000,30.760000,25.413563,25682800
2020-06-04,30.594999,30.660000,29.820000,30.209999,24.959162,43679200
2020-06-05,30.485001,31.180000,30.455000,30.594999,25.277246,44260000
2020-06-08,30.650000,31.514999,30.430000,31.415001,25.954716,31919000
2020-06-09,31.129999,31.145000,30.445000,30.785000,25.434219,37283600
2020-06-10,30.785000,30.990000,30.504999,30.605000,25.285509,25052000
2020-06-11,30.080000,30.165001,29.195000,29.410000,24.298210,69420400
2020-06-12,29.969999,30.004999,28.975000,29.334999,24.236246,46404800
2020-06-15,28.815001,29.750000,28.565001,29.535000,24.401485,33434000
2020-06-16,30.250000,30.415001,29.510000,29.670000,24.513016,34226600
2020-06-17,29.795000,29.799999,29.295000,29.580000,24.438660,24374400
2020-06-18,29.395000,29.655001,29.240000,29.575001,24.434530,26507600
2020-06-19,29.809999,29.934999,28.700001,28.745001,23.748798,58531600
2020-06-22,28.490000,28.965000,28.225000,28.785000,23.980391,25906400
2020-06-23,29.080000,29.115000,28.415001,28.495001,23.738800,25244400
2020-06-24,28.280001,28.410000,27.895000,28.235001,23.522196,28538400
2020-06-25,28.174999,28.190001,27.559999,27.885000,23.230614,43502400
2020-06-26,27.844999,28.160000,27.405001,27.590000,22.984854,57463400
2020-06-29,27.809999,28.125000,27.514999,28.110001,23.418055,29730600
2020-06-30,28.115000,28.370001,27.950001,28.215000,23.505531,33743800
2020-07-01,28.240000,29.000000,28.190001,28.875000,24.055368,39777400
2020-07-02,29.080000,29.260000,28.875000,28.950001,24.117847,24295200
2020-07-06,29.055000,29.245001,28.360001,28.594999,23.822104,30775400
2020-07-07,28.280001,28.584999,28.145000,28.480000,23.726297,22681000
2020-07-08,28.434999,28.830000,28.379999,28.735001,23.938736,24359400
2020-07-09,28.594999,28.610001,27.955000,28.350000,23.617998,35750400
2020-07-10,28.350000,28.965000,28.340000,28.885000,24.063702,27166400
2020-07-13,28.885000,29.200001,28.780001,28.915001,24.088694,35531600
2020-07-14,28.920000,29.355000,28.885000,29.184999,24.313625,67894200
2020-07-15,29.459999,29.674999,29.014999,29.070000,24.217823,26940400
2020-07-16,29.094999,29.520000,29.020000,29.440001,24.526064,30126400
2020-07-17,29.600000,30.184999,29.575001,30.105000,25.080067,45901600
2020-07-20,30.000000,30.084999,29.660000,29.709999,24.750998,24255200
2020-07-21,29.785000,30.190001,29.690001,29.844999,24.863459,30216000
2020-07-22,29.709999,30.415001,29.420000,30.305000,25.246683,29694200
2020-07-23,30.295000,30.555000,30.160000,30.340000,25.275843,38277400
2020-07-24,30.400000,30.709999,29.969999,30.139999,25.109226,35397000
2020-07-27,30.150000,30.170000,29.559999,29.775000,24.805149,22638600
2020-07-28,29.700001,30.480000,29.674999,30.225000,25.180037,37792000
2020-07-29,30.280001,30.445000,30.139999,30.365000,25.296669,18205600
2020-07-30,30.145000,30.370001,29.995001,30.365000,25.296669,25475800
2020-07-31,30.285000,30.495001,29.990000,30.415001,25.338326,24228000
2020-08-03,30.395000,30.400000,29.924999,30.084999,25.063406,19303800
2020-08-04,30.065001,30.549999,29.990000,30.415001,25.338326,41663600
2020-08-05,30.480000,30.500000,29.905001,30.025000,25.013424,23658600
2020-08-06,29.995001,30.250000,29.840000,30.200001,25.159212,27576000
2020-08-07,30.080000,30.865000,30.075001,30.745001,25.613247,30942200
2020-08-10,30.844999,30.975000,30.635000,30.735001,25.604910,21208600
2020-08-11,30.770000,30.830000,29.990000,30.070000,25.050905,50996000
2020-08-12,30.160000,30.709999,30.150000,30.504999,25.413301,34570600
2020-08-13,30.379999,30.520000,30.219999,30.455000,25.371641,31627200
2020-08-14,30.389999,30.430000,30.110001,30.190001,25.150877,17336600
2020-08-17,30.215000,30.415001,30.035000,30.150000,25.117558,19020400
2020-08-18,30.129999,30.250000,29.860001,30.014999,25.005091,24294600
2020-08-19,30.090000,30.105000,29.865000,29.924999,24.930109,18042800
2020-08-20,29.805000,29.955000,29.580000,29.660000,24.709347,25932000
2020-08-21,29.684999,29.764999,29.410000,29.709999,24.750998,18933400
2020-08-24,29.795000,29.980000,29.520000,29.969999,24.967602,14985800
2020-08-25,30.025000,30.030001,29.584999,29.684999,24.730167,23573200
2020-08-26,29.580000,29.600000,29.245001,29.355000,24.455252,23329800
2020-08-27,29.440001,29.660000,29.270000,29.450001,24.534393,38907200
2020-08-28,29.510000,29.565001,29.230000,29.535000,24.605209,16995800
2020-08-31,29.490000,29.805000,29.485001,29.625000,24.680185,19975600
2020-09-01,29.530001,29.549999,29.170000,29.285000,24.396935,26620400
2020-09-02,29.350000,30.330000,29.230000,30.195000,25.155045,37298400
2020-09-03,30.205000,30.520000,29.575001,29.855000,24.871792,38871400
2020-09-04,29.915001,30.084999,29.299999,29.684999,24.730167,35792200
2020-09-08,29.715000,29.750000,29.240000,29.520000,24.592707,28990800
2020-09-09,29.740000,30.295000,29.709999,29.910000,24.917614,30869400
2020-09-10,29.795000,29.830000,29.360001,29.395000,24.488573,36280400
2020-09-11,29.459999,29.559999,29.235001,29.465000,24.546896,25332600
2020-09-14,29.610001,30.025000,29.580000,29.870001,24.884295,20927200
2020-09-15,30.174999,30.514999,29.910000,30.070000,25.050905,23342600
2020-09-16,29.965000,30.240000,29.834999,30.030001,25.017584,23082200
2020-09-17,29.840000,29.950001,29.549999,29.785000,24.813477,22775400
2020-09-18,29.780001,29.799999,29.195000,29.260000,24.376106,31969600
2020-09-21,28.799999,28.965000,28.455000,28.830000,24.224445,30371200
2020-09-22,28.844999,29.205000,28.825001,29.010000,24.375687,21247400
2020-09-23,29.045000,29.094999,28.540001,28.565001,24.001776,21576400
2020-09-24,28.535000,29.090000,28.360001,28.885000,24.270655,31328200
2020-09-25,28.760000,29.389999,28.655001,29.360001,24.669775,22576000
2020-09-28,29.490000,29.730000,29.385000,29.434999,24.732794,20359600
2020-09-29,29.525000,29.725000,29.290001,29.424999,24.724388,18435800
2020-09-30,29.610001,29.834999,29.440001,29.690001,24.947058,24208200
2020-10-01,29.764999,30.065001,29.705000,29.990000,25.199135,26142000
2020-10-02,29.750000,30.500000,29.684999,30.344999,25.497423,33890000
2020-10-05,30.424999,30.809999,30.219999,30.725000,25.816715,22076800
2020-10-06,30.745001,31.334999,30.610001,30.985001,26.035183,32776800
2020-10-07,31.145000,31.305000,30.945000,31.174999,26.194826,24403600
2020-10-08,31.309999,31.795000,31.290001,31.745001,26.673775,27235600
2020-10-09,31.920000,31.934999,31.525000,31.740000,26.669573,17091200
2020-10-12,31.760000,32.154999,31.680000,31.940001,26.837624,14970200
2020-10-13,31.719999,31.805000,31.365000,31.719999,26.652769,20210400
2020-10-14,31.760000,31.895000,31.514999,31.680000,26.619160,22338800
2020-10-15,31.379999,31.834999,31.299999,31.660000,26.602356,19124000
2020-10-16,31.700001,32.119999,31.665001,32.000000,26.888037,16081000
2020-10-19,31.985001,32.154999,31.639999,31.730000,26.661169,26603000
2020-10-20,31.860001,32.095001,31.740000,31.920000,26.820822,24979400
2020-10-21,31.850000,32.044998,31.745001,31.834999,26.749397,14200000
2020-10-22,31.879999,32.340000,31.790001,32.285000,27.127508,15212000
2020-10-23,32.445000,32.500000,32.195000,32.375000,27.203135,14485000
2020-10-26,32.125000,32.424999,31.915001,32.365002,27.194731,20763200
2020-10-27,32.424999,32.669998,32.185001,32.340000,27.173723,19601800
2020-10-28,31.889999,32.299999,31.334999,31.400000,26.383890,34026600
2020-10-29,31.285000,31.870001,30.879999,31.485001,26.455305,29847800
2020-10-30,31.309999,31.504999,30.889999,31.190001,26.207436,34824600
2020-11-02,31.615000,31.920000,31.299999,31.875000,26.783003,29911800
2020-11-03,32.275002,32.685001,32.145000,32.334999,27.169525,30157400
2020-11-04,32.145000,32.645000,31.815001,31.850000,26.762003,36662200
2020-11-05,32.185001,32.720001,32.110001,32.134998,27.001471,31525200
2020-11-06,32.154999,32.439999,31.980000,32.064999,26.942654,18955400
2020-11-09,32.994999,33.965000,32.630001,32.660000,27.442600,46072200
2020-11-10,32.834999,33.224998,32.700001,33.130001,27.837521,31172000
2020-11-11,33.299999,33.549999,33.125000,33.255001,27.942558,19459000
2020-11-12,33.060001,33.134998,32.465000,32.720001,27.493021,53020200
2020-11-13,32.880001,33.134998,32.820000,33.044998,27.766102,26324800
2020-11-16,33.455002,33.474998,32.985001,33.380001,28.047588,27375000
2020-11-17,33.165001,33.325001,32.674999,32.724998,27.497221,16811200
2020-11-18,32.895000,32.935001,32.075001,32.084999,26.959459,25581400
2020-11-19,32.049999,32.075001,31.540001,31.764999,26.690577,26996200
2020-11-20,31.709999,31.990000,31.610001,31.770000,26.694782,18632200
2020-11-23,31.895000,31.955000,31.629999,31.775000,26.698982,16930600
2020-11-24,32.029999,32.195000,31.870001,32.115002,26.984673,21807000
2020-11-25,32.075001,32.209999,31.795000,32.200001,27.056086,22985200
2020-11-27,32.189999,32.220001,31.750000,31.879999,26.787209,12073200
2020-11-30,31.790001,31.809999,31.295000,31.420000,26.400694,26889400
2020-12-01,31.655001,32.084999,31.620001,31.639999,26.585548,30174800
2020-12-02,31.490000,31.865000,31.290001,31.850000,26.762003,24397600
2020-12-03,31.799999,31.830000,31.434999,31.520000,26.484718,18753600
2020-12-04,31.549999,31.625000,31.030001,31.205000,26.220037,21005000
2020-12-07,31.100000,31.535000,31.094999,31.379999,26.367083,17391400
2020-12-08,31.174999,31.490000,31.045000,31.285000,26.287258,21005400
2020-12-09,31.309999,31.360001,31.020000,31.230000,26.241043,22969800
2020-12-10,31.215000,31.315001,30.924999,31.070000,26.106604,21602800
2020-12-11,30.940001,31.160000,30.910000,31.120001,26.148617,13351400
2020-12-14,31.340000,31.600000,30.930000,30.959999,26.014175,27208800
2020-12-15,31.105000,31.650000,30.950001,31.570000,26.526730,22357200
2020-12-16,31.629999,31.790001,31.165001,31.205000,26.220037,24312800
2020-12-17,31.315001,31.645000,31.309999,31.415001,26.396488,25389800
2020-12-18,31.420000,31.535000,30.995001,31.145000,26.169628,20877400
2020-12-21,30.639999,30.639999,30.160000,30.510000,25.852716,27915400
2020-12-22,30.500000,30.580000,30.360001,30.450001,25.801880,24177000
2020-12-23,30.594999,30.834999,30.385000,30.389999,25.751030,11543400
2020-12-24,30.455000,30.620001,30.290001,30.605000,25.933212,7272400
2020-12-28,30.764999,30.940001,30.625000,30.740000,26.047607,11739000
2020-12-29,30.815001,30.959999,30.650000,30.735001,26.043371,15165000
2020-12-30,30.754999,30.990000,30.705000,30.889999,26.174709,11847200
2020-12-31,30.895000,31.395000,30.815001,31.350000,26.564491,18184000
2021-01-04,31.405001,31.405001,30.385000,30.559999,25.895082,25260600
2021-01-05,30.625000,30.715000,30.305000,30.555000,25.890846,16666600
2021-01-06,30.730000,31.520000,30.660000,31.315001,26.534832,35961800
2021-01-07,31.485001,31.545000,30.875000,30.905001,26.187420,24758800
2021-01-08,30.945000,31.230000,30.889999,31.165001,26.407730,26930600
2021-01-11,31.049999,31.174999,30.645000,30.875000,26.161999,16657200
2021-01-12,30.825001,30.930000,30.340000,30.709999,26.022186,24619000
2021-01-13,30.805000,31.410000,30.750000,31.309999,26.530596,26687400
2021-01-14,31.320000,31.344999,31.010000,31.190001,26.428917,26067000
2021-01-15,31.125000,31.590000,31.010000,31.495001,26.687359,27564800
2021-01-19,31.665001,31.695000,31.330000,31.375000,26.585674,18993200
2021-01-20,31.365000,31.700001,31.180000,31.559999,26.742435,44796200
2021-01-21,31.485001,31.549999,31.320000,31.375000,26.585674,13975600
2021-01-22,31.285000,31.525000,31.165001,31.420000,26.623802,18760000
2021-01-25,31.309999,32.095001,31.275000,32.049999,27.157639,37848600
2021-01-26,32.005001,32.040001,31.600000,31.730000,26.886482,19473600
2021-01-27,31.475000,31.709999,30.735001,30.875000,26.161999,39287400
2021-01-28,30.980000,31.719999,30.900000,31.245001,26.475517,25465800
2021-01-29,31.084999,31.389999,30.879999,31.075001,26.331469,27760600
2021-02-01,31.275000,31.504999,30.965000,31.225000,26.458574,16109400
2021-02-02,31.330000,31.965000,31.200001,31.480000,26.674644,28698600
2021-02-03,31.445000,31.590000,31.309999,31.379999,26.589909,16266800
2021-02-04,31.365000,31.670000,31.275000,31.625000,26.797508,22702200
2021-02-05,31.764999,31.969999,31.635000,31.795000,26.941561,11920000
2021-02-08,31.865000,31.875000,31.430000,31.549999,26.733963,21531400
2021-02-09,31.605000,31.709999,31.334999,31.594999,26.772093,12386800
2021-02-10,31.780001,31.850000,31.504999,31.719999,26.878010,19621200
2021-02-11,31.705000,31.809999,31.490000,31.540001,26.725487,17422600
2021-02-12,31.445000,31.590000,31.145000,31.309999,26.530596,20216000
2021-02-16,31.275000,31.315001,30.915001,30.959999,26.234020,31723200
2021-02-17,30.995001,31.040001,30.775000,30.985001,26.255207,20358200
2021-02-18,30.934999,31.305000,30.934999,31.170000,26.411974,15419600
2021-02-19,31.174999,31.190001,30.680000,30.705000,26.017948,17935400
2021-02-22,30.620001,30.655001,29.820000,30.105000,25.509537,35602800
2021-02-23,30.225000,30.459999,30.070000,30.355000,25.721375,26213200
2021-02-24,30.280001,30.334999,29.969999,30.000000,25.420565,23673600
2021-02-25,29.940001,30.084999,29.584999,29.730000,25.191782,31360400
2021-02-26,29.830000,30.014999,29.170000,29.180000,24.725735,38014800
2021-03-01,29.549999,30.160000,29.545000,29.825001,25.272280,31427400
2021-03-02,29.870001,29.950001,29.570000,29.735001,25.196016,29306200
2021-03-03,29.690001,29.690001,29.135000,29.385000,24.899441,45849800
2021-03-04,29.405001,29.910000,29.200001,29.360001,24.878262,44172600
2021-03-05,29.485001,29.980000,29.225000,29.840000,25.284988,33606600
2021-03-08,29.924999,30.525000,29.844999,30.260000,25.640875,38423800
2021-03-09,30.424999,30.760000,30.385000,30.660000,25.979820,22224400
2021-03-10,30.650000,30.965000,30.565001,30.870001,26.157766,27421200
2021-03-11,30.815001,31.180000,30.775000,30.790001,26.089972,17168800
2021-03-12,30.924999,31.299999,30.780001,31.205000,26.441624,20043800
2021-03-15,31.250000,31.684999,31.250000,31.605000,26.780567,24417200
2021-03-16,31.530001,31.725000,31.445000,31.645000,26.814461,29243400
2021-03-17,31.620001,31.625000,31.100000,31.129999,26.378071,34407000
2021-03-18,31.100000,31.225000,30.799999,31.014999,26.280619,29627600
2021-03-19,31.025000,31.370001,30.695000,31.100000,26.352654,38712600
2021-03-22,30.799999,30.965000,30.605000,30.825001,26.314663,25641000
2021-03-23,30.815001,31.405001,30.750000,31.285000,26.707355,26117200
2021-03-24,31.184999,31.520000,31.075001,31.295000,26.715897,22058400
2021-03-25,31.395000,31.735001,31.254999,31.629999,27.001877,28309600
2021-03-26,31.625000,31.764999,31.320000,31.735001,27.091516,20770200
2021-03-29,31.670000,32.224998,31.655001,32.075001,27.381763,32775600
2021-03-30,31.975000,31.975000,31.549999,31.785000,27.134199,22111200
2021-03-31,31.799999,32.080002,31.735001,32.020000,27.334812,22259200
2021-04-01,31.969999,32.044998,31.775000,31.990000,27.309202,21046600
2021-04-05,32.105000,32.544998,32.075001,32.340000,27.607988,29288200
2021-04-06,32.305000,32.514999,32.070000,32.509998,27.753115,17258600
2021-04-07,32.485001,32.645000,32.305000,32.470001,27.718971,15798400
2021-04-08,32.555000,32.654999,32.375000,32.445000,27.697624,19909800
2021-04-09,32.474998,32.610001,32.345001,32.410000,27.667747,15751200
2021-04-12,32.415001,32.669998,32.330002,32.439999,27.693357,14201400
2021-04-13,32.310001,32.884998,32.250000,32.825001,28.022022,18250800
2021-04-14,32.744999,32.970001,32.660000,32.970001,28.145803,15125400
2021-04-15,32.974998,33.349998,32.955002,33.334999,28.457394,23863400
2021-04-16,33.459999,33.735001,33.389999,33.605000,28.687893,22376000
2021-04-19,33.625000,33.680000,33.355000,33.435001,28.542768,21503400
2021-04-20,33.435001,33.945000,33.415001,33.860001,28.905581,29548800
2021-04-21,33.895000,34.025002,33.450001,33.575001,28.662281,19230200
2021-04-22,33.549999,33.665001,33.305000,33.334999,28.457394,17983600
2021-04-23,33.349998,33.459999,33.205002,33.290001,28.418982,16881600
2021-04-26,33.305000,33.325001,33.000000,33.099998,28.256783,12578400
2021-04-27,33.049999,33.064999,32.790001,32.845001,28.039097,20942000
2021-04-28,32.860001,32.950001,32.645000,32.799999,28.000677,15158200
2021-04-29,32.799999,33.119999,32.799999,33.099998,28.256783,19223600
2021-04-30,33.169998,33.369999,32.970001,33.360001,28.478743,20484600
2021-05-03,33.435001,33.665001,33.299999,33.355000,28.474468,21544000
2021-05-04,33.320000,33.380001,33.009998,33.230000,28.367760,23445600
2021-05-05,33.230000,33.230000,32.485001,32.669998,27.889700,23562800
2021-05-06,32.759998,32.950001,32.540001,32.919998,28.103119,23305400
2021-05-07,32.900002,33.270000,32.889999,33.020000,28.188488,18110800
2021-05-10,33.090000,33.689999,33.090000,33.355000,28.474468,26442000
2021-05-11,33.320000,33.365002,32.715000,32.945000,28.124464,28210000
2021-05-12,32.910000,32.910000,32.160000,32.174999,27.467133,29553800
2021-05-13,32.209999,32.990002,32.185001,32.794998,27.996410,28222800
2021-05-14,32.875000,33.165001,32.875000,32.955002,28.133001,18910600
2021-05-17,32.939999,33.130001,32.634998,32.685001,27.902510,25124000
2021-05-18,32.615002,32.790001,32.529999,32.680000,27.898237,19532400
2021-05-19,32.525002,32.654999,32.244999,32.625000,27.851284,26238000
2021-05-20,32.685001,33.110001,32.674999,32.910000,28.094584,25679600
2021-05-21,32.990002,33.205002,32.845001,33.080002,28.239706,20487800
2021-05-24,33.240002,33.294998,33.000000,33.020000,28.188488,19343000
2021-05-25,33.055000,33.055000,32.544998,32.619999,27.847017,20427400
2021-05-26,32.639999,32.764999,32.529999,32.625000,27.851284,16841600
2021-05-27,32.740002,32.740002,32.395000,32.404999,27.663481,16996200
2021-05-28,32.599998,32.700001,32.480000,32.580002,27.812874,19565000
2021-06-01,32.654999,32.730000,32.305000,32.380001,27.642136,22052200
2021-06-02,32.430000,32.730000,32.299999,32.549999,27.787264,20491400
2021-06-03,32.400002,32.849998,32.290001,32.744999,27.953733,23707200
2021-06-04,32.830002,32.880001,32.654999,32.695000,27.911039,14469600
2021-06-07,32.724998,32.805000,32.669998,32.755001,27.962263,13822400
2021-06-08,32.825001,32.849998,32.334999,32.474998,27.723236,18363600
2021-06-09,32.555000,32.825001,32.485001,32.764999,27.970797,18760800
2021-06-10,32.790001,33.014999,32.709999,32.980000,28.154343,16654400
2021-06-11,32.980000,33.080002,32.825001,33.055000,28.218372,18198400
2021-06-14,33.060001,33.209999,32.924999,33.125000,28.278126,13733000
2021-06-15,33.165001,33.404999,33.070000,33.224998,28.363493,32781000
2021-06-16,33.310001,33.430000,32.709999,32.724998,27.936651,46277600
2021-06-17,32.700001,33.084999,32.605000,32.904999,28.090313,25708800
2021-06-18,32.715000,32.740002,32.000000,32.049999,27.360424,36079800
2021-06-21,31.905001,32.294998,31.725000,32.215000,27.714869,27886600
2021-06-22,32.215000,32.310001,32.005001,32.020000,27.547110,16608600
2021-06-23,32.000000,32.000000,31.584999,31.680000,27.254606,25666400
2021-06-24,31.719999,31.730000,31.510000,31.650000,27.228792,15215800
2021-06-25,31.665001,32.014999,31.629999,31.990000,27.521299,18273600
2021-06-28,32.119999,32.355000,32.075001,32.195000,27.697657,16735200
2021-06-29,32.095001,32.285000,31.580000,31.674999,27.250301,24688000
2021-06-30,31.650000,31.770000,31.495001,31.615000,27.198677,19077400
2021-07-01,31.674999,32.070000,31.549999,31.959999,27.495487,22993200
2021-07-02,32.044998,32.044998,31.850000,32.009998,27.538502,18629400
2021-07-06,32.005001,32.165001,31.639999,32.145000,27.654646,18156400
2021-07-07,32.160000,32.360001,31.980000,32.355000,27.835314,24199200
2021-07-08,32.174999,32.455002,32.125000,32.259998,27.753582,20513000
2021-07-09,32.305000,32.389999,32.035000,32.299999,27.787996,21484200
2021-07-12,32.264999,32.430000,32.110001,32.404999,27.878326,17323000
2021-07-13,32.349998,32.455002,32.044998,32.160000,27.667547,22493200
2021-07-14,32.169998,32.580002,32.020000,32.439999,27.908440,20720000
2021-07-15,32.330002,32.830002,32.320000,32.805000,28.222452,28574600
2021-07-16,32.840000,33.305000,32.805000,33.134998,28.506346,33106600
2021-07-19,33.000000,33.264999,32.240002,32.610001,28.054697,45585000
2021-07-20,32.639999,33.080002,32.639999,32.750000,28.175135,33779200
2021-07-21,32.770000,32.845001,32.365002,32.389999,27.865421,22456800
2021-07-22,32.424999,32.584999,32.334999,32.439999,27.908440,22875400
2021-07-23,32.520000,32.884998,32.459999,32.855000,28.265465,16216800
2021-07-26,32.790001,32.965000,32.634998,32.865002,28.274073,17936800
2021-07-27,32.840000,33.485001,32.650002,33.430000,28.760145,34285800
2021-07-28,33.415001,33.474998,32.930000,33.174999,28.540768,24948200
2021-07-29,33.235001,33.360001,33.075001,33.264999,28.618189,30247800
2021-07-30,33.244999,33.525002,32.910000,32.985001,28.377306,25265200
2021-08-02,33.060001,33.360001,33.020000,33.240002,28.596687,23564200
2021-08-03,33.290001,33.584999,33.134998,33.430000,28.760145,25994400
2021-08-04,33.294998,33.419998,32.965000,33.380001,28.717129,32378000
2021-08-05,33.424999,33.790001,33.340000,33.744999,29.031147,31790800
2021-08-06,33.709999,33.970001,33.630001,33.724998,29.013933,20000800
2021-08-09,33.750000,33.840000,33.529999,33.715000,29.005329,16865200
2021-08-10,33.744999,33.865002,33.595001,33.750000,29.035442,15834200
2021-08-11,33.825001,34.220001,33.825001,34.064999,29.306442,18488800
2021-08-12,34.005001,34.220001,33.990002,34.099998,29.336555,18920200
2021-08-13,34.169998,34.380001,34.099998,34.340000,29.543026,23580800
2021-08-16,34.340000,34.794998,34.305000,34.549999,29.723694,25796600
2021-08-17,34.455002,34.575001,34.224998,34.570000,29.740898,23037200
2021-08-18,34.564999,34.639999,34.279999,34.395000,29.590343,31411200
2021-08-19,34.410000,34.814999,34.375000,34.535000,29.710785,27723000
2021-08-20,34.474998,34.990002,34.294998,34.965000,30.080717,23581600
2021-08-23,34.939999,34.950001,34.450001,34.514999,29.693579,21830800
2021-08-24,34.500000,34.529999,34.060001,34.290001,29.500006,25331000
2021-08-25,34.285000,34.465000,34.090000,34.355000,29.555927,16329800
2021-08-26,34.355000,34.369999,34.195000,34.270000,29.482803,16631800
2021-08-27,34.305000,34.415001,34.195000,34.259998,29.474199,21005000
2021-08-30,34.250000,34.410000,34.134998,34.310001,29.517220,23691400
2021-08-31,34.294998,34.465000,34.125000,34.270000,29.482803,22580200
2021-09-01,34.365002,34.834999,34.320000,34.720001,29.869946,26667400
2021-09-02,34.794998,35.035000,34.759998,35.035000,30.140934,20598800
2021-09-03,34.930000,34.980000,34.660000,34.744999,29.891455,18942000
2021-09-07,34.715000,34.720001,34.224998,34.285000,29.495710,26290200
2021-09-08,34.264999,34.994999,34.185001,34.900002,30.024807,29176200
2021-09-09,34.790001,34.915001,34.680000,34.709999,29.861338,16355000
2021-09-10,34.685001,34.724998,34.215000,34.224998,29.444090,24654400
2021-09-13,34.514999,34.555000,34.064999,34.165001,29.392471,26236400
2021-09-14,34.275002,34.384998,33.965000,34.049999,29.293541,28103200
2021-09-15,34.000000,34.230000,33.814999,34.005001,29.254822,19812800
2021-09-16,34.000000,34.139999,33.669998,33.720001,29.009632,31464000
2021-09-17,33.650002,33.830002,33.169998,33.200001,28.562277,25108000
2021-09-20,32.880001,33.180000,32.529999,32.889999,28.509838,45678600
2021-09-21,32.985001,33.209999,32.779999,32.799999,28.431814,26417600
2021-09-22,32.919998,33.044998,32.654999,32.779999,28.414482,24787600
2021-09-23,32.779999,33.025002,32.575001,32.605000,28.262791,19333200
2021-09-24,32.599998,32.814999,32.490002,32.570000,28.232447,23660200
2021-09-27,32.514999,32.845001,32.139999,32.185001,27.898722,21783400
2021-09-28,32.154999,32.205002,31.684999,31.780001,27.547655,40471600
2021-09-29,31.875000,32.419998,31.790001,32.195000,27.907389,30867600
2021-09-30,32.314999,32.334999,31.895000,31.940001,27.686352,27142600
2021-10-01,32.134998,32.195000,31.830000,31.940001,27.686352,29001200
2021-10-04,31.905001,32.470001,31.889999,32.380001,28.067755,40402600
2021-10-05,32.419998,32.535000,32.259998,32.299999,27.998404,26130400
2021-10-06,32.200001,32.825001,32.009998,32.799999,28.431814,33152400
2021-10-07,32.860001,33.119999,32.590000,32.625000,28.280119,27540200
2021-10-08,32.619999,32.685001,32.360001,32.384998,28.072084,17795800
2021-10-11,32.250000,32.314999,31.900000,31.945000,27.690687,25420200
2021-10-12,31.990000,32.255001,31.905001,32.160000,27.877048,20996000
2021-10-13,32.169998,32.560001,32.000000,32.535000,28.202108,26205400
2021-10-14,32.645000,33.000000,32.564999,32.935001,28.548836,21398000
2021-10-15,32.985001,33.099998,32.785000,32.840000,28.466490,29602400
2021-10-18,32.619999,32.705002,32.349998,32.525002,28.193443,20702000
2021-10-19,32.775002,32.980000,32.685001,32.935001,28.548836,21413600
2021-10-20,33.070000,33.584999,33.035000,33.455002,28.999592,27799600
2021-10-21,33.474998,33.590000,33.410000,33.455002,28.999592,17372800
2021-10-22,33.544998,33.685001,33.470001,33.625000,29.146948,21399800
2021-10-25,33.575001,33.685001,33.400002,33.480000,29.021255,15160200
2021-10-26,33.509998,33.919998,33.455002,33.660000,29.177284,19391400
2021-10-27,33.740002,33.825001,33.400002,33.435001,28.982248,22263600
2021-10-28,33.404999,33.660000,33.365002,33.654999,29.172949,15443600
2021-10-29,33.645000,33.785000,33.290001,33.455002,28.999592,26666800
2021-11-01,33.445000,33.660000,33.340000,33.575001,29.103607,16182800
2021-11-02,33.700001,33.764999,33.365002,33.605000,29.129606,19864800
2021-11-03,33.549999,33.680000,33.209999,33.480000,29.021255,20992200
2021-11-04,33.430000,33.500000,32.950001,33.294998,28.860891,32183000
2021-11-05,33.404999,33.755001,33.369999,33.610001,29.133947,21584400
2021-11-08,33.650002,33.654999,32.950001,33.110001,28.700529,19670200
2021-11-09,33.169998,33.375000,33.064999,33.279999,28.847895,16489400
2021-11-10,33.305000,33.580002,33.285000,33.549999,29.081930,25833200
2021-11-11,33.529999,33.544998,33.169998,33.345001,28.904236,15747400
2021-11-12,33.334999,33.415001,33.180000,33.325001,28.886898,18179000
2021-11-15,33.470001,33.779999,33.400002,33.764999,29.268303,19003800
2021-11-16,33.779999,33.845001,33.584999,33.605000,29.129606,13213400
2021-11-17,33.525002,33.685001,33.355000,33.634998,29.155611,19001800
2021-11-18,33.580002,33.645000,33.345001,33.459999,29.003923,15305000
2021-11-19,33.505001,33.724998,33.415001,33.650002,29.168625,20606000
2021-11-22,33.625000,34.035000,33.535000,33.855000,29.346313,23154000
2021-11-23,33.849998,34.090000,33.685001,33.889999,29.376659,19036400
2021-11-24,33.875000,33.980000,33.700001,33.910000,29.393993,15931600
2021-11-26,33.669998,33.889999,33.294998,33.380001,28.934572,21854600
2021-11-29,33.639999,33.970001,33.369999,33.875000,29.363651,22821800
2021-11-30,33.715000,33.720001,32.855000,32.884998,28.505491,48623000
2021-12-01,33.105000,33.740002,32.924999,32.945000,28.557507,46024600
2021-12-02,33.025002,33.674999,33.025002,33.365002,28.921579,35050200
2021-12-03,33.529999,33.709999,33.040001,33.700001,29.211954,42771400
2021-12-06,33.919998,34.570000,33.904999,34.215000,29.658369,47222000
2021-12-07,34.220001,34.555000,34.130001,34.470001,29.879412,21789000
2021-12-08,34.500000,34.665001,34.250000,34.435001,29.849073,25994400
2021-12-09,34.514999,34.584999,34.154999,34.389999,29.810066,23783400
2021-12-10,34.529999,34.740002,34.395000,34.575001,29.970428,23403600
2021-12-13,34.540001,35.169998,34.540001,35.000000,30.338833,27500000
2021-12-14,34.994999,35.064999,34.625000,34.790001,30.156792,35005000
2021-12-15,34.750000,35.389999,34.750000,35.360001,30.650885,45364600
2021-12-16,35.325001,35.755001,35.294998,35.540001,30.806913,30209200
2021-12-17,35.404999,35.580002,34.930000,35.005001,30.343166,43674000
2021-12-20,34.400002,34.799999,34.119999,34.764999,30.371990,30091200
2021-12-21,34.875000,35.105000,34.529999,34.715000,30.328312,32355800
2021-12-22,34.660000,34.915001,34.610001,34.865002,30.459358,18967800
2021-12-23,34.884998,35.040001,34.825001,34.860001,30.454988,14505400
2021-12-27,34.875000,35.029999,34.770000,35.029999,30.603508,15707400
2021-12-28,35.080002,35.355000,35.055000,35.345001,30.878704,16104000
2021-12-29,35.384998,35.590000,35.325001,35.535000,31.044697,13755400
2021-12-30,35.630001,35.700001,35.404999,35.665001,31.158266,18672400
2021-12-31,35.590000,35.915001,35.520000,35.790001,31.267469,18618800
2022-01-03,35.775002,35.785000,35.029999,35.435001,30.957336,43299600
2022-01-04,35.435001,35.779999,35.314999,35.325001,30.861223,29321800
2022-01-05,35.299999,35.705002,35.270000,35.305000,30.843761,44486400
2022-01-06,35.305000,35.450001,34.900002,34.939999,30.524879,36259600
2022-01-07,34.865002,35.375000,34.650002,35.205002,30.756397,39272000
2022-01-10,35.174999,35.224998,34.805000,34.974998,30.555454,31169800
2022-01-11,34.945000,35.075001,34.430000,34.660000,30.280264,33653800
2022-01-12,34.549999,34.860001,34.450001,34.770000,30.376362,28113600
2022-01-13,34.755001,35.075001,34.735001,34.939999,30.524879,33949000
2022-01-14,34.939999,35.005001,34.525002,34.700001,30.315208,32547200
2022-01-18,34.445000,34.505001,34.014999,34.285000,29.952650,35534800
2022-01-19,34.294998,34.744999,34.285000,34.439999,30.088070,32051200
2022-01-20,34.544998,34.985001,34.445000,34.485001,30.127378,29529600
2022-01-21,34.654999,34.834999,34.355000,34.419998,30.070585,48542600
2022-01-24,34.380001,34.490002,33.215000,34.090000,29.782288,57602000
2022-01-25,33.560001,33.959999,33.400002,33.555000,29.314890,52218600
2022-01-26,33.619999,33.985001,33.095001,33.279999,29.074644,49234200
2022-01-27,33.590000,33.994999,33.410000,33.575001,29.332369,44982000
2022-01-28,33.485001,34.009998,33.230000,33.980000,29.686182,50050400
2022-01-31,33.779999,34.654999,33.709999,34.625000,30.249681,52580000
2022-02-01,34.529999,34.715000,33.845001,34.165001,29.847813,41020200
2022-02-02,34.139999,34.720001,34.080002,34.669998,30.288996,45723800
2022-02-03,34.570000,34.730000,34.419998,34.514999,30.153585,34289800
2022-02-04,34.215000,34.544998,33.895000,34.240002,29.913332,37029200
2022-02-07,34.180000,34.330002,33.980000,34.189999,29.869648,27543600
2022-02-08,34.330002,34.439999,34.130001,34.215000,29.891493,38853200
2022-02-09,34.459999,34.540001,34.259998,34.365002,30.022539,35231800
2022-02-10,34.025002,34.189999,33.424999,33.494999,29.262478,45060000
2022-02-11,33.639999,33.889999,33.369999,33.514999,29.279945,36059800
2022-02-14,33.625000,33.680000,32.910000,33.230000,29.030964,37112200
2022-02-15,33.435001,33.564999,32.924999,33.075001,28.895544,34174400
2022-02-16,33.119999,33.290001,32.825001,33.150002,28.961069,32184600
2022-02-17,33.000000,33.330002,32.764999,33.169998,28.978542,29159800
2022-02-18,33.060001,33.384998,32.959999,33.110001,28.926119,33686800
2022-02-22,33.230000,33.310001,32.849998,33.075001,28.895544,34421400
2022-02-23,33.134998,33.235001,32.480000,32.514999,28.406307,34583600
2022-02-24,32.305000,32.840000,32.139999,32.775002,28.633455,57320000
2022-02-25,33.064999,33.830002,32.990002,33.790001,29.520205,42528000
2022-02-28,33.584999,34.014999,33.544998,33.965000,29.673088,36705200
2022-03-01,33.895000,34.189999,33.415001,33.669998,29.415354,33464600
2022-03-02,33.685001,34.205002,33.665001,34.080002,29.773560,29259800
2022-03-03,34.215000,34.849998,34.185001,34.680000,30.297733,41471200
2022-03-04,34.590000,35.474998,34.520000,35.445000,30.966068,48683600
2022-03-07,35.525002,35.985001,35.224998,35.904999,31.367943,61944000
2022-03-08,36.000000,36.185001,35.334999,35.349998,30.883070,53129800
2022-03-09,35.605000,35.654999,35.035000,35.099998,30.664654,50953800
2022-03-10,34.834999,35.404999,34.810001,35.334999,30.869972,34039800
2022-03-11,35.389999,35.625000,35.180000,35.215000,30.765125,24988400
2022-03-14,35.439999,35.619999,34.994999,35.174999,30.730185,41004600
2022-03-15,35.514999,35.700001,35.310001,35.625000,31.123323,29004400
2022-03-16,35.580002,35.735001,35.055000,35.560001,31.066542,40011800
2022-03-17,35.580002,35.965000,35.509998,35.709999,31.197580,31830000
2022-03-18,35.709999,35.869999,35.325001,35.404999,30.931118,37038000
2022-03-21,35.220001,35.570000,35.209999,35.404999,31.137800,36294400
2022-03-22,35.540001,35.540001,35.174999,35.455002,31.181778,29286400
2022-03-23,35.419998,35.709999,35.244999,35.505001,31.225744,27990000
2022-03-24,35.580002,35.915001,35.509998,35.869999,31.546753,26591400
2022-03-25,36.000000,36.404999,35.915001,36.389999,32.004078,28922000
2022-03-28,36.424999,36.625000,36.209999,36.625000,32.210751,30959800
2022-03-29,36.610001,36.965000,36.544998,36.965000,32.509769,38114600
2022-03-30,37.000000,37.279999,36.889999,37.270000,32.778019,35229200
2022-03-31,37.244999,37.570000,37.209999,37.230000,32.742836,35701200
2022-04-01,37.200001,37.775002,36.980000,37.750000,33.200169,38013800
2022-04-04,37.595001,37.595001,37.075001,37.459999,32.945114,28391000
2022-04-05,37.474998,38.125000,37.470001,37.695000,33.151794,38140600
2022-04-06,37.814999,38.470001,37.645000,38.445000,33.811398,56489200
2022-04-07,38.430000,38.445000,38.000000,38.349998,33.727856,42033800
2022-04-08,38.490002,38.615002,38.154999,38.480000,33.842178,34388600
2022-04-11,38.505001,38.555000,37.900002,37.955002,33.380466,46335800
2022-04-12,37.849998,38.299999,37.715000,38.099998,33.507984,45313800
2022-04-13,38.105000,38.205002,37.775002,38.025002,33.442017,35313000
2022-04-14,38.099998,38.299999,37.990002,38.044998,33.459614,28427000
2022-04-18,38.090000,38.305000,37.660000,37.840000,33.279324,29878000
2022-04-19,37.950001,38.160000,37.840000,38.084999,33.494785,33030400
2022-04-20,38.490002,38.584999,38.279999,38.395000,33.767426,36652400
2022-04-21,38.270000,38.380001,37.730000,37.759998,33.208969,36817000
2022-04-22,37.709999,37.750000,37.099998,37.125000,32.650494,54683400
2022-04-25,37.255001,37.275002,36.259998,36.869999,32.426231,59671800
2022-04-26,36.740002,37.195000,36.485001,36.500000,32.100826,41106200
2022-04-27,36.525002,36.865002,36.205002,36.325001,31.946913,49067800
2022-04-28,36.500000,36.860001,36.310001,36.730000,32.303104,39902600
2022-04-29,36.570000,36.634998,35.575001,35.630001,31.335676,54338200
2022-05-02,35.799999,35.965000,34.820000,35.264999,31.014673,65832200
2022-05-03,35.395000,35.980000,35.235001,35.400002,31.133410,42152800
2022-05-04,35.619999,36.255001,35.470001,36.189999,31.828188,56580200
2022-05-05,35.950001,36.250000,35.500000,35.820000,31.502781,54849200
2022-05-06,35.610001,36.220001,35.599998,36.105000,31.753431,55359800
2022-05-09,35.884998,36.200001,35.535000,35.834999,31.515970,51419400
2022-05-10,35.884998,36.375000,34.980000,35.400002,31.133410,65578400
2022-05-11,35.375000,36.250000,35.345001,35.654999,31.357660,72101800
2022-05-12,35.615002,35.705002,34.919998,35.294998,31.041052,49892000
2022-05-13,35.605000,35.770000,35.145000,35.715000,31.410433,30208800
2022-05-16,35.730000,35.980000,35.580002,35.825001,31.507175,23213600
2022-05-17,35.994999,36.200001,35.439999,36.195000,31.832592,29901800
2022-05-18,36.255001,36.330002,35.750000,35.845001,31.524761,37456600
2022-05-19,35.680000,35.930000,35.264999,35.770000,31.458811,36552200
2022-05-20,35.865002,35.970001,35.375000,35.869999,31.546753,31358000
2022-05-23,36.279999,36.465000,35.939999,36.299999,31.924932,27082200
2022-05-24,36.369999,37.095001,36.095001,37.025002,32.562546,32311400
2022-05-25,37.064999,37.119999,36.759998,37.000000,32.540558,27723800
2022-05-26,37.230000,37.375000,37.075001,37.105000,32.632896,23290000
2022-05-27,37.075001,37.685001,36.915001,37.685001,33.142990,23241200
2022-05-31,37.334999,37.474998,37.005001,37.165001,32.685684,31041000
2022-06-01,37.299999,37.299999,36.764999,37.105000,32.632896,22422200
2022-06-02,37.285000,37.389999,36.529999,37.355000,32.852764,25038200
2022-06-03,37.200001,37.404999,37.105000,37.174999,32.694469,17691200
2022-06-06,37.509998,37.630001,37.294998,37.340000,32.839581,20345800
2022-06-07,37.244999,37.599998,37.014999,37.564999,33.037468,19820000
2022-06-08,37.400002,37.400002,36.775002,36.830002,32.391052,19971400
2022-06-09,36.810001,36.985001,35.919998,35.945000,31.612709,25767600
2022-06-10,35.590000,35.990002,35.369999,35.669998,31.370859,32800600
2022-06-13,35.215000,35.294998,33.860001,34.029999,29.928518,52721400
2022-06-14,34.070000,34.195000,32.794998,33.169998,29.172171,51342600
2022-06-15,33.465000,33.895000,32.980000,33.384998,29.361261,51664800
2022-06-16,32.970001,32.970001,32.480000,32.740002,28.793995,48754400
2022-06-17,32.790001,33.020000,32.165001,32.435001,28.525757,43129400
2022-06-21,32.290001,32.970001,32.209999,32.790001,29.068750,37266400
2022-06-22,32.615002,33.380001,32.605000,33.134998,29.374588,28582200
2022-06-23,33.330002,33.974998,33.285000,33.915001,30.066080,41140200
2022-06-24,34.095001,34.575001,33.959999,34.505001,30.589117,30075200
2022-06-27,34.430000,34.865002,34.294998,34.785000,30.837330,23276800
2022-06-28,34.900002,35.169998,34.610001,34.654999,30.722094,26371800
2022-06-29,34.709999,34.814999,34.459999,34.680000,30.744257,30329400
2022-06-30,34.465000,35.325001,34.419998,35.064999,31.085566,37737800
2022-07-01,35.244999,35.985001,35.105000,35.924999,31.847971,34255800
2022-07-05,35.845001,35.869999,34.154999,34.700001,30.761992,44053600
2022-07-06,34.869999,35.380001,34.595001,35.060001,31.081137,28518200
2022-07-07,35.240002,35.355000,34.985001,35.025002,31.050112,16799400
2022-07-08,34.990002,35.064999,34.794998,34.910000,30.948153,12564600
2022-07-11,34.775002,35.195000,34.695000,35.130001,31.143181,13232800
2022-07-12,34.924999,35.404999,34.814999,34.959999,30.992477,19140800
2022-07-13,34.634998,35.189999,34.605000,34.814999,30.863934,38159200
2022-07-14,34.255001,34.865002,34.174999,34.814999,30.863934,18925000
2022-07-15,34.849998,34.930000,34.279999,34.880001,30.921555,17484200
2022-07-18,34.799999,34.849998,34.380001,34.395000,30.491596,15422000
2022-07-19,34.619999,34.805000,34.500000,34.615002,30.686640,22715400
2022-07-20,34.674999,34.689999,34.110001,34.154999,30.278837,34085200
2022-07-21,34.250000,34.259998,33.924999,34.244999,30.358625,26029400
2022-07-22,34.520000,34.849998,34.439999,34.715000,30.775282,19543000
2022-07-25,34.660000,35.160000,34.564999,35.150002,31.160925,17292000
2022-07-26,35.119999,35.470001,35.080002,35.360001,31.347086,17934400
2022-07-27,35.195000,35.485001,35.095001,35.389999,31.373682,20684200
2022-07-28,36.014999,36.735001,35.985001,36.660000,32.499550,29715600
2022-07-29,36.590000,37.130001,36.584999,36.974998,32.778797,24547600
2022-08-01,36.860001,37.044998,36.625000,37.014999,32.814262,23148800
2022-08-02,37.180000,37.395000,36.910000,36.939999,32.747776,22916600
2022-08-03,36.884998,37.259998,36.310001,37.169998,32.951672,21960400
2022-08-04,37.189999,37.520000,37.070000,37.250000,33.022598,17328200
2022-08-05,37.150002,37.320000,36.764999,37.115002,32.902916,22050200
2022-08-08,37.435001,37.610001,36.994999,37.169998,32.951672,16899000
2022-08-09,37.285000,37.654999,37.259998,37.584999,33.319584,16213600
2022-08-10,37.755001,37.834999,37.474998,37.750000,33.465851,15778600
2022-08-11,37.805000,38.125000,37.634998,37.744999,33.461422,16048200
2022-08-12,38.000000,38.365002,37.924999,38.360001,34.006622,15798800
2022-08-15,38.285000,38.720001,38.215000,38.680000,34.290310,15571000
2022-08-16,38.595001,38.930000,38.555000,38.790001,34.387825,15577600
2022-08-17,38.630001,38.895000,38.599998,38.724998,34.330200,21286000
2022-08-18,38.759998,38.990002,38.735001,38.869999,34.458744,16559000
2022-08-19,38.820000,39.025002,38.674999,38.849998,34.441013,17286600
2022-08-22,38.665001,38.735001,38.220001,38.320000,33.971165,26453000
2022-08-23,38.250000,38.334999,37.935001,38.090000,33.767262,15747000
2022-08-24,38.040001,38.259998,37.945000,38.209999,33.873653,15002200
2022-08-25,38.299999,38.445000,38.009998,38.445000,34.081970,14601800
2022-08-26,38.459999,38.590000,37.820000,37.855000,33.558933,17732400
2022-08-29,37.660000,38.250000,37.439999,37.970001,33.660885,22477400
2022-08-30,37.959999,37.990002,37.275002,37.415001,33.168865,20560600
2022-08-31,37.435001,37.665001,37.154999,37.169998,32.951672,22012800
2022-09-01,37.025002,37.759998,37.025002,37.705002,33.425968,28160000
2022-09-02,37.799999,38.154999,37.189999,37.299999,33.066921,25536800
2022-09-06,37.509998,37.915001,37.299999,37.395000,33.151134,32900400
2022-09-07,37.575001,38.619999,37.535000,38.564999,34.188351,31509800
2022-09-08,38.419998,38.790001,38.330002,38.535000,34.161766,25150600
2022-09-09,38.764999,38.910000,38.424999,38.689999,34.299168,21181400
2022-09-12,38.794998,39.110001,38.674999,39.060001,34.627186,22680600
2022-09-13,38.665001,38.825001,37.834999,38.020000,33.705204,35156200
2022-09-14,38.035000,38.544998,37.994999,38.330002,33.980034,22297400
2022-09-15,38.025002,38.025002,37.279999,37.375000,33.133404,36110000
2022-09-16,37.240002,37.525002,37.169998,37.235001,33.009300,32222400
2022-09-19,36.869999,37.485001,36.770000,37.480000,33.451534,21462800
2022-09-20,37.235001,37.235001,36.665001,36.935001,32.965107,23408400
2022-09-21,37.174999,37.424999,36.415001,36.430000,32.514393,30461200
2022-09-22,36.400002,36.544998,36.110001,36.299999,32.398365,34700800
2022-09-23,35.945000,35.994999,35.419998,35.880001,32.023506,32420600
2022-09-26,35.790001,35.834999,34.665001,35.014999,31.251480,35939000
2022-09-27,35.244999,35.299999,34.255001,34.424999,30.724892,38286000
2022-09-28,34.825001,35.009998,34.369999,34.794998,31.055128,45882600
2022-09-29,34.615002,34.695000,33.330002,33.400002,29.810074,40662000
2022-09-30,33.560001,33.689999,32.685001,32.755001,29.234394,45553000
2022-10-03,33.290001,33.900002,33.060001,33.715000,30.091215,50894000
2022-10-04,33.950001,34.459999,33.740002,34.430000,30.729359,33993000
2022-10-05,33.990002,33.990002,33.290001,33.665001,30.046583,34411400
2022-10-06,33.520000,33.575001,32.520000,32.555000,29.055893,51342000
2022-10-07,32.459999,32.580002,31.660000,31.879999,28.453440,42166800
2022-10-10,31.945000,32.314999,31.889999,31.934999,28.502529,33035600
2022-10-11,31.815001,32.235001,31.650000,31.820000,28.399891,34320000
2022-10-12,31.770000,31.830000,30.740000,30.760000,27.453821,41833000
2022-10-13,30.295000,31.655001,30.174999,31.530001,28.141064,61429800
2022-10-14,31.855000,32.084999,30.920000,31.075001,27.734968,39305800
2022-10-17,31.500000,32.025002,31.500000,31.725000,28.315104,28247400
2022-10-18,32.355000,32.480000,31.985001,32.305000,28.832764,32083800
2022-10-19,31.885000,32.099998,31.610001,31.885000,28.457901,25686800
2022-10-20,31.895000,31.895000,30.930000,31.080000,27.739433,31037000
2022-10-21,31.195000,31.889999,30.980000,31.655001,28.252628,31087200
2022-10-24,31.825001,32.169998,31.575001,31.920000,28.489145,20061000
2022-10-25,32.025002,32.645000,31.950001,32.560001,29.060356,28403600
2022-10-26,32.735001,32.900002,32.404999,32.544998,29.046965,27068800
2022-10-27,32.779999,33.174999,32.709999,32.805000,29.279026,24514600
2022-10-28,32.939999,33.775002,32.895000,33.705002,30.082291,27185800
2022-10-31,33.619999,33.759998,33.189999,33.389999,29.801138,21789600
2022-11-01,33.590000,33.715000,33.255001,33.520000,29.917168,21479000
2022-11-02,33.410000,34.105000,33.180000,33.195000,29.627102,42680400
2022-11-03,32.880001,33.634998,32.700001,33.340000,29.756517,28656400
2022-11-04,33.410000,33.680000,32.959999,33.544998,29.939486,24298400
2022-11-07,33.480000,33.535000,32.384998,32.904999,29.368267,28592800
2022-11-08,32.950001,33.340000,32.845001,33.134998,29.573545,24827800
2022-11-09,33.000000,33.255001,32.810001,32.875000,29.341497,25781800
2022-11-10,33.865002,34.485001,33.365002,34.424999,30.724892,35830400
2022-11-11,34.424999,34.514999,33.715000,34.040001,30.381281,30624000
2022-11-14,34.060001,34.244999,33.619999,33.634998,30.019806,20490600
2022-11-15,33.990002,34.240002,33.595001,34.005001,30.350037,27241600
2022-11-16,34.020000,34.485001,34.020000,34.310001,30.622257,26462200
2022-11-17,33.935001,34.029999,33.544998,33.709999,30.086746,23247200
2022-11-18,34.025002,34.459999,34.009998,34.424999,30.724892,23483000
2022-11-21,34.369999,34.680000,34.345001,34.580002,30.863241,22876400
2022-11-22,34.744999,35.090000,34.654999,34.875000,31.126532,14904800
2022-11-23,34.775002,35.279999,34.775002,35.264999,31.474611,14333400
2022-11-25,35.395000,35.580002,35.369999,35.470001,31.657574,8983000
2022-11-28,35.224998,35.360001,34.955002,35.105000,31.331808,18262600
2022-11-29,34.889999,34.919998,34.639999,34.845001,31.099754,19004400
2022-11-30,34.779999,35.790001,34.744999,35.715000,31.876251,32946400
2022-12-01,36.064999,36.255001,35.595001,35.685001,31.849468,30706200
2022-12-02,35.305000,35.610001,35.160000,35.514999,31.697744,20708200
2022-12-05,35.244999,35.450001,35.180000,35.314999,31.519239,22903000
2022-12-06,35.264999,35.555000,35.130001,35.535000,31.715597,25649600
2022-12-07,35.564999,35.805000,35.240002,35.369999,31.568325,28297800
2022-12-08,35.375000,35.730000,35.244999,35.599998,31.773605,19920000
2022-12-09,35.474998,35.724998,35.380001,35.415001,31.608484,23837200
2022-12-12,35.605000,36.235001,35.470001,36.224998,32.331429,22763800
2022-12-13,36.735001,36.895000,35.939999,36.334999,32.429600,27388400
2022-12-14,36.459999,36.845001,36.025002,36.290001,32.389446,26637400
2022-12-15,36.150002,36.209999,35.680000,35.849998,31.996729,26308000
2022-12-16,35.580002,35.580002,34.799999,35.240002,31.452295,39263400
2022-12-19,34.775002,35.150002,34.590000,34.814999,31.327223,19664600
2022-12-20,34.794998,35.014999,34.570000,34.825001,31.336222,15964000
2022-12-21,35.035000,35.325001,34.919998,35.310001,31.772635,16484800
2022-12-22,35.255001,35.255001,34.514999,35.095001,31.579178,14103800
2022-12-23,35.029999,35.480000,35.025002,35.455002,31.903109,11349400
2022-12-27,35.535000,35.750000,35.310001,35.674999,32.101063,12211400
2022-12-28,35.755001,35.904999,35.279999,35.334999,31.795130,14431200
2022-12-29,35.509998,35.790001,35.485001,35.590000,32.024593,11555200
2022-12-30,35.555000,35.615002,34.919998,35.250000,31.718643,14700200
2023-01-03,35.349998,35.470001,34.770000,35.250000,31.718643,25774200
2023-01-04,35.410000,35.889999,35.355000,35.570000,32.006588,20872600
2023-01-05,35.299999,35.435001,34.695000,34.799999,31.313728,19572800
2023-01-06,35.195000,35.669998,35.145000,35.500000,31.943600,19620400
2023-01-09,35.494999,36.009998,35.389999,35.740002,32.159557,23438800
2023-01-10,35.645000,35.770000,35.330002,35.750000,32.168552,17215000
2023-01-11,35.750000,36.090000,35.744999,36.040001,32.429504,21371800
2023-01-12,36.084999,36.134998,35.764999,35.794998,32.209042,25797800
2023-01-13,35.645000,35.785000,35.400002,35.665001,32.092068,23793600
2023-01-17,35.689999,35.945000,35.555000,35.615002,32.047085,19530400
2023-01-18,35.770000,35.770000,34.715000,34.759998,31.277731,29020400
2023-01-19,34.744999,34.779999,34.325001,34.410000,30.962791,28394000
2023-01-20,34.389999,34.630001,33.919998,34.615002,31.147264,26621000
2023-01-23,34.494999,34.959999,34.345001,34.625000,31.156263,19652600
2023-01-24,34.660000,34.904999,34.215000,34.799999,31.313728,20658800
2023-01-25,34.290001,34.410000,33.980000,34.330002,30.890812,25983000
2023-01-26,34.150002,34.500000,34.084999,34.445000,30.994293,20360000
2023-01-27,34.369999,34.595001,34.235001,34.445000,30.994293,15425800
2023-01-30,34.320000,34.680000,34.264999,34.290001,30.854818,15561000
2023-01-31,34.384998,34.555000,33.980000,34.544998,31.084270,19442400
2023-02-01,34.380001,34.849998,34.134998,34.605000,31.138262,30944600
2023-02-02,34.625000,35.064999,34.355000,34.680000,31.205744,24997000
2023-02-03,34.369999,34.505001,33.500000,33.955002,30.553377,25362200
2023-02-06,33.830002,34.275002,33.770000,34.244999,30.814329,31414200
2023-02-07,34.090000,34.340000,33.755001,34.230000,30.800829,21124400
2023-02-08,34.029999,34.044998,33.485001,33.654999,30.283430,22471400
2023-02-09,33.735001,33.919998,33.139999,33.195000,29.869518,20715200
2023-02-10,33.230000,33.884998,33.189999,33.855000,30.463398,30963400
2023-02-13,33.869999,34.145000,33.869999,34.060001,30.647860,16183800
2023-02-14,34.025002,34.259998,33.735001,33.915001,30.517389,14150400
2023-02-15,33.720001,34.160000,33.720001,34.134998,30.715345,11020000
2023-02-16,33.799999,34.035000,33.514999,33.875000,30.481392,18399600
2023-02-17,33.884998,34.400002,33.705002,34.240002,30.809830,21873200
2023-02-21,33.990002,34.084999,33.575001,33.599998,30.233940,16969000
2023-02-22,33.595001,33.855000,33.380001,33.470001,30.116970,26750200
2023-02-23,33.619999,33.619999,33.150002,33.294998,29.959497,21406600
2023-02-24,33.005001,33.424999,32.869999,33.305000,29.968494,23150400
2023-02-27,33.470001,33.790001,33.009998,33.080002,29.766041,21720600
2023-02-28,32.930000,33.090000,32.500000,32.500000,29.244143,41151800
2023-03-01,32.330002,32.360001,31.815001,31.965000,28.762743,47276000
2023-03-02,31.920000,32.590000,31.875000,32.570000,29.307129,30688600
2023-03-03,32.700001,33.145000,32.380001,33.125000,29.806526,30175200
2023-03-06,33.145000,33.384998,33.099998,33.285000,29.950500,24243200
2023-03-07,33.314999,33.400002,32.580002,32.740002,29.460096,24055200
2023-03-08,32.730000,33.055000,32.605000,32.990002,29.685057,27407400
2023-03-09,33.080002,33.384998,32.615002,32.724998,29.446598,34067200
2023-03-10,32.884998,32.884998,32.044998,32.209999,28.983196,41666400
2023-03-13,32.169998,33.424999,32.125000,32.705002,29.428602,67671200
2023-03-14,32.950001,33.404999,32.810001,33.134998,29.815521,35118400
2023-03-15,33.040001,33.799999,32.880001,33.584999,30.220444,48336800
2023-03-16,33.459999,34.005001,33.330002,33.810001,30.422909,31646800
2023-03-17,33.730000,33.799999,33.235001,33.485001,30.130465,35814600
2023-03-20,33.290001,33.610001,33.279999,33.500000,30.366138,38838000
2023-03-21,33.555000,33.595001,32.384998,32.825001,29.754288,51865000
2023-03-22,32.779999,32.955002,32.165001,32.180000,29.169626,35793200
2023-03-23,32.189999,32.500000,31.690001,31.850000,28.870495,33769000
2023-03-24,31.885000,32.855000,31.855000,32.845001,29.772415,36112000
2023-03-27,32.945000,33.180000,32.794998,32.884998,29.808674,28273800
2023-03-28,32.805000,33.325001,32.805000,32.974998,29.890249,22038800
2023-03-29,33.150002,33.509998,33.150002,33.455002,30.325357,19807800
2023-03-30,33.535000,33.764999,33.410000,33.599998,30.456787,20585600
2023-03-31,33.709999,33.860001,33.514999,33.845001,30.678871,23444000
2023-04-03,33.720001,33.865002,33.424999,33.615002,30.470381,24071400
2023-04-04,33.595001,33.845001,33.505001,33.785000,30.624477,21613800
2023-04-05,33.930000,34.755001,33.924999,34.660000,31.417631,37674400
2023-04-06,34.939999,34.980000,34.549999,34.904999,31.639698,33350400
2023-04-10,34.705002,34.845001,34.360001,34.834999,31.576254,20463000
2023-04-11,34.785000,34.965000,34.695000,34.865002,31.603455,17274000
2023-04-12,34.930000,35.080002,34.705002,34.830002,31.571728,25109200
2023-04-13,34.674999,34.930000,34.174999,34.834999,31.576254,32892400
2023-04-14,34.580002,34.650002,34.285000,34.445000,31.222736,18129400
2023-04-17,34.505001,34.695000,34.290001,34.634998,31.394962,15613800
2023-04-18,34.650002,34.720001,34.325001,34.455002,31.231808,15566200
2023-04-19,34.540001,34.825001,34.490002,34.720001,31.472012,20634600
2023-04-20,34.750000,34.845001,34.505001,34.709999,31.462944,14737400
2023-04-21,34.935001,35.055000,34.605000,34.810001,31.553595,14075600
2023-04-24,34.799999,35.044998,34.590000,34.985001,31.712223,13579000
2023-04-25,34.855000,35.139999,34.845001,34.950001,31.680498,20503200
2023-04-26,34.680000,34.790001,34.090000,34.130001,30.937208,29513800
2023-04-27,34.230000,34.570000,34.200001,34.540001,31.308849,24933400
2023-04-28,34.439999,34.695000,34.275002,34.490002,31.263533,24246800
2023-05-01,34.410000,34.884998,34.380001,34.549999,31.317917,21016200
2023-05-02,34.520000,34.610001,33.935001,34.130001,30.937208,22931000
2023-05-03,34.320000,34.525002,33.994999,34.035000,30.851091,23714400
2023-05-04,34.095001,34.430000,33.775002,34.294998,31.086765,29262200
2023-05-05,34.180000,34.599998,34.180000,34.514999,31.286184,22833200
2023-05-08,34.480000,34.730000,34.294998,34.410000,31.191013,16573400
2023-05-09,34.330002,34.455002,34.119999,34.365002,31.150227,20562200
2023-05-10,34.580002,34.770000,34.330002,34.680000,31.435755,21416600
2023-05-11,34.700001,34.709999,34.165001,34.325001,31.113966,29748200
2023-05-12,34.514999,34.735001,34.310001,34.514999,31.286184,23748200
2023-05-15,34.645000,34.695000,33.939999,34.080002,30.891880,26370200
2023-05-16,34.040001,34.105000,33.305000,33.325001,30.207514,28008000
2023-05-17,33.430000,33.439999,33.064999,33.205002,30.098745,34176600
2023-05-18,33.049999,33.139999,32.814999,33.105000,30.008087,32335600
2023-05-19,33.259998,33.445000,33.035000,33.055000,29.962772,24945000
2023-05-22,33.139999,33.310001,32.945000,33.064999,29.971832,18989400
2023-05-23,32.939999,33.275002,32.860001,32.950001,29.867596,24128000
2023-05-24,32.904999,33.025002,32.680000,32.735001,29.672707,23127600
2023-05-25,32.674999,32.689999,32.064999,32.294998,29.273859,32252200
2023-05-26,32.244999,32.320000,31.965000,32.294998,29.273859,33187800
2023-05-30,32.349998,32.514999,32.119999,32.169998,29.160555,31165800
2023-05-31,32.185001,32.610001,31.980000,32.465000,29.427963,34266200
2023-06-01,32.525002,32.570000,32.025002,32.224998,29.210413,37306400
2023-06-02,32.060001,32.685001,31.985001,32.560001,29.514080,46091600
2023-06-05,32.630001,33.070000,32.560001,32.715000,29.654573,24089000
2023-06-06,32.865002,32.919998,32.599998,32.689999,29.631914,25723200
2023-06-07,32.715000,33.325001,32.514999,33.244999,30.134993,38529600
2023-06-08,33.235001,33.439999,32.985001,33.389999,30.266428,29318200
2023-06-09,33.400002,33.424999,33.174999,33.195000,30.089670,26632600
2023-06-12,33.220001,33.310001,33.000000,33.134998,30.035280,22967400
2023-06-13,32.935001,33.244999,32.880001,33.130001,30.030754,23737200
2023-06-14,33.250000,33.505001,33.044998,33.110001,30.012621,28047200
2023-06-15,33.235001,33.549999,33.165001,33.470001,30.338949,27402400
2023-06-16,33.549999,33.919998,33.525002,33.650002,30.502106,27370800
2023-06-20,33.285000,33.355000,32.955002,32.990002,30.144377,25850800
2023-06-21,32.875000,33.290001,32.514999,33.255001,30.386522,21445400
2023-06-22,33.380001,33.445000,32.904999,33.000000,30.153515,20000800
2023-06-23,33.095001,33.209999,32.470001,32.514999,29.710346,25439200
2023-06-26,32.570000,32.935001,32.445000,32.834999,30.002752,20535200
2023-06-27,32.860001,32.959999,32.740002,32.845001,30.011883,17020800
2023-06-28,32.834999,32.834999,32.275002,32.360001,29.568726,29447600
2023-06-29,32.105000,32.540001,32.035000,32.360001,29.568726,29307800
2023-06-30,32.404999,32.755001,32.389999,32.720001,29.897669,27858600
2023-07-03,32.650002,32.980000,32.540001,32.965000,30.121536,16329200
2023-07-05,32.849998,33.590000,32.805000,33.340000,30.464195,38338000
2023-07-06,33.075001,33.169998,32.755001,32.935001,30.094124,30845600
2023-07-07,32.720001,32.924999,32.610001,32.695000,29.874826,25787600
2023-07-10,32.639999,32.750000,32.294998,32.555000,29.746902,24820200
2023-07-11,32.619999,32.970001,32.500000,32.959999,30.116966,22871800
2023-07-12,33.060001,33.480000,33.000000,33.439999,30.555565,26655000
2023-07-13,33.439999,33.564999,33.320000,33.555000,30.660645,19835400
2023-07-14,33.470001,33.570000,33.235001,33.424999,30.541862,20285600
2023-07-17,33.314999,33.389999,33.025002,33.040001,30.190065,21260800
2023-07-18,33.009998,33.294998,32.494999,32.785000,29.957066,36264600
2023-07-19,32.810001,33.314999,32.810001,33.119999,30.263161,27154000
2023-07-20,33.209999,33.775002,33.040001,33.724998,30.815979,33329000
2023-07-21,33.860001,34.365002,33.799999,34.230000,31.277424,36746000
2023-07-24,34.279999,34.340000,33.980000,34.139999,31.195183,26484600
2023-07-25,34.099998,34.305000,33.994999,34.200001,31.250013,16701600
2023-07-26,34.110001,34.580002,34.040001,34.200001,31.250013,23158200
2023-07-27,34.064999,34.209999,33.525002,33.595001,30.697199,32130200
2023-07-28,33.814999,33.950001,33.355000,33.520000,30.628666,26432200
2023-07-31,33.654999,33.790001,33.380001,33.535000,30.642366,25047000
2023-08-01,33.494999,33.669998,33.105000,33.125000,30.267731,26919600
2023-08-02,32.990002,33.279999,32.935001,33.125000,30.267731,30335000
2023-08-03,33.025002,33.049999,32.340000,32.369999,29.577856,41266400
2023-08-04,32.455002,32.665001,31.855000,31.995001,29.235203,36497800
2023-08-07,32.115002,32.264999,31.980000,31.990000,29.230637,25131800
2023-08-08,31.985001,32.154999,31.690001,32.139999,29.367701,30350200
2023-08-09,32.125000,32.494999,32.070000,32.209999,29.431662,26387400
2023-08-10,32.340000,32.535000,32.014999,32.110001,29.340282,27384400
2023-08-11,32.139999,32.330002,32.040001,32.285000,29.500195,24336200
2023-08-14,32.264999,32.285000,31.889999,32.029999,29.267181,21549600
2023-08-15,31.844999,31.860001,31.490000,31.510000,28.792038,30379000
2023-08-16,31.645000,31.790001,31.525000,31.650000,28.919962,25028400
2023-08-17,31.684999,31.995001,31.565001,31.580000,28.856005,23752800
2023-08-18,31.575001,31.820000,31.545000,31.745001,29.006771,25675600
2023-08-21,31.650000,31.735001,31.295000,31.545000,28.824020,24162000
2023-08-22,31.525000,31.725000,31.405001,31.635000,28.906260,27057800
2023-08-23,31.805000,31.840000,31.540001,31.760000,29.020477,26772000
2023-08-24,31.705000,32.139999,31.545000,31.575001,28.851435,25933800
2023-08-25,31.620001,31.975000,31.600000,31.815001,29.070732,24981000
2023-08-28,31.870001,32.044998,31.745001,31.809999,29.066160,17326400
2023-08-29,31.850000,32.025002,31.719999,31.930000,29.175812,23746200
2023-08-30,31.825001,32.035000,31.665001,31.785000,29.043320,22480800
2023-08-31,31.910000,31.940001,31.469999,31.480000,28.764624,27542200
2023-09-01,31.645000,31.754999,31.075001,31.320000,28.618429,28775400
2023-09-05,31.299999,31.320000,30.670000,30.840000,28.179832,37650600
2023-09-06,30.885000,30.945000,30.709999,30.910000,28.243790,38940200
2023-09-07,31.174999,31.565001,31.094999,31.315001,28.613861,33748600
2023-09-08,31.370001,31.645000,31.270000,31.590000,28.865139,32521400
2023-09-11,31.555000,31.885000,31.545000,31.719999,28.983923,27023600
2023-09-12,31.715000,31.850000,31.504999,31.760000,29.020477,22094800
2023-09-13,31.775000,32.285000,31.775000,32.139999,29.367701,30120800
2023-09-14,32.340000,32.630001,32.294998,32.610001,29.797153,26201000
2023-09-15,32.555000,32.805000,32.435001,32.470001,29.669235,34802000
2023-09-18,32.230000,32.290001,31.959999,32.185001,29.647123,19135000
2023-09-19,32.160000,32.275002,32.000000,32.009998,29.485922,24889000
2023-09-20,32.139999,32.375000,31.945000,32.040001,29.513559,18736000
2023-09-21,32.014999,32.075001,31.690001,31.705000,29.204975,25628600
2023-09-22,31.565001,31.855000,31.434999,31.645000,29.149708,24595400
2023-09-25,31.459999,31.625000,31.270000,31.600000,29.108253,24729800
2023-09-26,31.469999,31.504999,30.570000,30.655001,28.237768,46833400
2023-09-27,30.594999,30.670000,29.985001,30.065001,27.694292,52042200
2023-09-28,30.180000,30.240000,29.370001,29.415001,27.095547,77189800
2023-09-29,29.670000,29.910000,29.305000,29.465000,27.141602,45737800
2023-10-02,29.295000,29.295000,27.760000,28.094999,25.879631,111645400
2023-10-03,27.875000,28.514999,27.465000,28.420000,26.179003,115236400
2023-10-04,28.565001,28.620001,27.945000,28.389999,26.151367,58997200
2023-10-05,28.315001,28.400000,27.950001,28.225000,25.999382,56290000
2023-10-06,27.875000,28.695000,27.385000,28.625000,26.367842,68207400
2023-10-09,28.575001,28.910000,28.455000,28.910000,26.630367,40487600
2023-10-10,28.910000,29.320000,28.910000,29.305000,26.994219,61414400
2023-10-11,29.469999,29.805000,29.260000,29.780001,27.431767,53347400
2023-10-12,29.629999,29.805000,29.055000,29.320000,27.008038,55086600
2023-10-13,29.514999,29.840000,29.440001,29.650000,27.312016,39568800
2023-10-16,29.709999,30.065001,29.480000,29.955000,27.592966,39554800
2023-10-17,29.700001,30.065001,29.655001,29.875000,27.519276,36960400
2023-10-18,29.844999,30.025000,29.424999,29.615000,27.279776,46727000
2023-10-19,29.520000,29.795000,29.299999,29.320000,27.008038,39363800
2023-10-20,29.250000,29.535000,29.010000,29.014999,26.727089,40044800
2023-10-23,28.750000,29.184999,28.520000,28.770000,26.501406,41041200
2023-10-24,29.205000,29.629999,29.115000,29.510000,27.183056,47194400
2023-10-25,29.459999,29.735001,29.340000,29.674999,27.335043,41309400
2023-10-26,29.754999,30.195000,29.745001,29.930000,27.569937,47174600
2023-10-27,29.799999,29.969999,29.275000,29.365000,27.049488,40502400
2023-10-30,29.490000,29.785000,29.264999,29.590000,27.256748,28539200
2023-10-31,29.709999,29.875000,29.500000,29.844999,27.491640,21364600
2023-11-01,29.885000,30.365000,29.594999,30.184999,27.804829,46523000
2023-11-02,30.250000,30.910000,30.200001,30.750000,28.325277,51100200
2023-11-03,31.285000,31.325001,30.920000,30.930000,28.491085,45147200
2023-11-06,30.985001,31.084999,30.820000,30.850000,28.417393,38240000
2023-11-07,30.865000,30.905001,30.575001,30.625000,28.210133,37684600
2023-11-08,30.495001,30.504999,30.059999,30.400000,28.002878,43295600
2023-11-09,30.455000,30.549999,29.985001,30.000000,27.634418,32195600
2023-11-10,30.135000,30.245001,29.959999,30.160000,27.781801,28030200
2023-11-13,30.094999,30.165001,29.754999,29.799999,27.450186,31159600
2023-11-14,30.469999,31.014999,30.410000,30.990000,28.546354,57318200
2023-11-15,30.905001,31.344999,30.825001,30.895000,28.458843,49662800
2023-11-16,31.150000,31.309999,31.035000,31.059999,28.610836,34650400
2023-11-17,31.230000,31.264999,30.975000,31.145000,28.689129,23879000
2023-11-20,31.000000,31.170000,30.639999,31.049999,28.601622,28316600
2023-11-21,31.025000,31.180000,30.825001,31.115000,28.661497,20288400
2023-11-22,31.225000,31.275000,30.969999,31.264999,28.799669,17919600
2023-11-24,31.260000,31.350000,31.139999,31.344999,28.873358,9798600
2023-11-27,31.370001,31.459999,31.145000,31.395000,28.919416,24833200
2023-11-28,31.400000,31.725000,31.275000,31.495001,29.011534,29415200
2023-11-29,31.504999,31.629999,31.135000,31.245001,28.781246,35806400
2023-11-30,31.334999,31.420000,31.120001,31.379999,28.905603,30483600
2023-12-01,31.395000,31.770000,31.190001,31.764999,29.260242,29342800
2023-12-04,31.615000,31.905001,31.480000,31.639999,29.145098,30515800
2023-12-05,31.670000,31.674999,31.290001,31.415001,28.937841,22536600
2023-12-06,31.555000,31.844999,31.510000,31.834999,29.324722,26817800
2023-12-07,31.879999,31.995001,31.620001,31.764999,29.260242,21876600
2023-12-08,31.715000,31.850000,31.469999,31.705000,29.204975,24002800
2023-12-11,31.540001,31.950001,31.540001,31.910000,29.393808,22448800
2023-12-12,31.955000,31.969999,31.535000,31.780001,29.274057,21768200
2023-12-13,31.815001,32.980000,31.645000,32.980000,30.379436,43452000
2023-12-14,33.180000,33.349998,32.485001,32.549999,29.983345,64968200
2023-12-15,32.224998,32.389999,31.750000,31.985001,29.462894,53129000
2023-12-18,31.775000,31.955000,31.549999,31.615000,29.396414,32507000
2023-12-19,31.725000,31.834999,31.590000,31.795000,29.563782,25377800
2023-12-20,31.754999,31.844999,31.145000,31.150000,28.964041,36651800
2023-12-21,31.254999,31.420000,30.985001,31.205000,29.015181,31753600
2023-12-22,31.320000,31.620001,31.250000,31.309999,29.112816,26447400
2023-12-26,31.260000,31.620001,31.250000,31.500000,29.289484,19075000
2023-12-27,31.440001,31.540001,31.320000,31.480000,29.270884,18984400
2023-12-28,31.379999,31.750000,31.379999,31.705000,29.480099,17346400
2023-12-29,31.635000,31.730000,31.455000,31.665001,29.442904,22478000
2024-01-02,31.530001,32.200001,31.465000,32.125000,29.870623,30758600
2024-01-03,32.115002,32.305000,31.895000,32.244999,29.982203,32866400
2024-01-04,32.279999,32.450001,32.105000,32.145000,29.889219,26622400
2024-01-05,32.099998,32.419998,31.955000,32.264999,30.000797,27190400
2024-01-08,32.195000,32.509998,32.095001,32.500000,30.219309,23434400
2024-01-09,32.330002,32.380001,32.165001,32.235001,29.972902,28805400
2024-01-10,32.235001,32.380001,32.115002,32.230000,29.968254,21853800
2024-01-11,32.125000,32.130001,31.379999,31.480000,29.270884,44353600
2024-01-12,31.690001,31.790001,31.535000,31.660000,29.438253,19537400
2024-01-16,31.504999,31.590000,31.240000,31.315001,29.117468,30454000
2024-01-17,31.135000,31.420000,30.625000,30.860001,28.694395,39178000
2024-01-18,30.705000,30.735001,30.355000,30.530001,28.387552,39464000
2024-01-19,30.559999,30.610001,30.295000,30.490000,28.350359,28257600
2024-01-22,30.480000,30.705000,30.205000,30.334999,28.206236,41676200
2024-01-23,30.344999,30.485001,30.209999,30.389999,28.257374,41100200
2024-01-24,30.600000,30.650000,29.930000,29.975000,27.871504,50878200
2024-01-25,30.375000,30.520000,30.090000,30.514999,28.373602,50516800
2024-01-26,30.594999,30.719999,30.504999,30.605000,28.457291,36653200
2024-01-29,30.625000,30.920000,30.445000,30.799999,28.638603,26054400
2024-01-30,30.725000,30.975000,30.525000,30.790001,28.629309,36109000
2024-01-31,31.045000,31.180000,30.549999,30.725000,28.568867,59642400
2024-02-01,30.594999,31.309999,30.455000,31.309999,29.112816,51507200
2024-02-02,30.955000,31.045000,30.530001,30.745001,28.587467,51839600
2024-02-05,30.445000,30.465000,30.090000,30.105000,27.992380,39895000
2024-02-06,30.090000,30.315001,29.995001,30.215000,28.094660,27557000
2024-02-07,30.334999,30.400000,30.075001,30.235001,28.113253,23748600
2024-02-08,30.100000,30.165001,29.760000,30.020000,27.913340,41755400
2024-02-09,29.934999,30.165001,29.875000,30.135000,28.020271,29647800
2024-02-12,30.135000,30.510000,30.059999,30.485001,28.345713,25219000
2024-02-13,30.315001,30.469999,29.570000,29.980000,27.876146,45402200
2024-02-14,30.090000,30.215000,29.920000,30.145000,28.029572,34871800
2024-02-15,30.240000,30.674999,30.240000,30.650000,28.499130,34680800
2024-02-16,30.500000,30.760000,30.315001,30.615000,28.466589,29914200
2024-02-20,30.559999,30.945000,30.530001,30.594999,28.447989,22764000
2024-02-21,30.795000,31.040001,30.645000,31.000000,28.824570,31565000
2024-02-22,30.754999,30.889999,30.525000,30.760000,28.601414,31841600
2024-02-23,30.825001,31.125000,30.750000,30.980000,28.805973,24572800
2024-02-26,30.830000,30.850000,30.315001,30.370001,28.238779,25587000
2024-02-27,30.549999,30.955000,30.424999,30.945000,28.773426,27487600
2024-02-28,30.910000,31.084999,30.840000,31.040001,28.861763,22983600
2024-02-29,31.160000,31.309999,30.905001,31.049999,28.871059,30675400
2024-03-01,30.955000,30.959999,30.480000,30.860001,28.694395,42511000
2024-03-04,30.715000,31.424999,30.715000,31.379999,29.177904,33020800
2024-03-05,31.475000,31.985001,31.160000,31.290001,29.094217,49602800
2024-03-06,31.514999,31.750000,31.445000,31.590000,29.373163,32652200
2024-03-07,31.850000,31.930000,31.735001,31.795000,29.563782,21384200
2024-03-08,31.885000,31.969999,31.610001,31.875000,29.638166,27511600
2024-03-11,31.830000,32.105000,31.709999,32.035000,29.786938,20968200
2024-03-12,31.969999,31.985001,31.525000,31.725000,29.498692,29489000
2024-03-13,31.975000,32.224998,31.870001,31.940001,29.698606,25877800
2024-03-14,31.870001,31.995001,31.459999,31.684999,29.461500,31869800
2024-03-15,31.584999,31.900000,31.555000,31.730000,29.503340,35445000
2024-03-18,31.510000,31.815001,31.325001,31.615000,29.639282,26843800
2024-03-19,31.690001,31.924999,31.600000,31.895000,29.901785,19985400
2024-03-20,31.840000,32.099998,31.754999,31.934999,29.939280,32620800
2024-03-21,32.020000,32.235001,31.870001,31.885000,29.892406,40327800
2024-03-22,32.084999,32.145000,31.889999,31.930000,29.934593,21059400
2024-03-25,32.020000,32.099998,31.885000,32.080002,30.075226,23194200
2024-03-26,32.115002,32.209999,31.690001,31.715000,29.733032,29830400
2024-03-27,31.950001,32.599998,31.915001,32.599998,30.562719,34600400
2024-03-28,32.595001,32.880001,32.509998,32.825001,30.773666,27492200
2024-04-01,32.830002,32.865002,32.415001,32.625000,30.586159,22702600
2024-04-02,32.549999,32.869999,32.535000,32.680000,30.637726,30212400
2024-04-03,32.674999,32.764999,32.430000,32.549999,30.515852,26574200
2024-04-04,32.805000,32.900002,32.264999,32.485001,30.454912,29356800
2024-04-05,32.275002,32.665001,32.119999,32.580002,30.543978,32322400
2024-04-08,32.584999,32.849998,32.540001,32.794998,30.745539,20142600
2024-04-09,32.865002,33.040001,32.770000,32.974998,30.914288,24024200
2024-04-10,32.314999,32.535000,32.125000,32.410000,30.384602,38280600
2024-04-11,32.595001,32.634998,32.125000,32.345001,30.323662,25621200
2024-04-12,32.404999,32.500000,31.945000,32.099998,30.093969,39844800
2024-04-15,32.320000,32.455002,31.684999,31.805000,29.817406,29407800
2024-04-16,31.705000,31.740000,31.275000,31.385000,29.423655,32907600
2024-04-17,31.590000,32.119999,31.530001,32.040001,30.037722,28152800
2024-04-18,32.150002,32.330002,31.915001,32.220001,30.206476,22288600
2024-04-19,32.305000,32.785000,32.270000,32.715000,30.670534,37004600
2024-04-22,32.735001,33.105000,32.509998,33.014999,30.951792,23458600
2024-04-23,33.000000,33.380001,32.919998,33.169998,31.097105,22338000
2024-04-24,32.869999,33.480000,32.705002,33.369999,31.284599,26127000
2024-04-25,33.290001,33.595001,33.000000,33.459999,31.368980,31562400
2024-04-26,33.459999,33.505001,33.080002,33.095001,31.026789,24547400
2024-04-29,33.325001,33.605000,33.294998,33.544998,31.448668,29368200
2024-04-30,33.360001,33.630001,33.139999,33.369999,31.284599,29724800
2024-05-01,33.365002,34.060001,33.235001,33.755001,31.645546,42371800
2024-05-02,33.895000,34.020000,33.625000,33.935001,31.814301,28609400
2024-05-03,34.200001,34.314999,33.900002,34.205002,32.067425,29817000
2024-05-06,34.310001,34.415001,34.099998,34.380001,32.231491,21221400
2024-05-07,34.525002,34.799999,34.450001,34.770000,32.597118,28808200
2024-05-08,34.695000,35.154999,34.610001,35.134998,32.939297,27708200
2024-05-09,35.110001,35.705002,35.035000,35.669998,33.440868,48549200
2024-05-10,35.869999,35.924999,35.535000,35.634998,33.408054,39129200
2024-05-13,35.755001,35.930000,35.564999,35.634998,33.408054,21219200
2024-05-14,35.790001,35.840000,35.529999,35.730000,33.497124,23566400
2024-05-15,36.099998,36.365002,36.040001,36.264999,33.998688,29176600
2024-05-16,36.285000,36.455002,36.084999,36.139999,33.881500,25322400
2024-05-17,36.095001,36.255001,35.970001,36.169998,33.909626,21715600
2024-05-20,36.250000,36.250000,36.029999,36.110001,33.853378,13830400
2024-05-21,36.090000,36.450001,36.080002,36.435001,34.158066,16263400
2024-05-22,36.235001,36.360001,35.970001,36.005001,33.754940,21128800
2024-05-23,35.950001,35.950001,35.375000,35.395000,33.183060,28718600
2024-05-24,35.485001,35.889999,35.419998,35.750000,33.515869,16366800
2024-05-28,35.785000,35.930000,35.639999,35.715000,33.483063,17765200
2024-05-29,35.404999,35.450001,35.125000,35.255001,33.051807,28118600
2024-05-30,35.369999,35.755001,35.305000,35.730000,33.497124,18129600
2024-05-31,35.849998,36.395000,35.695000,36.360001,34.087753,24777600
2024-06-03,36.299999,36.334999,35.814999,35.945000,33.698685,36915800
2024-06-04,35.855000,36.055000,35.535000,35.930000,33.684624,29419600
2024-06-05,35.889999,35.919998,35.665001,35.724998,33.492428,17920400
2024-06-06,35.645000,35.855000,35.305000,35.355000,33.145550,18184800
2024-06-07,35.049999,35.330002,34.959999,34.970001,32.784618,16286800
2024-06-10,34.965000,35.480000,34.875000,35.419998,33.206497,19591400
2024-06-11,35.119999,35.255001,34.904999,35.205002,33.004936,22694800
2024-06-12,35.650002,35.654999,34.860001,34.974998,32.789303,24912200
2024-06-13,35.029999,35.185001,34.689999,35.055000,32.864311,22974000
2024-06-14,34.849998,35.014999,34.705002,34.970001,32.784618,20280600
2024-06-17,34.785000,34.865002,34.549999,34.584999,32.423679,21026400
2024-06-18,34.305000,34.610001,34.275002,34.599998,32.437733,24573600
2024-06-20,34.709999,34.970001,34.595001,34.900002,32.718990,27948000
2024-06-21,35.029999,35.070000,34.669998,34.695000,32.526806,18990800
2024-06-24,34.410000,34.985001,34.384998,34.869999,32.954445,17956800
2024-06-25,34.799999,34.895000,34.430000,34.540001,32.642574,25099400
2024-06-26,34.410000,34.470001,34.189999,34.395000,32.505535,13882000
2024-06-27,34.424999,34.500000,34.220001,34.455002,32.562244,10899600
2024-06-28,34.455002,34.500000,33.910000,34.070000,32.198395,23063000
2024-07-01,34.424999,34.485001,33.799999,33.834999,31.976301,16757800
2024-07-02,33.915001,34.075001,33.860001,34.009998,32.141682,16724200
2024-07-03,34.060001,34.455002,33.994999,34.215000,32.335430,13241200
2024-07-05,34.270000,34.419998,34.115002,34.275002,32.392128,13830600
2024-07-08,34.305000,34.419998,34.180000,34.310001,32.425209,13634400
2024-07-09,34.310001,34.700001,34.275002,34.410000,32.519714,21601200
2024-07-10,34.540001,34.744999,34.279999,34.735001,32.826862,13800000
2024-07-11,34.910000,35.465000,34.895000,35.369999,33.426979,29766400
2024-07-12,35.494999,35.860001,35.340000,35.630001,33.672691,16524200
2024-07-15,35.230000,35.340000,34.709999,34.764999,32.855209,29827600
2024-07-16,34.974998,35.095001,34.869999,35.035000,33.110374,15009200
2024-07-17,35.000000,35.500000,34.910000,35.055000,33.129280,27516000
2024-07-18,35.009998,35.365002,34.965000,35.025002,33.100933,13542600
2024-07-19,35.090000,35.174999,34.855000,35.064999,33.138729,12985400
2024-07-22,35.250000,35.439999,35.130001,35.360001,33.417522,12965400
2024-07-23,35.290001,35.355000,35.115002,35.139999,33.209614,12686400
2024-07-24,35.389999,35.674999,35.174999,35.535000,33.582916,25284800
2024-07-25,35.700001,35.889999,35.090000,35.240002,33.304119,26666000
2024-07-26,35.520000,35.654999,35.389999,35.584999,33.630165,16706400
2024-07-29,35.720001,35.860001,35.430000,35.744999,33.781380,15151200
2024-07-30,35.705002,35.959999,35.630001,35.930000,33.956211,16696400
2024-07-31,36.435001,36.474998,36.044998,36.395000,34.395672,21765400
2024-08-01,36.465000,37.099998,36.419998,37.049999,35.014694,32567400
2024-08-02,37.520000,37.779999,36.605000,37.110001,35.071392,48257200
2024-08-05,37.305000,37.305000,36.090000,36.130001,34.145229,41099800
2024-08-06,36.270000,36.855000,36.244999,36.435001,34.433475,29286400
2024-08-07,36.735001,37.070000,36.500000,36.639999,34.627209,24758800
2024-08-08,36.500000,36.904999,36.395000,36.680000,34.665016,23360400
2024-08-09,36.770000,36.855000,36.174999,36.805000,34.783150,16708400
2024-08-12,36.814999,36.884998,36.595001,36.869999,34.844578,15027000
2024-08-13,37.025002,37.119999,36.860001,37.084999,35.047764,17075000
2024-08-14,37.000000,37.279999,36.785000,37.060001,35.024139,16166000
2024-08-15,36.845001,37.165001,36.720001,37.055000,35.019413,18807600
2024-08-16,37.095001,37.345001,36.935001,37.220001,35.175354,13522800
2024-08-19,37.255001,37.490002,37.224998,37.465000,35.406887,11505400
2024-08-20,37.465000,37.590000,37.345001,37.384998,35.331287,15989800
2024-08-21,37.439999,37.764999,37.389999,37.650002,35.581726,13451800
2024-08-22,37.689999,37.770000,37.455002,37.605000,35.539196,14648000
2024-08-23,37.735001,37.889999,37.599998,37.709999,35.638435,15050400
2024-08-26,37.840000,38.110001,37.834999,37.955002,35.869976,13336400
2024-08-27,37.875000,38.009998,37.639999,37.654999,35.586452,16666800
2024-08-28,37.770000,37.980000,37.625000,37.654999,35.586452,10482800
2024-08-29,37.779999,37.895000,37.410000,37.860001,35.780190,12758200
2024-08-30,37.930000,38.200001,37.790001,38.145000,36.049538,17007400
2024-09-03,38.154999,38.365002,37.970001,38.090000,35.997559,23627000
2024-09-04,38.275002,38.705002,38.224998,38.415001,36.304703,27303200
2024-09-05,38.705002,38.755001,38.205002,38.320000,36.214924,15545400
2024-09-06,38.404999,38.485001,37.950001,37.955002,35.869976,19605800
2024-09-09,38.119999,38.345001,37.900002,38.340000,36.233822,14366200
2024-09-10,38.410000,38.680000,38.279999,38.520000,36.403934,23255400
2024-09-11,38.525002,38.680000,38.075001,38.639999,36.517338,20766600
2024-09-12,38.724998,38.790001,38.485001,38.724998,36.597675,19335000
2024-09-13,38.855000,39.279999,38.705002,39.270000,37.112732,16238800
2024-09-16,39.395000,39.680000,39.290001,39.570000,37.396252,19910600
2024-09-17,39.590000,39.689999,39.410000,39.540001,37.367901,27963000
2024-09-18,39.470001,39.580002,39.070000,39.240002,37.084385,47034800
2024-09-19,39.099998,39.189999,38.689999,39.009998,36.867012,41536400
2024-09-20,39.500000,40.125000,39.445000,40.040001,37.840435,44279200
2024-09-23,40.014999,40.200001,39.869999,40.165001,38.215790,23340600
2024-09-24,39.939999,40.384998,39.794998,39.880001,37.944618,28105200
2024-09-25,40.099998,40.209999,39.740002,40.090000,38.144428,16359200
2024-09-26,40.014999,40.189999,39.705002,39.814999,37.882778,19794600
2024-09-27,39.980000,40.320000,39.939999,40.209999,38.258610,14804000
2024-09-30,40.290001,40.415001,39.930000,40.389999,38.429871,19014200
2024-10-01,40.345001,40.775002,40.099998,40.715000,38.739094,24362400
2024-10-02,40.455002,40.810001,40.384998,40.735001,38.758129,16491600
2024-10-03,40.959999,41.029999,40.619999,40.720001,38.743855,24205400
2024-10-04,40.369999,40.700001,40.240002,40.654999,38.682011,25082800
2024-10-07,40.520000,40.544998,39.615002,39.720001,37.792385,35284000
2024-10-08,39.895000,40.020000,39.735001,39.740002,37.811413,26022200
2024-10-09,39.630001,39.750000,39.174999,39.400002,37.487923,34288000
2024-10-10,39.439999,39.750000,39.259998,39.279999,37.373741,26326600
2024-10-11,39.150002,39.625000,39.025002,39.625000,37.701996,19332600
2024-10-14,39.685001,40.160000,39.610001,40.125000,38.177734,18041800
2024-10-15,40.299999,40.599998,40.259998,40.305000,38.348995,26427600
2024-10-16,40.505001,41.185001,40.325001,41.105000,39.110176,19099600
2024-10-17,41.240002,41.250000,40.709999,40.740002,38.762890,23527200
2024-10-18,40.705002,40.994999,40.525002,40.974998,38.986481,14035200
2024-10-21,41.070000,41.189999,40.654999,40.814999,38.834244,14811600
2024-10-22,40.540001,40.755001,40.345001,40.669998,38.696278,17119200
2024-10-23,40.700001,41.075001,40.625000,41.060001,39.067360,19645000
2024-10-24,41.064999,41.150002,40.660000,40.794998,38.815216,13092000
2024-10-25,41.000000,41.035000,40.160000,40.189999,38.239578,17518200
2024-10-28,40.404999,40.709999,40.310001,40.505001,38.539291,14622800
2024-10-29,40.055000,40.060001,39.630001,39.639999,37.716270,27733000
2024-10-30,39.794998,39.869999,39.474998,39.544998,37.625881,20910600
2024-10-31,39.645000,40.250000,39.615002,39.955002,38.015984,27516000
2024-11-01,39.950001,40.070000,39.029999,39.064999,37.169167,30861000
2024-11-04,38.674999,38.880001,38.389999,38.599998,36.726734,27956200
2024-11-05,38.580002,39.180000,38.465000,39.180000,37.278587,19016200
2024-11-06,38.674999,38.945000,38.410000,38.775002,36.893246,32958800
2024-11-07,38.970001,39.235001,38.639999,38.845001,36.959850,37703200
2024-11-08,39.040001,39.674999,39.009998,39.590000,37.668697,28857200
2024-11-11,39.595001,39.935001,39.505001,39.700001,37.773361,26011000
2024-11-12,39.580002,39.669998,39.055000,39.244999,37.340439,18703200
2024-11-13,39.500000,39.514999,39.009998,39.174999,37.273838,16411800
2024-11-14,39.224998,39.424999,38.980000,39.040001,37.145390,17707400
2024-11-15,39.070000,39.674999,38.994999,39.625000,37.701996,23931400
2024-11-18,39.590000,40.080002,39.540001,39.970001,38.030254,14660200
2024-11-19,39.820000,40.230000,39.630001,40.224998,38.272873,11750400
2024-11-20,40.299999,40.435001,40.044998,40.244999,38.291904,12196800
2024-11-21,40.305000,40.994999,40.110001,40.945000,38.957935,21764000
2024-11-22,41.075001,41.134998,40.709999,40.724998,38.748611,15761400
2024-11-25,41.049999,41.125000,40.500000,40.799999,38.819981,14253800
2024-11-26,40.915001,41.474998,40.810001,41.450001,39.438431,17374800
2024-11-27,41.575001,41.705002,41.410000,41.450001,39.438431,17156600
2024-11-29,41.584999,41.615002,41.375000,41.465000,39.452702,9234800
2024-12-02,41.459999,41.474998,40.560001,40.575001,38.605892,22084200
2024-12-03,40.820000,40.950001,40.215000,40.224998,38.272873,18853600
2024-12-04,40.349998,40.450001,40.064999,40.220001,38.268124,24169400
2024-12-05,40.264999,40.570000,40.160000,40.345001,38.387054,14226000
2024-12-06,40.365002,40.459999,39.770000,39.845001,37.911324,14228600
2024-12-09,39.845001,39.900002,39.320000,39.345001,37.435589,21053800
2024-12-10,39.279999,39.279999,38.744999,39.060001,37.164421,20319000
2024-12-11,39.165001,39.195000,38.744999,38.814999,36.931297,14759600
2024-12-12,39.000000,39.125000,38.759998,38.794998,36.912277,15425000
2024-12-13,38.849998,39.025002,38.755001,38.820000,36.936062,13808400
2024-12-16,38.855000,38.955002,38.494999,38.509998,36.641106,16121000
2024-12-17,38.270000,38.509998,38.195000,38.349998,36.488869,15876800
2024-12-18,38.325001,38.380001,37.419998,37.445000,35.627789,29811800
2024-12-19,37.480000,38.040001,37.470001,37.615002,35.789543,27076400
2024-12-20,37.400002,38.299999,37.349998,38.215000,36.360424,25188600
2024-12-23,37.805000,38.060001,37.435001,38.029999,36.484180,20114400
2024-12-24,38.029999,38.250000,37.915001,38.240002,36.685646,9010200
2024-12-26,38.080002,38.255001,37.994999,38.150002,36.599304,10114000
2024-12-27,37.950001,38.150002,37.794998,38.040001,36.493774,13805400
2024-12-30,37.869999,37.974998,37.535000,37.880001,36.340279,16870000
2024-12-31,37.955002,38.070000,37.665001,37.845001,36.306702,12605400
2025-01-02,38.119999,38.330002,37.860001,38.134998,36.584911,24103400
2025-01-03,38.355000,38.744999,38.189999,38.540001,36.973457,17767000
2025-01-06,38.540001,38.570000,37.985001,38.110001,36.560932,25623800
2025-01-07,38.240002,38.404999,37.915001,38.014999,36.469791,22856400
2025-01-08,37.950001,38.044998,37.380001,38.005001,36.460201,26845800
2025-01-10,38.125000,38.419998,37.610001,37.790001,36.253937,31217000
2025-01-13,37.750000,37.790001,36.955002,37.349998,35.831821,24891600
2025-01-14,37.494999,37.955002,37.400002,37.840000,36.301907,19675000
2025-01-15,38.500000,38.775002,38.355000,38.395000,36.834347,21360400
2025-01-16,38.375000,39.380001,38.360001,39.365002,37.764915,30415000
2025-01-17,39.340000,39.599998,39.215000,39.419998,37.817677,14668800
2025-01-21,39.865002,40.220001,39.764999,40.025002,38.398090,21633400
2025-01-22,40.134998,40.134998,39.139999,39.160000,37.568253,23644800
2025-01-23,39.305000,39.630001,39.235001,39.345001,37.745731,21585000
2025-01-24,39.285000,39.860001,39.200001,39.744999,38.129467,16769600
2025-01-27,38.945000,39.040001,37.915001,38.825001,37.246864,42448200
2025-01-28,38.805000,38.805000,37.950001,38.290001,36.733620,28540200
2025-01-29,38.279999,38.810001,38.240002,38.369999,36.810360,19130800
2025-01-30,38.814999,39.230000,38.779999,39.169998,37.577843,18712600
2025-01-31,39.205002,39.240002,38.849998,38.939999,37.357193,19669600
2025-02-03,38.424999,39.294998,38.365002,39.150002,37.558659,28118800
2025-02-04,38.924999,38.990002,38.415001,38.805000,37.227676,20498200
2025-02-05,39.189999,39.459999,38.869999,39.195000,37.601830,15992600
2025-02-06,39.365002,39.365002,38.869999,39.150002,37.558659,12820800
2025-02-07,39.139999,39.415001,39.025002,39.070000,37.481903,14330400
2025-02-10,39.180000,39.509998,38.965000,39.494999,37.889629,10664200
2025-02-11,39.340000,39.715000,39.009998,39.695000,38.081509,10835600
2025-02-12,39.185001,39.720001,39.009998,39.625000,38.014347,14888800
2025-02-13,39.700001,39.790001,39.470001,39.715000,38.100689,17020800
2025-02-14,39.695000,40.014999,39.525002,39.549999,37.942398,13972000
2025-02-18,39.715000,39.985001,39.580002,39.919998,38.297352,15509000
2025-02-19,39.875000,40.250000,39.834999,40.130001,38.498825,12513200
2025-02-20,40.000000,40.220001,39.645000,40.125000,38.494026,17390800
2025-02-21,40.130001,40.264999,39.939999,40.134998,38.503620,15547400
2025-02-24,40.250000,40.255001,39.755001,39.935001,38.311749,14974000
2025-02-25,39.700001,39.814999,39.160000,39.735001,38.119877,21837800
2025-02-26,39.810001,40.250000,39.680000,39.900002,38.278172,15421800
2025-02-27,39.790001,39.880001,38.974998,39.014999,37.429146,25074600
2025-02-28,39.270000,39.625000,39.060001,39.610001,37.999962,21770000
2025-03-03,39.570000,39.790001,39.400002,39.665001,38.052719,19276400
2025-03-04,39.665001,39.875000,38.959999,39.020000,37.433941,22561800
2025-03-05,38.759998,39.020000,38.430000,38.744999,37.170116,20666800
2025-03-06,38.445000,38.480000,37.830002,37.939999,36.397839,25405800
2025-03-07,38.025002,38.814999,37.915001,38.645000,37.074181,23234400
2025-03-10,38.509998,39.185001,38.509998,39.070000,37.481903,37366000
2025-03-11,39.049999,39.200001,38.500000,38.705002,37.131744,32640000
2025-03-12,38.700001,38.924999,38.349998,38.584999,37.016617,17432000
2025-03-13,38.715000,38.840000,38.435001,38.680000,37.107758,16801200
2025-03-14,38.794998,39.480000,38.654999,39.435001,37.832066,18269400
2025-03-17,39.424999,39.830002,39.230000,39.599998,37.990368,19290400
2025-03-18,39.365002,39.435001,39.070000,39.325001,37.726543,19285200
2025-03-19,39.345001,39.525002,39.205002,39.470001,37.865643,16163400
2025-03-20,39.474998,39.689999,39.389999,39.630001,38.019146,16415200
2025-03-21,39.474998,39.665001,39.130001,39.375000,37.774502,15627600
2025-03-24,39.250000,39.560001,39.049999,39.084999,37.762432,13996800
2025-03-25,39.044998,39.055000,38.279999,38.459999,37.158581,22396000
2025-03-26,38.465000,38.805000,38.465000,38.715000,37.404953,15164000
2025-03-27,38.680000,39.025002,38.590000,38.705002,37.395290,13971800
2025-03-28,38.939999,39.235001,38.869999,38.990002,37.670647,19078600
2025-03-31,39.049999,39.584999,39.040001,39.424999,38.090927,21470000
2025-04-01,39.400002,39.639999,39.145000,39.525002,38.187546,18084800
2025-04-02,39.494999,39.799999,39.294998,39.709999,38.366283,12951200
2025-04-03,39.660000,40.105000,39.410000,39.459999,38.124744,38650200
2025-04-04,39.645000,39.645000,37.020000,37.264999,36.004025,66165400
2025-04-07,36.695000,37.820000,35.889999,36.695000,35.453308,73162600
2025-04-08,37.349998,37.615002,36.119999,36.544998,35.308380,39600400
2025-04-09,36.230000,38.084999,35.509998,37.985001,36.699654,70054800
2025-04-10,37.700001,38.139999,36.915001,37.700001,36.424297,44167800
2025-04-11,37.680000,38.290001,37.215000,38.160000,36.868732,28840000
2025-04-14,38.459999,38.970001,38.235001,38.845001,37.530560,19415600
2025-04-15,38.930000,39.185001,38.790001,38.840000,37.525723,15257200
2025-04-16,38.935001,39.084999,38.360001,38.490002,37.187569,17500800
2025-04-17,38.639999,39.375000,38.639999,38.884998,37.569199,18928800
2025-04-21,38.709999,38.755001,37.514999,37.965000,36.680328,20780000
2025-04-22,38.369999,39.084999,38.340000,39.000000,37.680309,21700800
2025-04-23,39.384998,39.605000,38.810001,39.165001,37.839722,27903600
2025-04-24,39.134998,39.404999,38.855000,39.224998,37.897694,16828000
2025-04-25,39.259998,39.285000,38.930000,39.105000,37.781754,14074600
2025-04-28,39.125000,39.424999,38.855000,39.345001,38.013638,11084800
2025-04-29,39.290001,39.715000,39.125000,39.650002,38.308315,13168000
2025-04-30,39.494999,39.584999,38.770000,39.450001,38.115089,18077200
2025-05-01,39.695000,40.064999,39.435001,39.564999,38.226189,17967000
2025-05-02,39.709999,39.994999,39.494999,39.875000,38.525703,16074000
2025-05-05,39.744999,39.895000,39.384998,39.775002,38.429085,14895800
2025-05-06,39.779999,40.540001,39.744999,40.259998,38.897675,20635000
2025-05-07,40.189999,40.610001,40.049999,40.375000,39.008781,19575000
2025-05-08,40.395000,40.494999,39.994999,40.049999,38.694775,22437800
2025-05-09,40.154999,40.165001,39.860001,40.119999,38.762409,17420400
2025-05-12,40.305000,40.410000,39.700001,39.880001,38.530533,27460200
2025-05-13,39.820000,40.134998,39.605000,39.825001,38.477394,24064000
2025-05-14,39.740002,39.755001,39.055000,39.650002,38.308315,22912600
2025-05-15,39.810001,40.605000,39.785000,40.494999,39.124722,26629200
2025-05-16,40.555000,41.105000,40.455002,41.090000,39.699593,20076800
2025-05-19,40.744999,41.285000,40.735001,41.264999,39.868664,16306400
2025-05-20,41.200001,41.525002,41.200001,41.384998,39.984600,18075200
2025-05-21,41.250000,41.330002,40.549999,40.630001,39.255154,22704000
2025-05-22,40.285000,40.285000,39.584999,40.049999,38.694775,30637600
2025-05-23,40.320000,40.564999,39.849998,40.529999,39.158535,21730200
2025-05-27,40.845001,40.939999,40.525002,40.834999,39.453217,18494200
2025-05-28,40.810001,40.830002,40.090000,40.264999,38.902500,20954600
2025-05-29,40.285000,40.610001,40.105000,40.544998,39.173031,20867400
2025-05-30,40.465000,41.029999,40.389999,40.959999,39.573982,20680400
2025-06-02,40.785000,41.145000,40.619999,41.090000,39.699593,26799200
2025-06-03,41.584999,41.584999,40.869999,41.200001,39.805866,28547800
2025-06-04,41.130001,41.130001,40.480000,40.480000,39.110226,33001800
2025-06-05,40.595001,40.595001,40.334999,40.415001,39.047428,21175000
2025-06-06,40.619999,40.665001,40.250000,40.595001,39.221336,21267200
2025-06-09,40.525002,40.680000,40.270000,40.334999,38.970135,24866400
2025-06-10,40.439999,40.525002,40.130001,40.430000,39.061920,28052800
2025-06-11,40.549999,40.605000,40.325001,40.455002,39.086075,21394800
2025-06-12,40.480000,40.970001,40.459999,40.945000,39.559494,19568600
2025-06-13,40.884998,40.955002,40.590000,40.709999,39.332443,25325400
2025-06-16,40.910000,41.130001,40.314999,40.509998,39.139214,27266600
2025-06-17,40.450001,40.549999,39.889999,40.174999,38.815548,28335800
2025-06-18,40.270000,40.480000,40.070000,40.279999,38.916996,22324000
2025-06-20,40.365002,40.720001,40.334999,40.389999,39.023273,31688200
2025-06-23,40.320000,40.685001,40.235001,40.619999,39.517975,25573000
2025-06-24,40.665001,40.910000,40.595001,40.794998,39.688229,20389600
2025-06-25,40.700001,40.700001,40.174999,40.250000,39.158016,26771800
2025-06-26,40.325001,40.605000,40.250000,40.584999,39.483925,18746200
2025-06-27,40.689999,40.994999,40.540001,40.665001,39.561756,25307800
2025-06-30,40.470001,40.875000,40.340000,40.830002,39.722279,22018000
2025-07-01,40.814999,41.000000,40.340000,40.970001,39.858482,39690200
2025-07-02,40.820000,41.005001,40.419998,40.615002,39.513111,21891000
2025-07-03,40.634998,41.084999,40.564999,40.919998,39.809834,14900200
2025-07-07,40.830002,41.035000,40.744999,41.005001,39.892536,20215600
2025-07-08,40.720001,40.720001,40.174999,40.570000,39.469334,44289800
2025-07-09,40.730000,41.029999,40.445000,40.950001,39.839027,40230400
2025-07-10,40.810001,41.365002,40.685001,41.285000,40.164936,29074000
2025-07-11,40.955002,41.384998,40.840000,41.224998,40.106560,22199800
2025-07-14,41.195000,41.525002,40.970001,41.389999,40.267086,23883400
2025-07-15,41.384998,41.384998,40.790001,40.994999,39.882805,26253000
2025-07-16,41.020000,41.180000,40.695000,41.014999,39.902260,22625000
2025-07-17,40.990002,41.310001,40.924999,41.185001,40.067650,19757000
2025-07-18,41.320000,42.020000,41.264999,41.875000,40.738930,28627400
2025-07-21,41.980000,42.264999,41.845001,42.009998,40.870266,19895600
2025-07-22,42.169998,42.549999,42.055000,42.525002,41.371296,23518200
2025-07-23,42.904999,43.009998,42.035000,42.205002,41.059978,40333000
2025-07-24,42.259998,42.349998,42.040001,42.150002,41.006470,22137600
2025-07-25,42.215000,42.305000,42.055000,42.259998,41.113480,16320400
2025-07-28,42.255001,42.264999,41.705002,41.810001,40.675690,22413600
2025-07-29,41.970001,42.314999,41.880001,42.290001,41.142673,18395400
2025-07-30,42.415001,42.985001,42.375000,42.605000,41.449123,27424400
2025-07-31,42.474998,42.900002,42.439999,42.834999,41.672882,30179600
2025-08-01,42.785000,43.130001,42.455002,42.900002,41.736122,35852000
2025-08-04,43.110001,43.779999,43.020000,43.660000,42.475502,25730800
2025-08-05,43.674999,43.834999,43.064999,43.195000,42.023117,21454400
2025-08-06,43.259998,43.275002,42.775002,42.810001,41.648563,23020600
2025-08-07,42.669998,43.395000,42.590000,43.275002,42.100952,25702800
2025-08-08,43.395000,43.474998,42.985001,43.090000,41.920967,18445200
2025-08-11,43.200001,43.230000,42.744999,42.955002,41.789631,19548800
2025-08-12,43.095001,43.150002,42.755001,43.139999,41.969612,20756800
2025-08-13,43.200001,43.264999,42.834999,43.235001,42.062035,22425400
2025-08-14,43.075001,43.205002,42.889999,42.935001,41.770172,18747800
2025-08-15,42.869999,43.044998,42.544998,42.810001,41.648563,29576600
2025-08-18,42.875000,43.035000,42.564999,42.625000,41.468582,16080000
2025-08-19,42.639999,43.060001,42.564999,43.040001,41.872326,16436800
2025-08-20,43.110001,43.360001,42.930000,43.084999,41.916100,20169000
2025-08-21,43.090000,43.310001,42.669998,42.790001,41.629105,16230000
2025-08-22,43.084999,43.270000,42.895000,43.020000,41.852867,19234800
2025-08-25,42.875000,43.000000,42.490002,42.535000,41.381020,16982200
2025-08-26,42.575001,42.724998,42.380001,42.630001,41.473446,17263000
2025-08-27,42.630001,42.740002,42.509998,42.639999,41.483173,16821400
2025-08-28,42.669998,42.685001,42.250000,42.314999,41.166988,16078800
2025-08-29,42.290001,42.380001,42.095001,42.160000,41.016193,19469400
2025-09-02,42.000000,42.070000,41.755001,42.020000,40.879993,20655000
2025-09-03,41.875000,41.994999,41.689999,41.915001,40.777843,17268000
2025-09-04,42.209999,42.320000,41.645000,41.865002,40.729202,22362200
2025-09-05,41.974998,42.075001,41.404999,41.735001,40.602726,27006800
2025-09-08,41.759998,41.779999,41.150002,41.310001,40.189259,28469400
2025-09-09,41.299999,41.735001,41.224998,41.595001,40.466526,25741400
2025-09-10,41.744999,42.380001,41.744999,42.310001,41.162128,32168800
2025-09-11,42.255001,42.564999,42.195000,42.535000,41.381020,24265200
2025-09-12,42.415001,42.875000,42.340000,42.750000,41.590195,18727000
2025-09-15,42.755001,43.049999,42.755001,42.849998,41.687481,22818400
2025-09-16,42.775002,42.790001,42.049999,42.070000,40.928638,21652800
2025-09-17,42.345001,42.535000,42.090000,42.174999,41.030785,20168200
2025-09-18,42.099998,42.474998,41.910000,42.205002,41.059978,25303000
2025-09-19,42.310001,42.645000,42.084999,42.474998,41.322647,20974000
2025-09-22,42.209999,42.695000,42.110001,42.599998,41.723232,19477000
2025-09-23,42.535000,42.889999,42.455002,42.820000,41.938702,17900600
2025-09-24,42.900002,43.200001,42.775002,43.125000,42.237427,17317600
2025-09-25,43.084999,43.174999,42.709999,42.709999,41.830967,18689600
2025-09-26,42.855000,43.419998,42.814999,43.404999,42.511665,16233800
2025-09-29,43.384998,43.599998,43.080002,43.529999,42.634090,17130800
2025-09-30,43.584999,43.775002,43.294998,43.605000,42.707546,21960000
2025-10-01,43.689999,44.119999,43.634998,44.025002,43.118904,29195400
2025-10-02,43.910000,43.959999,43.619999,43.945000,43.040550,22648600
2025-10-03,44.080002,44.865002,44.044998,44.455002,43.540054,25133200
2025-10-06,44.715000,44.935001,44.410000,44.884998,43.961201,20024200
2025-10-07,45.070000,45.285000,44.950001,45.090000,44.161987,32901800
2025-10-08,45.410000,45.465000,45.064999,45.400002,44.465611,19790400
2025-10-09,45.549999,45.685001,45.195000,45.285000,44.352974,21557400
2025-10-10,45.435001,45.685001,45.049999,45.099998,44.171780,23183800
2025-10-13,45.130001,45.654999,45.110001,45.445000,44.509678,18760600
2025-10-14,45.365002,46.000000,45.290001,45.849998,44.906342,17571800
2025-10-15,46.055000,46.590000,46.055000,46.450001,45.493996,19087600
2025-10-16,46.590000,46.884998,45.935001,45.945000,44.999386,29119000
2025-10-17,46.029999,46.095001,45.590000,45.785000,44.842682,21825800
2025-10-20,46.134998,46.244999,45.595001,45.770000,44.827988,25420000
2025-10-21,45.814999,45.869999,45.084999,45.305000,44.372559,22107800
2025-10-22,45.404999,45.430000,44.985001,45.200001,44.269722,19108600
2025-10-23,45.494999,45.520000,44.915001,45.165001,44.235443,16134000
2025-10-24,45.424999,45.919998,45.380001,45.695000,44.754532,21737600
2025-10-27,45.695000,45.865002,45.259998,45.820000,44.876961,16042800
2025-10-28,45.985001,45.985001,45.009998,45.064999,44.137497,20661400
2025-10-29,45.060001,45.355000,44.865002,45.049999,44.122810,24271800
2025-10-30,45.000000,45.424999,44.845001,44.860001,43.936718,18870800
2025-10-31,44.660000,44.790001,44.314999,44.549999,43.633102,18434000
2025-11-03,44.514999,44.700001,44.055000,44.575001,43.657581,22339600
2025-11-04,44.555000,44.590000,44.224998,44.415001,43.500877,17156200
2025-11-05,44.404999,44.634998,44.220001,44.424999,43.510670,16858200
2025-11-06,44.345001,44.680000,44.209999,44.230000,43.319683,23668200
2025-11-07,44.049999,44.855000,44.049999,44.845001,43.922028,24337600
2025-11-10,44.974998,45.180000,44.445000,44.830002,43.907337,17947200
2025-11-11,44.849998,45.029999,44.605000,44.855000,43.931820,14435400
2025-11-12,44.884998,45.000000,44.709999,44.959999,44.034657,15018400
2025-11-13,44.845001,44.845001,44.305000,44.340000,43.427418,20675400
2025-11-14,44.215000,44.720001,44.110001,44.380001,43.466599,20168200
2025-11-17,44.465000,44.930000,44.419998,44.779999,43.858364,24201400
2025-11-18,44.820000,45.035000,44.595001,44.610001,43.691860,25158800
2025-11-19,44.645000,44.770000,44.139999,44.235001,43.324581,25095600
2025-11-20,44.584999,44.860001,43.980000,44.009998,43.104210,25543200
2025-11-21,44.195000,44.250000,43.759998,44.075001,43.167873,28589400
2025-11-24,44.139999,44.689999,43.865002,44.575001,43.657581,23572800
2025-11-25,44.689999,44.759998,44.224998,44.404999,43.491081,22195600
2025-11-26,44.645000,45.049999,44.560001,44.994999,44.068943,16759200
2025-11-28,45.070000,45.349998,45.025002,45.314999,44.382351,7882600
2025-12-01,45.060001,45.060001,44.230000,44.255001,43.344173,26339000
2025-12-02,44.459999,44.459999,43.884998,43.939999,43.035652,17384200
2025-12-03,43.974998,44.099998,43.630001,43.799999,42.898533,21728000
2025-12-04,43.775002,44.060001,43.560001,43.709999,42.810383,15535200
2025-12-05,43.720001,43.779999,43.279999,43.299999,42.408825,13474700
2025-12-08,43.380001,43.410000,42.660000,42.720001,41.840763,21607900
2025-12-09,42.950001,43.169998,42.730000,42.750000,41.870148,24347200
2025-12-10,42.799999,42.830002,42.419998,42.730000,41.850555,25940200
2025-12-11,42.650002,43.150002,42.650002,43.040001,42.154179,18703300
2025-12-12,43.169998,43.380001,42.770000,42.830002,41.948502,17179800
2025-12-15,43.110001,43.290001,42.830002,43.220001,42.330471,19176400
2025-12-16,43.200001,43.310001,42.779999,43.040001,42.154179,19067900
2025-12-17,43.060001,43.139999,42.540001,42.759998,41.879936,19444600
2025-12-18,43.029999,43.419998,42.970001,43.180000,42.291294,21935800
2025-12-19,43.119999,43.369999,42.599998,42.630001,41.752617,22612000
2025-12-22,42.290001,42.529999,42.029999,42.470001,41.907536,17894900
2025-12-23,42.400002,42.750000,42.380001,42.619999,42.055546,15097300
2025-12-24,42.610001,42.860001,42.549999,42.810001,42.243034,5761000
2025-12-26,42.790001,42.869999,42.630001,42.779999,42.213428,8436700
2025-12-29,42.810001,43.110001,42.770000,42.860001,42.292370,12838700
2025-12-30,42.880001,43.040001,42.810001,42.959999,42.391045,9255300
2025-12-31,42.970001,43.009998,42.680000,42.689999,42.124622,10129000
2026-01-02,42.889999,43.389999,42.660000,43.180000,42.608131,20495400
2026-01-05,43.189999,43.290001,42.060001,42.700001,42.134491,27884400
2026-01-06,42.750000,42.959999,42.520000,42.910000,42.341705,21861800
2026-01-07,42.950001,42.970001,41.740002,41.869999,41.315479,27613300
2026-01-08,41.820000,42.290001,41.810001,41.990002,41.433895,22853300
2026-01-09,42.520000,42.889999,42.490002,42.509998,41.947002,21518300
2026-01-12,42.380001,42.709999,42.299999,42.580002,42.016083,16810600
2026-01-13,42.619999,42.959999,42.419998,42.849998,42.282505,22207400
2026-01-14,42.810001,43.320000,42.770000,43.169998,42.598263,21403100
2026-01-15,43.320000,43.820000,43.320000,43.610001,43.032436,21762700
2026-01-16,43.169998,43.520000,42.939999,43.389999,42.815353,27803600
2026-01-20,43.119999,43.360001,42.830002,42.959999,42.391045,25300900
2026-01-21,43.310001,43.310001,42.689999,43.020000,42.450253,33736500
2026-01-22,43.200001,43.270000,42.599998,42.709999,42.144356,26170700
2026-01-23,42.709999,42.750000,42.299999,42.560001,41.996346,26527200
2026-01-26,42.700001,43.180000,42.660000,42.869999,42.302238,19254000
2026-01-27,42.820000,43.549999,42.599998,43.430000,42.854824,31070500
2026-01-28,43.500000,43.669998,43.130001,43.330002,42.756149,25183600
2026-01-29,43.509998,43.770000,43.080002,43.330002,42.756149,27417900
2026-01-30,43.230000,43.380001,42.770000,43.250000,42.677208,27998400
2026-02-02,43.299999,43.480000,42.549999,42.619999,42.055546,32847600
2026-02-03,42.660000,43.419998,42.660000,43.240002,42.667339,35525500
2026-02-04,43.470001,43.650002,42.990002,43.080002,42.509460,30994300
2026-02-05,43.220001,43.369999,42.869999,43.099998,42.529194,31475400
2026-02-06,43.490002,43.860001,42.980000,43.349998,42.775883,30530100
2026-02-09,43.369999,43.549999,43.060001,43.480000,42.904160,21173900
2026-02-10,43.750000,44.529999,43.560001,44.200001,43.614628,34683600
2026-02-11,44.360001,44.630001,44.139999,44.590000,43.999462,25614800
2026-02-12,44.790001,45.740002,44.740002,45.250000,44.650719,45623300
2026-02-13,45.200001,46.599998,45.200001,46.500000,45.884167,42451800
2026-02-17,46.799999,47.080002,46.240002,46.380001,45.765755,32424000
2026-02-18,46.610001,46.610001,45.509998,45.610001,45.005951,32841500
2026-02-19,45.779999,46.180000,45.680000,46.110001,45.499329,24172500
2026-02-20,46.299999,46.490002,45.880001,46.330002,45.716415,22623200
2026-02-23,46.470001,46.959999,46.369999,46.680000,46.061779,33130900
2026-02-24,46.639999,47.230000,46.290001,47.200001,46.574894,29503300
2026-02-25,47.209999,47.430000,46.599998,47.360001,46.732773,22356600
2026-02-26,47.270000,47.389999,46.910000,47.180000,46.555157,30578600
2026-02-27,47.200001,47.799999,47.130001,47.730000,47.097874,39759600
2026-03-02,47.410000,47.740002,47.360001,47.369999,46.742641,33087300
2026-03-03,46.700001,47.450001,45.959999,47.070000,46.446613,60946600
2026-03-04,47.090000,47.419998,46.759998,47.270000,46.643967,24020800
2026-03-05,46.950001,47.020000,46.470001,46.900002,46.278870,29794500
2026-03-06,46.630001,46.959999,46.340000,46.740002,46.120987,25001700
2026-03-09,46.560001,46.950001,46.040001,46.849998,46.229530,27759000
2026-03-10,46.639999,47.040001,46.470001,46.560001,45.943371,24935900
2026-03-11,46.500000,46.560001,46.000000,46.169998,45.558533,20026100
2026-03-12,46.000000,47.040001,45.959999,46.500000,45.884167,27419900
2026-03-13,46.970001,47.320000,46.860001,46.959999,46.338070,31521000
2026-03-16,47.450001,47.500000,46.950001,47.259998,46.634094,19775400
2026-03-17,47.520000,47.639999,47.080002,47.130001,46.505821,18502300
2026-03-18,46.950001,47.150002,46.730000,46.730000,46.111118,31063500
2026-03-19,46.650002,46.900002,46.040001,46.540001,45.923637,29544000
2026-03-20,46.459999,46.660000,44.430000,44.650002,44.058666,47128300
2026-03-23,44.930000,45.189999,44.570000,44.779999,44.495872,31574300
2026-03-24,44.560001,45.540001,44.490002,45.090000,44.803905,24183800
2026-03-25,45.520000,45.650002,45.209999,45.250000,44.962891,22297400
2026-03-26,45.240002,45.480000,45.020000,45.330002,45.042385,19988000
2026-03-27,45.369999,46.080002,45.299999,45.590000,45.300732,26172900
2026-03-30,46.169998,46.340000,45.759998,45.919998,45.628635,28363600
2026-03-31,45.849998,45.950001,45.259998,45.889999,45.598827,42852800
2026-04-01,45.779999,46.279999,45.700001,46.110001,45.817432,31185100
2026-04-02,46.040001,46.590000,45.910000,46.340000,46.045975,17331800
2026-04-06,46.150002,46.500000,46.090000,46.169998,45.877052,12939500
2026-04-07,46.060001,46.430000,46.040001,46.270000,45.976418,13657000
2026-04-08,46.290001,46.779999,45.980000,46.779999,46.483181,18879700
2026-04-09,46.660000,47.709999,46.619999,47.150002,46.850838,23274600
2026-04-10,47.060001,47.459999,46.869999,46.959999,46.662041,15052100
2026-04-13,46.840000,46.880001,46.119999,46.389999,46.095657,17795700
2026-04-14,46.400002,46.560001,45.900002,46.470001,46.175152,25118600
2026-04-15,46.310001,46.320000,45.880001,46.020000,45.728004,24843900
2026-04-16,46.000000,46.369999,45.840000,46.349998,46.055908,26945000
2026-04-17,46.230000,46.279999,45.639999,46.160000,45.867115,17601500
2026-04-20,46.119999,46.340000,45.650002,45.750000,45.459717,14376100
2026-04-21,45.910000,45.950001,44.910000,44.950001,44.664795,19596900
2026-04-22,45.340000,45.619999,44.709999,44.869999,44.585300,21731700
2026-04-23,45.369999,46.139999,45.200001,46.090000,45.797562,23864300
2026-04-24,46.029999,46.299999,45.740002,46.180000,45.886990,24158700
2026-04-27,46.369999,46.500000,46.169998,46.189999,45.896923,14543100
2026-04-28,46.439999,46.520000,46.040001,46.250000,45.956547,13016000
2026-04-29,46.070000,46.270000,45.560001,45.680000,45.390163,12655100
2026-04-30,45.849998,46.889999,45.849998,46.849998,46.552738,22378500
2026-05-01,46.840000,47.299999,46.520000,46.549999,46.254642,15507000
2026-05-04,46.259998,46.849998,46.090000,46.369999,46.075783,18054200
2026-05-05,46.529999,46.820000,46.360001,46.369999,46.075783,17499600
2026-05-06,46.279999,46.380001,45.639999,45.709999,45.419971,26315500
2026-05-07,45.619999,45.680000,45.000000,45.119999,44.833714,23499400
2026-05-08,45.360001,45.509998,44.689999,44.720001,44.436253,18158100
2026-05-11,45.099998,45.310001,44.830002,45.139999,44.853588,22669300
2026-05-12,45.060001,45.380001,44.799999,45.189999,44.903271,28240500
2026-05-13,44.799999,44.820000,44.360001,44.669998,44.386570,27268600
2026-05-14,44.630001,44.919998,44.549999,44.900002,44.615112,18472900
2026-05-15,44.709999,44.770000,43.830002,43.869999,43.591644,21857600
2026-05-18,44.070000,44.209999,43.529999,43.939999,43.661201,31554300
2026-05-19,43.820000,44.410000,43.619999,44.340000,44.058662,22307100
2026-05-20,44.660000,44.860001,44.410000,44.509998,44.227585,17584800
2026-05-21,44.549999,45.009998,44.439999,45.000000,44.714478,18781100
2026-05-22,45.060001,45.439999,44.919998,45.349998,45.062252,15187100
2026-05-26,45.590000,45.639999,45.330002,45.330002,45.042385,13738200
2026-05-27,45.250000,45.369999,44.950001,45.139999,44.853588,16869400
2026-05-28,45.029999,45.270000,44.580002,44.630001,44.346825,19383000
2026-05-29,44.669998,44.720001,44.250000,44.419998,44.138153,23048500
2026-06-01,43.900002,43.959999,43.070000,43.099998,42.826530,31206300
2026-06-02,43.209999,43.959999,43.180000,43.900002,43.621456,27366300
2026-06-03,43.959999,44.480000,43.680000,43.709999,43.432659,21948600
2026-06-04,43.869999,44.110001,43.340000,43.939999,43.661201,18216500
2026-06-05,44.040001,44.619999,43.970001,44.349998,44.068600,21351600
2026-06-08,44.320000,44.380001,43.470001,43.520000,43.243866,20843500
2026-06-09,43.639999,44.080002,43.470001,43.980000,43.700947,20424800
2026-06-10,44.220001,44.279999,43.790001,44.000000,43.720821,17778000
2026-06-11,44.220001,44.520000,44.009998,44.049999,43.770504,19146300
2026-06-12,44.189999,44.610001,44.189999,44.529999,44.247456,17942600
2026-06-15,44.480000,45.000000,44.189999,44.740002,44.456127,18437600
2026-06-16,44.840000,45.500000,44.759998,45.060001,44.774097,16396600
2026-06-17,44.820000,45.169998,44.240002,44.459999,44.177902,22210400
2026-06-18,44.599998,45.340000,44.529999,44.759998,44.475998,36828300
2026-06-22,44.480000,44.970001,44.430000,44.720001,44.720001,21868600
2026-06-23,44.750000,45.200001,44.459999,45.070000,45.070000,22295600
2026-06-24,45.290001,45.599998,45.090000,45.540001,45.540001,18884500
2026-06-25,45.660000,46.189999,45.500000,45.849998,45.849998,19262800
2026-06-26,46.000000,46.230000,45.889999,46.200001,46.200001,19479300
2026-06-29,46.200001,46.310001,45.770000,46.020000,46.020000,17917800
2026-06-30,45.860001,45.950001,45.320000,45.340000,45.340000,18906800
2026-07-01,45.240002,45.360001,44.639999,44.770000,44.770000,29493100
2026-07-02,45.029999,45.799999,45.000000,45.759998,45.759998,24327900
2026-07-06,45.709999,45.830002,45.110001,45.299999,45.299999,19176600
2026-07-07,45.630001,46.320000,45.529999,45.700001,45.700001,18962700
2026-07-08,45.740002,45.820000,45.310001,45.360001,45.360001,14863200
2026-07-09,45.560001,45.660000,45.040001,45.130001,45.130001,19667800
2026-07-10,45.119999,45.480000,45.090000,45.410000,45.410000,14050300
2026-07-13,45.450001,45.880001,45.430000,45.720001,45.720001,15732100
2026-07-14,45.930000,46.279999,45.560001,45.689999,45.689999,17386900
2026-07-15,45.730000,45.950001,45.169998,45.220001,45.220001,15909500
2026-07-16,45.240002,45.619999,45.119999,45.470001,45.470001,15615700
2026-07-17,45.900002,46.150002,45.060001,45.169998,45.169998,20924600
2026-07-20,45.330002,45.660000,44.810001,44.939999,44.939999,17830900
2026-07-21,44.869999,45.029999,44.639999,44.919998,44.919998,15111141
