Date,Open,High,Low,Close,AdjClose,Volume
2005-01-03,30.450001,30.450001,29.820000,29.840000,20.733540,606200
2005-01-04,29.980000,30.049999,29.469999,29.600000,20.566776,454300
2005-01-05,29.580000,29.740000,29.540001,29.549999,20.532036,448300
2005-01-06,29.700001,29.879999,29.549999,29.770000,20.684891,1247500
2005-01-07,29.850000,29.900000,29.709999,29.750000,20.670998,173600
2005-01-10,29.850000,30.049999,29.740000,30.010000,20.851652,456100
2005-01-11,29.799999,29.940001,29.740000,29.799999,20.705748,570800
2005-01-12,29.950001,30.040001,29.760000,30.000000,20.844711,318000
2005-01-13,30.000000,30.040001,29.510000,29.549999,20.532036,247500
2005-01-14,29.650000,29.730000,29.500000,29.670000,20.615412,275800
2005-01-18,29.700001,29.910000,29.580000,29.910000,20.782171,255500
2005-01-19,30.000000,30.000000,29.709999,29.719999,20.650156,549300
2005-01-20,29.650000,29.809999,29.540001,29.570000,20.545931,509700
2005-01-21,29.700001,29.700001,29.370001,29.370001,20.406969,350300
2005-01-24,29.500000,29.500000,29.120001,29.120001,20.233267,341200
2005-01-25,29.400000,29.510000,29.280001,29.320000,20.372227,174900
2005-01-26,29.410000,29.639999,29.400000,29.500000,20.497295,498200
2005-01-27,29.600000,29.600000,29.350000,29.440001,20.455606,741800
2005-01-28,29.500000,29.540001,29.090000,29.200001,20.288845,506200
2005-01-31,29.340000,29.400000,29.110001,29.250000,20.323584,690500
2005-02-01,29.350000,29.530001,29.250000,29.530001,20.518137,806900
2005-02-02,29.400000,29.680000,29.400000,29.650000,20.601513,327600
2005-02-03,29.700001,29.700001,29.469999,29.559999,20.538982,407700
2005-02-04,29.600000,29.850000,29.490000,29.830000,20.726585,369100
2005-02-07,29.600000,29.940001,29.600000,29.850000,20.740488,671100
2005-02-08,29.830000,29.980000,29.830000,29.920000,20.789118,434800
2005-02-09,29.950001,30.059999,29.590000,29.600000,20.566776,485000
2005-02-10,29.700001,29.750000,29.510000,29.650000,20.601513,314000
2005-02-11,29.670000,30.129999,29.670000,29.950001,20.809967,281600
2005-02-14,30.000000,30.020000,29.860001,29.969999,20.823866,415000
2005-02-15,30.049999,30.100000,29.889999,29.959999,20.816914,214100
2005-02-16,30.000000,30.000000,29.760000,29.920000,20.789118,211300
2005-02-17,29.879999,29.990000,29.790001,29.879999,20.761328,198500
2005-02-18,29.990000,30.379999,29.809999,30.330000,21.074001,947900
2005-02-22,30.400000,30.410000,29.910000,29.969999,20.823866,3282500
2005-02-23,30.100000,30.219999,29.969999,30.110001,20.921135,482400
2005-02-24,30.219999,30.379999,29.920000,30.340000,21.080948,410100
2005-02-25,30.299999,30.629999,30.299999,30.590000,21.254648,448200
2005-02-28,30.700001,30.700001,30.020000,30.129999,20.935038,779800
2005-03-01,30.299999,30.440001,30.290001,30.370001,21.101791,390800
2005-03-02,30.400000,30.620001,30.260000,30.400000,21.122641,758500
2005-03-03,30.600000,30.620001,30.280001,30.370001,21.101791,312900
2005-03-04,30.520000,30.670000,30.500000,30.650000,21.296347,333800
2005-03-07,30.600000,30.879999,30.600000,30.719999,21.344975,438600
2005-03-08,30.799999,30.799999,30.480000,30.520000,21.206009,731200
2005-03-09,30.629999,30.629999,30.280001,30.330000,21.074001,386000
2005-03-10,30.500000,30.549999,30.340000,30.440001,21.150440,577600
2005-03-11,30.549999,30.549999,30.100000,30.200001,20.983671,428700
2005-03-14,30.250000,30.270000,30.000000,30.250000,21.018408,1195700
2005-03-15,30.320000,30.340000,29.879999,29.900000,20.775221,688100
2005-03-16,29.830000,29.910000,29.559999,29.610001,20.573727,1745900
2005-03-17,29.719999,29.750000,29.520000,29.709999,20.643208,196200
2005-03-18,29.580000,29.740000,29.400000,29.580000,20.622980,1285200
2005-03-21,29.660000,29.680000,29.330000,29.459999,20.539324,667400
2005-03-22,29.650000,29.709999,29.410000,29.469999,20.546293,233000
2005-03-23,29.469999,29.850000,29.469999,29.790001,20.769403,274800
2005-03-24,29.950001,30.020000,29.770000,29.799999,20.776369,612300
2005-03-28,29.950001,29.950001,29.780001,29.780001,20.762428,243500
2005-03-29,29.799999,29.900000,29.660000,29.680000,20.692705,525700
2005-03-30,29.719999,30.150000,29.719999,30.150000,21.020395,304700
2005-03-31,30.150000,30.150000,29.820000,29.860001,20.818205,898600
2005-04-01,30.040001,30.100000,29.540001,29.600000,20.636936,344700
2005-04-04,29.750000,29.900000,29.600000,29.750000,20.741512,215800
2005-04-05,30.030001,30.360001,30.020000,30.350000,21.159826,456500
2005-04-06,30.410000,30.580000,30.350000,30.370001,21.173773,1220800
2005-04-07,30.350000,30.690001,30.160000,30.680000,21.389898,1007500
2005-04-08,30.650000,30.709999,30.400000,30.459999,21.236525,552900
2005-04-11,30.600000,30.600000,30.400000,30.430000,21.215605,417200
2005-04-12,30.340000,30.650000,30.150000,30.629999,21.355038,373100
2005-04-13,30.680000,30.900000,30.500000,30.770000,21.452652,420600
2005-04-14,30.850000,30.850000,30.590000,30.650000,21.368982,1148000
2005-04-15,30.750000,31.100000,30.750000,30.799999,21.473570,4044300
2005-04-18,31.400000,31.400000,30.370001,30.590000,21.327148,1153800
2005-04-19,30.639999,30.730000,30.370001,30.570000,21.313213,926900
2005-04-20,30.650000,30.650000,30.120001,30.190001,21.048279,433100
2005-04-21,30.549999,30.629999,30.330000,30.600000,21.334129,429400
2005-04-22,30.730000,30.730000,30.350000,30.490000,21.257433,795200
2005-04-25,30.600000,30.700001,30.430000,30.559999,21.306246,344500
2005-04-26,30.600000,30.680000,30.370001,30.370001,21.173773,345200
2005-04-27,30.330000,30.670000,30.190001,30.600000,21.334129,339100
2005-04-28,30.430000,30.650000,30.400000,30.450001,21.229553,347100
2005-04-29,30.580000,30.900000,30.410000,30.900000,21.543283,429800
2005-05-02,31.049999,31.049999,30.870001,31.030001,21.633924,502700
2005-05-03,31.049999,31.150000,30.879999,31.010000,21.619974,2936300
2005-05-04,31.150000,31.330000,31.000000,31.320000,21.836100,532500
2005-05-05,31.400000,31.400000,31.180000,31.309999,21.829138,637000
2005-05-06,31.549999,31.549999,31.170000,31.170000,21.731525,1699700
2005-05-09,31.260000,31.420000,31.090000,31.400000,21.891884,1036100
2005-05-10,31.450001,31.450001,31.139999,31.200001,21.752453,550000
2005-05-11,31.150000,31.370001,31.020000,31.330000,21.843088,573500
2005-05-12,31.400000,31.500000,31.219999,31.290001,21.815199,716500
2005-05-13,31.280001,31.350000,30.850000,31.080000,21.668776,1828500
2005-05-16,31.200001,31.450001,31.150000,31.450001,21.926746,653500
2005-05-17,31.450001,31.459999,31.139999,31.430000,21.912796,1428900
2005-05-18,31.559999,31.629999,31.420000,31.500000,21.961609,628700
2005-05-19,31.549999,31.600000,31.320000,31.490000,21.954624,490300
2005-05-20,30.570000,31.549999,30.570000,31.469999,21.940689,311400
2005-05-23,31.459999,31.629999,31.360001,31.530001,21.982519,508600
2005-05-24,31.600000,31.650000,31.500000,31.570000,22.010408,540200
2005-05-25,31.600000,31.600000,31.250000,31.370001,21.870964,748700
2005-05-26,31.400000,31.549999,31.400000,31.490000,21.954624,821000
2005-05-27,31.650000,31.650000,31.340000,31.389999,21.884912,791100
2005-05-31,31.500000,31.500000,31.219999,31.290001,21.815199,1182500
2005-06-01,31.340000,31.469999,31.200001,31.370001,21.870964,591900
2005-06-02,31.350000,31.450001,31.250000,31.370001,21.870964,408900
2005-06-03,31.400000,31.400000,31.190001,31.260000,21.794277,1874900
2005-06-06,31.240000,31.360001,31.180000,31.270000,21.801256,537100
2005-06-07,31.360001,31.549999,31.250000,31.280001,21.808216,453800
2005-06-08,31.370001,31.370001,31.010000,31.059999,21.654835,494900
2005-06-09,31.070000,31.290001,31.020000,31.190001,21.745478,373200
2005-06-10,31.150000,31.280001,31.010000,31.120001,21.696657,966000
2005-06-13,31.200001,31.370001,31.040001,31.250000,21.787302,363300
2005-06-14,31.350000,31.600000,31.250000,31.520000,21.975550,1039800
2005-06-15,31.650000,31.650000,31.260000,31.400000,21.891884,685800
2005-06-16,31.549999,31.610001,31.450001,31.600000,22.031322,979500
2005-06-17,31.400000,31.770000,31.400000,31.660000,22.140413,536300
2005-06-20,31.750000,31.750000,31.500000,31.620001,22.112444,484500
2005-06-21,31.700001,31.700001,31.510000,31.570000,22.077471,400800
2005-06-22,31.500000,31.660000,31.430000,31.459999,22.000546,507300
2005-06-23,31.500000,31.530001,31.240000,31.250000,21.853699,561800
2005-06-24,31.350000,31.350000,31.100000,31.100000,21.748798,358200
2005-06-27,31.100000,31.110001,30.900000,30.969999,21.657883,869400
2005-06-28,31.200001,31.290001,31.090000,31.280001,21.874668,529200
2005-06-29,31.400000,31.400000,31.200001,31.240000,21.846706,403100
2005-06-30,31.270000,31.299999,30.969999,31.030001,21.699852,625900
2005-07-01,31.100000,31.100000,30.870001,30.990000,21.671869,483900
2005-07-05,30.879999,31.190001,30.850000,31.100000,21.748798,443900
2005-07-06,30.990000,31.150000,30.850000,30.900000,21.608931,1084000
2005-07-07,30.600000,30.930000,30.600000,30.889999,21.601940,387400
2005-07-08,30.959999,31.340000,30.850000,31.260000,21.860685,667900
2005-07-11,31.350000,31.450001,31.190001,31.360001,21.930618,545800
2005-07-12,31.400000,31.420000,31.230000,31.340000,21.916630,583600
2005-07-13,31.309999,31.350000,31.090000,31.170000,21.797741,728300
2005-07-14,31.350000,31.450001,31.250000,31.360001,21.930618,1118500
2005-07-15,31.400000,31.549999,31.360001,31.510000,22.035519,454500
2005-07-18,31.549999,31.549999,31.299999,31.320000,21.902649,626500
2005-07-19,31.450001,31.469999,31.219999,31.330000,21.909649,322600
2005-07-20,31.500000,31.809999,31.500000,31.780001,22.224339,1247900
2005-07-21,31.750000,31.780001,31.370001,31.440001,21.986568,709000
2005-07-22,31.500000,31.500000,31.290001,31.400000,21.958591,838100
2005-07-25,31.500000,31.500000,31.200001,31.209999,21.825712,506400
2005-07-26,31.400000,31.469999,31.219999,31.360001,21.930618,431400
2005-07-27,31.500000,31.690001,31.389999,31.650000,22.133421,424100
2005-07-28,31.700001,32.000000,31.690001,31.950001,22.343218,1833600
2005-07-29,32.000000,32.000000,31.730000,31.730000,22.189362,958000
2005-08-01,31.950001,32.040001,31.820000,31.889999,22.301258,1020700
2005-08-02,31.969999,32.070000,31.850000,32.009998,22.385178,725300
2005-08-03,31.950001,32.090000,31.900000,32.090000,22.441120,723600
2005-08-04,32.009998,32.060001,31.770000,31.770000,22.217339,694700
2005-08-05,31.740000,31.740000,31.520000,31.549999,22.063486,597400
2005-08-08,31.650000,31.670000,31.360001,31.430000,21.979570,416500
2005-08-09,31.500000,31.790001,31.500000,31.790001,22.231325,394400
2005-08-10,31.809999,32.040001,31.690001,31.740000,22.196360,1930400
2005-08-11,31.750000,31.990000,31.719999,31.930000,22.329235,432600
2005-08-12,31.900000,31.910000,31.650000,31.750000,22.203348,204700
2005-08-15,31.709999,31.850000,31.629999,31.770000,22.217339,521500
2005-08-16,31.830000,31.850000,31.540001,31.549999,22.063486,431800
2005-08-17,31.549999,31.750000,31.510000,31.610001,22.105453,403500
2005-08-18,31.620001,31.770000,31.530001,31.620001,22.112444,375700
2005-08-19,31.850000,31.850000,31.389999,31.400000,21.958591,1864600
2005-08-22,31.410000,31.559999,31.260000,31.400000,21.958591,1283000
2005-08-23,31.389999,31.389999,31.160000,31.200001,21.818729,2321400
2005-08-24,31.299999,31.440001,31.090000,31.100000,21.748798,1617800
2005-08-25,31.150000,31.250000,31.110001,31.139999,21.776773,966900
2005-08-26,31.200001,31.200001,30.990000,31.030001,21.699852,718300
2005-08-29,30.990000,31.370001,30.750000,31.340000,21.916630,1147400
2005-08-30,31.250000,31.330000,31.110001,31.299999,21.888660,394700
2005-08-31,31.280001,31.650000,31.190001,31.620001,22.112444,691500
2005-09-01,31.700001,32.000000,31.559999,31.629999,22.119438,485300
2005-09-02,31.730000,31.780001,31.580000,31.610001,22.105453,817000
2005-09-06,31.610001,32.130001,31.610001,32.110001,22.455109,641900
2005-09-07,32.200001,32.400002,32.180000,32.320000,22.601969,1813800
2005-09-08,32.340000,32.450001,32.150002,32.299999,22.587984,1928900
2005-09-09,32.349998,32.490002,32.279999,32.410000,22.664906,665000
2005-09-12,32.500000,32.520000,32.270000,32.299999,22.587984,566500
2005-09-13,32.299999,32.299999,31.910000,31.959999,22.350210,776400
2005-09-14,32.000000,32.099998,31.840000,31.870001,22.287271,1536900
2005-09-15,31.850000,32.040001,31.820000,31.850000,22.273287,650600
2005-09-16,31.900000,32.020000,31.760000,32.000000,22.445835,509400
2005-09-19,31.950001,31.990000,31.680000,31.770000,22.284510,688400
2005-09-20,31.770000,31.870001,31.469999,31.530001,22.116175,613200
2005-09-21,31.340000,31.590000,31.340000,31.379999,22.010948,1017400
2005-09-22,31.459999,31.549999,31.260000,31.450001,22.060051,1725700
2005-09-23,31.250000,31.620001,31.240000,31.469999,22.074081,1253300
2005-09-26,31.660000,31.660000,31.230000,31.420000,22.039007,463300
2005-09-27,31.420000,31.440001,31.200001,31.240000,21.912752,472200
2005-09-28,31.350000,31.420000,31.160000,31.260000,21.926781,470500
2005-09-29,31.120001,31.370001,31.010000,31.330000,21.975885,700100
2005-09-30,31.350000,31.379999,31.230000,31.350000,21.989906,957000
2005-10-03,31.450001,31.490000,31.250000,31.379999,22.010948,1464100
2005-10-04,30.430000,31.790001,30.430000,31.510000,22.102133,618700
2005-10-05,31.510000,31.520000,30.990000,30.990000,21.737391,1116100
2005-10-06,31.000000,31.110001,30.540001,30.780001,21.590092,2054400
2005-10-07,30.950001,30.950001,30.730000,30.750000,21.569048,450900
2005-10-10,30.799999,30.879999,30.570000,30.709999,21.540991,1276300
2005-10-11,30.750000,30.900000,30.410000,30.450001,21.358620,712400
2005-10-12,30.400000,30.799999,30.400000,30.520000,21.407713,1276500
2005-10-13,30.480000,30.780001,30.440001,30.670000,21.512930,1285300
2005-10-14,30.750000,30.930000,29.860001,30.809999,21.611130,1362300
2005-10-17,30.750000,30.850000,30.650000,30.799999,21.604115,895500
2005-10-18,30.850000,30.930000,30.730000,30.760000,21.576063,1029900
2005-10-19,30.620001,31.110001,30.600000,31.059999,21.786493,1051800
2005-10-20,31.150000,31.150000,30.350000,30.420000,21.337572,1750100
2005-10-21,30.700001,30.700001,30.150000,30.230000,21.204302,1361700
2005-10-24,30.200001,30.480000,30.180000,30.480000,21.379663,937700
2005-10-25,30.500000,30.500000,30.059999,30.290001,21.246389,1216500
2005-10-26,30.209999,30.309999,29.910000,29.910000,20.979845,1346900
2005-10-27,29.980000,30.020000,29.780001,29.799999,20.902687,2871100
2005-10-28,29.850000,30.260000,29.850000,30.250000,21.218332,1076600
2005-10-31,30.450001,30.520000,30.309999,30.389999,21.316528,1238900
2005-11-01,30.450001,30.450001,30.200001,30.299999,21.253407,1293600
2005-11-02,30.180000,30.360001,30.139999,30.299999,21.253407,1188900
2005-11-03,29.500000,30.700001,29.500000,30.490000,21.386679,1788800
2005-11-04,30.480000,30.680000,30.480000,30.650000,21.498899,507900
2005-11-07,30.799999,30.799999,30.530001,30.709999,21.540991,508900
2005-11-08,30.650000,30.709999,30.610001,30.639999,21.491888,576000
2005-11-09,30.670000,30.760000,30.540001,30.670000,21.512930,328100
2005-11-10,30.690001,31.090000,30.680000,31.070000,21.793507,1473800
2005-11-11,31.090000,31.129999,30.860001,31.080000,21.800514,1651500
2005-11-14,31.129999,31.129999,30.809999,30.870001,21.653225,296900
2005-11-15,30.870001,31.200001,30.870001,31.030001,21.765446,451600
2005-11-16,31.120001,31.150000,30.889999,30.969999,21.723366,328200
2005-11-17,31.049999,31.170000,30.930000,31.129999,21.835594,397200
2005-11-18,31.299999,31.320000,31.129999,31.260000,21.926781,1958400
2005-11-21,31.350000,31.350000,31.139999,31.320000,21.968861,514500
2005-11-22,31.299999,31.350000,31.059999,31.139999,21.842615,684600
2005-11-23,31.200001,31.260000,31.090000,31.219999,21.898722,718500
2005-11-25,31.230000,31.299999,31.200001,31.260000,21.926781,115200
2005-11-28,31.290001,31.290001,30.889999,30.930000,21.695305,861200
2005-11-29,31.070000,31.160000,30.940001,30.959999,21.716341,490500
2005-11-30,30.980000,31.059999,30.760000,30.760000,21.576063,542000
2005-12-01,31.000000,31.120001,30.930000,31.070000,21.793507,488200
2005-12-02,31.000000,31.200001,30.920000,31.180000,21.870661,585700
2005-12-05,31.180000,31.250000,31.100000,31.240000,21.912752,2846000
2005-12-06,31.280001,31.400000,31.150000,31.180000,21.870661,719200
2005-12-07,31.150000,31.160000,30.959999,31.049999,21.779474,887300
2005-12-08,31.020000,31.299999,31.020000,31.160000,21.856632,338800
2005-12-09,31.160000,31.280001,31.120001,31.200001,21.884701,492600
2005-12-12,31.299999,31.340000,30.950001,31.209999,21.891701,753200
2005-12-13,31.160000,31.600000,31.160000,31.549999,22.130194,1674000
2005-12-14,31.629999,31.809999,31.559999,31.639999,22.193331,3037800
2005-12-15,31.860001,31.860001,31.650000,31.730000,22.256449,569300
2005-12-16,31.820000,31.850000,31.700001,31.700001,22.308527,501300
2005-12-19,31.959999,32.299999,31.950001,31.980000,22.505579,985000
2005-12-20,32.060001,32.080002,31.900000,31.940001,22.477419,408200
2005-12-21,32.380001,32.380001,31.980000,32.040001,22.547802,469200
2005-12-22,32.209999,32.310001,32.049999,32.250000,22.695580,625600
2005-12-23,32.360001,32.369999,32.230000,32.290001,22.723732,741800
2005-12-27,32.500000,32.500000,32.009998,32.029999,22.540754,432600
2005-12-28,32.160000,32.209999,32.020000,32.029999,22.540754,323300
2005-12-29,32.189999,32.189999,31.900000,31.920000,22.463343,462300
2005-12-30,31.850000,31.850000,31.670000,31.719999,22.322601,417500
2006-01-03,31.780001,32.189999,31.670000,32.110001,22.597059,1230000
2006-01-04,32.130001,32.459999,32.130001,32.430000,22.822260,2160600
2006-01-05,32.770000,32.770000,32.290001,32.349998,22.765957,1261100
2006-01-06,32.480000,32.630001,32.389999,32.560001,22.913750,774900
2006-01-09,32.660000,32.740002,32.560001,32.709999,23.019304,622700
2006-01-10,32.950001,32.950001,32.480000,32.590000,22.934855,823300
2006-01-11,32.490002,32.639999,32.439999,32.509998,22.878548,1015600
2006-01-12,32.410000,32.560001,32.410000,32.480000,22.857439,547900
2006-01-13,33.110001,33.110001,32.290001,32.459999,22.843374,878500
2006-01-17,32.230000,32.400002,32.230000,32.369999,22.780029,1063700
2006-01-18,32.400002,32.490002,32.320000,32.419998,22.815220,1213900
2006-01-19,32.610001,32.709999,32.310001,32.590000,22.934855,2798500
2006-01-20,32.599998,32.599998,31.959999,31.969999,22.498537,3070600
2006-01-23,32.020000,32.040001,31.809999,31.950001,22.484461,1085000
2006-01-24,31.879999,31.959999,31.730000,31.799999,22.378902,1173700
2006-01-25,31.900000,31.969999,31.639999,31.760000,22.350758,1425200
2006-01-26,31.840000,32.040001,31.830000,31.920000,22.463343,1221300
2006-01-27,31.959999,32.340000,31.959999,32.290001,22.723732,1228700
2006-01-30,32.389999,32.490002,32.110001,32.139999,22.618166,977700
2006-01-31,31.610001,32.209999,31.610001,32.130001,22.611143,2370400
2006-02-01,32.290001,32.430000,32.209999,32.330002,22.751881,1472700
2006-02-02,32.439999,32.439999,31.990000,32.070000,22.568914,900500
2006-02-03,32.020000,32.169998,31.860001,32.009998,22.526682,823400
2006-02-06,31.889999,31.900000,31.620001,31.719999,22.322601,924800
2006-02-07,31.750000,31.870001,31.600000,31.670000,22.287418,1328600
2006-02-08,31.629999,32.080002,31.510000,32.080002,22.575949,1537800
2006-02-09,32.080002,32.349998,32.080002,32.110001,22.597059,1491900
2006-02-10,31.920000,32.049999,31.770000,32.040001,22.547802,812200
2006-02-13,32.020000,32.029999,31.840000,32.000000,22.519646,644600
2006-02-14,32.660000,32.660000,32.049999,32.310001,22.737818,900300
2006-02-15,32.310001,32.540001,32.259998,32.500000,22.871513,974500
2006-02-16,32.509998,32.730000,32.419998,32.709999,23.019304,1161200
2006-02-17,32.529999,32.720001,32.520000,32.689999,23.005232,756200
2006-02-21,32.740002,32.810001,32.450001,32.520000,22.885592,692800
2006-02-22,32.470001,32.840000,32.470001,32.799999,23.082642,641800
2006-02-23,32.720001,32.799999,32.580002,32.680000,22.998192,790800
2006-02-24,32.660000,32.759998,32.560001,32.680000,22.998192,665900
2006-02-27,32.700001,33.029999,32.700001,32.930000,23.174131,1548200
2006-02-28,32.799999,32.799999,32.410000,32.500000,22.871513,912700
2006-03-01,32.459999,32.570000,32.310001,32.529999,22.892624,1319700
2006-03-02,32.500000,32.529999,32.360001,32.470001,22.850407,757400
2006-03-03,32.369999,32.660000,32.330002,32.360001,22.772999,795500
2006-03-06,32.360001,32.380001,32.099998,32.189999,22.653362,954100
2006-03-07,32.099998,32.360001,32.099998,32.200001,22.660402,1244300
2006-03-08,32.130001,32.529999,32.130001,32.419998,22.815220,490900
2006-03-09,32.500000,32.509998,32.279999,32.310001,22.737818,381500
2006-03-10,32.389999,32.490002,32.310001,32.430000,22.822260,626700
2006-03-13,32.630001,32.630001,32.349998,32.410000,22.808182,761900
2006-03-14,32.410000,32.650002,32.360001,32.639999,22.970037,868500
2006-03-15,32.709999,32.779999,32.560001,32.750000,23.047455,729000
2006-03-16,32.750000,32.820000,32.680000,32.750000,23.047455,815000
2006-03-17,32.750000,32.790001,32.660000,32.720001,23.101814,395200
2006-03-20,32.770000,32.849998,32.650002,32.779999,23.144182,745800
2006-03-21,32.730000,32.820000,32.459999,32.580002,23.002979,1330400
2006-03-22,32.619999,32.919998,32.610001,32.910000,23.235970,559600
2006-03-23,32.799999,32.799999,32.560001,32.730000,23.108885,1707700
2006-03-24,32.599998,32.790001,32.599998,32.680000,23.073580,465500
2006-03-27,32.590000,32.610001,32.389999,32.430000,22.897062,778800
2006-03-28,32.240002,32.380001,32.099998,32.130001,22.685257,1013700
2006-03-29,32.330002,32.330002,32.130001,32.220001,22.748796,503300
2006-03-30,32.139999,32.400002,32.070000,32.160000,22.706432,690200
2006-03-31,32.119999,32.230000,31.950001,31.980000,22.579346,895800
2006-04-03,32.099998,32.189999,31.950001,31.959999,22.565224,2382100
2006-04-04,32.049999,32.080002,31.840000,32.000000,22.593468,2518900
2006-04-05,31.870001,32.040001,31.850000,31.900000,22.522858,1908800
2006-04-06,31.870001,31.870001,31.510000,31.660000,22.353407,2216300
2006-04-07,31.740000,31.790001,31.250000,31.280001,22.085117,1833100
2006-04-10,31.299999,31.299999,31.020000,31.219999,22.042757,1887700
2006-04-11,31.230000,31.230000,30.730000,30.879999,21.802694,2293300
2006-04-12,30.900000,31.090000,30.860001,31.090000,21.950960,4217500
2006-04-13,30.920000,31.070000,30.889999,31.020000,21.901543,1763700
2006-04-17,31.030001,31.030001,30.730000,30.840000,21.774452,1521400
2006-04-18,30.980000,31.150000,30.879999,31.129999,21.979200,7651600
2006-04-19,31.110001,31.110001,30.830000,30.950001,21.852114,1405900
2006-04-20,31.010000,31.270000,30.950001,31.230000,22.049809,3495900
2006-04-21,31.410000,31.410000,31.030001,31.160000,22.000381,1167900
2006-04-24,30.680000,31.100000,30.680000,31.040001,21.915657,1619700
2006-04-25,31.010000,31.040001,30.750000,30.850000,21.781523,2743900
2006-04-26,30.820000,31.000000,30.740000,30.850000,21.781523,2192300
2006-04-27,30.750000,30.850000,30.580000,30.680000,21.661486,4469800
2006-04-28,30.680000,31.000000,30.680000,30.990000,21.880371,2495700
2006-05-01,30.930000,31.030001,30.709999,30.719999,21.689734,1018600
2006-05-02,30.760000,30.830000,30.639999,30.719999,21.689734,791300
2006-05-03,30.559999,30.650000,30.360001,30.379999,21.449671,2203100
2006-05-04,31.299999,31.299999,30.379999,30.480000,21.520279,1475800
2006-05-05,30.629999,30.830000,30.540001,30.780001,21.732088,1190000
2006-05-08,30.709999,30.820000,30.700001,30.770000,21.725033,3090900
2006-05-09,30.690001,30.760000,30.510000,30.549999,21.569696,3177400
2006-05-10,30.510000,30.660000,30.500000,30.520000,21.548523,2280700
2006-05-11,30.549999,30.650000,30.400000,30.459999,21.506159,1620600
2006-05-12,30.379999,30.559999,30.360001,30.389999,21.456730,1406100
2006-05-15,30.459999,30.820000,30.400000,30.820000,21.760334,2248900
2006-05-16,30.799999,31.000000,30.780001,30.900000,21.816814,1808200
2006-05-17,30.790001,31.010000,30.559999,30.580000,21.590879,3359700
2006-05-18,30.629999,30.639999,30.430000,30.450001,21.499094,1288500
2006-05-19,30.490000,30.490000,30.129999,30.280001,21.379068,1091100
2006-05-22,30.160000,30.420000,30.139999,30.150000,21.287281,873300
2006-05-23,30.250000,30.280001,30.010000,30.010000,21.188429,2276200
2006-05-24,30.059999,30.190001,29.790001,30.100000,21.251980,1705700
2006-05-25,30.309999,30.420000,30.180000,30.379999,21.449671,531000
2006-05-26,30.490000,30.610001,30.389999,30.549999,21.569696,1935800
2006-05-30,30.340000,30.420000,30.090000,30.150000,21.287281,1443900
2006-05-31,30.190001,30.360001,30.139999,30.340000,21.421427,1171000
2006-06-01,30.469999,30.780001,30.400000,30.770000,21.725033,876200
2006-06-02,30.910000,30.930000,30.709999,30.889999,21.809753,969700
2006-06-05,30.750000,30.790001,30.389999,30.410000,21.470852,878200
2006-06-06,30.469999,30.600000,30.299999,30.459999,21.506159,3027300
2006-06-07,30.549999,30.870001,30.480000,30.600000,21.604998,1461000
2006-06-08,30.629999,30.740000,30.299999,30.650000,21.640305,2199300
2006-06-09,30.510000,30.670000,30.430000,30.430000,21.484980,791500
2006-06-12,30.440001,30.540001,30.120001,30.120001,21.266102,763800
2006-06-13,30.150000,30.370001,30.020000,30.040001,21.209612,1069400
2006-06-14,29.940001,30.160000,29.940001,30.090000,21.244913,1023000
2006-06-15,30.129999,30.590000,30.080000,30.459999,21.506159,975500
2006-06-16,30.320000,30.480000,30.260000,30.309999,21.478516,803100
2006-06-19,30.350000,30.410000,29.990000,30.080000,21.315536,957800
2006-06-20,30.120001,30.120001,29.930000,29.969999,21.237579,474100
2006-06-21,29.950001,30.250000,29.950001,30.120001,21.343876,465900
2006-06-22,30.160000,30.160000,29.860001,29.950001,21.223415,372300
2006-06-23,29.870001,30.120001,29.799999,29.980000,21.244675,1943300
2006-06-26,29.969999,30.000000,29.780001,29.870001,21.166727,754100
2006-06-27,29.770000,29.870001,29.490000,29.559999,20.947039,673500
2006-06-28,29.639999,29.730000,29.430000,29.559999,20.947039,481600
2006-06-29,29.809999,30.110001,29.730000,30.070000,21.308455,632400
2006-06-30,30.100000,30.400000,30.090000,30.240000,21.428913,1312400
2006-07-03,30.230000,30.360001,30.209999,30.299999,21.471434,313800
2006-07-05,30.250000,30.290001,30.160000,30.270000,21.450174,1093000
2006-07-06,30.190001,30.510000,30.190001,30.379999,21.528124,937700
2006-07-07,30.299999,30.530001,30.299999,30.410000,21.549379,699600
2006-07-10,30.530001,30.639999,30.459999,30.520000,21.627331,1642100
2006-07-11,30.570000,30.650000,30.450001,30.590000,21.676939,1552700
2006-07-12,30.639999,30.700001,30.420000,30.480000,21.598991,677400
2006-07-13,30.309999,30.400000,30.100000,30.160000,21.372227,788700
2006-07-14,30.160000,30.270000,29.850000,29.969999,21.237579,1319700
2006-07-17,29.930000,30.219999,29.930000,30.090000,21.322613,432600
2006-07-18,30.070000,30.209999,29.860001,30.090000,21.322613,689000
2006-07-19,30.190001,30.910000,30.190001,30.799999,21.825748,1708900
2006-07-20,30.910000,31.040001,30.830000,30.830000,21.846998,1092700
2006-07-21,30.870001,31.030001,30.799999,30.969999,21.946217,644200
2006-07-24,31.150000,31.629999,31.150000,31.570000,22.371386,1857600
2006-07-25,31.420000,31.930000,31.420000,31.840000,22.562721,2366200
2006-07-26,31.900000,32.040001,31.730000,31.990000,22.669004,1877800
2006-07-27,31.830000,31.850000,31.620001,31.830000,22.555635,1919500
2006-07-28,31.900000,32.099998,31.820000,32.000000,22.676092,1817000
2006-07-31,32.020000,32.020000,31.830000,31.889999,22.598156,462400
2006-08-01,31.879999,31.959999,31.719999,31.889999,22.598156,3115000
2006-08-02,32.099998,32.270000,32.029999,32.090000,22.739876,633700
2006-08-03,31.850000,32.040001,31.740000,31.809999,22.541460,2033400
2006-08-04,31.950001,31.990000,31.760000,31.820000,22.548540,899700
2006-08-07,31.760000,31.840000,31.680000,31.719999,22.477682,630800
2006-08-08,31.760000,31.870001,31.639999,31.709999,22.470596,1020700
2006-08-09,31.930000,32.049999,31.719999,31.740000,22.491859,739700
2006-08-10,31.540001,31.799999,31.540001,31.709999,22.470596,680000
2006-08-11,31.639999,31.680000,31.450001,31.559999,22.364305,456200
2006-08-14,31.680000,31.879999,31.600000,31.629999,22.413912,408700
2006-08-15,31.870001,31.940001,31.770000,31.900000,22.605238,651400
2006-08-16,32.000000,32.180000,31.990000,32.180000,22.803658,1290600
2006-08-17,32.150002,32.360001,32.150002,32.259998,22.860344,998300
2006-08-18,32.200001,32.320000,32.119999,32.310001,22.895784,484900
2006-08-21,32.279999,32.299999,32.150002,32.200001,22.817822,468900
2006-08-22,32.119999,32.340000,32.080002,32.299999,22.888695,376200
2006-08-23,32.330002,32.330002,32.209999,32.279999,22.874519,422000
2006-08-24,32.459999,32.560001,32.410000,32.500000,23.030418,701200
2006-08-25,32.450001,32.580002,32.380001,32.520000,23.044582,394300
2006-08-28,32.549999,32.860001,32.509998,32.730000,23.193405,335000
2006-08-29,32.770000,32.900002,32.730000,32.880001,23.299683,845800
2006-08-30,32.939999,32.970001,32.860001,32.900002,23.313868,685700
2006-08-31,32.900002,32.910000,32.750000,32.799999,23.243006,375900
2006-09-01,32.799999,33.009998,32.799999,32.970001,23.363482,2468600
2006-09-05,32.950001,33.000000,32.820000,32.820000,23.257175,805700
2006-09-06,32.840000,32.840000,32.619999,32.700001,23.172140,1378000
2006-09-07,32.560001,32.630001,32.430000,32.459999,23.002068,1418700
2006-09-08,32.540001,32.750000,32.480000,32.720001,23.186310,468700
2006-09-11,32.720001,32.939999,32.599998,32.930000,23.335135,1016900
2006-09-12,33.029999,33.330002,33.009998,33.310001,23.604412,1090100
2006-09-13,33.330002,33.340000,33.160000,33.240002,23.554798,905700
2006-09-14,33.150002,33.230000,33.070000,33.200001,23.526459,557400
2006-09-15,33.250000,33.290001,33.139999,33.139999,23.564138,1960100
2006-09-18,33.139999,33.220001,33.070000,33.130001,23.557034,1559700
2006-09-19,33.139999,33.189999,33.009998,33.180000,23.592588,693900
2006-09-20,33.200001,33.430000,33.180000,33.310001,23.685019,716900
2006-09-21,33.330002,33.330002,33.049999,33.099998,23.535700,572800
2006-09-22,33.000000,33.070000,32.830002,32.889999,23.386379,1020700
2006-09-25,33.000000,33.090000,32.810001,33.020000,23.478811,795700
2006-09-26,33.020000,33.070000,32.930000,33.049999,23.500141,774200
2006-09-27,33.090000,33.139999,32.889999,33.139999,23.564138,1074300
2006-09-28,33.139999,33.139999,32.980000,33.080002,23.521486,463800
2006-09-29,33.270000,33.270000,33.060001,33.189999,23.599689,575800
2006-10-02,33.080002,33.200001,32.970001,33.000000,23.464594,423200
2006-10-03,32.980000,33.209999,32.939999,33.099998,23.535700,1416100
2006-10-04,33.060001,33.389999,33.020000,33.389999,23.741892,1627800
2006-10-05,33.279999,33.389999,33.209999,33.389999,23.741892,1045000
2006-10-06,33.480000,33.480000,33.160000,33.259998,23.649462,1331700
2006-10-09,33.250000,33.259998,33.090000,33.189999,23.599689,806800
2006-10-10,33.240002,33.240002,32.889999,33.049999,23.500141,1355100
2006-10-11,32.950001,33.110001,32.880001,33.040001,23.493038,736700
2006-10-12,33.040001,33.270000,33.029999,33.240002,23.635242,890600
2006-10-13,33.139999,33.160000,33.009998,33.130001,23.557034,3143600
2006-10-16,33.040001,33.200001,33.000000,33.180000,23.592588,969700
2006-10-17,33.200001,33.310001,33.060001,33.270000,23.656582,1388400
2006-10-18,33.389999,33.650002,33.360001,33.630001,23.912550,755700
2006-10-19,33.610001,33.779999,33.599998,33.599998,23.891214,1428000
2006-10-20,33.619999,33.860001,33.549999,33.860001,24.076101,1987400
2006-10-23,33.750000,33.950001,33.660000,33.950001,24.140083,772700
2006-10-24,33.840000,33.840000,33.650002,33.840000,24.061880,689200
2006-10-25,33.849998,33.849998,33.520000,33.639999,23.919662,1141500
2006-10-26,33.720001,33.779999,33.509998,33.770000,24.012096,2016300
2006-10-27,33.660000,33.709999,33.549999,33.630001,23.912550,829900
2006-10-30,33.500000,33.610001,33.430000,33.439999,23.777447,1657400
2006-10-31,33.450001,33.509998,33.220001,33.299999,23.677910,1331500
2006-11-01,33.250000,33.570000,33.020000,33.060001,23.507261,1867200
2006-11-02,32.959999,33.279999,32.959999,33.240002,23.635242,1797800
2006-11-03,33.299999,33.369999,33.040001,33.070000,23.514368,735000
2006-11-06,33.200001,33.529999,33.060001,33.470001,23.798790,896900
2006-11-07,33.430000,33.830002,33.430000,33.730000,23.983662,957800
2006-11-08,33.320000,33.320000,33.070000,33.220001,23.621025,2985100
2006-11-09,33.070000,33.189999,32.279999,32.439999,23.066402,4776400
2006-11-10,32.369999,32.540001,32.259998,32.490002,23.101959,1914500
2006-11-13,32.320000,32.700001,32.320000,32.549999,23.144617,1603300
2006-11-14,32.410000,32.849998,32.380001,32.820000,23.336605,2427800
2006-11-15,32.770000,33.119999,32.720001,32.980000,23.450359,1415900
2006-11-16,32.970001,33.189999,32.970001,33.119999,23.549919,801400
2006-11-17,33.029999,33.230000,33.029999,33.220001,23.621025,1078200
2006-11-20,33.220001,33.290001,33.070000,33.139999,23.564138,1454500
2006-11-21,33.220001,33.220001,33.020000,33.090000,23.528591,1509900
2006-11-22,33.060001,33.189999,33.020000,33.160000,23.578360,1215000
2006-11-24,33.009998,33.080002,32.980000,33.020000,23.478811,118700
2006-11-27,32.939999,32.980000,32.689999,32.799999,23.322382,1512900
2006-11-28,32.740002,32.950001,32.740002,32.869999,23.372164,1389200
2006-11-29,32.930000,33.119999,32.910000,33.099998,23.535700,1137700
2006-11-30,33.150002,33.360001,33.130001,33.259998,23.649462,1195400
2006-12-01,33.299999,33.360001,33.029999,33.230000,23.628136,833400
2006-12-04,32.889999,33.139999,32.889999,33.070000,23.514368,1611400
2006-12-05,33.130001,33.250000,33.029999,33.200001,23.606804,1009100
2006-12-06,33.169998,33.279999,33.020000,33.250000,23.642357,1639600
2006-12-07,33.259998,33.430000,33.160000,33.180000,23.592588,605000
2006-12-08,33.150002,33.320000,33.020000,33.240002,23.635242,827600
2006-12-11,33.299999,33.360001,33.189999,33.310001,23.685019,348900
2006-12-12,33.320000,33.320000,33.150002,33.320000,23.692135,1067500
2006-12-13,33.299999,33.439999,33.220001,33.250000,23.642357,720200
2006-12-14,33.419998,33.590000,33.310001,33.419998,23.763231,1075700
2006-12-15,33.299999,33.480000,33.270000,33.410000,23.839569,709400
2006-12-18,33.480000,33.570000,33.400002,33.480000,23.889538,1903800
2006-12-19,33.400002,33.700001,33.400002,33.650002,24.010830,1605100
2006-12-20,33.790001,33.790001,33.599998,33.669998,24.025099,1349000
2006-12-21,33.619999,33.740002,33.520000,33.580002,23.960890,498800
2006-12-22,33.639999,33.639999,33.349998,33.439999,23.860985,275000
2006-12-26,33.400002,33.470001,33.340000,33.459999,23.875259,432700
2006-12-27,33.570000,33.650002,33.560001,33.619999,23.989435,817800
2006-12-28,33.619999,33.689999,33.509998,33.580002,23.960890,281600
2006-12-29,33.439999,33.639999,33.330002,33.490002,23.896666,315900
2007-01-03,33.700001,33.840000,33.340000,33.500000,23.903791,1806100
2007-01-04,33.700001,33.990002,33.540001,33.880001,24.174948,1701900
2007-01-05,33.910000,33.910000,33.610001,33.689999,24.039381,1529200
2007-01-08,33.750000,33.799999,33.520000,33.730000,24.067923,1609900
2007-01-09,33.919998,33.919998,33.650002,33.689999,24.039381,934800
2007-01-10,33.689999,33.810001,33.529999,33.750000,24.082193,526300
2007-01-11,33.730000,34.119999,33.700001,34.119999,24.346201,2622600
2007-01-12,34.150002,34.330002,34.080002,34.279999,24.460358,1281100
2007-01-16,34.360001,34.380001,34.220001,34.360001,24.517450,651000
2007-01-17,34.369999,34.680000,34.310001,34.560001,24.660160,2826700
2007-01-18,34.619999,34.750000,34.520000,34.660000,24.731516,2561300
2007-01-19,34.650002,34.790001,34.619999,34.669998,24.738653,1521400
2007-01-22,34.730000,34.919998,34.400002,34.459999,24.588806,5078500
2007-01-23,34.400002,34.480000,34.189999,34.279999,24.460358,2029300
2007-01-24,34.349998,34.580002,34.259998,34.540001,24.645897,3488200
2007-01-25,34.549999,34.549999,34.369999,34.419998,24.560263,3214300
2007-01-26,34.250000,34.349998,34.060001,34.230000,24.424686,2505600
2007-01-29,34.250000,34.299999,34.130001,34.180000,24.389019,1967500
2007-01-30,34.340000,34.380001,34.230000,34.349998,24.510313,1187600
2007-01-31,34.380001,34.570000,34.290001,34.509998,24.624472,1685900
2007-02-01,34.650002,34.830002,34.610001,34.799999,24.831419,2628200
2007-02-02,34.869999,34.900002,34.660000,34.730000,24.781464,1197600
2007-02-05,34.730000,34.779999,34.580002,34.720001,24.774324,3132600
2007-02-06,34.730000,34.740002,34.529999,34.619999,24.702976,2216100
2007-02-07,34.630001,34.720001,34.570000,34.669998,24.738653,1572700
2007-02-08,34.689999,34.720001,34.599998,34.639999,24.717241,1345800
2007-02-09,34.730000,34.730000,34.450001,34.540001,24.645897,2625700
2007-02-12,34.500000,34.520000,34.349998,34.389999,24.538860,1421000
2007-02-13,34.400002,34.540001,34.400002,34.529999,24.638756,1295000
2007-02-14,34.509998,34.740002,34.509998,34.709999,24.767193,2023400
2007-02-15,34.750000,34.889999,34.680000,34.869999,24.881355,1134100
2007-02-16,34.650002,34.770000,34.650002,34.730000,24.781464,1294300
2007-02-20,34.660000,34.799999,34.660000,34.750000,24.795731,739000
2007-02-21,34.660000,34.680000,34.549999,34.590000,24.681561,975800
2007-02-22,34.639999,34.650002,34.439999,34.540001,24.645897,1374700
2007-02-23,34.509998,34.509998,34.299999,34.389999,24.538860,898000
2007-02-26,34.470001,34.560001,34.400002,34.529999,24.638756,1881500
2007-02-27,34.270000,34.340000,33.160000,33.480000,23.889538,3057900
2007-02-28,33.549999,33.980000,33.549999,33.709999,24.053640,2330100
2007-03-01,33.430000,33.720001,33.110001,33.560001,23.946613,2406700
2007-03-02,33.500000,33.669998,33.259998,33.259998,23.732552,2559100
2007-03-05,33.099998,33.450001,32.980000,33.090000,23.611250,1744400
2007-03-06,33.290001,33.540001,33.000000,33.439999,23.860985,2897500
2007-03-07,33.349998,33.599998,33.290001,33.450001,23.868128,1175800
2007-03-08,33.580002,33.959999,33.500000,33.560001,23.946613,1161000
2007-03-09,33.750000,33.799999,33.540001,33.630001,23.996565,1147300
2007-03-12,33.669998,33.730000,33.480000,33.630001,23.996565,2392700
2007-03-13,33.549999,33.650002,33.080002,33.080002,23.604113,3381500
2007-03-14,33.189999,33.270000,32.889999,33.209999,23.696877,3423800
2007-03-15,33.169998,33.299999,33.110001,33.290001,23.753960,1382000
2007-03-16,33.259998,33.270000,33.040001,33.200001,23.778309,859200
2007-03-19,33.230000,33.459999,33.150002,33.459999,23.964529,782500
2007-03-20,33.320000,33.650002,33.320000,33.630001,24.086283,2089000
2007-03-21,33.599998,34.029999,33.480000,33.970001,24.329792,1889100
2007-03-22,34.009998,34.099998,33.900002,34.090000,24.415735,1667000
2007-03-23,34.000000,34.330002,33.400002,33.919998,24.293974,1487400
2007-03-26,34.020000,34.020000,33.730000,33.970001,24.329792,961500
2007-03-27,33.900002,33.900002,33.669998,33.730000,24.157909,2922100
2007-03-28,33.700001,33.750000,33.500000,33.500000,23.993170,2763600
2007-03-29,33.590000,33.700001,33.459999,33.660000,24.107761,2708200
2007-03-30,33.650002,33.869999,33.360001,33.650002,24.100601,3073900
2007-04-02,33.799999,33.889999,33.720001,33.830002,24.229532,1188800
2007-04-03,34.000000,34.270000,33.930000,34.180000,24.480200,982500
2007-04-04,34.200001,34.400002,34.099998,34.380001,24.623444,922600
2007-04-05,34.360001,34.650002,34.360001,34.619999,24.795338,1102400
2007-04-09,34.619999,34.639999,34.520000,34.630001,24.802496,1307700
2007-04-10,34.549999,34.689999,34.500000,34.680000,24.838299,1422400
2007-04-11,34.650002,34.669998,34.430000,34.529999,24.730877,2447600
2007-04-12,34.480000,34.970001,34.369999,34.919998,25.010195,1072500
2007-04-13,35.180000,35.450001,35.160000,35.430000,25.375458,2666700
2007-04-16,35.529999,35.770000,35.490002,35.770000,25.618988,3204800
2007-04-17,35.939999,36.000000,35.869999,35.880001,25.697771,2849000
2007-04-18,35.840000,35.880001,35.590000,35.869999,25.690598,2173900
2007-04-19,35.779999,36.090000,35.700001,36.020000,25.798029,3099400
2007-04-20,36.150002,36.230000,36.040001,36.160000,25.898300,2496700
2007-04-23,36.270000,36.279999,36.099998,36.200001,25.926958,1399900
2007-04-24,36.230000,36.290001,36.060001,36.200001,25.926958,1031200
2007-04-25,36.230000,36.380001,35.750000,36.310001,26.005726,1995200
2007-04-26,36.330002,36.509998,36.290001,36.349998,26.034374,1129400
2007-04-27,36.320000,36.340000,36.160000,36.230000,25.948437,842800
2007-04-30,36.330002,36.330002,36.099998,36.110001,25.862482,1364500
2007-05-01,36.060001,36.240002,36.029999,36.189999,25.919785,2680900
2007-05-02,36.320000,36.459999,36.200001,36.419998,26.084522,1347900
2007-05-03,36.419998,36.549999,36.360001,36.500000,26.141817,1301300
2007-05-04,37.040001,37.049999,36.450001,36.700001,26.285059,942300
2007-05-07,36.740002,36.779999,36.700001,36.779999,26.342346,2263000
2007-05-08,36.720001,36.720001,36.540001,36.639999,26.242088,1927400
2007-05-09,36.700001,36.810001,36.610001,36.759998,26.328035,1841100
2007-05-10,36.660000,36.660000,36.029999,36.110001,25.862482,1367400
2007-05-11,36.009998,36.299999,35.959999,36.250000,25.962757,1189300
2007-05-14,36.270000,36.480000,36.209999,36.209999,25.934122,1162600
2007-05-15,36.150002,36.430000,36.150002,36.169998,25.905468,2288300
2007-05-16,36.439999,36.619999,36.340000,36.580002,26.199106,3063800
2007-05-17,36.490002,36.490002,36.349998,36.439999,26.098850,1415400
2007-05-18,36.520000,36.639999,36.410000,36.590000,26.206274,693700
2007-05-21,36.619999,36.709999,36.580002,36.669998,26.263561,1768700
2007-05-22,36.799999,36.810001,36.520000,36.650002,26.249249,1101400
2007-05-23,36.799999,36.939999,36.689999,36.779999,26.342346,1724500
2007-05-24,36.680000,36.869999,36.599998,36.639999,26.242088,1955900
2007-05-25,36.580002,36.740002,36.549999,36.619999,26.227753,997900
2007-05-29,36.650002,36.700001,36.529999,36.639999,26.242088,1565600
2007-05-30,36.610001,36.650002,36.360001,36.650002,26.249249,3190000
2007-05-31,36.709999,36.799999,36.619999,36.730000,26.306536,1386600
2007-06-01,36.740002,36.820000,36.639999,36.770000,26.335196,3572300
2007-06-04,36.599998,36.770000,36.599998,36.700001,26.285059,1749200
2007-06-05,36.590000,36.650002,36.430000,36.610001,26.220592,1685300
2007-06-06,36.540001,36.540001,36.200001,36.270000,25.977087,3136400
2007-06-07,35.939999,36.200001,35.650002,35.730000,25.590328,3280800
2007-06-08,35.389999,35.910000,35.389999,35.849998,25.676275,1995600
2007-06-11,35.770000,36.040001,35.770000,35.860001,25.683428,1267400
2007-06-12,35.750000,35.900002,35.570000,35.599998,25.497219,2087200
2007-06-13,35.930000,35.930000,35.529999,35.889999,25.704929,2145000
2007-06-14,36.020000,36.060001,35.509998,35.990002,25.776548,1747400
2007-06-15,36.099998,36.150002,35.950001,36.070000,25.973120,1221500
2007-06-18,36.009998,36.029999,35.799999,35.860001,25.821901,984400
2007-06-19,35.910000,35.990002,35.830002,35.860001,25.821901,1632000
2007-06-20,36.060001,36.060001,35.360001,35.410000,25.497873,1913600
2007-06-21,35.360001,35.509998,35.160000,35.509998,25.569876,1597900
2007-06-22,35.290001,35.380001,34.880001,34.970001,25.181042,3168700
2007-06-25,34.970001,35.259998,34.790001,34.910000,25.137838,2120600
2007-06-26,35.080002,35.330002,35.009998,35.090000,25.267456,1172800
2007-06-27,35.000000,35.380001,34.930000,35.380001,25.476278,5263600
2007-06-28,35.320000,35.540001,35.310001,35.410000,25.497873,1713800
2007-06-29,35.360001,35.459999,34.959999,35.310001,25.425877,1731500
2007-07-02,35.419998,35.700001,34.799999,35.509998,25.569876,1264200
2007-07-03,35.650002,35.650002,35.540001,35.570000,25.613079,671800
2007-07-05,35.480000,35.619999,35.380001,35.560001,25.605883,3255600
2007-07-06,35.490002,35.639999,35.430000,35.639999,25.663502,977800
2007-07-09,35.650002,35.669998,35.439999,35.529999,25.584280,1264800
2007-07-10,35.389999,35.509998,35.150002,35.230000,25.368261,1916700
2007-07-11,35.189999,35.450001,35.180000,35.349998,25.454670,1717900
2007-07-12,35.389999,36.029999,35.389999,36.009998,25.929918,863600
2007-07-13,35.939999,36.040001,35.820000,35.919998,25.865124,1806700
2007-07-16,35.880001,36.000000,35.880001,35.959999,25.893908,1388300
2007-07-17,35.799999,35.930000,35.770000,35.849998,25.814714,1450300
2007-07-18,35.759998,35.759998,35.490002,35.750000,25.742701,2247200
2007-07-19,35.669998,35.700001,35.419998,35.560001,25.605883,1332600
2007-07-20,35.439999,35.500000,35.110001,35.230000,25.368261,2122400
2007-07-23,35.540001,35.720001,35.419998,35.500000,25.562675,1916100
2007-07-24,35.389999,35.540001,35.049999,35.139999,25.303452,2853300
2007-07-25,35.360001,35.990002,34.939999,35.119999,25.289051,2130400
2007-07-26,34.889999,34.939999,34.259998,34.400002,24.770605,3470400
2007-07-27,34.270000,34.610001,33.580002,33.580002,24.180136,3411600
2007-07-30,33.680000,34.009998,33.599998,34.000000,24.482567,2987900
2007-07-31,34.470001,34.500000,33.619999,33.630001,24.216145,2694200
2007-08-01,33.570000,34.000000,33.480000,33.860001,24.381762,4001600
2007-08-02,33.880001,34.299999,33.880001,34.150002,24.590582,2384900
2007-08-03,34.169998,34.310001,33.669998,33.680000,24.252142,4094700
2007-08-06,33.840000,34.490002,33.840000,34.340000,24.727396,3419300
2007-08-07,34.290001,34.790001,34.270000,34.500000,24.842617,1435200
2007-08-08,34.599998,34.900002,34.450001,34.900002,25.130648,2436400
2007-08-09,34.500000,34.759998,34.049999,34.080002,24.540173,2228400
2007-08-10,33.880001,34.119999,33.619999,33.900002,24.410564,2373300
2007-08-13,34.119999,34.360001,34.000000,34.000000,24.482567,2071000
2007-08-14,34.189999,34.200001,33.689999,33.720001,24.280945,1358700
2007-08-15,33.700001,34.139999,33.560001,33.639999,24.223347,2001100
2007-08-16,33.279999,33.720001,32.939999,33.650002,24.230543,3455600
2007-08-17,34.400002,34.400002,33.389999,33.730000,24.288153,1859200
2007-08-20,33.919998,34.029999,33.680000,33.889999,24.403360,1554900
2007-08-21,33.790001,34.049999,33.730000,33.980000,24.468166,1559200
2007-08-22,34.090000,34.200001,33.970001,34.150002,24.590582,2742800
2007-08-23,34.230000,34.439999,34.139999,34.369999,24.748995,6065200
2007-08-24,34.299999,34.580002,34.220001,34.580002,24.900223,4721600
2007-08-27,34.459999,34.549999,34.340000,34.340000,24.727396,741500
2007-08-28,34.340000,34.360001,33.880001,33.990002,24.475363,1447900
2007-08-29,34.000000,34.340000,33.860001,34.240002,24.655390,1300100
2007-08-30,34.139999,34.439999,34.139999,34.240002,24.655390,1152300
2007-08-31,34.490002,34.660000,34.340000,34.400002,24.770605,1085200
2007-09-04,34.509998,34.820000,34.490002,34.700001,24.986624,896400
2007-09-05,34.630001,34.689999,34.439999,34.630001,24.936214,868200
2007-09-06,34.610001,34.860001,34.540001,34.740002,25.015427,2101200
2007-09-07,34.430000,34.700001,34.220001,34.369999,24.748995,2286100
2007-09-10,34.400002,34.529999,34.189999,34.400002,24.770605,1057700
2007-09-11,34.490002,34.720001,34.369999,34.660000,24.957821,864300
2007-09-12,34.669998,34.939999,34.639999,34.810001,25.065838,1213100
2007-09-13,35.070000,35.139999,34.889999,34.889999,25.123436,889500
2007-09-14,35.000000,35.000000,34.709999,34.790001,25.051437,1140200
2007-09-17,34.709999,34.799999,34.470001,34.680000,24.972221,2763000
2007-09-18,34.669998,35.310001,34.650002,35.299999,25.418663,2328700
2007-09-19,35.439999,35.669998,35.349998,35.439999,25.519476,1623600
2007-09-20,35.480000,35.630001,35.330002,35.400002,25.490675,1046300
2007-09-21,35.439999,35.520000,35.400002,35.450001,25.615692,1371400
2007-09-24,35.320000,35.459999,35.270000,35.380001,25.565107,1385100
2007-09-25,35.320000,35.430000,35.209999,35.259998,25.478390,1824300
2007-09-26,35.369999,35.590000,35.330002,35.459999,25.622911,751700
2007-09-27,35.660000,35.660000,35.470001,35.599998,25.724068,822600
2007-09-28,35.529999,35.610001,35.279999,35.349998,25.543423,1069200
2007-10-01,35.500000,35.889999,35.480000,35.889999,25.933624,8322000
2007-10-02,35.900002,35.980000,35.560001,35.689999,25.789103,2193700
2007-10-03,35.720001,35.830002,35.540001,35.830002,25.890272,1216700
2007-10-04,35.820000,36.040001,35.790001,35.790001,25.861364,1037800
2007-10-05,36.009998,36.250000,35.959999,36.250000,26.193756,1831200
2007-10-08,36.160000,36.209999,35.980000,36.000000,26.013109,783600
2007-10-09,36.180000,36.299999,36.049999,36.299999,26.229885,473500
2007-10-10,36.299999,36.360001,36.189999,36.360001,26.273237,1435100
2007-10-11,36.380001,36.389999,35.970001,36.049999,26.049227,4141900
2007-10-12,36.119999,36.250000,36.000000,36.250000,26.193756,1450300
2007-10-15,36.200001,36.389999,35.700001,35.860001,25.911936,2198300
2007-10-16,35.799999,35.830002,35.529999,35.590000,25.716839,3103000
2007-10-17,35.950001,35.950001,35.369999,35.619999,25.738516,2439900
2007-10-18,35.230000,35.860001,35.230000,35.630001,25.745749,1320500
2007-10-19,35.610001,35.650002,35.180000,35.200001,25.435038,1611200
2007-10-22,34.950001,35.200001,34.820000,35.200001,25.435038,1972000
2007-10-23,35.230000,35.610001,35.189999,35.610001,25.731302,2164500
2007-10-24,35.480000,35.490002,34.970001,35.349998,25.543423,3290700
2007-10-25,35.090000,35.619999,35.090000,35.560001,25.695164,2067400
2007-10-26,34.759998,35.740002,34.759998,35.680000,25.781881,920400
2007-10-29,35.759998,35.860001,35.680000,35.830002,25.890272,839400
2007-10-30,35.709999,35.880001,35.689999,35.790001,25.861364,1220700
2007-10-31,34.900002,36.099998,34.900002,36.009998,26.020327,1654600
2007-11-01,36.009998,36.080002,35.439999,35.509998,25.659033,2415500
2007-11-02,35.400002,35.619999,35.220001,35.410000,25.586779,2411100
2007-11-05,35.410000,35.730000,35.160000,35.389999,25.572336,2653000
2007-11-06,35.340000,35.580002,35.029999,35.580002,25.709625,1337400
2007-11-07,35.869999,35.869999,34.770000,34.770000,25.124329,2126000
2007-11-08,34.189999,35.110001,34.189999,35.000000,25.290520,3631800
2007-11-09,34.139999,35.349998,34.139999,34.910000,25.225485,3258800
2007-11-12,34.029999,35.419998,34.029999,35.000000,25.290520,2366000
2007-11-13,34.959999,35.580002,34.959999,35.459999,25.622911,3230200
2007-11-14,35.490002,35.759998,35.330002,35.599998,25.724068,2512500
2007-11-15,35.220001,35.750000,35.220001,35.380001,25.565107,2426000
2007-11-16,35.500000,35.630001,35.299999,35.540001,25.680723,2116400
2007-11-19,35.599998,35.599998,35.209999,35.340000,25.536207,1725100
2007-11-20,35.669998,35.669998,35.060001,35.410000,25.586779,3843100
2007-11-21,34.970001,35.230000,34.619999,34.619999,25.015936,2262600
2007-11-23,34.680000,35.279999,34.680000,35.180000,25.420584,1331200
2007-11-26,35.500000,35.500000,34.889999,34.910000,25.225485,2070800
2007-11-27,35.410000,35.700001,34.700001,35.360001,25.550646,2117100
2007-11-28,35.869999,36.369999,35.610001,36.200001,26.157625,1808900
2007-11-29,35.770000,36.430000,35.560001,36.419998,26.316586,5502200
2007-11-30,36.500000,36.580002,36.340000,36.470001,26.352720,2469400
2007-12-03,36.830002,36.830002,36.169998,36.240002,26.186531,1649900
2007-12-04,35.730000,36.380001,35.660000,36.230000,26.179296,1344500
2007-12-05,36.580002,36.599998,36.299999,36.520000,26.388853,1904000
2007-12-06,36.270000,36.799999,36.270000,36.770000,26.569492,2719100
2007-12-07,36.700001,36.820000,36.630001,36.750000,26.555040,3442900
2007-12-10,36.650002,36.820000,36.570000,36.820000,26.605625,1115800
2007-12-11,36.549999,36.799999,36.009998,36.250000,26.193756,2243700
2007-12-12,37.889999,37.889999,35.959999,36.270000,26.208216,2767900
2007-12-13,35.830002,36.250000,35.799999,36.250000,26.193756,2107400
2007-12-14,35.669998,36.090000,35.669998,35.700001,25.796335,1130600
2007-12-17,35.590000,35.830002,35.320000,35.320000,25.521748,1637800
2007-12-18,35.990002,35.990002,35.410000,35.590000,25.716839,2168500
2007-12-19,35.360001,35.779999,35.360001,35.570000,25.702383,1663100
2007-12-20,35.490002,35.779999,35.490002,35.779999,25.854134,2094600
2007-12-21,35.990002,35.990002,35.730000,35.869999,26.013693,2064100
2007-12-24,35.759998,36.009998,35.759998,35.990002,26.100719,510300
2007-12-26,36.070000,36.070000,35.770000,35.950001,26.071695,1037000
2007-12-27,35.980000,35.990002,35.529999,35.580002,25.803379,989100
2007-12-28,35.830002,35.830002,35.430000,35.439999,25.701843,1060400
2007-12-31,35.860001,35.860001,35.200001,35.310001,25.607574,1497300
2008-01-02,35.630001,35.630001,34.709999,34.939999,25.339224,6611300
2008-01-03,35.279999,35.299999,35.029999,35.150002,25.491528,2544400
2008-01-04,34.889999,35.160000,34.759998,34.790001,25.230453,3270600
2008-01-07,34.820000,35.580002,34.820000,35.480000,25.730852,5457900
2008-01-08,35.660000,36.389999,35.570000,35.770000,25.941174,6231200
2008-01-09,36.020000,36.430000,35.889999,36.410000,26.405302,8322400
2008-01-10,36.330002,36.560001,36.139999,36.360001,26.369049,5622300
2008-01-11,36.279999,36.610001,36.180000,36.470001,26.448824,3496000
2008-01-14,36.410000,36.490002,36.139999,36.189999,26.245750,4276500
2008-01-15,36.080002,36.090000,35.680000,35.779999,25.948416,5242500
2008-01-16,35.529999,36.279999,35.529999,35.869999,26.013693,4217300
2008-01-17,36.020000,36.369999,35.150002,35.180000,25.513281,6972100
2008-01-18,35.320000,35.320000,34.470001,34.669998,25.143421,7714900
2008-01-22,34.200001,34.500000,30.360001,33.410000,24.229633,9251300
2008-01-23,32.770000,33.650002,32.459999,33.650002,24.403698,10737900
2008-01-24,33.779999,33.779999,33.250000,33.520000,24.309416,5734500
2008-01-25,33.970001,33.970001,32.540001,32.990002,23.925051,6073700
2008-01-28,33.209999,33.410000,32.869999,33.410000,24.229633,5296800
2008-01-29,33.610001,33.610001,33.389999,33.500000,24.294909,2397000
2008-01-30,33.540001,33.619999,33.110001,33.110001,24.012070,3951900
2008-01-31,32.810001,33.700001,32.810001,33.700001,24.439953,3974400
2008-02-01,33.369999,33.889999,33.369999,33.860001,24.555994,3571200
2008-02-04,33.750000,34.099998,33.750000,33.980000,24.643013,2793100
2008-02-05,33.730000,33.869999,33.290001,33.360001,24.193380,4460100
2008-02-06,33.630001,33.700001,33.340000,33.450001,24.258654,3089400
2008-02-07,33.340000,33.520000,33.119999,33.320000,24.164370,2785800
2008-02-08,33.189999,33.290001,32.919998,33.110001,24.012070,2769100
2008-02-11,32.889999,33.060001,32.759998,33.009998,23.939548,2631300
2008-02-12,33.400002,33.549999,33.150002,33.490002,24.287661,2420200
2008-02-13,33.529999,33.709999,33.349998,33.439999,24.251394,2114100
2008-02-14,33.500000,33.669998,33.160000,33.299999,24.149866,2708800
2008-02-15,33.009998,33.360001,33.000000,33.330002,24.171621,2760000
2008-02-19,33.330002,33.770000,33.330002,33.750000,24.476213,2804400
2008-02-20,33.259998,33.650002,33.139999,33.650002,24.403698,3062100
2008-02-21,34.139999,34.150002,33.020000,33.299999,24.149866,2438900
2008-02-22,33.299999,33.369999,32.689999,33.369999,24.200634,2672900
2008-02-25,33.270000,33.799999,33.259998,33.799999,24.512478,2575300
2008-02-26,33.730000,33.919998,33.490002,33.500000,24.294909,3024600
2008-02-27,33.560001,33.750000,33.470001,33.650002,24.403698,3035900
2008-02-28,33.400002,33.400002,33.169998,33.259998,24.120859,4668900
2008-02-29,33.049999,33.070000,32.630001,32.799999,23.787252,4110900
2008-03-03,32.650002,32.820000,32.599998,32.790001,23.780010,2418900
2008-03-04,32.509998,32.849998,32.500000,32.830002,23.809010,3206800
2008-03-05,32.759998,33.000000,32.450001,32.770000,23.765509,3494300
2008-03-06,32.810001,32.810001,32.040001,32.110001,23.286852,2623500
2008-03-07,32.099998,32.099998,31.620001,31.740000,23.018528,3988500
2008-03-10,31.660000,31.799999,30.790001,31.000000,22.481859,2871400
2008-03-11,30.900000,31.620001,30.660000,31.299999,22.699427,3730100
2008-03-12,31.190001,31.450001,31.120001,31.299999,22.699427,3182700
2008-03-13,30.930000,31.520000,30.620001,31.260000,22.670416,4518600
2008-03-14,31.320000,31.780001,30.459999,30.680000,22.249792,5051900
2008-03-17,30.080000,30.860001,30.000000,30.639999,22.220781,4885600
2008-03-18,31.090000,31.780001,30.770000,31.600000,22.916998,6180700
2008-03-19,31.410000,31.910000,30.510000,31.190001,22.619652,7359700
2008-03-20,31.510000,31.510000,30.950001,31.090000,22.648056,2022000
2008-03-24,31.430000,31.700001,31.230000,31.500000,22.946735,2458700
2008-03-25,31.490000,31.700001,31.379999,31.559999,22.990438,3434700
2008-03-26,31.410000,31.430000,31.250000,31.250000,22.764620,2507200
2008-03-27,31.440001,31.559999,31.120001,31.410000,22.881174,5658200
2008-03-28,31.670000,31.670000,31.139999,31.330000,22.822895,2423900
2008-03-31,30.790001,31.170000,30.620001,31.170000,22.706331,3496900
2008-04-01,31.299999,31.719999,31.070000,31.670000,23.070562,3015200
2008-04-02,31.760000,31.770000,31.410000,31.450001,22.910313,1405800
2008-04-03,31.469999,31.530001,31.309999,31.350000,22.837465,1900000
2008-04-04,31.280001,31.889999,31.280001,31.600000,23.019588,2810500
2008-04-07,31.990000,32.049999,31.790001,31.959999,23.281830,3393600
2008-04-08,31.900000,31.920000,31.750000,31.850000,23.201694,1641700
2008-04-09,31.840000,31.879999,31.549999,31.700001,23.092438,1668500
2008-04-10,31.680000,32.070000,31.620001,31.950001,23.274548,1917500
2008-04-11,31.879999,31.930000,31.450001,31.530001,22.968588,3177600
2008-04-14,31.490000,31.559999,31.309999,31.389999,22.866606,1089700
2008-04-15,31.469999,31.530001,31.250000,31.360001,22.844744,2110500
2008-04-16,31.450001,31.559999,31.290001,31.530001,22.968588,2732400
2008-04-17,31.430000,31.480000,31.209999,31.330000,22.822895,1482000
2008-04-18,31.750000,31.799999,31.530001,31.629999,23.041430,2283000
2008-04-21,31.520000,31.650000,31.459999,31.530001,22.968588,3293800
2008-04-22,31.370001,31.370001,31.020000,31.200001,22.728193,2659900
2008-04-23,31.260000,31.500000,31.180000,31.299999,22.801039,901700
2008-04-24,31.480000,31.660000,31.200001,31.400000,22.873886,1694100
2008-04-25,31.660000,31.870001,31.590000,31.809999,23.172562,3163700
2008-04-28,31.920000,32.049999,31.820000,32.000000,23.310963,3835300
2008-04-29,31.799999,31.799999,31.530001,31.650000,23.056002,1089900
2008-04-30,31.799999,31.860001,31.450001,31.480000,22.932163,1833000
2008-05-01,31.360001,32.060001,31.360001,32.040001,23.340109,1809000
2008-05-02,32.139999,32.189999,32.000000,32.049999,23.347389,2250300
2008-05-05,32.049999,32.060001,31.870001,31.959999,23.281830,886200
2008-05-06,31.790001,32.000000,31.670000,31.900000,23.238113,1703400
2008-05-07,31.879999,32.020000,31.469999,31.620001,23.034159,2283900
2008-05-08,31.600000,31.750000,31.500000,31.500000,22.946735,2157500
2008-05-09,31.500000,31.500000,31.260000,31.469999,22.924877,1469200
2008-05-12,31.590000,31.709999,31.450001,31.709999,23.099710,1082200
2008-05-13,31.719999,31.740000,31.410000,31.410000,22.881174,1293100
2008-05-14,31.480000,31.760000,31.480000,31.670000,23.070562,1528800
2008-05-15,31.549999,31.629999,31.400000,31.580000,23.005014,1213200
2008-05-16,31.610001,31.700001,31.469999,31.700001,23.092438,1381600
2008-05-19,31.580000,31.900000,31.540001,31.900000,23.238113,2174900
2008-05-20,31.670000,31.969999,31.650000,31.809999,23.172562,1653400
2008-05-21,31.910000,32.020000,31.500000,31.530001,22.968588,2029200
2008-05-22,31.500000,31.889999,31.459999,31.870001,23.216267,995300
2008-05-23,31.590000,31.670000,31.350000,31.350000,22.837465,1328900
2008-05-27,31.330000,31.670000,31.330000,31.480000,22.932163,1597700
2008-05-28,31.510000,31.709999,31.400000,31.450001,22.910313,1394000
2008-05-29,31.420000,32.250000,31.420000,32.130001,23.405672,2288500
2008-05-30,32.119999,32.200001,31.990000,32.080002,23.369249,1456800
2008-06-02,32.040001,32.119999,31.590000,31.700001,23.092438,1672100
2008-06-03,31.820000,32.040001,31.709999,31.910000,23.245399,2668600
2008-06-04,31.879999,32.090000,31.770000,31.920000,23.252687,2460900
2008-06-05,31.950001,32.259998,31.870001,32.200001,23.456661,1914400
2008-06-06,31.930000,31.969999,31.299999,31.420000,22.888449,2634700
2008-06-09,31.410000,31.549999,31.090000,31.250000,22.764620,3173100
2008-06-10,31.049999,31.240000,30.930000,30.950001,22.546074,1943000
2008-06-11,31.020000,31.020000,30.570000,30.639999,22.320250,2322200
2008-06-12,30.750000,30.930000,30.010000,30.379999,22.130854,3137100
2008-06-13,30.850000,31.299999,30.750000,30.860001,22.480515,1882700
2008-06-16,31.020000,31.120001,30.719999,30.959999,22.553366,1597400
2008-06-17,31.250000,31.250000,30.799999,30.879999,22.495081,1496300
2008-06-18,30.820000,30.920000,30.490000,30.530001,22.240120,2382300
2008-06-19,30.250000,30.879999,30.250000,30.570000,22.269258,1779800
2008-06-20,30.459999,30.490000,29.920000,30.000000,21.956018,2037900
2008-06-23,30.219999,30.370001,30.209999,30.219999,22.117029,1359200
2008-06-24,30.240000,30.480000,30.059999,30.330000,22.197542,1782800
2008-06-25,30.370001,30.870001,30.340000,30.670000,22.446369,2678900
2008-06-26,30.370001,30.510000,29.900000,30.049999,21.992611,2324700
2008-06-27,30.110001,30.440001,30.070000,30.250000,22.138981,2161800
2008-06-30,30.080000,30.969999,30.080000,30.580000,22.380497,2441700
2008-07-01,30.190001,30.690001,30.190001,30.580000,22.380497,10508300
2008-07-02,30.809999,30.889999,30.370001,30.370001,22.226810,2258900
2008-07-03,30.530001,30.690001,30.420000,30.500000,22.321945,2497700
2008-07-07,30.490000,30.680000,30.139999,30.299999,22.175568,3817000
2008-07-08,30.290001,31.280001,30.290001,31.100000,22.761066,4317200
2008-07-09,31.290001,31.730000,31.100000,31.250000,22.870855,6234200
2008-07-10,31.370001,31.440001,30.969999,31.420000,22.995266,5928500
2008-07-11,31.090000,31.190001,30.740000,30.820000,22.556149,4324100
2008-07-14,30.930000,31.500000,30.740000,31.030001,22.709843,3422000
2008-07-15,30.799999,31.440001,30.740000,31.180000,22.819620,5179000
2008-07-16,31.500000,31.650000,31.260000,31.400000,22.980635,8097800
2008-07-17,31.650000,31.809999,31.260000,31.709999,23.207506,3847500
2008-07-18,31.790001,31.990000,31.430000,31.700001,23.200199,2858800
2008-07-21,31.700001,31.709999,31.090000,31.139999,22.790354,4387800
2008-07-22,31.059999,31.600000,30.990000,31.570000,23.105051,3187400
2008-07-23,31.629999,31.990000,31.629999,31.709999,23.207506,3801600
2008-07-24,31.650000,32.060001,31.650000,31.680000,23.185564,5173600
2008-07-25,31.719999,32.040001,31.719999,31.870001,23.324606,5849800
2008-07-28,32.340000,32.340000,31.610001,31.610001,23.134325,2641000
2008-07-29,31.840000,32.009998,31.770000,31.930000,23.368523,3637900
2008-07-30,31.940001,32.090000,31.549999,31.920000,23.361202,5642900
2008-07-31,31.930000,32.320000,31.830000,31.950001,23.383163,4035000
2008-08-01,32.070000,32.110001,31.570000,31.709999,23.207506,4288200
2008-08-04,31.879999,32.250000,31.620001,31.980000,23.405111,3127000
2008-08-05,32.400002,33.070000,32.070000,33.020000,24.166252,3273800
2008-08-06,32.770000,33.150002,32.439999,33.150002,24.261398,9167000
2008-08-07,32.759998,33.060001,32.500000,32.750000,23.968658,3833600
2008-08-08,32.660000,33.349998,32.639999,33.320000,24.385817,6504700
2008-08-11,33.470001,33.500000,33.139999,33.349998,24.407776,2849600
2008-08-12,33.279999,33.480000,33.220001,33.279999,24.356546,3521100
2008-08-13,33.180000,33.369999,33.009998,33.299999,24.371176,5973800
2008-08-14,33.080002,33.570000,32.889999,33.279999,24.356546,3494100
2008-08-15,33.209999,33.700001,33.209999,33.610001,24.598057,3045500
2008-08-18,33.740002,33.740002,33.150002,33.330002,24.393131,2169700
2008-08-19,33.160000,33.310001,32.880001,33.180000,24.283360,7032300
2008-08-20,33.080002,33.110001,32.700001,32.970001,24.129663,4168500
2008-08-21,32.730000,33.090000,32.540001,32.759998,23.975975,2710300
2008-08-22,33.040001,33.369999,32.889999,33.310001,24.378500,3494500
2008-08-25,33.060001,33.180000,32.630001,32.770000,23.983299,2075000
2008-08-26,32.759998,32.959999,32.590000,32.730000,23.954010,1344500
2008-08-27,32.759998,32.810001,32.520000,32.779999,23.990608,2616300
2008-08-28,32.830002,33.009998,32.799999,32.970001,24.129663,1667100
2008-08-29,32.970001,33.060001,32.610001,32.610001,23.866188,2408300
2008-09-02,32.900002,33.310001,32.549999,32.549999,23.822277,5185200
2008-09-03,32.650002,32.790001,32.459999,32.740002,23.961330,3009000
2008-09-04,32.509998,32.580002,31.870001,32.020000,23.434389,11658100
2008-09-05,31.660000,32.060001,31.500000,31.850000,23.309973,5803200
2008-09-08,32.389999,32.470001,32.000000,32.380001,23.697863,7640400
2008-09-09,32.509998,32.639999,31.840000,32.099998,23.492928,3408600
2008-09-10,32.020000,32.099998,31.840000,31.969999,23.397797,5239000
2008-09-11,31.500000,32.369999,31.500000,32.099998,23.492928,3970400
2008-09-12,32.209999,32.400002,32.000000,32.400002,23.712498,3869100
2008-09-15,31.799999,32.160000,31.500000,31.500000,23.053822,6297700
2008-09-16,31.230000,32.029999,31.020000,31.450001,23.017229,7324900
2008-09-17,31.010000,31.540001,30.410000,30.950001,22.651291,6844100
2008-09-18,30.670000,31.389999,30.350000,31.350000,22.944042,14902300
2008-09-19,32.740002,33.080002,31.059999,31.549999,23.195469,4821000
2008-09-22,31.260000,31.920000,30.459999,30.799999,22.644077,4334300
2008-09-23,30.730000,30.910000,30.070000,30.070000,22.107384,3316600
2008-09-24,30.340000,30.670000,30.230000,30.350000,22.313238,4029600
2008-09-25,30.379999,31.280001,30.379999,30.900000,22.717594,9256200
2008-09-26,30.750000,31.219999,30.530001,30.840000,22.673483,5521100
2008-09-29,30.459999,31.059999,29.000000,30.150000,22.166201,8689400
2008-09-30,30.270000,30.450001,29.780001,30.049999,22.092678,3309800
2008-10-01,30.100000,30.480000,30.100000,30.250000,22.239717,6053600
2008-10-02,30.250000,30.590000,29.930000,30.299999,22.276470,6353400
2008-10-03,30.600000,30.600000,29.650000,29.650000,21.798607,6814400
2008-10-06,29.400000,29.879999,27.410000,28.540001,20.982534,8545000
2008-10-07,28.719999,28.780001,27.389999,27.850000,20.475245,5060200
2008-10-08,27.030001,27.820000,26.549999,27.350000,20.107647,9958100
2008-10-09,27.639999,27.639999,25.000000,25.250000,18.563732,10773200
2008-10-10,24.100000,25.540001,22.889999,24.139999,17.747663,15960800
2008-10-13,25.680000,27.830000,25.219999,27.049999,19.887085,7756200
2008-10-14,28.450001,28.559999,26.840000,27.600000,20.291449,12535900
2008-10-15,27.370001,27.370001,24.900000,24.900000,18.306416,8958600
2008-10-16,25.629999,26.700001,24.389999,26.200001,19.262169,11304400
2008-10-17,25.620001,27.510000,25.620001,26.100000,19.188648,7743000
2008-10-20,26.450001,27.480000,26.420000,27.150000,19.960606,8094200
2008-10-21,27.100000,27.709999,27.010000,27.070000,19.901787,4888900
2008-10-22,26.750000,26.750000,25.370001,26.400000,19.409208,10562300
2008-10-23,25.809999,26.590000,24.950001,25.790001,18.960743,7834800
2008-10-24,24.230000,26.020000,24.230000,25.700001,18.894573,10636200
2008-10-27,25.209999,25.750000,24.120001,24.600000,18.085854,5929000
2008-10-28,25.430000,27.500000,24.580000,26.150000,19.225409,7073300
2008-10-29,26.299999,26.850000,25.639999,25.969999,19.093071,7502500
2008-10-30,26.280001,26.860001,25.990000,26.580000,19.541552,4827900
2008-10-31,26.629999,27.209999,26.420000,26.600000,19.556252,6100100
2008-11-03,26.670000,27.129999,26.670000,26.799999,19.703289,3951600
2008-11-04,27.400000,27.570000,27.070000,27.150000,19.960606,3884000
2008-11-05,27.110001,27.420000,26.440001,26.750000,19.666531,5999500
2008-11-06,26.500000,26.629999,25.559999,26.100000,19.188648,8637100
2008-11-07,26.059999,26.590000,25.799999,26.430000,19.431259,5676300
2008-11-10,27.120001,27.120001,26.049999,26.240000,19.291580,4835800
2008-11-11,26.219999,26.330000,25.600000,25.770000,18.946033,10628000
2008-11-12,25.420000,25.730000,24.969999,25.200001,18.526976,4237700
2008-11-13,25.020000,26.549999,24.530001,26.549999,19.519497,7599700
2008-11-14,25.879999,26.709999,25.540001,25.540001,18.776937,5996900
2008-11-17,25.080000,25.830000,25.010000,25.100000,18.453455,6151400
2008-11-18,24.910000,25.450001,24.410000,25.270000,18.578432,5928200
2008-11-19,25.410000,25.610001,24.100000,24.250000,17.828533,6997800
2008-11-20,23.980000,24.389999,22.360001,23.559999,17.321251,12781400
2008-11-21,23.270000,23.670000,21.990000,23.590000,17.343304,9508400
2008-11-24,23.700001,24.670000,23.610001,24.059999,17.688848,6284000
2008-11-25,24.690001,24.840000,24.020000,24.219999,17.806480,6164700
2008-11-26,23.760000,24.719999,23.760000,24.600000,18.085854,6608700
2008-11-28,24.740000,25.139999,24.540001,24.920000,18.321117,1595100
2008-12-01,24.799999,24.799999,23.440001,23.639999,17.380062,5771700
2008-12-02,23.910000,24.290001,23.580000,24.250000,17.828533,7442500
2008-12-03,23.959999,25.030001,23.770000,24.830000,18.254944,10260400
2008-12-04,24.540001,24.959999,24.110001,24.360001,17.909405,8388100
2008-12-05,23.879999,25.340000,23.740000,25.190001,18.519634,8018200
2008-12-08,25.940001,25.940001,25.129999,25.389999,18.666662,9152900
2008-12-09,25.260000,25.459999,24.740000,24.990000,18.372589,8474900
2008-12-10,25.209999,25.290001,24.760000,24.920000,18.321117,7121300
2008-12-11,24.719999,25.629999,24.719999,25.070000,18.431395,9030800
2008-12-12,24.730000,25.190001,24.450001,25.120001,18.468159,6547800
2008-12-15,25.530001,25.530001,24.830000,25.070000,18.431395,4292500
2008-12-16,26.059999,26.180000,25.139999,26.059999,19.159243,7632100
2008-12-17,25.740000,26.200001,25.639999,25.900000,19.041609,8981200
2008-12-18,25.940001,26.510000,25.780001,26.090000,19.181293,6011900
2008-12-19,26.260000,26.480000,25.940001,26.090000,19.298162,8949500
2008-12-22,26.200001,26.209999,25.500000,25.910000,19.165028,5075900
2008-12-23,26.030001,26.320000,25.750000,25.920000,19.172417,3210200
2008-12-24,25.840000,25.950001,25.719999,25.830000,19.105852,876900
2008-12-26,25.910000,25.990000,25.740000,25.850000,19.120649,1040500
2008-12-29,25.920000,25.959999,25.420000,25.809999,19.091055,1559400
2008-12-30,25.920000,26.389999,25.900000,26.309999,19.460899,2865700
2008-12-31,26.480000,26.709999,26.370001,26.549999,19.638426,2383000
2009-01-02,26.559999,27.230000,26.389999,27.090000,20.037844,3589100
2009-01-05,27.120001,27.120001,26.660000,26.959999,19.941679,3880700
2009-01-06,27.010000,27.080000,26.299999,26.520000,19.616224,5726300
2009-01-07,26.070000,26.500000,26.070000,26.280001,19.438707,3947300
2009-01-08,26.150000,26.430000,25.990000,26.430000,19.549652,5521700
2009-01-09,26.440001,26.500000,26.000000,26.150000,19.342546,3906400
2009-01-12,26.240000,26.250000,25.680000,25.809999,19.091055,4811700
2009-01-13,25.809999,26.180000,25.740000,26.030001,19.253786,5286200
2009-01-14,25.600000,25.870001,25.420000,25.660000,18.980108,3907600
2009-01-15,25.719999,25.930000,25.139999,25.840000,19.113245,7710700
2009-01-16,26.129999,26.280001,25.719999,26.059999,19.275978,4456600
2009-01-20,26.010000,26.309999,25.410000,25.430000,18.809977,8967000
2009-01-21,25.770000,26.059999,25.280001,25.969999,19.209402,6294300
2009-01-22,25.820000,26.219999,25.600000,26.080000,19.290768,4778900
2009-01-23,25.879999,26.180000,25.610001,26.080000,19.290768,4563300
2009-01-26,26.170000,26.309999,25.799999,25.940001,19.187212,6881000
2009-01-27,26.200001,26.700001,26.150000,26.480000,19.586637,5819200
2009-01-28,26.770000,27.070000,26.610001,26.889999,19.889910,8140600
2009-01-29,26.540001,26.820000,26.389999,26.510000,19.608828,3911100
2009-01-30,26.570000,26.610001,26.110001,26.230000,19.401718,5236200
2009-02-02,26.000000,26.690001,25.969999,26.400000,19.527468,5822100
2009-02-03,26.549999,27.290001,26.440001,27.080000,20.030447,6915500
2009-02-04,27.330000,27.480000,26.830000,26.959999,19.941679,4998200
2009-02-05,26.690001,27.250000,26.690001,27.190001,20.111811,4569900
2009-02-06,27.190001,27.549999,27.049999,27.410000,20.274544,4571800
2009-02-09,27.420000,27.440001,27.040001,27.330000,20.215368,3548500
2009-02-10,27.170000,27.219999,26.360001,26.420000,19.542253,6174100
2009-02-11,26.500000,26.790001,26.490000,26.750000,19.786356,4152600
2009-02-12,26.459999,27.059999,26.290001,27.059999,20.015648,6363500
2009-02-13,27.070000,27.070000,26.650000,26.650000,19.712389,4067600
2009-02-17,26.440001,26.559999,26.049999,26.190001,19.372139,5869300
2009-02-18,26.219999,26.330000,25.980000,26.180000,19.364738,5876100
2009-02-19,26.490000,26.500000,26.120001,26.129999,19.327757,3896800
2009-02-20,25.690001,26.129999,25.660000,25.860001,19.128044,6713200
2009-02-23,25.790001,26.070000,25.219999,25.350000,18.750809,8094100
2009-02-24,25.510000,25.799999,25.320000,25.719999,19.024488,4738900
2009-02-25,25.610001,25.629999,25.080000,25.200001,18.639858,7642000
2009-02-26,25.500000,25.500000,23.930000,23.940001,17.707865,7675700
2009-02-27,23.520000,23.830000,22.930000,22.980000,16.997772,9912200
2009-03-02,23.660000,23.660000,21.969999,21.990000,16.265488,11638500
2009-03-03,22.190001,22.480000,21.780001,21.940001,16.228506,7500900
2009-03-04,22.760000,22.830000,22.010000,22.570000,16.694506,5910800
2009-03-05,22.450001,22.690001,21.700001,21.969999,16.250694,6274200
2009-03-06,22.010000,22.290001,21.629999,22.290001,16.487391,8982500
2009-03-09,22.010000,22.320000,21.700001,21.879999,16.184132,7060200
2009-03-10,22.059999,22.709999,22.049999,22.670000,16.768467,7928700
2009-03-11,22.920000,23.030001,22.230000,22.260000,16.465208,10766500
2009-03-12,22.150000,23.420000,22.150000,23.350000,17.271448,8992100
2009-03-13,23.549999,24.280001,23.480000,24.129999,17.848402,11528600
2009-03-16,24.350000,24.459999,23.870001,23.870001,17.656084,6934800
2009-03-17,23.820000,24.290001,23.690001,24.240000,17.929764,4510800
2009-03-18,24.020000,24.740000,24.020000,24.280001,17.959347,6840200
2009-03-19,24.570000,24.570000,23.469999,23.690001,17.522945,9299700
2009-03-20,23.660000,23.900000,23.459999,23.549999,17.527411,4831700
2009-03-23,23.980000,24.500000,23.740000,24.410000,18.167473,5069900
2009-03-24,24.250000,24.510000,23.980000,24.090000,17.929317,6040800
2009-03-25,24.090000,24.530001,23.820000,24.250000,18.048389,4271700
2009-03-26,24.459999,24.620001,24.139999,24.520000,18.249338,6769600
2009-03-27,24.410000,24.620001,24.260000,24.260000,18.055841,4769800
2009-03-30,24.010000,24.219999,23.809999,24.120001,17.951639,5020300
2009-03-31,24.440001,24.680000,24.200001,24.209999,18.018621,8359200
2009-04-01,23.920000,24.340000,23.639999,24.200001,18.011183,6837200
2009-04-02,24.700001,24.700001,24.209999,24.299999,18.085604,10706500
2009-04-03,24.500000,24.540001,23.750000,23.900000,17.787899,6395700
2009-04-06,23.700001,24.280001,23.700001,24.129999,17.959085,4378400
2009-04-07,23.860001,24.129999,23.650000,23.860001,17.758133,8460600
2009-04-08,24.030001,24.170000,23.860001,24.020000,17.877209,3328800
2009-04-09,24.490000,24.490000,24.070000,24.129999,17.959085,3903800
2009-04-13,24.100000,24.440001,24.100000,24.320000,18.100491,4172700
2009-04-14,24.450001,24.480000,24.180000,24.209999,18.018621,2812000
2009-04-15,24.200001,24.450001,24.000000,24.350000,18.122814,3259800
2009-04-16,24.379999,24.629999,24.160000,24.459999,18.204683,3834100
2009-04-17,24.500000,24.850000,24.459999,24.740000,18.413082,4678600
2009-04-20,24.340000,24.730000,24.150000,24.260000,18.055841,7361300
2009-04-21,24.120001,24.370001,23.860001,24.030001,17.884659,6848900
2009-04-22,23.639999,24.010000,23.639999,23.770000,17.691149,5203200
2009-04-23,23.799999,23.809999,23.290001,23.790001,17.706030,3337300
2009-04-24,23.719999,23.980000,23.650000,23.760000,17.683702,3625500
2009-04-27,24.010000,24.190001,23.870001,24.020000,17.877209,4275900
2009-04-28,24.049999,24.360001,23.950001,24.110001,17.944199,3778100
2009-04-29,24.120001,24.400000,23.950001,24.200001,18.011183,6880800
2009-04-30,24.200001,24.520000,24.010000,24.180000,17.996290,6006000
2009-05-01,24.139999,24.240000,23.920000,24.139999,17.966528,4935300
2009-05-04,24.170000,24.629999,24.170000,24.540001,18.264225,3309000
2009-05-05,24.540001,24.830000,24.480000,24.820000,18.472624,5663300
2009-05-06,25.000000,25.000000,24.450001,24.670000,18.360979,6639300
2009-05-07,24.830000,25.379999,24.670000,25.170000,18.733118,8924300
2009-05-08,25.520000,25.670000,25.280001,25.590000,19.045704,5632400
2009-05-11,25.389999,25.400000,25.129999,25.150000,18.718227,4615500
2009-05-12,25.360001,25.670000,25.090000,25.559999,19.023378,5275500
2009-05-13,25.260000,25.820000,25.260000,25.500000,18.978722,6741300
2009-05-14,25.719999,25.750000,25.450001,25.530001,19.001062,4525000
2009-05-15,25.600000,25.600000,25.170000,25.330000,18.852198,5882700
2009-05-18,25.410000,25.580000,25.139999,25.580000,19.038261,4691900
2009-05-19,25.500000,25.580000,25.309999,25.389999,18.896854,6561300
2009-05-20,25.420000,25.790001,25.420000,25.490000,18.971285,8416100
2009-05-21,25.350000,25.490000,24.990000,25.260000,18.800095,4996800
2009-05-22,25.280001,25.400000,25.070000,25.290001,18.822428,3655700
2009-05-26,25.190001,25.660000,24.889999,25.520000,18.993605,4412900
2009-05-27,25.549999,25.600000,25.219999,25.260000,18.800095,4591100
2009-05-28,25.209999,25.590000,25.139999,25.389999,18.896854,5720000
2009-05-29,25.360001,25.840000,25.290001,25.830000,19.224327,6549200
2009-06-01,26.020000,26.100000,25.799999,26.000000,19.350859,7529000
2009-06-02,25.940001,26.330000,25.820000,26.160000,19.469934,6533300
2009-06-03,25.990000,26.139999,25.879999,26.100000,19.425276,5920700
2009-06-04,26.120001,26.160000,25.639999,25.740000,19.157351,20046600
2009-06-05,25.559999,25.990000,25.430000,25.790001,19.194559,9662400
2009-06-08,25.660000,25.700001,25.240000,25.510000,18.986160,6260100
2009-06-09,25.639999,25.639999,25.309999,25.379999,18.889418,5337700
2009-06-10,25.620001,25.660000,25.100000,25.270000,18.807543,6176800
2009-06-11,25.240000,25.790001,25.219999,25.540001,19.008493,6493300
2009-06-12,25.540001,25.879999,25.400000,25.629999,19.075476,17595700
2009-06-15,25.360001,25.559999,24.840000,24.840000,18.487505,15870500
2009-06-16,24.879999,25.299999,24.860001,24.940001,18.561937,6354500
2009-06-17,24.980000,25.650000,24.980000,25.510000,18.986160,7463300
2009-06-18,25.559999,26.160000,25.490000,26.000000,19.350859,10436700
2009-06-19,26.240000,26.389999,25.969999,26.080000,19.507931,10601600
2009-06-22,25.900000,25.900000,25.540001,25.610001,19.156372,6224400
2009-06-23,25.780001,25.790001,25.459999,25.530001,19.096542,6001600
2009-06-24,25.709999,25.809999,25.490000,25.660000,19.193781,4161500
2009-06-25,25.730000,26.520000,25.570000,26.370001,19.724859,8134500
2009-06-26,26.400000,26.480000,26.100000,26.370001,19.724859,4967700
2009-06-29,26.320000,26.559999,26.090000,26.530001,19.844536,4266200
2009-06-30,26.469999,26.549999,26.110001,26.309999,19.679979,5414000
2009-07-01,26.459999,26.459999,26.240000,26.379999,19.732338,5535800
2009-07-02,26.100000,26.250000,25.750000,25.750000,19.261099,4989900
2009-07-06,25.590000,25.980000,25.540001,25.950001,19.410688,5551600
2009-07-07,26.010000,26.190001,25.840000,25.850000,19.335890,7325600
2009-07-08,26.080000,26.260000,25.980000,26.090000,19.515409,5312000
2009-07-09,26.200001,26.200001,25.650000,25.760000,19.268578,5232600
2009-07-10,25.700001,25.900000,25.580000,25.639999,19.178816,3640100
2009-07-13,25.780001,26.139999,25.580000,26.090000,19.515409,4616500
2009-07-14,25.959999,26.290001,25.959999,26.209999,19.605177,4204700
2009-07-15,26.370001,26.440001,26.030001,26.440001,19.777218,5320700
2009-07-16,26.450001,26.700001,26.360001,26.610001,19.904387,5610000
2009-07-17,26.690001,26.690001,26.400000,26.530001,19.844536,5462300
2009-07-20,26.600000,26.650000,26.330000,26.590000,19.889416,3615000
2009-07-21,26.820000,27.030001,26.700001,26.980000,20.181139,5665700
2009-07-22,26.990000,27.110001,26.770000,26.879999,20.106337,7369700
2009-07-23,26.950001,27.570000,26.820000,27.420000,20.510262,6627500
2009-07-24,27.520000,27.940001,27.350000,27.900000,20.869303,4141500
2009-07-27,27.900000,28.049999,27.680000,27.879999,20.854342,4662000
2009-07-28,27.889999,28.129999,27.830000,28.070000,20.996458,5460100
2009-07-29,27.860001,28.160000,27.860001,28.049999,20.981503,4113100
2009-07-30,28.490000,28.530001,28.059999,28.090000,21.011425,5080500
2009-07-31,28.000000,28.320000,27.870001,27.870001,20.846863,5961600
2009-08-03,28.020000,28.200001,27.770000,28.040001,20.974024,8179700
2009-08-04,27.930000,28.110001,27.900000,28.110001,21.026388,4449900
2009-08-05,28.160000,28.160000,27.670000,27.709999,20.727179,4502100
2009-08-06,27.709999,27.860001,27.379999,27.510000,20.577583,7178800
2009-08-07,27.629999,27.900000,27.580000,27.629999,20.667336,5144100
2009-08-10,27.680000,27.900000,27.530001,27.850000,20.831896,4903700
2009-08-11,27.920000,28.000000,27.740000,27.809999,20.801983,4956200
2009-08-12,27.889999,28.120001,27.660000,27.959999,20.914186,5316800
2009-08-13,28.040001,28.059999,27.620001,27.930000,20.891748,7561800
2009-08-14,27.990000,28.059999,27.590000,27.930000,20.891748,5772400
2009-08-17,27.580000,27.990000,27.580000,27.820000,20.809462,7543000
2009-08-18,27.990000,27.990000,27.639999,27.799999,20.794497,4171500
2009-08-19,27.770000,28.200001,27.639999,28.190001,21.086222,5693200
2009-08-20,28.209999,28.420000,28.100000,28.389999,21.235828,4320800
2009-08-21,28.510000,28.850000,28.440001,28.680000,21.452742,4980200
2009-08-24,28.850000,28.889999,28.629999,28.879999,21.602339,6183900
2009-08-25,28.850000,29.070000,28.809999,28.879999,21.602339,4663200
2009-08-26,28.809999,29.080000,28.750000,28.889999,21.609829,6038200
2009-08-27,28.889999,28.980000,28.590000,28.879999,21.602339,4339700
2009-08-28,28.969999,29.030001,28.469999,28.670000,21.445261,5794400
2009-08-31,28.500000,28.770000,28.379999,28.620001,21.407862,5478100
2009-09-01,28.620001,28.730000,28.100000,28.160000,21.063786,7560600
2009-09-02,28.160000,28.350000,28.059999,28.219999,21.108665,5343700
2009-09-03,28.330000,28.330000,27.959999,28.090000,21.011425,4183200
2009-09-04,28.230000,28.540001,28.170000,28.490000,21.310617,6434900
2009-09-08,28.600000,28.610001,28.230000,28.360001,21.213388,6484500
2009-09-09,28.400000,28.760000,28.360001,28.690001,21.460228,4642600
2009-09-10,28.730000,28.910000,28.580000,28.910000,21.624786,4851400
2009-09-11,28.900000,28.990000,28.790001,28.920000,21.632271,5386300
2009-09-14,28.690001,29.059999,28.690001,29.030001,21.714542,3940200
2009-09-15,29.030001,29.090000,28.770000,28.770000,21.520069,5793600
2009-09-16,28.830000,29.030001,28.709999,29.030001,21.714542,5151700
2009-09-17,28.860001,29.070000,28.860001,29.010000,21.699585,5022300
2009-09-18,29.000000,29.010000,28.760000,28.760000,21.607174,6988100
2009-09-21,28.670000,29.090000,28.670000,29.040001,21.817528,4603100
2009-09-22,29.100000,29.160000,28.790001,28.950001,21.749926,3830700
2009-09-23,28.910000,29.000000,28.540001,28.540001,21.441889,4194000
2009-09-24,28.690001,28.709999,28.400000,28.510000,21.419355,5084000
2009-09-25,28.440001,28.680000,28.400000,28.530001,21.434380,3526200
2009-09-28,28.639999,29.070000,28.580000,28.840000,21.667282,4043700
2009-09-29,28.870001,29.049999,28.750000,28.879999,21.697336,6430200
2009-09-30,28.969999,28.969999,28.450001,28.670000,21.539562,7156000
2009-10-01,28.690001,28.690001,28.240000,28.260000,21.231535,7927000
2009-10-02,28.070000,28.290001,28.059999,28.150000,21.148884,5993000
2009-10-05,28.120001,28.389999,27.990000,28.330000,21.284121,4785600
2009-10-06,28.400000,28.629999,28.190001,28.559999,21.456923,7127800
2009-10-07,28.530001,28.629999,28.420000,28.580000,21.471937,4128500
2009-10-08,28.740000,28.820000,28.559999,28.610001,21.494484,4539400
2009-10-09,28.600000,28.910000,28.580000,28.879999,21.697336,5196500
2009-10-12,28.840000,29.080000,28.840000,29.020000,21.802509,3940100
2009-10-13,28.930000,28.930000,28.680000,28.740000,21.592157,4488800
2009-10-14,28.969999,29.209999,28.760000,29.180000,21.922716,10170200
2009-10-15,29.129999,29.320000,29.059999,29.260000,21.982817,6474200
2009-10-16,29.170000,29.299999,29.049999,29.240000,21.967802,5617300
2009-10-19,29.260000,29.549999,29.170000,29.490000,22.155622,5105500
2009-10-20,29.549999,29.549999,29.139999,29.209999,21.945261,4748900
2009-10-21,29.200001,29.260000,28.809999,28.830000,21.659767,9425100
2009-10-22,28.770000,29.139999,28.590000,29.010000,21.794996,5381800
2009-10-23,29.110001,29.110001,28.610001,28.709999,21.569613,6078400
2009-10-26,28.799999,28.969999,28.340000,28.400000,21.336712,7268000
2009-10-27,28.480000,28.700001,28.370001,28.520000,21.426867,8489700
2009-10-28,28.480000,28.590000,28.200001,28.230000,21.208982,9471600
2009-10-29,28.280001,28.510000,28.180000,28.480000,21.396816,5806700
2009-10-30,28.389999,28.590000,28.030001,28.070000,21.088787,6955000
2009-11-02,28.080000,28.410000,28.040001,28.190001,21.178944,6993400
2009-11-03,28.100000,28.270000,28.030001,28.200001,21.186457,4974100
2009-11-04,28.250000,28.910000,28.250000,28.559999,21.456923,8205300
2009-11-05,28.780001,29.100000,28.740000,29.030001,21.810034,6651700
2009-11-06,28.969999,29.190001,28.850000,29.160000,21.907694,5297600
2009-11-09,29.330000,29.680000,29.190001,29.650000,22.275826,4541800
2009-11-10,29.600000,29.879999,29.559999,29.850000,22.426085,3583400
2009-11-11,29.959999,30.020000,29.680000,29.889999,22.456137,5100100
2009-11-12,29.780001,30.000000,29.650000,29.719999,22.328417,3450400
2009-11-13,29.690001,29.959999,29.670000,29.780001,22.373491,3706900
2009-11-16,29.959999,30.280001,29.770000,30.080000,22.598883,3769100
2009-11-17,30.120001,30.209999,29.990000,30.160000,22.658983,8409100
2009-11-18,30.260000,30.360001,30.010000,30.330000,22.786715,4641000
2009-11-19,30.250000,30.250000,29.860001,30.180000,22.674011,8943200
2009-11-20,30.129999,30.420000,30.040001,30.389999,22.831779,4254800
2009-11-23,30.570000,30.870001,30.530001,30.670000,23.042145,4316900
2009-11-24,30.750000,31.000000,30.600000,30.910000,23.222454,6797100
2009-11-25,30.980000,31.100000,30.850000,31.100000,23.365204,6534300
2009-11-27,30.639999,30.940001,30.350000,30.790001,23.132296,3394300
2009-11-30,30.830000,30.830000,30.570000,30.680000,23.049656,5203100
2009-12-01,30.760000,31.219999,30.760000,31.219999,23.455360,5944900
2009-12-02,31.170000,31.290001,31.000000,31.150000,23.402773,4983300
2009-12-03,31.240000,31.320000,30.930000,31.000000,23.290073,7722800
2009-12-04,31.200001,31.400000,30.860001,30.980000,23.275042,6784300
2009-12-07,30.980000,31.290001,30.910000,30.940001,23.244993,4296700
2009-12-08,30.809999,30.950001,30.650000,30.700001,23.064684,5625400
2009-12-09,30.740000,30.959999,30.650000,30.959999,23.260023,6328300
2009-12-10,31.070000,31.350000,31.040001,31.280001,23.500437,6752500
2009-12-11,31.280001,31.420000,31.230000,31.280001,23.500437,5955100
2009-12-14,31.510000,31.650000,31.400000,31.570000,23.718311,4646500
2009-12-15,31.570000,31.580000,31.389999,31.580000,23.725821,4171700
2009-12-16,31.680000,31.760000,31.420000,31.420000,23.605616,6069700
2009-12-17,31.150000,31.410000,30.959999,31.129999,23.387745,16428000
2009-12-18,31.020000,31.150000,30.879999,31.129999,23.516920,10356100
2009-12-21,30.940001,31.620001,30.930000,31.420000,23.736004,9174900
2009-12-22,31.389999,31.639999,31.389999,31.559999,23.841755,3957200
2009-12-23,31.650000,31.650000,31.440001,31.459999,23.766211,3457400
2009-12-24,31.500000,31.520000,31.360001,31.459999,23.766211,2198500
2009-12-28,31.590000,31.639999,31.440001,31.620001,23.887089,6543900
2009-12-29,31.639999,31.760000,31.540001,31.580000,23.856869,10151100
2009-12-30,31.480000,31.600000,31.400000,31.490000,23.788876,3637000
2009-12-31,31.510000,31.530001,31.070000,31.070000,23.471596,3511000
2010-01-04,31.469999,31.620001,31.270000,31.610001,23.879539,5580900
2010-01-05,31.559999,31.670000,31.299999,31.299999,23.645346,5428600
2010-01-06,31.299999,31.620001,31.299999,31.620001,23.887089,4883600
2010-01-07,31.500000,31.730000,31.430000,31.730000,23.970182,6114600
2010-01-08,31.790001,31.809999,31.559999,31.780001,24.007971,4284800
2010-01-11,31.950001,32.000000,31.820000,31.959999,24.143938,4177700
2010-01-12,31.820000,31.910000,31.610001,31.730000,23.970182,5791400
2010-01-13,31.809999,32.250000,31.799999,32.150002,24.287474,8056100
2010-01-14,32.209999,32.450001,32.090000,32.439999,24.506548,7801400
2010-01-15,32.320000,32.500000,32.029999,32.220001,24.340349,9691800
2010-01-19,32.330002,33.009998,32.330002,33.000000,24.929598,17749900
2010-01-20,33.110001,33.160000,32.470001,32.720001,24.718075,16706200
2010-01-21,32.709999,32.869999,31.980000,32.009998,24.181713,15057200
2010-01-22,31.910000,32.220001,31.600000,31.660000,23.917311,13221000
2010-01-25,31.980000,31.980000,31.629999,31.660000,23.917311,7485600
2010-01-26,31.540001,31.639999,31.309999,31.480000,23.781330,9292600
2010-01-27,31.370001,31.750000,31.330000,31.700001,23.947535,13238800
2010-01-28,31.799999,31.840000,31.410000,31.500000,23.796431,12890200
2010-01-29,31.600000,31.690001,31.280001,31.280001,23.630230,11902000
2010-02-01,31.330000,31.549999,31.200001,31.459999,23.766211,6463000
2010-02-02,31.549999,32.119999,31.379999,32.110001,24.257254,9894100
2010-02-03,32.000000,32.029999,31.580000,31.680000,23.932415,5967400
2010-02-04,31.420000,31.530001,30.860001,30.879999,23.328058,10027700
2010-02-05,30.790001,30.980000,30.270000,30.830000,23.290289,14325900
2010-02-08,30.850000,30.950001,30.590000,30.680000,23.176971,6971500
2010-02-09,31.070000,31.200001,30.680000,30.920000,23.358278,8632900
2010-02-10,30.950001,30.950001,30.490000,30.730000,23.214741,7047300
2010-02-11,30.530001,31.040001,30.490000,30.940001,23.373384,4335600
2010-02-12,30.709999,30.930000,30.500000,30.870001,23.320515,6966800
2010-02-16,31.180000,31.180000,30.820000,31.139999,23.524473,5786100
2010-02-17,31.250000,31.540001,31.200001,31.379999,23.705786,10161600
2010-02-18,31.389999,31.549999,31.309999,31.530001,23.819099,5326600
2010-02-19,31.430000,31.600000,31.350000,31.530001,23.819099,4369300
2010-02-22,31.639999,31.639999,31.240000,31.440001,23.751110,6989700
2010-02-23,31.350000,31.469999,31.080000,31.139999,23.524473,4313800
2010-02-24,31.230000,31.430000,31.120001,31.370001,23.698233,4352100
2010-02-25,31.150000,31.389999,31.000000,31.389999,23.713339,5437900
2010-02-26,31.440001,31.570000,31.320000,31.400000,23.720894,8794500
2010-03-01,31.400000,31.809999,31.400000,31.700001,23.947535,6249900
2010-03-02,31.750000,31.940001,31.709999,31.809999,24.030615,5321100
2010-03-03,31.959999,31.959999,31.629999,31.680000,23.932415,5066800
2010-03-04,31.719999,31.740000,31.459999,31.580000,23.856869,10135600
2010-03-05,31.650000,32.020000,31.610001,32.020000,24.189268,5832200
2010-03-08,32.029999,32.029999,31.820000,31.830000,24.045732,4370700
2010-03-09,31.730000,31.889999,31.690001,31.809999,24.030615,4838900
2010-03-10,31.830000,31.940001,31.780001,31.830000,24.045732,4063400
2010-03-11,31.820000,32.080002,31.650000,32.080002,24.234591,6033900
2010-03-12,32.130001,32.130001,31.760000,31.840000,24.053288,4899700
2010-03-15,31.840000,32.049999,31.780001,32.049999,24.211926,5500100
2010-03-16,32.049999,32.160000,31.930000,32.139999,24.279915,5494000
2010-03-17,32.119999,32.230000,32.000000,32.150002,24.287474,11159700
2010-03-18,32.150002,32.459999,32.070000,32.369999,24.453674,7125700
2010-03-19,32.250000,32.450001,32.130001,32.250000,24.444569,8386700
2010-03-22,32.299999,32.689999,32.299999,32.459999,24.603737,7909200
2010-03-23,32.419998,32.619999,32.349998,32.619999,24.725027,5713500
2010-03-24,32.560001,32.599998,32.270000,32.270000,24.459734,6315000
2010-03-25,32.509998,32.509998,32.110001,32.139999,24.361197,5120600
2010-03-26,32.220001,32.220001,31.840000,31.900000,24.179287,6811000
2010-03-29,31.990000,32.240002,31.980000,32.240002,24.436998,4818700
2010-03-30,32.240002,32.279999,32.110001,32.240002,24.436998,3440100
2010-03-31,32.189999,32.279999,31.990000,32.130001,24.353624,4834400
2010-04-01,32.299999,32.369999,32.130001,32.310001,24.490046,5602900
2010-04-05,32.340000,32.419998,32.169998,32.220001,24.421837,4655600
2010-04-06,32.130001,32.259998,32.119999,32.200001,24.406675,3978900
2010-04-07,32.200001,32.200001,31.910000,32.060001,24.300564,4733200
2010-04-08,31.959999,32.020000,31.830000,31.940001,24.209604,4561700
2010-04-09,31.990000,32.119999,31.940001,32.080002,24.315716,4155000
2010-04-12,32.040001,32.180000,31.980000,31.990000,24.247501,4513500
2010-04-13,31.930000,32.090000,31.840000,32.020000,24.270243,7279200
2010-04-14,32.040001,32.040001,31.790001,31.910000,24.186857,6331200
2010-04-15,31.930000,31.950001,31.730000,31.820000,24.118643,5119600
2010-04-16,31.780001,31.870001,31.480000,31.629999,23.974628,8928300
2010-04-19,31.629999,31.920000,31.520000,31.889999,24.171703,11270000
2010-04-20,32.000000,32.049999,31.850000,31.959999,24.224762,5741100
2010-04-21,31.980000,31.980000,31.280001,31.400000,23.800301,13931400
2010-04-22,31.240000,31.250000,30.840000,31.040001,23.527426,4291800
2010-04-23,31.040001,31.379999,30.840000,31.350000,23.762400,10974900
2010-04-26,31.400000,31.480000,30.990000,31.020000,23.512274,7321500
2010-04-27,30.950001,31.180000,30.610001,30.660000,23.239393,10692000
2010-04-28,30.879999,30.990000,30.600000,30.860001,23.390997,10333300
2010-04-29,31.020000,31.469999,31.020000,31.280001,23.709337,10236400
2010-04-30,31.370001,31.430000,30.879999,30.879999,23.406153,12506600
2010-05-03,30.879999,31.160000,30.860001,31.030001,23.519859,5629700
2010-05-04,30.889999,31.139999,30.719999,30.850000,23.383419,14483400
2010-05-05,30.490000,31.010000,30.400000,30.950001,23.459204,9627700
2010-05-06,30.850000,30.940001,28.530001,30.120001,22.830097,21647700
2010-05-07,30.139999,30.139999,29.340000,29.719999,22.526901,18182100
2010-05-10,30.240000,30.830000,30.240000,30.520000,23.133287,13168100
2010-05-11,30.309999,30.760000,30.240000,30.459999,23.087807,8829300
2010-05-12,30.719999,30.730000,30.420000,30.709999,23.277292,6115800
2010-05-13,30.600000,30.700001,30.379999,30.379999,23.027168,6872600
2010-05-14,30.209999,30.350000,29.730000,29.969999,22.716400,13544100
2010-05-17,30.040001,30.090000,29.520000,29.969999,22.716400,11950000
2010-05-18,30.170000,30.219999,29.700001,29.730000,22.534485,11648200
2010-05-19,29.540001,29.910000,29.480000,29.660000,22.481436,12608800
2010-05-20,29.250000,29.400000,28.719999,28.730000,21.776512,15946600
2010-05-21,28.420000,28.879999,28.250000,28.799999,21.829576,16465100
2010-05-24,28.680000,29.040001,28.520000,28.730000,21.776512,10310900
2010-05-25,28.139999,28.610001,27.969999,28.610001,21.685562,16411700
2010-05-26,28.780001,28.900000,28.400000,28.430000,21.549124,12620400
2010-05-27,28.670000,29.010000,28.670000,29.010000,21.988747,9438500
2010-05-28,29.000000,29.160000,28.770000,28.870001,21.882633,13301500
2010-06-01,28.760000,29.010000,28.500000,28.549999,21.640074,11633700
2010-06-02,28.799999,29.200001,28.559999,29.170000,22.110016,10510200
2010-06-03,29.170000,29.430000,29.129999,29.340000,22.238871,8442500
2010-06-04,28.889999,28.969999,28.379999,28.480000,21.587027,11034700
2010-06-07,28.520000,28.799999,28.440001,28.440001,21.556705,9478700
2010-06-08,28.450001,28.549999,28.160000,28.510000,21.609768,10571000
2010-06-09,28.549999,28.709999,28.280001,28.379999,21.511229,8428600
2010-06-10,28.650000,28.990000,28.650000,28.920000,21.920530,6967900
2010-06-11,28.840000,29.209999,28.830000,29.160000,22.102442,7042100
2010-06-14,29.250000,29.480000,29.200001,29.209999,22.140337,6416400
2010-06-15,29.350000,29.730000,29.340000,29.709999,22.519325,4921200
2010-06-16,29.620001,29.860001,29.549999,29.820000,22.602701,5576900
2010-06-17,29.870001,29.870001,29.559999,29.860001,22.633024,5710800
2010-06-18,29.760000,29.760000,29.490000,29.549999,22.511898,6962900
2010-06-21,29.860001,29.930000,29.350000,29.500000,22.473804,7458600
2010-06-22,29.530001,29.740000,29.170000,29.209999,22.252871,7226400
2010-06-23,29.230000,29.280001,28.940001,29.090000,22.161451,6431100
2010-06-24,28.959999,29.129999,28.840000,28.879999,22.001474,10192000
2010-06-25,28.879999,29.160000,28.780001,29.010000,22.100510,8439200
2010-06-28,29.030001,29.200001,28.780001,28.959999,22.062418,6556200
2010-06-29,28.660000,28.719999,28.270000,28.430000,21.658649,15076600
2010-06-30,28.290001,28.559999,28.139999,28.200001,21.483437,9503400
2010-07-01,28.150000,28.150000,27.490000,27.959999,21.300596,23346200
2010-07-02,28.010000,28.219999,27.870001,28.030001,21.353916,10103400
2010-07-06,28.219999,28.389999,27.940001,28.170000,21.460577,11667300
2010-07-07,28.200001,28.750000,28.059999,28.719999,21.879576,8794500
2010-07-08,28.820000,29.030001,28.760000,28.959999,22.062418,7165200
2010-07-09,29.020000,29.040001,28.879999,29.030001,22.115744,4261600
2010-07-12,28.969999,29.080000,28.870001,28.980000,22.077650,5026200
2010-07-13,29.150000,29.379999,29.150000,29.200001,22.245258,5439300
2010-07-14,29.110001,29.260000,28.959999,29.200001,22.245258,5958300
2010-07-15,29.190001,29.360001,29.010000,29.290001,22.313824,4594500
2010-07-16,29.150000,29.330000,28.639999,28.680000,21.849108,9790100
2010-07-19,28.799999,28.920000,28.680000,28.809999,21.948141,5391900
2010-07-20,28.480000,28.740000,28.320000,28.730000,21.887194,8178400
2010-07-21,28.719999,28.809999,28.200001,28.260000,21.529135,14343400
2010-07-22,28.540001,28.730000,28.330000,28.440001,21.666267,10500800
2010-07-23,28.430000,28.500000,28.170000,28.430000,21.658649,8858800
2010-07-26,28.549999,28.889999,28.459999,28.840000,21.971003,10261500
2010-07-27,28.900000,28.969999,28.740000,28.870001,21.993855,6225700
2010-07-28,28.820000,28.910000,28.430000,28.480000,21.696745,9662900
2010-07-29,28.639999,28.830000,28.320000,28.459999,21.681505,10540100
2010-07-30,28.200001,28.690001,28.090000,28.570000,21.765305,7539400
2010-08-02,28.879999,29.129999,28.870001,29.110001,22.176695,11733200
2010-08-03,29.150000,29.459999,29.150000,29.350000,22.359531,10266000
2010-08-04,29.370001,29.680000,29.320000,29.639999,22.580454,9458100
2010-08-05,29.540001,29.650000,29.420000,29.650000,22.588079,4285100
2010-08-06,29.360001,29.740000,29.280001,29.709999,22.633783,8894200
2010-08-09,29.900000,29.900000,29.639999,29.790001,22.694731,4061700
2010-08-10,29.580000,29.980000,29.459999,29.860001,22.748060,8692600
2010-08-11,29.450001,29.490000,29.049999,29.090000,22.161451,13216600
2010-08-12,28.860001,29.290001,28.790001,29.209999,22.252871,9553700
2010-08-13,29.020000,29.209999,28.969999,29.100000,22.169073,4340300
2010-08-16,28.930000,29.030001,28.730000,28.950001,22.054790,4641300
2010-08-17,29.120001,29.459999,29.040001,29.350000,22.359531,7183200
2010-08-18,29.299999,29.530001,29.120001,29.309999,22.329046,4410100
2010-08-19,29.150000,29.200001,28.680000,28.770000,21.917673,8736200
2010-08-20,28.730000,28.760000,28.490000,28.670000,21.841482,5606200
2010-08-23,28.850000,29.070000,28.770000,28.799999,21.940527,6570800
2010-08-24,28.490000,28.500000,28.090000,28.180000,21.468189,12112600
2010-08-25,28.059999,28.580000,28.020000,28.459999,21.681505,10713000
2010-08-26,28.610001,28.610001,28.170000,28.280001,21.544376,6566000
2010-08-27,28.360001,28.580000,28.000000,28.570000,21.765305,7200700
2010-08-30,28.570000,28.600000,28.209999,28.209999,21.491051,5835000
2010-08-31,28.170000,28.320000,28.040001,28.100000,21.407248,8756200
2010-09-01,28.370001,28.799999,28.370001,28.750000,21.902437,10345200
2010-09-02,28.799999,28.950001,28.719999,28.900000,22.016705,6003300
2010-09-03,29.000000,29.190001,28.990000,29.170000,22.222393,6604700
2010-09-07,29.139999,29.139999,28.940001,29.000000,22.092892,3954000
2010-09-08,28.959999,29.250000,28.950001,29.160000,22.214779,6850700
2010-09-09,29.370001,29.559999,29.340000,29.469999,22.450953,6305700
2010-09-10,29.469999,29.799999,29.469999,29.770000,22.679491,5453100
2010-09-13,29.930000,29.980000,29.690001,29.840000,22.732822,5947100
2010-09-14,29.740000,30.059999,29.709999,29.940001,22.809006,8386700
2010-09-15,29.870001,30.230000,29.830000,30.219999,23.022310,4894200
2010-09-16,30.049999,30.150000,29.950001,30.100000,22.930901,4913900
2010-09-17,30.049999,30.139999,29.879999,29.940001,22.926304,6038900
2010-09-20,30.070000,30.400000,29.969999,30.340000,23.232597,5467800
2010-09-21,30.340000,30.520000,30.230000,30.360001,23.247911,7579700
2010-09-22,30.330000,30.540001,30.290001,30.410000,23.286201,5875600
2010-09-23,30.219999,30.459999,30.190001,30.250000,23.163681,8156800
2010-09-24,30.490000,30.680000,30.450001,30.660000,23.477629,5571100
2010-09-27,30.660000,30.660000,30.410000,30.430000,23.301514,4840600
2010-09-28,30.500000,30.740000,30.299999,30.680000,23.492949,5634600
2010-09-29,30.570000,30.690001,30.459999,30.570000,23.408722,7966300
2010-09-30,30.680000,30.879999,30.379999,30.490000,23.347452,8680300
2010-10-01,30.709999,30.750000,30.330000,30.490000,23.347452,8791700
2010-10-04,30.469999,30.540001,30.110001,30.190001,23.117735,6193600
2010-10-05,30.600000,30.799999,30.440001,30.750000,23.546551,6786200
2010-10-06,30.680000,30.790001,30.530001,30.629999,23.454666,5800000
2010-10-07,30.750000,30.840000,30.600000,30.690001,23.500608,6052000
2010-10-08,30.709999,30.850000,30.639999,30.770000,23.561867,3678600
2010-10-11,30.750000,30.840000,30.680000,30.790001,23.577185,2452400
2010-10-12,30.730000,30.940001,30.600000,30.860001,23.630789,3194600
2010-10-13,30.990000,31.180000,30.910000,31.080000,23.799238,3323600
2010-10-14,31.040001,31.180000,30.879999,31.020000,23.753307,5111500
2010-10-15,31.090000,31.240000,30.950001,31.150000,23.852850,5880600
2010-10-18,31.190001,31.450001,31.139999,31.440001,24.074915,7161000
2010-10-19,31.190001,31.190001,30.700001,30.850000,23.623127,8833000
2010-10-20,30.920000,31.280001,30.840000,31.139999,23.845194,5489400
2010-10-21,31.270000,31.370001,30.990000,31.219999,23.906450,5983600
2010-10-22,31.320000,31.320000,31.150000,31.230000,23.914104,4671900
2010-10-25,31.400000,31.639999,31.370001,31.400000,24.044287,6532600
2010-10-26,31.330000,31.330000,31.160000,31.309999,23.975370,4005800
2010-10-27,31.190001,31.250000,30.930000,31.120001,23.829882,5489900
2010-10-28,31.299999,31.410000,31.129999,31.299999,23.967709,5007000
2010-10-29,31.219999,31.270000,31.049999,31.170000,23.868168,6751200
2010-11-01,31.340000,31.500000,31.010000,31.170000,23.868168,6943700
2010-11-02,31.420000,31.500000,31.389999,31.469999,24.097887,5303500
2010-11-03,31.570000,31.570000,31.170000,31.490000,24.113197,8271300
2010-11-04,31.719999,31.730000,31.549999,31.639999,24.228064,7898400
2010-11-05,31.709999,31.709999,31.330000,31.450001,24.082571,10241400
2010-11-08,31.410000,31.549999,31.299999,31.370001,24.021320,7745100
2010-11-09,31.459999,31.459999,31.170000,31.240000,23.921753,7484100
2010-11-10,31.280001,31.280001,30.930000,31.230000,23.914104,6532400
2010-11-11,31.080000,31.340000,31.000000,31.320000,23.983025,5827800
2010-11-12,31.129999,31.180000,30.889999,30.930000,23.684385,6763900
2010-11-15,31.040001,31.110001,30.889999,30.940001,23.692039,4181900
2010-11-16,30.740000,30.840000,30.400000,30.490000,23.347452,12265400
2010-11-17,30.540001,30.660000,30.480000,30.540001,23.385746,5810200
2010-11-18,30.719999,31.040001,30.629999,30.969999,23.715012,5721600
2010-11-19,30.940001,31.020000,30.820000,31.000000,23.737986,5078100
2010-11-22,30.959999,31.040001,30.709999,31.010000,23.745644,7405200
2010-11-23,30.690001,30.750000,30.549999,30.559999,23.401060,9030600
2010-11-24,30.680000,30.870001,30.680000,30.850000,23.623127,5591000
2010-11-26,30.690001,30.730000,30.540001,30.580000,23.416365,2863600
2010-11-29,30.400000,30.610001,30.139999,30.549999,23.393398,7439200
2010-11-30,30.219999,30.459999,30.180000,30.270000,23.178988,8214800
2010-12-01,30.610001,30.900000,30.610001,30.850000,23.623127,8571300
2010-12-02,30.900000,31.090000,30.840000,31.090000,23.806896,5519300
2010-12-03,30.959999,31.110001,30.940001,31.090000,23.806896,7769400
2010-12-06,30.980000,31.020000,30.860001,30.889999,23.653763,5092200
2010-12-07,31.110001,31.129999,30.870001,30.910000,23.669071,6938200
2010-12-08,30.950001,30.990000,30.790001,30.940001,23.692039,5222000
2010-12-09,31.040001,31.040001,30.889999,30.990000,23.730339,3670300
2010-12-10,31.040001,31.320000,31.040001,31.290001,23.960058,5730100
2010-12-13,31.360001,31.490000,31.299999,31.340000,23.998339,9561500
2010-12-14,31.450001,31.740000,31.440001,31.660000,24.243380,5587600
2010-12-15,31.540001,31.770000,31.530001,31.559999,24.166798,5816700
2010-12-16,31.570000,31.790001,31.440001,31.780001,24.335268,5071800
2010-12-17,31.620001,31.670000,31.440001,31.670000,24.376825,6012600
2010-12-20,31.740000,31.760000,31.530001,31.660000,24.369133,3241800
2010-12-21,31.690001,31.709999,31.580000,31.580000,24.307550,2946300
2010-12-22,31.570000,31.670000,31.540001,31.670000,24.376825,2646000
2010-12-23,31.610001,31.700001,31.610001,31.650000,24.361429,2874100
2010-12-27,31.600000,31.620001,31.490000,31.590000,24.315252,835200
2010-12-28,31.580000,31.660000,31.520000,31.610001,24.330652,1652600
2010-12-29,31.650000,31.690001,31.590000,31.620001,24.338339,1990500
2010-12-30,31.580000,31.600000,31.490000,31.510000,24.253675,3877200
2010-12-31,31.540001,31.570000,31.430000,31.500000,24.245975,3908500
2011-01-03,31.670000,31.990000,31.660000,31.790001,24.469194,6877800
2011-01-04,31.850000,31.920000,31.719999,31.889999,24.546167,4161000
2011-01-05,31.770000,32.020000,31.770000,31.959999,24.600044,7962800
2011-01-06,32.009998,32.110001,31.969999,32.090000,24.700108,4966800
2011-01-07,32.119999,32.119999,31.889999,32.070000,24.684711,6199000
2011-01-10,31.920000,32.049999,31.879999,31.980000,24.615433,4481000
2011-01-11,32.060001,32.189999,32.009998,32.139999,24.738602,3356200
2011-01-12,32.279999,32.360001,32.180000,32.310001,24.869442,2886100
2011-01-13,32.220001,32.220001,32.049999,32.139999,24.738602,7414600
2011-01-14,32.080002,32.180000,32.060001,32.180000,24.769384,3907500
2011-01-18,32.189999,32.310001,32.169998,32.299999,24.861742,8160100
2011-01-19,32.330002,32.330002,31.959999,32.080002,24.692415,9936400
2011-01-20,32.070000,32.220001,31.950001,32.160000,24.753996,8811800
2011-01-21,32.259998,32.330002,32.150002,32.189999,24.777077,8079700
2011-01-24,32.180000,32.270000,32.119999,32.150002,24.746292,3711500
2011-01-25,32.040001,32.240002,32.029999,32.150002,24.746292,8002500
2011-01-26,32.180000,32.220001,32.080002,32.110001,24.715511,7671800
2011-01-27,32.150002,32.250000,32.049999,32.189999,24.777077,6871900
2011-01-28,32.209999,32.250000,31.580000,31.610001,24.330652,11096100
2011-01-31,31.770000,31.770000,31.559999,31.680000,24.384527,9021600
2011-02-01,31.809999,32.290001,31.809999,32.250000,24.823269,13051200
2011-02-02,32.150002,32.180000,32.040001,32.139999,24.738602,4627700
2011-02-03,32.029999,32.250000,31.790001,32.180000,24.769384,6316300
2011-02-04,32.250000,32.340000,32.060001,32.330002,24.884840,4380100
2011-02-07,32.320000,32.380001,32.250000,32.279999,24.846352,9145200
2011-02-08,32.250000,32.389999,32.250000,32.369999,24.915625,5160100
2011-02-09,32.279999,32.369999,32.200001,32.299999,24.861742,4933400
2011-02-10,32.189999,32.360001,32.180000,32.310001,24.869442,4383300
2011-02-11,32.169998,32.459999,32.139999,32.380001,24.923325,4341900
2011-02-14,32.439999,32.490002,32.310001,32.490002,25.007990,9054900
2011-02-15,32.369999,32.450001,32.290001,32.419998,24.954107,5502400
2011-02-16,32.500000,32.709999,32.470001,32.590000,25.084963,4256200
2011-02-17,32.509998,32.759998,32.450001,32.730000,25.192724,8772000
2011-02-18,32.709999,32.849998,32.650002,32.810001,25.254311,4583200
2011-02-22,32.480000,32.630001,32.230000,32.310001,24.869442,12072400
2011-02-23,32.220001,32.320000,31.990000,32.000000,24.630829,9817600
2011-02-24,31.940001,32.180000,31.870001,32.110001,24.715511,9063800
2011-02-25,32.209999,32.369999,32.139999,32.310001,24.869442,6129200
2011-02-28,32.430000,32.709999,32.310001,32.669998,25.146545,15415100
2011-03-01,32.770000,32.810001,32.400002,32.410000,24.946419,10264400
2011-03-02,32.360001,32.570000,32.310001,32.509998,25.023384,11750700
2011-03-03,32.709999,33.200001,32.709999,33.180000,25.539093,11733900
2011-03-04,33.160000,33.230000,32.900002,33.130001,25.500616,8793600
2011-03-07,33.209999,33.209999,32.680000,32.880001,25.308187,8359500
2011-03-08,32.900002,33.160000,32.779999,33.060001,25.446726,5795000
2011-03-09,33.049999,33.200001,32.939999,33.110001,25.485226,8000200
2011-03-10,32.849998,32.919998,32.560001,32.590000,25.084963,12703000
2011-03-11,32.590000,32.790001,32.470001,32.700001,25.169624,8004000
2011-03-14,32.549999,32.750000,32.400002,32.540001,25.046478,7608100
2011-03-15,31.990000,32.320000,31.840000,32.160000,24.753996,12855500
2011-03-16,32.110001,32.119999,31.440001,31.600000,24.322950,20826500
2011-03-17,31.920000,32.060001,31.809999,31.969999,24.607740,10301600
2011-03-18,32.160000,32.220001,31.889999,31.969999,24.719858,16696000
2011-03-21,32.209999,32.500000,32.169998,32.240002,24.928629,8783300
2011-03-22,32.349998,32.410000,32.200001,32.220001,24.913170,6413300
2011-03-23,32.160000,32.270000,31.950001,32.200001,24.897699,7349200
2011-03-24,32.320000,32.630001,32.200001,32.580002,25.191528,10593600
2011-03-25,32.580002,32.810001,32.570000,32.669998,25.261110,5281100
2011-03-28,32.680000,32.740002,32.650002,32.660000,25.253387,3925300
2011-03-29,32.630001,32.860001,32.590000,32.849998,25.400293,4031500
2011-03-30,33.009998,33.259998,33.009998,33.090000,25.585871,5202600
2011-03-31,33.070000,33.230000,33.020000,33.110001,25.601337,3280600
2011-04-01,33.230000,33.349998,33.169998,33.279999,25.732779,3929600
2011-04-04,33.389999,33.540001,33.389999,33.480000,25.887419,4286700
2011-04-05,33.349998,33.430000,33.290001,33.330002,25.771444,4311300
2011-04-06,33.430000,33.509998,33.360001,33.400002,25.825571,3954000
2011-04-07,33.320000,33.470001,33.230000,33.340000,25.779173,7031500
2011-04-08,33.400002,33.500000,33.230000,33.320000,25.763706,6907600
2011-04-11,33.419998,33.590000,33.419998,33.509998,25.910622,8928500
2011-04-12,33.369999,33.599998,33.369999,33.470001,25.879690,6200400
2011-04-13,33.459999,33.570000,33.369999,33.439999,25.856489,4442000
2011-04-14,33.419998,33.680000,33.290001,33.619999,25.995668,8316200
2011-04-15,33.790001,34.009998,33.750000,33.919998,26.227642,9761800
2011-04-18,33.700001,33.700001,33.349998,33.540001,25.933813,7603400
2011-04-19,33.599998,33.840000,33.540001,33.820000,26.150312,5456100
2011-04-20,34.180000,34.279999,34.070000,34.150002,26.405481,7116900
2011-04-21,34.360001,34.450001,34.130001,34.250000,26.482805,4828600
2011-04-25,34.139999,34.320000,34.110001,34.290001,26.513733,6363700
2011-04-26,34.340000,34.740002,34.340000,34.689999,26.823008,5800000
2011-04-27,34.650002,35.139999,34.630001,35.080002,27.124582,8745300
2011-04-28,35.080002,35.279999,35.049999,35.259998,27.263758,5219400
2011-04-29,35.330002,35.349998,35.189999,35.240002,27.248283,11660100
2011-05-02,35.480000,35.669998,35.430000,35.599998,27.526648,14846400
2011-05-03,35.520000,35.599998,35.330002,35.509998,27.457054,11291300
2011-05-04,35.459999,35.540001,35.290001,35.480000,27.433870,9434600
2011-05-05,35.419998,35.549999,35.150002,35.250000,27.256006,11700000
2011-05-06,35.509998,35.669998,35.360001,35.500000,27.449329,7405100
2011-05-09,35.320000,35.740002,35.320000,35.700001,27.603968,9030400
2011-05-10,35.849998,35.930000,35.639999,35.919998,27.774088,7764600
2011-05-11,35.959999,36.049999,35.669998,35.860001,27.727692,13491000
2011-05-12,35.730000,36.200001,35.630001,36.189999,27.982843,7867600
2011-05-13,36.250000,36.340000,35.889999,36.080002,27.897806,10091200
2011-05-16,36.000000,36.279999,35.930000,36.139999,27.944187,7557200
2011-05-17,35.970001,36.160000,35.889999,36.139999,27.944187,7397600
2011-05-18,36.139999,36.450001,36.080002,36.419998,28.160686,5666800
2011-05-19,36.570000,36.570000,36.169998,36.340000,28.098829,17052500
2011-05-20,36.360001,36.360001,35.930000,36.040001,27.866871,11701300
2011-05-23,35.660000,35.740002,35.509998,35.669998,27.580774,27910000
2011-05-24,35.660000,35.720001,35.529999,35.570000,27.503452,10177500
2011-05-25,35.410000,35.709999,35.410000,35.619999,27.542114,7239400
2011-05-26,35.540001,35.709999,35.330002,35.669998,27.580774,6576400
2011-05-27,35.669998,35.720001,35.520000,35.689999,27.596239,7043300
2011-05-31,35.950001,36.119999,35.810001,36.110001,27.920990,10185900
2011-06-01,35.990002,36.080002,35.580002,35.610001,27.534378,12042500
2011-06-02,35.619999,35.619999,35.389999,35.529999,27.472521,7603400
2011-06-03,35.130001,35.389999,35.130001,35.189999,27.209631,12026700
2011-06-06,35.090000,35.180000,34.930000,34.980000,27.047247,6513500
2011-06-07,35.230000,35.349998,35.029999,35.049999,27.101381,8211900
2011-06-08,35.009998,35.150002,34.939999,35.090000,27.132311,6631100
2011-06-09,35.169998,35.630001,35.110001,35.459999,27.418396,6971000
2011-06-10,35.320000,35.320000,34.779999,34.810001,26.915812,17102600
2011-06-13,34.790001,35.130001,34.790001,34.980000,27.047247,10150700
2011-06-14,35.250000,35.419998,35.150002,35.279999,27.279211,8585800
2011-06-15,35.130001,35.240002,34.720001,34.799999,26.908070,15194100
2011-06-16,34.810001,34.959999,34.630001,34.860001,26.954473,10648300
2011-06-17,34.980000,35.070000,34.660000,34.770000,27.016623,16765100
2011-06-20,34.700001,35.160000,34.650002,35.119999,27.288593,8445200
2011-06-21,35.259998,35.419998,35.160000,35.340000,27.459528,12641600
2011-06-22,35.290001,35.369999,35.110001,35.130001,27.296352,7622800
2011-06-23,35.000000,35.130001,34.630001,35.090000,27.265276,19458700
2011-06-24,35.080002,35.080002,34.619999,34.680000,26.946697,11042000
2011-06-27,34.750000,34.950001,34.540001,34.860001,27.086565,6268200
2011-06-28,34.930000,35.439999,34.889999,35.349998,27.467293,9300200
2011-06-29,35.540001,35.540001,35.320000,35.419998,27.521687,6541700
2011-06-30,35.570000,35.630001,35.450001,35.529999,27.607155,11835800
2011-07-01,35.529999,35.980000,35.509998,35.959999,27.941273,10374800
2011-07-05,35.990002,35.990002,35.740002,35.860001,27.863567,6410500
2011-07-06,35.799999,36.009998,35.799999,35.959999,27.941273,6899800
2011-07-07,36.119999,36.119999,35.799999,35.939999,27.925724,7400100
2011-07-08,35.700001,35.820000,35.570000,35.779999,27.801413,6741200
2011-07-11,35.470001,35.540001,35.200001,35.290001,27.420673,11117200
2011-07-12,35.270000,35.639999,35.169998,35.290001,27.420673,5988800
2011-07-13,35.470001,35.770000,35.330002,35.430000,27.529457,8597100
2011-07-14,35.500000,35.619999,35.279999,35.369999,27.482847,9443600
2011-07-15,35.419998,35.430000,35.009998,35.189999,27.342976,9994600
2011-07-18,35.070000,35.099998,34.669998,34.930000,27.140955,8569400
2011-07-19,35.000000,35.310001,34.919998,35.240002,27.381819,9930600
2011-07-20,35.290001,35.310001,34.990002,35.119999,27.288593,6808400
2011-07-21,35.470001,35.790001,35.360001,35.650002,27.700403,14621500
2011-07-22,35.630001,35.660000,35.439999,35.590000,27.653772,7642700
2011-07-25,35.279999,35.459999,35.180000,35.220001,27.366297,6821100
2011-07-26,35.189999,35.209999,34.900002,34.939999,27.148724,8696700
2011-07-27,34.779999,34.799999,34.290001,34.330002,26.674746,13037300
2011-07-28,34.310001,34.680000,34.250000,34.299999,26.651440,13788400
2011-07-29,34.009998,34.360001,33.790001,34.119999,26.511583,18230600
2011-08-01,34.450001,34.450001,33.189999,33.540001,26.060911,27608500
2011-08-02,33.310001,33.439999,32.790001,32.820000,25.501463,23052100
2011-08-03,32.820000,32.880001,32.200001,32.880001,25.548080,23351200
2011-08-04,32.419998,32.560001,31.570000,31.570000,24.530199,26524200
2011-08-05,31.809999,32.279999,31.040001,31.809999,24.716675,34270900
2011-08-08,31.180000,31.540001,30.170000,30.180000,23.450153,35749300
2011-08-09,30.559999,31.370001,29.639999,31.280001,24.304867,33607200
2011-08-10,30.900000,31.120001,29.910000,29.959999,23.279211,31686400
2011-08-11,30.070000,31.730000,30.020000,31.330000,24.343719,23576700
2011-08-12,31.559999,31.930000,31.320000,31.639999,24.584591,14175900
2011-08-15,31.930000,32.240002,31.709999,32.169998,24.996403,22841300
2011-08-16,31.990000,32.360001,31.790001,32.139999,24.973093,16553800
2011-08-17,32.230000,32.540001,31.889999,32.169998,24.996403,12656600
2011-08-18,31.530001,31.600000,30.840000,31.110001,24.172789,14270400
2011-08-19,30.820000,31.490000,30.770000,31.030001,24.110613,18010300
2011-08-22,31.520000,31.590000,30.969999,31.010000,24.095072,11770100
2011-08-23,31.129999,32.049999,31.059999,32.020000,24.879850,12479500
2011-08-24,31.900000,32.400002,31.850000,32.389999,25.167341,11758600
2011-08-25,32.310001,32.430000,31.730000,31.840000,24.739996,15550800
2011-08-26,31.660000,32.349998,31.049999,32.240002,25.050795,12478900
2011-08-29,32.599998,33.090000,32.560001,33.060001,25.687943,11473900
2011-08-30,33.009998,33.369999,32.709999,33.169998,25.773413,11804700
2011-08-31,33.340000,33.630001,33.130001,33.400002,25.952127,10386100
2011-09-01,33.389999,33.750000,33.110001,33.180000,25.781178,9625000
2011-09-02,32.660000,32.950001,32.380001,32.450001,25.213959,11320900
2011-09-06,31.700001,32.570000,31.639999,32.529999,25.276125,44453200
2011-09-07,32.919998,33.320000,32.779999,33.310001,25.882185,10855700
2011-09-08,33.090000,33.430000,32.889999,32.950001,25.602472,9130800
2011-09-09,32.590000,32.630001,31.820000,31.969999,24.841000,16098500
2011-09-12,31.580000,32.110001,31.490000,32.080002,24.926472,13393200
2011-09-13,32.160000,32.480000,31.990000,32.410000,25.182888,11253500
2011-09-14,32.520000,33.080002,32.060001,32.720001,25.423761,14000300
2011-09-15,32.959999,33.040001,32.500000,33.020000,25.656866,12105200
2011-09-16,32.950001,33.110001,32.700001,33.020000,25.795139,11861400
2011-09-19,32.529999,32.830002,32.439999,32.709999,25.552958,11646000
2011-09-20,32.830002,33.349998,32.650002,33.009998,25.787323,10829700
2011-09-21,33.029999,33.080002,32.099998,32.119999,25.092052,14044800
2011-09-22,31.320000,31.639999,31.090000,31.469999,24.584270,26670000
2011-09-23,31.280001,31.680000,31.170000,31.480000,24.592083,17981500
2011-09-26,31.740000,32.040001,31.370001,32.000000,24.998306,13336900
2011-09-27,32.509998,32.880001,32.340000,32.490002,25.381102,14319000
2011-09-28,32.610001,32.650002,31.879999,31.930000,24.943626,15072000
2011-09-29,32.340000,32.570000,31.670000,32.139999,25.107685,12782900
2011-09-30,31.799999,32.340000,31.719999,31.730000,24.787388,10356100
2011-10-03,31.490000,31.930000,30.700001,30.719999,23.998384,48032100
2011-10-04,30.450001,31.080000,30.110001,31.049999,24.256174,20949700
2011-10-05,31.080000,31.570000,30.980000,31.549999,24.646774,16962400
2011-10-06,31.530001,31.930000,31.389999,31.930000,24.943626,9795500
2011-10-07,31.980000,32.139999,31.799999,31.900000,24.920193,10780900
2011-10-10,32.230000,32.680000,32.230000,32.630001,25.490467,6615000
2011-10-11,32.509998,32.639999,32.419998,32.580002,25.451412,5107500
2011-10-12,32.700001,32.919998,32.580002,32.599998,25.467030,8411100
2011-10-13,32.520000,32.680000,32.310001,32.570000,25.443602,5970000
2011-10-14,32.950001,32.950001,32.689999,32.880001,25.685770,6229400
2011-10-17,32.759998,32.799999,32.259998,32.310001,25.240480,6750800
2011-10-18,32.200001,32.799999,31.990000,32.549999,25.427967,9932600
2011-10-19,32.750000,32.880001,32.349998,32.490002,25.381102,6233500
2011-10-20,32.419998,32.639999,32.090000,32.459999,25.357660,6920500
2011-10-21,32.799999,33.160000,32.799999,33.110001,25.865444,6784700
2011-10-24,33.209999,33.619999,33.110001,33.610001,26.256033,36228400
2011-10-25,33.480000,33.520000,32.840000,32.930000,25.724825,8333400
2011-10-26,33.230000,33.490002,32.950001,33.369999,26.068552,8655700
2011-10-27,34.000000,34.270000,33.709999,34.180000,26.701319,16385700
2011-10-28,33.980000,34.310001,33.980000,34.209999,26.724756,10215300
2011-10-31,33.959999,34.060001,33.549999,33.560001,26.216984,12897900
2011-11-01,32.930000,33.310001,32.820000,32.919998,25.717020,13507200
2011-11-02,33.270000,33.310001,32.930000,33.139999,25.888882,6063500
2011-11-03,33.419998,33.560001,33.160000,33.500000,26.170107,7748400
2011-11-04,33.259998,33.360001,32.950001,33.189999,25.927933,5672500
2011-11-07,33.209999,33.630001,33.070000,33.580002,26.232609,5520200
2011-11-08,33.740002,34.020000,33.480000,33.990002,26.552902,4987600
2011-11-09,33.410000,33.509998,32.880001,33.009998,25.787323,13047000
2011-11-10,33.330002,33.639999,33.150002,33.480000,26.154484,6093300
2011-11-11,33.770000,34.169998,33.770000,34.070000,26.615385,7084000
2011-11-14,33.849998,33.990002,33.689999,33.840000,26.435715,4100200
2011-11-15,33.820000,34.020000,33.619999,33.919998,26.498215,5627500
2011-11-16,33.549999,33.810001,33.250000,33.270000,25.990437,10464700
2011-11-17,33.220001,33.250000,32.639999,32.919998,25.717020,10134200
2011-11-18,33.009998,33.049999,32.810001,32.849998,25.662323,6194700
2011-11-21,32.389999,32.470001,32.099998,32.220001,25.170181,7436600
2011-11-22,32.209999,32.450001,32.119999,32.299999,25.232664,5160500
2011-11-23,32.080002,32.080002,31.790001,31.830000,24.865511,6472400
2011-11-25,31.740000,31.959999,31.680000,31.709999,24.771761,2497600
2011-11-28,32.250000,32.619999,32.250000,32.560001,25.435789,7381200
2011-11-29,32.630001,32.900002,32.590000,32.700001,25.545143,4789900
2011-11-30,33.400002,33.919998,33.369999,33.880001,26.466967,13397100
2011-12-01,33.799999,34.119999,33.799999,33.930000,26.506025,5970200
2011-12-02,34.119999,34.160000,33.430000,33.509998,26.177919,15173400
2011-12-05,33.860001,33.990002,33.400002,33.570000,26.224792,43739100
2011-12-06,33.630001,33.919998,33.570000,33.709999,26.334160,5064200
2011-12-07,33.660000,34.119999,33.529999,33.959999,26.529461,6479800
2011-12-08,33.799999,33.869999,33.259998,33.330002,26.037313,7784600
2011-12-09,33.490002,33.889999,33.430000,33.820000,26.420088,5605900
2011-12-12,33.590000,33.669998,33.270000,33.419998,26.107613,5421500
2011-12-13,33.619999,33.810001,33.259998,33.360001,26.060747,5022800
2011-12-14,33.320000,33.500000,33.250000,33.340000,26.045115,5186800
2011-12-15,33.549999,33.799999,33.529999,33.709999,26.334160,6535300
2011-12-16,33.750000,33.750000,33.400002,33.410000,26.246174,5777300
2011-12-19,33.560001,33.799999,33.310001,33.410000,26.246174,4601700
2011-12-20,33.790001,34.160000,33.740002,34.110001,26.796078,5208900
2011-12-21,34.200001,34.380001,34.060001,34.330002,26.968910,5196900
2011-12-22,34.470001,34.590000,34.310001,34.580002,27.165302,3699900
2011-12-23,34.660000,34.840000,34.580002,34.799999,27.338123,2240300
2011-12-27,34.730000,34.959999,34.730000,34.880001,27.400982,2224100
2011-12-28,34.880001,34.880001,34.430000,34.500000,27.102451,5908200
2011-12-29,34.470001,34.810001,34.470001,34.750000,27.298857,4775400
2011-12-30,34.650002,34.869999,34.630001,34.689999,27.251703,2711600
2012-01-03,35.099998,35.259998,35.029999,35.139999,27.605225,18864300
2012-01-04,35.110001,35.130001,34.849998,34.970001,27.471680,6174000
2012-01-05,34.779999,35.110001,34.709999,35.070000,27.550228,5939700
2012-01-06,35.119999,35.209999,34.959999,35.130001,27.597368,6762500
2012-01-09,35.200001,35.220001,34.910000,35.189999,27.644501,10695300
2012-01-10,35.430000,35.529999,35.400002,35.450001,27.848757,7122300
2012-01-11,35.410000,35.540001,35.290001,35.480000,27.872318,3501000
2012-01-12,35.560001,35.619999,35.330002,35.590000,27.958735,3404900
2012-01-13,35.360001,35.459999,35.150002,35.430000,27.833035,4826800
2012-01-17,35.709999,35.869999,35.610001,35.650002,28.005875,5792900
2012-01-18,35.639999,35.860001,35.570000,35.849998,28.162991,6940400
2012-01-19,35.759998,35.889999,35.660000,35.849998,28.162991,4447600
2012-01-20,35.900002,35.959999,35.720001,35.849998,28.162991,7768900
2012-01-23,35.860001,35.919998,35.590000,35.689999,28.037292,5658200
2012-01-24,35.590000,35.820000,35.590000,35.700001,28.045147,4382200
2012-01-25,35.560001,36.020000,35.480000,35.959999,28.249393,6827200
2012-01-26,36.099998,36.099998,35.680000,35.799999,28.123705,5074500
2012-01-27,35.660000,35.939999,35.660000,35.820000,28.139414,3500700
2012-01-30,35.599998,35.790001,35.450001,35.770000,28.100143,5297700
2012-01-31,35.900002,36.130001,35.709999,35.799999,28.123705,7538700
2012-02-01,35.910000,36.320000,35.910000,36.150002,28.398659,13009200
2012-02-02,36.189999,36.189999,35.799999,36.009998,28.288679,5953400
2012-02-03,36.220001,36.270000,36.090000,36.220001,28.453642,8292500
2012-02-06,36.060001,36.150002,35.910000,36.020000,28.296532,4095400
2012-02-07,35.980000,36.189999,35.860001,36.150002,28.398659,3442200
2012-02-08,36.160000,36.189999,35.950001,36.150002,28.398659,4758300
2012-02-09,36.130001,36.150002,35.860001,35.959999,28.249393,6164500
2012-02-10,35.750000,35.849998,35.619999,35.810001,28.131563,3648100
2012-02-13,35.980000,36.169998,35.970001,36.080002,28.343666,5493800
2012-02-14,36.090000,36.250000,36.000000,36.230000,28.461510,4253200
2012-02-15,36.259998,36.320000,36.049999,36.160000,28.406515,5725300
2012-02-16,36.099998,36.400002,36.040001,36.360001,28.563625,5059900
2012-02-17,36.340000,36.360001,36.169998,36.240002,28.469372,4531300
2012-02-21,36.299999,36.340000,35.919998,35.980000,28.265106,7076000
2012-02-22,35.950001,36.090000,35.849998,35.980000,28.265106,4212300
2012-02-23,36.000000,36.070000,35.930000,36.009998,28.288679,3551600
2012-02-24,36.110001,36.240002,36.040001,36.189999,28.430079,7647200
2012-02-27,36.009998,36.340000,35.919998,36.259998,28.485065,9274100
2012-02-28,36.220001,36.459999,36.180000,36.400002,28.595051,4370300
2012-02-29,36.380001,36.480000,36.180000,36.180000,28.422230,6353900
2012-03-01,36.209999,36.419998,36.180000,36.369999,28.571478,6010100
2012-03-02,36.439999,36.439999,36.220001,36.310001,28.524359,3602700
2012-03-05,36.270000,36.419998,36.180000,36.230000,28.461510,3395800
2012-03-06,36.029999,36.119999,35.680000,35.759998,28.092285,4316000
2012-03-07,35.840000,35.959999,35.720001,35.919998,28.217979,4343200
2012-03-08,36.110001,36.410000,36.110001,36.320000,28.532209,4186400
2012-03-09,36.369999,36.599998,36.349998,36.470001,28.650057,4698200
2012-03-12,36.400002,36.540001,36.389999,36.470001,28.650057,2426600
2012-03-13,36.660000,37.009998,36.580002,36.990002,29.058540,7159400
2012-03-14,36.900002,37.060001,36.900002,36.980000,29.050699,6217000
2012-03-15,36.990002,37.099998,36.889999,37.040001,29.097824,3819900
2012-03-16,36.950001,36.990002,36.799999,36.849998,29.094666,4000200
2012-03-19,36.790001,36.900002,36.720001,36.840000,29.086775,4130800
2012-03-20,36.619999,36.770000,36.610001,36.650002,28.936749,2980600
2012-03-21,36.689999,36.720001,36.570000,36.630001,28.920967,3717900
2012-03-22,36.480000,36.590000,36.400002,36.509998,28.826216,4888200
2012-03-23,36.590000,36.660000,36.459999,36.619999,28.913069,2760400
2012-03-26,36.860001,37.259998,36.810001,37.259998,29.418381,9504600
2012-03-27,37.279999,37.480000,37.279999,37.330002,29.473646,5334600
2012-03-28,37.360001,37.490002,37.070000,37.250000,29.410492,8930400
2012-03-29,37.090000,37.369999,37.040001,37.330002,29.473646,8620700
2012-03-30,37.470001,37.660000,37.410000,37.610001,29.694710,7242900
2012-04-02,37.610001,37.840000,37.480000,37.740002,29.797359,10149200
2012-04-03,37.779999,38.000000,37.549999,37.720001,29.781572,8863100
2012-04-04,37.570000,37.630001,37.430000,37.520000,29.623644,7096900
2012-04-05,37.400002,37.549999,37.320000,37.509998,29.615759,3536300
2012-04-09,37.189999,37.220001,37.020000,37.040001,29.244678,3188600
2012-04-10,37.020000,37.110001,36.599998,36.619999,28.913069,6500200
2012-04-11,36.930000,36.959999,36.720001,36.750000,29.015711,3793600
2012-04-12,36.790001,36.990002,36.770000,36.950001,29.173628,4721900
2012-04-13,36.889999,36.889999,36.580002,36.580002,28.881485,4560700
2012-04-16,36.759998,36.759998,36.480000,36.590000,28.889380,7243300
2012-04-17,36.779999,37.160000,36.700001,37.130001,29.315735,4194700
2012-04-18,37.060001,37.139999,36.990002,37.029999,29.236786,4080300
2012-04-19,37.209999,37.389999,36.950001,37.090000,29.284161,9542800
2012-04-20,37.209999,37.480000,37.150002,37.290001,29.442059,5714600
2012-04-23,36.900002,37.049999,36.889999,37.000000,29.213093,4906800
2012-04-24,37.029999,37.209999,36.950001,37.130001,29.315735,2971200
2012-04-25,37.320000,37.580002,37.290001,37.520000,29.623644,6216400
2012-04-26,37.349998,37.560001,37.220001,37.509998,29.615759,5472700
2012-04-27,37.580002,37.700001,37.419998,37.529999,29.631557,3979400
2012-04-30,37.509998,37.630001,37.410000,37.509998,29.615759,4775100
2012-05-01,37.439999,37.740002,37.259998,37.650002,29.726299,5532400
2012-05-02,37.500000,37.610001,37.470001,37.580002,29.671036,2863300
2012-05-03,37.619999,37.619999,37.380001,37.439999,29.560495,3297100
2012-05-04,37.290001,37.320000,36.930000,36.950001,29.173628,4886400
2012-05-07,36.730000,37.150002,36.730000,37.029999,29.236786,5690200
2012-05-08,36.820000,37.119999,36.660000,37.040001,29.244678,3984500
2012-05-09,36.830002,37.020000,36.580002,36.790001,29.047285,8694500
2012-05-10,36.970001,37.200001,36.970001,37.049999,29.252567,3400000
2012-05-11,36.980000,37.299999,36.970001,37.009998,29.220991,3514200
2012-05-14,36.799999,37.040001,36.630001,36.889999,29.126251,8433800
2012-05-15,36.799999,36.939999,36.580002,36.669998,28.952543,5206200
2012-05-16,36.759998,36.900002,36.680000,36.730000,28.999912,6770700
2012-05-17,36.799999,36.810001,36.349998,36.389999,28.731478,5766800
2012-05-18,36.490002,36.500000,35.959999,36.070000,28.478823,6830700
2012-05-21,36.110001,36.450001,36.090000,36.419998,28.755152,7835900
2012-05-22,36.450001,36.660000,36.220001,36.320000,28.676212,5614400
2012-05-23,36.230000,36.340000,35.810001,36.160000,28.549883,6769800
2012-05-24,36.259998,36.509998,36.160000,36.509998,28.826216,6592400
2012-05-25,36.419998,36.619999,36.310001,36.419998,28.755152,3065800
2012-05-29,36.619999,36.740002,36.419998,36.540001,28.849911,9650100
2012-05-30,36.410000,36.430000,36.220001,36.330002,28.684109,3818200
2012-05-31,36.330002,36.410000,35.950001,36.150002,28.541985,4766300
2012-06-01,35.799999,35.900002,35.470001,35.509998,28.036673,10556700
2012-06-04,35.520000,35.669998,35.380001,35.590000,28.099840,5566800
2012-06-05,35.480000,35.880001,35.450001,35.790001,28.257748,7621900
2012-06-06,35.930000,36.349998,35.869999,36.349998,28.699888,8536400
2012-06-07,36.590000,36.599998,36.290001,36.369999,28.715675,7312700
2012-06-08,36.259998,36.630001,36.259998,36.590000,28.889380,5226300
2012-06-11,36.700001,36.770000,36.250000,36.270000,28.636734,7851500
2012-06-12,36.340000,36.610001,36.139999,36.610001,28.905178,8854000
2012-06-13,36.599998,36.900002,36.470001,36.570000,28.873590,15159000
2012-06-14,36.650002,37.220001,36.580002,37.119999,29.307833,14048400
2012-06-15,37.000000,37.150002,36.970001,37.060001,29.418175,7422700
2012-06-18,37.049999,37.310001,37.020000,37.310001,29.616629,7202300
2012-06-19,37.380001,37.750000,37.380001,37.650002,29.886522,6074500
2012-06-20,37.590000,37.730000,37.299999,37.549999,29.807158,5874100
2012-06-21,37.470001,37.639999,36.980000,37.029999,29.394377,5341100
2012-06-22,37.209999,37.490002,37.130001,37.419998,29.703945,4764100
2012-06-25,36.880001,37.119999,36.880001,36.959999,29.338793,8618200
2012-06-26,37.029999,37.189999,36.939999,37.070000,29.426113,6401600
2012-06-27,37.180000,37.599998,37.119999,37.470001,29.743641,8066400
2012-06-28,37.349998,37.410000,36.919998,37.299999,29.608696,12607300
2012-06-29,37.619999,38.029999,37.619999,38.009998,30.172281,9551200
2012-07-02,38.139999,38.150002,37.849998,38.130001,30.267548,6582600
2012-07-03,38.119999,38.220001,37.970001,38.119999,30.259600,3697200
2012-07-05,38.029999,38.060001,37.840000,37.880001,30.069096,3692500
2012-07-06,37.730000,37.779999,37.470001,37.630001,29.870646,5904300
2012-07-09,37.459999,37.889999,37.459999,37.830002,30.029404,6279600
2012-07-10,38.049999,38.049999,37.529999,37.650002,29.886522,5669500
2012-07-11,37.619999,37.689999,37.419998,37.619999,29.862711,6572000
2012-07-12,37.580002,37.830002,37.389999,37.709999,29.934158,3999600
2012-07-13,37.720001,38.189999,37.700001,38.130001,30.267548,5157800
2012-07-16,38.090000,38.240002,38.000000,38.200001,30.323109,3850600
2012-07-17,38.290001,38.770000,38.119999,38.689999,30.712067,6453900
2012-07-18,38.549999,38.840000,38.439999,38.750000,30.759706,5748700
2012-07-19,38.830002,38.840000,38.520000,38.750000,30.759706,4801800
2012-07-20,38.610001,38.700001,38.189999,38.250000,30.362795,4197500
2012-07-23,37.869999,37.900002,37.590000,37.799999,30.005598,4674000
2012-07-24,37.770000,37.810001,37.180000,37.380001,29.672195,4431100
2012-07-25,37.439999,37.619999,37.209999,37.560001,29.815084,5069100
2012-07-26,37.950001,38.099998,37.770000,37.919998,30.100834,8521200
2012-07-27,38.150002,38.900002,38.130001,38.830002,30.823215,6373100
2012-07-30,38.740002,38.820000,38.570000,38.630001,30.664448,5215400
2012-07-31,38.599998,38.759998,38.380001,38.389999,30.473930,5167100
2012-08-01,38.610001,38.700001,38.340000,38.410000,30.489820,6243900
2012-08-02,38.119999,38.299999,37.779999,38.040001,30.196098,5332100
2012-08-03,38.459999,38.720001,38.400002,38.490002,30.553322,4462600
2012-08-06,38.619999,38.630001,38.459999,38.500000,30.561255,3532300
2012-08-07,38.430000,38.529999,38.369999,38.410000,30.489820,4235700
2012-08-08,38.490002,38.610001,38.380001,38.549999,30.600933,3203500
2012-08-09,38.520000,38.660000,38.450001,38.529999,30.585056,3110300
2012-08-10,38.509998,38.720001,38.439999,38.689999,30.712067,3949100
2012-08-13,38.560001,38.630001,38.410000,38.590000,30.632675,2251000
2012-08-14,38.759998,38.770000,38.610001,38.689999,30.712067,2448700
2012-08-15,38.700001,38.880001,38.630001,38.779999,30.783512,2294600
2012-08-16,38.779999,38.779999,38.540001,38.680000,30.704132,4592800
2012-08-17,38.720001,38.720001,38.360001,38.480000,30.545372,6007800
2012-08-20,38.480000,38.610001,38.430000,38.560001,30.608875,4566500
2012-08-21,38.570000,38.750000,38.419998,38.430000,30.505686,5663500
2012-08-22,38.389999,38.540001,38.349998,38.459999,30.529503,2509800
2012-08-23,38.430000,38.509998,38.330002,38.410000,30.489820,2565300
2012-08-24,38.450001,38.840000,38.410000,38.740002,30.751764,5991200
2012-08-27,38.770000,38.939999,38.650002,38.779999,30.783512,3611000
2012-08-28,38.650002,38.849998,38.599998,38.720001,30.735880,3558900
2012-08-29,38.700001,38.990002,38.689999,38.849998,30.839077,2849200
2012-08-30,38.660000,38.810001,38.549999,38.720001,30.735880,3808000
2012-08-31,38.860001,39.049999,38.669998,38.840000,30.831150,4666300
2012-09-04,38.799999,39.020000,38.619999,38.919998,30.894659,6334400
2012-09-05,38.990002,39.080002,38.820000,38.930000,30.902596,2779800
2012-09-06,39.099998,39.560001,39.099998,39.549999,31.394741,5035600
2012-09-07,39.630001,39.650002,39.419998,39.529999,31.378855,3980900
2012-09-10,39.540001,39.570000,39.389999,39.389999,31.267735,2781300
2012-09-11,39.400002,39.520000,39.369999,39.410000,31.283594,2392000
2012-09-12,39.419998,39.540001,39.360001,39.430000,31.299490,2864200
2012-09-13,39.439999,39.910000,39.290001,39.830002,31.617001,6849400
2012-09-14,39.830002,39.889999,39.549999,39.669998,31.489990,11318700
2012-09-17,39.570000,39.900002,39.570000,39.900002,31.672565,2602500
2012-09-18,39.840000,40.080002,39.810001,40.029999,31.775745,3210600
2012-09-19,40.029999,40.209999,39.990002,40.070000,31.807518,4891100
2012-09-20,40.040001,40.240002,39.930000,40.240002,31.942455,4835600
2012-09-21,40.139999,40.320000,40.080002,40.189999,32.061325,8167400
2012-09-24,40.139999,40.380001,40.090000,40.299999,32.149086,6990000
2012-09-25,40.419998,40.680000,40.259998,40.270000,32.125149,4965300
2012-09-26,40.360001,40.450001,40.040001,40.060001,31.957607,6669000
2012-09-27,40.119999,40.400002,40.090000,40.290001,32.141094,3146100
2012-09-28,40.220001,40.230000,39.950001,40.119999,32.005486,4719600
2012-10-01,40.240002,40.610001,40.220001,40.360001,32.196934,5344500
2012-10-02,40.500000,40.650002,40.340000,40.540001,32.340527,6266600
2012-10-03,40.590000,40.910000,40.549999,40.880001,32.611771,5786000
2012-10-04,40.939999,41.270000,40.910000,41.130001,32.811207,6372200
2012-10-05,41.270000,41.340000,41.070000,41.169998,32.843109,4033500
2012-10-08,41.150002,41.189999,40.939999,41.139999,32.819180,3126100
2012-10-09,40.919998,40.990002,40.610001,40.639999,32.420300,6128200
2012-10-10,40.660000,40.660000,40.209999,40.340000,32.180981,6180400
2012-10-11,40.520000,40.639999,40.360001,40.369999,32.204929,3791900
2012-10-12,40.540001,40.630001,40.290001,40.310001,32.157055,3508400
2012-10-15,40.410000,40.919998,40.400002,40.889999,32.619751,12298100
2012-10-16,41.020000,41.330002,41.009998,41.330002,32.970764,5658200
2012-10-17,41.400002,41.400002,41.169998,41.330002,32.970764,5398000
2012-10-18,41.080002,41.360001,41.009998,41.340000,32.978725,4289300
2012-10-19,41.240002,41.330002,40.529999,40.599998,32.388393,6218500
2012-10-22,40.599998,40.680000,40.389999,40.630001,32.412331,4485800
2012-10-23,40.320000,40.320000,39.849998,40.090000,31.981554,5915600
2012-10-24,40.330002,40.380001,40.110001,40.160000,32.037392,5884400
2012-10-25,40.410000,40.580002,40.290001,40.480000,32.292675,4746300
2012-10-26,40.430000,40.520000,40.139999,40.320000,32.165031,3641200
2012-10-31,40.520000,40.580002,39.849998,40.029999,31.933674,8629900
2012-11-01,39.990002,40.480000,39.990002,40.360001,32.196934,4900600
2012-11-02,40.419998,40.549999,40.090000,40.139999,32.021435,7033000
2012-11-05,40.090000,40.250000,39.900002,40.160000,32.037392,4693900
2012-11-06,40.130001,40.450001,39.950001,40.200001,32.069290,7549200
2012-11-07,39.959999,39.970001,39.160000,39.529999,31.534807,11973000
2012-11-08,39.509998,39.549999,39.049999,39.060001,31.159876,8889000
2012-11-09,38.980000,39.430000,38.900002,39.169998,31.247627,7340700
2012-11-12,39.459999,39.540001,39.290001,39.369999,31.407185,3573800
2012-11-13,39.209999,39.650002,39.189999,39.220001,31.287514,5221700
2012-11-14,39.250000,39.380001,38.650002,38.750000,30.912580,6858800
2012-11-15,38.720001,38.799999,38.480000,38.639999,30.824823,8624600
2012-11-16,38.660000,39.040001,38.580002,38.930000,31.056177,9847100
2012-11-19,39.299999,39.360001,39.169998,39.340000,31.383230,7423800
2012-11-20,39.330002,39.570000,39.240002,39.560001,31.558739,4895700
2012-11-21,39.459999,39.669998,39.459999,39.529999,31.534807,5205700
2012-11-23,39.759998,40.029999,39.650002,40.020000,31.925703,2853400
2012-11-26,39.830002,39.860001,39.639999,39.840000,31.782106,4703900
2012-11-27,39.669998,39.889999,39.580002,39.599998,31.590651,5396700
2012-11-28,39.480000,39.939999,39.290001,39.910000,31.837957,7531100
2012-11-29,40.160000,40.270000,40.009998,40.189999,32.061325,8403400
2012-11-30,40.230000,40.320000,40.070000,40.240002,32.101208,4229000
2012-12-03,40.340000,40.500000,40.090000,40.150002,32.029423,9937000
2012-12-04,40.150002,40.369999,40.139999,40.240002,32.101208,4080400
2012-12-05,40.320000,40.540001,40.080002,40.369999,32.204929,6294400
2012-12-06,40.349998,40.439999,40.259998,40.349998,32.188965,2943900
2012-12-07,40.500000,40.509998,40.160000,40.480000,32.292675,4619000
2012-12-10,40.380001,40.720001,40.320000,40.650002,32.428291,5240900
2012-12-11,40.840000,41.180000,40.709999,41.080002,32.771320,3891200
2012-12-12,41.150002,41.299999,40.950001,41.020000,32.723438,6757600
2012-12-13,40.980000,41.049999,40.590000,40.669998,32.444241,5929200
2012-12-14,40.549999,40.680000,40.459999,40.509998,32.316597,5246300
2012-12-17,40.639999,40.840000,40.540001,40.830002,32.571877,5549100
2012-12-18,40.980000,41.209999,40.740002,41.150002,32.827152,8472500
2012-12-19,41.169998,41.169998,40.680000,40.709999,32.476151,6996900
2012-12-20,40.639999,40.779999,40.560001,40.770000,32.524017,4718700
2012-12-21,40.189999,40.369999,40.060001,40.209999,32.250515,5572500
2012-12-24,40.049999,40.180000,39.970001,40.049999,32.122181,3332700
2012-12-26,40.099998,40.119999,39.759998,39.910000,32.009880,4404200
2012-12-27,39.950001,40.049999,39.490002,39.849998,31.961771,5483700
2012-12-28,39.720001,39.840000,39.430000,39.459999,31.648975,5801000
2012-12-31,39.389999,39.950001,39.240002,39.880001,31.985847,11873100
2013-01-02,40.680000,40.700001,40.380001,40.669998,32.619457,9533500
2013-01-03,40.700001,40.730000,40.509998,40.720001,32.659565,5279600
2013-01-04,40.849998,40.980000,40.799999,40.900002,32.803936,4645900
2013-01-07,40.820000,41.080002,40.779999,41.029999,32.908192,4133100
2013-01-08,41.020000,41.200001,41.009998,41.040001,32.916218,5787300
2013-01-09,41.160000,41.490002,41.139999,41.490002,33.277149,5665200
2013-01-10,41.650002,41.830002,41.450001,41.779999,33.509743,5518800
2013-01-11,41.820000,41.880001,41.650002,41.770000,33.501709,3854100
2013-01-14,41.750000,41.880001,41.639999,41.810001,33.533813,4643600
2013-01-15,41.650002,41.799999,41.619999,41.759998,33.493683,5747600
2013-01-16,41.720001,41.799999,41.610001,41.669998,33.421509,3812000
2013-01-17,41.900002,42.160000,41.790001,42.040001,33.718258,4360900
2013-01-18,42.060001,42.189999,41.910000,42.180000,33.830555,6024400
2013-01-22,42.110001,42.310001,41.970001,42.299999,33.926796,7608900
2013-01-23,42.349998,42.430000,42.139999,42.250000,33.886703,5544800
2013-01-24,42.439999,42.660000,42.349998,42.520000,34.103245,8999800
2013-01-25,42.560001,42.869999,42.509998,42.849998,34.367947,4046200
2013-01-28,42.919998,42.959999,42.680000,42.700001,34.247612,5686600
2013-01-29,42.750000,43.230000,42.730000,43.160000,34.616566,7230200
2013-01-30,43.200001,43.290001,42.980000,43.029999,34.512306,5346400
2013-01-31,42.950001,43.060001,42.889999,42.910000,34.416054,6007300
2013-02-01,43.090000,43.330002,42.950001,43.250000,34.688755,5623600
2013-02-04,43.049999,43.080002,42.740002,42.770000,34.303768,7593400
2013-02-05,42.980000,43.320000,42.980000,43.240002,34.680744,8056200
2013-02-06,43.290001,43.320000,43.099998,43.230000,34.672729,3968900
2013-02-07,43.270000,43.279999,42.840000,43.070000,34.544384,6529300
2013-02-08,43.180000,43.389999,43.090000,43.389999,34.801041,4192600
2013-02-11,43.389999,43.389999,43.209999,43.299999,34.728863,2447900
2013-02-12,43.259998,43.380001,43.220001,43.250000,34.688755,5133300
2013-02-13,43.310001,43.330002,43.090000,43.220001,34.664692,4843300
2013-02-14,43.169998,43.389999,43.090000,43.310001,34.736874,5172500
2013-02-15,43.330002,43.450001,43.240002,43.410000,34.817085,8230000
2013-02-19,43.299999,43.689999,43.299999,43.680000,35.033646,7245100
2013-02-20,43.650002,43.740002,43.380001,43.400002,34.809055,6739600
2013-02-21,43.320000,43.330002,43.040001,43.200001,34.648636,7447200
2013-02-22,43.340000,43.430000,43.169998,43.389999,34.801041,6168100
2013-02-25,43.610001,43.730000,42.880001,42.910000,34.416054,6078700
2013-02-26,43.090000,43.130001,42.709999,43.020000,34.504284,6548800
2013-02-27,43.070000,43.630001,42.880001,43.490002,34.881241,6849900
2013-02-28,43.500000,43.790001,43.430000,43.450001,34.849174,4358800
2013-03-01,43.360001,43.790001,43.220001,43.779999,35.113834,7491500
2013-03-04,43.700001,44.029999,43.610001,44.020000,35.306328,4903500
2013-03-05,44.180000,44.480000,44.139999,44.400002,35.611111,6582600
2013-03-06,44.529999,44.599998,44.400002,44.490002,35.683300,5068400
2013-03-07,44.590000,44.660000,44.410000,44.459999,35.659241,4437200
2013-03-08,44.610001,44.669998,44.340000,44.540001,35.723396,4029300
2013-03-11,44.570000,44.770000,44.430000,44.770000,35.907864,6748700
2013-03-12,44.830002,45.000000,44.820000,44.970001,36.068298,4612400
2013-03-13,44.959999,45.020000,44.779999,44.980000,36.076305,4098300
2013-03-14,45.060001,45.099998,44.880001,45.020000,36.108395,3777700
2013-03-15,44.709999,44.840000,44.560001,44.730000,36.031075,5778400
2013-03-18,44.410000,44.680000,44.259998,44.439999,35.797459,4042100
2013-03-19,44.509998,44.610001,44.220001,44.470001,35.821629,7023300
2013-03-20,44.630001,44.939999,44.630001,44.840000,36.119659,4387000
2013-03-21,44.759998,44.840000,44.500000,44.590000,35.918282,4420000
2013-03-22,44.740002,44.930000,44.689999,44.930000,36.192169,6881400
2013-03-25,45.040001,45.099998,44.599998,44.799999,36.087456,6813400
2013-03-26,44.880001,45.349998,44.880001,45.320000,36.506306,4855800
2013-03-27,45.209999,45.580002,45.070000,45.549999,36.691589,5264700
2013-03-28,45.680000,46.040001,45.560001,45.950001,37.013798,7415700
2013-04-01,45.980000,46.110001,45.830002,46.070000,37.110455,6364600
2013-04-02,46.400002,46.790001,46.389999,46.740002,37.650158,8849300
2013-04-03,46.820000,46.869999,46.369999,46.459999,37.424622,8472800
2013-04-04,46.529999,46.930000,46.480000,46.669998,37.593769,9794600
2013-04-05,46.270000,46.419998,46.139999,46.410000,37.384315,9969300
2013-04-08,46.419998,46.450001,46.020000,46.450001,37.416561,7700600
2013-04-09,46.590000,46.820000,46.480000,46.599998,37.537373,5937500
2013-04-10,46.820000,47.430000,46.779999,47.380001,38.165691,9062100
2013-04-11,47.509998,48.009998,47.500000,47.840000,38.536236,7660400
2013-04-12,47.720001,47.990002,47.660000,47.930000,38.608734,5624200
2013-04-15,47.910000,48.000000,47.020000,47.060001,37.907932,10745300
2013-04-16,47.430000,47.750000,47.220001,47.740002,38.455685,8771800
2013-04-17,47.450001,47.660000,47.139999,47.520000,38.278469,16487600
2013-04-18,47.470001,47.509998,46.770000,46.939999,37.811264,10353400
2013-04-19,47.000000,47.639999,47.000000,47.599998,38.342892,12796700
2013-04-22,47.799999,47.959999,47.540001,47.889999,38.576500,4716400
2013-04-23,48.040001,48.380001,47.680000,48.189999,38.818165,10824200
2013-04-24,48.119999,48.130001,47.320000,47.360001,38.149586,12635900
2013-04-25,47.619999,47.680000,47.299999,47.549999,38.302628,10833800
2013-04-26,47.389999,47.650002,47.270000,47.540001,38.294575,6174900
2013-04-29,47.580002,47.860001,47.580002,47.689999,38.415394,3950000
2013-04-30,47.560001,47.560001,47.090000,47.330002,38.125420,8217900
2013-05-01,46.930000,47.279999,46.799999,46.830002,37.722664,9250700
2013-05-02,47.189999,47.450001,47.080002,47.349998,38.141521,9803300
2013-05-03,47.779999,47.910000,47.590000,47.669998,38.399292,6232600
2013-05-06,47.680000,47.709999,47.349998,47.360001,38.149586,10919000
2013-05-07,47.380001,47.560001,47.320000,47.509998,38.270401,9847400
2013-05-08,47.470001,47.790001,47.470001,47.650002,38.383194,20766200
2013-05-09,47.590000,47.910000,47.549999,47.709999,38.431519,7140300
2013-05-10,47.770000,48.230000,47.709999,48.180000,38.810116,6045100
2013-05-13,48.130001,48.590000,48.070000,48.580002,39.132320,9155900
2013-05-14,48.599998,49.110001,48.599998,49.070000,39.527035,6580500
2013-05-15,49.049999,49.610001,49.020000,49.330002,39.736465,11796400
2013-05-16,49.230000,49.310001,48.779999,48.820000,39.325657,7954100
2013-05-17,48.880001,49.139999,48.700001,49.099998,39.551193,9246700
2013-05-20,49.130001,49.169998,48.720001,48.759998,39.277313,8967600
2013-05-21,48.889999,49.360001,48.790001,49.290001,39.704231,8319100
2013-05-22,49.560001,50.400002,49.060001,49.290001,39.704231,20132000
2013-05-23,48.880001,49.430000,48.730000,49.270000,39.688133,6668500
2013-05-24,49.080002,49.200001,48.740002,49.119999,39.567310,5906800
2013-05-28,49.520000,50.060001,49.419998,49.619999,39.970058,9923800
2013-05-29,49.349998,49.349998,48.580002,48.840000,39.341759,15882100
2013-05-30,48.900002,49.360001,48.849998,49.189999,39.623692,9719600
2013-05-31,48.970001,49.200001,48.099998,48.110001,38.753712,13329700
2013-06-03,48.380001,48.439999,47.939999,48.369999,38.963158,12698200
2013-06-04,48.369999,48.580002,47.799999,48.070000,38.721504,13141400
2013-06-05,48.000000,48.310001,47.279999,47.369999,38.157639,12852100
2013-06-06,47.360001,48.060001,47.160000,48.060001,38.713459,16861800
2013-06-07,48.299999,48.759998,48.290001,48.500000,39.067879,7663500
2013-06-10,48.720001,48.770000,48.410000,48.570000,39.124268,5663700
2013-06-11,48.189999,48.669998,47.990002,48.369999,38.963158,9941700
2013-06-12,48.590000,48.810001,47.880001,47.880001,38.568459,8582800
2013-06-13,47.759998,48.680000,47.520000,48.619999,39.164536,6904900
2013-06-14,48.490002,48.840000,48.439999,48.540001,39.100105,7314000
2013-06-17,48.750000,49.029999,48.410000,48.650002,39.188698,8437400
2013-06-18,48.630001,49.099998,48.630001,49.060001,39.518967,7399700
2013-06-19,49.060001,49.130001,48.270000,48.279999,38.890667,22305700
2013-06-20,48.009998,48.009998,46.900002,47.040001,37.891800,28952100
2013-06-21,47.240002,47.590000,46.889999,47.290001,38.265648,15980600
2013-06-24,46.880001,47.290001,46.450001,46.889999,37.941982,19003300
2013-06-25,47.290001,47.320000,46.810001,47.130001,38.136185,5688300
2013-06-26,47.439999,47.990002,47.400002,47.810001,38.686405,7600000
2013-06-27,48.119999,48.259998,47.910000,47.980000,38.823975,5338200
2013-06-28,47.939999,48.160000,47.560001,47.610001,38.524593,8770700
2013-07-01,47.750000,48.259998,47.180000,47.740002,38.629784,25892000
2013-07-02,47.709999,47.919998,47.500000,47.639999,38.548859,5127400
2013-07-03,47.459999,47.730000,47.230000,47.570000,38.492226,3926100
2013-07-05,47.889999,48.230000,47.750000,48.220001,39.018169,4384400
2013-07-08,48.470001,48.630001,48.360001,48.490002,39.236652,6630200
2013-07-09,48.680000,48.750000,48.419998,48.630001,39.349941,5581000
2013-07-10,48.570000,49.110001,48.570000,48.950001,39.608868,5040000
2013-07-11,49.450001,49.639999,49.349998,49.580002,40.118645,7471900
2013-07-12,49.590000,49.889999,49.459999,49.880001,40.361397,5578200
2013-07-15,50.000000,50.000000,49.709999,49.930000,40.401867,4266200
2013-07-16,49.980000,50.049999,49.520000,49.639999,40.167194,7064100
2013-07-17,49.770000,50.020000,49.700001,49.770000,40.272388,4668600
2013-07-18,49.880001,50.090000,49.849998,49.910000,40.385677,6544700
2013-07-19,49.820000,50.599998,49.720001,50.570000,40.919735,6559600
2013-07-22,50.549999,50.919998,50.480000,50.820000,41.122013,6172800
2013-07-23,50.900002,50.919998,50.540001,50.639999,40.976368,5310900
2013-07-24,50.790001,50.860001,50.410000,50.560001,40.911629,3790100
2013-07-25,50.540001,50.820000,50.200001,50.810001,41.113926,3869100
2013-07-26,50.720001,51.150002,50.459999,51.139999,41.380962,4832700
2013-07-29,51.080002,51.209999,50.840000,50.990002,41.259579,6497400
2013-07-30,51.380001,51.480000,50.799999,51.000000,41.267666,5698800
2013-07-31,51.099998,51.439999,50.980000,51.020000,41.283855,6477200
2013-08-01,51.340000,51.500000,51.200001,51.340000,41.542786,8762400
2013-08-02,51.139999,51.360001,51.130001,51.360001,41.558983,3817700
2013-08-05,51.320000,51.459999,51.189999,51.290001,41.502342,3479800
2013-08-06,51.209999,51.369999,50.869999,51.049999,41.308121,4280200
2013-08-07,50.950001,51.180000,50.750000,51.090000,41.340500,3955200
2013-08-08,51.270000,51.330002,50.910000,51.090000,41.340500,3629500
2013-08-09,50.959999,51.230000,50.730000,50.910000,41.194862,3902400
2013-08-12,50.869999,50.869999,50.549999,50.700001,41.024929,3841800
2013-08-13,50.900002,51.009998,50.439999,50.889999,41.178661,4430100
2013-08-14,50.740002,51.020000,50.459999,50.490002,40.855000,5878500
2013-08-15,50.029999,50.180000,49.630001,49.639999,40.167194,6461300
2013-08-16,49.520000,49.619999,49.340000,49.410000,39.981098,10277800
2013-08-19,49.380001,49.750000,49.270000,49.500000,40.053928,8096300
2013-08-20,49.529999,49.840000,49.480000,49.639999,40.167194,5029400
2013-08-21,49.549999,49.799999,49.230000,49.340000,39.924446,6178400
2013-08-22,49.520000,49.740002,49.410000,49.660000,40.183376,2768500
2013-08-23,49.669998,49.849998,49.480000,49.790001,40.288586,2366700
2013-08-26,49.880001,50.169998,49.790001,49.860001,40.345222,3936700
2013-08-27,49.450001,49.509998,48.950001,49.049999,39.689770,6653400
2013-08-28,49.060001,49.439999,48.820000,49.259998,39.859722,6008600
2013-08-29,49.169998,49.730000,49.009998,49.410000,39.981098,4042600
2013-08-30,49.480000,49.480000,49.070000,49.220001,39.827351,4127300
2013-09-03,49.720001,49.869999,49.310001,49.540001,40.086277,6062900
2013-09-04,49.500000,50.160000,49.500000,50.110001,40.547504,4049700
2013-09-05,50.209999,50.240002,50.000000,50.180000,40.604156,4288000
2013-09-06,50.320000,50.500000,49.599998,50.200001,40.620327,5636300
2013-09-09,50.290001,50.520000,50.139999,50.509998,40.871178,4286700
2013-09-10,50.740002,50.880001,50.560001,50.830002,41.130116,6500100
2013-09-11,50.950001,51.209999,50.810001,51.169998,41.405228,6753900
2013-09-12,51.099998,51.299999,51.049999,51.090000,41.340500,3098400
2013-09-13,51.189999,51.279999,51.029999,51.209999,41.437599,3668600
2013-09-16,51.660000,51.840000,51.520000,51.669998,41.809799,6845800
2013-09-17,51.709999,51.709999,51.490002,51.700001,41.834087,3654000
2013-09-18,51.700001,52.119999,51.369999,52.020000,42.093029,6868600
2013-09-19,52.189999,52.189999,51.750000,51.849998,41.955467,6104100
2013-09-20,51.790001,51.880001,51.520000,51.540001,41.876656,8986300
2013-09-23,51.480000,51.480000,51.000000,51.180000,41.584156,4773800
2013-09-24,51.220001,51.240002,50.900002,50.919998,41.372890,5956800
2013-09-25,51.000000,51.020000,50.520000,50.520000,41.047894,5207500
2013-09-26,50.500000,50.880001,50.500000,50.700001,41.194157,4319300
2013-09-27,50.419998,50.790001,50.369999,50.700001,41.194157,3937100
2013-09-30,50.340000,50.740002,50.270000,50.590000,41.104759,8585300
2013-10-01,50.630001,51.259998,50.560001,51.230000,41.624775,11685100
2013-10-02,50.889999,51.130001,50.779999,51.110001,41.527267,6404800
2013-10-03,51.049999,51.070000,50.450001,50.660000,41.161640,7228300
2013-10-04,50.740002,51.259998,50.630001,51.220001,41.616653,4503400
2013-10-07,50.869999,50.980000,50.650002,50.650002,41.153507,3971800
2013-10-08,50.759998,50.950001,49.889999,49.919998,40.560383,7360000
2013-10-09,50.020000,50.130001,49.580002,49.830002,40.487255,11388100
2013-10-10,50.259998,51.020000,50.259998,50.990002,41.429771,7330100
2013-10-11,50.950001,51.299999,50.939999,51.230000,41.624775,4694600
2013-10-14,50.980000,51.599998,50.849998,51.599998,41.925404,8858200
2013-10-15,51.540001,51.700001,51.240002,51.270000,41.657265,8043100
2013-10-16,51.520000,52.340000,51.520000,52.320000,42.510414,7239000
2013-10-17,52.040001,52.810001,52.040001,52.759998,42.867908,6823400
2013-10-18,52.820000,52.849998,52.279999,52.549999,42.697300,7646000
2013-10-21,52.599998,52.610001,52.139999,52.279999,42.477901,4103300
2013-10-22,52.430000,52.889999,52.369999,52.770000,42.876034,5053300
2013-10-23,52.639999,52.799999,52.419998,52.669998,42.794781,5140800
2013-10-24,52.869999,52.970001,52.630001,52.669998,42.794781,3725600
2013-10-25,52.740002,52.759998,52.470001,52.740002,42.851662,3855900
2013-10-28,52.750000,53.029999,52.660000,52.919998,42.997913,8983400
2013-10-29,53.080002,53.279999,52.919998,53.270000,43.282291,7262900
2013-10-30,53.459999,53.500000,52.820000,52.980000,43.046665,8240300
2013-10-31,52.970001,53.180000,52.700001,52.770000,42.876034,5904000
2013-11-01,52.889999,53.180000,52.740002,53.119999,43.160408,10779200
2013-11-04,53.169998,53.320000,52.990002,53.160000,43.192913,3156100
2013-11-05,53.000000,53.099998,52.740002,52.980000,43.046665,4248100
2013-11-06,53.180000,53.299999,52.799999,52.860001,42.949158,4731100
2013-11-07,53.070000,53.220001,52.360001,52.389999,42.567284,6050900
2013-11-08,52.389999,53.200001,52.389999,53.160000,43.192913,6663800
2013-11-11,53.099998,53.380001,53.099998,53.290001,43.298542,5095700
2013-11-12,53.200001,53.299999,53.020000,53.259998,43.274166,3064100
2013-11-13,53.040001,53.560001,52.910000,53.560001,43.517906,5214800
2013-11-14,53.700001,54.070000,53.680000,54.009998,43.883541,6201800
2013-11-15,54.029999,54.320000,53.919998,54.320000,44.135426,4004400
2013-11-18,54.369999,54.520000,53.959999,54.080002,43.940411,3796600
2013-11-19,53.919998,54.220001,53.779999,54.139999,43.989178,4515100
2013-11-20,54.189999,54.549999,54.080002,54.299999,44.119175,4744000
2013-11-21,54.480000,54.689999,54.380001,54.520000,44.297951,4590300
2013-11-22,54.790001,55.250000,54.730000,55.250000,44.891064,5924700
2013-11-25,55.540001,55.709999,55.380001,55.470001,45.069813,5270100
2013-11-26,55.480000,55.619999,55.270000,55.310001,44.939816,5035300
2013-11-27,55.389999,55.570000,55.180000,55.290001,44.923542,4449500
2013-11-29,55.400002,55.470001,55.139999,55.259998,44.899170,2837700
2013-12-02,55.240002,55.410000,55.099998,55.279999,44.915424,4724400
2013-12-03,55.180000,55.180000,54.680000,54.799999,44.525436,4402300
2013-12-04,54.570000,54.980000,54.169998,54.610001,44.371052,3474900
2013-12-05,54.540001,54.810001,54.380001,54.509998,44.289787,3612800
2013-12-06,54.970001,55.240002,54.820000,55.220001,44.866673,4846500
2013-12-09,55.430000,55.490002,55.259998,55.330002,44.956062,3896200
2013-12-10,55.310001,55.310001,54.869999,55.110001,44.777294,3545500
2013-12-11,55.119999,55.119999,54.090000,54.160000,44.005432,9989200
2013-12-12,54.139999,54.189999,53.750000,53.770000,43.688560,5645400
2013-12-13,53.930000,54.040001,53.580002,53.810001,43.721043,4319500
2013-12-16,54.009998,54.380001,53.810001,53.910000,43.802299,6211600
2013-12-17,53.930000,54.020000,53.400002,53.650002,43.591038,5132600
2013-12-18,53.799999,55.000000,53.500000,54.980000,44.671688,10210000
2013-12-19,54.849998,54.900002,54.549999,54.860001,44.574181,6691000
2013-12-20,54.790001,55.070000,54.689999,54.910000,44.798538,6813200
2013-12-23,55.200001,55.209999,54.970001,55.119999,44.969860,3849400
2013-12-24,55.130001,55.150002,54.939999,55.020000,44.888290,3291900
2013-12-26,55.040001,55.430000,55.040001,55.430000,45.222782,2592600
2013-12-27,55.590000,55.590000,55.279999,55.380001,45.181988,2668100
2013-12-30,55.380001,55.470001,55.099998,55.470001,45.255424,2374200
2013-12-31,55.520000,55.560001,55.230000,55.439999,45.230946,6008000
2014-01-02,55.310001,55.419998,55.000000,55.130001,44.978031,8771800
2014-01-03,55.220001,55.500000,55.150002,55.259998,45.084087,3642500
2014-01-06,55.430000,55.610001,54.950001,55.029999,44.896458,9123500
2014-01-07,55.279999,55.790001,55.279999,55.610001,45.369637,5714000
2014-01-08,55.700001,56.180000,55.549999,56.099998,45.769413,7793300
2014-01-09,56.180000,56.560001,56.049999,56.520000,46.112080,6204700
2014-01-10,56.660000,56.750000,56.209999,56.740002,46.291561,7734300
2014-01-13,56.860001,57.070000,56.160000,56.279999,45.916252,12815600
2014-01-14,56.369999,57.080002,56.310001,56.990002,46.495514,6943500
2014-01-15,57.110001,57.110001,56.790001,56.939999,46.454720,10054100
2014-01-16,56.919998,57.180000,56.849998,57.080002,46.568935,5489900
2014-01-17,57.080002,57.240002,56.860001,57.020000,46.519974,6907500
2014-01-21,57.310001,57.450001,56.910000,57.349998,46.789223,5697400
2014-01-22,57.389999,57.500000,57.209999,57.400002,46.830013,5391300
2014-01-23,57.169998,57.349998,56.630001,57.000000,46.503677,7052900
2014-01-24,56.660000,56.770000,55.660000,55.660000,45.410427,13101900
2014-01-27,55.639999,55.759998,55.029999,55.209999,45.043301,13825900
2014-01-28,55.560001,56.180000,55.529999,55.950001,45.647026,8806300
2014-01-29,55.570000,56.000000,55.250000,55.439999,45.230946,12281200
2014-01-30,55.990002,56.580002,55.959999,56.450001,46.054947,10714100
2014-01-31,55.869999,56.290001,55.689999,55.959999,45.655174,10821300
2014-02-03,56.099998,56.259998,54.759998,54.860001,44.757751,15808800
2014-02-04,55.169998,55.470001,55.000000,55.400002,45.198299,10080000
2014-02-05,55.369999,55.470001,54.650002,55.090000,44.945385,16384200
2014-02-06,55.220001,55.470001,55.139999,55.400002,45.198299,7842200
2014-02-07,55.480000,56.369999,55.330002,56.349998,45.973377,11497100
2014-02-10,56.459999,56.840000,56.240002,56.820000,46.356831,7902800
2014-02-11,56.860001,57.639999,56.730000,57.590000,46.985035,10380300
2014-02-12,57.770000,57.910000,57.419998,57.590000,46.985035,6535800
2014-02-13,57.279999,58.029999,57.180000,58.000000,47.319527,8256400
2014-02-14,57.950001,58.299999,57.830002,58.209999,47.490860,8379800
2014-02-18,58.470001,58.869999,58.349998,58.750000,47.931408,10874200
2014-02-19,58.730000,58.939999,58.310001,58.389999,47.637718,10732700
2014-02-20,58.470001,59.009998,58.270000,58.919998,48.070114,9852300
2014-02-21,58.980000,59.220001,58.740002,58.810001,47.980370,5196300
2014-02-24,59.009998,59.590000,58.919998,59.250000,48.339340,6464300
2014-02-25,59.160000,59.430000,58.930000,59.099998,48.216961,6858600
2014-02-26,59.270000,59.470001,58.959999,59.099998,48.216961,7449000
2014-02-27,59.099998,59.439999,58.939999,59.439999,48.494358,5980100
2014-02-28,59.490002,60.009998,58.930000,59.439999,48.494358,10341200
2014-03-03,58.660000,59.240002,58.610001,59.000000,48.135384,8919900
2014-03-04,59.540001,60.200001,59.540001,60.119999,49.049133,9658900
2014-03-05,60.209999,60.240002,59.880001,59.970001,48.926777,10740200
2014-03-06,60.290001,60.500000,59.470001,59.599998,48.624901,14206800
2014-03-07,59.919998,60.000000,59.070000,59.450001,48.502510,12630300
2014-03-10,59.450001,59.730000,59.150002,59.700001,48.706482,7775900
2014-03-11,59.700001,60.000000,59.450001,59.580002,48.608570,6031700
2014-03-12,59.290001,59.639999,59.110001,59.570000,48.600414,8822700
2014-03-13,59.759998,59.790001,58.639999,58.759998,47.939590,12551400
2014-03-14,58.669998,58.900002,58.410000,58.439999,47.678501,8006100
2014-03-17,58.799999,59.259998,58.700001,59.009998,48.143532,6430200
2014-03-18,59.130001,59.759998,59.070000,59.639999,48.657524,6147200
2014-03-19,59.709999,60.040001,59.080002,59.459999,48.510662,8404800
2014-03-20,59.459999,59.529999,59.139999,59.459999,48.510662,4895400
2014-03-21,59.509998,59.720001,58.070000,58.180000,47.630608,19504500
2014-03-24,58.380001,58.450001,57.110001,57.529999,47.098465,20490000
2014-03-25,57.720001,58.430000,57.439999,58.040001,47.515987,14646400
2014-03-26,58.310001,58.759998,58.009998,58.060001,47.532349,13638300
2014-03-27,58.090000,58.240002,57.430000,57.930000,47.425915,12961000
2014-03-28,58.110001,58.650002,57.520000,57.709999,47.245831,13128800
2014-03-31,58.189999,58.540001,58.000000,58.490002,47.884384,9508100
2014-04-01,58.660000,59.130001,58.459999,58.860001,48.187305,10114900
2014-04-02,59.000000,59.160000,58.810001,59.119999,48.400150,8999300
2014-04-03,59.230000,59.270000,58.599998,58.990002,48.293724,9609100
2014-04-04,59.310001,59.490002,57.980000,58.009998,47.491432,20115400
2014-04-07,57.709999,58.360001,57.160000,57.430000,47.016582,15263300
2014-04-08,57.480000,57.509998,56.610001,56.959999,46.631809,15165000
2014-04-09,57.090000,58.189999,57.049999,58.180000,47.630608,14438600
2014-04-10,58.160000,58.250000,56.110001,56.240002,46.042366,17622500
2014-04-11,55.990002,56.689999,55.560001,55.709999,45.608467,14710100
2014-04-14,56.090000,56.340000,55.389999,56.020000,45.862270,11085300
2014-04-15,56.240002,56.740002,55.419998,56.619999,46.353455,17424500
2014-04-16,57.110001,57.209999,56.540001,56.900002,46.582706,29585700
2014-04-17,56.919998,57.180000,56.590000,56.889999,46.574501,8656900
2014-04-21,57.000000,57.590000,56.889999,57.570000,47.131207,5545000
2014-04-22,57.980000,58.509998,57.900002,58.200001,47.646965,8980300
2014-04-23,58.299999,58.330002,57.709999,57.910000,47.409554,8668900
2014-04-24,58.209999,58.209999,57.279999,57.820000,47.335865,8012600
2014-04-25,57.779999,57.799999,57.240002,57.389999,46.983845,6368600
2014-04-28,57.869999,58.130001,56.980000,57.730000,47.262173,9735200
2014-04-29,57.830002,58.119999,57.680000,58.070000,47.540539,8955800
2014-04-30,57.970001,58.209999,57.770000,58.119999,47.581459,11115200
2014-05-01,58.160000,58.570000,57.790001,58.250000,47.687904,6857500
2014-05-02,58.230000,58.340000,57.630001,57.750000,47.278572,6126300
2014-05-05,57.549999,58.150002,57.209999,58.130001,47.589668,7218700
2014-05-06,58.070000,58.070000,57.590000,57.619999,47.172127,6117700
2014-05-07,57.700001,57.790001,57.029999,57.779999,47.303131,9058100
2014-05-08,57.810001,58.119999,57.310001,57.470001,47.049328,7710000
2014-05-09,57.529999,57.880001,57.110001,57.820000,47.335865,7298600
2014-05-12,58.049999,58.450001,57.950001,58.410000,47.818905,5244500
2014-05-13,58.560001,58.709999,58.419998,58.500000,47.892563,3230400
2014-05-14,58.470001,58.720001,58.299999,58.540001,47.925327,3746700
2014-05-15,58.330002,58.389999,57.680000,57.950001,47.442310,6469400
2014-05-16,58.020000,58.200001,57.709999,58.150002,47.606049,8913400
2014-05-19,58.150002,58.549999,58.000000,58.509998,47.900753,4386100
2014-05-20,58.509998,58.549999,57.970001,58.139999,47.597855,4611800
2014-05-21,58.340000,58.680000,58.220001,58.630001,47.998989,3921500
2014-05-22,58.650002,59.169998,58.459999,58.980000,48.285530,3526100
2014-05-23,59.000000,59.119999,58.810001,59.009998,48.310104,2796300
2014-05-27,59.330002,59.380001,59.009998,59.330002,48.572079,3246500
2014-05-28,59.299999,59.450001,59.160000,59.160000,48.432888,4401700
2014-05-29,59.310001,59.630001,59.310001,59.630001,48.817673,2682200
2014-05-30,59.509998,59.820000,59.500000,59.790001,48.948658,7778100
2014-06-02,59.740002,59.939999,59.419998,59.869999,49.014164,4880300
2014-06-03,59.730000,60.020000,59.610001,59.980000,49.104206,3054500
2014-06-04,59.930000,60.150002,59.779999,60.150002,49.243385,3599800
2014-06-05,60.220001,60.410000,59.790001,60.220001,49.300701,3929800
2014-06-06,60.270000,60.400002,60.040001,60.160000,49.251568,3950900
2014-06-09,60.110001,60.160000,59.730000,59.849998,48.997787,5533400
2014-06-10,59.860001,60.049999,59.459999,60.049999,49.161522,6921400
2014-06-11,59.799999,60.070000,59.770000,59.980000,49.104206,5901200
2014-06-12,59.849998,59.970001,59.540001,59.680000,48.858612,4305300
2014-06-13,59.730000,59.779999,59.470001,59.630001,48.817673,2950700
2014-06-16,59.900002,60.200001,59.549999,59.750000,48.915928,9021700
2014-06-17,59.770000,59.869999,59.540001,59.720001,48.891365,3728200
2014-06-18,59.660000,60.209999,59.580002,60.200001,49.284332,5374200
2014-06-19,60.169998,60.400002,60.130001,60.400002,49.448067,4313800
2014-06-20,60.360001,60.689999,60.299999,60.680000,49.863861,4426700
2014-06-23,60.720001,60.770000,60.400002,60.450001,49.674866,3406700
2014-06-24,60.650002,60.970001,60.419998,60.490002,49.707729,4868300
2014-06-25,60.459999,61.189999,60.419998,61.150002,50.250088,20099100
2014-06-26,61.299999,61.340000,60.720001,61.230000,50.315838,11236400
2014-06-27,61.049999,61.220001,60.860001,61.070000,50.184349,4840900
2014-06-30,61.110001,61.250000,60.759998,60.830002,49.987125,6434500
2014-07-01,61.070000,61.720001,61.000000,61.599998,50.619869,8145300
2014-07-02,61.580002,62.070000,61.490002,62.070000,51.006092,4036600
2014-07-03,62.200001,62.340000,61.930000,62.320000,51.211548,2468600
2014-07-07,62.070000,62.330002,61.799999,61.849998,50.825325,3900300
2014-07-08,61.750000,61.779999,61.060001,61.270000,50.348701,7145400
2014-07-09,61.439999,61.590000,61.110001,61.529999,50.562363,5879900
2014-07-10,61.040001,61.619999,60.810001,61.490002,50.529484,4726600
2014-07-11,61.580002,61.680000,61.240002,61.619999,50.636311,3779600
2014-07-14,61.980000,61.980000,61.669998,61.820000,50.800663,4078700
2014-07-15,61.860001,61.900002,61.150002,61.290001,50.365131,5498900
2014-07-16,61.490002,61.529999,60.820000,61.090000,50.200790,5279000
2014-07-17,60.849998,61.360001,60.349998,60.419998,49.650196,7321900
2014-07-18,60.639999,61.520000,60.500000,61.410000,50.463734,8938700
2014-07-21,61.230000,61.259998,60.950001,61.160000,50.258308,3731900
2014-07-22,61.470001,61.860001,61.439999,61.689999,50.693829,5640400
2014-07-23,62.150002,62.279999,61.900002,62.189999,51.104706,7264400
2014-07-24,62.330002,62.400002,62.000000,62.060001,50.997894,6107400
2014-07-25,61.930000,61.950001,61.520000,61.830002,50.808880,4129300
2014-07-28,61.849998,62.049999,61.560001,61.889999,50.858189,7004900
2014-07-29,62.080002,62.169998,61.820000,61.939999,50.899281,5321800
2014-07-30,62.250000,62.480000,61.869999,62.189999,51.104706,7752700
2014-07-31,61.630001,61.759998,60.910000,60.910000,50.052872,8415200
2014-08-01,60.770000,61.270000,60.500000,60.959999,50.093964,16923800
2014-08-04,61.090000,61.340000,60.669998,61.220001,50.307629,9208900
2014-08-05,60.959999,61.160000,60.430000,60.630001,49.822784,10309500
2014-08-06,60.369999,60.849998,60.150002,60.599998,49.798134,9568000
2014-08-07,60.730000,60.799999,59.709999,59.820000,49.157150,10947000
2014-08-08,59.900002,60.570000,59.700001,60.529999,49.740601,5472600
2014-08-11,60.770000,60.950001,60.470001,60.500000,49.715950,4700600
2014-08-12,60.439999,60.599998,60.279999,60.450001,49.674866,2878500
2014-08-13,60.689999,61.240002,60.669998,61.180000,50.274746,4751900
2014-08-14,61.290001,61.900002,61.099998,61.900002,50.866394,4797400
2014-08-15,62.200001,62.270000,61.389999,61.959999,50.915714,7777600
2014-08-18,62.270000,62.529999,62.189999,62.439999,51.310146,7448800
2014-08-19,62.529999,62.889999,62.310001,62.849998,51.647060,3874500
2014-08-20,62.730000,62.950001,62.560001,62.840000,51.638844,4513800
2014-08-21,62.930000,63.119999,62.869999,62.930000,51.712811,3125900
2014-08-22,63.029999,63.169998,62.840000,62.990002,51.762108,3248900
2014-08-25,63.369999,63.599998,63.209999,63.470001,52.156548,4863000
2014-08-26,63.560001,63.740002,63.430000,63.700001,52.345566,3601300
2014-08-27,63.849998,63.880001,63.560001,63.650002,52.304466,4151700
2014-08-28,63.470001,63.770000,63.400002,63.630001,52.288025,3466000
2014-08-29,63.730000,63.919998,63.570000,63.860001,52.477020,4139100
2014-09-02,63.990002,64.050003,63.660000,63.830002,52.452385,5076800
2014-09-03,64.230003,64.410004,63.970001,64.120003,52.690678,5421900
2014-09-04,64.260002,64.419998,63.669998,63.799999,52.427727,6231400
2014-09-05,63.820000,64.180000,63.150002,64.169998,52.731777,6349400
2014-09-08,64.050003,64.300003,63.930000,64.180000,52.739990,7204800
2014-09-09,64.269997,64.290001,63.849998,64.010002,52.600292,6667300
2014-09-10,64.099998,64.540001,63.970001,64.459999,52.970081,7039600
2014-09-11,64.209999,64.370003,63.959999,64.279999,52.822182,6360300
2014-09-12,64.250000,64.279999,63.630001,63.810001,52.435955,7340200
2014-09-15,63.810001,63.880001,63.419998,63.639999,52.296249,6082500
2014-09-16,63.549999,64.559998,63.470001,64.510002,53.011173,6907900
2014-09-17,64.470001,64.809998,64.089996,64.559998,53.052265,6704300
2014-09-18,64.769997,65.070000,64.650002,65.040001,53.446709,5460700
2014-09-19,65.160004,65.309998,64.790001,64.879997,53.505253,6833500
2014-09-22,64.739998,64.800003,64.279999,64.529999,53.216614,4005700
2014-09-23,63.930000,64.430000,63.830002,64.150002,52.903236,7833900
2014-09-24,64.309998,65.269997,64.290001,65.269997,53.826885,8120900
2014-09-25,65.190002,65.209999,64.199997,64.199997,52.944473,11661500
2014-09-26,64.500000,64.500000,63.849998,64.400002,53.109398,6513000
2014-09-29,63.860001,64.480003,63.810001,64.260002,52.993969,10284100
2014-09-30,64.389999,64.510002,63.860001,63.910000,52.705315,7580800
2014-10-01,64.099998,64.099998,63.029999,63.240002,52.152767,11141700
2014-10-02,63.240002,63.389999,62.570000,63.110001,52.045574,7225200
2014-10-03,63.639999,64.489998,63.599998,64.410004,53.117664,11383100
2014-10-06,64.690002,64.910004,63.849998,64.110001,52.870251,8287500
2014-10-07,63.980000,64.010002,63.090000,63.090000,52.029083,11281800
2014-10-08,63.220001,64.750000,63.060001,64.699997,53.356800,11412300
2014-10-09,64.599998,64.669998,63.320000,63.360001,52.251743,15686000
2014-10-10,63.290001,64.059998,62.970001,62.970001,51.930122,15606800
2014-10-13,63.000000,63.029999,61.410000,61.480000,50.701347,17937500
2014-10-14,61.849998,62.060001,60.599998,61.020000,50.321999,19321000
2014-10-15,60.330002,60.790001,59.209999,60.520000,49.909657,32120100
2014-10-16,59.700001,60.919998,59.450001,60.209999,49.653992,30185000
2014-10-17,60.790001,61.560001,60.650002,61.169998,50.445683,15704700
2014-10-20,60.970001,61.959999,60.970001,61.910000,51.055954,9848900
2014-10-21,62.430000,63.590000,62.369999,63.549999,52.408424,14961400
2014-10-22,63.570000,63.730000,63.049999,63.230000,52.144543,13813800
2014-10-23,63.730000,64.660004,63.730000,64.309998,53.035194,11165000
2014-10-24,64.489998,65.239998,64.349998,65.209999,53.777390,9703500
2014-10-27,65.220001,65.349998,64.989998,65.279999,53.835125,9110800
2014-10-28,65.800003,65.800003,65.180000,65.760002,54.230976,8770600
2014-10-29,65.739998,65.970001,65.349998,65.790001,54.255714,10162400
2014-10-30,65.690002,67.040001,65.629997,67.000000,55.253574,11630600
2014-10-31,67.860001,67.989998,67.050003,67.269997,55.476219,11388000
2014-11-03,67.370003,67.459999,66.870003,67.349998,55.542217,8680700
2014-11-04,67.330002,67.540001,66.949997,67.360001,55.550465,5716000
2014-11-05,67.970001,67.989998,67.129997,67.290001,55.492741,6592100
2014-11-06,67.379997,67.849998,67.379997,67.699997,55.830860,7962400
2014-11-07,67.699997,67.760002,66.820000,67.029999,55.278294,13895600
2014-11-10,67.180000,67.739998,66.919998,67.709999,55.839119,5455300
2014-11-11,67.860001,68.209999,67.690002,67.959999,56.045280,9777500
2014-11-12,67.699997,67.970001,67.589996,67.860001,55.962799,3879900
2014-11-13,67.959999,68.199997,67.489998,67.809998,55.921547,5216600
2014-11-14,67.790001,67.790001,66.980003,67.250000,55.459740,6331800
2014-11-17,67.110001,67.760002,67.110001,67.580002,55.731899,8587200
2014-11-18,67.629997,68.720001,67.570000,68.669998,56.630806,8240100
2014-11-19,68.589996,68.629997,68.110001,68.290001,56.317425,6253600
2014-11-20,67.989998,68.269997,67.779999,68.000000,56.078255,9041600
2014-11-21,68.680000,68.820000,68.129997,68.320000,56.342144,8098700
2014-11-24,68.589996,68.680000,68.449997,68.669998,56.630806,5020100
2014-11-25,68.809998,68.970001,68.489998,68.760002,56.705017,5510200
2014-11-26,68.989998,69.209999,68.720001,69.180000,57.051392,5325900
2014-11-28,69.250000,69.989998,69.250000,69.610001,57.405991,4395500
2014-12-01,69.360001,69.940002,69.269997,69.440002,57.265804,8537400
2014-12-02,69.690002,70.309998,69.690002,70.209999,57.900799,7444800
2014-12-03,70.370003,70.430000,70.050003,70.320000,57.991508,6577000
2014-12-04,70.199997,70.610001,69.959999,70.230003,57.917294,4235400
2014-12-05,70.279999,70.849998,70.209999,70.790001,58.379112,8325100
2014-12-08,70.699997,71.430000,70.699997,71.040001,58.585266,5942800
2014-12-09,70.220001,70.809998,69.809998,70.739998,58.337868,9776300
2014-12-10,70.690002,70.730003,69.599998,69.650002,57.438984,9011200
2014-12-11,69.910004,70.669998,69.690002,69.849998,57.603920,7383300
2014-12-12,69.459999,69.860001,68.720001,68.779999,56.721504,10438600
2014-12-15,69.190002,69.209999,67.910004,68.150002,56.201954,17776200
2014-12-16,67.860001,69.019997,67.320000,67.360001,55.550465,14735600
2014-12-17,67.440002,68.790001,67.309998,68.620003,56.589561,17776200
2014-12-18,69.430000,70.510002,69.279999,70.500000,58.139950,16048100
2014-12-19,70.500000,70.930000,70.019997,70.410004,58.280659,17822000
2014-12-22,70.000000,70.120003,69.389999,69.739998,57.726089,9896600
2014-12-23,69.900002,69.949997,67.779999,68.139999,56.401718,22190400
2014-12-24,68.190002,69.029999,68.129997,68.639999,56.815575,4519100
2014-12-26,68.910004,69.320000,68.870003,69.129997,57.221169,4242800
2014-12-29,69.059998,69.470001,68.980003,69.370003,57.419838,5225900
2014-12-30,69.260002,69.419998,68.989998,69.070000,57.171509,4965100
2014-12-31,69.269997,69.660004,68.370003,68.379997,56.600361,7863600
2015-01-02,68.709999,69.349998,68.349998,68.629997,56.807308,7516800
2015-01-05,68.320000,68.879997,68.150002,68.279999,56.517601,10784800
2015-01-06,68.510002,69.089996,67.629997,68.050003,56.327217,13344500
2015-01-07,68.510002,69.669998,68.360001,69.650002,57.651600,14146400
2015-01-08,70.339996,70.919998,70.220001,70.839996,58.636574,22138400
2015-01-09,70.900002,70.980003,69.970001,70.209999,58.115116,9724300
2015-01-12,70.750000,71.000000,70.050003,70.239998,58.139950,11972100
2015-01-13,70.900002,71.290001,69.339996,69.930000,57.883373,14219800
2015-01-14,69.260002,70.000000,69.070000,69.820000,57.792294,12548000
2015-01-15,70.080002,70.209999,69.029999,69.070000,57.171509,16382800
2015-01-16,68.959999,70.500000,68.940002,70.370003,58.247566,13759300
2015-01-20,70.480003,70.660004,69.550003,70.370003,58.247566,10387200
2015-01-21,70.300003,70.779999,69.949997,70.510002,58.363449,8391000
2015-01-22,70.820000,71.360001,69.839996,71.349998,59.058739,11497400
2015-01-23,71.250000,71.320000,70.910004,70.940002,58.719364,6815600
2015-01-26,71.010002,71.349998,70.580002,71.309998,59.025631,7871700
2015-01-27,70.669998,71.300003,70.500000,70.800003,58.603500,10040100
2015-01-28,70.930000,71.190002,69.669998,69.779999,57.759205,11005400
2015-01-29,69.779999,70.430000,69.220001,70.370003,58.247566,12120000
2015-01-30,70.070000,70.529999,69.169998,69.269997,57.337040,13886500
2015-02-02,69.400002,69.690002,68.440002,69.660004,57.659885,18042300
2015-02-03,70.000000,70.160004,69.070000,70.129997,58.048908,17432800
2015-02-04,69.290001,69.629997,68.870003,69.250000,57.320488,15184800
2015-02-05,69.690002,70.480003,69.690002,70.419998,58.288948,10801400
2015-02-06,70.419998,70.709999,69.589996,69.779999,57.759205,11886100
2015-02-09,69.459999,69.660004,68.800003,68.959999,57.080448,8139000
2015-02-10,69.519997,70.190002,69.360001,70.120003,58.040627,8629000
2015-02-11,70.180000,70.570000,69.790001,70.190002,58.098564,8088100
2015-02-12,70.519997,70.639999,69.849998,70.440002,58.305504,10124100
2015-02-13,70.489998,70.779999,70.169998,70.720001,58.537277,8592300
2015-02-17,70.790001,71.260002,70.720001,71.230003,58.959423,8381700
2015-02-18,71.220001,71.349998,70.870003,71.309998,59.025631,7780900
2015-02-19,71.230003,71.550003,71.110001,71.430000,59.124947,5383600
2015-02-20,71.330002,72.209999,71.199997,72.180000,59.745750,8213700
2015-02-23,72.290001,72.739998,72.160004,72.510002,60.018936,8577500
2015-02-24,72.610001,72.650002,72.150002,72.419998,59.944416,8052200
2015-02-25,72.360001,72.610001,72.099998,72.389999,59.919571,9629700
2015-02-26,72.389999,72.620003,72.050003,72.589996,60.085125,4424900
2015-02-27,72.559998,72.650002,72.199997,72.239998,59.795429,6745300
2015-03-02,72.470001,72.910004,72.339996,72.889999,60.333466,6769900
2015-03-03,72.849998,72.860001,71.870003,72.230003,59.787163,10144000
2015-03-04,72.019997,72.680000,71.599998,72.580002,60.076878,9153500
2015-03-05,72.669998,73.169998,72.580002,72.839996,60.292049,6252100
2015-03-06,72.500000,72.660004,71.320000,71.410004,59.108414,12314900
2015-03-09,71.629997,71.919998,71.220001,71.849998,59.472603,10306300
2015-03-10,71.220001,71.540001,71.000000,71.050003,58.810417,12323900
2015-03-11,71.430000,71.510002,70.959999,71.010002,58.777306,7525100
2015-03-12,71.339996,71.949997,71.269997,71.949997,59.555370,7574200
2015-03-13,71.849998,72.279999,71.330002,71.809998,59.439526,6480400
2015-03-16,72.430000,73.410004,72.169998,73.400002,60.755573,13635100
2015-03-17,73.139999,73.339996,72.739998,73.190002,60.581779,10142500
2015-03-18,73.029999,74.449997,72.750000,74.139999,61.368118,12886900
2015-03-19,74.139999,74.669998,74.010002,74.570000,61.724033,9403900
2015-03-20,75.400002,76.010002,74.480003,74.900002,62.170593,9544300
2015-03-23,74.669998,75.089996,74.400002,74.690002,61.996269,4667800
2015-03-24,74.779999,74.980003,74.029999,74.040001,61.456760,8467700
2015-03-25,74.250000,74.620003,72.669998,72.690002,60.336205,15039100
2015-03-26,72.279999,73.120003,71.919998,72.519997,60.195087,18253800
2015-03-27,72.720001,73.320000,72.599998,73.040001,60.626717,8841600
2015-03-30,73.629997,73.889999,73.540001,73.779999,61.240955,8008200
2015-03-31,73.489998,74.169998,72.500000,72.500000,60.178486,8442900
2015-04-01,72.529999,72.809998,71.309998,71.769997,59.572552,21829300
2015-04-02,71.839996,72.320000,71.639999,71.989998,59.755161,7560100
2015-04-06,71.589996,72.489998,71.500000,72.099998,59.846485,5746200
2015-04-07,72.279999,72.809998,72.209999,72.269997,59.987556,5599300
2015-04-08,72.430000,73.199997,72.339996,72.879997,60.493916,12577100
2015-04-09,72.900002,73.550003,72.800003,73.430000,60.950428,8181400
2015-04-10,73.500000,74.160004,73.209999,74.059998,61.473366,5084300
2015-04-13,74.110001,74.440002,73.629997,73.660004,61.141342,6814800
2015-04-14,73.739998,73.860001,73.180000,73.779999,61.240955,5878700
2015-04-15,74.190002,74.330002,73.830002,73.970001,61.398655,6254600
2015-04-16,74.050003,74.230003,73.820000,73.930000,61.365452,4439500
2015-04-17,73.459999,73.650002,72.820000,73.290001,60.834217,12115400
2015-04-20,73.660004,73.940002,73.550003,73.739998,61.207729,6659500
2015-04-21,74.110001,74.449997,74.080002,74.230003,61.614479,6577200
2015-04-22,74.400002,74.510002,73.970001,74.349998,61.714062,6078200
2015-04-23,74.239998,74.820000,73.889999,74.629997,61.946487,10532500
2015-04-24,74.480003,74.730003,74.070000,74.389999,61.747280,10397200
2015-04-27,74.570000,74.639999,72.940002,73.040001,60.626717,17847700
2015-04-28,73.250000,73.529999,72.199997,73.400002,60.925510,15798400
2015-04-29,72.889999,73.410004,72.250000,72.730003,60.369389,13661300
2015-04-30,72.419998,72.779999,71.330002,71.709999,59.522755,14554400
2015-05-01,72.199997,72.720001,72.190002,72.680000,60.327896,11508300
2015-05-04,72.959999,73.430000,72.790001,73.139999,60.709713,8561700
2015-05-05,72.989998,73.000000,72.150002,72.220001,59.946072,11373800
2015-05-06,72.410004,72.449997,71.419998,71.940002,59.713654,10152200
2015-05-07,71.839996,72.529999,71.730003,72.279999,59.995869,9019700
2015-05-08,73.019997,73.650002,72.959999,73.449997,60.967026,11222400
2015-05-11,73.709999,73.839996,73.419998,73.489998,61.000225,7980700
2015-05-12,72.959999,73.320000,72.680000,73.019997,60.610134,7019800
2015-05-13,73.260002,73.639999,72.970001,73.099998,60.676517,6005800
2015-05-14,73.489998,74.139999,73.190002,74.110001,61.514858,6894400
2015-05-15,74.239998,74.349998,74.029999,74.260002,61.639374,3872300
2015-05-18,74.209999,74.790001,74.169998,74.699997,62.004620,6792200
2015-05-19,74.800003,75.239998,74.610001,75.050003,62.295101,5869200
2015-05-20,75.180000,75.470001,74.849998,75.150002,62.378120,10577000
2015-05-21,75.129997,75.239998,74.879997,75.160004,62.386433,4537900
2015-05-22,75.029999,75.339996,74.919998,74.980003,62.237030,4612300
2015-05-26,74.750000,74.830002,74.070000,74.220001,61.606163,9533800
2015-05-27,74.480003,75.160004,74.279999,75.080002,62.320026,13043700
2015-05-28,75.070000,75.339996,74.769997,75.129997,62.361515,5766400
2015-05-29,75.010002,75.620003,74.709999,74.940002,62.203831,9839200
2015-06-01,75.370003,75.529999,74.739998,75.239998,62.452827,7466700
2015-06-02,75.000000,75.089996,74.459999,74.750000,62.046112,5722400
2015-06-03,75.000000,75.070000,74.680000,74.889999,62.162319,5357600
2015-06-04,74.610001,74.910004,74.110001,74.370003,61.730659,6479500
2015-06-05,74.269997,74.389999,73.739998,74.339996,61.705772,7772200
2015-06-08,74.360001,74.519997,73.970001,73.970001,61.398655,6736600
2015-06-09,74.209999,74.209999,73.660004,73.949997,61.382061,8297500
2015-06-10,74.120003,74.949997,73.980003,74.860001,62.137428,7728800
2015-06-11,75.440002,75.489998,74.970001,75.370003,62.560711,4912000
2015-06-12,75.000000,75.110001,74.339996,74.440002,61.788780,6330600
2015-06-15,73.970001,74.680000,73.589996,74.529999,61.863495,7150200
2015-06-16,74.489998,74.940002,74.330002,74.900002,62.170593,6041400
2015-06-17,74.989998,75.160004,74.500000,74.970001,62.228725,5132100
2015-06-18,75.110001,76.279999,75.080002,76.029999,63.108547,9511200
2015-06-19,75.839996,76.010002,75.660004,75.709999,63.059391,10327400
2015-06-22,76.269997,76.660004,76.209999,76.300003,63.550831,6635000
2015-06-23,76.410004,76.650002,76.180000,76.449997,63.675762,4631600
2015-06-24,76.349998,76.419998,75.680000,75.680000,63.034439,7294400
2015-06-25,75.910004,76.459999,75.709999,76.099998,63.384247,9232500
2015-06-26,76.209999,76.500000,75.720001,75.989998,63.292625,6147500
2015-06-29,75.330002,75.720001,74.089996,74.129997,61.743416,13675900
2015-06-30,74.930000,74.949997,74.150002,74.389999,61.959980,8722200
2015-07-01,75.160004,75.260002,74.750000,75.190002,62.626316,7756500
2015-07-02,75.360001,75.410004,74.690002,74.839996,62.334770,5678800
2015-07-06,74.139999,75.279999,74.139999,74.809998,62.309795,9352600
2015-07-07,74.910004,75.169998,73.889999,75.169998,62.609642,10653300
2015-07-08,74.570000,74.800003,73.860001,73.879997,61.535210,13074900
2015-07-09,74.680000,74.870003,74.239998,74.279999,61.868351,6654600
2015-07-10,75.209999,75.370003,74.779999,75.279999,62.701263,8059500
2015-07-13,75.820000,76.080002,75.610001,75.919998,63.234314,7815100
2015-07-14,75.959999,76.779999,75.790001,76.680000,63.867340,5831800
2015-07-15,76.919998,77.260002,76.559998,76.779999,63.950642,6994900
2015-07-16,77.059998,77.250000,76.839996,77.139999,64.250465,5109200
2015-07-17,77.050003,77.070000,76.660004,76.970001,64.108894,3877900
2015-07-20,77.070000,77.400002,76.989998,77.220001,64.317101,3874800
2015-07-21,77.190002,77.389999,76.529999,76.879997,64.033936,8140200
2015-07-22,76.669998,77.120003,76.550003,77.050003,64.175507,5765400
2015-07-23,77.190002,77.349998,76.629997,76.769997,63.942284,5677400
2015-07-24,76.000000,76.050003,74.709999,74.849998,62.343102,13229700
2015-07-27,74.669998,74.930000,74.389999,74.779999,62.284813,11037000
2015-07-28,75.199997,76.150002,74.820000,76.129997,63.409256,11445100
2015-07-29,76.459999,76.610001,75.940002,76.260002,63.517509,9367000
2015-07-30,76.190002,76.330002,75.559998,76.150002,63.425892,5381100
2015-07-31,76.440002,76.930000,76.389999,76.589996,63.792362,7910300
2015-08-03,76.669998,76.900002,76.010002,76.529999,63.742416,8447800
2015-08-04,76.910004,76.949997,76.250000,76.489998,63.709091,10778700
2015-08-05,76.959999,77.260002,76.830002,77.129997,64.242134,5391200
2015-08-06,77.199997,77.269997,75.379997,75.449997,62.842869,13360200
2015-08-07,75.430000,75.570000,74.529999,75.320000,62.734573,10863600
2015-08-10,75.570000,76.260002,75.570000,75.930000,63.242653,7951100
2015-08-11,75.410004,75.690002,74.910004,75.290001,62.709587,7914900
2015-08-12,74.720001,75.419998,73.900002,75.339996,62.751247,9665900
2015-08-13,75.400002,75.680000,74.989998,75.169998,62.609642,6329300
2015-08-14,74.959999,75.419998,74.800003,75.379997,62.784542,5504000
2015-08-17,75.129997,76.160004,74.830002,76.139999,63.417580,5796000
2015-08-18,76.059998,76.440002,75.910004,76.029999,63.325939,5465900
2015-08-19,75.620003,76.239998,75.180000,75.720001,63.067753,10070300
2015-08-20,75.160004,75.449997,73.959999,73.959999,61.601830,12992900
2015-08-21,73.220001,73.849998,71.690002,71.699997,59.719467,24008300
2015-08-24,67.389999,71.070000,56.630001,68.650002,57.179100,33675700
2015-08-25,70.800003,71.339996,67.860001,67.959999,56.604385,17883700
2015-08-26,69.839996,70.900002,68.169998,70.830002,58.994812,26115600
2015-08-27,71.750000,72.309998,70.690002,72.209999,60.144249,18689700
2015-08-28,71.849998,72.239998,71.230003,71.800003,59.802765,10045600
2015-08-31,71.480003,72.099998,70.309998,70.489998,58.711639,15143100
2015-09-01,68.639999,69.760002,68.320000,68.639999,57.170757,21723600
2015-09-02,69.779999,70.050003,68.910004,70.050003,58.345169,12491700
2015-09-03,70.449997,70.839996,69.389999,69.550003,57.928703,14080100
2015-09-04,68.489998,69.269997,68.180000,68.680000,57.204079,16587900
2015-09-08,69.940002,70.699997,69.519997,70.599998,58.803261,11697400
2015-09-09,71.419998,71.470001,69.330002,69.510002,57.895382,12424000
2015-09-10,69.540001,70.709999,69.320000,70.180000,58.453430,17313700
2015-09-11,69.889999,70.660004,69.690002,70.629997,58.828251,7633000
2015-09-14,70.650002,70.779999,70.089996,70.410004,58.644989,6232200
2015-09-15,70.760002,71.589996,70.500000,71.419998,59.486244,8414600
2015-09-16,71.449997,71.750000,70.910004,71.620003,59.652824,12003400
2015-09-17,71.550003,73.260002,71.550003,72.269997,60.194195,19149000
2015-09-18,71.019997,71.669998,70.809998,70.910004,59.275543,23716000
2015-09-21,71.400002,71.570000,69.500000,69.970001,58.489761,23860100
2015-09-22,69.010002,69.660004,68.760002,69.540001,58.130306,29234000
2015-09-23,69.599998,70.120003,69.110001,69.470001,58.071812,9578700
2015-09-24,68.900002,69.169998,67.989998,68.760002,57.478294,20064500
2015-09-25,69.309998,69.519997,66.349998,66.879997,55.906757,30973700
2015-09-28,66.459999,66.599998,63.730000,64.290001,53.741703,66470200
2015-09-29,64.459999,65.980003,64.080002,64.879997,54.234886,31776000
2015-09-30,65.839996,66.419998,65.379997,66.230003,55.363392,26565600
2015-10-01,66.389999,66.949997,65.750000,66.900002,55.923481,19853100
2015-10-02,66.029999,68.300003,65.720001,68.290001,57.085400,23741800
2015-10-05,68.879997,69.019997,67.800003,68.470001,57.235886,18389800
2015-10-06,68.250000,68.449997,65.910004,66.860001,55.890030,30431600
2015-10-07,67.349998,68.260002,66.529999,67.930000,56.784470,27466100
2015-10-08,67.540001,68.349998,66.870003,68.129997,56.951633,23182700
2015-10-09,68.239998,68.730003,67.940002,68.440002,57.210804,13890000
2015-10-12,68.139999,68.839996,68.050003,68.620003,57.361267,11074500
2015-10-13,68.309998,69.190002,67.690002,67.760002,56.642387,17273300
2015-10-14,68.120003,68.680000,67.440002,67.629997,56.533691,21786200
2015-10-15,67.260002,69.139999,67.190002,69.139999,57.795925,22133300
2015-10-16,69.330002,69.860001,69.160004,69.760002,58.314236,17657000
2015-10-19,69.529999,70.199997,69.150002,70.010002,58.523186,15694700
2015-10-20,69.790001,70.010002,68.610001,68.910004,57.603699,14802000
2015-10-21,69.300003,69.570000,67.160004,68.290001,57.085400,36068300
2015-10-22,68.389999,68.500000,67.029999,67.879997,56.742680,35524500
2015-10-23,68.580002,69.690002,68.300003,69.330002,57.954769,26524200
2015-10-26,69.160004,70.070000,68.930000,69.599998,58.180466,17831900
2015-10-27,69.790001,70.879997,69.779999,70.879997,59.250465,25160900
2015-10-28,70.769997,71.510002,70.139999,71.470001,59.743637,18158000
2015-10-29,71.879997,73.000000,71.489998,71.790001,60.011147,22780700
2015-10-30,72.010002,72.209999,71.339996,71.339996,59.634987,12427200
2015-11-02,71.750000,72.910004,71.339996,72.860001,60.905571,18646600
2015-11-03,72.669998,72.830002,72.089996,72.599998,60.688232,10428700
2015-11-04,72.860001,72.879997,71.839996,72.279999,60.420727,11533000
2015-11-05,72.330002,72.349998,71.370003,72.050003,60.228504,9172000
2015-11-06,71.610001,71.820000,70.919998,71.750000,59.977726,12661100
2015-11-09,71.620003,71.620003,70.790001,71.199997,59.517937,15625000
2015-11-10,71.220001,71.839996,71.080002,71.680000,59.919197,9737400
2015-11-11,71.949997,71.949997,70.959999,70.970001,59.325672,10580900
2015-11-12,70.779999,70.889999,69.739998,69.739998,58.297493,10870800
2015-11-13,69.599998,70.279999,69.480003,69.570000,58.155392,18196800
2015-11-16,69.419998,70.440002,69.410004,70.440002,58.882645,12959800
2015-11-17,70.580002,71.209999,70.220001,70.739998,59.133423,7882300
2015-11-18,70.779999,72.199997,70.779999,72.120003,60.287025,12816300
2015-11-19,71.660004,71.750000,70.849998,70.910004,59.275543,11128000
2015-11-20,71.279999,71.870003,71.279999,71.519997,59.785461,9224500
2015-11-23,71.379997,71.779999,71.129997,71.339996,59.634987,10362700
2015-11-24,70.900002,71.629997,70.860001,71.559998,59.818893,7174700
2015-11-25,71.750000,72.050003,71.599998,71.949997,60.144878,4594400
2015-11-27,72.139999,72.220001,71.900002,72.089996,60.261898,2658000
2015-11-30,72.199997,72.209999,71.110001,71.110001,59.442734,8846100
2015-12-01,71.480003,72.370003,71.320000,72.309998,60.445847,10659200
2015-12-02,72.389999,72.610001,71.589996,71.699997,59.935902,9875100
2015-12-03,71.760002,71.849998,69.820000,70.129997,58.623493,13191400
2015-12-04,70.440002,71.889999,70.269997,71.779999,60.002792,14929800
2015-12-07,71.629997,72.000000,71.010002,71.379997,59.668430,8511000
2015-12-08,70.839996,71.739998,70.839996,71.540001,59.802181,7483600
2015-12-09,71.209999,71.900002,70.540001,70.820000,59.200302,17593600
2015-12-10,70.820000,71.839996,70.750000,71.349998,59.643337,9778500
2015-12-11,70.589996,70.879997,70.209999,70.300003,58.765625,15178300
2015-12-14,70.570000,70.849998,69.669998,70.760002,59.150158,21091500
2015-12-15,71.529999,72.019997,71.300003,71.680000,59.919197,14006300
2015-12-16,72.279999,72.720001,71.269997,72.610001,60.696609,15273700
2015-12-17,72.809998,72.809998,71.769997,71.830002,60.044594,11469100
2015-12-18,71.339996,71.430000,70.480003,70.489998,59.174080,15159800
2015-12-21,70.910004,71.129997,70.550003,71.129997,59.711319,6707200
2015-12-22,71.379997,71.709999,70.970001,71.610001,60.114258,7495800
2015-12-23,72.059998,72.540001,71.989998,72.379997,60.760651,8091000
2015-12-24,72.139999,72.680000,72.110001,72.449997,60.819401,2568300
2015-12-28,72.239998,72.300003,71.910004,72.110001,60.534012,6534700
2015-12-29,72.589996,73.160004,72.440002,72.989998,61.272736,7243100
2015-12-30,72.910004,73.099998,72.610001,72.680000,61.012497,8496500
2015-12-31,72.419998,72.750000,72.029999,72.029999,60.466846,6591700
2016-01-04,70.769997,71.000000,70.010002,70.730003,59.375538,19666300
2016-01-05,70.930000,71.379997,70.760002,71.070000,59.660957,14540000
2016-01-06,70.059998,70.980003,70.000000,70.489998,59.174080,14651700
2016-01-07,69.129997,70.010002,68.870003,69.059998,57.973618,17850400
2016-01-08,69.470001,69.650002,67.900002,68.019997,57.100571,17022800
2016-01-11,68.320000,68.349998,66.260002,67.209999,56.420597,28563800
2016-01-12,67.750000,68.459999,66.959999,68.070000,57.142551,13727000
2016-01-13,68.199997,68.519997,65.980003,66.050003,55.446827,16202500
2016-01-14,66.220001,68.260002,65.809998,67.820000,56.932690,23342300
2016-01-15,66.099998,67.180000,65.919998,66.870003,56.135181,17882300
2016-01-19,67.599998,67.849998,66.129997,66.860001,56.126801,13495200
2016-01-20,65.680000,67.639999,64.860001,66.989998,56.235928,24665600
2016-01-21,67.160004,67.500000,66.160004,66.790001,56.068031,17102800
2016-01-22,67.730003,68.029999,67.410004,67.849998,56.957859,11343800
2016-01-25,67.650002,68.099998,67.129997,67.220001,56.429005,10131900
2016-01-26,67.260002,67.860001,66.739998,67.730003,56.857132,12449700
2016-01-27,67.610001,68.320000,66.489998,66.959999,56.210720,15924700
2016-01-28,67.279999,67.320000,65.050003,65.400002,54.901142,26127300
2016-01-29,65.260002,66.500000,65.070000,66.470001,55.799393,17578200
2016-02-01,66.019997,66.910004,65.669998,66.570000,55.883347,16705700
2016-02-02,66.099998,66.279999,65.410004,65.610001,55.077454,12968700
2016-02-03,65.800003,66.110001,64.570000,66.040001,55.438438,19453100
2016-02-04,65.839996,66.419998,65.089996,65.680000,55.136230,18958100
2016-02-05,65.320000,65.500000,64.070000,64.400002,54.061707,16744000
2016-02-08,63.680000,63.950001,62.759998,63.520000,53.322975,24652800
2016-02-09,62.750000,64.629997,62.680000,63.990002,53.717525,20741700
2016-02-10,64.410004,65.559998,64.360001,64.559998,54.196007,14728500
2016-02-11,63.400002,64.029999,63.040001,63.520000,53.322975,22801100
2016-02-12,63.869999,64.400002,63.330002,64.370003,54.036526,10316000
2016-02-16,65.059998,65.610001,64.839996,65.580002,55.052280,17303000
2016-02-17,66.089996,66.489998,65.589996,66.410004,55.749039,12140000
2016-02-18,66.489998,66.760002,65.839996,66.000000,55.404854,9722100
2016-02-19,65.680000,66.120003,65.519997,65.930000,55.346096,8875100
2016-02-22,66.470001,66.879997,66.360001,66.870003,56.135181,7515700
2016-02-23,66.690002,67.040001,66.300003,66.370003,55.715454,8211900
2016-02-24,65.989998,66.680000,65.290001,66.589996,55.900127,11118600
2016-02-25,66.889999,67.459999,66.559998,67.419998,56.596889,9496400
2016-02-26,67.730003,68.000000,67.239998,67.300003,56.496159,10365700
2016-02-29,67.099998,67.269997,66.199997,66.230003,55.597931,11091700
2016-03-01,66.599998,67.669998,66.160004,67.650002,56.789970,14549100
2016-03-02,67.489998,67.779999,67.349998,67.760002,56.882317,10923700
2016-03-03,67.589996,67.650002,66.949997,67.570000,56.722801,10815000
2016-03-04,67.570000,67.839996,67.099998,67.410004,56.588486,9855700
2016-03-07,66.970001,68.180000,66.959999,67.949997,57.041798,11082400
2016-03-08,67.550003,67.769997,67.029999,67.120003,56.345047,8204200
2016-03-09,67.300003,67.529999,66.779999,67.239998,56.445774,13032500
2016-03-10,67.570000,68.029999,66.760002,67.279999,56.479362,11287700
2016-03-11,67.709999,68.599998,67.660004,68.589996,57.579079,10618300
2016-03-14,68.339996,68.570000,68.129997,68.300003,57.335625,6140900
2016-03-15,67.849998,67.989998,67.040001,67.239998,56.445774,15226500
2016-03-16,67.110001,67.470001,66.550003,67.080002,56.311466,16881300
2016-03-17,67.019997,67.029999,65.660004,66.300003,55.656689,20920400
2016-03-18,66.180000,67.080002,66.059998,66.839996,56.311283,19524800
2016-03-21,66.900002,67.370003,66.790001,67.230003,56.639866,12183600
2016-03-22,67.010002,68.110001,67.010002,67.900002,57.204319,13200200
2016-03-23,67.849998,67.970001,67.360001,67.419998,56.799931,9105100
2016-03-24,67.120003,67.639999,66.870003,67.389999,56.774658,8492800
2016-03-28,67.570000,67.639999,67.099998,67.199997,56.614582,7156300
2016-03-29,67.080002,68.040001,66.849998,67.980003,57.271717,10455600
2016-03-30,68.320000,68.500000,67.870003,67.989998,57.280144,7607700
2016-03-31,67.889999,68.290001,67.750000,67.779999,57.103226,8602700
2016-04-01,67.500000,68.800003,67.370003,68.550003,57.751934,9120200
2016-04-04,68.709999,69.620003,68.699997,69.370003,58.442780,17381200
2016-04-05,68.559998,68.879997,68.309998,68.470001,57.684528,16555000
2016-04-06,68.489998,70.339996,68.489998,70.309998,59.234680,24546600
2016-04-07,69.809998,70.279999,69.180000,69.540001,58.585976,19216700
2016-04-08,69.970001,70.000000,68.940002,69.349998,58.425919,12883800
2016-04-11,69.320000,69.519997,68.669998,68.820000,57.979404,8695500
2016-04-12,68.809998,69.529999,68.800003,69.379997,58.451176,13510500
2016-04-13,69.699997,70.070000,69.330002,70.029999,58.998795,9706200
2016-04-14,70.010002,70.300003,69.809998,70.070000,59.032501,6655200
2016-04-15,70.239998,70.239998,69.550003,70.019997,58.990391,7945300
2016-04-18,69.820000,70.750000,69.709999,70.669998,59.537987,11505400
2016-04-19,70.790001,71.300003,70.529999,70.919998,59.748608,6655000
2016-04-20,70.940002,71.639999,70.879997,71.300003,60.068764,10763400
2016-04-21,71.339996,71.879997,71.250000,71.720001,60.422588,12463100
2016-04-22,71.760002,72.110001,71.440002,71.870003,60.548969,12052800
2016-04-25,71.599998,71.820000,71.360001,71.589996,60.313080,8937500
2016-04-26,71.730003,71.730003,71.110001,71.320000,60.085606,7433500
2016-04-27,71.370003,71.540001,70.940002,71.239998,60.018204,9121200
2016-04-28,70.830002,71.589996,70.510002,70.900002,59.731758,19512000
2016-04-29,70.260002,70.400002,69.370003,69.790001,58.796623,13577900
2016-05-02,69.919998,70.220001,69.629997,70.190002,59.133617,9074800
2016-05-03,69.940002,70.400002,69.699997,69.970001,58.948250,9436800
2016-05-04,69.529999,69.650002,69.110001,69.300003,58.383793,11802000
2016-05-05,69.309998,69.690002,69.160004,69.589996,58.628101,10145200
2016-05-06,69.339996,69.540001,68.610001,69.180000,58.282707,14164300
2016-05-09,69.180000,70.190002,69.150002,69.970001,58.948250,13606600
2016-05-10,70.250000,70.570000,70.059998,70.559998,59.445312,11073000
2016-05-11,70.449997,70.629997,69.699997,69.709999,58.729202,8452500
2016-05-12,69.860001,70.070000,68.900002,69.300003,58.383793,11322900
2016-05-13,69.220001,69.669998,69.080002,69.139999,58.248997,11947300
2016-05-16,69.150002,70.230003,69.120003,70.080002,59.040920,8338100
2016-05-17,69.949997,70.129997,69.099998,69.349998,58.425919,14920000
2016-05-18,69.239998,69.989998,69.169998,69.639999,58.670223,11515200
2016-05-19,69.239998,69.559998,68.610001,69.050003,58.173161,8765700
2016-05-20,69.309998,69.930000,69.279999,69.690002,58.712360,7925700
2016-05-23,69.589996,69.720001,69.349998,69.410004,58.476471,5061400
2016-05-24,69.760002,70.519997,69.669998,70.410004,59.318932,11936400
2016-05-25,70.599998,70.989998,70.589996,70.849998,59.689644,8949200
2016-05-26,70.879997,71.000000,70.629997,70.860001,59.698051,5257700
2016-05-27,70.809998,71.339996,70.809998,71.180000,59.967674,9641300
2016-05-31,71.400002,71.519997,71.040001,71.349998,60.110882,7669800
2016-06-01,71.129997,71.769997,71.070000,71.610001,60.329922,9301700
2016-06-02,71.550003,72.529999,71.459999,72.529999,61.104977,12473100
2016-06-03,72.309998,72.550003,71.709999,72.290001,60.902798,13896000
2016-06-06,72.300003,72.809998,72.120003,72.680000,61.231361,9117600
2016-06-07,72.379997,72.449997,72.050003,72.230003,60.852238,6439100
2016-06-08,72.169998,72.610001,72.010002,72.480003,61.062870,4621300
2016-06-09,72.320000,72.830002,72.150002,72.360001,60.961784,9608500
2016-06-10,71.940002,71.980003,71.449997,71.779999,60.473141,10270900
2016-06-13,71.519997,72.059998,71.190002,71.209999,59.992912,8538400
2016-06-14,71.040001,71.349998,70.739998,71.320000,60.085606,8000500
2016-06-15,71.510002,71.660004,70.769997,70.830002,59.672779,7861100
2016-06-16,70.620003,71.199997,70.269997,71.080002,59.883404,9341200
2016-06-17,70.900002,70.930000,69.800003,70.059998,59.261688,10799100
2016-06-20,70.660004,71.000000,70.410004,70.500000,59.633858,7983700
2016-06-21,70.739998,70.809998,70.099998,70.260002,59.430866,7014900
2016-06-22,70.260002,71.250000,70.199997,70.459999,59.600021,11207600
2016-06-23,71.080002,71.389999,70.750000,71.379997,60.378246,7626900
2016-06-24,69.349998,70.400002,69.050003,69.309998,58.627281,22576500
2016-06-27,68.839996,69.080002,68.089996,68.379997,57.840622,18241500
2016-06-28,68.860001,69.769997,68.849998,69.709999,58.965641,13652400
2016-06-29,70.199997,71.239998,70.199997,71.040001,60.090652,8968400
2016-06-30,71.180000,71.750000,70.830002,71.709999,60.657391,9535200
2016-07-01,71.870003,72.330002,71.639999,72.160004,61.038013,6793100
2016-07-05,71.730003,72.379997,71.730003,72.089996,60.978809,8359800
2016-07-06,71.980003,73.050003,71.900002,72.900002,61.663990,18791500
2016-07-07,73.339996,73.349998,72.459999,72.790001,61.570927,8022400
2016-07-08,73.150002,73.709999,72.760002,73.690002,62.332199,11013200
2016-07-11,73.910004,74.099998,73.419998,73.489998,62.163029,7375100
2016-07-12,73.650002,73.959999,73.589996,73.849998,62.467541,10237200
2016-07-13,74.080002,74.180000,73.750000,73.820000,62.442158,6401900
2016-07-14,74.309998,74.660004,73.870003,74.139999,62.712860,4813200
2016-07-15,74.419998,74.629997,73.989998,74.080002,62.662090,7131300
2016-07-18,74.099998,74.250000,73.839996,74.110001,62.687466,3954300
2016-07-19,74.199997,74.379997,73.730003,73.949997,62.552128,6634700
2016-07-20,74.290001,74.750000,74.190002,74.620003,63.118858,6855000
2016-07-21,74.620003,74.989998,74.550003,74.839996,63.304943,9230800
2016-07-22,74.830002,75.080002,74.610001,74.989998,63.431831,5446500
2016-07-25,75.010002,75.070000,74.449997,74.910004,63.364166,5868400
2016-07-26,74.620003,74.889999,74.480003,74.779999,63.254208,6904200
2016-07-27,74.629997,75.239998,74.489998,75.120003,63.541801,7983100
2016-07-28,75.000000,75.239998,74.680000,75.050003,63.482578,5470100
2016-07-29,74.910004,75.339996,74.730003,75.199997,63.609440,4889200
2016-08-01,75.269997,76.000000,75.269997,75.680000,64.015503,9255100
2016-08-02,75.739998,75.739998,74.930000,75.389999,63.770184,12149300
2016-08-03,75.339996,75.389999,75.029999,75.180000,63.592533,9761200
2016-08-04,75.230003,75.349998,74.970001,75.070000,63.499512,8415500
2016-08-05,75.400002,75.400002,74.830002,75.250000,63.651760,8244400
2016-08-08,75.190002,75.190002,74.349998,74.610001,63.110416,6655500
2016-08-09,75.010002,75.050003,74.580002,74.790001,63.262630,11261100
2016-08-10,74.760002,74.760002,74.339996,74.540001,63.051201,7031600
2016-08-11,74.739998,75.050003,74.599998,74.970001,63.414913,6599800
2016-08-12,74.830002,74.860001,74.510002,74.779999,63.254208,6211900
2016-08-15,74.779999,75.080002,74.779999,74.910004,63.364166,4122500
2016-08-16,74.800003,74.809998,74.239998,74.239998,62.797421,6042300
2016-08-17,74.080002,74.449997,73.930000,74.389999,62.924316,7296300
2016-08-18,74.379997,74.580002,74.190002,74.419998,62.949692,4180100
2016-08-19,74.269997,74.410004,74.040001,74.360001,62.898933,4323500
2016-08-22,74.389999,74.790001,74.309998,74.510002,63.025829,4090200
2016-08-23,74.769997,75.000000,74.540001,74.580002,63.085030,8557900
2016-08-24,74.550003,74.709999,73.230003,73.410004,62.095364,8670400
2016-08-25,73.209999,73.510002,72.470001,72.790001,61.570927,8766500
2016-08-26,72.870003,73.449997,72.629997,73.070000,61.807766,9974300
2016-08-29,73.099998,73.410004,72.919998,73.230003,61.943085,7372100
2016-08-30,73.320000,73.320000,72.800003,72.980003,61.731636,5497900
2016-08-31,72.879997,72.970001,72.480003,72.760002,61.545528,4756800
2016-09-01,72.760002,72.849998,72.239998,72.570000,61.384811,9501400
2016-09-02,72.720001,72.870003,72.449997,72.650002,61.452526,8052300
2016-09-06,72.769997,73.070000,72.660004,72.910004,61.672447,8735800
2016-09-07,72.849998,73.169998,72.699997,72.910004,61.672447,7561600
2016-09-08,72.680000,73.029999,72.610001,72.970001,61.723198,4822200
2016-09-09,72.559998,72.559998,71.489998,71.510002,60.488209,14135500
2016-09-12,71.110001,72.760002,71.089996,72.570000,61.384811,13023400
2016-09-13,72.120003,72.120003,71.220001,71.599998,60.564335,12194200
2016-09-14,71.570000,72.070000,71.309998,71.599998,60.564335,13108500
2016-09-15,71.470001,72.540001,71.300003,72.339996,61.190239,9613600
2016-09-16,71.989998,72.209999,71.830002,72.110001,61.231865,8691000
2016-09-19,72.290001,72.440002,71.760002,71.849998,61.011101,9919700
2016-09-20,72.160004,72.339996,72.040001,72.070000,61.197895,5286600
2016-09-21,72.309998,72.930000,71.870003,72.790001,61.809311,8485900
2016-09-22,73.089996,73.470001,73.050003,73.339996,62.276329,6501900
2016-09-23,73.230003,73.410004,73.099998,73.110001,62.081013,5420400
2016-09-26,72.839996,72.900002,72.089996,72.260002,61.359268,5534100
2016-09-27,72.169998,72.779999,72.010002,72.769997,61.792301,7839000
2016-09-28,72.839996,72.849998,72.279999,72.660004,61.698914,6522600
2016-09-29,72.570000,72.660004,71.169998,71.379997,60.612011,8857900
2016-09-30,71.529999,72.309998,71.489998,72.110001,61.231865,7453500
2016-10-03,71.790001,72.050003,71.489998,72.050003,61.180939,9187900
2016-10-04,71.970001,72.269997,71.550003,71.910004,61.062054,10594600
2016-10-05,72.099998,72.349998,71.989998,72.190002,61.299812,12842100
2016-10-06,71.949997,72.019997,71.489998,71.919998,61.070538,9308900
2016-10-07,71.849998,72.209999,71.449997,71.870003,61.028076,9920400
2016-10-10,72.000000,72.419998,72.000000,72.199997,61.308289,11039500
2016-10-11,71.849998,71.849998,70.080002,70.389999,59.771366,12499700
2016-10-12,70.430000,70.709999,69.989998,70.059998,59.491127,11746400
2016-10-13,69.650002,70.349998,69.419998,70.089996,59.516605,13623100
2016-10-14,70.250000,70.440002,69.599998,69.620003,59.117516,8382400
2016-10-17,69.510002,69.650002,69.239998,69.389999,58.922199,8463000
2016-10-18,70.029999,70.370003,69.860001,70.220001,59.627003,5495800
2016-10-19,70.309998,70.370003,69.940002,69.959999,59.406208,5296700
2016-10-20,70.050003,70.510002,69.919998,70.290001,59.686451,6876000
2016-10-21,69.930000,69.930000,69.529999,69.709999,59.193935,5511600
2016-10-24,70.019997,70.089996,69.580002,69.580002,59.083561,7384700
2016-10-25,69.500000,69.709999,69.290001,69.379997,58.913696,7922100
2016-10-26,69.269997,69.379997,68.680000,68.959999,58.557068,8073700
2016-10-27,69.489998,69.760002,69.099998,69.279999,58.828793,6974700
2016-10-28,68.449997,68.639999,67.480003,67.779999,57.555092,18469300
2016-10-31,67.760002,67.769997,67.330002,67.360001,57.198452,12689000
2016-11-01,67.400002,67.589996,66.480003,67.000000,56.892750,14908700
2016-11-02,66.870003,67.389999,66.650002,66.650002,56.595551,17942900
2016-11-03,66.870003,67.150002,65.959999,66.019997,56.060581,22074200
2016-11-04,66.199997,67.029999,66.129997,66.480003,56.451191,21382600
2016-11-07,67.199997,68.360001,67.160004,68.180000,57.894741,17367800
2016-11-08,67.739998,68.830002,67.650002,68.370003,58.056080,15943900
2016-11-09,68.370003,71.570000,68.370003,70.779999,60.102512,49750100
2016-11-10,71.940002,72.080002,71.059998,71.559998,60.764843,28378900
2016-11-11,71.360001,71.360001,70.180000,70.489998,59.856258,15866100
2016-11-14,70.800003,70.879997,70.129997,70.269997,59.669456,17406200
2016-11-15,70.540001,70.540001,69.820000,70.470001,59.839302,10371600
2016-11-16,70.290001,70.629997,70.080002,70.169998,59.584545,7585000
2016-11-17,70.190002,70.470001,70.019997,70.449997,59.822304,12856200
2016-11-18,70.510002,70.699997,69.660004,69.699997,59.185436,12185000
2016-11-21,69.849998,70.019997,69.769997,69.949997,59.397747,6791800
2016-11-22,69.919998,69.919998,68.470001,68.940002,58.540092,14522100
2016-11-23,67.790001,69.220001,67.790001,69.209999,58.769367,13676000
2016-11-25,69.410004,69.540001,69.209999,69.480003,58.998627,4009300
2016-11-28,69.349998,69.360001,68.849998,68.959999,58.557068,6507200
2016-11-29,69.120003,69.610001,69.110001,69.410004,58.939175,7093900
2016-11-30,69.459999,69.480003,68.720001,68.750000,58.378761,8640700
2016-12-01,68.830002,69.000000,68.050003,68.250000,57.954185,11360700
2016-12-02,68.370003,68.680000,68.139999,68.410004,58.090057,7964500
2016-12-05,68.690002,68.790001,68.070000,68.290001,57.988148,5832100
2016-12-06,68.489998,68.500000,68.089996,68.480003,58.149490,5490800
2016-12-07,67.940002,67.940002,66.970001,67.889999,57.648491,12758900
2016-12-08,67.680000,68.089996,67.290001,68.019997,57.758873,7586600
2016-12-09,68.260002,68.980003,68.260002,68.849998,58.463669,12100200
2016-12-12,68.849998,69.279999,68.720001,69.180000,58.743889,15018100
2016-12-13,69.430000,69.839996,69.230003,69.739998,59.219402,11041400
2016-12-14,69.730003,70.099998,69.139999,69.379997,58.913696,11682200
2016-12-15,69.660004,69.900002,69.410004,69.830002,59.295826,8210100
2016-12-16,69.680000,69.870003,69.379997,69.580002,59.342751,8257100
2016-12-19,69.629997,69.940002,69.199997,69.290001,59.095421,9318300
2016-12-20,69.320000,69.480003,69.080002,69.239998,59.052757,4885000
2016-12-21,69.279999,69.309998,68.730003,68.849998,58.720142,5432300
2016-12-22,68.760002,68.959999,68.480003,68.940002,58.796917,4458400
2016-12-23,68.959999,69.500000,68.959999,69.459999,59.240410,4188700
2016-12-27,69.550003,70.000000,69.529999,69.599998,59.359798,5141200
2016-12-28,69.669998,69.750000,69.059998,69.070000,58.907799,4558800
2016-12-29,69.110001,69.410004,69.080002,69.190002,59.010117,5539200
2016-12-30,69.199997,69.269997,68.720001,68.940002,58.796917,6649000
2017-01-03,69.309998,69.860001,69.220001,69.839996,59.564484,11792900
2017-01-04,69.949997,70.580002,69.949997,70.389999,60.033573,9174500
2017-01-05,70.330002,70.769997,70.269997,70.750000,60.340584,5979300
2017-01-06,70.769997,71.150002,70.519997,70.949997,60.511169,5769300
2017-01-09,70.949997,71.370003,70.820000,71.250000,60.767025,5751900
2017-01-10,71.370003,71.910004,71.209999,71.500000,60.980259,10320500
2017-01-11,71.589996,71.839996,70.050003,70.779999,60.366180,23742000
2017-01-12,70.430000,70.889999,70.260002,70.849998,60.425896,9358900
2017-01-13,70.910004,71.160004,70.750000,70.919998,60.485569,5279000
2017-01-17,70.480003,70.680000,69.980003,70.559998,60.178532,6038200
2017-01-18,70.699997,70.860001,70.330002,70.470001,60.101814,6174200
2017-01-19,70.449997,70.610001,69.910004,70.019997,59.717991,6470700
2017-01-20,70.019997,70.370003,69.779999,69.839996,59.564484,7006900
2017-01-23,69.750000,69.940002,69.290001,69.550003,59.317177,10003700
2017-01-24,69.480003,69.529999,68.750000,69.070000,58.907799,8703500
2017-01-25,69.129997,69.750000,69.089996,69.720001,59.462132,6553800
2017-01-26,69.570000,69.690002,69.169998,69.180000,59.001606,6612500
2017-01-27,69.339996,69.800003,69.320000,69.750000,59.487728,7264900
2017-01-30,69.580002,69.720001,69.120003,69.410004,59.197746,7281900
2017-01-31,69.040001,70.519997,68.989998,70.519997,60.144444,14342500
2017-02-01,70.519997,71.129997,70.379997,71.129997,60.664696,19490500
2017-02-02,70.779999,71.150002,70.559998,71.110001,60.647629,14539400
2017-02-03,71.339996,71.489998,71.000000,71.419998,60.912025,15104800
2017-02-06,71.290001,71.500000,71.150002,71.500000,60.980259,11561600
2017-02-07,71.550003,71.830002,71.330002,71.570000,61.039951,11278000
2017-02-08,71.190002,71.540001,70.989998,71.459999,60.946152,6812900
2017-02-09,71.449997,71.930000,71.389999,71.720001,61.167873,7869200
2017-02-10,71.830002,72.019997,71.660004,71.860001,61.287285,4440300
2017-02-13,71.930000,72.339996,71.930000,72.300003,61.662552,6465200
2017-02-14,72.220001,72.870003,72.169998,72.870003,62.148689,10403000
2017-02-15,72.709999,73.800003,72.639999,73.660004,62.822475,10091700
2017-02-16,73.680000,73.750000,73.059998,73.559998,62.737175,11332600
2017-02-17,73.279999,73.699997,73.279999,73.660004,62.822475,12118400
2017-02-21,73.650002,74.230003,73.650002,73.989998,63.103893,10651800
2017-02-22,73.900002,74.139999,73.820000,73.879997,63.010086,6634300
2017-02-23,73.959999,74.550003,73.870003,74.419998,63.470627,8685600
2017-02-24,74.300003,74.820000,74.269997,74.779999,63.777660,9103000
2017-02-27,74.830002,75.180000,74.669998,75.139999,64.084702,8178200
2017-02-28,74.930000,75.230003,74.769997,74.989998,63.956764,10258600
2017-03-01,75.440002,75.930000,75.220001,75.739998,64.596420,15196600
2017-03-02,75.620003,75.889999,75.489998,75.500000,64.391754,7889300
2017-03-03,75.389999,75.860001,75.360001,75.800003,64.647606,6635300
2017-03-06,75.690002,75.750000,75.239998,75.510002,64.400261,5886900
2017-03-07,74.889999,75.360001,74.739998,74.980003,63.948265,12330600
2017-03-08,74.970001,75.540001,74.919998,75.279999,64.204086,8130000
2017-03-09,75.269997,75.790001,75.220001,75.690002,64.553772,8451400
2017-03-10,76.010002,76.089996,75.699997,75.980003,64.801117,10455800
2017-03-13,76.050003,76.050003,75.620003,75.919998,64.749924,6898500
2017-03-14,75.709999,75.959999,75.559998,75.639999,64.511154,7296300
2017-03-15,75.750000,76.750000,75.750000,76.589996,65.321358,11044900
2017-03-16,76.400002,76.400002,75.559998,75.849998,64.690254,12129400
2017-03-17,75.389999,75.529999,75.120003,75.160004,64.334167,10401000
2017-03-20,75.180000,75.290001,74.900002,75.050003,64.239990,4728300
2017-03-21,75.129997,75.389999,72.330002,74.459999,63.734978,16650400
2017-03-22,74.570000,74.669998,74.110001,74.480003,63.752102,9954300
2017-03-23,74.389999,74.769997,74.110001,74.250000,63.555237,13250500
2017-03-24,74.290001,74.620003,73.980003,74.290001,63.589451,9229500
2017-03-27,73.760002,74.620003,73.620003,74.489998,63.760651,6946300
2017-03-28,74.339996,74.639999,74.110001,74.540001,63.803459,7392300
2017-03-29,74.570000,74.739998,74.389999,74.559998,63.820591,4357800
2017-03-30,74.470001,74.720001,74.269997,74.570000,63.829132,7137400
2017-03-31,74.389999,74.559998,74.279999,74.360001,63.649387,5895400
2017-04-03,74.440002,74.790001,74.129997,74.419998,63.700752,12354800
2017-04-04,74.400002,74.480003,74.169998,74.379997,63.666492,5228600
2017-04-05,74.480003,74.919998,74.099998,74.150002,63.469631,6470100
2017-04-06,74.169998,74.419998,73.949997,74.279999,63.580929,5253300
2017-04-07,74.330002,74.599998,74.129997,74.410004,63.692211,5638200
2017-04-10,74.389999,74.639999,74.199997,74.269997,63.572334,4530000
2017-04-11,74.150002,74.339996,73.760002,74.169998,63.486748,5472600
2017-04-12,74.089996,74.290001,73.870003,74.169998,63.486748,3782200
2017-04-13,74.080002,74.330002,73.980003,73.980003,63.324146,6671100
2017-04-17,73.889999,74.269997,73.830002,74.250000,63.555237,6149900
2017-04-18,73.839996,73.839996,73.160004,73.440002,62.861908,7519500
2017-04-19,73.680000,73.870003,73.529999,73.660004,63.050186,5023100
2017-04-20,73.809998,74.269997,73.470001,74.120003,63.443974,7307300
2017-04-21,73.989998,74.059998,73.510002,73.680000,63.067356,6763000
2017-04-24,74.389999,74.589996,74.309998,74.410004,63.692211,5450000
2017-04-25,74.709999,74.940002,74.500000,74.730003,63.966087,9035700
2017-04-26,75.000000,75.440002,74.940002,75.139999,64.317039,6240400
2017-04-27,75.160004,75.650002,75.010002,75.300003,64.453972,6962800
2017-04-28,75.360001,75.540001,75.239998,75.500000,64.625168,5781100
2017-05-01,75.629997,75.820000,75.500000,75.669998,64.770699,7182000
2017-05-02,75.739998,75.900002,75.300003,75.879997,64.950439,5243800
2017-05-03,75.650002,75.709999,75.339996,75.510002,64.633728,8094100
2017-05-04,75.769997,76.010002,75.660004,76.010002,65.061737,4275400
2017-05-05,76.180000,76.199997,75.660004,75.970001,65.027504,5720100
2017-05-08,75.910004,75.970001,75.389999,75.500000,64.625168,6558500
2017-05-09,75.540001,75.730003,75.449997,75.589996,64.702225,3830200
2017-05-10,75.470001,75.480003,75.059998,75.370003,64.513878,4314900
2017-05-11,75.250000,75.440002,75.029999,75.410004,64.548149,6791600
2017-05-12,75.379997,75.489998,75.230003,75.279999,64.436867,2638000
2017-05-15,75.320000,75.809998,75.250000,75.769997,64.856293,7320800
2017-05-16,75.690002,75.760002,75.269997,75.480003,64.608078,5471700
2017-05-17,74.870003,75.080002,74.489998,74.489998,63.760651,11434000
2017-05-18,74.449997,75.250000,74.449997,74.820000,64.043152,10690500
2017-05-19,74.949997,75.269997,74.849998,75.029999,64.222900,9209800
2017-05-22,74.959999,75.320000,74.800003,75.230003,64.394051,4999100
2017-05-23,75.330002,75.639999,75.269997,75.480003,64.608078,4216100
2017-05-24,75.519997,75.730003,75.339996,75.669998,64.770699,5186400
2017-05-25,75.839996,76.180000,75.660004,76.029999,65.078842,4479400
2017-05-26,75.970001,76.190002,75.809998,75.889999,64.959000,4507400
2017-05-30,75.650002,75.970001,75.650002,75.779999,64.864853,4651200
2017-05-31,75.930000,76.250000,75.860001,76.080002,65.121635,5884400
2017-06-01,76.209999,76.980003,76.129997,76.919998,65.840637,9149900
2017-06-02,77.139999,77.519997,77.070000,77.419998,66.268631,4833000
2017-06-05,77.419998,77.500000,77.019997,77.199997,66.080307,5558900
2017-06-06,77.050003,77.290001,76.879997,77.010002,65.917686,4316500
2017-06-07,77.110001,77.300003,76.970001,77.220001,66.097458,4415700
2017-06-08,77.169998,77.360001,76.800003,77.000000,65.909134,6304400
2017-06-09,77.099998,77.760002,77.000000,77.519997,66.354218,13419000
2017-06-12,77.459999,77.739998,77.050003,77.419998,66.268631,7700600
2017-06-13,77.489998,77.680000,77.309998,77.580002,66.405602,5592500
2017-06-14,77.709999,78.169998,77.680000,77.949997,66.722282,6782300
2017-06-15,77.650002,77.930000,77.440002,77.870003,66.653831,8186000
2017-06-16,77.660004,77.849998,77.279999,77.690002,66.763840,14165200
2017-06-19,77.800003,78.570000,77.760002,78.500000,67.459908,8294400
2017-06-20,78.489998,79.190002,78.459999,78.760002,67.683327,7697200
2017-06-21,78.919998,79.790001,78.870003,79.760002,68.542709,9481200
2017-06-22,79.889999,81.080002,79.860001,80.589996,69.255974,12341100
2017-06-23,80.489998,80.639999,80.169998,80.470001,69.152855,8779600
2017-06-26,80.699997,80.699997,80.269997,80.389999,69.084106,7434400
2017-06-27,80.389999,80.489998,79.639999,79.660004,68.456749,8428000
2017-06-28,79.919998,80.279999,79.879997,80.080002,68.817665,8674200
2017-06-29,79.989998,80.059998,78.860001,79.349998,68.190361,8445800
2017-06-30,79.660004,79.660004,79.239998,79.239998,68.095818,7817400
2017-07-03,79.510002,79.750000,79.370003,79.379997,68.216125,5904200
2017-07-05,79.489998,79.949997,79.209999,79.849998,68.620041,8955500
2017-07-06,79.510002,79.660004,78.709999,78.820000,67.734886,6367700
2017-07-07,79.099998,79.309998,78.900002,79.220001,68.078644,4371400
2017-07-10,79.250000,79.279999,78.870003,79.070000,67.949753,3580000
2017-07-11,79.019997,79.190002,78.580002,78.980003,67.872398,4117500
2017-07-12,79.370003,79.779999,79.349998,79.519997,68.336441,8808200
2017-07-13,79.589996,79.839996,79.050003,79.589996,68.396591,9437700
2017-07-14,79.760002,80.300003,79.599998,80.129997,68.860672,5750000
2017-07-17,80.230003,80.290001,79.820000,79.839996,68.611450,5743700
2017-07-18,79.739998,79.980003,79.360001,79.900002,68.662994,8042700
2017-07-19,80.239998,80.550003,80.239998,80.550003,69.221588,8177900
2017-07-20,80.739998,81.209999,80.610001,81.080002,69.677055,8276800
2017-07-21,80.910004,81.110001,80.849998,80.989998,69.599693,4043600
2017-07-24,80.919998,81.040001,80.610001,80.959999,69.573929,4476800
2017-07-25,81.150002,81.209999,80.260002,80.379997,69.075508,8486000
2017-07-26,80.199997,80.279999,79.889999,80.110001,68.843483,4964100
2017-07-27,80.190002,80.190002,79.230003,79.559998,68.370827,12536800
2017-07-28,79.589996,80.059998,79.250000,79.959999,68.714546,6426100
2017-07-31,80.059998,80.220001,79.879997,79.889999,68.654411,5516800
2017-08-01,80.180000,80.180000,79.610001,79.709999,68.499710,8678800
2017-08-02,79.699997,79.699997,79.250000,79.529999,68.345047,7718500
2017-08-03,79.570000,79.820000,79.309998,79.660004,68.456749,8003600
2017-08-04,80.029999,80.029999,79.379997,79.480003,68.302071,3930100
2017-08-07,79.400002,79.660004,79.330002,79.650002,68.448174,4583300
2017-08-08,79.550003,79.690002,79.120003,79.279999,68.130180,4423300
2017-08-09,79.089996,79.449997,78.949997,79.370003,68.207558,4886500
2017-08-10,79.129997,79.199997,78.370003,78.379997,67.356773,7054700
2017-08-11,78.419998,78.989998,78.419998,78.599998,67.545815,8318600
2017-08-14,78.940002,79.260002,78.940002,79.129997,68.001297,3955800
2017-08-15,79.230003,79.389999,79.110001,79.129997,68.001297,4653800
2017-08-16,79.260002,79.500000,79.169998,79.349998,68.190361,3756900
2017-08-17,79.099998,79.440002,78.330002,78.360001,67.339607,7133400
2017-08-18,78.070000,78.529999,77.949997,78.000000,67.030212,8434600
2017-08-21,77.930000,78.449997,77.820000,78.349998,67.331017,10269000
2017-08-22,78.370003,79.389999,78.320000,79.300003,68.147385,5455500
2017-08-23,79.029999,79.050003,78.669998,78.699997,67.631767,5662500
2017-08-24,78.779999,79.040001,78.629997,78.930000,67.829407,5502800
2017-08-25,79.099998,79.400002,78.889999,78.949997,67.846573,5476500
2017-08-28,79.169998,79.500000,79.150002,79.370003,68.207558,7432800
2017-08-29,79.040001,79.599998,78.970001,79.519997,68.336441,4243500
2017-08-30,79.430000,80.129997,79.410004,79.930000,68.688789,3667900
2017-08-31,80.129997,81.370003,80.129997,81.290001,69.857491,6987200
2017-09-01,81.410004,81.580002,80.919998,81.230003,69.805946,6471600
2017-09-05,80.889999,81.370003,80.510002,80.879997,69.505173,8076900
2017-09-06,81.160004,81.349998,80.800003,81.269997,69.840324,8791000
2017-09-07,81.260002,82.349998,81.239998,82.169998,70.613762,7251000
2017-09-08,82.050003,82.680000,81.910004,82.540001,70.931747,4302600
2017-09-11,82.910004,83.199997,82.730003,83.180000,71.481720,6286200
2017-09-12,83.199997,83.370003,83.040001,83.360001,71.636383,6984800
2017-09-13,83.260002,83.410004,82.889999,83.050003,71.369995,5873800
2017-09-14,82.820000,83.290001,82.720001,83.160004,71.464539,6373800
2017-09-15,83.059998,83.059998,82.500000,82.589996,71.235947,7091300
2017-09-18,82.680000,82.900002,82.440002,82.570000,71.218719,7783100
2017-09-19,82.610001,82.709999,81.830002,81.919998,70.658073,7329200
2017-09-20,81.949997,82.089996,81.410004,82.000000,70.727058,5101800
2017-09-21,81.949997,82.040001,81.540001,81.580002,70.364784,4527900
2017-09-22,81.470001,81.690002,81.160004,81.580002,70.364784,6473300
2017-09-25,81.470001,81.839996,81.220001,81.339996,70.157784,12439300
2017-09-26,81.570000,81.800003,81.180000,81.209999,70.045654,4579400
2017-09-27,81.419998,81.419998,80.830002,81.180000,70.019814,5384700
2017-09-28,81.110001,81.519997,80.989998,81.250000,70.080170,4229000
2017-09-29,81.260002,81.769997,81.059998,81.730003,70.494186,6902700
2017-10-02,81.970001,82.570000,81.879997,82.559998,71.210114,8764900
2017-10-03,82.680000,82.800003,82.220001,82.540001,71.192856,5141700
2017-10-04,82.660004,82.970001,82.580002,82.940002,71.537827,3291100
2017-10-05,82.940002,83.010002,82.620003,83.000000,71.589592,7709600
2017-10-06,82.849998,83.209999,82.760002,82.889999,71.494720,4035900
2017-10-09,82.879997,82.900002,82.239998,82.370003,71.046211,4558800
2017-10-10,82.400002,82.559998,82.110001,82.559998,71.210114,4037700
2017-10-11,82.510002,82.809998,82.489998,82.720001,71.348091,4031600
2017-10-12,82.690002,82.820000,82.529999,82.629997,71.270470,4731600
2017-10-13,82.360001,82.529999,82.220001,82.419998,71.089325,5909600
2017-10-16,82.360001,82.680000,81.910004,82.059998,70.778801,10219700
2017-10-17,82.230003,83.379997,82.230003,83.160004,71.727608,8437800
2017-10-18,83.370003,83.730003,83.180000,83.279999,71.831100,6938700
2017-10-19,83.180000,83.809998,83.059998,83.790001,72.270966,6410400
2017-10-20,83.820000,83.949997,83.589996,83.879997,72.348618,6343800
2017-10-23,83.989998,84.309998,83.629997,83.669998,72.167465,7159600
2017-10-24,83.680000,83.690002,82.629997,83.110001,71.684464,7145500
2017-10-25,83.029999,83.230003,82.669998,82.989998,71.580963,6819100
2017-10-26,82.400002,82.639999,81.660004,82.160004,70.865082,13466900
2017-10-27,81.870003,82.230003,81.830002,82.139999,70.847816,6122000
2017-10-30,81.870003,81.919998,81.080002,81.260002,70.088783,5884000
2017-10-31,81.209999,81.459999,80.970001,81.110001,69.959427,6548600
2017-11-01,81.250000,81.650002,81.089996,81.309998,70.131935,7427800
2017-11-02,81.459999,81.480003,80.760002,80.940002,69.812805,10200300
2017-11-03,80.849998,81.660004,80.849998,81.610001,70.390678,6862700
2017-11-06,81.480003,81.570000,81.300003,81.360001,70.175064,4853200
2017-11-07,81.500000,81.650002,81.239998,81.529999,70.321686,4439800
2017-11-08,81.440002,81.809998,81.339996,81.720001,70.485550,6186200
2017-11-09,81.519997,81.809998,81.230003,81.730003,70.494186,7086400
2017-11-10,81.529999,81.529999,80.690002,81.199997,70.037048,4826300
2017-11-13,80.930000,81.440002,80.699997,81.279999,70.106049,4704000
2017-11-14,81.010002,81.099998,80.580002,80.949997,69.821419,7430100
2017-11-15,80.650002,80.970001,80.440002,80.720001,69.623039,4952300
2017-11-16,80.839996,81.660004,80.839996,81.559998,70.347549,4780500
2017-11-17,81.190002,81.500000,81.110001,81.239998,70.071548,6129800
2017-11-20,81.230003,81.300003,80.769997,80.900002,69.778305,4898500
2017-11-21,81.339996,81.800003,81.309998,81.610001,70.390678,7974500
2017-11-22,81.610001,81.919998,81.449997,81.580002,70.364784,4853100
2017-11-24,81.690002,81.800003,81.510002,81.769997,70.528671,1650600
2017-11-27,81.769997,81.980003,81.699997,81.839996,70.589050,4241400
2017-11-28,82.040001,82.510002,81.820000,82.440002,71.106598,8290400
2017-11-29,82.510002,83.150002,82.510002,82.849998,71.460220,8144600
2017-11-30,83.110001,83.720001,82.860001,83.470001,71.994980,10639600
2017-12-01,83.430000,83.650002,82.169998,83.300003,71.848343,15315400
2017-12-04,83.779999,83.800003,82.279999,82.279999,70.968567,9770300
2017-12-05,82.330002,82.739998,82.070000,82.139999,70.847816,13240800
2017-12-06,82.190002,82.459999,81.709999,82.070000,70.787437,8533000
2017-12-07,82.019997,82.250000,81.769997,82.089996,70.804680,3979200
2017-12-08,82.330002,83.019997,82.269997,83.010002,71.598228,8444100
2017-12-11,83.080002,83.410004,82.949997,83.360001,71.900093,6588600
2017-12-12,83.389999,83.820000,83.389999,83.690002,72.184715,6068600
2017-12-13,83.680000,84.220001,83.650002,83.980003,72.434868,8459800
2017-12-14,84.050003,84.160004,83.050003,83.129997,71.701729,6772100
2017-12-15,83.110001,83.739998,83.110001,83.709999,72.490616,8012200
2017-12-18,83.980003,84.199997,83.690002,83.739998,72.516579,5655400
2017-12-19,83.870003,84.160004,83.599998,83.639999,72.430008,4777100
2017-12-20,83.820000,83.949997,83.360001,83.370003,72.196182,4686700
2017-12-21,83.629997,83.680000,83.120003,83.180000,72.031647,4304200
2017-12-22,83.059998,83.160004,82.709999,82.910004,71.797844,7023600
2017-12-26,82.839996,83.040001,82.750000,82.930000,71.815163,2504100
2017-12-27,82.989998,83.290001,82.980003,83.070000,71.936386,4053300
2017-12-28,83.220001,83.339996,82.930000,83.190002,72.040314,5380600
2017-12-29,83.330002,83.459999,82.589996,82.680000,71.598694,4877200
2018-01-02,82.989998,83.650002,82.870003,83.610001,72.404045,6708900
2018-01-03,83.599998,84.470001,83.360001,84.410004,73.096817,7606500
2018-01-04,84.680000,84.839996,84.320000,84.529999,73.200722,7762500
2018-01-05,84.800003,85.330002,84.639999,85.250000,73.824219,7579300
2018-01-08,85.150002,85.260002,84.510002,84.940002,73.555786,5167300
2018-01-09,85.199997,86.120003,85.120003,85.940002,74.421738,6962900
2018-01-10,85.650002,85.809998,85.150002,85.790001,74.291870,10835800
2018-01-11,85.940002,86.180000,85.699997,86.160004,74.612259,4247800
2018-01-12,86.320000,86.919998,86.250000,86.820000,75.183784,5391700
2018-01-16,87.360001,87.949997,87.110001,87.250000,75.556152,8920000
2018-01-17,87.650002,88.279999,87.430000,88.089996,76.283569,7214600
2018-01-18,88.099998,88.199997,87.599998,88.110001,76.300888,7954800
2018-01-19,88.449997,88.470001,88.000000,88.440002,76.586670,4802400
2018-01-22,88.410004,89.070000,88.250000,89.019997,77.088936,11152500
2018-01-23,89.010002,89.180000,88.510002,88.589996,76.716568,7637600
2018-01-24,89.029999,89.180000,88.540001,88.849998,76.941711,8291100
2018-01-25,89.279999,89.699997,88.940002,89.610001,77.599884,6339300
2018-01-26,90.019997,91.559998,90.000000,91.540001,79.271187,9784400
2018-01-29,91.300003,91.790001,91.279999,91.290001,79.054703,12643800
2018-01-30,89.489998,90.110001,89.220001,89.370003,77.392036,14270600
2018-01-31,89.830002,90.089996,87.790001,88.099998,76.292236,15858400
2018-02-01,87.760002,88.529999,87.540001,88.129997,76.318207,12848700
2018-02-02,87.410004,88.180000,86.870003,86.889999,75.244415,10539200
2018-02-05,86.459999,86.989998,82.370003,83.040001,71.910431,34979800
2018-02-06,81.440002,84.320000,81.400002,83.959999,72.707085,33313400
2018-02-07,83.720001,85.040001,83.430000,83.860001,72.620514,17338000
2018-02-08,83.839996,84.110001,80.879997,80.949997,70.100548,20252500
2018-02-09,81.690002,82.800003,79.559998,82.099998,71.096413,35535700
2018-02-12,82.629997,83.510002,81.889999,82.870003,71.763214,13389200
2018-02-13,82.389999,83.120003,81.879997,82.930000,71.815163,8415200
2018-02-14,82.400002,84.019997,82.320000,83.870003,72.629181,10110800
2018-02-15,84.440002,84.830002,83.589996,84.800003,73.434532,9519100
2018-02-16,84.379997,86.010002,84.379997,85.410004,73.962791,9323000
2018-02-20,85.000000,85.279999,84.230003,84.470001,73.148766,8872100
2018-02-21,84.459999,85.589996,84.110001,84.120003,72.845673,9417400
2018-02-22,84.389999,84.989998,83.790001,83.989998,72.733093,6316100
2018-02-23,84.489998,85.360001,84.120003,85.330002,73.893509,5498500
2018-02-26,85.480003,86.510002,85.480003,86.410004,74.828743,6266100
2018-02-27,86.410004,86.699997,85.510002,85.510002,74.049377,7460700
2018-02-28,85.790001,85.900002,84.120003,84.139999,72.862984,6279000
2018-03-01,83.989998,84.419998,82.169998,82.800003,71.702583,12720300
2018-03-02,82.349998,83.820000,82.339996,83.639999,72.430008,11206000
2018-03-05,83.260002,84.650002,83.080002,84.400002,73.088165,11028800
2018-03-06,84.589996,84.730003,83.860001,84.279999,72.984230,9573300
2018-03-07,83.559998,84.800003,83.529999,84.709999,73.356590,6868200
2018-03-08,84.940002,85.349998,84.800003,85.279999,73.850204,6403000
2018-03-09,85.800003,86.540001,85.480003,86.510002,74.915352,8253100
2018-03-12,86.540001,86.669998,86.040001,86.139999,74.594933,5760200
2018-03-13,86.470001,86.849998,86.059998,86.250000,74.690170,6400700
2018-03-14,86.550003,86.750000,85.550003,85.830002,74.326500,9416400
2018-03-15,86.129997,86.379997,85.580002,85.690002,74.205246,5883100
2018-03-16,85.379997,85.849998,85.379997,85.389999,74.205269,7067700
2018-03-19,85.230003,85.339996,83.330002,84.010002,73.006012,7190200
2018-03-20,84.199997,84.430000,83.650002,84.129997,73.110283,5534400
2018-03-21,84.269997,84.730003,83.699997,83.769997,72.797424,5498700
2018-03-22,82.959999,83.019997,81.220001,81.360001,70.703125,14648500
2018-03-23,81.440002,81.610001,79.610001,79.669998,69.234474,11049000
2018-03-26,80.570000,81.430000,79.650002,81.320000,70.668358,9183500
2018-03-27,81.610001,81.849998,79.900002,80.360001,69.834091,10948400
2018-03-28,80.589996,81.570000,80.480003,80.790001,70.207771,10146800
2018-03-29,81.220001,81.989998,80.669998,81.400002,70.737877,6914900
2018-04-02,81.059998,81.480003,78.739998,79.550003,69.130203,11364900
2018-04-03,79.980003,80.910004,79.489998,80.760002,70.181694,8590700
2018-04-04,79.790001,82.139999,79.790001,81.910004,71.181061,9085800
2018-04-05,82.199997,82.269997,81.540001,81.849998,71.128914,8031300
2018-04-06,81.169998,81.570000,79.160004,79.879997,69.416969,12171800
2018-04-09,80.309998,81.790001,80.080002,80.669998,70.103493,6952600
2018-04-10,81.470001,82.349998,81.190002,82.029999,71.285362,8097800
2018-04-11,81.419998,81.910004,81.250000,81.360001,70.703125,6205800
2018-04-12,81.800003,82.300003,81.739998,81.910004,71.181061,5096900
2018-04-13,82.300003,82.370003,81.430000,81.870003,71.146309,7837000
2018-04-16,82.470001,82.820000,82.279999,82.519997,71.711166,7217200
2018-04-17,83.150002,83.339996,82.720001,83.160004,72.267349,6500900
2018-04-18,83.370003,83.519997,82.830002,83.230003,72.328194,4704500
2018-04-19,83.080002,83.160004,82.230003,82.529999,71.719841,5833600
2018-04-20,82.599998,82.720001,81.820000,82.089996,71.337471,5250500
2018-04-23,82.309998,82.669998,82.099998,82.410004,71.615593,9257300
2018-04-24,82.669998,82.730003,81.169998,81.790001,71.076813,8904800
2018-04-25,81.690002,82.199997,81.120003,82.160004,71.398346,8068800
2018-04-26,82.400002,83.519997,82.400002,83.199997,72.302109,9463300
2018-04-27,83.139999,83.669998,82.959999,83.540001,72.597572,6663300
2018-04-30,83.900002,83.949997,82.250000,82.260002,71.485237,7241000
2018-05-01,82.160004,82.449997,81.529999,82.220001,71.450447,8498000
2018-05-02,81.790001,81.849998,80.910004,81.089996,70.468483,11594300
2018-05-03,80.720001,80.730003,79.309998,80.360001,69.834091,13524100
2018-05-04,80.120003,81.269997,79.809998,81.000000,70.390259,7889500
2018-05-07,81.260002,81.580002,80.669998,80.879997,70.285995,5886700
2018-05-08,80.680000,80.750000,79.790001,80.269997,69.755898,9522300
2018-05-09,80.419998,81.080002,79.980003,80.730003,70.155663,11340200
2018-05-10,81.070000,82.169998,81.029999,81.809998,71.094193,7845500
2018-05-11,81.879997,83.190002,81.730003,83.029999,72.154366,10434000
2018-05-14,83.180000,83.930000,83.010002,83.580002,72.632317,11837600
2018-05-15,83.029999,83.129997,82.230003,82.500000,71.693810,8806800
2018-05-16,82.459999,83.250000,82.449997,82.959999,72.093552,7013600
2018-05-17,82.879997,83.129997,82.519997,82.989998,72.119606,6610400
2018-05-18,83.050003,83.370003,82.769997,83.199997,72.302109,5838900
2018-05-21,83.589996,83.750000,83.160004,83.279999,72.371613,6406500
2018-05-22,83.449997,83.550003,82.989998,83.120003,72.232590,5770200
2018-05-23,82.769997,83.419998,82.669998,83.389999,72.467224,8360500
2018-05-24,83.339996,83.480003,82.690002,83.059998,72.180435,7166500
2018-05-25,83.089996,83.459999,82.800003,82.940002,72.076164,6853300
2018-05-29,82.400002,82.550003,81.570000,82.089996,71.337471,18236800
2018-05-30,82.650002,83.510002,82.559998,83.320000,72.406395,13167700
2018-05-31,83.160004,83.230003,82.379997,82.410004,71.615593,11543500
2018-06-01,82.739998,83.389999,82.650002,83.360001,72.441139,8037800
2018-06-04,83.459999,83.790001,83.190002,83.669998,72.710548,7230800
2018-06-05,83.699997,83.879997,83.099998,83.500000,72.562813,5444400
2018-06-06,83.790001,84.529999,83.449997,84.440002,73.379692,7218900
2018-06-07,84.690002,84.769997,84.139999,84.550003,73.475266,7405600
2018-06-08,84.519997,85.099998,84.379997,85.040001,73.901108,6247100
2018-06-11,85.050003,85.610001,84.849998,85.199997,74.040138,7074400
2018-06-12,85.290001,85.290001,84.769997,85.150002,73.996704,6829200
2018-06-13,85.300003,85.720001,85.059998,85.169998,74.014084,10379200
2018-06-14,85.339996,85.660004,85.099998,85.610001,74.396439,9379800
2018-06-15,85.190002,85.500000,84.800003,85.459999,74.541229,9349300
2018-06-18,84.940002,84.940002,84.290001,84.639999,73.825966,7342600
2018-06-19,84.059998,84.889999,83.930000,84.860001,74.017883,6431700
2018-06-20,84.970001,85.239998,84.790001,85.040001,74.174896,5900800
2018-06-21,84.959999,84.970001,84.349998,84.550003,73.747475,7423400
2018-06-22,84.860001,85.260002,84.639999,84.930000,74.078949,9829800
2018-06-25,84.610001,84.940002,83.510002,84.150002,73.398598,9925100
2018-06-26,84.220001,84.279999,83.779999,83.889999,73.171806,5560100
2018-06-27,83.889999,84.320000,83.120003,83.180000,72.552521,7420500
2018-06-28,82.870003,83.500000,82.290001,83.290001,72.648476,9026900
2018-06-29,83.550003,84.199997,83.400002,83.459999,72.796753,6479300
2018-07-02,83.000000,83.769997,82.720001,83.720001,73.023537,9364700
2018-07-03,84.019997,84.309998,83.699997,83.919998,73.197968,3023100
2018-07-05,84.309998,84.879997,84.110001,84.790001,73.956833,7458600
2018-07-06,85.199997,86.160004,85.099998,86.010002,75.020966,9822500
2018-07-09,86.349998,86.809998,86.320000,86.639999,75.570457,7874400
2018-07-10,86.809998,87.010002,86.580002,86.970001,75.858284,6122900
2018-07-11,86.500000,86.589996,86.220001,86.279999,75.256424,6434500
2018-07-12,86.709999,87.300003,86.660004,87.239998,76.093796,4461600
2018-07-13,87.050003,87.589996,87.000000,87.400002,76.233345,6048700
2018-07-16,87.470001,87.470001,86.750000,86.870003,75.771088,5388500
2018-07-17,86.839996,87.480003,86.800003,87.349998,76.189758,5849300
2018-07-18,87.370003,87.440002,87.110001,87.419998,76.250816,7575700
2018-07-19,87.209999,87.389999,86.550003,86.930000,75.823410,5204000
2018-07-20,86.690002,86.889999,86.510002,86.760002,75.675125,4822600
2018-07-23,86.709999,87.050003,86.610001,86.940002,75.832146,3824600
2018-07-24,87.400002,87.879997,87.339996,87.730003,76.521179,6467100
2018-07-25,87.680000,88.870003,87.589996,88.849998,77.498085,9285900
2018-07-26,88.699997,88.910004,88.410004,88.599998,77.280029,5763000
2018-07-27,88.639999,88.639999,87.639999,87.959999,76.721809,5742900
2018-07-30,87.889999,88.180000,87.750000,88.010002,76.765427,5531200
2018-07-31,88.330002,89.050003,88.199997,88.930000,77.567886,6719100
2018-08-01,88.879997,89.279999,88.879997,88.949997,77.585327,5733000
2018-08-02,88.570000,89.470001,88.529999,89.279999,77.873161,5666200
2018-08-03,89.349998,89.879997,89.230003,89.809998,78.335434,5884800
2018-08-06,89.760002,90.169998,89.440002,89.970001,78.475021,4751100
2018-08-07,89.980003,90.279999,89.860001,89.980003,78.483711,5170300
2018-08-08,89.989998,90.250000,89.790001,90.120003,78.605827,5020400
2018-08-09,90.129997,90.379997,89.930000,90.019997,78.518623,5680300
2018-08-10,89.690002,90.160004,89.320000,89.629997,78.178444,5389500
2018-08-13,89.730003,90.089996,89.430000,89.660004,78.204597,6563900
2018-08-14,89.790001,90.239998,89.699997,90.080002,78.570946,5497700
2018-08-15,89.800003,90.040001,89.360001,89.930000,78.440117,6840600
2018-08-16,90.190002,90.930000,90.080002,90.809998,79.207664,6916700
2018-08-17,90.739998,91.370003,90.529999,91.089996,79.451912,5455300
2018-08-20,91.300003,91.559998,91.250000,91.389999,79.713562,8144900
2018-08-21,91.620003,91.660004,91.199997,91.389999,79.713562,6395900
2018-08-22,91.180000,91.680000,91.070000,91.480003,79.792099,3954300
2018-08-23,91.430000,91.669998,91.230003,91.449997,79.765907,6058300
2018-08-24,91.660004,91.889999,91.489998,91.889999,80.149704,4028900
2018-08-27,92.220001,92.290001,91.830002,92.220001,80.437531,4671300
2018-08-28,92.360001,92.389999,92.070000,92.269997,80.481133,4954100
2018-08-29,92.290001,92.970001,92.190002,92.870003,81.004486,5338500
2018-08-30,92.800003,93.110001,92.599998,92.800003,80.943428,5266100
2018-08-31,92.580002,92.860001,92.400002,92.779999,80.925995,5808100
2018-09-04,92.699997,92.760002,91.820000,92.040001,80.280518,6875500
2018-09-05,91.970001,92.410004,91.800003,92.410004,80.603264,10218900
2018-09-06,92.400002,92.599998,91.849998,92.410004,80.603264,5940300
2018-09-07,92.190002,92.639999,92.050003,92.550003,80.725365,5591100
2018-09-10,92.779999,92.949997,92.220001,92.309998,80.516029,4234000
2018-09-11,92.150002,92.410004,91.839996,92.230003,80.446259,5683900
2018-09-12,92.290001,92.860001,92.110001,92.690002,80.847481,11056600
2018-09-13,93.089996,93.839996,93.000000,93.839996,81.850563,10603800
2018-09-14,93.919998,93.919998,93.360001,93.529999,81.580177,5929000
2018-09-17,93.529999,93.540001,93.080002,93.190002,81.283600,5543000
2018-09-18,93.190002,93.970001,93.050003,93.730003,81.754623,5422900
2018-09-19,93.669998,93.870003,93.500000,93.599998,81.641220,4186600
2018-09-20,93.870003,94.570000,93.809998,94.510002,82.434944,5083000
2018-09-21,94.389999,94.480003,94.070000,94.269997,82.546158,8579100
2018-09-24,94.209999,94.650002,94.080002,94.459999,82.712524,5392600
2018-09-25,94.589996,94.730003,94.070000,94.169998,82.458595,5215900
2018-09-26,94.349998,95.120003,94.180000,94.379997,82.642479,10880500
2018-09-27,94.510002,95.120003,94.400002,94.860001,83.062782,7168800
2018-09-28,94.669998,95.209999,94.629997,95.150002,83.316719,5995800
2018-10-01,95.510002,96.059998,95.339996,95.620003,83.728279,7307100
2018-10-02,95.620003,95.699997,95.330002,95.510002,83.631966,5572700
2018-10-03,95.830002,96.000000,95.180000,95.330002,83.474327,6367500
2018-10-04,95.260002,95.300003,93.910004,94.400002,82.660004,10976400
2018-10-05,94.480003,94.970001,93.699997,94.290001,82.563675,12291000
2018-10-08,94.169998,94.519997,93.459999,94.250000,82.528641,11924000
2018-10-09,94.000000,94.739998,93.709999,94.410004,82.668739,7463900
2018-10-10,94.400002,94.510002,92.120003,92.180000,80.716072,22549300
2018-10-11,91.930000,92.139999,89.040001,89.690002,78.535736,46581800
2018-10-12,90.769997,91.410004,90.019997,91.070000,79.744141,20797300
2018-10-15,90.919998,91.320000,90.370003,90.440002,79.192474,13909700
2018-10-16,91.139999,93.080002,91.129997,92.919998,81.364052,13505900
2018-10-17,92.860001,93.639999,92.389999,93.410004,81.793121,14232300
2018-10-18,93.360001,93.370003,91.610001,92.349998,80.864914,14455600
2018-10-19,92.510002,92.830002,91.389999,91.510002,80.129379,11318600
2018-10-22,91.500000,91.669998,90.339996,90.760002,79.472664,8288300
2018-10-23,89.599998,90.709999,88.879997,90.269997,79.043602,15424500
2018-10-24,90.230003,90.750000,87.180000,87.290001,76.434204,17431900
2018-10-25,87.279999,89.029999,86.269997,88.419998,77.423691,15725100
2018-10-26,87.599998,88.220001,86.349998,87.419998,76.548058,25507900
2018-10-29,88.430000,89.080002,86.410004,87.639999,76.740707,14024300
2018-10-30,87.650002,88.720001,87.199997,88.580002,77.563805,15432000
2018-10-31,89.290001,89.650002,88.629997,88.699997,77.668877,13460700
2018-11-01,89.000000,89.970001,88.970001,89.820000,78.649590,9668500
2018-11-02,90.690002,90.839996,88.669998,89.260002,78.159241,12953000
2018-11-05,89.379997,90.449997,89.379997,90.050003,78.850983,7783500
2018-11-06,89.930000,90.610001,89.800003,90.510002,79.253746,7980500
2018-11-07,91.349998,93.250000,91.290001,93.169998,81.582977,13310600
2018-11-08,93.000000,93.559998,92.870003,93.220001,81.626755,7345600
2018-11-09,93.110001,93.260002,92.500000,92.949997,81.390305,8486500
2018-11-12,92.809998,92.949997,91.480003,91.690002,80.287018,8423200
2018-11-13,92.000000,92.370003,90.779999,91.050003,79.726631,14227000
2018-11-14,91.610001,91.620003,89.889999,90.320000,79.087395,11664000
2018-11-15,89.680000,91.230003,88.830002,91.120003,79.787895,15563900
2018-11-16,90.959999,92.480003,90.910004,92.040001,80.593491,11323200
2018-11-19,92.129997,92.190002,90.470001,90.870003,79.568993,8821000
2018-11-20,90.300003,90.970001,89.809998,90.019997,78.824715,11604300
2018-11-21,90.309998,90.320000,89.489998,89.510002,78.378143,9345100
2018-11-23,89.029999,90.180000,88.980003,89.639999,78.491959,3939500
2018-11-26,90.360001,90.750000,89.980003,90.510002,79.253746,7141200
2018-11-27,90.209999,91.449997,89.879997,91.449997,80.076859,9262000
2018-11-28,91.720001,93.680000,91.699997,93.650002,82.003273,11870400
2018-11-29,93.430000,94.510002,93.300003,93.959999,82.274719,8796000
2018-11-30,93.900002,95.870003,93.800003,95.870003,83.947166,15875900
2018-12-03,95.809998,95.809998,94.860001,95.410004,83.544403,12158200
2018-12-04,95.389999,95.919998,93.110001,93.279999,81.679306,15011300
2018-12-06,92.120003,92.930000,90.139999,92.930000,81.372826,18492900
2018-12-07,92.669998,92.800003,90.110001,90.559998,79.297546,14930800
2018-12-10,90.610001,91.250000,88.650002,90.910004,79.604027,15372000
2018-12-11,91.669998,92.279999,90.540001,91.190002,79.849205,13632300
2018-12-12,92.199997,93.169998,91.910004,91.970001,80.532188,12581000
2018-12-13,92.220001,92.730003,91.440002,92.059998,80.611015,11567100
2018-12-14,91.160004,91.239998,88.690002,88.959999,77.896530,19422700
2018-12-17,88.040001,88.779999,86.589996,87.190002,76.346649,22089500
2018-12-18,87.940002,88.099998,85.599998,86.430000,75.681190,24712500
2018-12-19,86.599998,87.639999,84.529999,85.300003,74.691727,23075600
2018-12-20,84.910004,85.260002,83.500000,84.099998,73.640945,25321600
2018-12-21,83.849998,85.269997,82.510002,82.680000,72.726151,28909200
2018-12-24,82.129997,82.440002,80.650002,80.699997,70.984520,14235500
2018-12-26,81.000000,84.300003,80.610001,84.220001,74.080757,20575100
2018-12-27,83.230003,85.199997,82.099998,85.150002,74.898796,14045700
2018-12-28,85.699997,86.440002,84.900002,85.250000,74.986755,15770600
2018-12-31,85.730003,86.589996,85.669998,86.510002,76.095070,10163100
2019-01-02,85.180000,85.830002,84.269997,85.199997,74.942772,14179900
2019-01-03,85.320000,85.500000,83.250000,83.470001,73.421043,17668000
2019-01-04,84.449997,86.430000,84.410004,85.959999,75.611282,16262600
2019-01-07,85.989998,87.099998,85.730003,86.290001,75.901543,12387200
2019-01-08,86.980003,87.250000,86.000000,86.959999,76.490860,13371000
2019-01-09,87.339996,87.860001,87.089996,87.349998,76.833946,11259700
2019-01-10,86.959999,87.580002,86.519997,87.519997,76.983452,10396800
2019-01-11,87.110001,87.839996,86.949997,87.809998,77.238548,7187900
2019-01-14,87.279999,87.320000,86.830002,86.839996,76.385323,5449000
2019-01-15,86.959999,88.419998,86.940002,88.400002,77.757538,10540600
2019-01-16,88.519997,88.900002,88.180000,88.239998,77.616768,8288900
2019-01-17,88.000000,89.389999,87.930000,89.019997,78.302864,8731600
2019-01-18,89.680000,90.129997,89.010002,90.080002,79.235275,13367500
2019-01-22,89.449997,89.620003,88.839996,89.459999,78.689903,12244500
2019-01-23,89.629997,90.050003,88.589996,89.559998,78.777878,7722800
2019-01-24,89.470001,89.550003,88.389999,88.809998,78.118156,11307000
2019-01-25,89.250000,89.250000,88.660004,88.919998,78.214897,7241900
2019-01-28,88.309998,88.400002,87.489998,87.910004,77.326515,7113800
2019-01-29,87.910004,88.410004,87.660004,88.339996,77.704765,11099200
2019-01-30,88.669998,89.800003,88.449997,89.550003,78.769081,11706500
2019-01-31,89.449997,90.879997,89.360001,90.669998,79.754250,13409900
2019-02-01,90.779999,90.959999,90.129997,90.750000,79.824615,9386500
2019-02-04,90.760002,90.760002,89.720001,90.489998,79.595909,9308600
2019-02-05,90.639999,91.150002,90.339996,90.360001,79.481567,8921400
2019-02-06,90.199997,90.809998,90.089996,90.769997,79.842209,6135900
2019-02-07,90.180000,90.330002,89.290001,89.769997,78.962593,9511700
2019-02-08,89.419998,89.949997,89.290001,89.940002,79.112122,7284200
2019-02-11,90.139999,90.199997,89.580002,89.830002,79.015366,5017400
2019-02-12,90.220001,91.110001,90.059998,91.059998,80.097282,9093200
2019-02-13,91.239998,91.529999,90.849998,91.260002,80.273209,6435600
2019-02-14,91.029999,91.879997,90.900002,91.470001,80.457901,6938600
2019-02-15,92.160004,92.900002,91.470001,92.849998,81.671783,8234200
2019-02-19,92.599998,92.989998,92.589996,92.629997,81.478241,6284100
2019-02-20,92.400002,92.639999,92.059998,92.519997,81.381485,6959900
2019-02-21,92.190002,92.250000,91.300003,91.709999,80.669037,8368500
2019-02-22,91.889999,92.629997,91.779999,92.550003,81.407890,6488100
2019-02-25,93.019997,93.239998,92.610001,92.680000,81.522263,7652600
2019-02-26,92.470001,92.720001,92.239998,92.349998,81.231964,7288000
2019-02-27,92.040001,92.360001,91.610001,91.919998,80.853729,9827600
2019-02-28,91.750000,92.250000,91.550003,91.650002,80.616234,9464100
2019-03-01,92.220001,93.080002,92.139999,92.949997,81.759735,10795200
2019-03-04,93.279999,93.449997,91.059998,91.690002,80.651451,15208400
2019-03-05,91.730003,91.970001,91.169998,91.639999,80.607452,13591700
2019-03-06,91.650002,91.769997,90.050003,90.300003,79.428772,11662400
2019-03-07,90.169998,90.360001,89.279999,89.589996,78.804260,14430700
2019-03-08,89.110001,89.449997,88.629997,89.400002,78.637123,11531200
2019-03-11,89.639999,90.500000,89.379997,90.419998,79.534332,9694300
2019-03-12,90.650002,91.290001,90.519997,91.080002,80.114876,8981600
2019-03-13,91.349998,92.309998,91.290001,92.059998,80.976898,10098300
2019-03-14,92.029999,92.150002,91.580002,91.910004,80.844955,9283800
2019-03-15,91.730003,92.139999,91.410004,91.989998,81.216660,10219400
2019-03-18,92.080002,92.169998,91.519997,91.849998,81.093048,7183500
2019-03-19,92.169998,92.839996,91.839996,92.580002,81.737526,11308700
2019-03-20,92.470001,92.580002,91.580002,91.940002,81.172501,11123700
2019-03-21,91.169998,92.440002,91.040001,92.300003,81.490326,7398200
2019-03-22,91.900002,92.239998,90.599998,90.620003,80.007095,12162600
2019-03-25,90.779999,90.860001,89.919998,90.570000,79.962959,9893300
2019-03-26,91.099998,91.769997,90.550003,91.190002,80.510330,8107200
2019-03-27,91.080002,91.290001,89.800003,90.430000,79.839325,10817400
2019-03-28,90.699997,90.910004,90.190002,90.660004,80.042419,6726800
2019-03-29,91.199997,91.830002,91.000000,91.750000,81.004761,10120900
2019-04-01,92.309998,92.449997,91.680000,91.889999,81.128372,9082000
2019-04-02,91.910004,92.050003,91.510002,91.680000,80.942955,7002200
2019-04-03,92.089996,92.139999,91.290001,91.559998,80.836990,7398700
2019-04-04,91.639999,91.750000,90.839996,91.370003,80.669273,9212400
2019-04-05,91.589996,92.160004,91.529999,92.000000,81.225479,6262000
2019-04-08,91.930000,92.070000,91.330002,91.980003,81.207809,5961200
2019-04-09,91.660004,91.940002,91.410004,91.739998,80.995911,7207600
2019-04-10,91.849998,92.019997,91.610001,91.769997,81.022392,5433400
2019-04-11,91.970001,92.019997,90.239998,90.639999,80.024742,8534200
2019-04-12,90.989998,91.019997,89.660004,89.809998,79.291946,11659000
2019-04-15,89.919998,90.239998,89.750000,90.169998,79.609802,7921900
2019-04-16,90.919998,91.029999,88.169998,88.320000,77.976456,14857100
2019-04-17,88.620003,88.639999,85.330002,85.779999,75.733910,34381800
2019-04-18,86.040001,86.449997,84.650002,85.919998,75.857544,35300900
2019-04-22,85.779999,86.470001,85.510002,85.970001,75.901695,18717700
2019-04-23,85.940002,87.790001,85.790001,87.330002,77.102402,30503400
2019-04-24,87.360001,87.540001,86.839996,87.230003,77.014099,14612800
2019-04-25,87.040001,88.389999,86.680000,88.129997,77.808708,16166400
2019-04-26,88.250000,89.040001,88.059998,89.010002,78.585625,11321700
2019-04-29,89.040001,89.199997,88.470001,88.849998,78.444382,13264400
2019-04-30,89.110001,89.430000,88.480003,89.260002,78.806381,11750900
2019-05-01,89.379997,89.730003,88.599998,89.099998,78.665092,25596400
2019-05-02,89.010002,89.570000,88.500000,89.480003,79.000610,18927500
2019-05-03,89.730003,90.190002,89.580002,90.160004,79.600967,13624000
2019-05-06,88.849998,90.849998,88.699997,90.620003,80.007095,25168300
2019-05-07,89.919998,90.360001,88.360001,88.879997,78.470863,18011600
2019-05-08,88.839996,89.480003,88.339996,89.070000,78.638618,13783300
2019-05-09,88.279999,89.169998,87.860001,88.879997,78.470863,15692300
2019-05-10,88.589996,89.139999,87.010002,88.910004,78.497353,17771800
2019-05-13,87.400002,88.860001,86.900002,87.239998,77.022926,17436000
2019-05-14,87.639999,88.290001,87.470001,87.680000,77.411430,13147000
2019-05-15,87.220001,88.239998,86.830002,87.940002,77.640945,10587700
2019-05-16,88.129997,89.389999,88.070000,88.629997,78.250153,15124000
2019-05-17,87.900002,89.139999,87.900002,88.440002,78.082413,13354100
2019-05-20,88.059998,88.680000,87.750000,88.400002,78.047096,10757400
2019-05-21,88.900002,89.610001,88.839996,89.230003,78.779900,11690600
2019-05-22,88.970001,89.940002,88.889999,89.739998,79.230164,9021800
2019-05-23,89.290001,89.430000,88.680000,89.430000,78.956459,13545300
2019-05-24,89.739998,90.099998,89.339996,89.559998,79.071236,9986400
2019-05-28,89.639999,90.180000,88.269997,88.279999,77.941139,20796000
2019-05-29,87.849998,87.860001,86.820000,87.430000,77.190674,16302700
2019-05-30,87.599998,88.050003,87.510002,87.910004,77.614479,12457600
2019-05-31,87.339996,87.690002,86.769997,87.279999,77.058258,10712900
2019-06-03,87.360001,88.239998,87.309998,87.489998,77.243668,19371000
2019-06-04,88.220001,89.089996,88.110001,88.940002,78.523849,15837200
2019-06-05,89.589996,89.820000,88.970001,89.610001,79.115364,24291700
2019-06-06,89.750000,90.430000,89.540001,90.070000,79.521500,18840900
2019-06-07,90.360001,91.230003,90.330002,91.010002,80.351418,9302700
2019-06-10,91.290001,91.580002,90.949997,91.279999,80.589783,8552800
2019-06-11,91.730003,91.959999,90.900002,91.129997,80.457382,8317900
2019-06-12,91.150002,91.599998,91.059998,91.570000,80.845840,5799200
2019-06-13,91.730003,91.730003,91.099998,91.459999,80.748703,9031800
2019-06-14,91.500000,91.769997,91.180000,91.250000,80.563309,5056300
2019-06-17,91.339996,91.720001,91.209999,91.660004,80.925293,4861500
2019-06-18,92.120003,92.760002,91.940002,92.440002,81.613937,7979600
2019-06-19,92.459999,93.480003,92.400002,93.269997,82.346748,6988100
2019-06-20,94.040001,94.330002,93.139999,93.680000,82.708717,9241200
2019-06-21,93.190002,93.910004,92.660004,93.730003,83.105972,9026100
2019-06-24,93.610001,93.669998,93.070000,93.239998,82.671471,6493600
2019-06-25,93.309998,93.739998,92.769997,92.860001,82.334564,14930600
2019-06-26,92.989998,93.000000,91.500000,91.690002,81.297188,10498400
2019-06-27,92.010002,92.510002,91.830002,92.330002,81.864632,7416200
2019-06-28,92.370003,92.720001,91.839996,92.639999,82.139503,9390600
2019-07-01,93.370003,93.410004,92.720001,93.099998,82.547333,7797200
2019-07-02,93.180000,93.599998,92.650002,93.599998,82.990685,7952500
2019-07-03,93.809998,94.419998,93.800003,94.400002,83.700020,4066000
2019-07-05,94.000000,94.230003,93.540001,93.750000,83.123680,5934300
2019-07-08,93.389999,93.419998,92.620003,93.050003,82.503029,15202000
2019-07-09,92.709999,93.239998,92.699997,93.139999,82.582809,5537300
2019-07-10,93.349998,93.709999,93.070000,93.459999,82.866547,5347300
2019-07-11,94.110001,94.150002,92.849998,93.480003,82.884277,13691700
2019-07-12,93.169998,93.190002,91.800003,92.440002,81.962151,11508200
2019-07-15,92.489998,92.860001,92.180000,92.639999,82.139503,5811100
2019-07-16,92.570000,92.699997,92.120003,92.180000,81.731636,9092300
2019-07-17,92.370003,92.680000,92.190002,92.199997,81.749359,9566700
2019-07-18,92.190002,92.870003,91.739998,92.720001,82.210434,6559500
2019-07-19,92.930000,92.970001,91.680000,91.760002,81.359230,8105900
2019-07-22,91.860001,91.919998,91.489998,91.570000,81.190765,5192500
2019-07-23,91.699997,92.279999,91.320000,92.139999,81.696167,6688600
2019-07-24,92.000000,92.199997,91.169998,92.190002,81.740501,5430400
2019-07-25,91.940002,92.290001,91.540001,91.739998,81.341484,6618700
2019-07-26,92.059998,92.239998,91.720001,92.070000,81.634094,3812400
2019-07-29,92.120003,92.519997,91.970001,92.449997,81.971024,5887500
2019-07-30,91.739998,92.089996,91.360001,92.050003,81.616356,7959200
2019-07-31,91.949997,92.330002,90.580002,91.139999,80.809509,8557400
2019-08-01,91.150002,92.239998,90.709999,91.260002,80.915909,16422500
2019-08-02,91.129997,91.410004,90.459999,91.050003,80.729729,15956600
2019-08-05,90.019997,90.379997,88.190002,88.910004,78.832275,17626200
2019-08-06,89.360001,90.080002,88.870003,90.059998,79.851929,10135900
2019-08-07,89.330002,90.339996,88.199997,90.089996,79.878525,12452500
2019-08-08,90.370003,91.379997,90.250000,91.290001,80.942513,12034800
2019-08-09,91.129997,91.980003,90.610001,91.400002,81.040024,7253100
2019-08-12,91.059998,91.400002,90.160004,90.510002,80.250923,7097100
2019-08-13,90.480003,92.169998,90.400002,91.690002,81.297188,12232500
2019-08-14,90.750000,90.970001,89.089996,89.139999,79.036201,16426100
2019-08-15,89.519997,89.790001,88.870003,89.449997,79.311066,12315200
2019-08-16,90.059998,90.790001,90.000000,90.550003,80.286377,10239300
2019-08-19,91.260002,91.650002,91.110001,91.419998,81.057762,6427200
2019-08-20,91.449997,91.639999,90.570000,90.639999,80.366173,4708800
2019-08-21,91.269997,91.529999,91.040001,91.309998,80.960236,5687100
2019-08-22,91.480003,91.690002,90.500000,90.860001,80.561249,6486900
2019-08-23,90.699997,91.040001,88.320000,88.760002,78.699280,9822700
2019-08-26,89.470001,89.760002,89.099998,89.690002,79.523857,8913900
2019-08-27,90.239998,90.550003,89.099998,89.160004,79.053932,8252000
2019-08-28,88.849998,90.000000,88.720001,89.809998,79.630257,5691500
2019-08-29,90.489998,90.750000,89.910004,90.489998,80.233177,4360300
2019-08-30,90.910004,91.089996,90.209999,90.599998,80.330719,4784100
2019-09-03,90.070000,90.500000,89.750000,90.070000,79.860779,6437800
2019-09-04,90.660004,90.709999,89.709999,90.129997,79.913994,9318700
2019-09-05,90.900002,91.220001,90.419998,91.019997,80.703117,7897400
2019-09-06,91.209999,91.529999,91.080002,91.269997,80.924782,13166400
2019-09-09,91.349998,91.379997,90.099998,90.430000,80.179977,10675900
2019-09-10,89.970001,90.699997,89.019997,90.690002,80.410530,8770700
2019-09-11,90.839996,91.620003,90.620003,91.589996,81.208481,8124300
2019-09-12,92.000000,92.379997,91.510002,91.559998,81.181892,9344700
2019-09-13,91.669998,92.250000,91.320000,91.510002,81.137566,6351000
2019-09-16,91.010002,91.540001,90.900002,91.309998,80.960236,6668100
2019-09-17,91.260002,91.699997,91.129997,91.449997,81.084373,3932900
2019-09-18,91.449997,91.559998,90.790001,91.440002,81.075508,5369800
2019-09-19,91.550003,92.279999,91.379997,91.870003,81.456772,5058600
2019-09-20,91.699997,92.430000,91.690002,92.000000,81.910835,8935700
2019-09-23,91.730003,92.059998,91.480003,91.510002,81.474571,4232900
2019-09-24,91.849998,91.910004,90.349998,90.669998,80.726685,10542600
2019-09-25,90.680000,90.760002,90.099998,90.230003,80.334938,7956800
2019-09-26,90.529999,90.559998,89.040001,89.730003,79.889771,10004500
2019-09-27,90.029999,90.160004,89.000000,89.330002,79.533661,10017300
2019-09-30,89.449997,90.680000,89.389999,90.129997,80.245903,8031600
2019-10-01,90.370003,90.570000,89.070000,89.250000,79.462410,13413900
2019-10-02,88.970001,89.150002,87.559998,87.949997,78.304962,13385000
2019-10-03,87.830002,88.769997,87.199997,88.739998,79.008347,11958800
2019-10-04,89.000000,90.180000,88.949997,90.129997,80.245903,9146600
2019-10-07,89.760002,90.419998,89.629997,89.830002,79.978828,8247200
2019-10-08,89.080002,89.120003,88.099998,88.120003,78.456345,10649300
2019-10-09,88.660004,89.019997,88.360001,88.760002,79.026161,7350200
2019-10-10,88.500000,89.510002,88.419998,89.199997,79.417908,8232300
2019-10-11,90.050003,91.000000,89.900002,89.940002,80.076767,10773200
2019-10-14,89.879997,90.339996,89.760002,89.900002,80.041161,4915600
2019-10-15,90.889999,91.860001,90.830002,91.540001,81.501266,12607900
2019-10-16,91.470001,91.889999,91.269997,91.419998,81.394440,7851500
2019-10-17,91.720001,92.360001,91.680000,92.099998,81.999870,7536100
2019-10-18,91.839996,92.239998,91.349998,91.760002,81.697166,6784700
2019-10-21,92.139999,92.279999,91.480003,91.660004,81.608131,4948400
2019-10-22,92.360001,92.949997,91.820000,91.860001,81.786201,8702400
2019-10-23,92.019997,92.699997,91.830002,92.430000,82.293678,5525000
2019-10-24,92.589996,92.690002,91.629997,91.959999,81.875229,6892300
2019-10-25,91.720001,92.309998,91.480003,92.059998,81.964241,5536900
2019-10-28,92.300003,93.199997,92.220001,93.010002,82.810074,6937900
2019-10-29,93.230003,94.480003,93.000000,94.330002,83.985313,13768400
2019-10-30,94.360001,94.900002,93.989998,94.860001,84.457199,10179700
2019-10-31,94.680000,94.809998,94.139999,94.750000,84.359261,9675200
2019-11-01,95.260002,95.669998,94.849998,94.870003,84.466103,14670800
2019-11-04,95.309998,95.360001,94.540001,94.580002,84.207916,9878200
2019-11-05,94.720001,94.730003,93.699997,93.910004,83.611359,13273800
2019-11-06,94.000000,94.410004,93.709999,94.230003,83.896301,13130200
2019-11-07,94.589996,94.739998,94.160004,94.440002,84.083244,7827900
2019-11-08,94.379997,95.150002,94.269997,95.129997,84.697601,7756900
2019-11-11,94.769997,94.970001,94.480003,94.739998,84.350349,6092500
2019-11-12,94.889999,95.650002,94.760002,95.309998,84.857849,13801500
2019-11-13,95.050003,95.650002,94.900002,95.419998,84.955772,6507700
2019-11-14,95.400002,95.570000,94.849998,95.430000,84.964684,6498800
2019-11-15,95.760002,97.629997,95.669998,97.459999,86.772064,11337700
2019-11-18,97.370003,97.930000,97.010002,97.129997,86.478241,11251400
2019-11-19,97.470001,97.930000,97.220001,97.790001,87.065872,10025800
2019-11-20,97.629997,97.970001,97.080002,97.660004,86.950127,12305600
2019-11-21,97.720001,97.980003,97.050003,97.910004,87.172722,9122400
2019-11-22,98.080002,98.400002,97.870003,98.260002,87.484367,6141800
2019-11-25,98.660004,99.430000,98.510002,99.410004,88.508217,11726500
2019-11-26,99.400002,99.559998,99.000000,99.330002,88.436981,11073300
2019-11-27,99.470001,99.989998,99.379997,99.839996,88.891068,6333200
2019-11-29,99.580002,99.809998,99.290001,99.489998,88.579468,2392000
2019-12-02,99.690002,99.720001,98.730003,99.050003,88.187721,6682200
2019-12-03,98.300003,98.910004,98.029999,98.830002,87.991844,7709700
2019-12-04,99.230003,99.879997,99.129997,99.750000,88.810928,6237600
2019-12-05,99.809998,99.900002,98.910004,99.750000,88.810928,7390400
2019-12-06,100.269997,100.750000,100.199997,100.410004,89.398567,5658500
2019-12-09,100.449997,100.470001,99.709999,99.709999,88.775322,5148900
2019-12-10,99.690002,100.019997,99.300003,99.930000,88.971199,6027900
2019-12-11,100.010002,100.269997,99.820000,100.019997,89.051315,6064300
2019-12-12,100.070000,101.279999,100.019997,100.949997,89.879333,9769100
2019-12-13,100.849998,101.470001,100.470001,100.879997,89.817009,6433200
2019-12-16,101.470001,102.339996,101.470001,101.970001,90.787483,7730300
2019-12-17,102.099998,102.250000,101.720001,101.860001,90.689552,4643600
2019-12-18,101.900002,102.199997,101.790001,102.000000,90.814186,5202900
2019-12-19,102.209999,102.510002,102.050003,102.400002,91.170311,6637200
2019-12-20,102.279999,102.930000,102.279999,102.699997,91.815804,8586500
2019-12-23,102.940002,103.220001,102.680000,103.110001,92.182358,4770900
2019-12-24,103.110001,103.239998,102.730003,102.980003,92.066132,2071800
2019-12-26,103.110001,103.230003,102.580002,102.910004,92.003555,2910100
2019-12-27,103.129997,103.139999,102.709999,102.940002,92.030365,3605000
2019-12-30,102.269997,102.489998,101.510002,101.660004,91.477852,5665100
2019-12-31,101.440002,101.949997,101.269997,101.860001,91.657829,4746700
2020-01-02,102.169998,102.290001,101.400002,102.129997,91.900787,6277400
2020-01-03,100.949997,101.820000,100.449997,101.239998,91.099930,8247500
2020-01-06,100.779999,101.900002,100.750000,101.870003,91.666847,6441800
2020-01-07,101.589996,101.760002,101.099998,101.669998,91.486870,6335300
2020-01-08,101.720001,102.790001,101.680000,102.330002,92.080742,7494700
2020-01-09,102.639999,103.050003,102.419998,102.769997,92.476662,6660600
2020-01-10,103.160004,103.330002,102.620003,102.800003,92.503677,9300300
2020-01-13,102.970001,102.989998,102.089996,102.440002,92.179756,7621700
2020-01-14,102.129997,103.080002,101.949997,103.059998,92.737648,7294900
2020-01-15,103.180000,104.220001,103.099998,103.949997,93.538490,7521800
2020-01-16,104.379997,104.559998,103.970001,104.489998,94.024422,5479900
2020-01-17,104.230003,104.650002,104.230003,104.489998,94.024422,6533400
2020-01-21,104.250000,104.839996,104.209999,104.599998,94.123383,6644800
2020-01-22,104.830002,105.080002,104.589996,104.730003,94.240395,9431500
2020-01-23,104.550003,104.699997,103.480003,104.199997,93.763443,8522600
2020-01-24,104.320000,104.370003,102.199997,102.459999,92.197731,15962700
2020-01-27,101.220001,102.070000,101.080002,101.680000,91.495872,11762300
2020-01-28,101.980003,102.580002,101.699997,102.180000,91.945786,8079900
2020-01-29,102.279999,102.639999,101.879997,101.900002,91.693825,6435700
2020-01-30,101.150002,101.220001,100.290001,101.160004,91.027939,10989400
2020-01-31,100.760002,100.839996,98.809998,99.139999,89.210251,14476700
2020-02-03,99.830002,100.760002,99.830002,100.040001,90.020103,11850600
2020-02-04,101.290001,102.209999,101.269997,101.800003,91.603844,9575100
2020-02-05,102.279999,104.120003,102.269997,103.760002,93.367546,14131000
2020-02-06,104.239998,104.239998,103.400002,103.849998,93.448524,6166500
2020-02-07,103.860001,103.949997,102.879997,103.040001,92.719658,6057200
2020-02-10,102.660004,103.589996,102.580002,103.589996,93.214561,4010100
2020-02-11,103.949997,104.300003,103.739998,104.209999,93.772476,10277100
2020-02-12,104.599998,104.839996,103.919998,104.339996,93.889435,4705700
2020-02-13,103.959999,104.279999,103.639999,103.849998,93.448524,4778500
2020-02-14,103.959999,104.000000,103.419998,103.930000,93.520493,5114200
2020-02-18,103.930000,104.059998,103.220001,103.559998,93.187561,8409300
2020-02-19,103.830002,104.190002,103.730003,104.040001,93.619492,6427900
2020-02-20,103.800003,103.900002,102.430000,103.370003,93.016586,8080900
2020-02-21,102.970001,103.529999,102.610001,103.430000,93.070580,6510800
2020-02-24,100.930000,101.610001,99.690002,100.169998,90.137100,16284500
2020-02-25,100.529999,100.750000,96.790001,97.129997,87.401566,20301600
2020-02-26,97.669998,98.820000,96.910004,97.120003,87.392586,13721600
2020-02-27,96.070000,97.339996,93.800003,93.820000,84.423103,22047900
2020-02-28,91.349998,92.660004,89.980003,92.610001,83.334274,27750600
2020-03-02,92.639999,97.099998,92.320000,96.949997,87.239624,22359400
2020-03-03,97.190002,98.889999,93.269997,94.540001,85.070992,33385500
2020-03-04,97.379997,100.150002,97.180000,99.989998,89.975121,26418700
2020-03-05,97.849998,99.190002,96.559998,97.669998,87.887497,17873000
2020-03-06,94.989998,97.500000,94.599998,97.150002,87.419571,17917700
2020-03-09,91.389999,94.279999,90.010002,92.099998,82.875366,21968500
2020-03-10,94.760002,95.419998,90.940002,95.260002,85.718895,26473200
2020-03-11,93.010002,93.669998,90.449997,91.620003,82.443451,23217900
2020-03-12,86.010002,89.730003,82.900002,84.779999,76.288536,20652200
2020-03-13,88.720001,90.900002,84.160004,90.660004,81.579605,29162800
2020-03-16,82.519997,87.050003,80.669998,81.720001,73.535042,21474800
2020-03-17,83.410004,87.550003,82.349998,86.849998,78.151199,27899700
2020-03-18,82.400002,85.300003,79.919998,83.970001,75.559685,28931000
2020-03-19,83.029999,84.260002,81.330002,82.250000,74.011932,27121100
2020-03-20,82.959999,83.809998,78.639999,79.089996,71.168472,22004900
2020-03-23,78.199997,78.309998,73.540001,74.620003,67.472054,33633000
2020-03-24,78.150002,80.529999,77.570000,80.370003,72.671257,16775800
2020-03-25,79.839996,84.089996,78.870003,81.440002,73.638756,16851800
2020-03-26,82.169998,87.309998,82.010002,86.849998,78.530495,18822500
2020-03-27,84.339996,87.230003,84.279999,84.989998,76.848679,13043200
2020-03-30,86.519997,89.139999,86.510002,88.970001,80.447433,13766700
2020-03-31,89.050003,89.529999,87.639999,88.580002,80.094795,13584900
2020-04-01,85.620003,86.389999,84.389999,85.209999,77.047607,15255200
2020-04-02,84.779999,87.769997,83.930000,87.570000,79.181549,13588000
2020-04-03,87.290001,88.120003,85.800003,86.779999,78.467209,12934200
2020-04-06,89.540001,91.849998,89.139999,91.330002,82.581390,13472900
2020-04-07,93.650002,93.820000,90.489998,90.580002,81.903221,16699200
2020-04-08,91.360001,94.860001,90.220001,94.309998,85.275902,32624300
2020-04-09,95.169998,95.349998,93.970001,94.830002,85.746101,12982500
2020-04-13,94.489998,94.820000,92.660004,94.000000,84.995613,9606600
2020-04-14,95.839996,97.470001,95.519997,97.120003,87.816734,12830800
2020-04-15,95.830002,97.190002,95.290001,96.620003,87.364632,11019000
2020-04-16,97.339996,98.980003,97.029999,98.730003,89.272514,11331600
2020-04-17,101.129997,101.129997,99.389999,100.779999,91.126137,11504400
2020-04-20,99.820000,101.410004,99.709999,99.980003,90.402771,10558100
2020-04-21,98.269997,98.830002,96.620003,96.940002,87.653992,9291400
2020-04-22,98.349998,99.029999,97.739998,98.419998,88.992203,11994100
2020-04-23,98.940002,100.489998,98.739998,98.959999,89.480476,16013300
2020-04-24,99.559998,100.489998,98.940002,100.290001,90.683083,7853300
2020-04-27,100.989998,102.010002,100.830002,101.580002,91.849525,8022100
2020-04-28,102.260002,102.260002,99.410004,99.529999,89.995880,11517500
2020-04-29,101.059998,101.059998,99.540001,100.190002,90.592651,9939900
2020-04-30,99.760002,100.379997,99.209999,99.730003,90.176704,12768900
2020-05-01,98.589996,98.769997,96.949997,97.830002,88.458733,10102000
2020-05-04,97.529999,98.000000,96.889999,97.779999,88.413506,8991300
2020-05-05,98.639999,100.620003,98.389999,99.900002,90.330437,11498300
2020-05-06,100.419998,100.489998,98.860001,98.910004,89.435272,9493200
2020-05-07,99.919998,99.930000,98.779999,98.900002,89.426247,9453900
2020-05-08,99.959999,100.000000,99.110001,99.410004,89.887367,10374500
2020-05-11,99.000000,101.379997,99.000000,101.120003,91.433594,15115100
2020-05-12,101.709999,101.800003,99.570000,99.580002,90.041069,18471000
2020-05-13,99.449997,100.220001,97.709999,98.500000,89.064537,12667200
2020-05-14,97.589996,99.629997,97.570000,99.580002,90.041069,12021400
2020-05-15,99.300003,100.510002,99.070000,100.419998,90.800621,15170200
2020-05-18,102.300003,102.769997,101.190002,101.250000,91.551102,10557300
2020-05-19,100.930000,101.449997,100.019997,100.029999,90.447968,10561400
2020-05-20,100.790001,101.169998,99.919998,100.150002,90.556488,10058000
2020-05-21,99.870003,99.930000,98.830002,99.410004,89.887367,12259500
2020-05-22,99.419998,99.699997,98.900002,99.620003,90.077255,10233200
2020-05-26,101.190002,101.279999,99.279999,99.440002,89.914467,10828800
2020-05-27,99.580002,100.470001,98.070000,100.470001,90.845833,15551900
2020-05-28,101.290001,102.800003,101.260002,101.779999,92.030334,11707700
2020-05-29,102.220001,103.230003,100.690002,103.010002,93.142540,19055300
2020-06-01,102.360001,102.480003,101.349998,101.989998,92.220238,8436200
2020-06-02,102.029999,102.629997,101.419998,102.580002,92.753708,13162300
2020-06-03,102.879997,102.980003,101.949997,102.379997,92.572868,10020900
2020-06-04,101.760002,102.470001,100.919998,101.570000,91.840462,10848300
2020-06-05,102.209999,104.040001,101.680000,103.209999,93.323364,14579500
2020-06-08,102.800003,103.959999,102.550003,103.919998,93.965355,8191300
2020-06-09,103.709999,104.220001,102.720001,102.839996,92.988823,10371100
2020-06-10,103.180000,103.519997,102.230003,102.680000,92.844116,10519700
2020-06-11,101.790001,101.980003,96.629997,96.970001,87.681129,39561900
2020-06-12,99.000000,99.320000,95.919998,97.599998,88.250763,19397200
2020-06-15,96.139999,98.379997,95.419998,97.820000,88.449699,14521800
2020-06-16,100.120003,100.870003,98.580002,100.230003,90.628815,13272800
2020-06-17,100.730003,100.910004,99.779999,100.129997,90.538422,9086200
2020-06-18,99.559998,100.019997,99.160004,99.790001,90.230980,7115200
2020-06-19,100.930000,101.339996,99.709999,100.750000,91.099007,12177000
2020-06-22,99.910004,100.080002,98.910004,99.940002,90.749420,6889200
2020-06-23,100.629997,101.230003,100.180000,100.370003,91.139885,5369900
2020-06-24,99.620003,99.820000,97.040001,97.750000,88.760796,15739700
2020-06-25,97.660004,98.830002,96.839996,98.709999,89.632530,10506300
2020-06-26,98.529999,98.779999,97.040001,97.510002,88.542870,16631400
2020-06-29,98.279999,98.570000,97.519997,98.389999,89.341942,7490200
2020-06-30,98.419998,100.599998,98.129997,100.070000,90.867470,9183000
2020-07-01,100.540001,101.260002,99.910004,100.839996,91.566650,10932800
2020-07-02,101.730003,102.180000,101.379997,101.599998,92.256752,6502400
2020-07-06,102.769997,103.220001,102.139999,102.629997,93.192032,6374400
2020-07-07,101.879997,102.970001,101.599998,101.739998,92.383873,5913200
2020-07-08,102.089996,102.400002,101.070000,101.750000,92.392967,5624900
2020-07-09,101.639999,102.019997,99.680000,100.949997,91.666527,10521700
2020-07-10,101.029999,101.129997,99.970001,100.709999,91.448593,10502700
2020-07-13,101.290001,103.150002,101.019997,101.279999,91.966194,10167200
2020-07-14,101.040001,103.459999,100.849998,103.290001,93.791336,10889900
2020-07-15,104.050003,104.930000,103.830002,104.629997,95.008102,9606900
2020-07-16,104.529999,104.540001,103.720001,104.459999,94.853767,6412200
2020-07-17,105.010002,106.250000,104.860001,105.889999,96.152260,7548600
2020-07-20,106.129997,106.489998,105.519997,105.870003,96.134102,6776300
2020-07-21,106.230003,106.629997,105.580002,105.800003,96.070526,7458600
2020-07-22,106.279999,106.930000,105.730003,106.750000,96.933167,5648400
2020-07-23,107.089996,107.529999,105.919998,106.269997,96.497314,6970100
2020-07-24,106.099998,106.160004,104.430000,105.099998,95.434891,6241000
2020-07-27,105.059998,106.160004,104.730003,105.889999,96.152260,5934200
2020-07-28,105.940002,106.470001,105.570000,105.769997,96.043282,6239400
2020-07-29,106.010002,107.309998,105.940002,106.879997,97.051193,5449800
2020-07-30,105.849998,106.320000,105.000000,106.139999,96.379257,5349200
2020-07-31,105.809998,106.099998,104.150002,105.529999,95.825356,6920400
2020-08-03,106.190002,106.970001,106.000000,106.620003,96.815132,8811800
2020-08-04,106.379997,106.629997,105.489998,106.150002,96.388351,6092900
2020-08-05,106.730003,106.830002,106.370003,106.639999,96.833260,4406600
2020-08-06,106.510002,106.959999,105.300003,106.070000,96.315681,5369700
2020-08-07,105.959999,106.430000,105.660004,106.410004,96.624428,4274000
2020-08-10,106.430000,106.519997,105.769997,106.050003,96.297516,4640200
2020-08-11,106.639999,106.739998,105.129997,105.379997,95.689148,8115900
2020-08-12,105.949997,107.489998,105.910004,107.150002,97.296387,8205500
2020-08-13,107.019997,107.120003,106.290001,107.010002,97.169250,5323300
2020-08-14,106.809998,107.279999,106.389999,106.800003,96.978561,3826200
2020-08-17,106.989998,107.839996,106.940002,107.430000,97.550621,4610200
2020-08-18,107.650002,107.830002,106.839996,107.400002,97.523392,4220500
2020-08-19,107.500000,107.800003,106.820000,107.050003,97.205574,6308100
2020-08-20,106.580002,106.949997,106.430000,106.709999,96.896843,4938300
2020-08-21,106.540001,106.959999,105.989998,106.820000,96.996719,6466700
2020-08-24,107.330002,107.370003,105.680000,106.330002,96.551796,6363200
2020-08-25,106.870003,107.089996,106.459999,107.050003,97.205574,5096500
2020-08-26,106.830002,107.040001,105.769997,106.919998,97.087532,6995300
2020-08-27,107.099998,108.260002,106.339996,107.760002,97.850288,7775200
2020-08-28,108.059998,108.059998,107.199997,108.000000,98.068199,5159600
2020-08-31,107.769997,108.779999,107.680000,108.260002,98.304298,6721100
2020-09-01,108.120003,108.290001,106.639999,107.290001,97.423492,10999300
2020-09-02,107.389999,109.730003,106.940002,109.440002,99.375786,8495800
2020-09-03,109.580002,109.739998,105.699997,106.459999,96.669830,13337300
2020-09-04,106.830002,107.019997,104.410004,105.699997,95.979721,14715500
2020-09-08,105.529999,105.570000,103.669998,103.959999,94.399727,9660200
2020-09-09,104.739998,106.669998,104.720001,105.800003,96.070526,8200800
2020-09-10,106.099998,106.099998,103.900002,104.180000,94.599495,9186200
2020-09-11,104.669998,105.089996,103.790001,104.589996,94.971802,8764300
2020-09-14,105.440002,106.660004,105.230003,106.089996,96.333839,5846900
2020-09-15,106.639999,107.080002,105.959999,106.230003,96.460991,5580500
2020-09-16,106.800003,107.010002,105.930000,106.050003,96.297516,7193300
2020-09-17,105.070000,106.059998,104.730003,105.699997,95.979721,7597300
2020-09-18,105.830002,106.220001,104.559998,105.540001,95.834427,8649300
2020-09-21,103.720001,103.720001,101.739998,103.180000,94.064011,8783000
2020-09-22,103.010002,103.279999,102.029999,102.959999,93.863449,7833300
2020-09-23,103.389999,103.430000,101.800003,101.900002,92.897102,7681900
2020-09-24,101.540001,101.900002,100.769997,101.389999,92.432152,8434600
2020-09-25,101.040001,103.300003,100.930000,103.019997,93.918137,6769000
2020-09-28,104.010002,104.760002,103.750000,103.949997,94.765991,6511100
2020-09-29,104.129997,104.660004,103.410004,103.820000,94.647476,5402700
2020-09-30,104.139999,106.330002,104.120003,105.480003,96.160805,7565500
2020-10-01,105.970001,106.400002,104.669998,105.120003,95.832619,9113200
2020-10-02,104.120003,105.209999,103.709999,104.160004,94.957436,8628700
2020-10-05,104.910004,106.410004,104.879997,106.300003,96.908363,6661200
2020-10-06,106.599998,106.660004,104.790001,104.889999,95.622932,7747200
2020-10-07,105.629997,107.199997,105.610001,106.870003,97.428009,7873100
2020-10-08,107.489998,107.739998,107.160004,107.389999,97.902061,5942700
2020-10-09,107.989998,108.680000,107.709999,108.360001,98.786354,5636300
2020-10-12,108.849998,109.529999,108.489998,109.099998,99.460991,5065000
2020-10-13,108.449997,109.019997,107.989998,108.269997,98.704315,6773600
2020-10-14,108.230003,108.680000,107.300003,107.639999,98.129967,5999900
2020-10-15,106.309998,107.059998,106.129997,106.860001,97.418884,6197700
2020-10-16,107.209999,108.720001,107.169998,107.919998,98.385223,7462100
2020-10-19,108.199997,108.529999,105.849998,106.209999,96.826309,8308500
2020-10-20,106.589996,107.230003,106.169998,106.349998,96.953926,7421100
2020-10-21,106.339996,106.639999,105.570000,105.820000,96.470764,5474300
2020-10-22,105.970001,107.610001,105.959999,107.419998,97.929413,6127100
2020-10-23,107.959999,108.599998,107.209999,107.820000,98.294083,5697900
2020-10-26,106.949997,107.080002,105.599998,106.620003,97.200111,8135500
2020-10-27,106.230003,106.760002,105.830002,105.889999,96.534607,6893100
2020-10-28,104.139999,104.769997,102.400002,102.529999,93.471428,11431700
2020-10-29,102.459999,102.910004,101.059998,101.690002,92.705681,15974200
2020-10-30,101.559998,102.160004,100.309998,101.660004,92.678299,10741700
2020-11-02,103.160004,103.730003,102.410004,103.489998,94.346611,10287300
2020-11-03,104.760002,106.139999,104.680000,105.000000,95.723228,9812900
2020-11-04,107.989998,111.419998,107.779999,109.660004,99.971504,25531500
2020-11-05,111.169998,111.250000,109.680000,109.879997,100.172058,12864800
2020-11-06,110.000000,110.669998,109.209999,109.919998,100.208527,12311200
2020-11-09,113.919998,114.410004,110.809998,110.949997,101.147507,20443000
2020-11-10,111.459999,111.669998,110.070000,111.269997,101.439247,12526500
2020-11-11,112.160004,112.160004,110.589996,111.129997,101.311623,9935400
2020-11-12,110.919998,111.360001,109.980003,110.720001,100.937859,7856300
2020-11-13,111.269997,112.550003,111.070000,112.120003,102.214149,6576100
2020-11-16,113.010002,113.190002,111.370003,111.930000,102.040939,7586000
2020-11-17,111.360001,111.610001,110.669998,111.199997,101.375435,8898100
2020-11-18,111.440002,111.480003,109.099998,109.129997,99.488312,9849900
2020-11-19,109.129997,109.220001,108.239998,109.050003,99.415390,10410900
2020-11-20,108.800003,109.309998,108.419998,108.800003,99.187477,7674500
2020-11-23,109.339996,109.400002,107.839996,108.519997,98.932205,7747700
2020-11-24,109.050003,109.580002,108.470001,108.839996,99.223953,9615900
2020-11-25,108.970001,109.050003,107.989998,108.440002,98.859306,11671800
2020-11-27,108.879997,109.519997,108.529999,109.440002,99.770958,4443900
2020-11-30,109.480003,109.839996,108.900002,109.739998,100.044411,12723400
2020-12-01,110.800003,111.870003,110.470001,110.660004,100.883156,12682400
2020-12-02,110.739998,111.680000,110.669998,111.489998,101.639832,8552400
2020-12-03,111.449997,111.790001,110.870003,111.349998,101.512184,9795700
2020-12-04,111.389999,112.559998,111.250000,112.540001,102.597054,7859600
2020-12-07,112.419998,112.519997,111.440002,111.849998,101.968010,5803200
2020-12-08,111.580002,112.790001,111.540001,112.699997,102.742928,7953200
2020-12-09,113.150002,113.160004,111.809998,112.309998,102.387375,7386400
2020-12-10,112.290001,112.739998,111.889999,112.120003,102.214149,5411000
2020-12-11,111.660004,111.930000,110.910004,111.680000,101.813042,5222400
2020-12-14,112.529999,113.089996,110.769997,110.839996,101.047256,8469300
2020-12-15,111.610001,112.279999,111.019997,112.040001,102.141243,5007500
2020-12-16,111.940002,112.339996,111.230003,111.709999,101.840393,5355400
2020-12-17,111.889999,112.980003,111.879997,112.910004,102.934364,4263700
2020-12-18,113.019997,113.269997,111.790001,113.000000,103.016403,7876700
2020-12-21,110.870003,111.510002,109.370003,111.410004,101.985657,6129600
2020-12-22,111.209999,111.470001,110.440002,111.070000,101.674423,13104100
2020-12-23,111.459999,111.970001,111.070000,111.150002,101.747665,3920700
2020-12-24,111.199997,111.680000,111.050003,111.470001,102.040596,1674700
2020-12-28,112.050003,112.300003,111.449997,111.750000,102.296913,4390100
2020-12-29,112.269997,112.790001,111.900002,112.279999,102.782089,5053300
2020-12-30,112.510002,112.889999,112.139999,112.260002,102.763756,3563700
2020-12-31,112.269997,113.620003,111.900002,113.440002,103.843948,5581200
2021-01-04,113.879997,113.900002,111.110001,112.949997,103.395409,12911800
2021-01-05,112.750000,114.160004,112.269997,113.769997,104.146019,11081900
2021-01-06,112.180000,115.629997,112.180000,115.330002,105.574074,17833700
2021-01-07,115.480003,117.000000,115.300003,116.830002,106.947182,12407100
2021-01-08,117.040001,117.910004,116.279999,117.389999,107.459808,9350600
2021-01-11,117.419998,118.129997,117.269997,117.940002,107.963272,6428200
2021-01-12,117.709999,117.839996,116.129997,116.660004,106.791565,9225500
2021-01-13,116.599998,117.379997,116.169998,116.980003,107.084496,5259600
2021-01-14,117.169998,117.610001,116.470001,116.610001,106.745781,5792300
2021-01-15,116.290001,117.239998,115.830002,116.970001,107.075333,10335200
2021-01-19,117.900002,118.230003,117.230003,117.849998,107.880882,6194500
2021-01-20,118.050003,118.690002,117.339996,118.500000,108.475914,6872000
2021-01-21,118.349998,118.470001,117.540001,117.940002,107.963272,5796200
2021-01-22,117.589996,118.250000,117.440002,117.589996,107.642906,4796400
2021-01-25,117.660004,118.430000,117.419998,118.360001,108.347755,6962000
2021-01-26,118.699997,118.989998,117.860001,117.919998,107.944977,5504000
2021-01-27,116.620003,116.620003,114.050003,114.339996,104.667809,13096900
2021-01-28,115.309998,117.470001,115.089996,116.010002,106.196541,12626100
2021-01-29,115.839996,116.660004,114.099998,115.029999,105.299469,10462400
2021-02-01,115.970001,116.349998,115.290001,115.470001,105.702232,10105300
2021-02-02,116.379997,116.949997,115.769997,115.800003,106.004311,11515700
2021-02-03,115.800003,115.860001,114.620003,114.980003,105.253662,11280300
2021-02-04,114.980003,115.930000,114.730003,115.459999,105.693069,8451500
2021-02-05,116.250000,116.430000,115.389999,115.669998,105.885307,5557000
2021-02-08,116.080002,116.239998,115.470001,115.809998,106.013489,6956700
2021-02-09,115.800003,116.089996,115.690002,115.980003,106.169098,4730300
2021-02-10,116.820000,116.849998,115.779999,116.190002,106.361328,5406400
2021-02-11,116.599998,116.699997,115.860001,116.410004,106.562721,4684000
2021-02-12,116.180000,117.410004,116.029999,117.279999,107.359108,6345300
2021-02-16,117.430000,117.540001,115.739998,116.120003,106.297249,9531900
2021-02-17,115.739998,116.599998,115.610001,116.540001,106.681702,5022200
2021-02-18,115.970001,116.279999,115.330002,115.809998,106.013489,7756600
2021-02-19,115.900002,115.989998,114.309998,114.410004,104.731895,9390800
2021-02-22,113.860001,114.489998,113.120003,114.139999,104.484734,7213300
2021-02-23,114.059998,114.760002,113.419998,113.949997,104.310806,8731500
2021-02-24,114.080002,115.360001,113.720001,114.739998,105.033981,9842000
2021-02-25,114.580002,115.040001,113.010002,113.589996,103.981262,14494800
2021-02-26,113.989998,113.989998,112.320000,112.610001,103.084167,14687000
2021-03-01,113.529999,114.610001,113.500000,114.080002,104.429817,7361800
2021-03-02,114.320000,114.589996,113.639999,113.750000,104.127747,8456100
2021-03-03,113.330002,113.449997,112.050003,112.309998,102.809540,14946600
2021-03-04,112.059998,112.800003,109.930000,110.800003,101.427254,23441700
2021-03-05,111.449997,113.379997,110.550003,113.019997,103.459473,15645200
2021-03-08,113.110001,114.529999,112.599998,112.739998,103.203171,12691800
2021-03-09,113.570000,115.199997,113.349998,113.400002,103.807320,11022300
2021-03-10,114.150002,114.800003,113.620003,113.660004,104.045341,11641100
2021-03-11,114.050003,114.980003,113.889999,114.349998,104.676956,6549400
2021-03-12,114.110001,114.760002,113.930000,114.599998,104.905807,7452400
2021-03-15,114.389999,115.419998,114.260002,115.389999,105.628990,7119100
2021-03-16,115.510002,115.720001,114.900002,115.320000,105.564919,8618600
2021-03-17,114.820000,115.470001,114.209999,114.900002,105.180443,7524900
2021-03-18,114.370003,115.599998,114.320000,114.660004,104.960739,8553300
2021-03-19,114.779999,115.750000,114.199997,115.070000,105.336060,12595800
2021-03-22,114.599998,115.750000,114.029999,115.669998,106.252815,6156800
2021-03-23,115.529999,115.720001,114.209999,114.500000,105.178062,9170500
2021-03-24,114.559998,115.250000,114.339996,114.370003,105.058640,12647000
2021-03-25,114.540001,115.070000,113.349998,114.849998,105.499573,11505300
2021-03-26,115.139999,117.169998,114.830002,117.019997,107.492905,8286500
2021-03-29,116.550003,117.970001,116.510002,117.570000,107.998116,8958900
2021-03-30,117.250000,117.250000,116.239998,116.510002,107.024422,6865700
2021-03-31,116.760002,117.449997,116.559998,116.739998,107.235695,8504100
2021-04-01,116.930000,117.040001,116.019997,116.389999,106.914192,6676400
2021-04-05,116.980003,117.559998,116.790001,117.199997,107.658234,7190900
2021-04-06,117.349998,117.690002,116.580002,116.750000,107.244865,5206700
2021-04-07,116.680000,117.080002,116.190002,116.489998,107.006058,5753200
2021-04-08,116.830002,117.180000,116.510002,116.669998,107.171387,4292400
2021-04-09,116.739998,118.019997,116.669998,117.949997,108.347183,5919100
2021-04-12,117.779999,118.309998,117.650002,118.070000,108.457405,8279500
2021-04-13,117.699997,118.889999,117.589996,118.559998,108.907524,6519600
2021-04-14,118.419998,119.029999,118.339996,118.550003,108.898331,6226600
2021-04-15,119.019997,120.930000,119.019997,120.580002,110.763062,8438300
2021-04-16,121.199997,121.620003,120.779999,121.480003,111.589790,7447400
2021-04-19,121.250000,121.540001,120.889999,121.510002,111.617348,7094300
2021-04-20,120.949997,122.290001,120.949997,121.980003,112.049080,8063900
2021-04-21,122.360001,123.489998,122.300003,123.419998,113.371849,9635900
2021-04-22,123.320000,123.599998,122.400002,122.870003,112.866631,10030800
2021-04-23,122.809998,123.959999,122.550003,123.680000,113.610672,4974500
2021-04-26,123.610001,123.620003,123.029999,123.260002,113.224876,6907100
2021-04-27,122.949997,122.970001,122.349998,122.550003,112.572701,7034700
2021-04-28,122.349998,122.489998,121.959999,122.180000,112.232796,6788100
2021-04-29,122.309998,122.339996,121.029999,121.690002,111.782684,8148900
2021-04-30,121.209999,121.919998,121.110001,121.330002,111.451996,7153400
2021-05-03,121.989998,122.839996,121.820000,122.709999,112.719658,13179100
2021-05-04,122.529999,122.930000,122.000000,122.839996,112.839066,16186300
2021-05-05,123.010002,123.440002,122.809998,123.059998,113.041161,16713700
2021-05-06,122.360001,123.230003,121.730003,123.220001,113.188126,16115000
2021-05-07,123.510002,124.720001,123.459999,124.070000,113.968925,7576700
2021-05-10,124.519997,125.190002,124.180000,124.230003,114.115906,8846700
2021-05-11,123.580002,124.099998,122.610001,122.889999,112.884995,11357800
2021-05-12,122.230003,122.839996,121.610001,121.730003,111.819427,10946500
2021-05-13,121.949997,123.389999,121.760002,122.830002,112.829895,11228000
2021-05-14,123.540001,123.860001,123.139999,123.449997,113.399391,6590400
2021-05-17,123.309998,123.879997,123.139999,123.220001,113.188126,5997700
2021-05-18,123.180000,123.970001,122.769997,123.260002,113.224876,9202000
2021-05-19,122.459999,123.129997,121.589996,123.050003,113.031960,10063000
2021-05-20,123.010002,124.870003,123.010002,124.339996,114.216934,7522700
2021-05-21,124.750000,125.660004,124.260002,124.360001,114.235321,8423300
2021-05-24,125.000000,125.250000,124.430000,124.480003,114.345543,4958800
2021-05-25,124.660004,124.669998,123.970001,124.110001,114.005684,6798500
2021-05-26,124.080002,124.120003,122.860001,123.389999,113.344284,6848800
2021-05-27,123.650002,123.750000,123.050003,123.120003,113.096283,8102900
2021-05-28,123.589996,124.620003,123.519997,123.599998,113.537186,10059900
2021-06-01,123.750000,123.790001,121.470001,121.570000,111.672470,13368300
2021-06-02,121.680000,121.989998,121.040001,121.330002,111.451996,13245100
2021-06-03,120.879997,122.019997,120.610001,121.699997,111.791885,13244400
2021-06-04,122.339996,122.699997,121.949997,122.089996,112.150124,11228900
2021-06-07,122.389999,123.610001,122.180000,122.529999,112.554321,13978500
2021-06-08,122.830002,122.900002,121.209999,122.150002,112.205231,10799500
2021-06-09,122.459999,123.540001,122.459999,123.330002,113.289162,7965600
2021-06-10,123.629997,125.580002,123.580002,125.440002,115.227386,9350900
2021-06-11,125.250000,125.309998,123.919998,124.550003,114.409843,6958100
2021-06-14,124.480003,124.680000,123.779999,124.660004,114.510902,5156000
2021-06-15,124.790001,124.980003,124.169998,124.699997,114.547646,5409100
2021-06-16,124.830002,125.459999,123.870003,124.220001,114.106705,11653200
2021-06-17,124.000000,125.500000,123.980003,125.169998,114.979378,6527000
2021-06-18,124.239998,124.410004,123.570000,123.739998,113.665794,11152600
2021-06-21,123.650002,124.970001,123.199997,124.739998,115.031525,6655400
2021-06-22,124.820000,125.180000,124.400002,125.010002,115.280510,7194000
2021-06-23,124.839996,125.129997,124.440002,124.489998,114.800972,6506600
2021-06-24,125.220001,126.010002,124.989998,125.129997,115.391167,7029200
2021-06-25,125.080002,126.080002,125.010002,125.699997,115.916809,8344200
2021-06-28,125.830002,126.050003,125.410004,125.889999,116.092018,4631400
2021-06-29,125.900002,126.419998,125.739998,126.029999,116.221115,6165500
2021-06-30,125.900002,126.209999,125.470001,125.949997,116.147339,8542700
2021-07-01,126.040001,127.160004,125.989998,127.070000,117.180176,12021000
2021-07-02,127.230003,128.410004,127.010002,128.289993,118.305222,12327900
2021-07-06,127.910004,128.179993,127.260002,128.169998,118.194572,11413100
2021-07-07,128.179993,128.979996,127.709999,128.979996,118.941528,18435700
2021-07-08,127.779999,128.369995,127.110001,128.270004,118.286781,8386600
2021-07-09,128.729996,129.100006,128.419998,128.710007,118.692558,5224200
2021-07-12,128.710007,129.600006,128.610001,128.960007,118.923096,9097900
2021-07-13,128.800003,129.259995,128.529999,128.839996,118.812416,9698800
2021-07-14,129.130005,129.240005,128.490005,128.720001,118.701759,7487000
2021-07-15,128.029999,128.589996,127.480003,128.270004,118.286781,8750600
2021-07-16,128.600006,129.089996,128.179993,128.619995,118.609543,6511000
2021-07-19,127.779999,128.389999,126.230003,127.269997,117.364609,19460400
2021-07-20,127.680000,129.550003,127.680000,128.820007,118.793983,15053700
2021-07-21,129.339996,129.380005,127.639999,129.029999,118.987617,8295700
2021-07-22,129.139999,129.979996,128.789993,129.979996,119.863693,9261100
2021-07-23,130.529999,131.610001,130.369995,131.479996,121.246971,8303800
2021-07-26,131.110001,131.490005,130.199997,130.630005,120.463120,6626500
2021-07-27,130.449997,131.240005,130.100006,131.240005,121.025635,9551600
2021-07-28,131.050003,132.089996,130.720001,131.710007,121.459068,7432600
2021-07-29,132.139999,132.229996,131.639999,132.029999,121.754135,5662700
2021-07-30,131.809998,132.639999,131.630005,132.149994,121.864792,6634400
2021-08-02,132.669998,132.850006,131.940002,132.330002,122.030777,8366300
2021-08-03,132.389999,134.210007,132.300003,134.169998,123.727577,7701700
2021-08-04,133.649994,134.470001,133.429993,133.600006,123.201935,8322100
2021-08-05,133.500000,133.520004,132.039993,133.050003,122.694748,8240900
2021-08-06,132.990005,133.110001,132.089996,132.940002,122.593307,6923700
2021-08-09,133.130005,133.699997,133.029999,133.449997,123.063637,9852500
2021-08-10,133.520004,133.789993,132.630005,133.139999,122.777779,5832600
2021-08-11,133.350006,133.559998,131.710007,131.820007,121.560493,14512500
2021-08-12,131.949997,132.970001,131.860001,132.860001,122.519539,8220300
2021-08-13,133.190002,133.720001,133.029999,133.690002,123.284988,7922900
2021-08-16,133.690002,135.229996,133.229996,135.210007,124.686646,8404200
2021-08-17,134.850006,136.809998,134.779999,136.809998,126.162132,13874500
2021-08-18,136.630005,136.779999,134.649994,134.729996,124.244011,12427700
2021-08-19,133.839996,136.039993,133.800003,135.339996,124.806519,11669200
2021-08-20,135.470001,136.520004,135.000000,136.110001,125.516632,7252700
2021-08-23,136.880005,136.979996,136.119995,136.160004,125.562714,8471300
2021-08-24,136.160004,136.179993,135.289993,135.679993,125.120064,6548100
2021-08-25,135.550003,135.619995,134.750000,135.309998,124.778854,6918500
2021-08-26,135.389999,135.690002,134.520004,134.779999,124.290115,5972100
2021-08-27,135.080002,135.449997,134.410004,134.630005,124.151779,8679200
2021-08-30,134.509995,135.880005,134.500000,135.389999,124.852638,6417200
2021-08-31,135.419998,136.050003,134.729996,135.210007,124.686646,9299100
2021-09-01,135.320007,135.440002,133.970001,135.250000,124.723564,10571100
2021-09-02,135.750000,136.720001,135.600006,136.699997,126.060692,6847800
2021-09-03,136.559998,137.039993,135.910004,136.850006,126.199028,5632800
2021-09-07,136.339996,136.559998,135.160004,136.050003,125.461273,8739100
2021-09-08,135.779999,136.210007,135.419998,135.990005,125.405945,6986200
2021-09-09,135.800003,136.110001,134.339996,134.419998,123.958145,8905600
2021-09-10,134.899994,135.020004,133.119995,133.190002,122.823845,10561600
2021-09-13,133.889999,133.970001,131.699997,132.369995,122.067680,11676700
2021-09-14,132.990005,133.300003,132.119995,132.350006,122.049271,10436300
2021-09-15,132.179993,133.830002,131.979996,133.210007,122.842316,10299900
2021-09-16,133.380005,133.630005,131.960007,132.869995,122.528770,10525700
2021-09-17,132.759995,133.110001,132.130005,133.000000,122.648643,13541400
2021-09-20,131.029999,132.320007,130.009995,131.149994,121.368790,17245000
2021-09-21,131.750000,132.699997,131.330002,131.350006,121.553902,11741800
2021-09-22,131.740005,132.229996,130.940002,131.570007,121.757469,11964100
2021-09-23,131.869995,133.289993,131.770004,132.520004,122.636612,10366500
2021-09-24,132.300003,132.789993,131.699997,131.979996,122.136887,6962600
2021-09-27,131.600006,131.759995,129.820007,130.100006,120.397102,11631400
2021-09-28,129.270004,129.270004,127.430000,127.870003,118.333427,17433400
2021-09-29,128.440002,129.479996,128.179993,128.880005,119.268105,11171400
2021-09-30,129.309998,130.119995,127.190002,127.300003,117.805931,21653100
2021-10-01,127.470001,127.930000,125.279999,127.330002,117.833687,23188900
2021-10-04,126.809998,127.459999,124.760002,125.389999,116.038376,27580700
2021-10-05,125.900002,127.419998,125.730003,126.139999,116.732445,19151800
2021-10-06,125.440002,126.019997,124.500000,125.910004,116.519608,21322100
2021-10-07,126.779999,128.399994,126.540001,127.580002,118.065048,15806400
2021-10-08,127.760002,128.000000,126.680000,126.940002,117.472763,9552300
2021-10-11,126.830002,127.500000,125.910004,125.949997,116.556602,7843400
2021-10-12,126.349998,126.480003,125.029999,125.339996,115.992104,13007200
2021-10-13,125.550003,126.110001,124.769997,125.540001,116.177185,10609000
2021-10-14,126.839996,127.839996,126.839996,127.339996,117.842949,8857900
2021-10-15,128.000000,128.550003,127.730003,127.970001,118.425972,8976100
2021-10-18,127.410004,127.540001,126.550003,127.099998,117.620842,11660700
2021-10-19,127.790001,129.100006,127.790001,128.770004,119.166298,9487000
2021-10-20,129.539993,130.800003,129.419998,130.610001,120.869064,13665700
2021-10-21,130.880005,131.220001,129.929993,131.139999,121.359535,8267500
2021-10-22,131.020004,131.720001,130.820007,131.669998,121.849998,8009700
2021-10-25,131.729996,131.970001,130.710007,131.830002,121.998093,10629700
2021-10-26,132.130005,132.860001,131.410004,132.479996,122.599594,9271600
2021-10-27,132.690002,132.830002,131.389999,131.429993,121.627907,11851400
2021-10-28,131.669998,133.039993,131.669998,132.529999,122.645882,9282500
2021-10-29,132.360001,133.990005,131.850006,133.820007,123.839653,15415100
2021-11-01,133.940002,134.490005,133.149994,133.660004,123.691628,14356700
2021-11-02,134.179993,135.169998,133.009995,134.500000,124.468933,20851500
2021-11-03,134.240005,135.339996,133.740005,135.289993,125.200020,14610000
2021-11-04,134.979996,135.190002,133.429993,134.360001,124.339424,15818500
2021-11-05,133.149994,133.699997,131.899994,132.860001,122.951286,14867300
2021-11-08,133.100006,133.820007,132.580002,133.649994,123.682365,8948800
2021-11-09,133.690002,133.809998,132.899994,133.160004,123.228867,7287000
2021-11-10,133.119995,134.080002,133.100006,133.539993,123.580536,8445400
2021-11-11,133.520004,133.610001,132.830002,133.149994,123.219604,8597300
2021-11-12,134.000000,134.119995,133.070007,133.809998,123.830414,8317600
2021-11-15,134.119995,134.190002,132.850006,132.979996,123.062294,6268900
2021-11-16,132.949997,134.259995,132.720001,133.539993,123.580536,6150900
2021-11-17,133.690002,134.250000,133.110001,133.729996,123.756355,8229000
2021-11-18,133.869995,134.119995,133.320007,133.779999,123.802635,9029300
2021-11-19,134.179993,134.630005,132.850006,132.970001,123.053055,10166100
2021-11-22,133.160004,133.619995,132.199997,132.369995,122.497772,11146200
2021-11-23,131.750000,132.649994,131.350006,132.509995,122.627373,12075200
2021-11-24,132.259995,132.699997,131.800003,132.460007,122.581108,6760800
2021-11-26,132.940002,133.720001,131.509995,131.970001,122.127632,11896900
2021-11-29,132.690002,133.220001,132.190002,132.330002,122.460800,17137100
2021-11-30,131.570007,132.169998,129.539993,129.729996,120.054680,19467000
2021-12-01,130.350006,132.089996,129.479996,129.500000,119.841850,22241400
2021-12-02,129.460007,130.660004,128.839996,130.130005,120.424858,17531100
2021-12-03,131.039993,131.539993,129.289993,130.369995,120.646980,22111900
2021-12-06,130.710007,131.679993,130.509995,131.110001,121.331795,15230900
2021-12-07,132.000000,133.119995,131.820007,132.800003,122.895729,11974700
2021-12-08,133.179993,133.889999,132.509995,133.800003,123.821129,15144700
2021-12-09,133.669998,134.550003,133.570007,134.110001,124.108025,9095800
2021-12-10,133.759995,134.860001,133.699997,134.580002,124.542992,8554300
2021-12-13,134.580002,136.229996,134.580002,135.850006,125.718269,12201800
2021-12-14,135.220001,136.009995,134.630005,135.300003,125.209290,11070800
2021-12-15,135.589996,138.139999,135.470001,138.070007,127.772713,14996300
2021-12-16,138.059998,139.589996,137.809998,138.889999,128.531586,19227500
2021-12-17,138.190002,139.039993,137.380005,137.919998,127.633865,21504200
2021-12-20,137.110001,137.529999,135.380005,136.559998,126.860977,16185700
2021-12-21,136.949997,137.190002,135.679993,137.130005,127.390495,10773400
2021-12-22,137.059998,138.809998,136.820007,138.729996,128.876862,7246000
2021-12-23,139.089996,139.750000,138.679993,139.300003,129.406372,7743800
2021-12-27,139.800003,140.770004,139.649994,140.770004,130.771957,6968900
2021-12-28,140.899994,141.149994,140.029999,140.399994,130.428238,6065900
2021-12-29,140.259995,141.490005,140.160004,141.199997,131.171432,7103600
2021-12-30,141.460007,141.979996,141.309998,141.490005,131.440842,7931700
2021-12-31,141.320007,141.860001,140.839996,140.889999,130.883469,7882800
2022-01-03,140.289993,140.550003,138.240005,139.440002,129.536407,15122300
2022-01-04,139.130005,139.289993,137.009995,137.600006,127.827118,14304500
2022-01-05,137.899994,138.729996,136.570007,136.619995,126.916710,15370700
2022-01-06,135.770004,136.600006,134.800003,135.039993,125.448906,15182000
2022-01-07,134.720001,134.970001,134.070007,134.350006,124.807930,9619400
2022-01-10,133.759995,135.809998,133.440002,135.729996,126.089912,15589900
2022-01-11,135.929993,136.830002,135.000000,136.809998,127.093193,12168300
2022-01-12,136.029999,136.630005,135.830002,136.419998,126.730904,10831800
2022-01-13,136.179993,136.350006,134.059998,134.300003,124.761513,13804900
2022-01-14,133.940002,134.210007,132.690002,134.070007,124.547821,14341800
2022-01-18,132.750000,132.960007,131.850006,132.190002,122.801361,16471400
2022-01-19,132.440002,133.479996,131.520004,131.649994,122.299698,14639600
2022-01-20,131.970001,133.320007,130.710007,130.789993,121.500778,15127800
2022-01-21,131.190002,131.600006,129.259995,129.470001,120.274536,25804800
2022-01-24,128.300003,129.259995,124.919998,129.039993,119.875076,37938000
2022-01-25,127.330002,129.309998,126.269997,128.210007,119.104027,19326800
2022-01-26,128.419998,129.580002,126.540001,127.540001,118.481621,29557400
2022-01-27,128.160004,129.839996,127.449997,127.870003,118.788177,18483600
2022-01-28,127.760002,130.529999,126.860001,130.479996,121.212799,20906800
2022-01-31,130.240005,131.470001,129.979996,131.229996,121.909508,19044400
2022-02-01,131.699997,131.820007,130.529999,131.580002,122.234657,14674800
2022-02-02,131.490005,133.669998,131.220001,133.350006,123.878983,13595200
2022-02-03,133.169998,133.279999,132.529999,132.779999,123.349464,13805600
2022-02-04,131.570007,133.229996,131.330002,132.300003,122.903542,12004100
2022-02-07,132.350006,132.809998,131.699997,132.070007,122.689873,9229200
2022-02-08,131.369995,133.380005,131.070007,133.149994,123.693115,11071600
2022-02-09,133.789993,134.460007,133.649994,134.179993,124.649994,10811000
2022-02-10,132.630005,133.789993,131.559998,132.080002,122.699173,14393300
2022-02-11,131.899994,132.899994,130.089996,130.250000,120.999138,13072300
2022-02-14,129.979996,130.229996,127.949997,128.919998,119.763596,14386900
2022-02-15,130.039993,130.880005,129.710007,130.369995,121.110611,8969900
2022-02-16,129.699997,130.940002,129.339996,130.570007,121.296410,8779200
2022-02-17,130.039993,130.110001,128.279999,128.470001,119.345566,11906800
2022-02-18,128.350006,129.039993,127.080002,127.510002,118.453743,13505600
2022-02-22,127.059998,128.229996,126.339996,127.190002,118.156479,13682100
2022-02-23,127.839996,128.279999,126.430000,126.550003,117.561928,12022800
2022-02-24,124.290001,127.320000,124.059998,127.059998,118.035698,23220000
2022-02-25,127.629997,131.270004,127.489998,130.949997,121.649429,17012300
2022-02-28,128.850006,130.110001,128.449997,129.960007,120.729729,17987700
2022-03-01,129.279999,130.339996,128.240005,129.240005,120.060883,14064200
2022-03-02,129.809998,131.899994,129.639999,131.190002,121.872360,12395600
2022-03-03,131.770004,132.630005,130.740005,131.860001,122.494789,11172600
2022-03-04,130.529999,132.639999,130.139999,132.520004,123.107903,12160400
2022-03-07,131.690002,131.940002,129.619995,130.210007,120.961990,15704000
2022-03-08,129.350006,130.309998,127.470001,127.550003,118.490913,21794600
2022-03-09,129.630005,130.630005,128.669998,129.960007,120.729729,15576500
2022-03-10,128.389999,130.190002,128.250000,129.910004,120.683289,10708800
2022-03-11,130.259995,131.020004,128.809998,128.940002,119.782188,9869100
2022-03-14,129.979996,131.720001,129.470001,129.850006,120.627556,14373200
2022-03-15,130.899994,132.580002,130.679993,132.440002,123.033585,14374100
2022-03-16,133.110001,134.050003,131.750000,134.029999,124.510643,13840400
2022-03-17,133.639999,136.210007,133.460007,136.149994,126.480095,10973100
2022-03-18,136.070007,137.160004,135.660004,136.990005,127.260437,11364200
2022-03-21,136.500000,137.669998,135.820007,136.460007,127.163567,11473100
2022-03-22,136.600006,136.789993,135.990005,136.490005,127.191498,8892100
2022-03-23,135.839996,136.089996,134.000000,134.039993,124.908356,10013400
2022-03-24,134.539993,135.639999,134.250000,135.639999,126.399376,7189200
2022-03-25,136.100006,136.500000,135.229996,136.270004,126.986504,7040100
2022-03-28,136.500000,137.300003,136.009995,137.259995,127.909027,8467000
2022-03-29,138.399994,138.949997,137.250000,138.070007,128.663818,12327700
2022-03-30,138.089996,138.889999,137.639999,138.339996,128.915421,10752900
2022-03-31,138.050003,138.809998,136.750000,136.990005,127.657425,15843000
2022-04-01,137.369995,138.119995,136.449997,138.070007,128.663818,20785700
2022-04-04,137.759995,138.000000,136.600006,136.919998,127.592155,16769500
2022-04-05,136.570007,138.839996,136.500000,137.210007,127.862411,15025100
2022-04-06,136.860001,139.630005,136.770004,139.300003,129.810059,23197800
2022-04-07,138.800003,142.339996,138.800003,141.979996,132.307480,18160200
2022-04-08,141.990005,143.419998,141.779999,142.830002,133.099548,19102700
2022-04-11,142.419998,143.000000,139.779999,139.990005,130.453049,16570700
2022-04-12,139.639999,140.460007,138.029999,138.630005,129.185699,14085400
2022-04-13,138.619995,139.449997,137.899994,139.309998,129.819351,15496400
2022-04-14,139.440002,140.149994,138.539993,138.639999,129.195007,10993400
2022-04-18,138.500000,138.820007,136.529999,137.110001,127.769234,10125000
2022-04-19,137.470001,138.910004,137.419998,138.419998,128.990021,11733100
2022-04-20,138.800003,140.820007,138.639999,140.279999,130.723267,13674800
2022-04-21,140.669998,140.830002,138.419998,138.729996,129.278870,11409700
2022-04-22,137.479996,137.520004,133.529999,133.669998,124.563583,17525300
2022-04-25,133.279999,134.860001,131.779999,134.570007,125.402290,16501900
2022-04-26,133.759995,134.479996,132.009995,132.199997,123.193718,20087700
2022-04-27,132.179993,133.250000,131.259995,131.910004,122.923515,16726700
2022-04-28,132.839996,134.169998,131.610001,133.729996,124.619469,15510700
2022-04-29,132.429993,133.119995,130.089996,130.289993,121.413849,17430200
2022-05-02,130.179993,130.910004,127.379997,129.479996,120.659035,23615100
2022-05-03,129.880005,131.139999,129.429993,129.889999,121.041092,13585300
2022-05-04,129.679993,133.250000,128.589996,132.770004,123.724907,19053500
2022-05-05,132.119995,132.259995,128.850006,130.190002,121.320694,16119800
2022-05-06,128.929993,130.139999,128.270004,129.779999,120.938614,21742300
2022-05-09,128.330002,128.360001,125.930000,126.419998,117.807510,17289800
2022-05-10,127.739998,128.220001,125.699997,126.870003,118.226852,21850200
2022-05-11,126.239998,129.089996,125.879997,126.029999,117.444084,19987300
2022-05-12,125.570000,127.330002,125.279999,127.250000,118.580963,17497100
2022-05-13,128.089996,129.000000,127.529999,128.600006,119.838989,9841500
2022-05-16,128.449997,130.429993,128.419998,129.550003,120.724266,8839800
2022-05-17,130.899994,131.389999,129.929993,131.330002,122.383003,9058700
2022-05-18,130.440002,130.759995,127.529999,127.940002,119.223953,10005000
2022-05-19,126.919998,129.000000,126.459999,128.220001,119.484871,9672800
2022-05-20,129.080002,130.059998,127.330002,129.779999,120.938614,12833700
2022-05-23,130.649994,131.429993,130.380005,130.919998,122.000938,9196500
2022-05-24,130.539993,131.529999,129.699997,131.309998,122.364365,9031300
2022-05-25,131.220001,132.130005,130.039993,131.270004,122.327103,8532400
2022-05-26,131.600006,132.330002,131.220001,131.830002,122.848946,9090100
2022-05-27,132.059998,134.050003,131.509995,134.020004,124.889748,13696000
2022-05-31,132.839996,133.080002,131.160004,132.229996,123.221687,11740800
2022-06-01,132.710007,132.729996,129.289993,130.330002,121.451126,9259900
2022-06-02,130.500000,131.389999,128.169998,131.360001,122.410942,9575400
2022-06-03,130.449997,131.029999,129.649994,129.820007,120.975876,5852600
2022-06-06,130.750000,131.020004,129.490005,129.839996,120.994522,7729000
2022-06-07,129.839996,131.660004,129.369995,131.529999,122.569382,7219100
2022-06-08,131.160004,131.639999,130.119995,130.490005,121.600243,5372000
2022-06-09,130.050003,130.490005,127.510002,127.540001,118.851212,7772900
2022-06-10,126.029999,126.660004,125.000000,125.489998,116.940849,11289000
2022-06-13,123.010002,123.760002,121.180000,121.690002,113.399742,14886200
2022-06-14,121.550003,121.860001,119.669998,120.529999,112.318756,9299500
2022-06-15,121.190002,123.029999,119.889999,121.750000,113.455635,10301600
2022-06-16,119.519997,120.040001,118.750000,119.959999,111.787575,9383300
2022-06-17,120.000000,121.790001,119.849998,119.889999,111.722359,13724900
2022-06-21,121.059998,123.150002,120.660004,122.599998,114.730042,7987200
2022-06-22,121.820000,125.669998,121.760002,124.300003,116.320923,10188900
2022-06-23,124.879997,127.190002,124.879997,127.089996,118.931831,11943300
2022-06-24,128.020004,129.220001,127.160004,129.199997,120.906395,10448100
2022-06-27,129.199997,130.229996,128.789993,129.679993,121.355553,8963600
2022-06-28,129.940002,130.589996,127.180000,127.419998,119.240654,7518700
2022-06-29,127.589996,129.169998,127.389999,128.529999,120.279388,9157700
2022-06-30,127.860001,128.970001,126.889999,128.240005,120.008011,10697600
2022-07-01,128.289993,129.850006,126.860001,129.679993,121.355553,9366600
2022-07-05,128.429993,128.960007,126.169998,128.929993,120.653717,9987000
2022-07-06,129.110001,130.470001,128.880005,129.800003,121.467888,9033300
2022-07-07,129.610001,130.520004,129.539993,130.350006,121.982559,6805500
2022-07-08,129.979996,132.039993,129.850006,130.740005,122.347527,6505800
2022-07-11,130.009995,131.139999,129.869995,130.410004,122.038719,7027300
2022-07-12,130.000000,130.880005,128.169998,128.750000,120.485283,9280400
2022-07-13,127.660004,128.529999,127.169998,127.500000,119.315506,9296500
2022-07-14,126.040001,127.320000,125.230003,127.129997,118.969254,7784800
2022-07-15,129.020004,130.259995,128.449997,130.199997,121.842201,9684800
2022-07-18,130.330002,130.449997,127.019997,127.449997,119.268738,7047700
2022-07-19,128.809998,129.839996,128.250000,129.619995,121.299423,6585700
2022-07-20,129.440002,129.610001,127.820000,128.339996,120.101570,7599500
2022-07-21,128.720001,130.369995,128.389999,130.369995,122.001282,9507700
2022-07-22,130.669998,130.919998,129.039993,129.830002,121.495941,8657100
2022-07-25,129.929993,130.750000,129.809998,130.509995,122.132301,5489000
2022-07-26,130.880005,131.990005,130.529999,131.179993,122.759285,7482400
2022-07-27,131.100006,132.589996,130.490005,132.000000,123.526627,7680700
2022-07-28,132.169998,133.809998,129.919998,132.839996,124.312714,11052600
2022-07-29,132.169998,132.639999,131.470001,132.399994,123.900978,8309500
2022-08-01,131.660004,132.380005,131.119995,131.419998,122.983856,7665400
2022-08-02,131.740005,132.800003,130.880005,130.949997,122.544060,7935100
2022-08-03,131.660004,132.669998,131.300003,132.149994,123.667030,6825700
2022-08-04,132.460007,132.490005,131.289993,131.500000,123.058746,5493000
2022-08-05,130.679993,131.509995,130.369995,131.449997,123.011940,8883400
2022-08-08,131.699997,132.630005,131.089996,131.759995,123.302048,7075100
2022-08-09,131.929993,132.559998,131.050003,131.360001,122.927719,5802500
2022-08-10,132.759995,132.889999,132.020004,132.789993,124.265953,6736300
2022-08-11,132.389999,133.690002,131.649994,131.929993,123.461182,8471400
2022-08-12,132.250000,133.679993,132.029999,133.619995,125.042625,7515500
2022-08-15,133.550003,134.470001,133.070007,134.289993,125.669647,7486100
2022-08-16,134.000000,134.380005,133.410004,133.929993,125.332756,7138400
2022-08-17,133.149994,133.919998,132.949997,133.149994,124.602791,7251800
2022-08-18,133.110001,133.380005,131.850006,132.559998,124.050690,7053600
2022-08-19,132.559998,133.559998,132.369995,132.919998,124.387611,5946500
2022-08-22,132.100006,132.520004,130.740005,131.179993,122.759285,6420400
2022-08-23,130.600006,130.740005,128.990005,129.350006,121.046776,7501900
2022-08-24,129.479996,130.009995,129.039993,129.509995,121.196472,6719500
2022-08-25,130.059998,130.979996,129.149994,130.940002,122.534706,5636600
2022-08-26,130.979996,130.990005,127.190002,127.290001,119.118988,9044500
2022-08-29,126.519997,127.190002,125.739998,126.400002,118.286133,6727700
2022-08-30,126.849998,126.849998,125.250000,125.559998,117.500031,7910500
2022-08-31,125.970001,126.760002,124.739998,124.760002,116.751389,8954500
2022-09-01,124.559998,126.870003,124.389999,126.809998,118.669800,11212400
2022-09-02,127.540001,127.660004,124.449997,124.989998,116.966621,9730300
2022-09-06,125.480003,126.680000,124.760002,125.110001,117.078926,9663400
2022-09-07,125.080002,127.360001,124.680000,127.150002,118.987984,9038300
2022-09-08,126.680000,129.399994,126.419998,129.360001,121.056099,9394800
2022-09-09,129.679993,130.850006,129.440002,130.500000,122.122940,8880400
2022-09-12,131.000000,132.050003,130.649994,131.369995,122.937096,7982400
2022-09-13,129.279999,129.570007,126.690002,127.029999,118.875679,11928500
2022-09-14,127.449997,128.199997,126.260002,127.099998,118.941193,8080100
2022-09-15,127.650002,129.029999,127.519997,127.809998,119.605598,8624200
2022-09-16,127.410004,127.730003,126.470001,127.449997,119.268738,10810100
2022-09-19,126.139999,126.290001,124.459999,126.260002,118.626076,9430100
2022-09-20,125.410004,125.599998,124.010002,124.779999,117.235558,9010600
2022-09-21,125.279999,126.110001,122.680000,122.709999,115.290703,11642400
2022-09-22,122.519997,124.199997,122.000000,123.360001,115.901413,9505600
2022-09-23,122.699997,122.949997,121.199997,122.730003,115.309494,16611100
2022-09-26,122.000000,122.589996,121.019997,121.559998,114.210251,10450600
2022-09-27,122.410004,123.199997,120.699997,121.190002,113.862625,13239900
2022-09-28,122.889999,124.459999,122.099998,123.839996,116.352394,16360000
2022-09-29,123.470001,123.769997,121.970001,122.800003,115.375282,10791700
2022-09-30,122.809998,123.660004,120.970001,121.110001,113.787468,12389800
2022-10-03,121.989998,124.070000,121.620003,123.599998,116.126884,9326800
2022-10-04,124.629997,126.519997,124.339996,126.470001,118.823387,13717900
2022-10-05,125.660004,127.550003,125.190002,126.889999,119.217995,9913400
2022-10-06,126.419998,126.809998,124.940002,125.269997,117.695946,9399300
2022-10-07,124.320000,124.540001,121.919998,122.620003,115.206169,10068700
2022-10-10,122.910004,123.080002,121.379997,121.849998,114.482719,8377800
2022-10-11,121.599998,123.800003,121.290001,122.500000,115.093414,10792900
2022-10-12,122.889999,123.620003,121.870003,121.900002,114.529701,9292800
2022-10-13,120.150002,125.330002,119.949997,124.739998,117.197983,14063600
2022-10-14,125.470001,126.400002,123.519997,123.900002,116.408775,11442300
2022-10-17,124.690002,126.139999,124.540001,125.889999,118.278450,8420400
2022-10-18,127.760002,127.800003,125.970001,126.589996,118.936127,10016700
2022-10-19,126.199997,126.209999,123.730003,124.820000,117.273148,7676200
2022-10-20,124.599998,125.510002,123.599998,123.760002,116.277245,7196600
2022-10-21,123.669998,126.879997,123.010002,126.540001,118.889160,8433100
2022-10-24,127.599998,129.369995,127.599998,128.979996,121.181625,7411300
2022-10-25,128.589996,130.110001,128.520004,129.960007,122.102379,7174200
2022-10-26,130.360001,132.619995,130.320007,131.399994,123.455292,8277100
2022-10-27,131.699997,131.720001,130.509995,130.710007,122.807037,6496800
2022-10-28,130.910004,132.960007,130.500000,132.860001,124.827019,6267100
2022-10-31,132.169998,133.270004,131.869995,132.750000,124.723656,7852800
2022-11-01,132.910004,133.570007,131.410004,132.830002,124.798843,8033300
2022-11-02,132.520004,134.029999,130.500000,130.570007,122.675484,10228700
2022-11-03,129.619995,130.740005,128.699997,130.020004,122.158760,7916600
2022-11-04,131.000000,131.279999,128.970001,130.809998,122.900986,8082200
2022-11-07,131.020004,132.559998,130.529999,132.210007,124.216354,6054400
2022-11-08,132.240005,133.889999,131.330002,132.869995,124.836418,8930700
2022-11-09,132.660004,133.550003,131.279999,131.440002,123.492882,8963500
2022-11-10,134.470001,135.050003,132.660004,134.779999,126.630959,12416800
2022-11-11,134.610001,134.630005,131.399994,133.130005,125.080734,10487200
2022-11-14,133.529999,134.839996,133.199997,133.250000,125.193443,10552600
2022-11-15,134.100006,134.660004,131.970001,133.080002,125.033737,8184100
2022-11-16,133.410004,134.309998,132.789993,133.020004,124.977364,6122200
2022-11-17,131.970001,133.500000,131.860001,132.960007,124.920967,6498700
2022-11-18,134.089996,134.800003,133.649994,134.570007,126.433662,6720700
2022-11-21,134.289993,135.210007,134.139999,134.630005,126.490021,7995200
2022-11-22,134.949997,135.899994,134.929993,135.800003,127.589249,5931100
2022-11-23,135.820007,136.539993,135.479996,136.339996,128.096619,5340600
2022-11-25,136.500000,137.259995,136.479996,137.149994,128.857635,3256000
2022-11-28,136.729996,137.539993,135.850006,136.119995,127.889923,5026800
2022-11-29,135.830002,136.050003,135.050003,135.779999,127.570496,5439600
2022-11-30,135.979996,139.110001,135.259995,139.020004,130.614578,9377400
2022-12-01,139.820007,140.160004,138.669998,139.419998,130.990402,15140200
2022-12-02,138.020004,139.970001,138.020004,139.779999,131.328659,7779800
2022-12-05,138.880005,139.199997,137.970001,138.440002,130.069672,6921500
2022-12-06,138.179993,138.619995,136.710007,137.389999,129.083130,8171500
2022-12-07,137.389999,138.919998,137.350006,138.520004,130.144821,7427000
2022-12-08,138.759995,139.929993,138.490005,139.770004,131.319260,6765000
2022-12-09,139.580002,140.000000,137.940002,137.979996,129.637466,6203000
2022-12-12,138.070007,139.449997,138.070007,139.449997,131.018600,5669700
2022-12-13,141.350006,141.770004,138.910004,139.880005,131.422607,9886500
2022-12-14,139.820007,141.279999,138.919998,140.100006,131.629288,10882200
2022-12-15,138.850006,139.199997,137.039993,137.529999,129.214645,8746700
2022-12-16,136.490005,136.580002,134.779999,135.529999,127.335579,10843900
2022-12-19,134.929993,135.179993,133.860001,134.470001,126.860107,6801600
2022-12-20,134.520004,134.960007,133.710007,134.440002,126.831833,4815500
2022-12-21,135.259995,136.630005,134.839996,136.210007,128.501648,5937500
2022-12-22,135.449997,136.059998,134.259995,136.020004,128.322388,5483300
2022-12-23,135.889999,136.229996,135.100006,136.100006,128.397919,3766900
2022-12-27,136.360001,136.470001,135.210007,135.750000,128.067688,7050500
2022-12-28,136.199997,136.860001,134.820007,134.869995,127.237473,5054200
2022-12-29,135.710007,137.039993,135.399994,136.339996,128.624313,6297300
2022-12-30,135.880005,136.020004,134.470001,135.850006,128.162048,6369500
2023-01-03,135.960007,136.330002,134.429993,135.460007,127.794067,7239200
2023-01-04,136.220001,136.570007,134.940002,135.820007,128.133728,8469800
2023-01-05,134.919998,135.250000,133.899994,134.429993,126.822372,6714200
2023-01-06,135.330002,136.039993,133.610001,135.669998,127.992203,7175700
2023-01-09,135.809998,135.850006,133.220001,133.399994,125.850632,7719500
2023-01-10,133.350006,134.729996,133.149994,134.520004,126.907303,7675200
2023-01-11,134.610001,135.300003,133.990005,135.279999,127.624283,7307200
2023-01-12,134.990005,135.410004,133.539993,134.850006,127.218620,7580500
2023-01-13,134.110001,135.860001,134.050003,135.449997,127.784660,6334100
2023-01-17,135.380005,135.610001,134.639999,134.820007,127.190315,6664100
2023-01-18,134.820007,135.169998,132.789993,132.919998,125.397827,10629100
2023-01-19,132.529999,133.770004,132.259995,133.240005,125.699753,9902300
2023-01-20,133.539993,134.009995,132.520004,133.910004,126.331818,5962200
2023-01-23,133.990005,135.119995,133.690002,134.369995,126.765755,7211000
2023-01-24,133.699997,134.479996,132.619995,133.479996,125.926140,5754800
2023-01-25,132.589996,133.550003,132.210007,133.520004,125.963890,5999000
2023-01-26,133.830002,133.949997,132.729996,133.770004,126.199760,6861100
2023-01-27,133.570007,133.710007,132.690002,132.860001,125.341225,5854600
2023-01-30,132.610001,133.440002,131.460007,131.660004,124.209129,7055400
2023-01-31,131.960007,133.380005,131.830002,133.360001,125.812920,6290600
2023-02-01,133.360001,134.809998,132.360001,133.990005,126.407288,11843000
2023-02-02,133.009995,133.259995,132.130005,133.080002,125.548790,11274600
2023-02-03,133.169998,133.600006,132.250000,132.690002,125.180870,10046800
2023-02-06,132.500000,132.779999,131.770004,131.949997,124.482704,7328300
2023-02-07,131.490005,133.190002,131.029999,132.800003,125.284645,7551000
2023-02-08,132.320007,133.149994,132.210007,132.410004,124.916710,5614100
2023-02-09,132.740005,133.250000,131.039993,131.250000,123.822342,8085700
2023-02-10,131.429993,132.630005,131.250000,132.490005,124.992180,6198600
2023-02-13,132.509995,133.600006,132.509995,133.589996,126.029907,6300300
2023-02-14,133.770004,134.009995,132.130005,132.800003,125.284645,6905900
2023-02-15,132.279999,132.460007,131.690002,132.139999,124.661995,6491900
2023-02-16,130.929993,131.990005,130.539993,130.820007,123.416687,8008000
2023-02-17,130.199997,132.229996,130.080002,131.990005,124.520470,10798800
2023-02-21,131.029999,131.570007,130.089996,130.279999,122.907234,9066200
2023-02-22,130.419998,130.729996,129.570007,129.839996,122.492149,7318900
2023-02-23,129.809998,130.850006,129.240005,130.190002,122.822342,9955500
2023-02-24,129.089996,129.339996,128.130005,128.509995,121.237404,9008000
2023-02-27,129.210007,129.570007,127.830002,128.119995,120.869484,6463900
2023-02-28,127.830002,127.910004,127.059998,127.169998,119.973251,10282800
2023-03-01,126.559998,127.239998,126.410004,126.959999,119.775124,11101000
2023-03-02,126.389999,128.100006,126.389999,127.739998,120.510994,10203100
2023-03-03,128.330002,129.220001,127.690002,129.169998,121.860046,10048000
2023-03-06,129.259995,129.699997,128.809998,129.110001,121.803474,8153400
2023-03-07,129.369995,129.520004,126.809998,127.029999,119.841164,9604400
2023-03-08,126.769997,127.160004,125.839996,126.349998,119.199638,10793200
2023-03-09,126.839996,127.050003,124.559998,125.070000,117.992088,13270300
2023-03-10,124.860001,125.900002,123.669998,124.150002,117.124138,20483200
2023-03-13,123.750000,127.019997,123.599998,125.309998,118.218498,21294200
2023-03-14,126.160004,126.820000,125.169998,126.430000,119.275116,14582900
2023-03-15,125.070000,126.500000,124.839996,126.320000,119.171333,17244600
2023-03-16,125.370003,127.559998,125.019997,127.500000,120.284546,16011400
2023-03-17,127.389999,127.489998,125.459999,125.860001,118.737381,15071400
2023-03-20,125.580002,127.150002,125.580002,126.959999,120.242287,10592100
2023-03-21,127.449997,127.879997,126.680000,127.730003,120.971573,8816300
2023-03-22,127.800003,128.270004,125.779999,125.800003,119.143684,10480000
2023-03-23,126.320000,127.080002,124.839996,125.559998,118.916374,10092300
2023-03-24,125.440002,127.419998,124.970001,127.300003,120.564316,8163700
2023-03-27,128.199997,128.779999,127.669998,127.820000,121.056801,9455400
2023-03-28,127.690002,128.149994,126.739998,127.050003,120.327538,8037400
2023-03-29,127.680000,127.839996,126.849998,127.400002,120.659027,8183100
2023-03-30,128.089996,128.130005,127.279999,128.089996,121.312508,6820400
2023-03-31,128.520004,129.529999,128.449997,129.460007,122.610016,9202500
2023-04-03,129.559998,131.059998,129.199997,130.910004,123.983292,8937300
2023-04-04,131.050003,131.690002,130.690002,130.929993,124.002220,9052600
2023-04-05,131.660004,133.419998,131.509995,133.190002,126.142639,12325800
2023-04-06,133.710007,134.110001,133.070007,133.520004,126.455177,8276300
2023-04-10,133.160004,133.500000,132.460007,133.429993,126.369942,8024300
2023-04-11,133.740005,134.369995,133.660004,133.880005,126.796158,8887500
2023-04-12,134.399994,134.899994,133.679993,133.919998,126.834015,8988600
2023-04-13,134.490005,135.809998,134.199997,135.660004,128.481964,9373500
2023-04-14,135.350006,135.639999,134.070007,134.570007,127.449638,6632100
2023-04-17,134.610001,134.759995,133.759995,134.460007,127.345467,7187000
2023-04-18,134.729996,134.729996,133.360001,133.539993,126.474136,7194200
2023-04-19,133.580002,134.149994,133.169998,133.949997,126.862450,7048100
2023-04-20,133.309998,133.600006,132.770004,133.399994,126.341530,6672000
2023-04-21,134.130005,134.750000,133.710007,134.300003,127.193924,6535900
2023-04-24,134.440002,135.089996,134.100006,135.050003,127.904236,6299800
2023-04-25,134.850006,135.259995,133.419998,133.610001,126.540421,7752000
2023-04-26,132.429993,132.520004,130.919998,131.710007,124.740982,10128800
2023-04-27,131.770004,132.589996,130.619995,132.399994,125.394440,10008900
2023-04-28,132.240005,133.910004,132.029999,133.529999,126.464653,7917300
2023-05-01,133.720001,134.759995,133.460007,134.220001,127.118141,6793900
2023-05-02,134.000000,134.850006,132.679993,133.639999,126.568855,14365800
2023-05-03,134.259995,134.899994,133.270004,133.460007,126.398392,8961500
2023-05-04,132.899994,132.979996,131.839996,132.399994,125.394440,9625300
2023-05-05,133.270004,134.050003,132.830002,133.589996,126.521507,7650300
2023-05-08,133.389999,133.429993,132.679993,133.300003,126.246819,5305700
2023-05-09,132.789993,133.419998,132.369995,132.410004,125.403931,6452700
2023-05-10,132.789993,133.110001,132.000000,132.779999,125.754379,6556600
2023-05-11,132.500000,132.580002,131.539993,132.369995,125.366058,8764800
2023-05-12,132.570007,132.850006,131.600006,132.190002,125.195587,6626800
2023-05-15,132.210007,132.300003,131.389999,131.960007,124.977753,5725600
2023-05-16,131.679993,131.729996,130.830002,130.860001,123.935966,7106000
2023-05-17,131.080002,131.190002,129.559998,131.020004,124.087463,15512700
2023-05-18,130.740005,130.910004,129.690002,130.699997,123.784386,12196900
2023-05-19,131.000000,132.190002,130.940002,131.309998,124.362152,9277000
2023-05-22,131.500000,132.360001,131.130005,131.440002,124.485245,12856100
2023-05-23,130.910004,131.100006,129.710007,130.000000,123.121452,8723100
2023-05-24,129.750000,129.779999,128.809998,129.110001,122.278549,7952900
2023-05-25,128.490005,128.660004,126.910004,127.790001,121.028381,13737000
2023-05-26,127.669998,128.869995,127.290001,127.529999,120.782143,8794900
2023-05-30,126.889999,127.870003,126.419998,126.739998,120.033951,12114500
2023-05-31,126.389999,128.050003,126.050003,127.830002,121.066261,15099100
2023-06-01,127.949997,128.919998,126.959999,128.669998,121.861824,9751900
2023-06-02,129.080002,130.550003,128.779999,130.320007,123.424530,10293000
2023-06-05,130.610001,131.380005,130.449997,130.789993,123.869621,7880200
2023-06-06,131.320007,131.360001,129.130005,129.699997,122.837303,9413500
2023-06-07,129.589996,129.770004,129.000000,129.190002,122.354294,7519600
2023-06-08,129.210007,130.199997,128.779999,130.020004,123.140396,6583100
2023-06-09,130.050003,130.869995,129.339996,130.419998,123.519226,10446100
2023-06-12,130.350006,130.919998,129.839996,130.889999,123.964363,7321100
2023-06-13,130.600006,131.750000,130.470001,131.550003,124.589447,8362700
2023-06-14,130.880005,130.990005,129.699997,130.199997,123.310875,12401600
2023-06-15,130.210007,132.399994,130.190002,132.220001,125.223984,10598600
2023-06-16,132.559998,133.250000,132.070007,132.210007,125.214516,10535000
2023-06-20,130.410004,132.100006,130.389999,131.520004,125.073769,8585100
2023-06-21,131.199997,131.990005,130.589996,131.539993,125.092781,9444800
2023-06-22,131.740005,132.630005,131.570007,132.440002,125.948654,8036400
2023-06-23,132.259995,132.539993,131.639999,132.000000,125.530228,8096500
2023-06-26,131.669998,131.880005,129.979996,131.250000,124.816986,7092800
2023-06-27,131.250000,131.389999,130.039993,130.949997,124.531700,8578200
2023-06-28,130.919998,130.949997,130.110001,130.529999,124.132278,10897800
2023-06-29,130.229996,131.460007,130.009995,131.380005,124.940651,7843300
2023-06-30,131.910004,133.039993,131.830002,132.729996,126.224457,8260900
2023-07-03,132.350006,132.350006,131.080002,131.639999,125.187881,5240300
2023-07-05,131.360001,131.850006,131.059998,131.570007,125.121330,7942100
2023-07-06,130.690002,131.009995,130.190002,130.520004,124.122787,8213100
2023-07-07,129.800003,130.259995,128.929993,129.000000,122.677269,8749700
2023-07-10,129.009995,130.179993,129.000000,130.020004,123.647285,7476500
2023-07-11,129.839996,130.470001,129.479996,130.050003,123.675804,7278300
2023-07-12,130.380005,130.500000,129.490005,129.699997,123.342964,11900400
2023-07-13,130.029999,130.360001,129.619995,129.750000,123.390526,7526200
2023-07-14,130.729996,132.119995,130.589996,131.699997,125.244942,13298600
2023-07-17,131.350006,131.630005,130.610001,131.100006,124.674355,7905000
2023-07-18,131.149994,132.570007,130.910004,132.070007,125.596809,8130300
2023-07-19,132.720001,133.509995,132.449997,132.679993,126.176895,12484000
2023-07-20,133.570007,135.429993,133.470001,134.880005,128.269073,12650200
2023-07-21,135.009995,136.660004,134.779999,136.240005,129.562439,11308900
2023-07-24,136.240005,136.850006,135.820007,135.940002,129.277130,12034000
2023-07-25,135.029999,136.429993,134.850006,135.880005,129.220062,7802900
2023-07-26,135.229996,136.229996,134.880005,135.789993,129.134445,8205300
2023-07-27,135.990005,136.479996,134.759995,134.789993,128.183472,8800800
2023-07-28,135.199997,135.419998,134.419998,135.190002,128.563904,6897600
2023-07-31,134.949997,135.000000,133.649994,134.149994,127.574852,9735900
2023-08-01,133.839996,134.330002,133.119995,133.449997,126.909172,10555300
2023-08-02,133.479996,134.389999,133.179993,133.539993,126.994728,13873000
2023-08-03,133.100006,133.270004,132.610001,132.869995,126.357567,11863400
2023-08-04,132.910004,133.729996,132.070007,132.399994,125.910622,12631200
2023-08-07,132.800003,134.059998,132.729996,133.929993,127.365646,8165600
2023-08-08,134.779999,135.130005,134.039993,134.960007,128.345169,12601200
2023-08-09,134.839996,135.649994,134.750000,134.919998,128.307114,9833600
2023-08-10,135.250000,136.529999,134.690002,134.830002,128.221512,9541700
2023-08-11,134.789993,135.830002,134.470001,135.669998,129.020325,7674400
2023-08-14,135.690002,136.509995,135.570007,136.080002,129.410263,8723300
2023-08-15,135.740005,136.139999,135.429993,135.580002,128.934784,9118500
2023-08-16,135.360001,135.800003,134.520004,134.550003,127.955254,9462400
2023-08-17,134.070007,134.539993,133.419998,133.479996,126.937721,11163800
2023-08-18,133.220001,133.880005,133.100006,133.529999,126.985229,9463000
2023-08-21,133.479996,133.830002,133.059998,133.669998,127.118385,6872400
2023-08-22,133.470001,133.789993,133.130005,133.199997,126.671410,6939400
2023-08-23,134.000000,134.300003,133.210007,133.600006,127.051811,7276800
2023-08-24,133.339996,134.389999,132.440002,132.440002,125.948654,10241700
2023-08-25,132.869995,133.880005,132.419998,133.410004,126.871109,8509100
2023-08-28,133.880005,134.309998,133.229996,133.720001,127.165932,6768400
2023-08-29,133.899994,134.919998,133.720001,134.919998,128.307114,10737000
2023-08-30,135.250000,135.660004,134.699997,134.820007,128.212006,7892700
2023-08-31,134.839996,134.910004,133.179993,133.210007,126.680923,7540200
2023-09-01,134.240005,134.240005,133.220001,133.570007,127.023285,10183900
2023-09-05,133.639999,133.740005,132.190002,132.190002,125.710930,11042600
2023-09-06,132.029999,132.160004,130.830002,131.470001,125.026215,12840000
2023-09-07,131.869995,132.630005,131.770004,132.059998,125.587311,11055700
2023-09-08,131.779999,132.460007,131.750000,132.059998,125.587311,8716900
2023-09-11,132.000000,133.229996,131.979996,132.970001,126.452690,7179000
2023-09-12,132.570007,133.149994,131.850006,132.800003,126.291046,6941700
2023-09-13,132.479996,133.350006,132.440002,132.820007,126.310066,6430300
2023-09-14,133.570007,133.649994,132.839996,133.240005,126.709488,6433300
2023-09-15,132.919998,133.550003,132.100006,132.190002,125.710930,9611900
2023-09-18,131.860001,131.990005,130.949997,131.449997,125.519943,6559400
2023-09-19,131.229996,131.839996,130.679993,131.559998,125.624954,6252400
2023-09-20,132.139999,132.509995,131.550003,131.570007,125.634537,6350700
2023-09-21,131.320007,131.539993,130.360001,130.419998,124.536400,7979500
2023-09-22,130.250000,130.919998,130.000000,130.149994,124.278580,7790300
2023-09-25,130.020004,130.899994,129.660004,130.860001,124.956573,6826300
2023-09-26,130.259995,130.679993,129.649994,129.750000,123.896645,8200700
2023-09-27,129.990005,130.119995,128.149994,129.100006,123.275963,9888600
2023-09-28,129.320007,130.089996,129.320007,129.720001,123.867981,9129000
2023-09-29,130.000000,130.119995,128.539993,128.740005,122.932213,12692700
2023-10-02,128.330002,128.600006,127.059998,128.559998,122.760315,16035100
2023-10-03,127.930000,128.199997,126.879997,127.419998,121.671738,11971100
2023-10-04,127.529999,128.139999,126.930000,127.959999,122.187386,10064300
2023-10-05,128.250000,128.889999,127.519997,128.660004,122.855820,9609700
2023-10-06,128.300003,130.419998,128.229996,130.009995,124.144905,10692400
2023-10-09,129.649994,130.580002,129.130005,130.460007,124.574615,8047600
2023-10-10,130.419998,131.669998,129.970001,131.080002,125.166641,8154900
2023-10-11,131.240005,131.449997,129.919998,130.500000,124.612801,9591800
2023-10-12,130.600006,130.850006,129.279999,129.380005,123.543327,10927700
2023-10-13,129.860001,130.940002,129.460007,130.190002,124.316803,11383800
2023-10-16,130.710007,131.919998,130.600006,131.169998,125.252579,10545000
2023-10-17,130.539993,131.710007,130.440002,130.990005,125.080704,9149900
2023-10-18,131.169998,131.539993,129.619995,129.850006,123.992134,10085700
2023-10-19,129.679993,129.820007,127.769997,128.570007,122.769875,15492500
2023-10-20,128.309998,128.979996,128.039993,128.059998,122.282860,12296800
2023-10-23,127.970001,128.399994,127.139999,127.260002,121.518967,12344200
2023-10-24,126.849998,128.050003,126.849998,127.650002,121.891380,9375900
2023-10-25,127.070000,127.459999,125.570000,126.510002,120.802811,11427000
2023-10-26,125.470001,126.410004,125.160004,125.260002,119.609200,14699100
2023-10-27,124.910004,125.070000,122.589996,123.139999,117.584831,13566100
2023-10-30,123.779999,124.209999,122.889999,123.830002,118.243706,15224500
2023-10-31,124.269997,124.699997,123.550003,124.540001,118.921677,13917400
2023-11-01,124.389999,125.410004,124.169998,124.800003,119.169945,13802600
2023-11-02,125.279999,126.889999,124.949997,126.779999,121.060616,11894000
2023-11-03,127.650002,128.199997,127.199997,127.410004,121.662209,11635600
2023-11-06,127.949997,128.460007,127.430000,128.259995,122.473831,8425100
2023-11-07,128.210007,128.660004,127.870003,128.350006,122.559792,8241900
2023-11-08,128.889999,128.889999,127.389999,128.169998,122.387917,10021100
2023-11-09,128.050003,128.199997,125.400002,125.519997,119.857460,13905500
2023-11-10,126.000000,126.449997,124.599998,126.269997,120.573639,10401300
2023-11-13,126.400002,127.250000,125.669998,127.000000,121.270699,11373800
2023-11-14,127.730003,128.710007,127.410004,127.860001,122.091904,11216900
2023-11-15,127.949997,128.470001,127.639999,127.959999,122.187386,9262700
2023-11-16,128.339996,128.779999,127.849998,128.509995,122.712570,7665900
2023-11-17,128.779999,128.990005,127.860001,128.250000,122.464310,6766100
2023-11-20,127.750000,129.309998,127.660004,129.029999,123.209099,6910000
2023-11-21,129.470001,130.070007,129.309998,129.809998,123.953934,8373000
2023-11-22,130.240005,130.740005,130.070007,130.429993,124.545952,6737700
2023-11-24,130.690002,131.160004,130.679993,131.130005,125.214378,3708800
2023-11-27,130.850006,131.289993,130.070007,130.309998,124.431366,10530200
2023-11-28,130.080002,130.369995,129.550003,129.639999,123.791611,6261300
2023-11-29,129.500000,130.380005,129.440002,129.679993,123.829788,6979000
2023-11-30,129.779999,131.389999,129.330002,131.309998,125.386261,7743100
2023-12-01,131.130005,131.970001,131.029999,131.830002,125.882812,9370900
2023-12-04,131.479996,132.330002,131.440002,132.080002,126.121513,6943900
2023-12-05,131.809998,132.119995,131.089996,131.910004,125.959221,6581000
2023-12-06,132.199997,132.449997,131.750000,132.009995,126.054649,6210400
2023-12-07,132.029999,132.350006,131.250000,131.850006,125.901917,6396700
2023-12-08,131.940002,132.380005,131.279999,132.070007,126.111969,6007600
2023-12-11,132.779999,133.190002,132.130005,132.940002,126.942726,9016800
2023-12-12,133.130005,133.699997,132.500000,133.509995,127.487000,6779000
2023-12-13,132.940002,136.009995,132.759995,135.970001,129.836014,9074300
2023-12-14,136.429993,136.509995,134.800003,135.309998,129.205795,10098700
2023-12-15,134.679993,134.940002,133.660004,134.160004,128.107712,8296600
2023-12-18,134.059998,134.199997,133.429993,133.779999,128.316818,5944300
2023-12-19,133.949997,134.750000,133.740005,134.679993,129.180023,6358200
2023-12-20,134.600006,134.679993,132.720001,132.729996,127.309647,7299000
2023-12-21,133.529999,134.449997,133.220001,134.350006,128.863525,5606800
2023-12-22,134.679993,135.440002,134.479996,135.020004,129.506149,5355100
2023-12-26,134.910004,135.679993,134.740005,135.320007,129.793915,3688600
2023-12-27,135.169998,135.979996,135.139999,135.889999,130.340607,5444100
2023-12-28,136.000000,136.699997,135.979996,136.240005,130.676346,5800200
2023-12-29,136.240005,136.619995,135.820007,136.380005,130.810593,5590000
2024-01-02,136.039993,139.050003,135.970001,138.779999,133.112610,11785900
2024-01-03,139.240005,139.529999,138.380005,138.550003,132.891998,9585000
2024-01-04,138.979996,140.000000,138.740005,139.240005,133.553802,11649200
2024-01-05,138.919998,139.699997,138.529999,139.119995,133.438721,9437700
2024-01-08,139.160004,140.380005,138.589996,140.350006,134.618500,7999400
2024-01-09,140.199997,141.559998,139.869995,140.330002,134.599304,9201300
2024-01-10,140.410004,141.139999,139.880005,140.970001,135.213181,9773300
2024-01-11,140.789993,141.029999,140.000000,140.869995,135.117233,7182300
2024-01-12,140.479996,141.160004,140.050003,140.520004,134.781540,8026400
2024-01-16,140.169998,140.360001,139.460007,139.679993,133.975830,7426900
2024-01-17,139.449997,140.089996,139.009995,139.399994,133.707275,8337200
2024-01-18,138.199997,139.509995,137.520004,139.380005,133.688095,8929300
2024-01-19,139.460007,139.820007,138.690002,139.460007,133.764801,8842000
2024-01-22,139.580002,140.440002,139.229996,140.070007,134.349915,7831400
2024-01-23,139.889999,140.059998,138.970001,139.970001,134.254013,6407400
2024-01-24,140.339996,140.679993,138.669998,138.690002,133.026276,9104900
2024-01-25,138.199997,138.509995,137.210007,138.479996,132.824844,10050200
2024-01-26,139.440002,139.559998,138.919998,139.270004,133.582596,5759100
2024-01-29,139.399994,140.259995,139.309998,140.250000,134.522568,6229600
2024-01-30,140.479996,140.820007,139.809998,140.570007,134.829498,5940300
2024-01-31,141.639999,141.750000,140.350006,140.380005,134.647263,10223100
2024-02-01,140.550003,142.199997,139.869995,142.199997,136.392929,8503600
2024-02-02,142.149994,142.649994,141.270004,141.990005,136.191513,10629200
2024-02-05,142.500000,143.309998,141.779999,142.429993,136.613525,9631700
2024-02-06,143.539993,144.089996,142.820007,143.979996,138.100250,10159000
2024-02-07,144.339996,145.029999,144.070007,144.369995,138.474319,7884600
2024-02-08,144.229996,144.229996,143.470001,144.119995,138.234528,6672400
2024-02-09,144.059998,144.289993,143.539993,144.009995,138.129013,7447800
2024-02-12,143.820007,144.240005,143.139999,144.199997,138.311249,6645500
2024-02-13,143.470001,144.470001,142.149994,142.860001,137.025986,11170000
2024-02-14,143.350006,144.149994,143.070007,144.100006,138.215363,9701100
2024-02-15,144.199997,145.429993,143.990005,145.149994,139.222458,9294800
2024-02-16,145.339996,146.600006,144.820007,145.619995,139.673264,8424100
2024-02-20,145.729996,146.190002,144.759995,145.130005,139.203293,9120400
2024-02-21,144.660004,145.490005,144.240005,145.449997,139.510193,7213500
2024-02-22,145.639999,147.429993,145.330002,147.160004,141.150406,9130000
2024-02-23,147.660004,148.270004,147.339996,147.860001,141.821777,9194600
2024-02-26,147.770004,148.110001,146.970001,147.100006,141.092834,7248300
2024-02-27,146.380005,147.190002,146.039993,146.740005,140.747559,7374000
2024-02-28,146.119995,146.279999,145.320007,146.009995,140.047348,8038800
2024-02-29,146.000000,146.240005,144.720001,144.820007,138.905960,9435600
2024-03-01,145.149994,146.440002,144.509995,146.339996,140.363861,8741400
2024-03-04,145.919998,146.679993,145.770004,146.119995,140.152847,10657800
2024-03-05,146.169998,146.410004,144.550003,145.029999,139.107346,9743400
2024-03-06,145.300003,146.559998,145.300003,146.020004,140.056946,8085300
2024-03-07,146.380005,147.050003,146.179993,146.699997,140.709152,6438300
2024-03-08,146.559998,147.250000,146.169998,146.429993,140.450180,7802500
2024-03-11,146.100006,146.610001,145.289993,146.350006,140.373489,7723800
2024-03-12,146.449997,147.389999,145.960007,147.029999,141.025681,7143700
2024-03-13,147.589996,147.699997,145.889999,146.460007,140.478973,7874200
2024-03-14,146.550003,146.660004,145.130005,145.940002,139.980194,9605700
2024-03-15,145.020004,145.660004,144.850006,145.360001,139.423889,10570500
2024-03-18,145.429993,145.570007,144.720001,144.820007,139.407532,6407000
2024-03-19,144.940002,145.869995,144.520004,145.779999,140.331650,5240200
2024-03-20,145.429993,145.500000,144.639999,145.449997,140.013962,8268200
2024-03-21,145.750000,146.169998,145.339996,145.639999,140.196869,8865300
2024-03-22,145.850006,146.220001,145.259995,145.440002,140.004364,5537200
2024-03-25,145.710007,145.860001,145.009995,145.240005,139.811829,5253000
2024-03-26,145.529999,145.940002,145.139999,145.770004,140.322037,6942400
2024-03-27,147.009995,147.710007,146.619995,147.710007,142.189529,8797400
2024-03-28,147.919998,148.229996,147.679993,147.729996,142.208771,8090200
2024-04-01,147.639999,147.729996,145.940002,146.470001,140.995880,7378300
2024-04-02,144.490005,144.649994,143.440002,144.190002,138.801071,10776400
2024-04-03,144.440002,145.089996,143.690002,144.029999,138.647049,8453400
2024-04-04,144.929993,145.020004,141.869995,141.949997,136.644775,12685700
2024-04-05,141.729996,143.690002,141.610001,143.220001,137.867340,9073100
2024-04-08,143.110001,143.110001,142.539993,142.759995,137.424500,9128200
2024-04-09,143.070007,143.350006,142.279999,143.270004,137.915466,10534400
2024-04-10,141.839996,142.240005,141.100006,141.589996,136.298248,13052700
2024-04-11,142.020004,142.050003,140.600006,141.009995,135.739929,8153900
2024-04-12,140.279999,140.289993,138.460007,138.910004,133.718430,13799400
2024-04-15,140.119995,140.630005,138.410004,138.630005,133.448883,10383600
2024-04-16,139.830002,139.830002,138.589996,138.679993,133.496994,10170500
2024-04-17,139.490005,139.619995,138.220001,138.440002,133.265976,8480100
2024-04-18,138.529999,139.250000,138.210007,138.429993,133.256348,8105800
2024-04-19,139.149994,139.339996,138.449997,138.949997,133.756897,9668400
2024-04-22,139.380005,140.589996,138.929993,139.479996,134.267075,8531300
2024-04-23,140.820007,141.559998,140.179993,141.300003,136.019104,8615500
2024-04-24,140.990005,141.149994,140.220001,140.860001,135.595520,7378600
2024-04-25,140.770004,141.000000,139.199997,139.919998,134.690643,9693300
2024-04-26,139.399994,140.330002,139.300003,139.960007,134.729156,6013800
2024-04-29,140.130005,140.830002,139.729996,140.429993,135.181595,6388600
2024-04-30,140.899994,141.199997,140.229996,140.330002,135.085312,9677700
2024-05-01,139.710007,141.839996,139.550003,140.580002,135.326004,10710200
2024-05-02,141.339996,141.440002,139.720001,140.479996,135.229721,8425500
2024-05-03,141.089996,141.229996,140.100006,140.830002,135.566650,8539300
2024-05-06,140.949997,141.440002,140.639999,141.399994,136.115341,5605100
2024-05-07,141.720001,142.699997,141.699997,142.570007,137.241653,7720600
2024-05-08,142.860001,142.880005,141.899994,142.080002,136.769928,5461100
2024-05-09,142.250000,143.380005,142.229996,143.300003,137.944321,6821800
2024-05-10,143.490005,144.089996,143.389999,143.589996,138.223495,6324900
2024-05-13,143.880005,144.009995,143.190002,143.449997,138.088730,5351500
2024-05-14,143.649994,144.130005,143.110001,144.059998,138.675934,6198700
2024-05-15,144.699997,146.360001,144.639999,146.199997,140.735962,8433700
2024-05-16,145.889999,146.440002,145.619995,146.029999,140.572311,6740800
2024-05-17,146.000000,146.339996,145.440002,146.309998,140.841843,7071600
2024-05-20,146.160004,146.360001,145.690002,146.000000,140.543427,3890000
2024-05-21,146.259995,146.880005,145.880005,146.250000,140.784073,4048900
2024-05-22,145.860001,146.949997,145.770004,146.509995,141.034363,6831200
2024-05-23,146.270004,146.279999,144.809998,144.910004,139.494186,5155900
2024-05-24,145.100006,145.330002,144.330002,144.419998,139.022446,3949500
2024-05-28,144.100006,144.100006,142.070007,142.669998,137.337875,8375100
2024-05-29,141.449997,141.729996,140.949997,141.559998,136.269363,6838200
2024-05-30,140.990005,142.139999,140.679993,141.630005,136.336746,7395500
2024-05-31,142.080002,143.779999,141.910004,143.699997,138.329422,7945900
2024-06-03,143.600006,145.139999,143.350006,144.710007,139.301651,10303300
2024-06-04,144.580002,145.529999,144.039993,145.130005,139.705948,6964200
2024-06-05,145.300003,145.949997,144.490005,145.789993,140.341293,5373400
2024-06-06,145.679993,146.580002,145.179993,146.270004,140.803345,5425800
2024-06-07,146.130005,147.160004,145.960007,146.429993,140.957352,5222300
2024-06-10,146.199997,147.009995,145.669998,146.970001,141.477173,5396700
2024-06-11,146.860001,146.860001,145.729996,146.360001,140.889984,5194000
2024-06-12,146.990005,147.039993,145.669998,146.050003,140.591553,6522700
2024-06-13,145.509995,146.169998,144.580002,145.929993,140.476044,4720600
2024-06-14,145.630005,145.919998,145.029999,145.880005,140.427933,4109600
2024-06-17,145.259995,145.960007,144.960007,145.729996,140.283493,4542800
2024-06-18,145.889999,146.399994,145.600006,145.919998,140.466415,4872600
2024-06-20,145.470001,146.589996,145.270004,146.399994,140.928467,6653600
2024-06-21,146.589996,147.119995,146.240005,146.809998,141.323151,8535400
2024-06-24,146.830002,147.610001,146.449997,147.089996,142.147507,6446100
2024-06-25,147.259995,147.470001,146.279999,146.630005,141.702927,5171600
2024-06-26,146.369995,146.630005,145.770004,146.110001,141.200424,4572700
2024-06-27,146.220001,146.279999,145.029999,145.869995,140.968491,4637900
2024-06-28,146.410004,147.020004,145.100006,145.750000,140.852509,7656800
2024-07-01,146.039993,147.490005,144.649994,144.929993,140.060074,6562000
2024-07-02,144.410004,144.619995,143.589996,144.399994,139.547867,7536100
2024-07-03,144.660004,144.669998,142.729996,143.300003,138.484833,7654000
2024-07-05,143.610001,144.490005,142.880005,144.410004,139.557541,4846900
2024-07-08,144.570007,144.970001,143.880005,144.250000,139.402908,4001500
2024-07-09,144.559998,145.029999,143.699997,144.949997,140.079391,8336700
2024-07-10,145.110001,146.339996,144.789993,146.320007,141.403366,5342300
2024-07-11,146.330002,147.740005,146.149994,147.350006,142.398773,7690700
2024-07-12,147.850006,148.889999,147.740005,148.270004,143.287857,6614600
2024-07-15,148.839996,148.979996,147.529999,147.750000,142.785339,5804100
2024-07-16,148.639999,149.889999,148.309998,149.860001,144.824402,7602500
2024-07-17,148.830002,151.330002,148.639999,150.539993,145.481537,10395500
2024-07-18,149.580002,150.559998,146.860001,147.119995,142.176483,11033400
2024-07-19,147.860001,148.580002,147.279999,147.869995,142.901276,5985700
2024-07-22,148.619995,148.990005,147.880005,148.720001,143.722717,5190200
2024-07-23,149.330002,149.419998,148.470001,148.630005,143.635773,3553300
2024-07-24,148.710007,150.059998,148.210007,149.869995,144.834076,6870400
2024-07-25,149.419998,151.529999,148.960007,149.119995,144.109268,11472800
2024-07-26,149.100006,150.929993,149.009995,149.960007,144.921051,6028800
2024-07-29,149.979996,150.559998,149.259995,150.050003,145.008026,8227200
2024-07-30,150.050003,151.110001,149.110001,150.179993,145.133652,7269400
2024-07-31,150.119995,150.660004,149.050003,149.630005,144.602127,8417800
2024-08-01,150.399994,151.330002,149.490005,151.160004,146.080719,10357700
2024-08-02,151.389999,151.770004,148.619995,150.860001,145.790833,15742100
2024-08-05,148.500000,148.789993,146.190002,146.830002,141.896225,17575600
2024-08-06,147.419998,149.380005,146.949997,147.509995,142.553391,13335600
2024-08-07,147.410004,148.119995,145.539993,146.009995,141.103775,11485000
2024-08-08,148.289993,149.369995,147.619995,149.240005,144.225235,11479100
2024-08-09,149.500000,150.360001,149.179993,149.979996,144.940384,8550400
2024-08-12,150.339996,150.339996,148.979996,149.410004,144.389526,5044300
2024-08-13,150.000000,151.369995,149.830002,151.220001,146.138733,4815700
2024-08-14,151.029999,151.979996,150.669998,151.759995,146.660553,4837300
2024-08-15,152.460007,152.949997,151.750000,152.710007,147.578659,5886800
2024-08-16,152.660004,153.119995,152.229996,152.869995,147.733276,4562500
2024-08-19,152.880005,153.940002,152.789993,153.800003,148.632034,4729600
2024-08-20,154.210007,155.210007,154.050003,154.419998,149.231201,4878300
2024-08-21,154.740005,155.080002,154.139999,154.679993,149.482452,5530100
2024-08-22,155.199997,155.350006,153.990005,154.779999,149.579086,4951800
2024-08-23,155.190002,155.559998,154.639999,155.449997,150.226562,4069400
2024-08-26,155.600006,156.080002,155.220001,155.369995,150.149261,4433600
2024-08-27,155.520004,156.039993,155.059998,155.610001,150.381195,3785400
2024-08-28,155.509995,156.440002,155.059998,155.789993,150.555145,5150100
2024-08-29,156.410004,156.830002,155.460007,156.119995,150.874069,4339200
2024-08-30,156.229996,157.279999,155.550003,157.199997,151.917786,7020600
2024-09-03,156.880005,157.839996,156.470001,156.899994,151.627869,7674900
2024-09-04,156.690002,159.639999,155.860001,156.630005,151.366959,8235500
2024-09-05,156.460007,156.550003,153.729996,154.479996,149.289185,7245600
2024-09-06,155.020004,155.660004,153.630005,153.949997,148.776962,7651800
2024-09-09,154.339996,155.520004,153.750000,155.029999,149.820679,6169200
2024-09-10,155.240005,155.850006,154.660004,155.740005,150.506836,7337200
2024-09-11,155.179993,155.460007,152.850006,155.279999,150.062302,6636500
2024-09-12,155.240005,155.979996,153.789993,155.839996,150.603455,4838100
2024-09-13,155.910004,156.639999,155.699997,156.160004,150.912720,4358500
2024-09-16,156.979996,157.589996,156.669998,157.240005,151.956436,4711900
2024-09-17,157.050003,157.089996,155.070007,155.619995,150.390869,6280000
2024-09-18,155.490005,156.979996,154.759995,155.360001,150.139618,7148900
2024-09-19,156.759995,156.759995,155.509995,155.919998,150.680786,6717400
2024-09-20,155.410004,155.979996,154.899994,155.279999,150.062302,8541600
2024-09-23,155.190002,155.210007,154.119995,154.399994,149.768356,6416400
2024-09-24,154.330002,154.389999,153.360001,154.089996,149.467682,5341600
2024-09-25,154.559998,154.779999,152.529999,152.589996,148.012680,5940100
2024-09-26,152.490005,153.289993,152.229996,153.100006,148.507385,6172900
2024-09-27,153.300003,154.199997,153.009995,153.020004,148.429779,7312500
2024-09-30,152.809998,154.059998,152.580002,154.020004,149.399826,7233800
2024-10-01,154.139999,154.350006,152.630005,153.210007,148.614090,10560200
2024-10-02,153.020004,153.380005,151.869995,152.899994,148.313354,7158400
2024-10-03,152.520004,152.660004,151.240005,151.520004,146.974792,5551000
2024-10-04,151.750000,152.020004,150.880005,151.639999,147.091171,6590100
2024-10-07,151.649994,152.110001,150.690002,150.970001,146.441284,5922800
2024-10-08,151.369995,152.029999,151.240005,151.789993,147.236679,4726600
2024-10-09,151.929993,153.460007,151.570007,153.339996,148.740189,7840000
2024-10-10,153.339996,153.460007,152.399994,152.770004,148.187286,4385500
2024-10-11,153.250000,154.070007,153.029999,153.889999,149.273697,9354000
2024-10-14,154.059998,155.009995,153.529999,154.740005,150.098190,4819800
2024-10-15,152.669998,154.589996,152.509995,152.850006,148.264893,9088600
2024-10-16,152.649994,153.610001,152.240005,153.279999,148.681976,4510200
2024-10-17,152.770004,153.020004,152.289993,152.389999,147.818680,5430000
2024-10-18,152.500000,153.500000,152.059998,153.130005,148.536484,9823900
2024-10-21,152.729996,153.139999,151.179993,151.330002,146.790466,4825900
2024-10-22,150.529999,151.389999,150.399994,151.110001,146.577087,5166900
2024-10-23,150.699997,150.929993,149.600006,150.399994,145.888367,4910200
2024-10-24,150.399994,151.009995,149.369995,149.410004,144.928070,5066300
2024-10-25,149.919998,150.000000,148.419998,148.589996,144.132645,5314500
2024-10-28,149.009995,149.490005,148.619995,148.809998,144.346054,4923500
2024-10-29,148.710007,149.320007,148.330002,148.399994,143.948364,7342600
2024-10-30,146.139999,148.169998,145.619995,148.119995,143.676743,9211800
2024-10-31,147.240005,147.929993,146.839996,146.869995,142.464249,6701100
2024-11-01,147.440002,148.470001,147.429993,147.740005,143.308167,6896900
2024-11-04,147.380005,148.089996,146.479996,146.770004,142.367264,5985900
2024-11-05,146.479996,147.889999,145.940002,147.850006,143.414841,5035300
2024-11-06,150.669998,150.910004,147.350006,148.039993,143.599167,10685600
2024-11-07,148.929993,149.289993,148.210007,149.110001,144.637070,9381600
2024-11-08,149.309998,150.949997,149.139999,150.179993,145.674957,8701100
2024-11-11,149.850006,150.600006,149.080002,149.300003,144.821365,6071900
2024-11-12,149.059998,149.309998,147.190002,147.220001,142.803772,7022300
2024-11-13,147.160004,147.600006,146.679993,146.830002,142.425461,5981200
2024-11-14,146.580002,146.589996,144.360001,144.520004,140.184753,7936700
2024-11-15,143.720001,143.850006,141.570007,141.839996,137.585159,14246100
2024-11-18,141.470001,142.089996,141.309998,141.940002,137.682144,7933100
2024-11-19,140.649994,141.610001,140.259995,141.210007,136.974045,6205800
2024-11-20,141.509995,143.080002,141.279999,142.880005,138.593948,9328800
2024-11-21,142.880005,144.229996,142.139999,144.029999,139.709442,7969600
2024-11-22,144.330002,145.020004,143.940002,144.160004,139.835556,6330300
2024-11-25,144.809998,145.850006,144.789993,145.389999,141.028656,6834300
2024-11-26,145.830002,146.330002,144.690002,146.169998,141.785263,6018400
2024-11-27,146.309998,147.759995,146.309998,146.949997,142.541855,5952800
2024-11-29,146.940002,147.789993,146.710007,147.410004,142.988083,3521200
2024-12-02,147.320007,147.380005,146.389999,147.149994,142.735855,6220800
2024-12-03,147.139999,147.429993,146.740005,146.820007,142.415771,4236200
2024-12-04,147.080002,147.580002,146.360001,146.740005,142.338181,5597400
2024-12-05,146.089996,146.250000,144.830002,145.100006,140.747360,8948700
2024-12-06,145.289993,145.460007,144.100006,144.279999,139.951950,6545200
2024-12-09,144.419998,145.089996,143.919998,144.699997,140.359360,6258600
2024-12-10,144.990005,145.100006,143.619995,144.100006,139.777374,7200500
2024-12-11,143.520004,143.639999,142.100006,142.139999,137.876160,6895000
2024-12-12,142.169998,142.539993,140.910004,141.009995,136.780060,5994200
2024-12-13,140.830002,141.449997,140.130005,140.990005,136.760651,7599400
2024-12-16,140.880005,141.649994,139.199997,139.309998,135.131058,9476600
2024-12-17,138.699997,140.240005,138.600006,139.210007,135.034058,10280100
2024-12-18,139.119995,140.039993,137.229996,137.320007,133.200745,14448100
2024-12-19,137.059998,137.800003,135.949997,136.279999,132.191940,11929300
2024-12-20,137.490005,139.289993,137.050003,138.000000,133.860336,12098400
2024-12-23,137.600006,138.949997,136.990005,138.750000,135.197205,8050500
2024-12-24,138.630005,139.320007,138.039993,139.320007,135.752625,3139300
2024-12-26,138.830002,139.720001,138.679993,139.600006,136.025452,4720300
2024-12-27,138.830002,139.809998,138.360001,138.949997,135.392105,5948000
2024-12-30,138.149994,138.149994,136.729996,137.240005,133.725876,6890300
2024-12-31,137.580002,138.119995,136.789993,137.570007,134.047424,6626900
2025-01-02,138.259995,138.770004,137.119995,137.610001,134.086395,8973000
2025-01-03,137.889999,139.350006,137.740005,138.960007,135.401840,8288700
2025-01-06,138.899994,140.039993,138.559998,139.020004,135.460312,8653300
2025-01-07,139.360001,140.929993,139.360001,139.710007,136.132645,12639700
2025-01-08,139.970001,140.639999,138.690002,140.429993,136.834183,7827400
2025-01-10,139.949997,140.949997,139.350006,139.639999,136.064423,10343700
2025-01-13,139.789993,141.820007,139.669998,141.460007,137.837830,9422200
2025-01-14,141.270004,141.270004,138.880005,140.000000,136.415192,10277800
2025-01-15,140.389999,141.240005,139.770004,140.570007,136.970612,11388400
2025-01-16,140.130005,141.339996,139.580002,141.130005,137.516296,8512100
2025-01-17,140.940002,141.399994,140.179993,140.179993,136.590591,7668100
2025-01-21,140.919998,142.509995,140.899994,142.500000,138.851212,7257800
2025-01-22,141.800003,142.630005,141.130005,142.179993,138.539398,8189900
2025-01-23,142.570007,144.100006,141.869995,144.080002,140.390717,8032900
2025-01-24,143.440002,144.610001,143.270004,144.309998,140.614838,8127900
2025-01-27,145.100006,147.580002,144.970001,147.550003,143.771881,12311300
2025-01-28,147.539993,147.740005,146.479996,146.520004,142.768250,9686400
2025-01-29,146.089996,146.580002,145.300003,145.660004,141.930298,8159100
2025-01-30,146.250000,147.750000,146.240005,147.339996,143.567261,7705200
2025-01-31,147.580002,148.589996,146.820007,146.869995,143.109283,9211800
2025-02-03,145.979996,148.160004,145.940002,147.440002,143.664688,13001500
2025-02-04,145.820007,147.199997,145.589996,147.039993,143.274933,11762000
2025-02-05,147.399994,148.720001,147.100006,148.449997,144.648849,10042300
2025-02-06,148.149994,148.460007,146.899994,147.119995,143.352875,12422100
2025-02-07,147.330002,147.919998,146.320007,146.429993,142.680557,11199700
2025-02-10,146.600006,146.649994,145.460007,146.300003,142.553894,7374300
2025-02-11,145.880005,146.320007,145.440002,146.029999,142.290787,6634900
2025-02-12,145.679993,146.610001,145.369995,145.820007,142.086166,7572200
2025-02-13,146.110001,146.710007,145.160004,146.389999,142.641571,6293100
2025-02-14,146.500000,146.699997,144.800003,144.800003,141.092285,5299200
2025-02-18,143.919998,144.889999,143.839996,144.520004,140.819458,11366800
2025-02-19,144.529999,146.440002,144.500000,146.399994,142.651321,6295900
2025-02-20,146.190002,147.300003,146.100006,147.220001,143.450333,6264800
2025-02-21,145.479996,147.139999,145.339996,146.429993,142.680557,8647000
2025-02-24,146.589996,148.220001,146.270004,147.619995,143.840088,7559400
2025-02-25,147.899994,149.089996,147.410004,148.889999,145.077576,11981300
2025-02-26,148.309998,148.949997,147.350006,147.820007,144.034988,6566800
2025-02-27,147.550003,148.910004,147.160004,147.220001,143.450333,7377000
2025-02-28,147.460007,149.160004,146.490005,148.929993,145.116516,8453700
2025-03-03,149.020004,150.320007,148.960007,149.580002,145.749908,9459300
2025-03-04,149.789993,150.070007,147.970001,148.190002,144.395508,10804700
2025-03-05,147.520004,149.910004,147.240005,149.679993,145.847351,7597700
2025-03-06,149.000000,149.479996,147.929993,149.270004,145.447830,7122200
2025-03-07,148.660004,150.279999,148.449997,149.279999,145.457581,8532400
2025-03-10,148.119995,149.910004,147.339996,147.669998,143.888794,13577800
2025-03-11,147.679993,147.889999,145.289993,146.059998,142.320023,9411600
2025-03-12,145.729996,145.990005,144.119995,144.600006,140.897430,7141100
2025-03-13,144.660004,145.070007,143.490005,143.830002,140.147125,8041600
2025-03-14,143.929993,145.149994,143.410004,144.929993,141.218964,6761200
2025-03-17,144.720001,147.110001,144.720001,146.770004,143.011856,6017300
2025-03-18,146.820007,147.059998,146.039993,146.839996,143.080048,5528000
2025-03-19,146.949997,147.309998,145.899994,146.919998,143.158035,6156200
2025-03-20,146.940002,147.639999,146.509995,147.009995,143.245712,8033800
2025-03-21,146.580002,146.860001,145.729996,146.600006,142.846222,7635300
2025-03-24,146.419998,147.389999,146.110001,147.149994,143.936859,6500600
2025-03-25,147.500000,147.589996,144.350006,145.270004,142.097916,6502000
2025-03-26,145.380005,145.970001,144.389999,144.740005,141.579498,8758600
2025-03-27,144.520004,145.419998,144.460007,144.970001,141.804489,6264300
2025-03-28,144.850006,145.240005,144.449997,144.520004,141.364288,6210500
2025-03-31,143.789993,146.619995,143.479996,146.009995,142.821762,8085600
2025-04-01,145.479996,145.479996,142.899994,143.339996,140.210052,9906100
2025-04-02,142.770004,144.399994,142.190002,144.300003,141.149094,6392700
2025-04-03,143.759995,145.190002,143.050003,143.130005,140.004654,10990600
2025-04-04,141.139999,141.710007,135.229996,135.279999,132.326035,21341100
2025-04-07,131.710007,137.369995,129.660004,134.470001,131.533737,29940300
2025-04-08,139.429993,139.440002,131.279999,132.979996,130.076263,20860400
2025-04-09,130.130005,139.240005,129.679993,138.759995,135.730057,39444700
2025-04-10,137.699997,137.740005,131.330002,134.889999,131.944580,21957400
2025-04-11,135.149994,137.759995,133.649994,136.869995,133.881332,10755600
2025-04-14,138.210007,139.039993,136.960007,138.539993,135.514847,7437200
2025-04-15,139.000000,139.039993,137.289993,137.690002,134.683426,6239000
2025-04-16,138.119995,138.619995,135.639999,136.289993,133.314011,8150700
2025-04-17,135.339996,136.570007,135.100006,135.490005,132.531464,9662800
2025-04-21,135.190002,135.360001,131.559998,132.570007,129.675247,6456000
2025-04-22,133.639999,135.279999,133.139999,135.059998,132.110855,8012500
2025-04-23,136.539993,137.929993,135.130005,135.729996,132.766220,9503200
2025-04-24,135.949997,137.539993,135.119995,137.389999,134.389969,5433000
2025-04-25,137.589996,138.199997,135.880005,138.050003,135.035568,6438400
2025-04-28,138.240005,139.039993,137.399994,138.600006,135.573563,5803300
2025-04-29,138.419998,139.970001,137.729996,139.279999,136.238708,7811900
2025-04-30,139.550003,140.789993,138.259995,140.470001,137.402725,6827800
2025-05-01,138.809998,139.110001,136.470001,136.639999,133.656357,10363200
2025-05-02,138.789993,139.009995,137.550003,138.529999,135.505081,9777000
2025-05-05,138.250000,138.679993,137.580002,138.139999,135.123627,5479700
2025-05-06,137.130005,137.190002,133.970001,134.330002,131.396790,11625900
2025-05-07,134.750000,135.750000,134.399994,135.360001,132.404312,6417500
2025-05-08,134.410004,135.330002,133.690002,134.139999,131.210938,10558100
2025-05-09,134.309998,134.770004,132.619995,132.679993,129.782822,7555200
2025-05-12,132.880005,136.130005,132.639999,135.960007,132.991196,15211100
2025-05-13,133.940002,133.940002,131.830002,131.869995,128.990509,17817000
2025-05-14,132.279999,132.550003,128.679993,128.770004,125.958214,19579500
2025-05-15,128.470001,130.539993,127.349998,130.460007,127.611320,18792700
2025-05-16,130.699997,133.139999,130.309998,133.089996,130.183853,12901800
2025-05-19,133.020004,134.440002,132.649994,134.369995,131.435913,11645200
2025-05-20,134.399994,135.089996,134.190002,134.699997,131.758713,11644500
2025-05-21,133.559998,134.139999,131.520004,131.580002,128.706848,16635900
2025-05-22,130.630005,131.240005,129.979996,130.550003,127.699341,12722600
2025-05-23,129.929993,130.600006,129.550003,130.339996,127.493912,9127100
2025-05-27,131.429993,132.389999,131.160004,132.160004,129.274185,12304000
2025-05-28,132.110001,132.580002,131.130005,131.479996,128.609024,11087500
2025-05-29,131.679993,132.759995,131.289993,132.360001,129.469818,10670300
2025-05-30,132.070007,133.339996,130.880005,132.639999,129.743698,11651300
2025-06-02,132.300003,132.779999,131.110001,132.720001,129.821945,11845000
2025-06-03,132.369995,133.520004,131.729996,133.029999,130.125183,14304300
2025-06-04,133.429993,134.330002,133.289993,133.289993,130.379486,9986100
2025-06-05,133.619995,133.910004,132.570007,133.110001,130.203415,13705000
2025-06-06,133.809998,134.839996,133.789993,134.380005,131.445709,9153500
2025-06-09,134.350006,134.809998,133.389999,134.149994,131.220703,9976600
2025-06-10,134.270004,136.089996,134.250000,135.679993,132.717316,11488000
2025-06-11,135.710007,136.570007,135.339996,135.750000,132.785782,13644000
2025-06-12,135.759995,136.839996,135.490005,136.809998,133.822632,9809500
2025-06-13,136.059998,137.330002,135.679993,136.130005,133.157486,13722800
2025-06-16,136.419998,136.830002,135.080002,135.710007,132.746674,14171000
2025-06-17,135.100006,135.410004,133.289993,133.470001,130.555557,13506000
2025-06-18,133.479996,134.119995,132.490005,133.240005,130.330612,12185300
2025-06-20,133.699997,133.800003,132.410004,132.600006,129.704575,13744900
2025-06-23,132.059998,132.740005,130.979996,132.160004,129.891312,14181600
2025-06-24,132.509995,134.080002,132.000000,133.779999,131.483490,11272900
2025-06-25,133.520004,134.289993,132.770004,133.899994,131.601456,11996400
2025-06-26,134.179993,135.160004,133.750000,134.220001,131.915955,13177700
2025-06-27,134.320007,135.130005,133.699997,133.929993,131.630936,13818500
2025-06-30,133.899994,134.949997,133.800003,134.789993,132.476166,12407700
2025-07-01,134.580002,137.759995,134.460007,136.710007,134.363205,21204300
2025-07-02,136.029999,136.289993,135.240005,135.360001,133.036377,13720400
2025-07-03,135.550003,135.899994,135.169998,135.500000,133.173965,7282700
2025-07-07,135.449997,135.449997,133.649994,134.360001,132.053558,14052300
2025-07-08,134.259995,136.220001,134.009995,134.970001,132.653091,19485900
2025-07-09,135.250000,135.919998,134.419998,135.490005,133.164154,13963900
2025-07-10,135.509995,137.630005,135.000000,136.320007,133.979904,17668300
2025-07-11,135.880005,135.880005,134.350006,135.190002,132.869293,14246600
2025-07-14,134.649994,135.309998,134.399994,135.029999,132.712036,11095400
2025-07-15,135.229996,135.470001,132.470001,132.600006,130.323776,17095600
2025-07-16,133.139999,134.419998,133.000000,134.250000,131.945450,14142100
2025-07-17,133.289993,133.679993,132.279999,132.720001,130.441696,15740900
2025-07-18,133.070007,133.240005,131.660004,131.839996,129.576797,13245500
2025-07-21,131.910004,132.320007,131.029999,131.089996,128.839676,9468700
2025-07-22,131.309998,133.809998,131.309998,133.529999,131.237793,16681900
2025-07-23,135.259995,136.320007,134.800003,136.270004,133.930771,16624000
2025-07-24,136.130005,136.929993,135.539993,135.759995,133.429504,11054800
2025-07-25,136.250000,136.699997,135.740005,136.479996,134.137146,9539900
2025-07-28,136.139999,136.389999,134.929993,135.289993,132.967575,9780300
2025-07-29,133.899994,135.100006,132.940002,134.429993,132.122345,14967600
2025-07-30,134.880005,135.190002,133.639999,134.190002,131.886459,11634600
2025-07-31,133.020004,133.789993,129.979996,130.429993,128.191010,26441600
2025-08-01,130.699997,131.399994,129.860001,131.130005,128.879013,20736200
2025-08-04,131.389999,133.070007,131.360001,133.009995,130.726715,11331000
2025-08-05,132.449997,132.949997,132.039993,132.500000,130.225479,14319200
2025-08-06,131.940002,132.050003,130.350006,130.509995,128.269638,14342800
2025-08-07,129.770004,130.240005,127.959999,129.009995,126.795387,24421900
2025-08-08,129.229996,130.440002,129.229996,130.160004,127.925659,13747100
2025-08-11,130.289993,131.320007,130.139999,130.289993,128.053391,14474000
2025-08-12,130.339996,131.229996,130.130005,131.190002,128.937973,17219500
2025-08-13,131.820007,133.369995,131.649994,133.289993,131.001907,15069900
2025-08-14,133.059998,134.100006,132.410004,133.960007,131.660431,15464000
2025-08-15,135.479996,136.600006,135.179993,136.210007,133.871796,13929600
2025-08-18,136.529999,137.190002,135.820007,135.889999,133.557281,12572000
2025-08-19,135.869995,137.220001,135.779999,136.759995,134.412338,13578200
2025-08-20,137.009995,138.210007,137.009995,137.500000,135.139648,14607000
2025-08-21,137.210007,138.460007,136.940002,137.039993,134.687531,13218900
2025-08-22,137.800003,139.020004,137.800003,138.169998,135.798141,11898600
2025-08-25,138.139999,138.259995,136.100006,136.199997,133.861969,10681000
2025-08-26,136.589996,137.169998,136.339996,137.050003,134.697372,11397500
2025-08-27,136.990005,137.710007,136.729996,136.970001,134.618759,8321700
2025-08-28,136.830002,136.850006,135.759995,136.429993,134.088013,9165700
2025-08-29,136.539993,137.470001,136.369995,137.429993,135.070847,9655700
2025-09-02,136.889999,137.740005,136.460007,137.559998,135.198608,13325300
2025-09-03,137.110001,137.759995,136.240005,136.910004,134.559769,12586000
2025-09-04,136.800003,137.470001,136.080002,137.429993,135.070847,11778600
2025-09-05,137.279999,138.380005,137.050003,137.899994,135.532761,14664000
2025-09-08,137.460007,137.869995,136.369995,137.850006,135.483643,15753300
2025-09-09,138.059998,138.970001,137.720001,138.589996,136.210938,12249600
2025-09-10,138.509995,138.509995,136.809998,137.330002,134.972565,13588300
2025-09-11,138.039993,140.000000,137.889999,139.720001,137.321548,16470800
2025-09-12,139.229996,139.809998,138.100006,138.110001,135.739182,11345400
2025-09-15,138.259995,138.539993,136.660004,136.929993,134.579407,11233800
2025-09-16,136.660004,137.389999,136.539993,136.929993,134.579407,12443800
2025-09-17,137.130005,138.289993,136.839996,137.199997,134.844788,12501500
2025-09-18,137.199997,137.940002,136.889999,137.470001,135.110153,11472900
2025-09-19,137.820007,137.899994,137.179993,137.289993,134.933258,11280900
2025-09-22,136.190002,137.259995,135.889999,136.630005,134.898697,9732700
2025-09-23,136.259995,137.350006,136.149994,136.940002,135.204773,9903000
2025-09-24,136.820007,137.059998,136.160004,136.389999,134.661743,7471600
2025-09-25,136.130005,136.179993,133.729996,134.130005,132.430374,14099700
2025-09-26,135.149994,135.619995,134.639999,135.500000,133.783020,10071000
2025-09-29,135.679993,135.970001,134.740005,135.899994,134.177933,7735700
2025-09-30,135.759995,139.500000,135.669998,139.169998,137.406509,19313500
2025-10-01,139.800003,143.729996,139.600006,143.470001,141.652023,23657900
2025-10-02,142.149994,143.570007,142.149994,143.190002,141.375565,15176200
2025-10-03,143.570007,146.139999,143.559998,144.820007,142.984924,15829200
2025-10-06,144.899994,145.059998,143.970001,144.119995,142.293793,12879900
2025-10-07,144.119995,144.660004,143.279999,144.229996,142.402390,12478700
2025-10-08,144.600006,144.970001,144.020004,144.509995,142.678833,8925800
2025-10-09,144.779999,145.250000,143.960007,144.190002,142.362900,7657000
2025-10-10,144.610001,144.740005,141.940002,142.110001,140.309265,13350100
2025-10-13,141.729996,142.940002,141.630005,141.949997,140.151276,8257500
2025-10-14,141.600006,142.860001,141.050003,142.339996,140.536331,10044700
2025-10-15,142.020004,143.250000,141.360001,142.559998,140.753555,7260600
2025-10-16,142.850006,143.639999,141.960007,142.320007,140.516602,11194100
2025-10-17,141.580002,143.419998,141.389999,143.270004,141.454559,8160300
2025-10-20,143.720001,144.990005,143.559998,144.789993,142.955307,8435900
2025-10-21,145.050003,145.630005,144.339996,145.130005,143.290985,9031800
2025-10-22,146.210007,146.729996,145.539993,145.960007,144.110474,12705300
2025-10-23,145.520004,146.509995,145.369995,146.039993,144.189438,7924900
2025-10-24,146.289993,146.759995,145.880005,146.029999,144.179581,7007400
2025-10-27,146.089996,146.449997,145.220001,146.369995,144.515274,6466700
2025-10-28,146.410004,146.539993,145.190002,145.449997,143.606934,8652700
2025-10-29,145.220001,145.449997,143.570007,143.979996,142.155563,12425600
2025-10-30,143.960007,145.449997,143.770004,144.300003,142.471512,10756100
2025-10-31,143.020004,144.490005,142.699997,144.250000,142.422134,10581100
2025-11-03,144.070007,144.559998,142.830002,144.449997,142.619598,12279300
2025-11-04,143.770004,145.490005,143.490005,145.100006,143.261383,14182200
2025-11-05,144.630005,146.259995,144.380005,145.660004,143.814270,13154600
2025-11-06,145.139999,146.110001,144.940002,145.940002,144.090729,14395800
2025-11-07,145.839996,146.149994,144.720001,146.139999,144.288193,14522900
2025-11-10,145.789993,147.429993,145.720001,147.279999,145.413742,12305900
2025-11-11,147.600006,150.820007,147.600006,150.679993,148.770660,12659500
2025-11-12,150.990005,153.160004,150.720001,152.820007,150.883560,17847500
2025-11-13,152.039993,154.520004,151.860001,152.740005,150.804565,21807600
2025-11-14,152.220001,152.919998,151.190002,151.830002,149.906082,15468900
2025-11-17,151.339996,153.320007,151.139999,151.699997,149.777740,17516500
2025-11-18,151.750000,153.130005,151.149994,152.589996,150.656464,24494200
2025-11-19,152.479996,152.929993,151.570007,152.330002,150.399750,17352600
2025-11-20,152.490005,153.339996,151.119995,151.419998,149.501282,25278500
2025-11-21,151.789993,155.710007,151.710007,154.610001,152.650864,25526100
2025-11-24,155.139999,156.160004,154.479996,155.259995,153.292633,17928400
2025-11-25,155.770004,158.889999,155.770004,158.770004,156.758163,17298600
2025-11-26,158.419998,158.949997,158.160004,158.419998,156.412582,12398900
2025-11-28,158.199997,158.250000,157.160004,157.649994,155.652344,8559700
2025-12-01,157.039993,157.860001,155.179993,155.289993,153.322250,17321200
2025-12-02,155.250000,155.470001,154.139999,154.360001,152.404022,16150300
2025-12-03,154.669998,155.779999,154.660004,155.080002,153.114899,12724800
2025-12-04,155.000000,155.029999,153.369995,153.899994,151.949844,13674600
2025-12-05,154.449997,154.630005,152.960007,153.259995,151.317978,8868700
2025-12-08,153.350006,153.419998,151.199997,151.429993,149.511139,10996000
2025-12-09,152.000000,152.679993,149.850006,149.960007,148.059784,11543300
2025-12-10,150.380005,152.179993,149.869995,152.139999,150.212173,15534800
2025-12-11,152.759995,154.300003,152.259995,153.580002,151.633911,14703000
2025-12-12,153.750000,154.559998,153.410004,154.059998,152.107834,13175500
2025-12-15,154.470001,156.309998,154.440002,156.100006,154.121994,14681800
2025-12-16,156.039993,156.119995,153.089996,154.070007,152.117722,12491300
2025-12-17,154.229996,154.779999,153.669998,153.789993,151.841263,9093300
2025-12-18,153.750000,155.179993,153.679993,153.910004,151.959732,8876400
2025-12-19,153.919998,155.770004,153.919998,154.940002,152.976685,8571500
2025-12-22,154.149994,155.369995,153.800003,155.300003,153.985077,7063700
2025-12-23,154.690002,155.660004,154.639999,154.990005,153.677704,7465800
2025-12-24,155.169998,155.940002,155.149994,155.800003,154.480835,3085700
2025-12-26,155.690002,156.119995,155.350006,156.050003,154.728729,4439100
2025-12-29,156.070007,156.490005,155.679993,155.809998,154.490753,6357300
2025-12-30,155.660004,155.979996,155.199997,155.679993,154.361847,4355000
2025-12-31,155.600006,155.839996,154.770004,154.800003,153.489304,4199500
2026-01-02,154.869995,155.570007,153.580002,155.509995,154.193283,10998000
2026-01-05,154.589996,155.389999,152.970001,155.039993,153.727249,17756200
2026-01-06,155.139999,158.330002,155.139999,158.089996,156.751450,17783800
2026-01-07,158.539993,160.589996,158.539993,159.660004,158.308151,14505700
2026-01-08,159.149994,160.500000,157.610001,158.119995,156.781189,17611000
2026-01-09,158.330002,158.929993,157.259995,157.309998,155.978043,12352000
2026-01-12,157.330002,157.500000,156.009995,157.380005,156.047455,12250100
2026-01-13,157.649994,157.669998,155.740005,156.740005,155.412872,11756500
2026-01-14,156.610001,157.990005,156.479996,157.860001,156.523392,13516800
2026-01-15,157.309998,157.449997,155.369995,156.960007,155.631027,15303400
2026-01-16,156.639999,156.970001,155.710007,155.740005,154.421341,11950300
2026-01-20,154.000000,155.919998,153.229996,155.399994,154.084213,12775200
2026-01-21,155.199997,158.509995,155.149994,158.259995,156.919998,16393900
2026-01-22,157.649994,159.229996,157.500000,158.289993,156.949738,10881400
2026-01-23,157.800003,158.380005,156.660004,157.479996,156.146606,10191300
2026-01-26,157.369995,158.330002,156.899994,158.100006,156.761368,6810400
2026-01-27,155.800003,157.089996,155.139999,155.449997,154.133789,12697500
2026-01-28,154.300003,155.149994,153.470001,154.309998,153.003433,11426600
2026-01-29,154.250000,154.669998,153.500000,153.820007,152.517593,12167300
2026-01-30,154.119995,154.929993,153.289993,154.740005,153.429825,11863900
2026-02-02,154.580002,156.009995,154.399994,155.690002,154.371765,11005300
2026-02-03,154.779999,157.119995,153.850006,154.100006,152.795242,21141900
2026-02-04,154.809998,156.779999,154.229996,156.029999,154.708893,22951600
2026-02-05,155.460007,156.970001,154.679993,154.839996,153.528961,21421600
2026-02-06,156.039993,157.800003,155.910004,157.710007,156.374664,13616200
2026-02-09,157.570007,158.149994,156.029999,156.320007,154.996445,11823000
2026-02-10,156.660004,157.160004,155.240005,155.330002,154.014816,11103400
2026-02-11,155.179993,156.380005,154.380005,156.250000,154.927017,11738400
2026-02-12,156.210007,157.419998,155.479996,156.000000,154.679138,19409100
2026-02-13,156.520004,158.800003,156.520004,157.669998,156.335007,16647900
2026-02-17,158.029999,158.910004,157.130005,157.369995,156.037537,14881100
2026-02-18,157.199997,157.800003,156.479996,157.669998,156.335007,11886300
2026-02-19,157.199997,157.720001,156.190002,157.259995,155.928467,11226900
2026-02-20,157.000000,157.250000,155.869995,156.820007,155.492203,13368500
2026-02-23,157.130005,158.679993,157.130005,158.539993,157.197632,17053500
2026-02-24,158.009995,158.500000,157.309998,157.869995,156.533295,12887100
2026-02-25,157.869995,159.229996,157.619995,157.830002,156.493652,11011500
2026-02-26,158.070007,158.169998,156.089996,157.419998,156.087128,15344400
2026-02-27,156.740005,160.240005,156.710007,160.199997,158.843582,14250100
2026-03-02,159.190002,159.839996,157.990005,158.529999,157.187714,18641400
2026-03-03,156.660004,157.389999,155.000000,156.740005,155.412872,21432600
2026-03-04,156.740005,157.580002,155.669998,157.050003,155.720261,12745700
2026-03-05,155.130005,155.699997,152.720001,153.910004,152.606842,20476400
2026-03-06,152.779999,152.990005,150.949997,152.699997,151.407089,18174000
2026-03-09,151.779999,154.550003,151.130005,154.259995,152.953873,18675700
2026-03-10,154.410004,154.539993,153.009995,153.149994,151.853256,17247500
2026-03-11,152.839996,153.160004,151.940002,152.850006,151.555832,12503800
2026-03-12,151.949997,152.490005,150.029999,150.160004,148.888596,15670500
2026-03-13,151.039993,152.300003,149.669998,149.789993,148.521713,15129300
2026-03-16,150.750000,151.729996,150.380005,151.009995,149.731384,10896600
2026-03-17,151.220001,151.850006,149.539993,149.639999,148.372986,11938600
2026-03-18,148.720001,149.050003,147.009995,147.139999,145.894165,15565400
2026-03-19,147.139999,148.089996,146.300003,146.610001,145.368637,16913000
2026-03-20,146.479996,147.020004,144.660004,145.330002,144.099487,16582200
2026-03-23,146.559998,146.770004,144.600006,144.770004,144.134338,21815400
2026-03-24,143.949997,145.300003,143.380005,144.789993,144.154236,24230900
2026-03-25,145.690002,146.690002,145.350006,146.240005,145.597885,17743300
2026-03-26,145.750000,146.910004,145.630005,145.740005,145.100082,13321000
2026-03-27,145.720001,145.800003,143.070007,143.259995,142.630951,12932200
2026-03-30,144.300003,144.630005,143.429993,143.820007,143.188507,14799700
2026-03-31,144.809998,146.750000,144.600006,146.610001,145.966248,17866000
2026-04-01,147.220001,148.759995,146.949997,147.729996,147.081329,16899200
2026-04-02,146.929993,148.360001,146.270004,146.809998,146.165375,11087900
2026-04-06,146.279999,147.139999,145.759995,146.279999,145.637695,7272600
2026-04-07,146.910004,146.910004,144.880005,146.570007,145.926437,10263400
2026-04-08,148.199997,149.699997,147.500000,149.669998,149.012817,8130700
2026-04-09,148.830002,150.220001,148.300003,149.330002,148.674316,6406400
2026-04-10,149.779999,149.839996,147.110001,147.309998,146.663177,6217800
2026-04-13,146.880005,148.050003,146.240005,147.970001,147.320282,6182800
2026-04-14,147.380005,149.600006,147.240005,148.830002,148.176498,7722300
2026-04-15,148.860001,149.210007,146.889999,147.770004,147.121155,6669200
2026-04-16,147.190002,148.199997,146.289993,146.610001,145.966248,9072300
2026-04-17,147.369995,149.119995,147.360001,148.800003,148.146637,8338100
2026-04-20,148.449997,148.740005,147.149994,147.419998,146.772690,6325700
2026-04-21,148.289993,148.559998,145.880005,145.919998,145.279282,8735300
2026-04-22,146.509995,147.580002,146.009995,146.380005,145.737259,8316900
2026-04-23,146.199997,146.770004,145.160004,146.240005,145.597885,7612000
2026-04-24,145.240005,145.529999,143.679993,144.179993,143.546921,7969700
2026-04-27,143.679993,145.210007,143.419998,143.460007,142.830093,6571900
2026-04-28,144.570007,144.860001,143.279999,143.839996,143.208405,8612400
2026-04-29,142.259995,143.250000,141.970001,142.839996,142.212799,11885500
2026-04-30,143.679993,146.289993,143.660004,145.990005,145.348984,12587800
2026-05-01,146.289993,146.610001,145.149994,145.160004,144.522629,8865800
2026-05-04,144.559998,145.210007,144.320007,144.729996,144.094498,10885900
2026-05-05,145.279999,145.660004,144.419998,145.300003,144.662003,7174900
2026-05-06,145.360001,146.149994,144.899994,145.399994,144.761551,10613500
2026-05-07,145.179993,145.839996,144.270004,144.720001,144.084549,7608000
2026-05-08,144.589996,145.070007,143.179993,143.490005,142.859955,10165400
2026-05-11,143.750000,145.020004,142.669998,143.039993,142.411926,9255700
2026-05-12,143.809998,146.639999,143.190002,145.850006,145.209595,11897200
2026-05-13,145.320007,146.979996,145.130005,146.710007,146.065811,15841800
2026-05-14,146.850006,147.399994,145.940002,146.630005,145.986160,7763800
2026-05-15,146.759995,147.160004,144.889999,145.100006,144.462891,9039900
2026-05-18,144.500000,145.789993,144.119995,145.720001,145.080154,7949200
2026-05-19,145.619995,148.070007,144.850006,147.320007,146.673141,12388200
2026-05-20,147.539993,148.020004,146.289993,147.130005,146.483978,10527900
2026-05-21,146.899994,148.300003,145.839996,148.149994,147.499481,7157000
2026-05-22,149.089996,150.320007,149.000000,149.889999,149.231842,6915200
2026-05-26,149.949997,150.300003,148.440002,148.509995,147.857910,6590400
2026-05-27,148.690002,150.199997,148.279999,148.789993,148.136673,10062500
2026-05-28,149.149994,151.350006,149.110001,150.880005,150.217514,10397400
2026-05-29,150.850006,151.039993,149.100006,149.470001,148.813690,13195800
2026-06-01,148.520004,148.880005,147.259995,147.839996,147.190842,12582900
2026-06-02,146.750000,147.270004,145.309998,146.399994,145.757172,12024300
2026-06-03,146.160004,148.050003,146.070007,147.550003,146.902130,9836000
2026-06-04,150.380005,152.539993,150.289993,152.080002,151.412231,14051800
2026-06-05,153.380005,154.699997,152.919998,153.009995,152.338150,20723000
2026-06-08,153.240005,154.470001,152.410004,152.649994,151.979721,10639500
2026-06-09,153.479996,154.979996,153.179993,154.570007,153.891312,13125500
2026-06-10,154.960007,155.130005,152.820007,152.850006,152.178864,11712200
2026-06-11,153.460007,155.160004,152.860001,154.089996,153.413406,10548800
2026-06-12,154.970001,155.160004,153.369995,153.809998,153.134628,9111000
2026-06-15,153.710007,153.880005,151.770004,152.889999,152.218674,9525300
2026-06-16,153.600006,153.720001,151.720001,152.940002,152.268463,8630000
2026-06-17,152.050003,152.570007,149.970001,150.710007,150.048248,10991400
2026-06-18,151.270004,151.270004,148.789993,149.399994,148.743988,10879300
2026-06-22,149.330002,150.619995,149.059998,150.059998,150.059998,11706100
2026-06-23,151.490005,152.429993,151.000000,152.179993,152.179993,9479900
2026-06-24,153.130005,154.669998,152.460007,153.350006,153.350006,10070100
2026-06-25,153.949997,157.210007,153.589996,155.630005,155.630005,9419200
2026-06-26,156.320007,160.639999,156.179993,160.339996,160.339996,16563800
2026-06-29,160.699997,161.089996,159.880005,160.740005,160.740005,12935000
2026-06-30,161.009995,161.250000,157.960007,158.660004,158.660004,11559400
2026-07-01,159.610001,159.960007,158.500000,159.539993,159.539993,10123700
2026-07-02,160.669998,163.850006,160.380005,163.740005,163.740005,14719400
2026-07-06,163.199997,163.449997,160.250000,161.960007,161.960007,16123400
2026-07-07,164.750000,165.610001,163.880005,164.440002,164.440002,12143500
2026-07-08,163.419998,163.990005,162.259995,162.300003,162.300003,9287900
2026-07-09,161.800003,163.419998,161.360001,162.169998,162.169998,9576400
2026-07-10,162.479996,162.660004,160.240005,160.839996,160.839996,9497100
2026-07-13,160.970001,162.240005,160.320007,161.410004,161.410004,6873000
2026-07-14,159.779999,160.080002,157.779999,158.289993,158.289993,11523000
2026-07-15,157.380005,159.350006,157.250000,158.289993,158.289993,10885300
2026-07-16,160.350006,162.639999,159.940002,161.800003,161.800003,11819000
2026-07-17,161.809998,164.000000,160.880005,161.089996,161.089996,9166500
2026-07-20,161.000000,161.490005,159.179993,159.250000,159.250000,6635300
2026-07-21,157.529999,160.369995,157.229996,160.250000,160.250000,6591656
