Date,Open,High,Low,Close,AdjClose,Volume
2005-01-03,17.725000,17.775000,17.520000,17.530001,13.457808,858400
2005-01-04,17.530001,17.605000,17.295000,17.325001,13.300427,1690200
2005-01-05,17.400000,17.400000,17.260000,17.260000,13.250525,260600
2005-01-06,17.240000,17.275000,17.165001,17.170000,13.181433,258400
2005-01-07,17.254999,17.254999,17.094999,17.165001,13.177593,430000
2005-01-10,17.100000,17.305000,17.100000,17.230000,13.227493,244400
2005-01-11,17.125000,17.184999,17.100000,17.120001,13.143046,368000
2005-01-12,17.100000,17.235001,17.010000,17.219999,13.219815,498600
2005-01-13,17.219999,17.225000,17.075001,17.094999,13.123855,775200
2005-01-14,17.125000,17.264999,17.105000,17.254999,13.246686,228200
2005-01-18,17.200001,17.400000,17.165001,17.400000,13.358001,386800
2005-01-19,17.424999,17.424999,17.225000,17.225000,13.223665,350800
2005-01-20,17.105000,17.105000,16.910000,16.915001,12.985667,771400
2005-01-21,16.915001,16.975000,16.825001,16.855000,12.939604,669000
2005-01-24,16.860001,16.900000,16.690001,16.690001,12.812932,681800
2005-01-25,16.799999,16.830000,16.719999,16.735001,12.847481,539800
2005-01-26,16.809999,16.844999,16.715000,16.825001,12.916576,539800
2005-01-27,16.825001,16.875000,16.754999,16.790001,12.889708,95800
2005-01-28,16.750000,16.775000,16.615000,16.709999,12.828288,512600
2005-01-31,16.709999,16.924999,16.709999,16.889999,12.966475,769400
2005-02-01,16.910000,16.950001,16.850000,16.905001,12.977993,729200
2005-02-02,16.905001,16.995001,16.889999,16.955000,13.016378,599600
2005-02-03,16.924999,16.924999,16.850000,16.920000,12.989506,955000
2005-02-04,16.950001,17.075001,16.924999,17.075001,13.108501,313000
2005-02-07,17.090000,17.155001,17.045000,17.120001,13.143046,405600
2005-02-08,17.125000,17.129999,17.040001,17.080000,13.112343,111400
2005-02-09,17.125000,17.125000,16.879999,16.889999,12.966475,276600
2005-02-10,16.975000,16.985001,16.860001,16.959999,13.020218,1518400
2005-02-11,16.875000,17.110001,16.865000,17.045000,13.085467,926200
2005-02-14,17.100000,17.100000,16.995001,17.020000,13.066278,324600
2005-02-15,17.100000,17.170000,17.059999,17.155001,13.169925,204200
2005-02-16,17.075001,17.155001,17.065001,17.125000,13.146883,312800
2005-02-17,17.180000,17.180000,17.040001,17.040001,13.081630,621200
2005-02-18,17.025000,17.030001,16.980000,17.004999,13.054759,389400
2005-02-22,16.865000,16.910000,16.665001,16.670000,12.797580,1011600
2005-02-23,16.715000,16.809999,16.684999,16.775000,12.878191,723200
2005-02-24,16.799999,16.805000,16.670000,16.790001,12.889708,739000
2005-02-25,16.780001,16.889999,16.754999,16.870001,12.951122,543800
2005-02-28,16.870001,16.889999,16.719999,16.799999,12.897383,922200
2005-03-01,16.799999,17.014999,16.799999,16.990000,13.043250,719600
2005-03-02,16.920000,17.090000,16.915001,17.000000,13.050919,662200
2005-03-03,17.100000,17.100000,16.924999,16.980000,13.035570,207600
2005-03-04,17.000000,17.139999,17.000000,17.125000,13.146883,372600
2005-03-07,17.125000,17.200001,17.115000,17.139999,13.158402,304800
2005-03-08,17.150000,17.155001,17.030001,17.049999,13.089307,1412400
2005-03-09,17.025000,17.025000,16.834999,16.860001,12.943449,1033000
2005-03-10,16.850000,16.945000,16.809999,16.889999,12.966475,957800
2005-03-11,16.950001,16.980000,16.820000,16.870001,12.951122,346000
2005-03-14,16.865000,16.915001,16.815001,16.895000,12.970314,757400
2005-03-15,17.000000,17.070000,16.915001,16.915001,12.985667,2135600
2005-03-16,16.875000,16.875000,16.740000,16.815001,12.908897,539600
2005-03-17,16.830000,16.889999,16.809999,16.830000,12.920416,1960600
2005-03-18,16.825001,16.825001,16.635000,16.709999,12.846609,1790800
2005-03-21,16.725000,16.725000,16.520000,16.629999,12.785106,1261600
2005-03-22,16.725000,16.725000,16.480000,16.490000,12.677476,535000
2005-03-23,16.450001,16.510000,16.410000,16.434999,12.635188,653000
2005-03-24,16.424999,16.565001,16.424999,16.459999,12.654410,642600
2005-03-28,16.485001,16.625000,16.475000,16.575001,12.742819,1010600
2005-03-29,16.500000,16.565001,16.355000,16.365000,12.581372,539200
2005-03-30,16.375000,16.629999,16.375000,16.629999,12.785106,1405600
2005-03-31,16.549999,16.674999,16.549999,16.580000,12.746662,2103600
2005-04-01,16.650000,16.735001,16.410000,16.450001,12.646725,858800
2005-04-04,16.424999,16.540001,16.344999,16.495001,12.681321,700600
2005-04-05,16.525000,16.629999,16.525000,16.594999,12.758196,536600
2005-04-06,16.700001,16.700001,16.504999,16.525000,12.704382,1143000
2005-04-07,16.500000,16.620001,16.459999,16.600000,12.762043,413800
2005-04-08,16.590000,16.635000,16.450001,16.469999,12.662099,929400
2005-04-11,16.520000,16.520000,16.375000,16.379999,12.592911,431800
2005-04-12,16.424999,16.570000,16.260000,16.535000,12.712069,2762800
2005-04-13,16.450001,16.504999,16.250000,16.285000,12.519868,589600
2005-04-14,16.250000,16.285000,16.049999,16.059999,12.346889,589400
2005-04-15,16.000000,16.000000,15.715000,15.735000,12.097031,3507800
2005-04-18,15.700000,15.790000,15.660000,15.765000,12.120100,3322400
2005-04-19,15.775000,15.920000,15.725000,15.785000,12.135472,1231800
2005-04-20,15.735000,15.770000,15.505000,15.525000,11.935582,365200
2005-04-21,15.770000,15.920000,15.675000,15.910000,12.231569,567600
2005-04-22,15.950000,15.950000,15.560000,15.670000,12.047058,697200
2005-04-25,15.780000,15.830000,15.705000,15.810000,12.154694,1005800
2005-04-26,15.725000,15.865000,15.700000,15.700000,12.070124,933000
2005-04-27,15.725000,15.790000,15.575000,15.720000,12.085496,2197000
2005-04-28,15.600000,15.700000,15.485000,15.490000,11.908678,639000
2005-04-29,15.550000,15.605000,15.310000,15.525000,11.935582,1585400
2005-05-02,15.960000,15.960000,15.520000,15.605000,11.997088,521200
2005-05-03,15.580000,15.745000,15.550000,15.665000,12.043215,1134200
2005-05-04,15.800000,16.004999,15.740000,16.000000,12.300761,2406000
2005-05-05,15.975000,16.075001,15.865000,15.905000,12.227729,778400
2005-05-06,16.075001,16.075001,15.875000,15.905000,12.227729,555200
2005-05-09,15.940000,15.995000,15.885000,15.995000,12.296915,394800
2005-05-10,15.875000,15.920000,15.775000,15.800000,12.147004,425600
2005-05-11,15.800000,15.855000,15.650000,15.795000,12.143158,1267200
2005-05-12,15.800000,15.905000,15.710000,15.715000,12.081656,819400
2005-05-13,15.700000,15.835000,15.615000,15.705000,12.073967,1206200
2005-05-16,15.705000,15.900000,15.705000,15.900000,12.223886,510800
2005-05-17,15.925000,16.059999,15.910000,16.035000,12.327668,843800
2005-05-18,16.165001,16.385000,16.115000,16.350000,12.569846,367200
2005-05-19,16.370001,16.500000,16.344999,16.480000,12.669787,431800
2005-05-20,16.065001,16.465000,16.065001,16.434999,12.635188,357600
2005-05-23,16.400000,16.590000,16.400000,16.540001,12.715911,612200
2005-05-24,16.535000,16.535000,16.450001,16.510000,12.692855,1025400
2005-05-25,16.455000,16.504999,16.385000,16.459999,12.654410,575000
2005-05-26,16.500000,16.570000,16.469999,16.545000,12.719763,674800
2005-05-27,16.575001,16.575001,16.514999,16.545000,12.719763,987800
2005-05-31,16.520000,16.530001,16.440001,16.485001,12.673634,2169600
2005-06-01,16.549999,16.625000,16.445000,16.555000,12.727447,1338600
2005-06-02,16.490000,16.674999,16.490000,16.639999,12.792793,356200
2005-06-03,16.594999,16.684999,16.490000,16.520000,12.700538,473200
2005-06-06,16.545000,16.575001,16.495001,16.545000,12.719763,742800
2005-06-07,16.514999,16.735001,16.514999,16.570000,12.738976,403000
2005-06-08,16.625000,16.635000,16.490000,16.500000,12.685163,798800
2005-06-09,16.475000,16.605000,16.415001,16.565001,12.735136,852000
2005-06-10,16.559999,16.600000,16.480000,16.565001,12.735136,902200
2005-06-13,16.575001,16.680000,16.495001,16.590000,12.754354,710600
2005-06-14,16.559999,16.805000,16.559999,16.764999,12.888898,628200
2005-06-15,16.805000,16.855000,16.665001,16.764999,12.888898,528400
2005-06-16,16.754999,16.844999,16.754999,16.799999,12.915802,237000
2005-06-17,16.825001,16.915001,16.805000,16.844999,12.969309,307600
2005-06-20,16.750000,16.879999,16.735001,16.855000,12.977013,406800
2005-06-21,16.924999,16.924999,16.790001,16.865000,12.984712,772000
2005-06-22,16.875000,16.940001,16.780001,16.860001,12.980860,955200
2005-06-23,16.825001,16.865000,16.565001,16.565001,12.753736,428800
2005-06-24,16.549999,16.549999,16.410000,16.420000,12.642094,1249200
2005-06-27,16.375000,16.440001,16.340000,16.344999,12.584351,533000
2005-06-28,16.379999,16.590000,16.379999,16.575001,12.761431,344400
2005-06-29,16.575001,16.575001,16.465000,16.475000,12.684439,913000
2005-06-30,16.525000,16.575001,16.389999,16.389999,12.618999,616400
2005-07-01,16.475000,16.480000,16.379999,16.430000,12.649791,1095800
2005-07-05,16.475000,16.600000,16.385000,16.584999,12.769131,515400
2005-07-06,16.525000,16.575001,16.415001,16.434999,12.653641,434200
2005-07-07,16.295000,16.500000,16.225000,16.485001,12.692141,821600
2005-07-08,16.525000,16.745001,16.485001,16.740000,12.888470,2035800
2005-07-11,16.740000,16.860001,16.740000,16.830000,12.957758,638400
2005-07-12,16.870001,16.980000,16.799999,16.940001,13.042451,1113800
2005-07-13,17.014999,17.014999,16.860001,16.895000,13.007805,350400
2005-07-14,17.025000,17.090000,16.945000,16.985001,13.077096,488000
2005-07-15,16.990000,17.094999,16.955000,17.055000,13.130986,391200
2005-07-18,17.000000,17.115000,16.950001,17.070000,13.142546,653600
2005-07-19,17.125000,17.184999,17.080000,17.174999,13.223387,2206400
2005-07-20,17.135000,17.254999,17.035000,17.240000,13.273430,1537600
2005-07-21,17.250000,17.299999,17.139999,17.200001,13.242630,471800
2005-07-22,17.200001,17.309999,17.174999,17.285000,13.308079,297200
2005-07-25,17.275000,17.365000,17.150000,17.150000,13.204136,595800
2005-07-26,17.245001,17.299999,17.190001,17.290001,13.311930,463200
2005-07-27,17.325001,17.334999,17.195000,17.334999,13.346578,504200
2005-07-28,17.370001,17.514999,17.370001,17.510000,13.481309,875000
2005-07-29,17.500000,17.510000,17.320000,17.320000,13.335024,932200
2005-08-01,17.350000,17.395000,17.299999,17.325001,13.338874,529600
2005-08-02,17.355000,17.410000,17.325001,17.410000,13.404318,422800
2005-08-03,17.400000,17.400000,17.305000,17.334999,13.346578,1343200
2005-08-04,17.264999,17.350000,17.115000,17.184999,13.231079,1392600
2005-08-05,17.129999,17.160000,17.004999,17.055000,13.130986,3844200
2005-08-08,17.030001,17.129999,16.990000,17.014999,13.100199,1964000
2005-08-09,17.100000,17.245001,17.049999,17.205000,13.246480,987800
2005-08-10,17.280001,17.400000,17.155001,17.195000,13.238786,894400
2005-08-11,17.225000,17.299999,17.135000,17.270000,13.296528,622800
2005-08-12,17.200001,17.270000,17.025000,17.225000,13.261886,3755200
2005-08-15,17.200001,17.360001,17.155001,17.350000,13.358126,1009200
2005-08-16,17.340000,17.340000,16.985001,16.990000,13.080952,2064400
2005-08-17,16.995001,17.150000,16.975000,17.090000,13.157942,1123200
2005-08-18,17.025000,17.080000,16.959999,17.020000,13.104044,3631800
2005-08-19,17.100000,17.100000,16.934999,16.934999,13.038602,1311200
2005-08-22,17.000000,17.045000,16.805000,16.924999,13.030897,1322200
2005-08-23,16.875000,16.934999,16.809999,16.870001,12.988555,867000
2005-08-24,16.865000,16.950001,16.735001,16.750000,12.896166,735400
2005-08-25,16.725000,16.825001,16.725000,16.795000,12.930819,1162400
2005-08-26,16.750000,16.770000,16.680000,16.725000,12.876922,369000
2005-08-29,16.559999,16.790001,16.559999,16.775000,12.915415,1277200
2005-08-30,16.700001,16.705000,16.504999,16.605000,12.784534,3321600
2005-08-31,16.610001,16.750000,16.535000,16.750000,12.896166,2887400
2005-09-01,16.775000,16.775000,16.530001,16.584999,12.769131,4040800
2005-09-02,16.600000,16.650000,16.480000,16.525000,12.722939,3259200
2005-09-06,16.475000,16.809999,16.475000,16.809999,12.942360,2708200
2005-09-07,16.850000,16.950001,16.775000,16.930000,13.034754,4411000
2005-09-08,16.775000,16.825001,16.745001,16.770000,12.911571,7672800
2005-09-09,16.775000,16.930000,16.775000,16.910000,13.019354,3657400
2005-09-12,16.875000,16.975000,16.855000,16.955000,13.054005,2633600
2005-09-13,16.900000,16.900000,16.709999,16.709999,12.865371,1865400
2005-09-14,16.725000,16.750000,16.535000,16.555000,12.746033,3661000
2005-09-15,16.575001,16.639999,16.525000,16.584999,12.769131,1929000
2005-09-16,16.575001,16.635000,16.525000,16.570000,12.780313,1943200
2005-09-19,16.549999,16.605000,16.299999,16.370001,12.626060,2626200
2005-09-20,16.350000,16.400000,16.059999,16.084999,12.406239,7039000
2005-09-21,16.000000,16.020000,15.825000,15.830000,12.209556,8556800
2005-09-22,15.810000,16.125000,15.800000,16.084999,12.406239,7693800
2005-09-23,16.100000,16.215000,16.025000,16.145000,12.452514,888000
2005-09-26,16.270000,16.340000,16.055000,16.125000,12.437093,1394600
2005-09-27,16.125000,16.170000,16.035000,16.120001,12.433237,1507400
2005-09-28,16.110001,16.160000,15.955000,15.975000,12.321399,4200400
2005-09-29,16.000000,16.145000,15.880000,16.135000,12.444803,3989800
2005-09-30,16.150000,16.264999,16.120001,16.245001,12.529646,3487800
2005-10-03,16.299999,16.325001,16.184999,16.200001,12.494938,937800
2005-10-04,16.230000,16.275000,16.065001,16.090000,12.410092,1184800
2005-10-05,16.100000,16.100000,15.815000,15.820000,12.201846,2793400
2005-10-06,15.850000,16.014999,15.705000,15.835000,12.213414,2597800
2005-10-07,15.900000,15.945000,15.805000,15.850000,12.224986,3912600
2005-10-10,15.900000,15.900000,15.705000,15.730000,12.132423,2495400
2005-10-11,15.700000,15.830000,15.635000,15.670000,12.086150,3681400
2005-10-12,15.650000,15.710000,15.425000,15.495000,11.951174,4074600
2005-10-13,15.375000,15.575000,15.375000,15.540000,11.985882,3636000
2005-10-14,15.575000,15.705000,15.520000,15.695000,12.105434,5346800
2005-10-17,15.755000,15.775000,15.610000,15.725000,12.128573,3444000
2005-10-18,15.750000,15.750000,15.520000,15.560000,12.001311,3990400
2005-10-19,15.475000,15.855000,15.415000,15.855000,12.228844,4007600
2005-10-20,15.900000,15.930000,15.585000,15.660000,12.078438,3083800
2005-10-21,15.820000,15.820000,15.580000,15.640000,12.063017,3304600
2005-10-24,15.700000,15.915000,15.660000,15.910000,12.271258,2881000
2005-10-25,15.945000,15.945000,15.710000,15.795000,12.182564,2121400
2005-10-26,15.725000,15.850000,15.700000,15.700000,12.109291,2617800
2005-10-27,15.745000,15.745000,15.370000,15.385000,11.866333,4210000
2005-10-28,15.500000,15.680000,15.465000,15.655000,12.074582,1877200
2005-10-31,15.845000,15.990000,15.835000,15.915000,12.275114,3836400
2005-11-01,15.940000,15.975000,15.880000,15.925000,12.282828,2513000
2005-11-02,15.945000,16.225000,15.945000,16.205000,12.498794,2417400
2005-11-03,16.325001,16.365000,16.135000,16.209999,12.502650,6520800
2005-11-04,16.299999,16.299999,16.170000,16.270000,12.548928,1793600
2005-11-07,16.325001,16.420000,16.270000,16.400000,12.649196,6092200
2005-11-08,16.395000,16.395000,16.180000,16.215000,12.506506,2753400
2005-11-09,16.200001,16.270000,16.165001,16.209999,12.502650,2485000
2005-11-10,16.174999,16.485001,16.174999,16.455000,12.691618,1672000
2005-11-11,16.455000,16.535000,16.450001,16.504999,12.730182,1682400
2005-11-14,16.600000,16.600000,16.485001,16.514999,12.737897,2326800
2005-11-15,16.545000,16.575001,16.254999,16.270000,12.548928,2862400
2005-11-16,16.270000,16.320000,16.195000,16.260000,12.541209,2085000
2005-11-17,16.299999,16.500000,16.295000,16.475000,12.707042,1882000
2005-11-18,16.934999,16.934999,16.475000,16.584999,12.791883,1674000
2005-11-21,16.549999,16.680000,16.170000,16.645000,12.838165,1563800
2005-11-22,16.625000,16.740000,16.570000,16.719999,12.896009,1177000
2005-11-23,16.750000,16.895000,16.750000,16.840000,12.988564,1616000
2005-11-25,16.889999,16.889999,16.785000,16.840000,12.988564,163600
2005-11-28,17.135000,17.135000,16.665001,16.684999,12.869011,982600
2005-11-29,16.674999,16.799999,16.625000,16.660000,12.849735,1621200
2005-11-30,16.625000,16.705000,16.540001,16.549999,12.764888,3407600
2005-12-01,16.625000,16.754999,16.615000,16.740000,12.911436,2295400
2005-12-02,16.709999,16.825001,16.709999,16.795000,12.953859,2030400
2005-12-05,16.725000,16.750000,16.629999,16.695000,12.876726,8981200
2005-12-06,16.764999,16.860001,16.735001,16.745001,12.915293,1379400
2005-12-07,16.770000,16.795000,16.660000,16.730000,12.903722,2025200
2005-12-08,16.700001,16.754999,16.584999,16.660000,12.849735,1047600
2005-12-09,16.660000,16.709999,16.565001,16.684999,12.869011,1424800
2005-12-12,16.719999,16.785000,16.690001,16.705000,12.884441,1043400
2005-12-13,16.670000,16.834999,16.620001,16.780001,12.942286,1619800
2005-12-14,16.780001,16.920000,16.780001,16.865000,13.007848,2103200
2005-12-15,16.855000,16.934999,16.770000,16.830000,12.980850,938600
2005-12-16,16.795000,16.795000,16.665001,16.705000,12.950233,1284600
2005-12-19,16.665001,16.725000,16.490000,16.525000,12.810688,791000
2005-12-20,16.525000,16.525000,16.385000,16.490000,12.783562,1893800
2005-12-21,16.945000,16.945000,16.440001,16.504999,12.795187,4973400
2005-12-22,16.459999,16.510000,16.434999,16.510000,12.799066,1469400
2005-12-23,16.549999,16.565001,16.500000,16.540001,12.822315,2263400
2005-12-27,16.620001,16.620001,16.400000,16.400000,12.713784,1263800
2005-12-28,16.450001,16.480000,16.420000,16.430000,12.737040,1280600
2005-12-29,16.455000,16.504999,16.424999,16.424999,12.733164,1050400
2005-12-30,16.334999,16.440001,16.315001,16.325001,12.655644,1643800
2006-01-03,16.250000,16.520000,16.125000,16.500000,12.791308,3390600
2006-01-04,16.500000,16.525000,16.410000,16.514999,12.802936,6706800
2006-01-05,16.549999,16.584999,16.475000,16.530001,12.814569,1272600
2006-01-06,16.605000,16.684999,16.530001,16.665001,12.919221,644200
2006-01-09,16.680000,16.834999,16.674999,16.834999,13.051008,1304400
2006-01-10,16.785000,16.875000,16.764999,16.840000,13.054886,1055000
2006-01-11,16.995001,17.065001,16.830000,16.924999,13.120775,1810800
2006-01-12,16.889999,16.889999,16.760000,16.775000,13.004494,637400
2006-01-13,16.805000,16.820000,16.725000,16.780001,13.008369,841600
2006-01-17,16.719999,16.750000,16.650000,16.690001,12.938602,487800
2006-01-18,16.580000,16.740000,16.565001,16.635000,12.895965,2426200
2006-01-19,16.700001,16.830000,16.680000,16.760000,12.992871,1305400
2006-01-20,16.760000,16.760000,16.455000,16.475000,12.771925,1931600
2006-01-23,16.500000,16.535000,16.430000,16.465000,12.764174,1580800
2006-01-24,16.549999,16.635000,16.520000,16.629999,12.892085,1427000
2006-01-25,16.629999,16.670000,16.504999,16.570000,12.845572,2520200
2006-01-26,16.639999,16.674999,16.575001,16.639999,12.899838,684000
2006-01-27,16.645000,16.799999,16.635000,16.715000,12.957983,582600
2006-01-30,16.514999,16.775000,16.514999,16.674999,12.926972,1155000
2006-01-31,16.625000,16.674999,16.565001,16.615000,12.880460,1842800
2006-02-01,16.584999,16.695000,16.580000,16.670000,12.923093,1677800
2006-02-02,16.639999,16.715000,16.575001,16.650000,12.907593,1506000
2006-02-03,16.559999,16.615000,16.514999,16.570000,12.845572,1234200
2006-02-06,16.559999,16.584999,16.504999,16.565001,12.841701,1594200
2006-02-07,16.520000,16.590000,16.424999,16.465000,12.764174,3758200
2006-02-08,16.440001,16.600000,16.440001,16.580000,12.853326,1179600
2006-02-09,16.580000,16.670000,16.570000,16.575001,12.849446,958000
2006-02-10,16.559999,16.665001,16.510000,16.635000,12.895965,907400
2006-02-13,16.629999,16.629999,16.525000,16.594999,12.864952,598800
2006-02-14,16.605000,16.785000,16.555000,16.780001,13.008369,869800
2006-02-15,16.760000,16.865000,16.700001,16.855000,13.066514,1203000
2006-02-16,16.840000,16.915001,16.830000,16.910000,13.109151,1427000
2006-02-17,16.870001,16.875000,16.805000,16.809999,13.031626,1476600
2006-02-21,16.860001,16.895000,16.680000,16.719999,12.961860,620400
2006-02-22,16.740000,16.865000,16.740000,16.844999,13.058761,583600
2006-02-23,16.770000,16.885000,16.754999,16.754999,12.988996,1051400
2006-02-24,16.740000,16.745001,16.625000,16.725000,12.965735,793800
2006-02-27,16.790001,16.920000,16.790001,16.875000,13.082021,1466000
2006-02-28,16.850000,16.855000,16.709999,16.735001,12.973488,1397000
2006-03-01,16.760000,16.865000,16.680000,16.860001,13.070390,3806600
2006-03-02,16.764999,16.780001,16.680000,16.750000,12.985113,1945600
2006-03-03,16.705000,16.840000,16.655001,16.740000,12.977362,1759400
2006-03-06,16.705000,16.750000,16.615000,16.635000,12.895965,814000
2006-03-07,16.575001,16.620001,16.520000,16.559999,12.837820,5432400
2006-03-08,16.514999,16.635000,16.514999,16.590000,12.861077,1037000
2006-03-09,16.594999,16.655001,16.504999,16.525000,12.810688,1013800
2006-03-10,16.555000,16.690001,16.540001,16.680000,12.930852,1587800
2006-03-13,16.695000,16.750000,16.639999,16.674999,12.926972,881000
2006-03-14,16.655001,16.860001,16.625000,16.855000,13.066514,743600
2006-03-15,16.865000,16.955000,16.805000,16.950001,13.140158,3434600
2006-03-16,16.959999,17.035000,16.950001,16.985001,13.167289,1574400
2006-03-17,16.959999,17.045000,16.959999,17.010000,13.189389,3307400
2006-03-20,16.995001,17.045000,16.940001,16.969999,13.158379,642200
2006-03-21,16.885000,17.000000,16.844999,16.875000,13.084720,1032400
2006-03-22,16.855000,16.940001,16.840000,16.930000,13.127362,755800
2006-03-23,16.865000,16.934999,16.850000,16.920000,13.119603,609000
2006-03-24,16.905001,16.934999,16.825001,16.895000,13.100224,530200
2006-03-27,16.834999,16.934999,16.834999,16.889999,13.096340,1775600
2006-03-28,16.840000,16.959999,16.790001,16.799999,13.026559,3976400
2006-03-29,16.895000,16.959999,16.799999,16.950001,13.142865,1277200
2006-03-30,16.940001,17.004999,16.825001,16.879999,13.088595,1177000
2006-03-31,16.885000,16.905001,16.799999,16.830000,13.049824,734400
2006-04-03,16.905001,16.910000,16.754999,16.770000,13.003304,1430000
2006-04-04,16.754999,16.870001,16.719999,16.865000,13.076962,2144200
2006-04-05,16.865000,16.990000,16.865000,16.975000,13.162257,1163400
2006-04-06,16.915001,17.035000,16.915001,17.010000,13.189389,660400
2006-04-07,17.049999,17.139999,16.905001,16.934999,13.131238,948400
2006-04-10,16.900000,16.969999,16.870001,16.910000,13.111854,756600
2006-04-11,16.990000,16.990000,16.754999,16.775000,13.007177,1756000
2006-04-12,16.775000,16.790001,16.715000,16.760000,12.995550,1208000
2006-04-13,17.184999,17.184999,16.719999,16.799999,13.026559,644400
2006-04-17,16.825001,16.825001,16.645000,16.715000,12.960654,1054200
2006-04-18,16.745001,16.969999,16.740000,16.959999,13.150627,747400
2006-04-19,16.950001,16.965000,16.844999,16.900000,13.104096,2808800
2006-04-20,16.915001,17.014999,16.860001,16.965000,13.154499,1189600
2006-04-21,17.000000,17.000000,16.785000,16.834999,13.053695,2525200
2006-04-24,16.834999,16.850000,16.740000,16.830000,13.049824,465800
2006-04-25,16.799999,16.860001,16.750000,16.805000,13.030443,1138800
2006-04-26,16.834999,16.959999,16.830000,16.920000,13.119603,1635800
2006-04-27,16.895000,17.120001,16.844999,17.055000,13.224278,4334000
2006-04-28,17.045000,17.120001,17.000000,17.045000,13.216530,1483600
2006-05-01,17.040001,17.150000,16.950001,16.950001,13.142865,1233000
2006-05-02,16.969999,17.045000,16.930000,16.965000,13.154499,3660000
2006-05-03,16.980000,17.010000,16.930000,17.010000,13.189389,1262200
2006-05-04,17.025000,17.110001,17.025000,17.105000,13.263054,2259800
2006-05-05,17.219999,17.330000,17.170000,17.305000,13.418137,3301200
2006-05-08,17.305000,17.379999,17.305000,17.330000,13.437524,1950400
2006-05-09,17.334999,17.379999,17.325001,17.379999,13.476287,1222400
2006-05-10,17.365000,17.410000,17.340000,17.389999,13.484045,614600
2006-05-11,17.340000,17.350000,17.184999,17.215000,13.348350,1554000
2006-05-12,17.125000,17.174999,17.000000,17.045000,13.216530,1811600
2006-05-15,17.025000,17.100000,16.945000,17.090000,13.251423,2416600
2006-05-16,17.045000,17.045000,16.940001,16.969999,13.158379,1280000
2006-05-17,16.910000,16.910000,16.719999,16.735001,12.976162,1375800
2006-05-18,16.775000,16.875000,16.719999,16.725000,12.968408,1421800
2006-05-19,16.764999,16.885000,16.700001,16.840000,13.057576,1997000
2006-05-22,16.735001,16.844999,16.575001,16.719999,12.964531,3256800
2006-05-23,16.760000,16.785000,16.594999,16.594999,12.867604,1224400
2006-05-24,16.504999,16.684999,16.480000,16.620001,12.886994,2467200
2006-05-25,16.680000,16.780001,16.650000,16.780001,13.011053,2237800
2006-05-26,16.840000,16.865000,16.815001,16.834999,13.053695,1078400
2006-05-30,16.709999,16.735001,16.580000,16.580000,12.855976,1625800
2006-05-31,16.615000,16.770000,16.615000,16.760000,12.995550,1071000
2006-06-01,16.799999,17.040001,16.730000,17.020000,13.197145,2394600
2006-06-02,17.075001,17.075001,16.834999,16.985001,13.170005,902400
2006-06-05,16.900000,16.930000,16.705000,16.715000,12.960654,1536800
2006-06-06,16.709999,16.709999,16.525000,16.629999,12.894745,5799400
2006-06-07,16.615000,16.775000,16.615000,16.635000,12.898622,1816400
2006-06-08,16.535000,16.650000,16.355000,16.610001,12.879234,3948200
2006-06-09,16.665001,16.670000,16.565001,16.570000,12.848218,1102000
2006-06-12,16.540001,16.559999,16.340000,16.350000,12.677639,1666800
2006-06-13,16.330000,16.424999,16.205000,16.219999,12.576833,7052600
2006-06-14,16.230000,16.315001,16.205000,16.295000,12.634986,2324800
2006-06-15,16.365000,16.695000,16.365000,16.650000,12.910252,2283800
2006-06-16,16.594999,16.655001,16.530001,16.575001,12.879559,670200
2006-06-19,16.670000,16.670000,16.455000,16.485001,12.809624,1101000
2006-06-20,16.495001,16.525000,16.415001,16.424999,12.762998,705200
2006-06-21,16.475000,16.655001,16.410000,16.584999,12.887324,597600
2006-06-22,16.530001,16.570000,16.430000,16.455000,12.786316,1137600
2006-06-23,16.424999,16.540001,16.375000,16.440001,12.774658,382600
2006-06-26,16.434999,16.525000,16.434999,16.525000,12.840704,595200
2006-06-27,16.525000,16.535000,16.295000,16.315001,12.677526,784200
2006-06-28,16.290001,16.365000,16.250000,16.330000,12.689179,757800
2006-06-29,16.330000,16.690001,16.330000,16.684999,12.965036,1267000
2006-06-30,16.740000,16.750000,16.670000,16.695000,12.972806,1168600
2006-07-03,16.754999,16.754999,16.645000,16.719999,12.992232,574400
2006-07-05,16.525000,16.594999,16.490000,16.565001,12.871793,1193000
2006-07-06,16.559999,16.639999,16.525000,16.575001,12.879559,612000
2006-07-07,16.465000,16.650000,16.415001,16.450001,12.782434,635600
2006-07-10,16.480000,16.565001,16.420000,16.469999,12.797970,557000
2006-07-11,16.469999,16.469999,16.290001,16.455000,12.786316,861000
2006-07-12,16.480000,16.480000,16.174999,16.195000,12.584283,1369200
2006-07-13,16.125000,16.129999,15.890000,15.900000,12.355054,1182400
2006-07-14,15.855000,15.855000,15.635000,15.695000,12.195753,3050800
2006-07-17,15.695000,15.830000,15.695000,15.805000,12.281232,1093400
2006-07-18,15.780000,15.785000,15.565000,15.710000,12.207412,2986400
2006-07-19,15.740000,16.045000,15.740000,16.025000,12.452178,2757400
2006-07-20,15.970000,16.020000,15.800000,15.815000,12.289004,1637600
2006-07-21,15.800000,15.800000,15.640000,15.670000,12.176327,3437800
2006-07-24,15.745000,16.035000,15.745000,16.010000,12.440530,2732800
2006-07-25,15.995000,16.195000,15.950000,16.155001,12.553201,3181200
2006-07-26,16.080000,16.100000,15.960000,15.970000,12.409446,4408000
2006-07-27,16.080000,16.145000,15.905000,15.935000,12.382251,1529400
2006-07-28,16.000000,16.155001,16.000000,16.129999,12.533772,5324800
2006-07-31,16.059999,16.170000,16.059999,16.139999,12.541547,845000
2006-08-01,16.115000,16.129999,15.910000,15.990000,12.424985,2523600
2006-08-02,16.035000,16.150000,16.020000,16.120001,12.526005,1246800
2006-08-03,16.020000,16.270000,15.955000,16.219999,12.603705,1043800
2006-08-04,16.410000,16.500000,16.155001,16.225000,12.607592,4625600
2006-08-07,16.230000,16.245001,16.115000,16.190001,12.580397,1541000
2006-08-08,16.245001,16.245001,15.985000,16.025000,12.452178,3060600
2006-08-09,16.100000,16.100000,15.790000,15.805000,12.281232,4976000
2006-08-10,15.825000,16.035000,15.780000,16.020000,12.448298,5159600
2006-08-11,15.995000,16.040001,15.950000,16.014999,12.444414,2764800
2006-08-14,16.170000,16.215000,16.040001,16.059999,12.479378,3873800
2006-08-15,16.215000,16.305000,16.155001,16.285000,12.654212,4862800
2006-08-16,16.290001,16.469999,16.275000,16.450001,12.782434,5026200
2006-08-17,16.465000,16.605000,16.445000,16.549999,12.860129,4186200
2006-08-18,16.605000,16.605000,16.430000,16.545000,12.856247,7009600
2006-08-21,16.325001,16.389999,16.315001,16.365000,12.716381,1106000
2006-08-22,16.315001,16.405001,16.295000,16.350000,12.704725,831400
2006-08-23,16.295000,16.355000,16.155001,16.205000,12.592052,2821600
2006-08-24,16.165001,16.215000,16.080000,16.120001,12.526005,561200
2006-08-25,16.055000,16.139999,16.040001,16.120001,12.526005,1276400
2006-08-28,16.110001,16.340000,16.110001,16.280001,12.650329,5019400
2006-08-29,16.315001,16.400000,16.240000,16.400000,12.743576,2389600
2006-08-30,16.360001,16.430000,16.334999,16.410000,12.751347,1550200
2006-08-31,16.430000,16.480000,16.375000,16.459999,12.790197,894000
2006-09-01,16.495001,16.625000,16.495001,16.594999,12.895100,2298800
2006-09-05,16.594999,16.655001,16.584999,16.645000,12.933957,1703600
2006-09-06,16.575001,16.590000,16.440001,16.440001,12.774658,2578800
2006-09-07,16.360001,16.584999,16.360001,16.495001,12.817393,2309600
2006-09-08,16.459999,16.645000,16.450001,16.645000,12.933957,706000
2006-09-11,16.645000,16.815001,16.580000,16.775000,13.034966,1651200
2006-09-12,16.775000,17.190001,16.775000,17.165001,13.338016,4548200
2006-09-13,17.184999,17.264999,17.129999,17.235001,13.392416,4447200
2006-09-14,17.235001,17.235001,17.055000,17.190001,13.357441,2214600
2006-09-15,17.235001,17.280001,17.139999,17.230000,13.414280,5961000
2006-09-18,17.184999,17.209999,17.075001,17.139999,13.344209,3872400
2006-09-19,17.150000,17.174999,17.055000,17.174999,13.371459,3437400
2006-09-20,17.225000,17.344999,17.225000,17.299999,13.468776,3207800
2006-09-21,17.365000,17.385000,17.150000,17.205000,13.394813,5654200
2006-09-22,17.205000,17.205000,17.065001,17.190001,13.383136,5794200
2006-09-25,17.230000,17.514999,17.184999,17.455000,13.589451,4442000
2006-09-26,17.415001,17.610001,17.389999,17.605000,13.706232,3895000
2006-09-27,17.549999,17.705000,17.540001,17.575001,13.682874,6056000
2006-09-28,17.584999,17.650000,17.434999,17.570000,13.678988,2887200
2006-09-29,17.610001,17.620001,17.465000,17.475000,13.605021,2456400
2006-10-02,17.465000,17.635000,17.455000,17.514999,13.636161,3643200
2006-10-03,17.535000,17.715000,17.485001,17.665001,13.752947,4671200
2006-10-04,17.674999,17.934999,17.635000,17.920000,13.951476,5966400
2006-10-05,17.885000,18.004999,17.754999,17.969999,13.990398,3200600
2006-10-06,17.950001,18.004999,17.870001,17.934999,13.963155,3194600
2006-10-09,17.955000,18.105000,17.879999,18.059999,14.060467,2211000
2006-10-10,18.120001,18.170000,18.065001,18.170000,14.146102,5808000
2006-10-11,18.100000,18.170000,18.025000,18.125000,14.111073,914200
2006-10-12,18.245001,18.389999,18.215000,18.365000,14.297928,3796800
2006-10-13,18.275000,18.315001,18.240000,18.315001,14.258996,2385000
2006-10-16,18.254999,18.334999,18.240000,18.299999,14.247315,1262800
2006-10-17,18.195000,18.240000,18.110001,18.235001,14.196712,4380200
2006-10-18,18.370001,18.379999,18.195000,18.250000,14.208389,5154400
2006-10-19,18.254999,18.330000,18.160000,18.240000,14.200604,3883400
2006-10-20,18.295000,18.295000,18.155001,18.215000,14.181136,5857600
2006-10-23,18.180000,18.455000,18.174999,18.455000,14.367994,3074000
2006-10-24,18.405001,18.525000,18.375000,18.525000,14.422489,2467400
2006-10-25,18.555000,18.559999,18.395000,18.459999,14.371882,1450600
2006-10-26,18.545000,18.725000,18.520000,18.715000,14.570406,2906400
2006-10-27,18.665001,18.665001,18.500000,18.530001,14.426379,4738400
2006-10-30,18.525000,18.670000,18.480000,18.645000,14.515916,2921200
2006-10-31,18.705000,18.735001,18.540001,18.605000,14.484772,1755000
2006-11-01,18.635000,18.639999,18.440001,18.459999,14.371882,4317600
2006-11-02,18.350000,18.459999,18.295000,18.440001,14.356317,3902800
2006-11-03,18.465000,18.500000,18.215000,18.299999,14.247315,8386200
2006-11-06,18.410000,18.565001,18.315001,18.525000,14.422489,3559600
2006-11-07,18.525000,18.635000,18.480000,18.575001,14.461415,4232800
2006-11-08,18.549999,18.690001,18.485001,18.665001,14.531480,1692200
2006-11-09,18.695000,18.695000,18.570000,18.605000,14.484772,2199600
2006-11-10,18.594999,18.665001,18.535000,18.665001,14.531480,1572200
2006-11-13,18.625000,18.790001,18.625000,18.690001,14.550944,3735000
2006-11-14,18.745001,18.905001,18.605000,18.895000,14.710540,3204600
2006-11-15,18.940001,19.025000,18.895000,18.965000,14.765044,1675600
2006-11-16,19.014999,19.115000,18.969999,19.090000,14.862368,1965400
2006-11-17,19.030001,19.055000,18.945000,19.055000,14.835112,9265800
2006-11-20,19.040001,19.075001,18.975000,18.980000,14.776718,10451800
2006-11-21,18.975000,19.045000,18.965000,19.035000,14.819545,1922600
2006-11-22,19.025000,19.105000,18.980000,19.075001,14.850685,3699400
2006-11-24,19.045000,19.049999,18.924999,18.975000,14.772833,789600
2006-11-27,18.955000,18.975000,18.684999,18.700001,14.558740,2921200
2006-11-28,18.625000,18.705000,18.570000,18.690001,14.550944,3602200
2006-11-29,18.815001,18.870001,18.750000,18.820000,14.652147,1983200
2006-11-30,18.809999,18.905001,18.680000,18.840000,14.667728,2804800
2006-12-01,18.820000,18.965000,18.674999,18.815001,14.648268,2886800
2006-12-04,18.865000,19.075001,18.805000,19.014999,14.803971,3589000
2006-12-05,18.995001,19.195000,18.995001,19.174999,14.928545,3834000
2006-12-06,19.150000,19.209999,19.139999,19.160000,14.916861,1986600
2006-12-07,19.170000,19.225000,19.055000,19.070000,14.846797,1197000
2006-12-08,19.100000,19.180000,19.020000,19.110001,14.877934,667800
2006-12-11,19.105000,19.200001,19.065001,19.180000,14.932433,1249000
2006-12-12,19.139999,19.145000,19.030001,19.075001,14.850685,2017200
2006-12-13,19.150000,19.209999,19.100000,19.174999,14.928545,3448400
2006-12-14,19.200001,19.385000,19.150000,19.375000,15.084247,1317800
2006-12-15,19.309999,19.389999,19.209999,19.225000,15.020962,1936400
2006-12-18,19.225000,19.285000,19.174999,19.209999,15.009241,3305600
2006-12-19,19.120001,19.245001,19.059999,19.219999,15.017057,2136600
2006-12-20,19.190001,19.299999,19.190001,19.215000,15.013145,3561200
2006-12-21,19.254999,19.290001,19.120001,19.129999,14.946740,5625000
2006-12-22,19.110001,19.174999,19.065001,19.115000,14.935016,1196000
2006-12-26,19.100000,19.184999,19.049999,19.174999,14.981895,990000
2006-12-27,19.225000,19.305000,19.200001,19.299999,15.079563,612600
2006-12-28,19.305000,19.330000,19.250000,19.280001,15.063944,391000
2006-12-29,19.254999,19.340000,19.170000,19.180000,14.985805,1328600
2007-01-03,19.285000,19.415001,19.120001,19.260000,15.048304,4006400
2007-01-04,19.230000,19.315001,19.150000,19.254999,15.044401,2673200
2007-01-05,19.200001,19.250000,19.100000,19.125000,14.942831,2029800
2007-01-08,19.125000,19.180000,19.014999,19.155001,14.966270,6240200
2007-01-09,19.254999,19.280001,19.145000,19.260000,15.048304,2286600
2007-01-10,19.209999,19.370001,19.155001,19.360001,15.126447,2033000
2007-01-11,19.350000,19.584999,19.334999,19.575001,15.294428,1412800
2007-01-12,19.580000,19.635000,19.510000,19.629999,15.337403,1654800
2007-01-16,19.594999,19.715000,19.594999,19.700001,15.392093,1778600
2007-01-17,19.690001,19.764999,19.684999,19.700001,15.392093,1676400
2007-01-18,19.745001,19.840000,19.730000,19.809999,15.478033,2024600
2007-01-19,19.770000,19.860001,19.750000,19.805000,15.474138,1963000
2007-01-22,19.840000,19.844999,19.655001,19.680000,15.376462,4308000
2007-01-23,19.730000,19.840000,19.690001,19.750000,15.431152,3004400
2007-01-24,19.790001,19.825001,19.730000,19.825001,15.489759,1950600
2007-01-25,19.785000,19.785000,19.485001,19.510000,15.243640,1849800
2007-01-26,19.530001,19.559999,19.360001,19.415001,15.169414,2090800
2007-01-29,19.424999,19.549999,19.405001,19.465000,15.208470,3368000
2007-01-30,19.490000,19.540001,19.450001,19.520000,15.251454,2538400
2007-01-31,19.475000,19.764999,19.475000,19.730000,15.415533,2298200
2007-02-01,19.735001,19.815001,19.709999,19.799999,15.470229,2376600
2007-02-02,19.820000,19.870001,19.790001,19.855000,15.513199,1215400
2007-02-05,19.825001,19.830000,19.730000,19.790001,15.462420,1529600
2007-02-06,19.790001,19.860001,19.750000,19.860001,15.517104,2747800
2007-02-07,19.879999,19.980000,19.840000,19.955000,15.591331,1846000
2007-02-08,19.924999,19.924999,19.844999,19.915001,15.560083,1925000
2007-02-09,19.934999,19.995001,19.635000,19.730000,15.415533,2254400
2007-02-12,19.750000,19.770000,19.594999,19.635000,15.341303,1739400
2007-02-13,19.680000,19.809999,19.655001,19.805000,15.474138,1874000
2007-02-14,19.825001,19.934999,19.790001,19.910000,15.556167,1983200
2007-02-15,19.905001,19.975000,19.834999,19.975000,15.606956,2834400
2007-02-16,19.870001,19.950001,19.834999,19.950001,15.587431,1662200
2007-02-20,19.915001,20.105000,19.875000,20.094999,15.700712,1840200
2007-02-21,20.000000,20.059999,19.985001,20.014999,15.638203,4133200
2007-02-22,20.040001,20.059999,19.885000,19.969999,15.603047,2336800
2007-02-23,19.995001,20.010000,19.850000,19.924999,15.567891,1592400
2007-02-26,19.924999,19.940001,19.690001,19.754999,15.435065,1819200
2007-02-27,19.540001,19.545000,18.840000,19.075001,14.903767,7062400
2007-02-28,19.645000,19.645000,18.940001,19.139999,14.954549,10877600
2007-03-01,19.120001,19.135000,18.670000,19.030001,14.868602,5320800
2007-03-02,18.959999,19.065001,18.875000,18.889999,14.759225,3838600
2007-03-05,18.660000,18.875000,18.615000,18.639999,14.563889,6012400
2007-03-06,18.805000,19.004999,18.719999,18.959999,14.813915,2622400
2007-03-07,18.850000,19.030001,18.850000,18.940001,14.798285,2607800
2007-03-08,18.969999,19.219999,18.959999,19.090000,14.915483,1670200
2007-03-09,19.209999,19.235001,19.025000,19.129999,14.946740,2513600
2007-03-12,19.094999,19.160000,19.055000,19.105000,14.927202,818400
2007-03-13,18.995001,19.035000,18.709999,18.754999,14.653735,1717800
2007-03-14,18.684999,18.785000,18.430000,18.719999,14.626391,5315600
2007-03-15,18.745001,18.850000,18.730000,18.760000,14.657647,1924400
2007-03-16,18.790001,18.825001,18.660000,18.660000,14.605987,1925200
2007-03-19,18.834999,18.934999,18.799999,18.934999,14.821239,2368000
2007-03-20,18.905001,19.075001,18.889999,19.075001,14.930828,2645600
2007-03-21,19.070000,19.400000,19.010000,19.375000,15.165645,3908400
2007-03-22,19.405001,19.405001,19.235001,19.320000,15.122595,4584400
2007-03-23,19.245001,19.385000,19.245001,19.330000,15.130427,2148400
2007-03-26,19.285000,19.330000,19.120001,19.235001,15.056062,2417800
2007-03-27,19.160000,19.174999,19.070000,19.115000,14.962134,3325800
2007-03-28,18.969999,19.020000,18.855000,18.900000,14.793839,3322200
2007-03-29,19.059999,19.059999,18.840000,18.965000,14.844728,6632600
2007-03-30,18.990000,19.094999,18.850000,19.014999,14.883863,2737800
2007-04-02,19.045000,19.094999,18.955000,19.080000,14.934740,2684800
2007-04-03,19.200001,19.379999,19.180000,19.325001,15.126512,2689200
2007-04-04,19.299999,19.330000,19.250000,19.270000,15.083460,3012800
2007-04-05,19.254999,19.424999,19.254999,19.424999,15.204780,1554400
2007-04-09,19.465000,19.465000,19.365000,19.410000,15.193040,1425400
2007-04-10,19.400000,19.465000,19.389999,19.450001,15.224348,2728600
2007-04-11,19.424999,19.465000,19.280001,19.299999,15.106941,1813600
2007-04-12,19.290001,19.445000,19.165001,19.434999,15.212605,2247800
2007-04-13,19.455000,19.469999,19.330000,19.450001,15.224348,2622000
2007-04-16,19.500000,19.660000,19.500000,19.645000,15.376991,3262800
2007-04-17,19.620001,19.725000,19.620001,19.725000,15.439610,1303000
2007-04-18,19.639999,19.719999,19.570000,19.709999,15.427870,1650600
2007-04-19,19.540001,19.625000,19.510000,19.555000,15.306540,3858400
2007-04-20,19.730000,19.820000,19.650000,19.785000,15.486573,1360200
2007-04-23,19.780001,19.799999,19.690001,19.745001,15.455254,1581000
2007-04-24,19.715000,19.715000,19.535000,19.674999,15.400477,3504800
2007-04-25,19.775000,19.889999,19.705000,19.875000,15.557027,6752400
2007-04-26,19.915001,19.920000,19.775000,19.844999,15.533530,3765200
2007-04-27,19.815001,19.815001,19.680000,19.715000,15.431782,5667200
2007-04-30,19.745001,19.745001,19.465000,19.465000,15.236092,3276600
2007-05-01,19.440001,19.549999,18.915001,19.520000,15.279146,5701400
2007-05-02,19.605000,19.785000,19.600000,19.745001,15.455254,6979200
2007-05-03,19.725000,19.775000,19.650000,19.705000,15.423956,4579800
2007-05-04,19.754999,19.834999,19.650000,19.750000,15.459171,2310000
2007-05-07,19.725000,19.785000,19.709999,19.750000,15.459171,1999000
2007-05-08,19.650000,19.709999,19.615000,19.665001,15.392640,2136000
2007-05-09,19.600000,19.799999,19.600000,19.785000,15.486573,4621400
2007-05-10,19.660000,19.760000,19.504999,19.570000,15.318283,3558400
2007-05-11,19.620001,19.650000,19.545000,19.650000,15.380900,2690800
2007-05-14,19.665001,19.745001,19.570000,19.650000,15.380900,1813800
2007-05-15,19.600000,19.760000,19.520000,19.580000,15.326104,6546200
2007-05-16,19.635000,19.674999,19.514999,19.650000,15.380900,1969400
2007-05-17,19.610001,19.725000,19.610001,19.680000,15.404379,2336200
2007-05-18,19.764999,20.025000,19.660000,19.860001,15.545274,3790800
2007-05-21,19.910000,20.000000,19.865000,19.934999,15.603986,6525200
2007-05-22,19.969999,19.980000,19.875000,19.915001,15.588329,2270200
2007-05-23,20.040001,20.115000,19.915001,19.924999,15.596155,5535000
2007-05-24,19.950001,20.059999,19.750000,19.764999,15.470922,5078600
2007-05-25,19.785000,19.865000,19.775000,19.834999,15.525704,3348600
2007-05-29,19.825001,19.905001,19.745001,19.820000,15.513969,2917400
2007-05-30,19.730000,20.000000,19.690001,20.000000,15.654864,3148000
2007-05-31,20.049999,20.075001,19.969999,20.049999,15.693996,2658600
2007-06-01,20.129999,20.195000,20.084999,20.165001,15.784019,3511000
2007-06-04,20.110001,20.215000,20.065001,20.205000,15.815322,2728200
2007-06-05,20.110001,20.135000,19.980000,20.084999,15.721390,3901400
2007-06-06,19.955000,19.969999,19.830000,19.830000,15.521794,5718800
2007-06-07,19.825001,19.834999,19.459999,19.459999,15.232183,7069600
2007-06-08,19.459999,19.709999,19.440001,19.709999,15.427870,3879600
2007-06-11,19.610001,19.715000,19.580000,19.645000,15.376991,2024400
2007-06-12,19.510000,19.665001,19.434999,19.485001,15.251750,3262400
2007-06-13,19.559999,19.709999,19.490000,19.709999,15.427870,2794200
2007-06-14,19.684999,19.860001,19.684999,19.850000,15.537457,1898800
2007-06-15,19.965000,20.000000,19.879999,19.915001,15.615869,5280400
2007-06-18,19.915001,19.930000,19.820000,19.830000,15.549211,1575200
2007-06-19,19.805000,19.905001,19.730000,19.895000,15.600177,6225200
2007-06-20,20.000000,20.065001,19.815001,19.860001,15.572732,5319000
2007-06-21,19.795000,19.879999,19.625000,19.825001,15.545297,5831400
2007-06-22,19.754999,19.785000,19.620001,19.695000,15.443356,4572400
2007-06-25,19.690001,19.790001,19.540001,19.615000,15.380627,3643400
2007-06-26,19.674999,19.695000,19.480000,19.480000,15.274766,19500200
2007-06-27,19.459999,19.715000,19.395000,19.680000,15.431587,3743400
2007-06-28,19.690001,19.799999,19.639999,19.639999,15.400221,6325600
2007-06-29,19.700001,19.834999,19.549999,19.665001,15.419828,3892400
2007-07-02,19.700001,19.905001,19.504999,19.770000,15.502163,2482800
2007-07-03,19.805000,19.844999,19.725000,19.799999,15.525688,3641600
2007-07-05,19.850000,19.940001,19.700001,19.905001,15.608032,6692600
2007-07-06,19.875000,20.350000,19.510000,20.084999,15.749158,4295400
2007-07-09,20.080000,20.094999,19.965000,20.010000,15.690353,2917200
2007-07-10,19.875000,19.889999,19.590000,19.655001,15.411995,9010800
2007-07-11,19.559999,19.775000,18.764999,19.770000,15.502163,5010000
2007-07-12,19.809999,19.975000,19.770000,19.924999,15.623704,3846000
2007-07-13,19.940001,20.065001,19.920000,20.025000,15.702117,3988600
2007-07-16,20.020000,20.045000,19.900000,19.945000,15.639384,2074800
2007-07-17,19.975000,19.990000,19.924999,19.965000,15.655078,3545600
2007-07-18,19.910000,19.980000,19.775000,19.940001,15.635464,3318200
2007-07-19,19.965000,20.040001,19.940001,19.985001,15.670748,2653400
2007-07-20,19.930000,19.990000,19.709999,19.730000,15.470805,7011000
2007-07-23,19.940001,19.940001,19.730000,19.760000,15.494328,3347000
2007-07-24,19.655001,19.799999,19.365000,19.450001,15.251240,9405200
2007-07-25,19.625000,19.625000,19.280001,19.385000,15.200278,9219200
2007-07-26,19.115000,19.155001,18.610001,18.815001,14.753325,13686800
2007-07-27,18.780001,18.895000,18.520000,18.520000,14.522013,11721200
2007-07-30,18.570000,18.825001,18.469999,18.785000,14.729805,7006800
2007-07-31,18.930000,19.045000,18.490000,18.500000,14.506319,6688400
2007-08-01,18.504999,18.555000,18.209999,18.525000,14.525926,10044400
2007-08-02,18.625000,18.760000,18.510000,18.760000,14.710196,10718400
2007-08-03,18.680000,18.709999,18.160000,18.184999,14.259329,9537400
2007-08-06,18.245001,18.480000,18.075001,18.475000,14.486719,9800800
2007-08-07,18.385000,18.690001,18.290001,18.580000,14.569059,9487800
2007-08-08,18.674999,18.855000,18.520000,18.790001,14.733722,12134600
2007-08-09,18.455000,18.615000,18.260000,18.260000,14.318133,7957600
2007-08-10,18.065001,18.355000,17.889999,18.180000,14.255413,11018400
2007-08-13,18.350000,18.600000,18.280001,18.280001,14.333818,9877800
2007-08-14,18.250000,18.250000,17.799999,17.815001,13.969195,9503200
2007-08-15,17.735001,17.990000,17.535000,17.625000,13.820216,9235000
2007-08-16,17.379999,17.674999,17.120001,17.650000,13.839823,14444600
2007-08-17,18.059999,18.405001,17.625000,17.775000,13.937834,11844400
2007-08-20,17.934999,18.010000,17.780001,17.870001,14.012324,11854400
2007-08-21,17.870001,18.075001,17.825001,17.990000,14.106419,5679200
2007-08-22,18.190001,18.290001,18.100000,18.230000,14.294612,8271000
2007-08-23,18.355000,18.400000,18.139999,18.160000,14.239721,3795200
2007-08-24,18.230000,18.525000,18.215000,18.525000,14.525926,5526400
2007-08-27,18.430000,18.465000,18.260000,18.270000,14.325979,3659600
2007-08-28,18.215000,18.245001,17.830000,17.830000,13.980965,5259800
2007-08-29,17.950001,18.400000,17.910000,18.389999,14.420071,3746000
2007-08-30,18.184999,18.389999,18.150000,18.315001,14.361260,3459000
2007-08-31,18.469999,18.670000,18.385000,18.615000,14.596499,6452600
2007-09-04,18.514999,18.650000,18.455000,18.639999,14.616097,6038600
2007-09-05,18.389999,18.445000,18.264999,18.344999,14.384789,8725800
2007-09-06,18.410000,18.465000,18.270000,18.389999,14.420071,3451200
2007-09-07,18.110001,18.120001,17.934999,17.950001,14.075054,17765200
2007-09-10,18.045000,18.080000,17.770000,17.855000,14.000559,11944000
2007-09-11,17.930000,18.120001,17.924999,18.055000,14.157391,6486000
2007-09-12,18.035000,18.155001,18.025000,18.065001,14.165229,2349800
2007-09-13,18.225000,18.420000,18.135000,18.315001,14.361260,5622200
2007-09-14,18.219999,18.434999,18.120001,18.434999,14.455352,7986600
2007-09-17,18.254999,18.315001,18.190001,18.209999,14.278924,3090600
2007-09-18,18.350000,18.920000,18.295000,18.920000,14.835661,8894800
2007-09-19,19.010000,19.545000,18.844999,18.955000,14.863100,10952800
2007-09-20,18.905001,18.905001,18.580000,18.580000,14.569059,5940400
2007-09-21,18.750000,18.750000,18.530001,18.549999,14.574155,4722000
2007-09-24,18.590000,18.629999,18.395000,18.395000,14.452382,5671600
2007-09-25,18.250000,18.250000,18.045000,18.155001,14.263817,16770200
2007-09-26,18.285000,18.844999,18.155001,18.415001,14.468093,13297600
2007-09-27,18.430000,18.430000,18.325001,18.325001,14.397385,6220600
2007-09-28,18.355000,18.415001,18.285000,18.415001,14.468093,4967000
2007-10-01,18.424999,18.655001,18.424999,18.655001,14.656652,6250400
2007-10-02,18.639999,18.719999,18.620001,18.650000,14.652726,9103600
2007-10-03,18.615000,18.840000,18.600000,18.754999,14.735220,15047200
2007-10-04,18.785000,18.785000,18.639999,18.660000,14.660584,8029200
2007-10-05,18.785000,19.075001,18.775000,19.075001,14.986638,11743000
2007-10-08,18.980000,18.980000,18.860001,18.950001,14.888431,5501800
2007-10-09,18.934999,18.985001,18.805000,18.980000,14.911995,7098600
2007-10-10,18.950001,18.990000,18.865000,18.900000,14.849143,4303600
2007-10-11,18.955000,19.125000,18.770000,18.815001,14.782363,10834200
2007-10-12,18.875000,18.990000,18.825001,18.910000,14.857003,6294400
2007-10-15,18.500000,18.950001,18.500000,18.610001,14.621297,5893000
2007-10-16,18.600000,18.665001,18.510000,18.549999,14.574155,6700200
2007-10-17,18.665001,18.705000,18.344999,18.570000,14.589878,9819600
2007-10-18,18.389999,18.500000,18.254999,18.400000,14.456306,9970200
2007-10-19,18.379999,18.545000,17.990000,17.990000,14.134184,15145400
2007-10-22,17.905001,18.219999,17.610001,18.150000,14.259899,6265000
2007-10-23,18.334999,18.334999,18.065001,18.235001,14.326674,10475400
2007-10-24,18.150000,18.245001,17.910000,18.174999,14.279537,12349600
2007-10-25,18.184999,18.290001,17.900000,18.065001,14.193109,9025400
2007-10-26,18.160000,18.275000,18.010000,18.275000,14.358107,7117600
2007-10-29,18.250000,18.340000,18.219999,18.325001,14.397385,4356800
2007-10-30,18.260000,18.344999,18.245001,18.270000,14.354178,3921400
2007-10-31,18.320000,18.430000,18.160000,18.325001,14.397385,7409800
2007-11-01,18.225000,18.254999,17.860001,17.860001,14.032046,7494000
2007-11-02,18.184999,18.184999,17.705000,17.850000,14.024191,8737600
2007-11-05,17.740000,17.809999,17.555000,17.610001,13.835631,7736400
2007-11-06,17.545000,17.780001,17.540001,17.764999,13.957415,4781200
2007-11-07,17.540001,17.725000,17.375000,17.400000,13.670643,10409000
2007-11-08,17.500000,17.600000,17.080000,17.350000,13.631359,11425600
2007-11-09,16.910000,17.209999,16.910000,16.955000,13.321020,9484800
2007-11-12,16.955000,17.264999,16.825001,16.980000,13.340666,7027400
2007-11-13,17.305000,17.475000,17.084999,17.450001,13.709924,6772000
2007-11-14,17.475000,17.535000,17.090000,17.174999,13.493867,7855800
2007-11-15,17.025000,17.205000,16.940001,17.010000,13.364230,5805800
2007-11-16,17.250000,17.250000,16.844999,17.004999,13.360302,11178600
2007-11-19,16.844999,16.965000,16.584999,16.629999,13.065678,10551600
2007-11-20,16.790001,16.840000,16.365000,16.645000,13.077459,7092200
2007-11-21,16.420000,16.650000,16.350000,16.485001,12.951754,7003400
2007-11-23,16.735001,16.775000,16.559999,16.775000,13.179599,3247200
2007-11-26,16.924999,16.924999,16.340000,16.340000,12.837836,16893600
2007-11-27,16.315001,16.665001,16.315001,16.600000,13.042105,7271200
2007-11-28,16.750000,17.245001,16.750000,17.245001,13.548863,7939000
2007-11-29,17.040001,17.299999,16.959999,17.075001,13.415300,6007000
2007-11-30,17.420000,17.570000,17.299999,17.325001,13.611715,6983200
2007-12-03,17.434999,17.455000,17.235001,17.235001,13.541002,4839800
2007-12-04,17.275000,17.290001,17.115000,17.180000,13.497794,5976000
2007-12-05,17.275000,17.295000,17.065001,17.155001,13.478152,7529600
2007-12-06,17.254999,17.405001,17.049999,17.305000,13.596004,5234800
2007-12-07,17.379999,17.500000,17.375000,17.450001,13.709924,8197800
2007-12-10,17.370001,17.504999,17.340000,17.459999,13.717779,3517400
2007-12-11,17.459999,17.555000,16.900000,16.900000,13.277809,8841600
2007-12-12,17.180000,17.365000,16.760000,16.955000,13.321020,7165000
2007-12-13,16.735001,16.985001,16.709999,16.844999,13.234591,6926200
2007-12-14,17.094999,17.094999,16.625000,16.625000,13.061749,3812200
2007-12-17,16.645000,16.680000,16.469999,16.469999,12.939967,5943400
2007-12-18,16.510000,16.695000,16.420000,16.625000,13.061749,7779400
2007-12-19,16.535000,16.645000,16.420000,16.475000,12.943896,6263400
2007-12-20,16.475000,16.590000,16.370001,16.555000,13.006750,4704800
2007-12-21,16.545000,16.645000,16.469999,16.469999,13.032467,10097600
2007-12-24,16.665001,16.799999,16.665001,16.775000,13.273812,2404600
2007-12-26,16.615000,16.725000,16.594999,16.719999,13.230287,3658800
2007-12-27,16.570000,16.660000,16.480000,16.485001,13.044334,5326800
2007-12-28,16.645000,16.645000,16.410000,16.410000,12.984992,1319400
2007-12-31,16.240000,16.510000,16.240000,16.350000,12.937516,6411000
2008-01-02,16.495001,16.495001,16.055000,16.100000,12.739691,7802000
2008-01-03,16.049999,16.110001,15.840000,15.920000,12.597258,19174000
2008-01-04,15.790000,15.790000,15.365000,15.420000,12.201617,11970200
2008-01-07,15.570000,15.590000,15.340000,15.475000,12.245139,12243800
2008-01-08,15.515000,15.655000,15.145000,15.175000,12.007753,8600400
2008-01-09,15.110000,15.315000,14.835000,15.285000,12.094793,13422200
2008-01-10,15.195000,15.640000,15.145000,15.500000,12.264914,12248800
2008-01-11,15.295000,15.340000,15.055000,15.130000,11.972146,7922200
2008-01-14,15.140000,15.290000,15.070000,15.275000,12.086884,6008600
2008-01-15,15.025000,15.105000,14.870000,14.995000,11.865324,13000400
2008-01-16,14.820000,15.295000,14.820000,15.080000,11.932579,13234200
2008-01-17,15.045000,15.200000,14.810000,14.830000,11.734758,13784400
2008-01-18,15.035000,15.175000,14.715000,14.760000,11.679367,12769600
2008-01-22,14.180000,15.210000,13.955000,15.050000,11.908844,56795800
2008-01-23,14.700000,15.650000,14.700000,15.600000,12.344052,24829800
2008-01-24,15.745000,15.755000,15.510000,15.755000,12.466699,14407600
2008-01-25,15.895000,15.895000,15.330000,15.430000,12.209531,13314000
2008-01-28,15.345000,15.710000,15.175000,15.685000,12.411316,14947600
2008-01-29,15.750000,15.790000,15.510000,15.735000,12.450874,9528800
2008-01-30,15.685000,16.030001,15.590000,15.635000,12.371747,25846800
2008-01-31,15.435000,16.325001,15.330000,16.290001,12.890034,15836000
2008-02-01,16.290001,16.450001,16.120001,16.434999,13.004770,16413800
2008-02-04,16.445000,16.445000,16.049999,16.200001,12.818824,12954600
2008-02-05,15.885000,16.025000,15.660000,15.745000,12.458786,14008400
2008-02-06,15.845000,15.975000,15.510000,15.575000,12.324267,9878200
2008-02-07,15.540000,15.980000,15.525000,15.875000,12.561648,12868400
2008-02-08,15.835000,15.895000,15.600000,15.785000,12.490438,10974000
2008-02-11,15.750000,16.030001,15.605000,15.950000,12.620997,10401800
2008-02-12,16.000000,16.209999,15.890000,15.980000,12.644737,8849800
2008-02-13,16.145000,16.250000,15.995000,16.184999,12.806954,14072600
2008-02-14,16.295000,16.295000,15.880000,16.030001,12.684304,9939000
2008-02-15,15.855000,16.125000,15.790000,16.115000,12.751557,8393800
2008-02-19,16.195000,16.195000,15.880000,15.930000,12.605176,8150600
2008-02-20,15.810000,16.150000,15.765000,16.150000,12.779259,21552400
2008-02-21,16.160000,16.200001,15.755000,15.765000,12.474618,12025800
2008-02-22,15.860000,16.110001,15.640000,16.110001,12.747603,8798000
2008-02-25,16.035000,16.325001,15.875000,16.325001,12.917731,13377800
2008-02-26,16.160000,16.570000,16.160000,16.485001,13.044334,13546400
2008-02-27,16.334999,16.525000,16.330000,16.450001,13.016645,8892000
2008-02-28,16.285000,16.320000,16.010000,16.059999,12.708042,13229000
2008-02-29,15.885000,15.900000,15.500000,15.660000,12.391525,18260200
2008-03-03,15.595000,15.670000,15.415000,15.625000,12.363832,9788400
2008-03-04,15.520000,15.670000,15.395000,15.600000,12.344052,14968600
2008-03-05,15.590000,15.850000,15.485000,15.605000,12.348007,10044000
2008-03-06,15.445000,15.655000,15.175000,15.225000,12.047316,12937200
2008-03-07,15.015000,15.330000,14.965000,15.080000,11.932579,15683000
2008-03-10,15.175000,15.210000,14.825000,14.905000,11.794106,13975600
2008-03-11,15.315000,15.315000,14.920000,15.310000,12.114577,14955000
2008-03-12,15.440000,15.520000,15.200000,15.225000,12.047316,8217200
2008-03-13,14.985000,15.350000,14.840000,15.240000,12.059185,18028600
2008-03-14,15.375000,15.375000,14.780000,15.020000,11.885103,17843200
2008-03-17,14.655000,14.920000,14.555000,14.820000,11.726850,17814200
2008-03-18,15.095000,15.465000,14.965000,15.405000,12.189752,11204200
2008-03-19,15.640000,15.640000,15.200000,15.200000,12.027532,15525600
2008-03-20,15.130000,15.705000,15.130000,15.625000,12.380122,12701400
2008-03-24,15.825000,16.190001,15.740000,16.145000,12.792132,20680800
2008-03-25,16.280001,16.280001,15.925000,16.014999,12.689130,14962200
2008-03-26,15.945000,15.970000,15.680000,15.715000,12.451435,15503800
2008-03-27,15.920000,15.920000,15.555000,15.565000,12.332581,9488400
2008-03-28,15.550000,15.550000,15.165000,15.265000,12.094886,8459600
2008-03-31,15.210000,15.505000,15.170000,15.360000,12.170154,10381800
2008-04-01,15.570000,16.100000,15.570000,16.049999,12.716862,19913000
2008-04-02,16.100000,16.299999,16.049999,16.049999,12.716862,15010400
2008-04-03,16.055000,16.125000,15.875000,16.100000,12.756475,12730000
2008-04-04,16.105000,16.129999,15.900000,16.025000,12.697050,6474800
2008-04-07,16.090000,16.129999,15.935000,15.965000,12.649514,6306800
2008-04-08,15.900000,15.955000,15.845000,15.930000,12.621778,9169600
2008-04-09,15.920000,15.935000,15.540000,15.580000,12.344467,13431800
2008-04-10,15.575000,15.840000,15.555000,15.745000,12.475198,12851200
2008-04-11,15.620000,15.645000,15.380000,15.455000,12.245426,7766400
2008-04-14,15.445000,15.445000,15.325000,15.345000,12.158268,6600200
2008-04-15,15.405000,15.420000,15.245000,15.325000,12.142421,5755200
2008-04-16,15.485000,15.665000,15.415000,15.665000,12.411816,12742200
2008-04-17,15.610000,15.745000,15.555000,15.735000,12.467280,8461400
2008-04-18,16.065001,16.110001,15.875000,16.035000,12.704975,9719400
2008-04-21,15.960000,16.040001,15.865000,16.035000,12.704975,6852200
2008-04-22,15.975000,15.975000,15.665000,15.805000,12.522743,8309600
2008-04-23,15.810000,15.935000,15.680000,15.800000,12.518777,5179000
2008-04-24,15.840000,16.155001,15.760000,16.020000,12.693090,10415400
2008-04-25,16.115000,16.205000,15.910000,16.180000,12.819861,11359400
2008-04-28,16.209999,16.295000,16.080000,16.160000,12.804019,7565400
2008-04-29,16.184999,16.309999,16.135000,16.290001,12.907019,6172800
2008-04-30,16.344999,16.440001,15.725000,15.725000,12.459349,12424600
2008-05-01,16.115000,16.775000,16.059999,16.629999,13.176414,13716600
2008-05-02,16.820000,16.820000,16.490000,16.594999,13.148679,9153400
2008-05-05,16.495001,16.535000,16.350000,16.410000,13.002099,12188800
2008-05-06,16.315001,16.485001,16.190001,16.480000,13.057563,7715600
2008-05-07,16.520000,16.620001,16.170000,16.170000,12.811945,9101200
2008-05-08,16.315001,16.325001,16.080000,16.195000,12.831743,7423200
2008-05-09,16.100000,16.225000,15.965000,16.100000,12.756475,6825200
2008-05-12,16.170000,16.450001,16.120001,16.430000,13.017947,3754400
2008-05-13,16.469999,16.540001,16.365000,16.490000,13.065482,4984800
2008-05-14,16.570000,16.775000,16.530001,16.674999,13.212063,7376600
2008-05-15,16.584999,16.860001,16.510000,16.834999,13.338840,10841200
2008-05-16,16.879999,16.879999,16.565001,16.719999,13.247720,7138200
2008-05-19,16.674999,16.850000,16.600000,16.725000,13.251681,7380200
2008-05-20,16.565001,16.575001,16.334999,16.465000,13.045675,10777200
2008-05-21,16.455000,16.455000,16.014999,16.115000,12.768362,11111800
2008-05-22,15.985000,16.200001,15.950000,16.045000,12.712901,6266000
2008-05-23,16.065001,16.075001,15.800000,15.850000,12.558396,7335200
2008-05-27,15.795000,16.080000,15.795000,15.970000,12.653472,10312600
2008-05-28,16.045000,16.320000,15.965000,15.970000,12.653472,6613200
2008-05-29,16.045000,16.309999,16.045000,16.280001,12.899096,7481200
2008-05-30,16.325001,16.355000,16.084999,16.155001,12.800053,5793800
2008-06-02,16.115000,16.165001,15.830000,15.995000,12.673286,8423400
2008-06-03,16.075001,16.090000,15.845000,16.014999,12.689130,8552200
2008-06-04,15.990000,16.245001,15.940000,16.110001,12.764399,13189000
2008-06-05,16.145000,16.320000,16.105000,16.320000,12.930783,7497200
2008-06-06,16.170000,16.170000,15.630000,15.630000,12.384083,11326200
2008-06-09,15.675000,15.850000,15.510000,15.620000,12.376159,11028800
2008-06-10,15.545000,15.820000,15.465000,15.680000,12.423702,9938600
2008-06-11,15.650000,15.665000,15.350000,15.350000,12.162230,12688800
2008-06-12,15.515000,15.640000,15.355000,15.475000,12.261268,13871800
2008-06-13,15.575000,16.094999,15.570000,15.860000,12.566319,5659000
2008-06-16,15.770000,15.895000,15.670000,15.810000,12.526704,8566600
2008-06-17,15.955000,15.955000,15.615000,15.650000,12.399930,12109200
2008-06-18,15.540000,15.550000,15.255000,15.305000,12.126579,12854600
2008-06-19,15.290000,15.545000,15.260000,15.500000,12.281080,7897800
2008-06-20,15.280000,15.300000,14.940000,14.990000,11.920056,14874600
2008-06-23,15.130000,15.130000,14.710000,14.730000,11.713309,9241400
2008-06-24,14.755000,14.890000,14.515000,14.790000,11.761020,8440400
2008-06-25,14.890000,15.135000,14.735000,14.900000,11.848487,13326800
2008-06-26,14.610000,14.760000,14.290000,14.550000,11.570170,9166600
2008-06-27,14.140000,14.465000,14.140000,14.305000,11.375348,19240400
2008-06-30,14.665000,14.665000,14.105000,14.240000,11.323659,9689600
2008-07-01,13.995000,14.375000,13.835000,14.060000,11.180522,16267400
2008-07-02,14.155000,14.300000,13.870000,13.905000,11.057267,30600400
2008-07-03,13.980000,14.300000,13.795000,14.025000,11.152691,6732200
2008-07-07,13.985000,14.125000,13.560000,13.865000,11.025461,11353000
2008-07-08,13.770000,14.225000,13.770000,14.225000,11.311730,9641200
2008-07-09,14.210000,14.215000,13.750000,13.925000,11.073174,12791800
2008-07-10,13.815000,13.940000,13.455000,13.680000,10.878345,9893400
2008-07-11,13.375000,13.625000,13.155000,13.395000,10.651714,15693600
2008-07-14,13.455000,13.590000,13.265000,13.325000,10.596052,8851600
2008-07-15,13.145000,13.570000,12.965000,13.325000,10.596052,13447800
2008-07-16,13.310000,13.970000,13.265000,13.860000,11.021482,14434200
2008-07-17,14.000000,14.345000,13.745000,13.925000,11.073174,20705000
2008-07-18,14.295000,14.420000,14.085000,14.355000,11.415110,14092600
2008-07-21,14.350000,14.365000,14.025000,14.100000,11.212330,11701400
2008-07-22,14.030000,14.475000,13.950000,14.475000,11.510530,13249800
2008-07-23,14.405000,14.925000,14.335000,14.755000,11.733187,18260800
2008-07-24,14.750000,14.750000,14.260000,14.440000,11.482696,17806600
2008-07-25,14.390000,14.505000,14.155000,14.215000,11.303780,18753600
2008-07-28,14.230000,14.230000,13.855000,13.880000,11.037387,11773000
2008-07-29,13.925000,14.375000,13.890000,14.375000,11.431012,22055800
2008-07-30,14.445000,14.585000,14.165000,14.360000,11.419083,14055800
2008-07-31,14.200000,14.505000,14.200000,14.265000,11.343537,14305000
2008-08-01,14.305000,14.395000,13.985000,14.125000,11.232210,17110800
2008-08-04,14.220000,14.340000,14.065000,14.230000,11.315707,12967600
2008-08-05,14.560000,14.880000,14.420000,14.865000,11.820656,17261400
2008-08-06,15.000000,15.000000,14.555000,14.790000,11.761020,10079600
2008-08-07,14.690000,14.690000,14.485000,14.500000,11.530414,16179000
2008-08-08,14.570000,15.305000,14.520000,15.190000,12.079099,28418400
2008-08-11,15.290000,15.970000,15.140000,15.655000,12.448868,21508600
2008-08-12,15.615000,15.640000,15.355000,15.450000,12.285850,15590600
2008-08-13,15.325000,15.380000,14.975000,15.200000,12.087047,19453600
2008-08-14,15.020000,15.640000,15.005000,15.430000,12.269946,12991200
2008-08-15,15.480000,15.720000,15.480000,15.610000,12.413082,13711600
2008-08-18,15.745000,15.745000,15.275000,15.345000,12.202355,15741600
2008-08-19,15.275000,15.275000,14.945000,15.060000,11.975723,15302800
2008-08-20,15.065000,15.135000,14.820000,14.875000,11.828614,10908800
2008-08-21,14.800000,15.035000,14.705000,14.995000,11.924036,10650400
2008-08-22,15.070000,15.345000,15.025000,15.345000,12.202355,7246800
2008-08-25,15.220000,15.265000,14.900000,14.915000,11.860417,18006600
2008-08-26,14.930000,15.055000,14.810000,15.030000,11.951864,8112400
2008-08-27,15.000000,15.160000,14.800000,15.075000,11.987648,6467800
2008-08-28,15.160000,15.430000,15.080000,15.425000,12.265967,7193200
2008-08-29,15.320000,15.420000,15.225000,15.250000,12.126811,5950000
2008-09-02,15.575000,15.895000,15.440000,15.550000,12.365370,18295400
2008-09-03,15.560000,15.700000,15.440000,15.630000,12.428989,14276000
2008-09-04,15.530000,15.530000,15.105000,15.110000,12.015483,15055200
2008-09-05,15.010000,15.200000,14.800000,15.140000,12.039338,18273000
2008-09-08,15.585000,15.825000,15.430000,15.825000,12.584049,23433800
2008-09-09,15.875000,15.975000,15.375000,15.525000,12.345488,20146800
2008-09-10,15.485000,15.550000,15.225000,15.365000,12.218262,15866600
2008-09-11,15.250000,15.620000,15.125000,15.600000,12.405130,21935000
2008-09-12,15.485000,15.630000,15.325000,15.600000,12.405130,17377800
2008-09-15,14.900000,15.515000,14.900000,15.075000,11.987648,22456600
2008-09-16,14.705000,15.380000,14.605000,15.175000,12.067169,20741800
2008-09-17,14.985000,15.015000,14.440000,14.575000,11.590050,19182800
2008-09-18,14.715000,15.220000,14.180000,14.950000,11.888245,34417400
2008-09-19,16.455000,17.250000,15.100000,15.100000,12.049849,19103600
2008-09-22,14.935000,15.745000,14.480000,14.480000,11.555079,16214200
2008-09-23,14.430000,14.700000,14.210000,14.275000,11.391497,13318800
2008-09-24,14.385000,14.595000,14.095000,14.225000,11.351595,9308000
2008-09-25,14.395000,14.585000,14.150000,14.480000,11.555079,12706600
2008-09-26,14.280000,14.625000,14.150000,14.625000,11.670794,9166400
2008-09-29,14.575000,14.575000,13.395000,13.650000,10.892742,21526800
2008-09-30,13.950000,14.210000,13.600000,13.950000,11.132142,10450600
2008-10-01,14.425000,14.425000,13.740000,13.950000,11.132142,18247200
2008-10-02,13.950000,13.950000,13.305000,13.445000,10.729150,14759400
2008-10-03,13.630000,13.670000,12.955000,12.975000,10.354092,15739000
2008-10-06,12.685000,12.865000,11.870000,12.610000,10.062819,28086000
2008-10-07,12.825000,12.825000,11.635000,11.800000,9.416432,18860400
2008-10-08,11.460000,12.150000,11.250000,11.570000,9.232894,17973600
2008-10-09,11.745000,11.795000,10.760000,10.835000,8.646361,17940000
2008-10-10,10.300000,11.350000,9.775000,11.065000,8.829907,34014600
2008-10-13,11.650000,11.705000,10.940000,11.500000,9.177036,13147200
2008-10-14,12.425000,12.425000,11.085000,11.570000,9.232894,22481200
2008-10-15,11.370000,11.370000,10.225000,10.225000,8.159584,16346000
2008-10-16,10.005000,10.945000,9.815000,10.900000,8.698235,25807000
2008-10-17,10.850000,11.130000,10.250000,11.120000,8.873792,19424200
2008-10-20,11.275000,11.275000,10.795000,11.180000,8.921673,14062400
2008-10-21,11.115000,11.285000,10.750000,11.055000,8.821924,10745800
2008-10-22,10.375000,10.815000,9.905000,10.300000,8.219433,14148800
2008-10-23,10.735000,10.735000,9.555000,10.300000,8.219433,19721000
2008-10-24,9.280000,9.945000,9.280000,9.710000,7.748606,15734400
2008-10-27,9.430000,9.920000,9.260000,9.565000,7.632899,12921400
2008-10-28,9.525000,10.685000,9.420000,10.500000,8.379029,14785000
2008-10-29,10.745000,11.255000,10.405000,10.715000,8.550603,22760800
2008-10-30,11.290000,11.290000,10.725000,11.040000,8.809957,12635200
2008-10-31,10.890000,11.565000,10.535000,11.490000,9.169054,11914400
2008-11-03,11.335000,11.760000,11.045000,11.160000,8.905717,6656400
2008-11-04,11.450000,11.700000,11.220000,11.600000,9.256838,13283200
2008-11-05,11.790000,11.790000,10.915000,10.960000,8.746115,11916600
2008-11-06,11.450000,11.450000,10.280000,10.380000,8.283275,16488000
2008-11-07,10.985000,10.985000,10.265000,10.560000,8.426912,9203200
2008-11-10,10.910000,10.910000,10.125000,10.315000,8.231399,9576800
2008-11-11,10.255000,10.260000,9.780000,9.955000,7.944120,18536600
2008-11-12,9.910000,9.910000,9.345000,9.350000,7.461329,12548000
2008-11-13,9.540000,10.080000,8.905000,10.080000,8.043873,26487000
2008-11-14,9.990000,10.120000,9.545000,9.590000,7.652851,20816600
2008-11-17,9.365000,9.670000,9.280000,9.315000,7.433399,17826400
2008-11-18,9.195000,9.485000,8.975000,9.270000,7.397488,16555400
2008-11-19,9.105000,9.390000,8.645000,8.675000,6.922674,15549400
2008-11-20,8.630000,8.940000,8.145000,8.165000,6.515693,32947200
2008-11-21,8.275000,8.760000,8.060000,8.725000,6.962580,40260000
2008-11-24,8.970000,9.620000,8.755000,9.410000,7.509211,27572000
2008-11-25,9.645000,9.695000,9.250000,9.530000,7.604970,20835000
2008-11-26,9.530000,10.200000,9.395000,10.090000,8.051852,14159000
2008-11-28,10.095000,10.315000,10.035000,10.245000,8.175546,2973000
2008-12-01,9.990000,10.070000,9.350000,9.350000,7.461329,13911800
2008-12-02,9.540000,9.835000,9.365000,9.785000,7.808459,15381600
2008-12-03,9.615000,10.220000,9.500000,10.135000,8.087758,20796000
2008-12-04,9.935000,10.565000,9.930000,10.245000,8.175546,23791000
2008-12-05,10.100000,10.605000,9.785000,10.545000,8.414942,21869200
2008-12-08,10.920000,11.110000,10.745000,10.940000,8.730155,24899000
2008-12-09,10.815000,11.080000,10.340000,10.720000,8.554594,21340600
2008-12-10,10.760000,10.975000,10.640000,10.970000,8.754098,14823600
2008-12-11,10.725000,10.880000,10.420000,10.505000,8.383021,17193800
2008-12-12,10.285000,10.595000,10.120000,10.470000,8.355094,15333200
2008-12-15,10.610000,10.640000,10.230000,10.435000,8.327160,12555600
2008-12-16,10.990000,11.040000,10.450000,10.990000,8.770055,24669800
2008-12-17,10.905000,11.150000,10.745000,11.050000,8.817934,15252400
2008-12-18,11.095000,11.105000,10.665000,10.740000,8.570552,23598800
2008-12-19,10.990000,10.990000,10.570000,10.615000,8.535176,23152600
2008-12-22,10.635000,10.665000,10.150000,10.330000,8.306015,10919200
2008-12-23,10.370000,10.455000,10.170000,10.220000,8.217568,7868000
2008-12-24,10.235000,10.355000,10.235000,10.295000,8.277871,2093400
2008-12-26,10.395000,10.445000,10.300000,10.410000,8.370338,2293800
2008-12-29,10.280000,10.355000,10.105000,10.210000,8.209528,3640000
2008-12-30,10.300000,10.595000,10.265000,10.595000,8.519095,5029400
2008-12-31,10.615000,10.815000,10.565000,10.785000,8.671865,8379400
2009-01-02,10.810000,11.325000,10.740000,11.325000,9.106063,17581000
2009-01-05,11.160000,11.355000,11.075000,11.275000,9.065856,12900000
2009-01-06,11.365000,11.550000,11.290000,11.465000,9.218630,14270600
2009-01-07,11.235000,11.270000,10.970000,11.010000,8.852784,9687600
2009-01-08,10.975000,11.095000,10.830000,11.075000,8.905049,10786000
2009-01-09,11.120000,11.140000,10.735000,10.735000,8.631659,8215400
2009-01-12,10.790000,10.790000,10.415000,10.480000,8.426624,10140800
2009-01-13,10.460000,10.595000,10.260000,10.345000,8.318078,15952800
2009-01-14,10.095000,10.255000,9.895000,9.940000,7.992424,13930600
2009-01-15,9.995000,10.360000,9.750000,10.185000,8.189424,24993800
2009-01-16,10.400000,10.400000,10.030000,10.305000,8.285915,18043800
2009-01-20,10.305000,10.335000,9.665000,9.700000,7.799455,22445600
2009-01-21,9.735000,10.025000,9.605000,9.995000,8.036654,22873600
2009-01-22,9.875000,10.080000,9.680000,9.870000,7.936144,17469000
2009-01-23,9.590000,9.975000,9.545000,9.840000,7.912022,16159800
2009-01-26,9.780000,10.120000,9.765000,9.910000,7.968307,12225200
2009-01-27,9.950000,10.070000,9.820000,9.880000,7.944184,10045200
2009-01-28,10.335000,10.420000,10.120000,10.300000,8.281893,15402200
2009-01-29,10.120000,10.215000,9.880000,9.885000,7.948208,14344800
2009-01-30,9.965000,10.020000,9.570000,9.640000,7.751209,17530600
2009-02-02,9.435000,9.660000,9.410000,9.550000,7.678841,10403000
2009-02-03,9.575000,9.895000,9.465000,9.820000,7.895939,12760000
2009-02-04,9.720000,9.895000,9.555000,9.605000,7.723068,13659800
2009-02-05,9.565000,9.860000,9.495000,9.785000,7.867799,12784000
2009-02-06,9.920000,10.170000,9.745000,10.065000,8.092937,13637000
2009-02-09,10.095000,10.100000,9.900000,10.035000,8.068815,7987200
2009-02-10,9.960000,10.025000,9.515000,9.560000,7.686883,15233400
2009-02-11,9.645000,9.715000,9.500000,9.635000,7.747189,10095000
2009-02-12,9.400000,9.675000,9.325000,9.650000,7.759249,19116800
2009-02-13,9.595000,9.720000,9.480000,9.495000,7.634620,14544800
2009-02-17,9.100000,9.260000,9.015000,9.135000,7.345154,9550600
2009-02-18,9.135000,9.185000,8.960000,9.075000,7.296908,19696000
2009-02-19,9.140000,9.260000,8.970000,8.980000,7.220524,18207200
2009-02-20,8.735000,9.040000,8.735000,8.920000,7.172278,26896600
2009-02-23,8.970000,9.100000,8.665000,8.720000,7.011467,13649600
2009-02-24,8.740000,9.175000,8.740000,9.100000,7.317012,19100400
2009-02-25,9.065000,9.195000,8.850000,9.015000,7.248667,24086000
2009-02-26,9.145000,9.195000,8.805000,8.825000,7.095892,13208000
2009-02-27,8.715000,8.955000,8.630000,8.765000,7.047650,13977400
2009-03-02,8.705000,8.735000,8.405000,8.435000,6.782308,20303400
2009-03-03,8.505000,8.655000,8.305000,8.370000,6.730043,21032600
2009-03-04,8.575000,8.705000,8.395000,8.555000,6.878792,17242400
2009-03-05,8.365000,8.510000,8.115000,8.155000,6.557168,21704600
2009-03-06,8.340000,8.340000,7.925000,8.160000,6.561188,22140800
2009-03-09,8.025000,8.295000,7.980000,8.055000,6.476763,10268200
2009-03-10,8.100000,8.610000,8.100000,8.550000,6.874774,15933400
2009-03-11,8.700000,8.810000,8.565000,8.685000,6.983324,12135200
2009-03-12,8.615000,9.060000,8.555000,9.005000,7.240626,14046600
2009-03-13,9.285000,9.330000,8.915000,9.110000,7.325050,8764600
2009-03-16,9.205000,9.245000,8.895000,8.895000,7.152178,9447400
2009-03-17,8.925000,9.330000,8.925000,9.325000,7.497928,13877400
2009-03-18,9.345000,9.780000,9.265000,9.620000,7.735127,16071000
2009-03-19,9.745000,9.745000,9.450000,9.515000,7.650702,19638800
2009-03-20,9.485000,9.535000,9.145000,9.275000,7.497911,13131800
2009-03-23,9.520000,9.940000,9.370000,9.930000,8.027416,18763000
2009-03-24,9.840000,9.970000,9.750000,9.800000,7.922320,20254200
2009-03-25,9.825000,10.120000,9.595000,9.870000,7.978909,13475800
2009-03-26,10.055000,10.340000,10.020000,10.325000,8.346730,21169600
2009-03-27,10.165000,10.205000,10.000000,10.050000,8.124418,18545600
2009-03-30,9.790000,9.865000,9.615000,9.750000,7.881902,13073000
2009-03-31,9.825000,9.980000,9.670000,9.825000,7.942534,9363800
2009-04-01,10.010000,10.155000,9.555000,10.005000,8.088041,18910600
2009-04-02,10.200000,10.700000,10.150000,10.555000,8.532663,21994400
2009-04-03,10.635000,10.715000,10.455000,10.695000,8.645839,9907200
2009-04-06,10.660000,10.705000,10.455000,10.545000,8.524583,9282600
2009-04-07,10.420000,10.445000,10.215000,10.235000,8.273974,8640200
2009-04-08,10.395000,10.565000,10.335000,10.525000,8.508416,6695600
2009-04-09,10.875000,11.020000,10.745000,10.955000,8.856024,17708400
2009-04-13,10.850000,11.020000,10.735000,10.960000,8.860067,6964800
2009-04-14,10.880000,10.880000,10.645000,10.715000,8.662013,8881800
2009-04-15,10.660000,10.785000,10.575000,10.750000,8.690297,12670000
2009-04-16,10.780000,11.210000,10.780000,11.125000,8.993454,15867200
2009-04-17,11.320000,11.340000,11.100000,11.260000,9.102586,17246200
2009-04-20,11.190000,11.190000,10.750000,10.830000,8.754974,11581000
2009-04-21,10.790000,11.070000,10.750000,11.010000,8.900489,5932400
2009-04-22,10.965000,11.385000,10.885000,11.120000,8.989410,13732800
2009-04-23,11.205000,11.280000,10.940000,11.120000,8.989410,19810800
2009-04-24,11.250000,11.565000,11.175000,11.395000,9.211721,11557400
2009-04-27,11.290000,11.440000,11.135000,11.245000,9.090459,24423200
2009-04-28,11.130000,11.420000,11.080000,11.245000,9.090459,18090800
2009-04-29,11.375000,11.690000,11.340000,11.450000,9.256181,20318400
2009-04-30,11.790000,11.935000,11.620000,11.645000,9.413821,19703400
2009-05-01,11.705000,11.720000,11.485000,11.590000,9.369358,11795000
2009-05-04,11.725000,11.990000,11.645000,11.965000,9.672509,14346800
2009-05-05,12.120000,12.120000,11.830000,11.960000,9.668468,18849600
2009-05-06,12.165000,12.175000,11.860000,12.085000,9.769516,15520000
2009-05-07,12.265000,12.300000,11.765000,11.820000,9.555290,22189000
2009-05-08,12.035000,12.120000,11.750000,11.995000,9.696763,16368400
2009-05-11,11.800000,11.890000,11.650000,11.785000,9.526996,13104000
2009-05-12,11.870000,11.870000,11.335000,11.535000,9.324897,25952800
2009-05-13,11.325000,11.325000,11.085000,11.130000,8.997495,17772600
2009-05-14,11.165000,11.370000,11.060000,11.145000,9.009623,18903600
2009-05-15,11.130000,11.400000,11.065000,11.065000,8.944953,15597200
2009-05-18,11.250000,11.610000,11.145000,11.610000,9.385528,12567600
2009-05-19,11.655000,11.740000,11.475000,11.565000,9.349148,31602600
2009-05-20,11.625000,11.850000,11.400000,11.440000,9.248100,26767200
2009-05-21,11.295000,11.385000,11.085000,11.170000,9.029831,23486600
2009-05-22,11.270000,11.370000,11.075000,11.290000,9.126844,14725000
2009-05-26,11.195000,11.705000,11.055000,11.670000,9.434030,22097200
2009-05-27,11.625000,11.740000,11.365000,11.415000,9.227887,15550200
2009-05-28,11.545000,11.570000,11.175000,11.370000,9.191507,10764200
2009-05-29,11.450000,11.590000,11.300000,11.560000,9.345104,8702000
2009-06-01,11.770000,12.130000,11.640000,12.115000,9.793769,23066000
2009-06-02,12.055000,12.265000,12.010000,12.215000,9.874610,14580200
2009-06-03,12.125000,12.135000,11.940000,12.055000,9.745266,17432800
2009-06-04,12.100000,12.100000,11.855000,12.080000,9.765477,9926800
2009-06-05,12.245000,12.245000,11.890000,12.005000,9.704846,13933600
2009-06-08,11.880000,12.190000,11.790000,12.115000,9.793769,11066200
2009-06-09,12.170000,12.240000,12.045000,12.185000,9.850358,9908800
2009-06-10,12.260000,12.360000,11.885000,12.005000,9.704846,25089000
2009-06-11,12.050000,12.160000,11.920000,11.945000,9.656343,19056000
2009-06-12,11.825000,11.960000,11.715000,11.930000,9.644217,19330800
2009-06-15,11.840000,11.840000,11.595000,11.690000,9.450198,14769800
2009-06-16,11.730000,11.775000,11.375000,11.395000,9.211721,18397400
2009-06-17,11.405000,11.685000,11.305000,11.555000,9.341065,33056200
2009-06-18,11.575000,11.615000,11.400000,11.520000,9.312773,10902200
2009-06-19,11.525000,11.665000,11.485000,11.565000,9.389084,17844800
2009-06-22,11.430000,11.445000,11.220000,11.220000,9.108992,20710200
2009-06-23,11.225000,11.305000,11.105000,11.105000,9.015633,20881800
2009-06-24,11.250000,11.395000,11.145000,11.170000,9.068407,17863600
2009-06-25,11.115000,11.585000,11.115000,11.560000,9.385022,18089200
2009-06-26,11.490000,11.580000,11.440000,11.480000,9.320081,9934600
2009-06-29,11.510000,11.680000,11.440000,11.625000,9.437798,10516600
2009-06-30,11.605000,11.725000,11.460000,11.540000,9.368787,13065800
2009-07-01,11.625000,11.770000,11.595000,11.615000,9.429675,17795600
2009-07-02,11.495000,11.615000,11.145000,11.145000,9.048108,18747400
2009-07-06,11.060000,11.285000,11.050000,11.200000,9.092758,10067400
2009-07-07,11.225000,11.225000,10.895000,10.900000,8.849202,12929800
2009-07-08,10.950000,11.040000,10.850000,10.990000,8.922269,21558000
2009-07-09,11.130000,11.130000,10.975000,11.070000,8.987216,11360200
2009-07-10,10.905000,11.165000,10.905000,11.050000,8.970975,11221600
2009-07-13,11.025000,11.255000,10.910000,11.230000,9.117115,14854800
2009-07-14,11.165000,11.430000,11.165000,11.405000,9.259186,14317800
2009-07-15,11.525000,11.745000,11.480000,11.720000,9.514921,15877800
2009-07-16,11.730000,11.915000,11.630000,11.865000,9.632642,10016200
2009-07-17,11.870000,11.900000,11.795000,11.885000,9.648878,9454400
2009-07-20,11.940000,12.175000,11.940000,12.135000,9.851840,12344400
2009-07-21,12.200000,12.250000,11.935000,12.135000,9.851840,14720000
2009-07-22,12.050000,12.295000,12.035000,12.220000,9.920854,10830000
2009-07-23,12.220000,12.605000,12.140000,12.505000,10.152226,14239400
2009-07-24,12.415000,12.510000,12.300000,12.495000,10.144110,9072600
2009-07-27,12.500000,12.550000,12.330000,12.545000,10.184703,7059000
2009-07-28,12.460000,12.560000,12.390000,12.505000,10.152226,9009600
2009-07-29,12.470000,12.590000,12.345000,12.440000,10.099457,18623000
2009-07-30,12.635000,12.760000,12.570000,12.635000,10.257767,25589600
2009-07-31,12.605000,12.745000,12.560000,12.635000,10.257767,10219400
2009-08-03,12.790000,12.930000,12.690000,12.895000,10.468847,11297800
2009-08-04,12.860000,12.995000,12.805000,12.950000,10.513500,10036800
2009-08-05,12.995000,12.995000,12.695000,12.840000,10.424197,11530800
2009-08-06,13.015000,13.085000,12.780000,12.830000,10.416080,9553600
2009-08-07,13.000000,13.320000,12.950000,13.250000,10.757058,29883000
2009-08-10,13.240000,13.245000,13.010000,13.130000,10.659636,17104200
2009-08-11,13.000000,13.085000,12.840000,12.990000,10.545977,9612400
2009-08-12,13.020000,13.210000,12.930000,13.085000,10.623102,11095000
2009-08-13,13.190000,13.190000,12.910000,13.120000,10.651516,10583200
2009-08-14,13.095000,13.150000,12.825000,12.940000,10.505383,10754400
2009-08-17,12.670000,12.670000,12.470000,12.530000,10.172522,17594000
2009-08-18,12.635000,12.715000,12.545000,12.670000,10.286176,11511800
2009-08-19,12.615000,12.840000,12.510000,12.800000,10.391718,12505200
2009-08-20,12.855000,12.945000,12.765000,12.895000,10.468847,10610800
2009-08-21,12.960000,13.195000,12.960000,13.160000,10.683991,7617600
2009-08-24,13.195000,13.235000,13.020000,13.065000,10.606862,9309800
2009-08-25,13.090000,13.345000,13.085000,13.200000,10.716465,11805800
2009-08-26,13.190000,13.375000,13.135000,13.275000,10.777359,16410400
2009-08-27,13.265000,13.360000,13.060000,13.300000,10.797654,7793800
2009-08-28,13.460000,13.460000,13.220000,13.305000,10.801711,10268800
2009-08-31,13.175000,13.265000,13.030000,13.080000,10.619048,6726400
2009-09-01,13.010000,13.275000,12.815000,12.845000,10.428254,17803600
2009-09-02,12.765000,12.855000,12.700000,12.780000,10.375486,8633000
2009-09-03,12.870000,12.950000,12.740000,12.915000,10.485088,9973400
2009-09-04,12.955000,13.150000,12.905000,13.150000,10.675869,8185200
2009-09-08,13.270000,13.300000,13.170000,13.265000,10.769238,8408400
2009-09-09,13.250000,13.445000,13.180000,13.405000,10.882895,9239000
2009-09-10,13.430000,13.610000,13.355000,13.585000,11.029031,6876800
2009-09-11,13.620000,13.620000,13.470000,13.540000,10.992497,14143400
2009-09-14,13.480000,13.625000,13.385000,13.585000,11.029031,7237000
2009-09-15,13.560000,13.705000,13.520000,13.650000,11.081800,11094600
2009-09-16,13.680000,13.930000,13.655000,13.910000,11.292879,8731600
2009-09-17,13.905000,14.045000,13.785000,13.895000,11.280704,12094400
2009-09-18,13.895000,13.975000,13.830000,13.900000,11.321430,17290000
2009-09-21,13.870000,13.920000,13.720000,13.845000,11.276631,11242000
2009-09-22,13.950000,13.980000,13.875000,13.900000,11.321430,13856600
2009-09-23,13.965000,13.970000,13.700000,13.700000,11.158529,14984000
2009-09-24,13.770000,13.800000,13.490000,13.570000,11.052646,17241800
2009-09-25,13.530000,13.615000,13.425000,13.490000,10.987485,14831200
2009-09-28,13.555000,13.790000,13.490000,13.745000,11.195183,13848800
2009-09-29,13.765000,13.900000,13.710000,13.810000,11.248123,12521000
2009-09-30,13.875000,13.875000,13.555000,13.735000,11.187038,14544800
2009-10-01,13.700000,13.700000,13.375000,13.435000,10.942689,11569400
2009-10-02,13.280000,13.360000,13.230000,13.265000,10.804226,11790400
2009-10-05,13.310000,13.530000,13.275000,13.470000,10.971197,10168400
2009-10-06,13.560000,13.785000,13.520000,13.675000,11.138170,9306000
2009-10-07,13.650000,13.755000,13.605000,13.685000,11.146312,8206000
2009-10-08,13.760000,14.010000,13.745000,13.905000,11.325502,8780800
2009-10-09,13.910000,13.920000,13.805000,13.900000,11.321430,6095800
2009-10-12,13.990000,14.065000,13.885000,13.970000,11.378442,5555400
2009-10-13,13.920000,14.045000,13.890000,13.995000,11.398804,7823400
2009-10-14,14.160000,14.235000,14.080000,14.170000,11.541341,12479000
2009-10-15,14.110000,14.230000,14.080000,14.190000,11.557630,7381200
2009-10-16,14.095000,14.195000,13.985000,14.165000,11.537272,8433800
2009-10-19,14.200000,14.385000,14.135000,14.325000,11.667585,8006000
2009-10-20,14.325000,14.335000,14.095000,14.180000,11.549485,9744200
2009-10-21,14.160000,14.370000,13.960000,13.995000,11.398804,13986800
2009-10-22,14.000000,14.270000,13.925000,14.180000,11.549485,15245600
2009-10-23,14.320000,14.355000,14.055000,14.125000,11.504681,10802200
2009-10-26,14.095000,14.365000,13.975000,14.040000,11.435459,16880000
2009-10-27,14.030000,14.055000,13.730000,13.800000,11.239973,22433600
2009-10-28,13.735000,13.790000,13.385000,13.410000,10.922326,15974400
2009-10-29,13.590000,13.810000,13.515000,13.770000,11.215541,18201600
2009-10-30,13.740000,13.845000,13.370000,13.410000,10.922326,26614200
2009-11-02,13.410000,13.670000,13.310000,13.540000,11.028213,22309000
2009-11-03,13.405000,13.600000,13.370000,13.550000,11.036357,20694200
2009-11-04,13.660000,13.780000,13.515000,13.555000,11.040426,19444400
2009-11-05,13.620000,13.950000,13.605000,13.925000,11.341792,16824800
2009-11-06,13.920000,14.065000,13.820000,14.050000,11.443601,7352000
2009-11-09,14.155000,14.360000,14.100000,14.355000,11.692021,16747200
2009-11-10,14.290000,14.435000,14.250000,14.405000,11.732747,12973800
2009-11-11,14.500000,14.545000,14.345000,14.420000,11.744964,16492600
2009-11-12,14.425000,14.520000,14.240000,14.260000,11.614645,12840400
2009-11-13,14.295000,14.520000,14.295000,14.510000,11.818268,21015800
2009-11-16,14.620000,14.775000,14.550000,14.745000,12.009672,19988000
2009-11-17,14.700000,14.700000,14.480000,14.625000,11.911936,13646000
2009-11-18,14.615000,14.630000,14.485000,14.585000,11.879359,9624200
2009-11-19,14.520000,14.575000,14.270000,14.420000,11.744964,13654000
2009-11-20,14.320000,14.440000,14.260000,14.345000,11.683874,10892600
2009-11-23,14.450000,14.620000,14.410000,14.470000,11.785686,19581800
2009-11-24,14.455000,14.500000,14.360000,14.455000,11.773470,12832800
2009-11-25,14.505000,14.595000,14.455000,14.595000,11.887496,11759600
2009-11-27,14.285000,14.485000,14.145000,14.310000,11.655370,12747800
2009-11-30,14.360000,14.390000,14.185000,14.310000,11.655370,17821800
2009-12-01,14.435000,14.600000,14.430000,14.535000,11.838629,14076800
2009-12-02,14.520000,14.665000,14.475000,14.580000,11.875279,10860000
2009-12-03,14.645000,14.680000,14.450000,14.480000,11.793832,14958000
2009-12-04,14.620000,14.745000,14.365000,14.575000,11.871209,20408800
2009-12-07,14.590000,14.710000,14.550000,14.620000,11.907861,15958600
2009-12-08,14.545000,14.575000,14.400000,14.510000,11.818268,12372600
2009-12-09,14.500000,14.555000,14.405000,14.510000,11.818268,10619600
2009-12-10,14.585000,14.765000,14.570000,14.735000,12.001531,12564000
2009-12-11,14.825000,14.890000,14.760000,14.880000,12.119627,10038000
2009-12-14,14.980000,15.015000,14.860000,14.995000,12.213295,12050800
2009-12-15,14.950000,15.025000,14.880000,14.975000,12.197006,9295800
2009-12-16,14.990000,15.075000,14.950000,14.990000,12.209221,10743400
2009-12-17,14.915000,14.915000,14.785000,14.810000,12.062615,7644400
2009-12-18,14.835000,14.835000,14.610000,14.805000,12.124445,12803200
2009-12-21,14.840000,15.035000,14.830000,14.995000,12.280044,11875000
2009-12-22,14.995000,15.070000,14.955000,14.985000,12.271859,4932000
2009-12-23,15.035000,15.080000,14.910000,15.080000,12.349654,6044200
2009-12-24,15.125000,15.150000,15.045000,15.090000,12.357846,2310000
2009-12-28,15.135000,15.160000,15.015000,15.080000,12.349654,5048000
2009-12-29,15.095000,15.145000,15.080000,15.130000,12.390603,4091400
2009-12-30,15.095000,15.115000,14.990000,15.025000,12.304611,4557000
2009-12-31,15.070000,15.095000,14.885000,14.885000,12.189960,3240800
2010-01-04,14.950000,15.055000,14.950000,15.000000,12.284140,10887800
2010-01-05,15.005000,15.070000,14.910000,15.055000,12.329178,12324400
2010-01-06,15.045000,15.110000,15.010000,15.075000,12.345562,8493800
2010-01-07,15.170000,15.205000,15.070000,15.200000,12.447924,11473400
2010-01-08,15.145000,15.205000,15.060000,15.195000,12.443830,12876000
2010-01-11,15.225000,15.270000,15.085000,15.165000,12.419266,8347000
2010-01-12,15.075000,15.110000,14.910000,14.970000,12.259572,10946800
2010-01-13,15.030000,15.165000,14.980000,15.140000,12.398789,9231600
2010-01-14,15.095000,15.160000,15.065000,15.140000,12.398789,11280600
2010-01-15,15.110000,15.170000,14.940000,14.990000,12.275946,11779000
2010-01-19,15.065000,15.190000,14.930000,15.190000,12.439738,8837000
2010-01-20,15.070000,15.090000,14.905000,14.985000,12.271859,10056200
2010-01-21,14.990000,15.125000,14.770000,14.795000,12.116254,13573200
2010-01-22,14.735000,14.850000,14.500000,14.510000,11.882856,20184200
2010-01-25,14.605000,14.650000,14.490000,14.585000,11.944282,10623200
2010-01-26,14.510000,14.705000,14.480000,14.605000,11.960656,11013800
2010-01-27,14.610000,14.680000,14.480000,14.630000,11.981134,14083600
2010-01-28,14.695000,14.765000,14.460000,14.545000,11.911523,12583200
2010-01-29,14.580000,14.745000,14.445000,14.455000,11.837814,14724400
2010-02-01,14.485000,14.640000,14.470000,14.640000,11.989317,17754200
2010-02-02,14.675000,14.850000,14.590000,14.845000,12.157204,10987400
2010-02-03,14.805000,14.890000,14.765000,14.855000,12.165391,9726800
2010-02-04,14.735000,14.770000,14.420000,14.425000,11.813248,20252400
2010-02-05,14.420000,14.485000,14.105000,14.385000,11.780489,16607800
2010-02-08,14.415000,14.530000,14.295000,14.295000,11.706783,12753800
2010-02-09,14.420000,14.605000,14.370000,14.515000,11.886951,13809800
2010-02-10,14.530000,14.535000,14.330000,14.455000,11.837814,11132600
2010-02-11,14.415000,14.625000,14.325000,14.625000,11.977036,11655200
2010-02-12,14.455000,14.625000,14.425000,14.625000,11.977036,12668800
2010-02-16,14.780000,14.860000,14.640000,14.860000,12.169484,9041800
2010-02-17,14.925000,14.980000,14.840000,14.980000,12.267759,9261600
2010-02-18,14.945000,15.080000,14.900000,15.075000,12.345562,11835200
2010-02-19,15.085000,15.160000,15.005000,15.110000,12.374221,11500000
2010-02-22,15.155000,15.175000,15.075000,15.105000,12.370127,7114400
2010-02-23,15.075000,15.160000,14.965000,15.015000,12.296423,11450600
2010-02-24,15.085000,15.225000,15.020000,15.210000,12.456117,12672000
2010-02-25,14.950000,15.240000,14.950000,15.235000,12.476586,11438000
2010-02-26,15.240000,15.300000,15.150000,15.260000,12.497063,12622400
2010-03-01,15.335000,15.510000,15.290000,15.500000,12.693610,16310200
2010-03-02,15.525000,15.565000,15.420000,15.420000,12.628094,23871000
2010-03-03,15.470000,15.570000,15.400000,15.465000,12.664951,10509800
2010-03-04,15.520000,15.630000,15.495000,15.605000,12.779597,9202200
2010-03-05,15.720000,15.935000,15.660000,15.895000,13.017093,9603200
2010-03-08,15.900000,15.955000,15.830000,15.935000,13.049851,8996600
2010-03-09,15.880000,15.985000,15.855000,15.910000,13.029375,11104800
2010-03-10,15.925000,16.000000,15.875000,15.945000,13.058036,10431800
2010-03-11,15.885000,16.059999,15.865000,16.059999,13.152218,10104200
2010-03-12,16.110001,16.120001,16.000000,16.105000,13.189074,7273800
2010-03-15,16.055000,16.150000,15.970000,16.084999,13.172689,9852200
2010-03-16,16.084999,16.215000,16.084999,16.205000,13.270969,10171000
2010-03-17,16.290001,16.320000,16.209999,16.285000,13.336479,10701000
2010-03-18,16.285000,16.350000,16.264999,16.280001,13.332384,12632400
2010-03-19,16.200001,16.365000,16.110001,16.200001,13.292183,9850800
2010-03-22,16.049999,16.405001,16.040001,16.370001,13.431668,10154800
2010-03-23,16.415001,16.465000,16.275000,16.434999,13.484997,12510400
2010-03-24,16.344999,16.420000,16.295000,16.370001,13.431668,11658400
2010-03-25,16.490000,16.645000,16.445000,16.465000,13.509613,11089800
2010-03-26,16.490000,16.629999,16.440001,16.530001,13.562953,12225600
2010-03-29,16.615000,16.625000,16.480000,16.555000,13.583464,10956800
2010-03-30,16.565001,16.620001,16.469999,16.540001,13.571156,8300400
2010-03-31,16.500000,16.504999,16.389999,16.420000,13.472691,16472400
2010-04-01,16.504999,16.600000,16.420000,16.535000,13.567051,11818000
2010-04-05,16.600000,16.750000,16.535000,16.735001,13.731152,11257600
2010-04-06,16.700001,16.790001,16.645000,16.760000,13.751669,6830600
2010-04-07,16.719999,16.770000,16.575001,16.700001,13.702429,9535400
2010-04-08,16.620001,16.885000,16.605000,16.860001,13.833719,17121800
2010-04-09,16.889999,17.000000,16.790001,16.985001,13.936281,8731200
2010-04-12,16.985001,17.035000,16.965000,16.985001,13.936281,7615000
2010-04-13,16.965000,17.125000,16.934999,17.075001,14.010124,11748400
2010-04-14,17.139999,17.360001,17.090000,17.340000,14.227556,10157400
2010-04-15,17.309999,17.445000,17.285000,17.415001,14.289096,13446600
2010-04-16,17.360001,17.410000,17.075001,17.184999,14.100385,24210800
2010-04-19,17.150000,17.260000,16.965000,17.215000,14.124998,18600600
2010-04-20,17.334999,17.440001,17.290001,17.424999,14.297297,18688600
2010-04-21,17.424999,17.535000,17.355000,17.504999,14.362943,22586400
2010-04-22,17.430000,17.834999,17.350000,17.820000,14.621404,6724400
2010-04-23,17.815001,17.895000,17.730000,17.834999,14.633705,12308200
2010-04-26,17.915001,18.065001,17.855000,17.975000,14.748577,15200200
2010-04-27,17.955000,17.955000,17.405001,17.455000,14.321916,34413600
2010-04-28,17.510000,17.555000,17.275000,17.395000,14.272683,21214200
2010-04-29,17.475000,17.815001,17.475000,17.780001,14.588580,16949000
2010-04-30,17.764999,17.860001,17.400000,17.410000,14.284993,21522600
2010-05-03,17.495001,17.844999,17.450001,17.760000,14.572172,15865200
2010-05-04,17.559999,17.600000,17.165001,17.240000,14.145504,31579600
2010-05-05,17.094999,17.250000,16.889999,16.995001,13.944484,52681800
2010-05-06,16.870001,17.035000,15.515000,16.389999,13.448074,61745800
2010-05-07,16.320000,16.565001,15.815000,16.090000,13.201923,59363800
2010-05-10,16.885000,16.980000,16.745001,16.930000,13.891144,32851600
2010-05-11,16.760000,17.174999,16.709999,16.924999,13.887045,25128600
2010-05-12,17.030001,17.195000,16.920000,17.170000,14.088070,20669200
2010-05-13,17.129999,17.165001,16.770000,16.785000,13.772172,20900600
2010-05-14,16.650000,16.730000,16.375000,16.504999,13.542434,28417600
2010-05-17,16.559999,16.645000,16.190001,16.629999,13.645001,26881800
2010-05-18,16.745001,16.799999,16.245001,16.320000,13.390640,31547000
2010-05-19,16.215000,16.365000,15.930000,16.219999,13.308590,30801800
2010-05-20,15.845000,15.965000,15.560000,15.590000,12.791672,37065000
2010-05-21,15.300000,15.950000,15.170000,15.865000,13.017310,39212800
2010-05-24,15.850000,15.980000,15.725000,15.755000,12.927053,28109600
2010-05-25,15.385000,15.915000,15.240000,15.915000,13.058338,28373400
2010-05-26,16.014999,16.200001,15.800000,15.865000,13.017310,26672800
2010-05-27,16.225000,16.434999,16.075001,16.434999,13.484997,21461000
2010-05-28,16.385000,16.459999,16.090000,16.184999,13.279871,22551200
2010-06-01,16.075001,16.315001,15.935000,15.940000,13.078849,21865800
2010-06-02,16.000000,16.340000,15.960000,16.340000,13.407052,15747800
2010-06-03,16.450001,16.485001,16.230000,16.395000,13.452180,15779400
2010-06-04,16.090000,16.139999,15.705000,15.760000,12.931159,30449800
2010-06-07,15.770000,15.905000,15.460000,15.460000,12.685007,23859800
2010-06-08,15.510000,15.630000,15.265000,15.590000,12.791672,27551800
2010-06-09,15.710000,15.970000,15.540000,15.610000,12.808083,24687800
2010-06-10,15.785000,16.139999,15.785000,16.139999,13.242947,20529800
2010-06-11,15.915000,16.155001,15.885000,16.125000,13.230645,15432000
2010-06-14,16.325001,16.415001,16.145000,16.170000,13.267570,13794600
2010-06-15,16.270000,16.559999,16.230000,16.555000,13.583464,13892200
2010-06-16,16.510000,16.535000,16.330000,16.440001,13.489096,14940800
2010-06-17,16.459999,16.485001,16.190001,16.340000,13.407052,20803000
2010-06-18,16.305000,16.405001,16.215000,16.235001,13.363839,15347200
2010-06-21,16.455000,16.465000,16.014999,16.105000,13.256829,17667800
2010-06-22,16.105000,16.235001,15.725000,15.745000,12.960492,19324400
2010-06-23,15.750000,15.865000,15.585000,15.735000,12.952262,24974600
2010-06-24,15.665000,15.665000,15.310000,15.360000,12.643581,22128800
2010-06-25,15.390000,15.475000,15.235000,15.405000,12.680622,24836400
2010-06-28,15.400000,15.460000,15.275000,15.290000,12.585957,14020600
2010-06-29,15.105000,15.105000,14.645000,14.745000,12.137341,37547600
2010-06-30,14.725000,14.920000,14.535000,14.565000,11.989174,22985200
2010-07-01,14.620000,14.735000,14.320000,14.685000,12.087958,31249400
2010-07-02,14.720000,14.755000,14.440000,14.520000,11.952135,13910200
2010-07-06,14.660000,14.840000,14.380000,14.520000,11.952135,23608600
2010-07-07,14.540000,14.950000,14.515000,14.930000,12.289628,25911200
2010-07-08,15.080000,15.090000,14.855000,15.060000,12.396634,15888200
2010-07-09,15.040000,15.205000,15.020000,15.205000,12.515989,10611400
2010-07-12,15.125000,15.270000,15.075000,15.225000,12.532454,13791400
2010-07-13,15.400000,15.670000,15.370000,15.605000,12.845250,21130800
2010-07-14,15.485000,15.580000,15.395000,15.505000,12.762938,16298800
2010-07-15,15.490000,15.595000,15.305000,15.555000,12.804095,19851000
2010-07-16,15.465000,15.500000,14.985000,15.010000,12.355478,20785000
2010-07-19,15.045000,15.215000,14.950000,15.155000,12.474835,10422600
2010-07-20,14.955000,15.405000,14.950000,15.370000,12.651814,21192400
2010-07-21,15.450000,15.450000,15.045000,15.095000,12.425445,19769200
2010-07-22,15.260000,15.630000,15.260000,15.550000,12.799977,20877200
2010-07-23,15.575000,15.790000,15.440000,15.775000,12.985188,16531400
2010-07-26,15.825000,16.014999,15.725000,16.010000,13.178626,18001600
2010-07-27,16.090000,16.090000,15.755000,15.805000,13.009888,21536200
2010-07-28,15.780000,15.870000,15.625000,15.695000,12.919335,10320200
2010-07-29,15.765000,15.925000,15.425000,15.615000,12.853483,14975000
2010-07-30,15.425000,15.780000,15.355000,15.720000,12.939913,15494000
2010-08-02,15.940000,16.070000,15.845000,16.055000,13.215670,18389600
2010-08-03,16.030001,16.030001,15.745000,15.810000,13.013998,13878800
2010-08-04,15.935000,16.094999,15.925000,16.075001,13.232134,14175200
2010-08-05,15.990000,16.125000,15.945000,16.125000,13.273291,12509800
2010-08-06,15.915000,16.055000,15.770000,16.014999,13.182748,12817200
2010-08-09,16.160000,16.205000,16.090000,16.170000,13.310334,12502600
2010-08-10,16.025000,16.115000,15.905000,16.030001,13.195093,16105000
2010-08-11,15.765000,15.770000,15.580000,15.610000,12.849367,15123000
2010-08-12,15.355000,15.585000,15.355000,15.550000,12.799977,16404400
2010-08-13,15.465000,15.530000,15.365000,15.375000,12.655925,11725800
2010-08-16,15.290000,15.475000,15.225000,15.370000,12.651814,10934000
2010-08-17,15.525000,15.760000,15.455000,15.620000,12.857601,11798800
2010-08-18,15.590000,15.860000,15.525000,15.765000,12.976958,12524000
2010-08-19,15.665000,15.720000,15.370000,15.460000,12.725898,15809000
2010-08-20,15.400000,15.480000,15.275000,15.450000,12.717665,12997600
2010-08-23,15.530000,15.625000,15.310000,15.310000,12.602422,12799800
2010-08-24,15.140000,15.220000,14.930000,15.050000,12.388401,24562000
2010-08-25,14.935000,15.285000,14.900000,15.205000,12.515989,14923200
2010-08-26,15.240000,15.335000,15.085000,15.100000,12.429560,12548800
2010-08-27,15.225000,15.370000,14.955000,15.345000,12.631229,21005800
2010-08-30,15.315000,15.360000,15.075000,15.075000,12.408985,14036000
2010-08-31,15.015000,15.215000,14.950000,15.095000,12.425445,14879800
2010-09-01,15.305000,15.640000,15.305000,15.615000,12.853483,16659600
2010-09-02,15.650000,15.910000,15.645000,15.905000,13.092195,19466000
2010-09-03,16.075001,16.200001,15.950000,16.139999,13.285633,15829600
2010-09-07,16.045000,16.075001,15.850000,15.880000,13.071615,10168400
2010-09-08,15.900000,16.065001,15.895000,15.995000,13.166285,8764000
2010-09-09,16.129999,16.150000,15.940000,16.010000,13.178626,10095800
2010-09-10,16.025000,16.184999,16.020000,16.145000,13.289749,10800000
2010-09-13,16.315001,16.360001,16.219999,16.340000,13.450268,8309400
2010-09-14,16.315001,16.434999,16.235001,16.355000,13.462616,12989000
2010-09-15,16.270000,16.410000,16.235001,16.385000,13.487309,11513600
2010-09-16,16.340000,16.405001,16.260000,16.385000,13.487309,13505000
2010-09-17,16.405001,16.440001,16.299999,16.375000,13.522404,12389000
2010-09-20,16.424999,16.725000,16.420000,16.690001,13.782530,10259800
2010-09-21,16.690001,16.750000,16.545000,16.620001,13.724724,26858400
2010-09-22,16.620001,16.705000,16.450001,16.510000,13.633885,15219400
2010-09-23,16.360001,16.635000,16.330000,16.424999,13.563693,20614400
2010-09-24,16.629999,16.865000,16.629999,16.850000,13.914663,12136200
2010-09-27,16.870001,16.870001,16.735001,16.740000,13.823821,20005000
2010-09-28,16.760000,16.910000,16.559999,16.870001,13.931176,14090600
2010-09-29,16.844999,16.855000,16.705000,16.750000,13.832077,9857600
2010-09-30,16.844999,16.945000,16.600000,16.705000,13.794921,17187000
2010-10-01,16.790001,16.875000,16.645000,16.725000,13.811438,15241800
2010-10-04,16.670000,16.809999,16.555000,16.690001,13.782530,13933600
2010-10-05,16.870001,17.080000,16.834999,17.040001,14.071556,17481800
2010-10-06,17.004999,17.030001,16.855000,16.924999,13.976592,11143400
2010-10-07,17.020000,17.035000,16.834999,17.004999,14.042651,9913000
2010-10-08,17.004999,17.240000,16.969999,17.180000,14.187168,12956200
2010-10-11,17.205000,17.254999,17.139999,17.184999,14.191305,8669200
2010-10-12,17.150000,17.270000,17.020000,17.225000,14.224331,9951000
2010-10-13,17.305000,17.385000,17.219999,17.250000,14.244975,11864200
2010-10-14,17.250000,17.325001,17.120001,17.230000,14.228466,9326800
2010-10-15,17.330000,17.365000,17.145000,17.355000,14.331687,15719000
2010-10-18,17.344999,17.379999,17.230000,17.379999,14.352322,13282400
2010-10-19,17.180000,17.245001,16.969999,17.065001,14.092205,21151200
2010-10-20,17.129999,17.355000,17.100000,17.285000,14.273882,14070200
2010-10-21,17.370001,17.590000,17.250000,17.385000,14.356461,21472000
2010-10-22,17.350000,17.495001,17.334999,17.480000,14.434907,8842600
2010-10-25,17.590000,17.745001,17.570000,17.590000,14.525751,12575800
2010-10-26,17.490000,17.725000,17.445000,17.665001,14.587681,12431600
2010-10-27,17.530001,17.590000,17.389999,17.555000,14.496841,12865800
2010-10-28,17.655001,17.690001,17.520000,17.635000,14.562911,15479000
2010-10-29,17.635000,17.680000,17.555000,17.629999,14.558781,13511000
2010-11-01,17.665001,17.790001,17.510000,17.594999,14.529881,13170400
2010-11-02,17.745001,17.865000,17.690001,17.795000,14.695036,14582600
2010-11-03,17.860001,17.889999,17.605000,17.885000,14.769363,16252200
2010-11-04,18.080000,18.184999,18.075001,18.165001,15.000586,18210200
2010-11-05,18.184999,18.299999,18.160000,18.254999,15.074903,13729200
2010-11-08,18.105000,18.245001,18.075001,18.225000,15.050124,6390000
2010-11-09,18.275000,18.285000,17.980000,18.059999,14.913872,9539800
2010-11-10,18.090000,18.219999,17.980000,18.219999,15.046001,13875400
2010-11-11,18.070000,18.305000,18.040001,18.195000,15.025355,30785400
2010-11-12,18.110001,18.240000,17.920000,18.004999,14.868449,19690600
2010-11-15,18.070000,18.150000,17.950001,17.969999,14.839547,11610800
2010-11-16,17.825001,18.040001,17.660000,17.725000,14.637229,34991200
2010-11-17,17.754999,17.915001,17.750000,17.879999,14.765229,18684200
2010-11-18,18.049999,18.180000,18.004999,18.035000,14.893226,20116400
2010-11-19,17.965000,18.129999,17.915001,18.120001,14.963425,13373000
2010-11-22,18.065001,18.215000,17.995001,18.205000,15.033614,13599800
2010-11-23,18.000000,18.035000,17.865000,17.934999,14.810643,19872600
2010-11-24,18.075001,18.305000,18.075001,18.305000,15.116190,18699800
2010-11-26,18.174999,18.264999,18.135000,18.155001,14.992323,5781400
2010-11-29,18.105000,18.165001,17.905001,18.115000,14.959289,16357400
2010-11-30,17.934999,18.195000,17.885000,18.075001,14.926260,22782400
2010-12-01,18.320000,18.530001,18.309999,18.459999,15.244190,17291000
2010-12-02,18.485001,18.715000,18.465000,18.700001,15.442386,14392400
2010-12-03,18.629999,18.750000,18.559999,18.709999,15.450631,13418200
2010-12-06,18.695000,18.770000,18.645000,18.730000,15.467155,20307200
2010-12-07,18.924999,18.940001,18.705000,18.740000,15.475412,14517400
2010-12-08,18.745001,18.770000,18.594999,18.690001,15.434124,11641200
2010-12-09,18.815001,18.855000,18.674999,18.715000,15.454772,8637600
2010-12-10,18.760000,18.809999,18.690001,18.780001,15.508448,8656400
2010-12-13,18.889999,18.889999,18.680000,18.690001,15.434124,9095200
2010-12-14,18.715000,18.780001,18.635000,18.684999,15.429987,8645600
2010-12-15,18.660000,18.764999,18.575001,18.625000,15.380449,7886800
2010-12-16,18.655001,18.770000,18.580000,18.760000,15.491927,8970800
2010-12-17,18.600000,18.695000,18.594999,18.680000,15.516850,9792400
2010-12-20,18.740000,18.825001,18.639999,18.790001,15.608228,8601200
2010-12-21,18.860001,18.900000,18.785000,18.870001,15.674670,8971400
2010-12-22,18.889999,18.930000,18.860001,18.895000,15.695438,6604200
2010-12-23,18.895000,18.905001,18.760000,18.815001,15.628988,4577800
2010-12-27,18.750000,18.790001,18.660000,18.760000,15.583297,6736600
2010-12-28,18.799999,18.799999,18.645000,18.719999,15.550073,6113800
2010-12-29,18.775000,18.850000,18.750000,18.780001,15.599916,3734800
2010-12-30,18.754999,18.795000,18.709999,18.745001,15.570838,5904400
2010-12-31,18.735001,18.740000,18.645000,18.705000,15.537621,4425200
2011-01-03,18.855000,19.030001,18.834999,18.924999,15.720360,8508400
2011-01-04,18.969999,18.995001,18.719999,18.820000,15.633139,7314800
2011-01-05,18.735001,18.985001,18.735001,18.975000,15.761893,12311200
2011-01-06,18.940001,18.940001,18.815001,18.860001,15.666359,7382200
2011-01-07,18.889999,18.945000,18.690001,18.850000,15.658058,10834800
2011-01-10,18.760000,18.879999,18.670000,18.834999,15.645599,9125000
2011-01-11,18.969999,18.969999,18.775000,18.830000,15.641442,6302800
2011-01-12,18.930000,18.950001,18.830000,18.875000,15.678833,41989200
2011-01-13,18.875000,18.910000,18.795000,18.844999,15.653910,9280400
2011-01-14,18.809999,18.975000,18.785000,18.959999,15.749434,9176400
2011-01-18,19.010000,19.045000,18.959999,19.014999,15.795122,8026800
2011-01-19,18.980000,19.030001,18.780001,18.825001,15.637294,12632000
2011-01-20,18.780001,18.934999,18.760000,18.865000,15.670526,13397600
2011-01-21,19.014999,19.040001,18.870001,18.910000,15.707901,8574000
2011-01-24,18.905001,19.010000,18.820000,18.985001,15.770198,9685000
2011-01-25,18.924999,19.010000,18.825001,18.995001,15.778516,11426600
2011-01-26,19.055000,19.135000,18.959999,19.025000,15.803429,9719000
2011-01-27,19.110001,19.205000,19.049999,19.174999,15.928028,8722000
2011-01-28,19.049999,19.070000,18.514999,18.549999,15.408864,22204600
2011-01-31,18.620001,18.684999,18.525000,18.590000,15.442085,9879400
2011-02-01,18.709999,18.840000,18.645000,18.809999,15.624835,9688600
2011-02-02,18.770000,18.809999,18.700001,18.754999,15.579139,8011200
2011-02-03,18.815001,19.004999,18.790001,18.975000,15.761893,11030800
2011-02-04,18.990000,19.120001,18.945000,19.105000,15.869885,9752000
2011-02-07,19.139999,19.295000,19.094999,19.205000,15.952941,8280400
2011-02-08,19.219999,19.450001,19.219999,19.434999,16.144009,11486000
2011-02-09,19.434999,19.620001,19.434999,19.565001,16.251995,11511600
2011-02-10,19.495001,19.615000,19.440001,19.590000,16.272755,9016800
2011-02-11,19.545000,19.809999,19.480000,19.790001,16.438887,10310600
2011-02-14,19.760000,19.760000,19.635000,19.709999,16.372437,7055200
2011-02-15,19.635000,19.754999,19.594999,19.735001,16.393198,6031600
2011-02-16,19.844999,19.910000,19.770000,19.895000,16.526112,9252800
2011-02-17,19.825001,19.950001,19.764999,19.900000,16.530270,6606800
2011-02-18,19.900000,20.010000,19.865000,20.004999,16.617479,7377800
2011-02-22,19.780001,19.834999,19.469999,19.525000,16.218760,15399400
2011-02-23,19.540001,19.605000,19.049999,19.240000,15.982017,17915800
2011-02-24,19.270000,19.395000,19.100000,19.355000,16.077543,18894400
2011-02-25,19.480000,19.605000,19.420000,19.555000,16.243683,8581200
2011-02-28,19.590000,19.705000,19.549999,19.705000,16.368290,9762800
2011-03-01,19.735001,19.790001,19.305000,19.330000,16.056784,20081600
2011-03-02,19.290001,19.480000,19.275000,19.405001,16.119080,14813400
2011-03-03,19.620001,19.775000,19.565001,19.750000,16.405651,15178200
2011-03-04,19.719999,19.764999,19.440001,19.605000,16.285215,16378400
2011-03-07,19.615000,19.725000,19.299999,19.410000,16.123236,16608200
2011-03-08,19.420000,19.620001,19.320000,19.565001,16.251995,10753600
2011-03-09,19.525000,19.660000,19.424999,19.610001,16.289366,13902400
2011-03-10,19.385000,19.540001,19.299999,19.385000,16.102472,19229000
2011-03-11,19.309999,19.575001,19.254999,19.504999,16.202150,21319000
2011-03-14,19.350000,19.415001,19.100000,19.264999,16.002789,13307000
2011-03-15,18.830000,19.230000,18.745001,19.105000,15.869885,14972600
2011-03-16,18.990000,19.105000,18.690001,18.780001,15.599916,19049600
2011-03-17,19.025000,19.090000,18.844999,18.865000,15.670526,12396200
2011-03-18,19.000000,19.010000,18.764999,18.790001,15.660522,35608200
2011-03-21,19.030001,19.115000,18.969999,19.080000,15.902220,26727400
2011-03-22,19.070000,19.094999,18.920000,18.930000,15.777200,13460600
2011-03-23,18.885000,19.145000,18.760000,19.094999,15.914718,14919800
2011-03-24,19.184999,19.430000,19.174999,19.375000,16.148090,10029200
2011-03-25,19.440001,19.540001,19.370001,19.410000,16.177265,7081400
2011-03-28,19.465000,19.465000,19.205000,19.209999,16.010569,19556000
2011-03-29,19.205000,19.389999,19.170000,19.385000,16.156420,12230000
2011-03-30,19.510000,19.625000,19.450001,19.594999,16.331451,14049400
2011-03-31,19.530001,19.565001,19.415001,19.525000,16.273104,11099600
2011-04-01,19.645000,19.790001,19.570000,19.650000,16.377289,12049200
2011-04-04,19.700001,19.754999,19.629999,19.695000,16.414791,5774400
2011-04-05,19.625000,19.860001,19.625000,19.760000,16.468975,8023200
2011-04-06,19.840000,19.900000,19.629999,19.725000,16.439793,14635000
2011-04-07,19.665001,19.775000,19.514999,19.645000,16.373125,19789400
2011-04-08,19.730000,19.740000,19.434999,19.530001,16.277281,17011600
2011-04-11,19.545000,19.650000,19.459999,19.535000,16.281439,9573400
2011-04-12,19.430000,19.570000,19.395000,19.510000,16.260601,17972600
2011-04-13,19.600000,19.625000,19.424999,19.575001,16.314777,16133200
2011-04-14,19.450001,19.559999,19.350000,19.530001,16.277281,8229400
2011-04-15,19.559999,19.684999,19.504999,19.625000,16.356451,12910200
2011-04-18,19.415001,19.480000,19.230000,19.450001,16.210600,17991600
2011-04-19,19.445000,19.514999,19.370001,19.495001,16.248100,8930200
2011-04-20,19.770000,19.920000,19.750000,19.844999,16.539818,17215000
2011-04-21,19.924999,19.975000,19.825001,19.955000,16.631485,8625200
2011-04-25,19.965000,19.975000,19.870001,19.934999,16.614820,8422400
2011-04-26,19.975000,20.055000,19.920000,19.969999,16.643982,14000000
2011-04-27,20.030001,20.240000,20.020000,20.209999,16.844019,12916000
2011-04-28,20.170000,20.325001,20.170000,20.290001,16.910700,12118200
2011-04-29,20.305000,20.360001,20.250000,20.275000,16.898190,20800000
2011-05-02,20.355000,20.510000,20.315001,20.344999,16.956539,18676800
2011-05-03,20.330000,20.370001,20.139999,20.230000,16.860687,13279600
2011-05-04,20.254999,20.330000,20.025000,20.184999,16.823179,21531400
2011-05-05,20.035000,20.320000,20.010000,20.129999,16.777351,16200000
2011-05-06,20.405001,20.405001,20.090000,20.145000,16.789846,11709800
2011-05-09,20.150000,20.250000,20.090000,20.170000,16.810682,8551200
2011-05-10,20.225000,20.465000,20.215000,20.430000,17.027382,10063200
2011-05-11,20.415001,20.415001,20.129999,20.235001,16.864855,9847400
2011-05-12,20.190001,20.440001,20.135000,20.434999,17.031549,15400000
2011-05-13,20.450001,20.475000,20.230000,20.280001,16.902361,10376800
2011-05-16,20.195000,20.230000,19.965000,20.010000,16.677330,17553600
2011-05-17,19.950001,20.080000,19.885000,20.030001,16.693993,32679000
2011-05-18,20.045000,20.275000,19.975000,20.264999,16.889860,12817400
2011-05-19,20.325001,20.344999,20.205000,20.330000,16.944029,8554200
2011-05-20,20.245001,20.309999,20.045000,20.135000,16.781507,12816400
2011-05-23,19.889999,20.035000,19.855000,19.945000,16.623159,10800000
2011-05-24,20.020000,20.020000,19.820000,19.844999,16.539818,9649200
2011-05-25,19.780001,19.934999,19.715000,19.850000,16.543983,11294800
2011-05-26,19.840000,20.070000,19.815001,20.030001,16.693993,13351200
2011-05-27,20.055000,20.150000,20.020000,20.080000,16.735666,8530400
2011-05-31,20.270000,20.270000,20.120001,20.219999,16.852356,11977400
2011-06-01,20.145000,20.180000,19.745001,19.760000,16.468975,25268600
2011-06-02,19.770000,19.844999,19.605000,19.715000,16.431461,15816400
2011-06-03,19.459999,19.620001,19.420000,19.459999,16.218929,14524400
2011-06-06,19.420000,19.495001,19.250000,19.254999,16.048075,10386200
2011-06-07,19.385000,19.485001,19.275000,19.275000,16.064741,10020200
2011-06-08,19.270000,19.285000,19.094999,19.125000,15.939719,20040200
2011-06-09,19.174999,19.355000,19.110001,19.285000,16.073078,11329800
2011-06-10,19.184999,19.215000,18.905001,18.930000,15.777200,19248600
2011-06-13,18.955000,19.065001,18.799999,18.905001,15.756367,19118400
2011-06-14,19.080000,19.280001,19.080000,19.240000,16.035564,18593800
2011-06-15,19.030001,19.165001,18.910000,18.945000,15.789710,39760200
2011-06-16,18.950001,19.040001,18.760000,18.900000,15.752198,17067800
2011-06-17,18.995001,19.110001,18.915001,18.975000,15.870553,20661800
2011-06-20,18.900000,19.200001,18.875000,19.129999,16.000181,10205000
2011-06-21,19.225000,19.545000,19.170000,19.520000,16.326389,25307200
2011-06-22,19.490000,19.559999,19.360001,19.370001,16.200928,15139200
2011-06-23,19.120001,19.459999,19.075001,19.440001,16.259480,25104600
2011-06-24,19.440001,19.495001,19.209999,19.250000,16.100552,19934200
2011-06-27,19.299999,19.570000,19.174999,19.485001,16.297108,10825600
2011-06-28,19.615000,19.855000,19.565001,19.855000,16.606575,29755200
2011-06-29,19.969999,20.025000,19.825001,19.945000,16.681852,25746600
2011-06-30,19.995001,20.150000,19.969999,20.105000,16.815672,18451400
2011-07-01,20.145000,20.540001,20.094999,20.510000,17.154409,19309400
2011-07-05,20.475000,20.680000,20.445000,20.600000,17.229687,23675600
2011-07-06,20.555000,20.565001,20.459999,20.525000,17.166952,11121000
2011-07-07,20.750000,20.889999,20.719999,20.809999,17.405329,15744000
2011-07-08,20.525000,20.684999,20.485001,20.684999,17.300783,12362600
2011-07-11,20.375000,20.535000,20.205000,20.285000,16.966227,19935600
2011-07-12,20.250000,20.405001,20.174999,20.184999,16.882584,18989800
2011-07-13,20.315001,20.510000,20.254999,20.290001,16.970404,12232000
2011-07-14,20.344999,20.440001,20.059999,20.135000,16.840771,12107800
2011-07-15,20.235001,20.235001,20.000000,20.145000,16.849134,31336000
2011-07-18,20.055000,20.094999,19.815001,19.950001,16.686028,12047800
2011-07-19,20.100000,20.379999,20.100000,20.334999,17.008047,16963000
2011-07-20,20.375000,20.379999,20.155001,20.230000,16.920231,9973800
2011-07-21,20.325001,20.580000,20.315001,20.465000,17.116777,13880200
2011-07-22,20.475000,20.575001,20.395000,20.545000,17.183683,8209200
2011-07-25,20.320000,20.495001,20.320000,20.410000,17.070774,7947800
2011-07-26,20.415001,20.440001,20.290001,20.375000,17.041504,9939600
2011-07-27,20.355000,20.360001,19.985001,20.020000,16.744583,19216800
2011-07-28,20.045000,20.190001,19.879999,19.920000,16.660944,13346200
2011-07-29,19.809999,20.020000,19.645000,19.825001,16.581484,18268000
2011-08-01,20.049999,20.049999,19.475000,19.719999,16.493658,16283400
2011-08-02,19.555000,19.639999,18.975000,18.975000,15.870553,24332400
2011-08-03,19.020000,19.135000,18.625000,19.115000,15.987640,27995000
2011-08-04,18.815001,18.865000,18.180000,18.184999,15.209790,46110800
2011-08-05,18.410000,18.525000,17.680000,18.170000,15.197256,49672800
2011-08-08,17.709999,17.900000,16.955000,17.030001,14.243767,52621400
2011-08-09,17.264999,17.834999,16.709999,17.820000,14.904510,50522000
2011-08-10,17.389999,17.615000,17.010000,17.059999,14.268855,46480800
2011-08-11,17.209999,18.045000,17.125000,17.815001,14.900335,38716800
2011-08-12,17.985001,18.145000,17.780001,18.035000,15.084347,21431200
2011-08-15,18.125000,18.299999,17.985001,18.299999,15.305982,42941800
2011-08-16,18.200001,18.375000,18.000000,18.200001,15.222343,18259200
2011-08-17,18.370001,18.440001,17.945000,18.174999,15.201437,19399200
2011-08-18,17.645000,17.665001,17.100000,17.275000,14.448683,34377200
2011-08-19,17.020000,17.594999,16.995001,17.025000,14.239585,30236400
2011-08-22,17.405001,17.450001,17.035000,17.075001,14.281407,21931400
2011-08-23,17.135000,17.740000,17.065001,17.735001,14.833423,19785200
2011-08-24,17.665001,18.059999,17.635000,18.049999,15.096877,20670400
2011-08-25,18.135000,18.209999,17.629999,17.690001,14.795786,23207800
2011-08-26,17.570000,18.160000,17.375000,18.059999,15.105249,21998800
2011-08-29,18.290001,18.600000,18.260000,18.584999,15.544355,19820400
2011-08-30,18.540001,18.799999,18.379999,18.670000,15.615452,27446000
2011-08-31,18.799999,18.995001,18.625000,18.785000,15.711637,16813800
2011-09-01,18.775000,18.950001,18.530001,18.555000,15.519264,19644400
2011-09-02,18.180000,18.270000,17.969999,18.030001,15.080158,24527600
2011-09-06,17.504999,18.000000,17.495001,17.975000,15.034158,17562000
2011-09-07,18.219999,18.450001,18.139999,18.440001,15.423077,17093000
2011-09-08,18.320000,18.500000,18.120001,18.190001,15.213984,14868000
2011-09-09,17.965000,18.055000,17.584999,17.709999,14.812508,22248000
2011-09-12,17.420000,17.924999,17.420000,17.920000,14.988154,17743200
2011-09-13,17.959999,18.190001,17.834999,18.129999,15.163795,16629200
2011-09-14,18.219999,18.660000,17.975000,18.430000,15.414710,20164600
2011-09-15,18.670000,18.770000,18.434999,18.740000,15.673997,15697200
2011-09-16,18.750000,18.905001,18.684999,18.885000,15.849401,23261600
2011-09-19,18.565001,18.955000,18.500000,18.850000,15.820024,13108200
2011-09-20,18.930000,19.115000,18.735001,18.750000,15.736104,27629400
2011-09-21,18.790001,18.820000,18.145000,18.145000,15.228349,28418800
2011-09-22,17.590000,17.955000,17.334999,17.600000,14.770955,56392200
2011-09-23,17.480000,17.969999,17.469999,17.865000,14.993357,33179200
2011-09-26,18.035000,18.285000,17.700001,18.285000,15.345843,28385600
2011-09-27,18.625000,18.775000,18.309999,18.410000,15.450753,25105200
2011-09-28,18.455000,18.625000,18.075001,18.094999,15.186382,19486200
2011-09-29,18.415001,18.434999,17.575001,17.945000,15.060499,26736800
2011-09-30,17.635000,17.895000,17.430000,17.430000,14.628278,26451400
2011-10-03,17.305000,17.605000,16.920000,16.920000,14.200262,44002600
2011-10-04,16.700001,17.495001,16.535000,17.455000,14.649262,35315400
2011-10-05,17.535000,17.825001,17.334999,17.775000,14.917823,28178600
2011-10-06,17.760000,18.209999,17.719999,18.190001,15.266118,17806200
2011-10-07,18.295000,18.379999,18.030001,18.174999,15.253533,23840000
2011-10-10,18.375000,18.805000,18.375000,18.790001,15.769679,13154600
2011-10-11,18.730000,18.900000,18.680000,18.870001,15.836817,15960000
2011-10-12,18.959999,19.295000,18.945000,19.040001,15.979486,19556800
2011-10-13,18.975000,19.110001,18.875000,19.025000,15.966895,17656800
2011-10-14,19.264999,19.360001,19.100000,19.334999,16.227066,12333800
2011-10-17,19.240000,19.320000,18.934999,18.940001,15.895565,11855600
2011-10-18,18.945000,19.480000,18.745001,19.325001,16.218681,22580000
2011-10-19,19.355000,19.370001,18.965000,19.035000,15.975288,14810800
2011-10-20,19.075001,19.215000,18.825001,19.129999,16.055017,17991000
2011-10-21,19.400000,19.670000,19.370001,19.660000,16.499830,20837200
2011-10-24,19.775000,20.020000,19.684999,19.950001,16.743210,26215200
2011-10-25,19.844999,19.844999,19.455000,19.514999,16.378128,22184200
2011-10-26,19.540001,19.594999,19.110001,19.440001,16.315193,32416200
2011-10-27,19.959999,20.084999,19.610001,19.969999,16.760002,25967200
2011-10-28,19.885000,19.930000,19.680000,19.815001,16.629919,18144400
2011-10-31,19.615000,19.754999,19.495001,19.510000,16.373936,12987000
2011-11-01,19.025000,19.280001,18.910000,19.090000,16.021446,21417200
2011-11-02,19.410000,19.410000,19.120001,19.285000,16.185108,10861400
2011-11-03,19.465000,19.580000,19.059999,19.535000,16.394918,13476800
2011-11-04,19.415001,19.510000,19.240000,19.459999,16.331978,9393400
2011-11-07,19.500000,19.590000,19.295000,19.584999,16.436876,9088200
2011-11-08,19.680000,19.805000,19.385000,19.775000,16.596340,16891400
2011-11-09,19.379999,19.400000,19.000000,19.070000,16.004667,13776400
2011-11-10,19.270000,19.299999,18.995001,19.250000,16.155737,13508800
2011-11-11,19.440001,19.780001,19.440001,19.735001,16.562769,13413000
2011-11-14,19.645000,19.760000,19.510000,19.590000,16.441080,6967600
2011-11-15,19.504999,19.764999,19.415001,19.660000,16.499830,7796200
2011-11-16,19.485001,19.650000,19.254999,19.290001,16.189301,9803600
2011-11-17,19.264999,19.309999,18.844999,18.950001,15.903957,13999400
2011-11-18,19.035000,19.065001,18.825001,18.940001,15.895565,7739800
2011-11-21,18.684999,18.725000,18.410000,18.645000,15.647979,11704600
2011-11-22,18.615000,18.730000,18.455000,18.635000,15.639593,7865600
2011-11-23,18.455000,18.520000,18.245001,18.264999,15.329064,9337800
2011-11-25,18.195000,18.389999,18.165001,18.165001,15.245136,5977400
2011-11-28,18.670000,18.834999,18.605000,18.719999,15.710922,11134400
2011-11-29,18.775000,18.889999,18.695000,18.785000,15.765475,9683200
2011-11-30,19.315001,19.389999,19.155001,19.370001,16.256445,17420400
2011-12-01,19.344999,19.770000,19.305000,19.385000,16.269028,8752000
2011-12-02,19.605000,19.715000,19.520000,19.535000,16.394918,11458800
2011-12-05,19.834999,19.875000,19.594999,19.715000,16.545988,9183400
2011-12-06,19.695000,19.764999,19.594999,19.650000,16.491434,12284200
2011-12-07,19.575001,19.865000,19.475000,19.775000,16.596340,9435800
2011-12-08,19.670000,19.725000,19.320000,19.355000,16.243849,12827400
2011-12-09,19.455000,19.745001,19.450001,19.674999,16.512413,13206200
2011-12-12,19.530001,19.635000,19.340000,19.615000,16.462059,28487800
2011-12-13,19.709999,19.740000,19.150000,19.230000,16.138947,15795600
2011-12-14,19.190001,19.190001,18.905001,19.030001,15.971089,15993000
2011-12-15,19.180000,19.215000,19.030001,19.059999,15.996278,14978800
2011-12-16,19.075001,19.180000,18.920000,18.950001,15.996278,24864000
2011-12-19,19.000000,19.100000,18.684999,18.740000,15.819002,10322800
2011-12-20,19.025000,19.295000,19.004999,19.254999,16.253731,11583400
2011-12-21,19.285000,19.370001,19.139999,19.320000,16.308596,6711000
2011-12-22,19.400000,19.420000,19.309999,19.375000,16.355028,6843400
2011-12-23,19.469999,19.605000,19.430000,19.590000,16.536512,3983200
2011-12-27,19.514999,19.695000,19.500000,19.650000,16.587160,4226200
2011-12-28,19.705000,19.705000,19.375000,19.434999,16.405678,5336000
2011-12-29,19.440001,19.635000,19.440001,19.635000,16.574503,4639400
2011-12-30,19.605000,19.629999,19.510000,19.510000,16.468985,3975200
2012-01-03,19.834999,19.905001,19.674999,19.674999,16.608271,24111000
2012-01-04,19.639999,19.875000,19.639999,19.830000,16.739105,6236600
2012-01-05,19.719999,19.995001,19.615000,19.995001,16.878389,9152600
2012-01-06,20.004999,20.100000,19.900000,20.025000,16.903704,6185200
2012-01-09,20.080000,20.080000,19.915001,19.995001,16.878389,6142800
2012-01-10,20.165001,20.174999,20.055000,20.125000,16.988129,7713000
2012-01-11,20.090000,20.195000,20.080000,20.155001,17.013449,5221000
2012-01-12,20.195000,20.245001,20.040001,20.215000,17.064098,4188200
2012-01-13,20.100000,20.190001,19.985001,20.190001,17.042994,6846400
2012-01-17,20.305000,20.375000,20.215000,20.245001,17.089417,4717400
2012-01-18,20.285000,20.590000,20.205000,20.570000,17.363764,8930000
2012-01-19,20.600000,20.785000,20.575001,20.750000,17.515713,7903400
2012-01-20,20.745001,20.745001,20.520000,20.580000,17.372213,12068000
2012-01-23,20.584999,20.709999,20.424999,20.565001,17.359549,5862400
2012-01-24,20.490000,20.635000,20.424999,20.625000,17.410185,5635000
2012-01-25,20.610001,20.820000,20.525000,20.775000,17.536808,8151000
2012-01-26,20.875000,20.950001,20.660000,20.740000,17.507269,7479800
2012-01-27,20.620001,20.764999,20.575001,20.725000,17.494608,6762800
2012-01-30,20.545000,20.700001,20.415001,20.665001,17.443960,9903200
2012-01-31,20.795000,20.809999,20.580000,20.660000,17.439732,6828400
2012-02-01,20.700001,20.805000,20.655001,20.730000,17.498819,11254400
2012-02-02,20.719999,20.754999,20.605000,20.705000,17.477722,7214200
2012-02-03,20.855000,21.129999,20.855000,21.129999,17.836479,11123600
2012-02-06,20.995001,21.120001,20.990000,21.084999,17.798489,5171600
2012-02-07,21.084999,21.215000,21.020000,21.184999,17.882900,18817200
2012-02-08,21.235001,21.334999,21.105000,21.235001,17.925110,8521800
2012-02-09,21.225000,21.290001,21.080000,21.270000,17.954657,8258800
2012-02-10,21.055000,21.180000,21.030001,21.155001,17.857580,6367000
2012-02-13,21.305000,21.355000,21.245001,21.325001,18.001083,9679200
2012-02-14,21.215000,21.315001,21.139999,21.299999,17.979975,7708200
2012-02-15,21.395000,21.434999,21.155001,21.205000,17.899794,9940800
2012-02-16,21.170000,21.325001,21.155001,21.295000,17.975758,9935000
2012-02-17,21.350000,21.514999,21.350000,21.480000,18.131920,6741400
2012-02-21,21.549999,21.605000,21.360001,21.405001,18.068605,8236600
2012-02-22,21.405001,21.440001,21.275000,21.350000,18.022188,9264400
2012-02-23,21.350000,21.465000,21.270000,21.455000,18.110830,7072600
2012-02-24,21.455000,21.520000,21.400000,21.430000,18.089714,5540200
2012-02-27,21.355000,21.584999,21.295000,21.555000,18.195230,8870800
2012-02-28,21.555000,21.684999,21.504999,21.674999,18.296522,12252000
2012-02-29,21.690001,21.754999,21.590000,21.594999,18.228996,19011800
2012-03-01,21.655001,21.805000,21.645000,21.775000,18.380938,9467200
2012-03-02,21.709999,21.840000,21.684999,21.760000,18.368284,11599800
2012-03-05,21.700001,21.785000,21.635000,21.740000,18.351402,6652200
2012-03-06,21.540001,21.549999,21.334999,21.400000,18.064390,10974000
2012-03-07,21.480000,21.674999,21.469999,21.645000,18.271202,9631800
2012-03-08,21.670000,21.910000,21.670000,21.865000,18.456911,8756200
2012-03-09,21.950001,22.035000,21.900000,21.990000,18.562435,9470800
2012-03-12,22.000000,22.055000,21.885000,21.930000,18.511782,10772000
2012-03-13,22.014999,22.270000,21.975000,22.270000,18.798784,13602600
2012-03-14,22.280001,22.295000,22.170000,22.240000,18.773460,13957200
2012-03-15,22.235001,22.330000,22.150000,22.315001,18.836769,10541200
2012-03-16,22.275000,22.280001,22.129999,22.174999,18.776228,15447600
2012-03-19,22.100000,22.320000,22.090000,22.290001,18.873604,14249800
2012-03-20,22.184999,22.370001,22.120001,22.325001,18.903236,9535400
2012-03-21,22.370001,22.424999,22.325001,22.355000,18.928644,6158800
2012-03-22,22.245001,22.355000,22.205000,22.299999,18.882069,9118600
2012-03-23,22.264999,22.350000,22.045000,22.325001,18.903236,7054400
2012-03-26,22.510000,22.695000,22.480000,22.680000,19.203825,11443800
2012-03-27,22.745001,22.780001,22.629999,22.645000,19.174198,9001400
2012-03-28,22.660000,22.660000,22.350000,22.450001,19.009083,13392000
2012-03-29,22.299999,22.465000,22.195000,22.445000,19.004850,7817600
2012-03-30,22.540001,22.605000,22.415001,22.545000,19.089523,8367400
2012-04-02,22.510000,22.680000,22.450001,22.605000,19.140326,21711200
2012-04-03,22.575001,22.700001,22.475000,22.559999,19.102213,10632600
2012-04-04,22.424999,22.440001,22.209999,22.350000,18.924416,14964000
2012-04-05,22.275000,22.540001,22.275000,22.504999,19.055653,11427200
2012-04-09,22.180000,22.350000,22.139999,22.299999,18.882069,13188000
2012-04-10,22.219999,22.295000,21.709999,21.754999,18.420601,34536400
2012-04-11,21.969999,22.115000,21.950001,22.055000,18.674620,9042400
2012-04-12,22.105000,22.355000,22.010000,22.334999,18.911705,14096400
2012-04-13,22.290001,22.395000,22.170000,22.275000,18.860903,12947600
2012-04-16,22.330000,22.385000,22.094999,22.195000,18.793163,19842600
2012-04-17,22.305000,22.495001,22.240000,22.430000,18.992146,9396400
2012-04-18,22.379999,22.559999,22.350000,22.465000,19.021772,8628400
2012-04-19,22.465000,22.575001,22.184999,22.285000,18.869368,11413600
2012-04-20,22.375000,22.490000,22.309999,22.320000,18.899002,9196200
2012-04-23,22.125000,22.160000,21.934999,22.080000,18.695791,12324200
2012-04-24,22.105000,22.195000,21.915001,22.004999,18.632284,17761400
2012-04-25,22.170000,22.389999,22.160000,22.375000,18.945578,15792800
2012-04-26,22.340000,22.700001,22.340000,22.655001,19.182669,11561400
2012-04-27,22.820000,23.040001,22.715000,22.934999,19.419741,17906200
2012-04-30,22.920000,22.920000,22.750000,22.805000,19.309669,13903200
2012-05-01,22.860001,23.135000,22.785000,22.955000,19.436680,15511600
2012-05-02,22.875000,23.105000,22.830000,23.080000,19.542521,19296800
2012-05-03,23.070000,23.090000,22.830000,22.900000,19.390108,10054600
2012-05-04,22.799999,22.799999,22.434999,22.455000,19.013315,19999800
2012-05-07,22.389999,22.540001,22.365000,22.445000,19.004850,15508600
2012-05-08,22.275000,22.280001,21.809999,22.174999,18.776228,24420200
2012-05-09,21.980000,22.209999,21.844999,22.090000,18.704254,22291600
2012-05-10,22.215000,22.299999,22.080000,22.165001,18.767759,15600000
2012-05-11,22.030001,22.370001,22.025000,22.120001,18.729654,16199200
2012-05-14,21.945000,22.030001,21.805000,21.809999,18.467171,23373600
2012-05-15,21.790001,22.055000,21.725000,21.775000,18.437538,19657800
2012-05-16,21.834999,22.000000,21.735001,21.740000,18.407909,16355800
2012-05-17,21.760000,21.770000,21.150000,21.165001,17.921032,31044600
2012-05-18,21.230000,21.350000,20.975000,21.004999,17.785559,18975800
2012-05-21,20.975000,21.379999,20.865000,21.375000,18.098850,16673400
2012-05-22,21.455000,21.625000,21.320000,21.459999,18.170815,18412000
2012-05-23,21.309999,21.610001,21.200001,21.575001,18.268194,13270200
2012-05-24,21.610001,21.709999,21.485001,21.674999,18.352861,15790000
2012-05-25,21.700001,21.754999,21.575001,21.639999,18.323231,12193400
2012-05-29,21.815001,21.980000,21.715000,21.940001,18.577253,24655000
2012-05-30,21.725000,21.754999,21.535000,21.594999,18.285124,14576800
2012-05-31,21.570000,21.690001,21.350000,21.549999,18.247019,19736200
2012-06-01,21.184999,21.235001,20.830000,20.870001,17.671249,30107600
2012-06-04,20.870001,21.010000,20.719999,20.945000,17.734755,21881000
2012-06-05,20.870001,21.094999,20.855000,21.059999,17.832127,13564200
2012-06-06,21.235001,21.535000,21.215000,21.514999,18.217388,18108200
2012-06-07,21.850000,21.850000,21.459999,21.514999,18.217388,16325000
2012-06-08,21.430000,21.709999,21.340000,21.705000,18.378273,12487200
2012-06-11,21.875000,21.889999,21.340000,21.375000,18.098850,22115200
2012-06-12,21.450001,21.635000,21.325001,21.605000,18.293592,24132600
2012-06-13,21.525000,21.615000,21.219999,21.290001,18.026876,22783200
2012-06-14,21.379999,21.674999,21.320000,21.575001,18.268194,24209200
2012-06-15,21.600000,21.730000,21.525000,21.709999,18.447477,20657200
2012-06-18,21.629999,21.910000,21.584999,21.865000,18.579189,10990600
2012-06-19,21.969999,22.165001,21.934999,22.065001,18.749138,21073800
2012-06-20,22.100000,22.139999,21.860001,22.040001,18.727886,14074400
2012-06-21,22.070000,22.070000,21.540001,21.559999,18.320019,15924800
2012-06-22,21.629999,21.695000,21.545000,21.655001,18.400747,7776000
2012-06-25,21.445000,21.504999,21.235001,21.320000,18.116095,15135400
2012-06-26,21.410000,21.660000,21.344999,21.584999,18.341267,15523600
2012-06-27,21.575001,21.690001,21.485001,21.555000,18.315777,8129600
2012-06-28,21.430000,21.490000,21.225000,21.434999,18.213808,13537000
2012-06-29,21.780001,21.915001,21.605000,21.889999,18.600437,20060400
2012-07-02,21.905001,21.990000,21.790001,21.955000,18.655666,16784400
2012-07-03,21.934999,21.985001,21.820000,21.934999,18.638670,5544000
2012-07-05,21.830000,22.100000,21.815001,21.990000,18.685408,11049600
2012-07-06,21.805000,21.959999,21.760000,21.885000,18.596178,10615400
2012-07-09,21.870001,21.895000,21.695000,21.764999,18.494225,11543400
2012-07-10,21.875000,21.955000,21.555000,21.635000,18.383751,12337600
2012-07-11,21.629999,21.670000,21.375000,21.510000,18.277534,17611800
2012-07-12,21.389999,21.549999,21.225000,21.459999,18.235056,12639600
2012-07-13,21.490000,21.855000,21.459999,21.809999,18.532454,12118800
2012-07-16,21.690001,21.790001,21.590000,21.670000,18.413496,8102800
2012-07-17,21.730000,21.945000,21.605000,21.885000,18.596178,12678400
2012-07-18,21.799999,22.059999,21.770000,22.000000,18.693903,14100800
2012-07-19,22.049999,22.290001,21.990000,22.145000,18.817114,8381800
2012-07-20,21.995001,22.025000,21.865000,21.875000,18.587681,11541400
2012-07-23,21.535000,21.629999,21.395000,21.555000,18.315777,7985400
2012-07-24,21.570000,21.600000,21.270000,21.410000,18.192568,9807400
2012-07-25,21.445000,21.504999,21.280001,21.365000,18.154333,6431400
2012-07-26,21.674999,21.780001,21.495001,21.709999,18.447477,10344000
2012-07-27,21.825001,22.195000,21.825001,22.139999,18.812862,19862200
2012-07-30,22.135000,22.200001,21.995001,22.055000,18.740646,15601400
2012-07-31,21.959999,21.959999,21.770000,21.770000,18.498468,11804600
2012-08-01,21.915001,21.934999,21.655001,21.680000,18.421989,15779400
2012-08-02,21.545000,21.844999,21.504999,21.735001,18.468729,14415400
2012-08-03,21.975000,22.205000,21.959999,22.165001,18.834110,15292400
2012-08-06,22.200001,22.309999,22.155001,22.245001,18.902086,10836800
2012-08-07,22.355000,22.530001,22.355000,22.455000,19.080528,12502800
2012-08-08,22.240000,22.365000,22.170000,22.344999,18.987062,8037000
2012-08-09,22.315001,22.395000,22.270000,22.330000,18.974319,3436600
2012-08-10,22.250000,22.325001,22.205000,22.309999,18.957317,8928600
2012-08-13,22.280001,22.334999,22.184999,22.320000,18.965811,4789600
2012-08-14,22.475000,22.480000,22.309999,22.375000,19.012552,7095400
2012-08-15,22.340000,22.465000,22.340000,22.445000,19.072031,4618400
2012-08-16,22.410000,22.700001,22.410000,22.629999,19.229229,14047600
2012-08-17,22.639999,22.750000,22.639999,22.715000,19.301458,9154800
2012-08-20,22.674999,22.690001,22.535000,22.620001,19.220732,7038200
2012-08-21,22.660000,22.770000,22.545000,22.590000,19.195236,6603600
2012-08-22,22.545000,22.695000,22.540001,22.655001,19.250473,7563200
2012-08-23,22.580000,22.605000,22.455000,22.500000,19.118765,7060600
2012-08-24,22.459999,22.709999,22.445000,22.684999,19.275970,5896800
2012-08-27,22.750000,22.754999,22.594999,22.650000,19.246216,5579600
2012-08-28,22.629999,22.760000,22.594999,22.695000,19.284458,7244400
2012-08-29,22.715000,22.844999,22.684999,22.805000,19.377934,8028600
2012-08-30,22.709999,22.809999,22.655001,22.680000,19.271713,11250600
2012-08-31,22.809999,22.875000,22.650000,22.775000,19.352440,7261600
2012-09-04,22.730000,22.820000,22.575001,22.719999,19.305704,12437600
2012-09-05,22.750000,22.844999,22.684999,22.754999,19.335443,12406800
2012-09-06,22.895000,23.280001,22.885000,23.264999,19.768803,10768800
2012-09-07,23.334999,23.415001,23.299999,23.389999,19.875013,9532000
2012-09-10,23.389999,23.495001,23.340000,23.355000,19.845282,5881800
2012-09-11,23.360001,23.420000,23.309999,23.344999,19.836784,6184400
2012-09-12,23.434999,23.500000,23.350000,23.459999,19.934496,9850200
2012-09-13,23.450001,23.815001,23.385000,23.760000,20.189415,11712200
2012-09-14,23.820000,24.004999,23.790001,23.855000,20.270136,10467000
2012-09-17,23.834999,23.834999,23.695000,23.764999,20.193657,5422400
2012-09-18,23.690001,23.719999,23.605000,23.650000,20.095942,6535600
2012-09-19,23.725000,23.965000,23.684999,23.895000,20.304134,11949600
2012-09-20,23.775000,23.870001,23.684999,23.865000,20.278639,7068200
2012-09-21,23.885000,23.920000,23.735001,23.764999,20.264137,9417800
2012-09-24,23.684999,23.754999,23.625000,23.700001,20.208714,5377000
2012-09-25,23.775000,23.860001,23.415001,23.420000,19.969955,5911200
2012-09-26,23.405001,23.455000,23.174999,23.260000,19.833538,7033800
2012-09-27,23.350000,23.584999,23.309999,23.495001,20.033911,5793600
2012-09-28,23.344999,23.495001,23.219999,23.395000,19.948647,7286200
2012-10-01,23.455000,23.650000,23.334999,23.379999,19.935852,5375200
2012-10-02,23.459999,23.504999,23.245001,23.334999,19.897488,8313800
2012-10-03,23.424999,23.600000,23.340000,23.520000,20.055231,7900600
2012-10-04,23.639999,23.785000,23.605000,23.735001,20.238562,10827000
2012-10-05,23.895000,23.985001,23.740000,23.805000,20.298246,10052400
2012-10-08,23.700001,23.825001,23.684999,23.760000,20.259874,5473400
2012-10-09,23.740000,23.740000,23.370001,23.379999,19.935852,11578000
2012-10-10,23.405001,23.455000,23.195000,23.235001,19.812214,10855000
2012-10-11,23.405001,23.405001,23.070000,23.129999,19.722683,11621800
2012-10-12,23.139999,23.260000,23.070000,23.125000,19.718416,11437000
2012-10-15,23.219999,23.385000,23.084999,23.355000,19.914541,6924200
2012-10-16,23.445000,23.590000,23.445000,23.565001,20.093603,7666400
2012-10-17,23.629999,23.770000,23.575001,23.700001,20.208714,9962400
2012-10-18,23.690001,23.834999,23.605000,23.715000,20.221506,8949200
2012-10-19,23.625000,23.639999,23.205000,23.290001,19.859118,14896400
2012-10-22,23.275000,23.315001,23.055000,23.215000,19.795164,6554200
2012-10-23,22.975000,23.100000,22.834999,23.030001,19.637411,9354400
2012-10-24,23.160000,23.160000,22.900000,22.940001,19.560671,5481600
2012-10-25,23.065001,23.155001,22.785000,22.885000,19.513775,5990800
2012-10-26,22.955000,23.010000,22.715000,22.959999,19.577728,7577200
2012-10-31,23.165001,23.209999,22.855000,23.035000,19.641678,18315800
2012-11-01,23.125000,23.344999,23.084999,23.299999,19.867640,10258800
2012-11-02,23.555000,23.625000,23.270000,23.285000,19.854851,12173800
2012-11-05,23.260000,23.379999,23.160000,23.344999,19.906008,12630200
2012-11-06,23.410000,23.525000,23.340000,23.469999,20.012590,9504000
2012-11-07,23.299999,23.379999,23.014999,23.195000,19.778111,13969200
2012-11-08,23.200001,23.275000,22.815001,22.820000,19.458351,12935200
2012-11-09,22.635000,22.910000,22.594999,22.709999,19.364553,14761200
2012-11-12,22.799999,22.840000,22.680000,22.730000,19.381609,7039400
2012-11-13,22.670000,22.995001,22.645000,22.795000,19.437027,6605200
2012-11-14,22.895000,22.905001,22.395000,22.455000,19.147121,22211400
2012-11-15,22.434999,22.580000,22.344999,22.440001,19.134327,13401000
2012-11-16,22.440001,22.625000,22.330000,22.590000,19.262234,21996600
2012-11-19,22.855000,23.075001,22.844999,23.075001,19.675785,14625400
2012-11-20,23.065001,23.270000,23.004999,23.190001,19.773849,10274200
2012-11-21,23.184999,23.309999,23.155001,23.270000,19.842064,11909600
2012-11-23,23.370001,23.580000,23.370001,23.580000,20.106382,3779400
2012-11-26,23.490000,23.520000,23.355000,23.469999,20.012590,14932600
2012-11-27,23.465000,23.559999,23.360001,23.375000,19.931587,8545200
2012-11-28,23.334999,23.695000,23.215000,23.680000,20.191660,23569200
2012-11-29,23.730000,23.815001,23.620001,23.745001,20.247087,7811400
2012-11-30,23.674999,23.805000,23.610001,23.764999,20.264137,10946600
2012-12-03,23.915001,23.915001,23.620001,23.639999,20.157555,19672800
2012-12-04,23.605000,23.635000,23.424999,23.540001,20.072289,11359600
2012-12-05,23.620001,23.620001,23.299999,23.469999,20.012590,13097200
2012-12-06,23.480000,23.655001,23.440001,23.620001,20.140505,7606400
2012-12-07,23.775000,23.775000,23.584999,23.709999,20.217241,14323000
2012-12-10,23.650000,23.719999,23.559999,23.575001,20.102125,15681600
2012-12-11,23.709999,23.745001,23.565001,23.650000,20.166082,10897000
2012-12-12,23.754999,23.830000,23.635000,23.680000,20.191660,9788600
2012-12-13,23.670000,23.799999,23.469999,23.525000,20.059492,7271200
2012-12-14,23.455000,23.530001,23.395000,23.424999,19.974218,10130800
2012-12-17,23.459999,23.860001,23.450001,23.844999,20.332352,10929400
2012-12-18,23.920000,24.195000,23.879999,24.125000,20.571104,23669200
2012-12-19,24.184999,24.200001,23.945000,23.955000,20.426153,9162400
2012-12-20,23.934999,24.014999,23.830000,24.004999,20.468781,8380800
2012-12-21,23.504999,23.670000,23.475000,23.639999,20.286856,17475600
2012-12-24,23.575001,23.684999,23.455000,23.660000,20.304020,5127200
2012-12-26,23.705000,23.705000,23.330000,23.415001,20.093767,8918200
2012-12-27,23.455000,23.520000,23.120001,23.445000,20.119514,10183200
2012-12-28,23.330000,23.465000,23.225000,23.254999,19.956461,30771400
2012-12-31,23.184999,23.735001,23.150000,23.719999,20.355503,24944000
2013-01-02,24.165001,24.245001,24.035000,24.215000,20.780298,19876600
2013-01-03,24.280001,24.420000,24.215000,24.275000,20.831785,11225000
2013-01-04,24.320000,24.395000,24.254999,24.365000,20.909018,9975200
2013-01-07,24.305000,24.334999,24.180000,24.305000,20.857536,7127800
2013-01-08,24.230000,24.285000,24.070000,24.235001,20.797462,7750800
2013-01-09,24.264999,24.400000,24.245001,24.275000,20.831785,7330400
2013-01-10,24.410000,24.440001,24.260000,24.415001,20.951923,10270800
2013-01-11,24.410000,24.475000,24.350000,24.434999,20.969086,6741000
2013-01-14,24.504999,24.570000,24.400000,24.495001,21.020586,10753800
2013-01-15,24.420000,24.695000,24.385000,24.674999,21.175045,17256600
2013-01-16,24.629999,24.660000,24.549999,24.620001,21.127855,7482400
2013-01-17,24.745001,24.945000,24.740000,24.879999,21.350973,9271600
2013-01-18,24.930000,24.940001,24.770000,24.910000,21.376709,10528000
2013-01-22,24.889999,24.995001,24.844999,24.975000,21.432491,9113200
2013-01-23,24.930000,25.020000,24.860001,24.995001,21.449656,5234400
2013-01-24,25.075001,25.325001,25.075001,25.184999,21.612705,8509800
2013-01-25,25.230000,25.459999,25.225000,25.450001,21.840120,11365400
2013-01-28,25.485001,25.490000,25.295000,25.330000,21.737139,10488200
2013-01-29,25.295000,25.305000,25.090000,25.230000,21.651321,12552400
2013-01-30,25.325001,25.334999,25.155001,25.184999,21.612705,8183800
2013-01-31,25.129999,25.205000,25.020000,25.065001,21.509739,11650400
2013-02-01,25.235001,25.305000,25.160000,25.209999,21.634165,10308600
2013-02-04,25.065001,25.155001,24.889999,24.900000,21.368132,8217200
2013-02-05,25.014999,25.254999,24.990000,25.165001,21.595545,11727600
2013-02-06,25.190001,25.295000,25.100000,25.219999,21.642748,10132800
2013-02-07,25.230000,25.254999,24.915001,25.165001,21.595545,10330800
2013-02-08,25.225000,25.375000,25.184999,25.360001,21.762886,5852200
2013-02-11,25.379999,25.379999,25.230000,25.275000,21.689947,4773200
2013-02-12,25.280001,25.424999,25.275000,25.375000,21.775759,9130200
2013-02-13,25.530001,25.594999,25.350000,25.430000,21.822962,11664800
2013-02-14,25.340000,25.490000,25.330000,25.440001,21.831541,9375200
2013-02-15,25.459999,25.584999,25.334999,25.469999,21.857285,24578200
2013-02-19,25.485001,25.584999,25.445000,25.565001,21.938812,14120400
2013-02-20,25.559999,25.615000,25.170000,25.174999,21.604120,13975000
2013-02-21,25.115000,25.139999,24.879999,24.965000,21.423906,17507000
2013-02-22,25.070000,25.115000,24.910000,25.105000,21.544058,10679400
2013-02-25,25.250000,25.275000,24.700001,24.715000,21.209377,10648400
2013-02-26,24.820000,25.004999,24.740000,24.959999,21.419613,15745000
2013-02-27,25.010000,25.424999,24.950001,25.340000,21.745724,10202800
2013-02-28,25.309999,25.540001,25.285000,25.465000,21.852999,11651000
2013-03-01,25.219999,25.525000,25.170000,25.525000,21.904486,9063600
2013-03-04,25.415001,25.750000,25.415001,25.750000,22.097572,14118200
2013-03-05,25.865000,26.045000,25.834999,26.010000,22.320692,12488800
2013-03-06,26.065001,26.155001,25.959999,25.990000,22.303522,7052800
2013-03-07,26.004999,26.049999,25.959999,26.035000,22.342136,6686400
2013-03-08,26.180000,26.350000,26.075001,26.309999,22.578135,8086000
2013-03-11,26.285000,26.395000,26.254999,26.375000,22.633915,6414600
2013-03-12,26.350000,26.395000,26.215000,26.299999,22.569555,7450000
2013-03-13,26.309999,26.459999,26.270000,26.445000,22.693985,7673000
2013-03-14,26.490000,26.504999,26.379999,26.475000,22.719734,7418400
2013-03-15,26.350000,26.389999,26.240000,26.295000,22.632797,12098000
2013-03-18,26.059999,26.205000,25.965000,26.094999,22.460661,10426400
2013-03-19,26.190001,26.190001,25.735001,25.910000,22.301416,12501000
2013-03-20,26.075001,26.270000,26.075001,26.209999,22.559641,8235400
2013-03-21,26.070000,26.150000,25.905001,25.990000,22.370275,10378800
2013-03-22,26.129999,26.320000,26.115000,26.309999,22.645706,13824000
2013-03-25,26.370001,26.475000,26.139999,26.264999,22.606976,9097800
2013-03-26,26.305000,26.405001,26.264999,26.395000,22.718874,6604200
2013-03-27,26.280001,26.430000,26.190001,26.405001,22.727480,6747200
2013-03-28,26.415001,26.525000,26.370001,26.500000,22.809246,7601200
2013-04-01,26.495001,26.565001,26.270000,26.299999,22.637100,11949600
2013-04-02,26.385000,26.580000,26.385000,26.520000,22.826460,9197800
2013-04-03,26.575001,26.584999,26.190001,26.275000,22.615583,13689600
2013-04-04,26.250000,26.469999,26.245001,26.424999,22.744694,8872800
2013-04-05,26.115000,26.334999,25.975000,26.295000,22.632797,8173200
2013-04-08,26.275000,26.594999,26.270000,26.594999,22.891014,8943600
2013-04-09,26.625000,26.635000,26.400000,26.525000,22.830767,10632800
2013-04-10,26.615000,26.870001,26.559999,26.834999,23.097593,10017200
2013-04-11,26.860001,27.184999,26.860001,27.059999,23.291245,12533000
2013-04-12,27.004999,27.205000,26.980000,27.205000,23.416061,15579600
2013-04-15,27.059999,27.129999,26.490000,26.490000,22.800638,18148000
2013-04-16,26.690001,26.870001,26.605000,26.870001,23.127716,13402600
2013-04-17,26.725000,26.740000,26.450001,26.594999,22.891014,17940800
2013-04-18,26.639999,26.655001,26.165001,26.305000,22.641409,17506000
2013-04-19,26.295000,26.639999,26.285000,26.620001,22.912535,12820200
2013-04-22,26.635000,26.780001,26.434999,26.735001,23.011518,9122800
2013-04-23,26.934999,27.049999,26.725000,27.004999,23.243912,10678400
2013-04-24,27.115000,27.209999,26.955000,27.025000,23.261127,5838200
2013-04-25,27.075001,27.344999,27.075001,27.254999,23.459099,13610400
2013-04-26,27.225000,27.245001,27.059999,27.135000,23.355806,4946200
2013-04-29,27.254999,27.334999,27.139999,27.230000,23.437580,6315600
2013-04-30,27.245001,27.315001,27.180000,27.305000,23.502132,7696400
2013-05-01,27.260000,27.375000,27.129999,27.160000,23.377331,8542800
2013-05-02,27.174999,27.440001,27.174999,27.424999,23.605419,6057400
2013-05-03,27.650000,27.850000,27.625000,27.770000,23.902370,13017400
2013-05-06,27.780001,27.910000,27.725000,27.860001,23.979830,6391000
2013-05-07,27.940001,28.094999,27.805000,28.094999,24.182100,9237000
2013-05-08,28.080000,28.125000,27.980000,28.115000,24.199322,6793600
2013-05-09,28.160000,28.290001,28.070000,28.165001,24.242352,13298600
2013-05-10,28.190001,28.385000,28.190001,28.385000,24.431723,5932800
2013-05-13,28.355000,28.405001,28.245001,28.389999,24.436020,4514400
2013-05-14,28.405001,28.705000,28.400000,28.680000,24.685627,7018800
2013-05-15,28.645000,28.855000,28.645000,28.834999,24.819046,9512800
2013-05-16,28.760000,28.850000,28.455000,28.500000,24.530691,11949400
2013-05-17,28.575001,28.795000,28.565001,28.775000,24.767403,11421400
2013-05-20,28.709999,28.805000,28.629999,28.690001,24.694231,9667400
2013-05-21,28.785000,28.930000,28.684999,28.820000,24.806135,7679600
2013-05-22,28.844999,29.045000,28.415001,28.545000,24.569441,19137200
2013-05-23,28.230000,28.535000,28.190001,28.485001,24.517790,10958200
2013-05-24,28.320000,28.415001,28.139999,28.400000,24.444630,10341800
2013-05-28,28.735001,28.870001,28.549999,28.674999,24.681326,13002000
2013-05-29,28.540001,28.540001,28.264999,28.379999,24.427410,9013800
2013-05-30,28.480000,28.615000,28.355000,28.379999,24.427410,7425200
2013-05-31,28.325001,28.555000,28.040001,28.059999,24.151983,16537600
2013-06-03,28.135000,28.205000,27.815001,28.184999,24.259571,15799200
2013-06-04,28.215000,28.385000,27.885000,28.084999,24.173498,16123400
2013-06-05,27.959999,28.040001,27.565001,27.620001,23.773266,24211400
2013-06-06,27.639999,27.910000,27.459999,27.910000,24.022879,14849600
2013-06-07,28.075001,28.430000,28.014999,28.420000,24.461845,9511800
2013-06-10,28.535000,28.535000,28.290001,28.334999,24.388680,11948800
2013-06-11,28.030001,28.309999,27.965000,28.055000,24.147686,11578600
2013-06-12,28.245001,28.275000,27.705000,27.745001,23.880865,10609000
2013-06-13,27.740000,28.309999,27.700001,28.264999,24.328432,12633200
2013-06-14,28.225000,28.355000,28.094999,28.174999,24.250969,13476400
2013-06-17,28.330000,28.504999,28.165001,28.330000,24.384382,9353600
2013-06-18,28.350000,28.665001,28.350000,28.620001,24.633989,9319600
2013-06-19,28.639999,28.690001,28.290001,28.295000,24.354250,17527800
2013-06-20,28.004999,28.045000,27.475000,27.555000,23.717310,25885000
2013-06-21,27.674999,27.709999,27.235001,27.520000,23.763081,23885400
2013-06-24,27.240000,27.469999,26.980000,27.270000,23.547203,14009600
2013-06-25,27.520000,27.610001,27.360001,27.514999,23.758766,8804000
2013-06-26,27.735001,27.924999,27.730000,27.860001,24.056658,12385600
2013-06-27,28.004999,28.215000,28.000000,28.100000,24.263897,7897000
2013-06-28,28.049999,28.365000,28.025000,28.200001,24.350248,15998200
2013-07-01,28.379999,28.594999,28.325001,28.395000,24.518629,19371200
2013-07-02,28.360001,28.639999,28.330000,28.445000,24.561804,6061800
2013-07-03,28.295000,28.750000,28.250000,28.575001,24.674057,5241000
2013-07-05,28.815001,28.905001,28.575001,28.885000,24.941738,12732600
2013-07-08,29.075001,29.205000,29.030001,29.155001,25.174877,26434600
2013-07-09,29.315001,29.360001,29.180000,29.270000,25.274176,12694200
2013-07-10,29.235001,29.350000,29.115000,29.299999,25.300083,19610400
2013-07-11,29.615000,29.745001,29.549999,29.719999,25.662737,14324000
2013-07-12,29.690001,29.879999,29.670000,29.860001,25.783636,8951200
2013-07-15,29.950001,29.950001,29.775000,29.785000,25.718866,7216800
2013-07-16,29.795000,29.830000,29.514999,29.625000,25.580723,9588800
2013-07-17,29.695000,29.709999,29.590000,29.639999,25.593662,10845000
2013-07-18,29.690001,29.905001,29.690001,29.809999,25.740454,6296200
2013-07-19,29.795000,29.879999,29.705000,29.785000,25.718866,11149600
2013-07-22,29.809999,29.855000,29.650000,29.764999,25.701605,8323400
2013-07-23,29.809999,29.870001,29.684999,29.725000,25.667061,7686000
2013-07-24,29.865000,29.895000,29.559999,29.625000,25.580723,7704600
2013-07-25,29.600000,29.670000,29.480000,29.665001,25.615257,7441800
2013-07-26,29.570000,29.780001,29.469999,29.760000,25.697292,6053000
2013-07-29,29.709999,29.775000,29.545000,29.605000,25.563461,8570600
2013-07-30,29.725000,29.725000,29.495001,29.530001,25.498686,6596000
2013-07-31,29.635000,29.900000,29.635000,29.684999,25.632523,10498200
2013-08-01,29.930000,30.200001,29.889999,30.145000,26.029722,8260600
2013-08-02,30.094999,30.375000,30.075001,30.360001,26.215372,7475000
2013-08-05,30.305000,30.340000,30.225000,30.295000,26.159248,3654600
2013-08-06,30.235001,30.305000,29.990000,30.170000,26.051311,6338600
2013-08-07,30.010000,30.084999,29.825001,29.905001,25.822483,7118600
2013-08-08,30.049999,30.190001,29.905001,30.105000,25.995186,6040000
2013-08-09,30.129999,30.219999,29.945000,30.040001,25.939062,6246200
2013-08-12,29.879999,30.094999,29.850000,30.000000,25.904522,6998000
2013-08-13,30.000000,30.055000,29.764999,30.000000,25.904522,7543800
2013-08-14,29.875000,29.940001,29.655001,29.670000,25.619574,12760000
2013-08-15,29.455000,29.485001,29.049999,29.150000,25.170563,30791600
2013-08-16,29.055000,29.280001,29.045000,29.045000,25.079895,12909000
2013-08-19,29.030001,29.180000,28.920000,28.920000,24.971964,6670000
2013-08-20,29.025000,29.299999,29.025000,29.215000,25.226688,6948400
2013-08-21,29.135000,29.215000,28.870001,28.965000,25.010813,10499200
2013-08-22,29.004999,29.360001,28.930000,29.254999,25.261223,11581400
2013-08-23,29.305000,29.344999,29.120001,29.260000,25.265549,5604000
2013-08-26,29.299999,29.459999,29.184999,29.200001,25.213728,8351600
2013-08-27,28.895000,29.045000,28.705000,28.725000,24.803576,13951000
2013-08-28,28.705000,28.969999,28.655001,28.879999,24.937416,7105200
2013-08-29,28.825001,29.170000,28.790001,29.020000,25.058308,10192000
2013-08-30,29.065001,29.065001,28.740000,28.840000,24.902872,11733800
2013-09-03,29.165001,29.305000,28.930000,29.045000,25.079895,16041200
2013-09-04,29.004999,29.400000,29.004999,29.350000,25.343250,10841600
2013-09-05,29.389999,29.514999,29.330000,29.360001,25.351887,10060600
2013-09-06,29.510000,29.545000,29.035000,29.325001,25.321667,11900600
2013-09-09,29.430000,29.635000,29.375000,29.584999,25.546173,8730400
2013-09-10,29.705000,29.879999,29.705000,29.870001,25.792269,8859200
2013-09-11,29.840000,30.090000,29.840000,30.090000,25.982231,10198400
2013-09-12,30.049999,30.139999,29.895000,30.020000,25.921795,8517400
2013-09-13,30.049999,30.125000,29.920000,30.105000,25.995186,11258400
2013-09-16,30.465000,30.504999,30.190001,30.240000,26.111755,12945600
2013-09-17,30.200001,30.445000,30.200001,30.415001,26.262863,8481000
2013-09-18,30.370001,30.870001,30.270000,30.764999,26.565084,19324400
2013-09-19,30.865000,30.875000,30.695000,30.754999,26.556438,12677400
2013-09-20,30.670000,30.754999,30.450001,30.480000,26.396231,15376600
2013-09-23,30.415001,30.450001,30.110001,30.245001,26.192720,14314400
2013-09-24,30.270000,30.495001,30.165001,30.325001,26.262007,7725200
2013-09-25,30.340000,30.355000,30.094999,30.139999,26.101791,11441400
2013-09-26,30.139999,30.434999,30.139999,30.424999,26.348604,7033600
2013-09-27,30.320000,30.465000,30.295000,30.430000,26.352940,9906600
2013-09-30,30.115000,30.389999,30.084999,30.315001,26.253347,10763200
2013-10-01,30.299999,30.580000,30.299999,30.559999,26.465517,12384600
2013-10-02,30.445000,30.555000,30.275000,30.549999,26.456856,11036600
2013-10-03,30.459999,30.575001,30.075001,30.205000,26.158077,10398400
2013-10-04,30.285000,30.535000,30.190001,30.490000,26.404896,7938400
2013-10-07,30.280001,30.355000,30.059999,30.059999,26.032507,10618400
2013-10-08,30.100000,30.100000,29.559999,29.584999,25.621145,15799000
2013-10-09,29.594999,29.615000,29.225000,29.450001,25.504240,23215800
2013-10-10,29.775000,30.170000,29.775000,30.135000,26.097462,12208800
2013-10-11,30.100000,30.395000,30.075001,30.395000,26.322624,17655600
2013-10-14,30.215000,30.525000,30.160000,30.520000,26.430876,12097600
2013-10-15,30.459999,30.475000,30.180000,30.230000,26.179735,26736200
2013-10-16,30.430000,30.625000,30.355000,30.605000,26.504494,11075600
2013-10-17,30.475000,30.850000,30.475000,30.830000,26.699341,9871600
2013-10-18,30.934999,31.075001,30.834999,31.020000,26.863890,10486600
2013-10-21,31.070000,31.100000,30.950001,31.100000,26.933168,6316000
2013-10-22,31.219999,31.415001,31.120001,31.309999,27.115032,13549400
2013-10-23,31.184999,31.295000,31.004999,31.110001,26.941832,10492800
2013-10-24,31.254999,31.445000,31.170000,31.420000,27.210295,10248400
2013-10-25,31.584999,31.695000,31.485001,31.655001,27.413805,7765000
2013-10-28,31.635000,31.650000,31.469999,31.594999,27.361847,9797400
2013-10-29,31.695000,31.780001,31.514999,31.780001,27.522060,15431800
2013-10-30,31.879999,31.900000,31.440001,31.625000,27.387825,11442200
2013-10-31,31.629999,31.905001,31.555000,31.705000,27.457104,15281000
2013-11-01,31.855000,31.870001,31.605000,31.780001,27.522060,8825600
2013-11-04,31.825001,31.915001,31.730000,31.889999,27.617319,9981200
2013-11-05,31.799999,31.955000,31.600000,31.889999,27.617319,8033000
2013-11-06,32.025002,32.105000,31.754999,31.809999,27.548038,9047400
2013-11-07,31.905001,31.945000,31.125000,31.150000,26.976465,19335400
2013-11-08,31.225000,31.660000,31.165001,31.645000,27.405151,16574400
2013-11-11,31.670000,31.764999,31.559999,31.695000,27.448446,10458400
2013-11-12,31.570000,31.725000,31.490000,31.639999,27.400822,8892800
2013-11-13,31.525000,32.139999,31.500000,32.139999,27.833828,13309200
2013-11-14,32.189999,32.400002,32.139999,32.365002,28.028679,11876200
2013-11-15,32.435001,32.490002,32.310001,32.474998,28.123949,10275600
2013-11-18,32.525002,32.544998,32.139999,32.220001,27.903105,9786000
2013-11-19,32.240002,32.334999,32.040001,32.080002,27.781872,12721800
2013-11-20,32.174999,32.250000,31.830000,31.915001,27.638975,9103400
2013-11-21,32.014999,32.279999,31.969999,32.244999,27.924759,6650800
2013-11-22,32.205002,32.435001,32.174999,32.424999,28.080641,8830400
2013-11-25,32.509998,32.570000,32.404999,32.455002,28.106623,6658400
2013-11-26,32.424999,32.735001,32.424999,32.645000,28.271168,7063000
2013-11-27,32.830002,32.845001,32.610001,32.770000,28.379421,6217600
2013-11-29,32.845001,32.930000,32.744999,32.799999,28.405394,6998000
2013-12-02,32.759998,32.875000,32.580002,32.645000,28.271168,8315800
2013-12-03,32.525002,32.525002,32.205002,32.334999,28.002703,8232200
2013-12-04,32.195000,32.459999,32.025002,32.259998,27.937752,10835600
2013-12-05,32.169998,32.380001,32.160000,32.294998,27.968056,8178400
2013-12-06,32.619999,32.619999,32.355000,32.564999,28.201885,7846200
2013-12-09,32.580002,32.700001,32.494999,32.540001,28.180235,10567800
2013-12-10,32.514999,32.639999,32.490002,32.560001,28.197556,6534600
2013-12-11,32.580002,32.630001,32.205002,32.259998,27.937752,11420200
2013-12-12,32.250000,32.285000,32.110001,32.160000,27.851151,7136000
2013-12-13,32.224998,32.355000,32.205002,32.240002,27.920431,6624800
2013-12-16,32.360001,32.549999,32.355000,32.450001,28.102289,6972400
2013-12-17,32.490002,32.505001,32.244999,32.365002,28.028679,7383600
2013-12-18,32.360001,32.869999,32.060001,32.845001,28.444370,19499600
2013-12-19,32.820000,32.880001,32.685001,32.825001,28.427061,12015400
2013-12-20,32.775002,32.915001,32.730000,32.830002,28.545301,14787000
2013-12-23,32.985001,32.985001,32.820000,32.974998,28.671381,7378800
2013-12-24,32.950001,33.070000,32.950001,33.044998,28.732239,3984000
2013-12-26,33.160000,33.294998,33.099998,33.290001,28.945265,10062800
2013-12-27,33.345001,33.360001,33.119999,33.134998,28.810493,6285000
2013-12-30,33.209999,33.299999,33.145000,33.285000,28.940922,4232200
2013-12-31,33.365002,33.424999,33.275002,33.415001,29.053955,7351600
2014-01-02,33.349998,33.415001,33.139999,33.259998,28.919184,8663800
2014-01-03,33.279999,33.365002,33.154999,33.169998,28.840919,7545600
2014-01-06,33.209999,33.285000,32.889999,32.965000,28.662689,8157600
2014-01-07,33.259998,33.259998,33.000000,33.165001,28.836575,6171400
2014-01-08,33.145000,33.185001,32.985001,33.075001,28.758320,11579000
2014-01-09,33.160000,33.180000,32.875000,33.070000,28.753983,10163800
2014-01-10,33.115002,33.200001,32.970001,33.169998,28.840919,9261000
2014-01-13,33.150002,33.150002,32.455002,32.505001,28.262720,13961400
2014-01-14,32.665001,32.805000,32.494999,32.785000,28.506168,12181200
2014-01-15,32.830002,32.959999,32.810001,32.865002,28.575729,11710000
2014-01-16,32.849998,32.849998,32.619999,32.689999,28.423573,12664000
2014-01-17,32.669998,32.740002,32.485001,32.544998,28.297495,11174000
2014-01-21,32.654999,32.740002,32.310001,32.514999,28.271418,20878800
2014-01-22,32.570000,32.625000,32.450001,32.599998,28.345318,9272000
2014-01-23,32.509998,32.540001,32.215000,32.369999,28.145332,15946200
2014-01-24,32.174999,32.224998,31.740000,31.750000,27.606253,17244600
2014-01-27,31.809999,31.885000,31.360001,31.625000,27.497564,14436000
2014-01-28,31.750000,31.945000,31.730000,31.844999,27.688856,9463600
2014-01-29,31.570000,31.684999,31.285000,31.334999,27.245417,34830200
2014-01-30,31.555000,31.955000,31.555000,31.860001,27.701895,25474200
2014-01-31,31.355000,31.655001,31.215000,31.410000,27.310623,13651400
2014-02-03,31.379999,31.480000,30.514999,30.584999,26.593304,64955400
2014-02-04,30.815001,31.020000,30.709999,30.959999,26.919353,18990400
2014-02-05,30.879999,31.075001,30.555000,31.000000,26.954136,15495600
2014-02-06,31.100000,31.680000,31.100000,31.655001,27.523649,16587600
2014-02-07,31.875000,32.084999,31.725000,32.044998,27.862749,12541000
2014-02-10,32.090000,32.090000,31.879999,32.025002,27.845367,9341200
2014-02-11,32.119999,32.365002,32.049999,32.259998,28.049694,11294800
2014-02-12,32.325001,32.415001,32.200001,32.290001,28.075773,8446600
2014-02-13,32.105000,32.459999,32.099998,32.389999,28.162722,13169000
2014-02-14,32.375000,32.705002,32.340000,32.584999,28.332273,9657000
2014-02-18,32.750000,32.750000,32.485001,32.625000,28.367062,7156400
2014-02-19,32.584999,32.685001,32.305000,32.360001,28.136641,12608800
2014-02-20,32.459999,32.584999,32.325001,32.535000,28.288799,9397400
2014-02-21,32.654999,32.705002,32.540001,32.599998,28.345318,8750400
2014-02-24,32.630001,32.950001,32.625000,32.735001,28.462698,6431000
2014-02-25,32.790001,33.005001,32.735001,32.965000,28.662689,9076600
2014-02-26,33.044998,33.345001,32.985001,33.150002,28.823530,10977000
2014-02-27,33.134998,33.305000,33.029999,33.285000,28.940922,8773600
2014-02-28,33.285000,33.535000,33.160000,33.419998,29.058306,13988200
2014-03-03,33.080002,33.209999,32.855000,33.105000,28.784409,17337600
2014-03-04,33.445000,33.570000,33.410000,33.520000,29.145252,8782200
2014-03-05,33.590000,33.660000,33.525002,33.660000,29.266989,15136200
2014-03-06,33.715000,33.814999,33.615002,33.744999,29.340878,10510600
2014-03-07,33.924999,33.924999,33.619999,33.695000,29.297405,8679800
2014-03-10,33.680000,33.685001,33.430000,33.605000,29.219160,6549200
2014-03-11,33.735001,33.735001,33.314999,33.410000,29.049612,8780400
2014-03-12,33.230000,33.389999,33.075001,33.360001,29.006134,9573000
2014-03-13,33.540001,33.540001,32.805000,32.955002,28.653988,22536600
2014-03-14,32.919998,33.115002,32.840000,32.924999,28.627893,9572200
2014-03-17,33.070000,33.240002,33.060001,33.145000,28.819187,6463000
2014-03-18,33.220001,33.349998,33.154999,33.290001,28.945265,6445800
2014-03-19,33.305000,33.325001,32.880001,33.070000,28.753983,12116200
2014-03-20,33.044998,33.220001,32.884998,33.154999,28.827877,7523600
2014-03-21,33.259998,33.270000,32.810001,32.840000,28.643850,12462200
2014-03-24,32.875000,32.965000,32.355000,32.509998,28.356012,24711000
2014-03-25,32.590000,32.709999,32.150002,32.314999,28.185926,11722400
2014-03-26,32.459999,32.490002,32.044998,32.055000,27.959141,13913400
2014-03-27,32.000000,32.084999,31.764999,31.900000,27.823950,12697600
2014-03-28,32.005001,32.330002,31.975000,32.139999,28.033289,11367400
2014-03-31,32.330002,32.459999,32.314999,32.360001,28.225172,11358000
2014-04-01,32.455002,32.834999,32.384998,32.810001,28.617680,10149600
2014-04-02,32.834999,33.084999,32.825001,33.029999,28.809566,10086800
2014-04-03,33.115002,33.125000,32.709999,32.869999,28.670006,10739400
2014-04-04,33.075001,33.075001,32.264999,32.325001,28.194649,14800200
2014-04-07,32.200001,32.240002,31.500000,31.695000,27.645144,15177400
2014-04-08,31.670000,32.044998,31.605000,32.014999,27.924252,9501000
2014-04-09,32.084999,32.369999,31.965000,32.360001,28.225172,7682800
2014-04-10,32.314999,32.360001,31.530001,31.555000,27.523037,20151000
2014-04-11,31.270000,31.545000,31.059999,31.120001,27.143625,16892400
2014-04-14,31.360001,31.504999,31.110001,31.365000,27.357319,9402200
2014-04-15,31.469999,31.575001,30.920000,31.405001,27.392206,19377800
2014-04-16,31.805000,31.850000,31.540001,31.844999,27.775982,9508600
2014-04-17,31.750000,31.990000,31.750000,31.885000,27.810873,9907000
2014-04-21,31.875000,32.000000,31.785000,31.969999,27.885012,21173200
2014-04-22,32.055000,32.375000,32.055000,32.244999,28.124870,9351600
2014-04-23,32.209999,32.334999,32.060001,32.095001,27.994036,5654000
2014-04-24,32.224998,32.384998,32.000000,32.270000,28.146675,7367400
2014-04-25,32.055000,32.055000,31.674999,31.719999,27.666958,9471000
2014-04-28,31.855000,31.924999,31.245001,31.639999,27.597179,18693400
2014-04-29,31.740000,31.825001,31.510000,31.785000,27.723648,8820400
2014-04-30,31.680000,31.965000,31.639999,31.920000,27.841398,15589200
2014-05-01,31.959999,32.189999,31.940001,32.044998,27.950420,8350600
2014-05-02,32.084999,32.314999,32.044998,32.125000,28.020205,8223000
2014-05-05,31.969999,32.180000,31.844999,32.154999,28.046370,6695800
2014-05-06,32.049999,32.115002,31.695000,31.695000,27.645144,8395400
2014-05-07,31.834999,31.850000,31.415001,31.655001,27.610254,8789800
2014-05-08,31.594999,32.049999,31.570000,31.745001,27.688759,11520800
2014-05-09,31.730000,31.940001,31.559999,31.920000,27.841398,10121600
2014-05-12,32.049999,32.334999,32.014999,32.320000,28.190289,11423200
2014-05-13,32.369999,32.465000,32.165001,32.230000,28.111784,9919800
2014-05-14,32.169998,32.215000,31.809999,31.870001,27.797792,8571000
2014-05-15,31.750000,31.809999,31.315001,31.639999,27.597179,11412400
2014-05-16,31.639999,31.895000,31.530001,31.875000,27.802149,6022800
2014-05-19,31.785000,32.040001,31.695000,32.020000,27.928619,5477200
2014-05-20,31.850000,31.980000,31.635000,31.730000,27.675673,9698000
2014-05-21,31.820000,32.139999,31.820000,32.115002,28.011482,7778000
2014-05-22,32.110001,32.340000,32.055000,32.285000,28.159763,10515000
2014-05-23,32.320000,32.555000,32.264999,32.540001,28.382179,3970200
2014-05-27,32.665001,32.750000,32.625000,32.709999,28.530458,6805200
2014-05-28,32.724998,32.759998,32.514999,32.674999,28.499920,20212400
2014-05-29,32.775002,32.814999,32.650002,32.810001,28.617680,5896000
2014-05-30,32.759998,32.849998,32.700001,32.840000,28.643850,6104000
2014-06-02,32.900002,32.974998,32.755001,32.950001,28.739790,6097400
2014-06-03,32.830002,32.950001,32.810001,32.889999,28.687456,4486600
2014-06-04,32.790001,33.084999,32.744999,33.049999,28.827009,4322200
2014-06-05,33.099998,33.310001,32.945000,33.264999,29.014542,5406800
2014-06-06,33.325001,33.465000,33.299999,33.459999,29.184618,6407800
2014-06-09,33.485001,33.630001,33.424999,33.470001,29.193348,5137400
2014-06-10,33.395000,33.465000,33.355000,33.404999,29.136656,10923200
2014-06-11,33.310001,33.380001,33.185001,33.305000,29.049433,6055800
2014-06-12,33.305000,33.305000,32.805000,32.880001,28.678730,9099200
2014-06-13,32.889999,32.974998,32.700001,32.895000,28.691814,9925600
2014-06-16,32.779999,33.005001,32.779999,32.970001,28.757233,7106000
2014-06-17,32.985001,33.134998,32.895000,33.099998,28.870621,8035400
2014-06-18,33.070000,33.375000,33.020000,33.349998,29.088676,11680600
2014-06-19,33.365002,33.455002,33.180000,33.270000,29.018900,5960400
2014-06-20,33.255001,33.294998,33.000000,33.040001,28.910393,10022200
2014-06-23,33.000000,33.105000,32.939999,33.080002,28.945404,8578400
2014-06-24,33.000000,33.285000,32.955002,33.000000,28.875404,7817400
2014-06-25,32.915001,33.320000,32.915001,33.279999,29.120396,7891400
2014-06-26,33.279999,33.305000,33.035000,33.305000,29.142282,6159000
2014-06-27,33.244999,33.419998,33.224998,33.384998,29.212276,10409800
2014-06-30,33.360001,33.445000,33.305000,33.369999,29.199158,5026600
2014-07-01,33.455002,33.799999,33.415001,33.724998,29.509779,7661200
2014-07-02,33.750000,33.840000,33.724998,33.775002,29.553541,3497800
2014-07-03,33.875000,34.064999,33.845001,34.035000,29.781040,3494800
2014-07-07,33.924999,33.985001,33.790001,33.825001,29.597282,6180800
2014-07-08,33.770000,33.779999,33.419998,33.494999,29.308531,10200600
2014-07-09,33.590000,33.930000,33.549999,33.900002,29.662912,37130200
2014-07-10,33.410000,33.730000,33.404999,33.584999,29.387274,9684600
2014-07-11,33.639999,33.715000,33.570000,33.695000,29.483530,14082200
2014-07-14,33.869999,33.895000,33.750000,33.790001,29.566658,6845600
2014-07-15,33.700001,33.814999,33.514999,33.674999,29.466040,8314000
2014-07-16,33.935001,34.014999,33.715000,33.759998,29.540413,46941200
2014-07-17,33.680000,33.830002,33.384998,33.439999,29.260401,11274800
2014-07-18,33.549999,33.759998,33.505001,33.750000,29.531652,6909800
2014-07-21,33.639999,33.705002,33.494999,33.595001,29.396032,7413800
2014-07-22,33.669998,33.805000,33.630001,33.735001,29.518534,8820200
2014-07-23,33.740002,33.744999,33.605000,33.709999,29.496662,10778600
2014-07-24,33.770000,33.889999,33.744999,33.785000,29.562273,7953600
2014-07-25,33.535000,33.599998,33.355000,33.410000,29.234163,7705400
2014-07-28,33.415001,33.509998,33.259998,33.474998,29.291031,5607600
2014-07-29,33.529999,33.705002,33.375000,33.380001,29.207901,7169400
2014-07-30,33.505001,33.595001,33.360001,33.564999,29.369780,47735000
2014-07-31,33.325001,33.380001,32.919998,32.945000,28.827280,12899200
2014-08-01,32.849998,33.055000,32.674999,32.825001,28.722275,12177600
2014-08-04,32.910000,33.250000,32.884998,33.145000,29.002272,33885200
2014-08-05,33.000000,33.160000,32.799999,32.915001,28.801014,19794200
2014-08-06,32.685001,33.055000,32.665001,32.845001,28.739771,21923400
2014-08-07,33.055000,33.115002,32.580002,32.674999,28.591015,12729000
2014-08-08,32.674999,33.205002,32.674999,33.180000,29.032894,11141800
2014-08-11,33.314999,33.424999,33.259998,33.330002,29.164154,10065000
2014-08-12,33.285000,33.424999,33.160000,33.244999,29.089773,6254200
2014-08-13,33.345001,33.450001,33.264999,33.365002,29.194778,6769200
2014-08-14,33.424999,33.625000,33.365002,33.625000,29.422283,11199200
2014-08-15,33.735001,33.770000,33.325001,33.560001,29.365406,12865200
2014-08-18,33.790001,33.924999,33.750000,33.869999,29.636656,9493800
2014-08-19,34.055000,34.174999,34.000000,34.125000,29.859798,7493800
2014-08-20,34.029999,34.340000,34.025002,34.285000,29.999788,10008000
2014-08-21,34.330002,34.340000,34.230000,34.255001,29.973549,3998600
2014-08-22,34.285000,34.369999,34.180000,34.320000,30.030420,6581400
2014-08-25,34.485001,34.494999,34.365002,34.419998,30.117924,7935200
2014-08-26,34.445000,34.514999,34.375000,34.424999,30.122290,4041600
2014-08-27,34.435001,34.514999,34.395000,34.459999,30.152910,3597000
2014-08-28,34.314999,34.455002,34.235001,34.415001,30.113541,4626200
2014-08-29,34.455002,34.500000,34.290001,34.410000,30.109173,4618400
2014-09-02,34.424999,34.584999,34.314999,34.474998,30.166042,19040400
2014-09-03,34.619999,34.625000,34.355000,34.384998,30.087292,5213200
2014-09-04,34.435001,34.665001,34.435001,34.514999,30.201038,7466800
2014-09-05,34.435001,34.645000,34.325001,34.630001,30.301661,5337200
2014-09-08,34.544998,34.584999,34.340000,34.485001,30.174788,5001600
2014-09-09,34.439999,34.474998,34.115002,34.139999,29.872915,5116800
2014-09-10,34.220001,34.275002,34.035000,34.259998,29.977913,5738200
2014-09-11,34.110001,34.305000,34.110001,34.275002,29.991045,4877200
2014-09-12,34.240002,34.294998,34.049999,34.174999,29.903540,5826800
2014-09-15,34.165001,34.209999,33.959999,34.035000,29.781040,5822200
2014-09-16,33.945000,34.299999,33.889999,34.209999,29.934156,5693600
2014-09-17,34.224998,34.360001,34.060001,34.195000,29.921032,12802800
2014-09-18,34.299999,34.384998,34.230000,34.345001,30.052294,5625200
2014-09-19,34.369999,34.445000,34.165001,34.244999,30.065022,11847200
2014-09-22,34.134998,34.189999,33.680000,33.764999,29.643606,10849000
2014-09-23,33.650002,33.770000,33.474998,33.474998,29.389006,10973400
2014-09-24,33.535000,33.869999,33.419998,33.855000,29.722616,12686200
2014-09-25,33.770000,33.805000,33.340000,33.360001,29.288044,9279200
2014-09-26,33.514999,33.779999,33.470001,33.705002,29.590933,5186800
2014-09-29,33.419998,33.674999,33.384998,33.529999,29.437296,13681200
2014-09-30,33.615002,33.615002,33.294998,33.345001,29.274874,8856600
2014-10-01,33.270000,33.330002,32.849998,32.900002,28.884190,13114000
2014-10-02,32.915001,33.105000,32.520000,33.049999,29.015884,14969200
2014-10-03,33.259998,33.580002,33.195000,33.474998,29.389006,9919600
2014-10-06,33.570000,33.639999,33.224998,33.294998,29.230972,7781400
2014-10-07,33.145000,33.209999,32.799999,32.799999,28.796396,12900200
2014-10-08,32.825001,33.375000,32.634998,33.314999,29.248531,14306200
2014-10-09,33.294998,33.294998,32.555000,32.560001,28.585690,45401600
2014-10-10,32.505001,32.785000,32.275002,32.275002,28.335474,22018200
2014-10-13,32.259998,32.334999,31.594999,31.620001,27.760433,42621400
2014-10-14,31.809999,32.095001,31.690001,31.850000,27.962358,22490000
2014-10-15,31.400000,31.745001,30.840000,31.584999,27.729698,30186400
2014-10-16,30.879999,31.830000,30.879999,31.620001,27.760433,25364400
2014-10-17,31.875000,32.240002,31.840000,31.969999,28.067703,17024200
2014-10-20,31.889999,32.445000,31.889999,32.415001,28.458395,12384400
2014-10-21,32.560001,33.080002,32.529999,33.044998,29.011490,11069000
2014-10-22,33.139999,33.220001,32.735001,32.759998,28.761276,15529200
2014-10-23,33.125000,33.430000,33.049999,33.205002,29.151964,10367600
2014-10-24,33.105000,33.200001,32.935001,33.174999,29.125626,9014200
2014-10-27,33.130001,33.314999,33.029999,33.240002,29.182695,7441600
2014-10-28,33.380001,33.610001,33.264999,33.599998,29.498739,15389000
2014-10-29,33.645000,33.715000,33.325001,33.500000,29.410957,9770600
2014-10-30,33.430000,33.820000,32.500000,33.720001,29.604105,10203800
2014-10-31,34.169998,34.205002,33.955002,34.049999,29.893818,9478800
2014-11-03,34.130001,34.130001,33.985001,34.049999,29.893818,31852200
2014-11-04,33.869999,33.924999,33.465000,33.639999,29.533865,9889200
2014-11-05,33.924999,33.935001,33.584999,33.775002,29.652395,21506800
2014-11-06,33.820000,34.080002,33.770000,34.060001,29.902599,22500000
2014-11-07,33.950001,34.040001,33.860001,34.005001,29.854317,7542000
2014-11-10,34.064999,34.075001,33.779999,33.985001,29.836750,5300800
2014-11-11,34.025002,34.134998,33.930000,34.130001,29.964062,6460800
2014-11-12,34.020000,34.345001,34.020000,34.290001,30.104523,10533200
2014-11-13,34.174999,34.595001,34.174999,34.505001,30.293282,21600200
2014-11-14,34.540001,34.654999,34.465000,34.639999,30.411814,19116000
2014-11-17,34.525002,34.705002,34.505001,34.599998,30.376686,8062200
2014-11-18,34.525002,34.750000,34.509998,34.665001,30.433756,8964200
2014-11-19,34.724998,34.834999,34.625000,34.810001,30.561054,10035200
2014-11-20,34.650002,35.049999,34.639999,34.959999,30.692745,10706200
2014-11-21,35.294998,35.330002,34.955002,35.044998,30.767357,15564400
2014-11-24,35.230000,35.384998,35.160000,35.369999,31.052706,6685200
2014-11-25,35.490002,35.590000,35.349998,35.480000,31.149275,8501800
2014-11-26,35.470001,35.505001,35.410000,35.474998,31.144888,4674800
2014-11-28,35.625000,35.974998,35.625000,35.904999,31.522398,6714400
2014-12-01,35.799999,35.805000,35.459999,35.509998,31.175598,23771000
2014-12-02,35.560001,35.715000,35.540001,35.645000,31.294144,10333800
2014-12-03,35.700001,35.740002,35.544998,35.705002,31.346794,11326400
2014-12-04,35.674999,35.755001,35.509998,35.685001,31.329239,12190200
2014-12-05,35.695000,35.825001,35.685001,35.764999,31.399485,8961000
2014-12-08,35.689999,35.764999,35.355000,35.474998,31.144888,8405800
2014-12-09,35.275002,35.439999,34.985001,35.410000,31.087818,8876000
2014-12-10,35.349998,35.404999,34.904999,34.939999,30.675192,10930400
2014-12-11,35.095001,35.540001,35.070000,35.224998,30.925404,35139600
2014-12-12,35.070000,35.375000,34.930000,35.000000,30.727861,24352200
2014-12-15,35.195000,35.275002,34.610001,34.790001,30.543497,17765000
2014-12-16,34.674999,34.930000,34.224998,34.255001,30.073812,18229600
2014-12-17,34.410000,34.970001,34.320000,34.910000,30.648849,19427800
2014-12-18,35.404999,35.485001,35.035000,35.485001,31.153660,37697000
2014-12-19,35.439999,35.535000,35.230000,35.435001,31.238733,19660200
2014-12-22,35.500000,35.779999,35.500000,35.779999,31.542883,9902400
2014-12-23,35.900002,36.095001,35.855000,35.980000,31.719200,14674600
2014-12-24,36.075001,36.075001,35.910000,35.919998,31.666292,3375600
2014-12-26,36.020000,36.189999,35.970001,36.115002,31.838198,28204600
2014-12-29,36.095001,36.455002,36.014999,36.389999,32.080647,46027200
2014-12-30,36.290001,36.380001,36.145000,36.220001,31.930786,12102400
2014-12-31,36.334999,36.485001,36.060001,36.075001,31.802952,13328000
2015-01-02,36.264999,36.325001,35.570000,35.814999,31.573734,12371000
2015-01-05,35.680000,35.764999,35.055000,35.130001,30.969851,17165800
2015-01-06,35.275002,35.285000,34.544998,34.779999,30.661310,14346000
2015-01-07,35.365002,35.365002,35.005001,35.330002,31.146172,14822000
2015-01-08,35.625000,35.910000,35.459999,35.860001,31.613415,12798200
2015-01-09,35.855000,35.884998,35.404999,35.445000,31.247540,11258400
2015-01-12,35.514999,35.560001,35.110001,35.255001,31.080042,12056600
2015-01-13,35.645000,35.845001,34.980000,35.255001,31.080042,15103200
2015-01-14,34.779999,34.965000,34.430000,34.830002,30.705391,20350000
2015-01-15,34.910000,35.049999,34.369999,34.380001,30.308676,16102400
2015-01-16,34.400002,34.875000,34.250000,34.834999,30.709795,19104200
2015-01-20,34.875000,34.950001,34.325001,34.634998,30.533478,27874600
2015-01-21,34.615002,34.970001,34.514999,34.860001,30.731831,18744000
2015-01-22,34.974998,35.575001,34.849998,35.514999,31.309252,30350200
2015-01-23,35.555000,35.639999,35.375000,35.465000,31.265198,9963400
2015-01-26,35.450001,35.669998,35.340000,35.650002,31.428280,6906800
2015-01-27,35.244999,35.595001,35.130001,35.365002,31.177023,11772400
2015-01-28,35.549999,35.570000,34.865002,34.904999,30.771515,10395000
2015-01-29,35.020000,35.450001,34.820000,35.380001,31.190241,17070000
2015-01-30,35.264999,35.459999,34.950001,34.994999,30.850826,16055400
2015-02-02,35.084999,35.334999,34.529999,35.310001,31.128531,41698800
2015-02-03,35.514999,36.064999,35.430000,36.060001,31.789736,11228800
2015-02-04,36.055000,36.485001,36.020000,36.299999,32.001305,18332000
2015-02-05,36.325001,36.544998,36.279999,36.525002,32.199661,10155000
2015-02-06,36.575001,36.650002,36.355000,36.470001,32.151184,9296600
2015-02-09,36.264999,36.465000,36.230000,36.330002,32.027752,8735000
2015-02-10,36.625000,36.845001,36.430000,36.775002,32.420059,11124000
2015-02-11,36.825001,36.880001,36.619999,36.785000,32.428871,10627400
2015-02-12,36.945000,37.235001,36.840000,37.220001,32.812344,8261600
2015-02-13,37.264999,37.445000,37.220001,37.445000,33.010712,10664800
2015-02-17,37.389999,37.535000,37.205002,37.360001,32.935764,8244000
2015-02-18,37.279999,37.384998,37.215000,37.340000,32.918140,8287800
2015-02-19,37.380001,37.540001,37.380001,37.455002,33.019527,6545000
2015-02-20,37.330002,37.730000,37.230000,37.720001,33.253143,7861600
2015-02-23,37.695000,37.805000,37.570000,37.685001,33.222294,6242400
2015-02-24,37.814999,37.900002,37.744999,37.865002,33.380978,7037200
2015-02-25,37.895000,38.259998,37.849998,38.154999,33.636623,13684200
2015-02-26,38.119999,38.180000,37.950001,38.035000,33.530834,7009400
2015-02-27,38.014999,38.110001,37.950001,37.985001,33.486763,7738200
2015-03-02,38.009998,38.455002,38.000000,38.439999,33.887878,48008800
2015-03-03,38.365002,38.375000,38.070000,38.334999,33.795319,12051000
2015-03-04,38.310001,38.310001,37.974998,38.134998,33.619007,9332600
2015-03-05,38.255001,38.259998,38.090000,38.160000,33.641048,15569400
2015-03-06,38.029999,38.084999,37.630001,37.705002,33.239918,15705000
2015-03-09,37.735001,37.965000,37.705002,37.919998,33.429466,8450000
2015-03-10,37.619999,37.654999,37.320000,37.330002,32.909332,14292600
2015-03-11,37.395000,37.430000,37.115002,37.125000,32.728603,9184800
2015-03-12,37.270000,37.904999,37.270000,37.880001,33.394215,13843000
2015-03-13,37.825001,37.869999,37.384998,37.580002,33.129730,11165600
2015-03-16,37.720001,38.040001,37.720001,38.020000,33.517605,10901400
2015-03-17,37.770000,37.919998,37.680000,37.810001,33.332485,9854600
2015-03-18,37.740002,38.264999,37.459999,38.145000,33.627815,15437000
2015-03-19,38.160000,38.455002,37.950001,38.090000,33.579327,9111000
2015-03-20,38.215000,38.465000,38.134998,38.384998,33.953045,12486600
2015-03-23,38.360001,38.564999,38.314999,38.320000,33.895554,7461400
2015-03-24,38.305000,38.375000,38.110001,38.119999,33.718651,10551200
2015-03-25,38.060001,38.154999,37.500000,37.500000,33.170227,11851600
2015-03-26,37.285000,37.490002,37.115002,37.264999,32.962357,10108200
2015-03-27,37.209999,37.529999,37.209999,37.455002,33.130424,6723800
2015-03-30,37.580002,37.950001,37.580002,37.840000,33.470982,9186000
2015-03-31,37.785000,38.075001,37.564999,37.674999,33.325024,16259600
2015-04-01,37.590000,37.689999,37.264999,37.509998,33.179058,14701400
2015-04-02,37.474998,37.904999,37.435001,37.845001,33.475403,8929600
2015-04-06,37.625000,38.180000,37.580002,38.025002,33.634609,9978600
2015-04-07,38.025002,38.095001,37.814999,37.814999,33.448856,6297600
2015-04-08,37.910000,38.174999,37.880001,38.169998,33.762878,8497000
2015-04-09,38.165001,38.320000,37.930000,38.205002,33.793816,10503200
2015-04-10,38.255001,38.375000,38.200001,38.334999,33.908813,7944200
2015-04-13,38.299999,38.415001,38.115002,38.125000,33.723064,6293600
2015-04-14,38.000000,38.224998,37.869999,38.105000,33.705376,5840600
2015-04-15,38.200001,38.320000,38.084999,38.105000,33.705376,11518600
2015-04-16,38.189999,38.264999,38.090000,38.180000,33.771721,13719800
2015-04-17,37.974998,37.990002,37.494999,37.615002,33.271935,17183000
2015-04-20,37.775002,38.095001,37.775002,38.029999,33.639038,8199800
2015-04-21,38.180000,38.209999,37.945000,38.070000,33.674408,7835000
2015-04-22,38.169998,38.174999,37.884998,38.105000,33.705376,6926600
2015-04-23,38.049999,38.494999,38.029999,38.294998,33.873428,8271600
2015-04-24,38.625000,38.845001,38.560001,38.814999,34.333405,9655600
2015-04-27,38.910000,38.945000,38.435001,38.474998,34.032650,13850600
2015-04-28,38.415001,38.439999,38.064999,38.340000,33.913242,11132400
2015-04-29,38.160000,38.310001,37.924999,38.080002,33.683258,14487000
2015-04-30,37.900002,38.145000,37.485001,37.654999,33.307335,21405400
2015-05-01,37.845001,38.189999,37.794998,38.174999,33.767300,12220400
2015-05-04,38.474998,38.474998,38.200001,38.255001,33.838047,7841800
2015-05-05,38.375000,38.375000,37.845001,37.855000,33.484238,15713600
2015-05-06,37.955002,38.005001,37.514999,37.700001,33.347134,16596400
2015-05-07,37.700001,37.965000,37.605000,37.895000,33.519615,11784800
2015-05-08,38.279999,38.459999,38.264999,38.299999,33.877853,11347200
2015-05-11,38.270000,38.465000,38.125000,38.130001,33.727497,13894400
2015-05-12,37.919998,38.200001,37.770000,38.060001,33.665581,15020800
2015-05-13,38.080002,38.209999,37.790001,37.820000,33.453270,15843200
2015-05-14,37.965000,38.040001,37.759998,37.990002,33.603653,13660600
2015-05-15,38.035000,38.294998,37.994999,38.294998,33.873428,14379800
2015-05-18,38.230000,38.509998,38.220001,38.439999,34.001705,7923000
2015-05-19,38.544998,38.625000,38.389999,38.430000,33.992863,9290800
2015-05-20,38.435001,38.555000,38.250000,38.384998,33.953045,14815600
2015-05-21,38.299999,38.619999,38.299999,38.535000,34.085728,5860800
2015-05-22,38.529999,38.615002,38.404999,38.470001,34.028233,5927600
2015-05-26,38.439999,38.555000,38.134998,38.195000,33.784981,10672000
2015-05-27,38.270000,38.529999,38.189999,38.480000,34.037075,7255400
2015-05-28,38.415001,38.494999,38.314999,38.415001,33.979576,6508400
2015-05-29,38.305000,38.445000,38.095001,38.150002,33.745174,12333000
2015-06-01,38.185001,38.395000,38.070000,38.259998,33.842480,11095000
2015-06-02,38.174999,38.529999,38.125000,38.345001,33.917667,14261600
2015-06-03,38.450001,38.700001,38.349998,38.645000,34.183037,8796000
2015-06-04,38.555000,38.634998,38.305000,38.369999,33.939777,11321000
2015-06-05,38.259998,38.349998,38.080002,38.259998,33.842480,7026000
2015-06-08,38.215000,38.230000,37.980000,37.990002,33.603653,7392800
2015-06-09,38.000000,38.064999,37.720001,37.950001,33.568268,9372200
2015-06-10,38.110001,38.430000,38.064999,38.340000,33.913242,9327400
2015-06-11,38.439999,38.595001,38.404999,38.470001,34.028233,8786600
2015-06-12,38.250000,38.389999,38.224998,38.294998,33.873428,8135400
2015-06-15,38.055000,38.185001,37.910000,38.115002,33.714218,9342800
2015-06-16,38.075001,38.355000,38.044998,38.345001,33.917667,8213600
2015-06-17,38.415001,38.610001,38.244999,38.520000,34.072460,8577200
2015-06-18,38.525002,39.095001,38.525002,38.985001,34.483765,11583400
2015-06-19,38.930000,38.965000,38.724998,38.724998,34.362644,11966600
2015-06-22,38.924999,39.080002,38.915001,38.939999,34.553425,7812000
2015-06-23,39.035000,39.125000,38.994999,39.095001,34.690971,7023200
2015-06-24,38.974998,39.154999,38.820000,38.825001,34.451374,11973400
2015-06-25,38.895000,39.014999,38.770000,38.794998,34.424759,8859400
2015-06-26,38.955002,39.070000,38.820000,38.950001,34.562298,16617200
2015-06-29,38.605000,38.779999,38.040001,38.070000,33.781422,17959600
2015-06-30,38.455002,38.459999,38.080002,38.240002,33.932274,14474600
2015-07-01,38.564999,38.685001,38.480000,38.674999,34.318287,12045200
2015-07-02,38.790001,38.910000,38.485001,38.599998,34.251717,12517800
2015-07-06,38.334999,38.785000,38.250000,38.525002,34.185169,8099400
2015-07-07,38.564999,38.865002,38.099998,38.860001,34.482449,13923400
2015-07-08,38.549999,38.645000,38.070000,38.119999,33.825806,13650600
2015-07-09,38.500000,38.674999,38.244999,38.279999,33.967781,11855200
2015-07-10,38.660000,38.915001,38.564999,38.834999,34.460251,9316600
2015-07-13,39.110001,39.419998,39.110001,39.395000,34.957176,12129400
2015-07-14,39.485001,39.514999,39.360001,39.445000,35.001526,7502000
2015-07-15,39.465000,39.505001,39.314999,39.404999,34.966045,5428600
2015-07-16,39.680000,39.689999,39.450001,39.645000,35.179005,6554800
2015-07-17,39.705002,39.709999,39.445000,39.575001,35.116894,6489600
2015-07-20,39.779999,39.779999,39.535000,39.595001,35.134640,5109400
2015-07-21,39.785000,39.785000,39.360001,39.470001,35.023708,5353800
2015-07-22,39.465000,39.724998,39.415001,39.660000,35.192322,6419400
2015-07-23,39.740002,39.814999,39.334999,39.424999,34.983807,7522000
2015-07-24,40.200001,40.200001,39.355000,39.424999,34.983807,10339200
2015-07-27,39.275002,39.450001,39.025002,39.130001,34.722023,11104600
2015-07-28,39.014999,39.514999,39.014999,39.435001,34.992664,10897000
2015-07-29,39.540001,39.904999,39.500000,39.840000,35.352043,11624400
2015-07-30,39.669998,40.029999,39.599998,39.985001,35.480709,6606400
2015-07-31,40.075001,40.264999,39.970001,40.110001,35.591637,7330400
2015-08-03,40.029999,40.250000,39.759998,39.974998,35.471848,11514200
2015-08-04,40.025002,40.235001,39.965000,40.145000,35.622688,11407400
2015-08-05,40.200001,40.305000,39.639999,39.709999,35.236679,11882600
2015-08-06,39.849998,39.849998,38.744999,39.169998,34.757507,15489400
2015-08-07,39.215000,39.250000,38.865002,39.139999,34.730904,12905800
2015-08-10,39.435001,39.580002,39.375000,39.455002,35.010406,7674200
2015-08-11,39.200001,39.294998,38.915001,39.099998,34.695396,11349400
2015-08-12,38.980000,38.990002,38.290001,38.930000,34.544559,14273800
2015-08-13,38.904999,39.395000,38.895000,39.154999,34.744202,8848600
2015-08-14,39.110001,39.235001,39.035000,39.180000,34.766399,9479200
2015-08-17,39.040001,39.580002,39.005001,39.555000,35.099140,8841000
2015-08-18,39.599998,39.750000,39.514999,39.590000,35.130199,11699400
2015-08-19,39.474998,39.814999,39.330002,39.520000,35.068085,11481800
2015-08-20,39.139999,39.224998,38.400002,38.410000,34.083122,18824600
2015-08-21,38.025002,38.145000,37.145000,37.180000,32.991684,37202600
2015-08-24,35.029999,36.930000,33.000000,35.695000,31.673964,47634200
2015-08-25,36.590000,36.880001,35.529999,35.549999,31.545305,24187600
2015-08-26,36.365002,36.945000,35.669998,36.900002,32.743233,37790200
2015-08-27,37.474998,37.865002,37.005001,37.764999,33.510788,32231200
2015-08-28,37.639999,38.000000,37.549999,37.779999,33.524113,15289000
2015-08-31,37.610001,37.825001,37.380001,37.490002,33.266762,20217800
2015-09-01,36.669998,37.105000,36.334999,36.540001,32.423786,27879800
2015-09-02,36.904999,37.320000,36.709999,37.310001,33.107040,15389200
2015-09-03,37.384998,37.805000,37.200001,37.325001,33.120361,13201600
2015-09-04,36.785000,37.139999,36.615002,36.924999,32.765411,14311200
2015-09-08,37.619999,37.814999,37.349998,37.779999,33.524113,10510400
2015-09-09,38.134998,38.185001,37.290001,37.375000,33.164719,15364200
2015-09-10,37.244999,37.715000,37.220001,37.480000,33.257900,12412200
2015-09-11,37.380001,37.764999,37.299999,37.759998,33.506351,9219200
2015-09-14,37.735001,37.775002,37.424999,37.560001,33.328888,7184600
2015-09-15,37.570000,38.055000,37.384998,37.955002,33.679386,11140800
2015-09-16,38.020000,38.435001,37.915001,38.384998,34.060936,13231800
2015-09-17,38.400002,39.064999,38.340000,38.485001,34.149681,21990400
2015-09-18,37.884998,38.244999,37.669998,37.730000,33.605919,19723000
2015-09-21,37.910000,38.240002,37.744999,38.060001,33.899857,14036200
2015-09-22,37.584999,37.660000,37.285000,37.555000,33.450050,15290400
2015-09-23,37.549999,37.654999,37.330002,37.455002,33.360973,10771200
2015-09-24,37.235001,37.410000,36.840000,37.355000,33.271896,13957400
2015-09-25,37.764999,37.849998,37.169998,37.349998,33.267448,11708000
2015-09-28,37.095001,37.230000,36.185001,36.275002,32.309952,24030800
2015-09-29,36.290001,36.549999,35.930000,36.154999,32.203079,12354200
2015-09-30,36.689999,37.169998,36.520000,37.130001,33.071487,21597200
2015-10-01,37.150002,37.410000,36.834999,37.404999,33.316441,16725400
2015-10-02,36.825001,37.939999,36.775002,37.939999,33.792938,16403600
2015-10-05,38.215000,38.570000,38.084999,38.500000,34.291740,14036000
2015-10-06,38.375000,38.630001,38.035000,38.215000,34.037891,18172000
2015-10-07,38.299999,38.439999,37.974998,38.345001,34.153690,15588600
2015-10-08,38.180000,38.869999,38.165001,38.814999,34.572319,12683200
2015-10-09,38.825001,38.895000,38.639999,38.860001,34.612408,16705400
2015-10-12,38.884998,39.150002,38.880001,39.044998,34.777184,10978000
2015-10-13,38.915001,39.250000,38.785000,38.834999,34.590126,15163000
2015-10-14,38.834999,38.970001,38.355000,38.439999,34.238312,14031800
2015-10-15,38.654999,38.945000,38.360001,38.939999,34.683647,11406400
2015-10-16,38.924999,39.160000,38.900002,39.145000,34.866241,10638400
2015-10-19,39.035000,39.355000,39.000000,39.330002,35.031021,9857400
2015-10-20,39.275002,39.455002,39.154999,39.279999,34.986485,10027600
2015-10-21,39.380001,39.470001,39.055000,39.105000,34.830608,10024800
2015-10-22,39.349998,39.695000,39.275002,39.619999,35.289326,16455000
2015-10-23,40.169998,40.205002,39.605000,39.814999,35.463005,15790200
2015-10-26,39.830002,40.165001,39.799999,40.095001,35.712414,12050000
2015-10-27,40.000000,40.049999,39.735001,39.904999,35.543171,8942400
2015-10-28,40.060001,40.285000,39.759998,40.285000,35.881641,22715800
2015-10-29,40.230000,40.470001,39.845001,40.400002,35.984070,9449600
2015-10-30,40.480000,40.755001,40.375000,40.485001,36.059784,15542200
2015-11-02,40.630001,40.730000,40.375000,40.669998,36.224567,15470000
2015-11-03,40.625000,40.930000,40.595001,40.825001,36.362617,14567000
2015-11-04,40.895000,40.935001,40.355000,40.560001,36.126583,12531800
2015-11-05,40.619999,40.825001,40.404999,40.705002,36.255726,13929400
2015-11-06,40.599998,40.805000,40.450001,40.709999,36.260189,13186400
2015-11-09,40.520000,40.650002,39.869999,40.150002,35.761387,14019200
2015-11-10,40.095001,40.529999,40.040001,40.529999,36.099865,14662800
2015-11-11,40.615002,40.625000,40.205002,40.290001,35.886086,14173400
2015-11-12,40.040001,40.294998,39.884998,39.915001,35.552082,12151400
2015-11-13,39.660000,39.715000,38.820000,38.865002,34.616863,22754400
2015-11-16,38.709999,39.334999,38.630001,39.334999,35.035465,14766400
2015-11-17,39.529999,39.755001,39.279999,39.410000,35.102283,14904600
2015-11-18,39.520000,40.134998,39.430000,40.084999,35.703499,14275200
2015-11-19,40.115002,40.285000,40.025002,40.134998,35.748028,11370400
2015-11-20,40.439999,40.619999,40.340000,40.615002,36.175560,11129800
2015-11-23,40.680000,40.924999,40.605000,40.764999,36.309158,8344000
2015-11-24,40.445000,40.799999,40.259998,40.680000,36.233471,9090800
2015-11-25,40.755001,40.950001,40.740002,40.884998,36.416046,7406400
2015-11-27,40.895000,40.895000,40.564999,40.735001,36.282448,4565200
2015-11-30,40.875000,40.875000,40.345001,40.389999,35.975159,17294000
2015-12-01,40.610001,40.820000,40.494999,40.805000,36.344803,16374800
2015-12-02,40.865002,40.875000,40.369999,40.450001,36.028591,12527000
2015-12-03,40.619999,40.619999,39.665001,39.840000,35.485279,19657800
2015-12-04,39.985001,40.660000,39.889999,40.610001,36.171104,14064400
2015-12-07,40.549999,40.625000,40.160000,40.439999,36.019688,13070800
2015-12-08,40.099998,40.520000,39.994999,40.320000,35.912819,12167000
2015-12-09,40.240002,40.535000,39.615002,39.805000,35.454098,19471600
2015-12-10,39.915001,40.189999,39.770000,39.939999,35.574337,9460200
2015-12-11,39.415001,39.564999,38.950001,39.029999,34.763809,20208400
2015-12-14,39.055000,39.314999,38.630001,39.230000,34.941952,29916000
2015-12-15,39.630001,39.820000,39.415001,39.445000,35.133442,15957600
2015-12-16,39.720001,40.180000,39.400002,40.105000,35.721313,24149400
2015-12-17,40.110001,40.250000,39.445000,39.445000,35.133442,18449200
2015-12-18,39.215000,39.224998,38.639999,38.665001,34.581177,30106000
2015-12-21,38.924999,39.055000,38.595001,38.860001,34.755585,14178000
2015-12-22,39.060001,39.220001,38.840000,39.145000,35.010483,13465800
2015-12-23,39.250000,39.389999,39.180000,39.345001,35.189354,12049600
2015-12-24,39.279999,39.369999,39.209999,39.240002,35.095440,3823600
2015-12-28,39.139999,39.365002,39.029999,39.340000,35.184891,8111800
2015-12-29,39.580002,39.855000,39.500000,39.794998,35.591824,11480400
2015-12-30,39.764999,39.779999,39.465000,39.474998,35.305614,6437800
2015-12-31,39.290001,39.505001,39.075001,39.080002,34.952343,13160400
2016-01-04,38.389999,38.465000,37.990002,38.410000,34.353107,26800800
2016-01-05,38.445000,38.575001,38.084999,38.360001,34.308384,14849800
2016-01-06,37.799999,38.185001,37.680000,37.985001,33.972992,20230800
2016-01-07,37.230000,37.855000,37.119999,37.205002,33.275375,25290400
2016-01-08,37.505001,37.669998,36.720001,36.805000,32.917622,21595400
2016-01-11,37.025002,37.244999,36.555000,37.095001,33.177006,26465400
2016-01-12,37.355000,37.730000,37.070000,37.505001,33.543682,17474200
2016-01-13,37.660000,37.660000,36.165001,36.240002,32.412323,29861000
2016-01-14,36.314999,36.825001,35.625000,36.500000,32.644848,31838800
2016-01-15,35.549999,35.990002,35.334999,35.750000,31.974062,29103000
2016-01-19,36.145000,36.305000,35.520000,35.884998,32.094791,23245200
2016-01-20,35.369999,35.880001,34.470001,35.570000,31.813061,42886400
2016-01-21,35.680000,36.455002,35.500000,36.025002,32.220016,31888400
2016-01-22,36.610001,36.794998,36.430000,36.654999,32.783478,14370200
2016-01-25,36.650002,36.750000,36.195000,36.235001,32.407829,14296800
2016-01-26,36.369999,36.840000,36.189999,36.764999,32.881859,15900200
2016-01-27,36.700001,36.939999,36.020000,36.189999,32.367569,21285400
2016-01-28,36.645000,36.755001,36.005001,36.654999,32.783478,20804400
2016-01-29,36.470001,37.090000,36.334999,37.055000,33.141220,23052600
2016-02-01,36.840000,37.430000,36.665001,37.279999,33.342449,16598800
2016-02-02,37.025002,37.139999,36.424999,36.555000,32.694035,18097800
2016-02-03,36.900002,36.919998,35.759998,36.459999,32.609066,26703600
2016-02-04,36.345001,36.435001,35.935001,36.250000,32.421261,19875600
2016-02-05,36.090000,36.119999,34.980000,35.080002,31.374832,25646800
2016-02-08,34.695000,34.695000,33.805000,34.400002,30.766647,26352000
2016-02-09,33.959999,34.744999,33.900002,34.345001,30.717453,28947400
2016-02-10,34.375000,34.880001,34.270000,34.285000,30.663786,26574400
2016-02-11,33.794998,34.480000,33.794998,34.264999,30.645910,27130600
2016-02-12,34.639999,34.910000,34.314999,34.895000,31.209370,21854400
2016-02-16,35.410000,35.750000,35.200001,35.740002,31.965101,20940800
2016-02-17,36.115002,36.605000,36.070000,36.509998,32.653778,19549400
2016-02-18,36.529999,36.540001,36.145000,36.270000,32.439129,13948400
2016-02-19,36.040001,36.380001,35.825001,36.369999,32.528568,15183200
2016-02-22,36.695000,37.130001,36.665001,37.075001,33.159100,11290000
2016-02-23,36.970001,37.230000,36.770000,36.869999,32.975765,12913400
2016-02-24,36.564999,37.145000,36.154999,37.084999,33.168060,21643200
2016-02-25,37.125000,37.465000,36.915001,37.455002,33.498978,11096400
2016-02-26,37.695000,37.695000,37.340000,37.415001,33.463192,13932600
2016-02-29,37.424999,37.715000,37.220001,37.220001,33.288799,17485600
2016-03-01,37.544998,38.235001,37.419998,38.205002,34.169746,18691600
2016-03-02,38.139999,38.209999,37.900002,38.169998,34.138462,15275600
2016-03-03,38.105000,38.400002,38.005001,38.395000,34.339687,19038800
2016-03-04,38.415001,38.525002,38.189999,38.360001,34.308384,15493400
2016-03-07,38.160000,38.389999,37.970001,38.195000,34.160816,14871000
2016-03-08,37.970001,38.250000,37.860001,37.895000,33.892498,12680000
2016-03-09,38.040001,38.070000,37.720001,37.970001,33.959583,13489400
2016-03-10,38.150002,38.310001,37.570000,38.064999,34.044540,16120800
2016-03-11,38.384998,38.650002,38.290001,38.650002,34.567753,11387200
2016-03-14,38.540001,38.904999,38.540001,38.794998,34.697441,11000600
2016-03-15,38.549999,38.799999,38.549999,38.785000,34.688503,8999200
2016-03-16,38.740002,39.185001,38.630001,39.099998,34.970219,14508600
2016-03-17,39.014999,39.299999,38.895000,39.154999,35.019409,12321600
2016-03-18,39.064999,39.235001,38.974998,39.044998,35.064774,19413000
2016-03-21,39.035000,39.110001,38.820000,39.064999,35.082729,8098800
2016-03-22,38.785000,39.110001,38.770000,39.000000,35.024353,8984600
2016-03-23,38.814999,38.915001,38.685001,38.724998,34.777382,17044000
2016-03-24,38.410000,38.779999,38.299999,38.775002,34.822300,13916200
2016-03-28,38.830002,39.119999,38.799999,38.950001,34.979454,10265200
2016-03-29,38.895000,39.380001,38.895000,39.345001,35.334175,10979200
2016-03-30,39.505001,39.685001,39.430000,39.595001,35.558701,10548400
2016-03-31,39.535000,39.695000,39.485001,39.549999,35.518291,10140800
2016-04-01,39.299999,39.799999,39.270000,39.715000,35.666470,16283600
2016-04-04,39.759998,39.799999,39.355000,39.404999,35.388081,18943600
2016-04-05,39.205002,39.275002,38.980000,39.070000,35.087219,17096000
2016-04-06,39.119999,39.474998,39.020000,39.439999,35.419510,13554200
2016-04-07,39.279999,39.404999,38.825001,38.994999,35.019871,10346800
2016-04-08,39.154999,39.195000,38.790001,38.935001,34.965977,10318600
2016-04-11,39.055000,39.230000,38.770000,38.790001,34.835758,11742000
2016-04-12,38.799999,39.145000,38.625000,39.084999,35.100689,11502600
2016-04-13,39.314999,39.650002,39.250000,39.634998,35.594627,10081000
2016-04-14,39.660000,39.755001,39.500000,39.634998,35.594627,6924600
2016-04-15,39.639999,39.770000,39.525002,39.744999,35.693413,8599400
2016-04-18,39.744999,40.119999,39.634998,40.119999,36.030178,8926000
2016-04-19,40.169998,40.230000,39.750000,39.900002,35.832615,8545600
2016-04-20,40.000000,40.084999,39.759998,39.950001,35.877514,9571000
2016-04-21,40.055000,40.130001,39.794998,39.810001,35.751789,8285400
2016-04-22,39.830002,39.955002,39.485001,39.730000,35.679928,9460000
2016-04-25,39.654999,39.779999,39.494999,39.775002,35.720364,7794400
2016-04-26,39.845001,40.000000,39.654999,39.869999,35.805676,7797000
2016-04-27,39.849998,39.930000,39.634998,39.830002,35.769741,11423200
2016-04-28,39.634998,39.985001,39.314999,39.400002,35.383579,14600800
2016-04-29,39.724998,39.790001,39.299999,39.599998,35.563190,16799000
2016-05-02,39.709999,40.185001,39.660000,40.154999,36.061630,13296000
2016-05-03,39.855000,40.020000,39.705002,39.785000,35.729332,11558600
2016-05-04,39.459999,39.775002,39.424999,39.605000,35.567677,12876400
2016-05-05,39.590000,39.634998,39.320000,39.349998,35.338680,12589600
2016-05-06,39.270000,39.639999,39.139999,39.639999,35.599113,10783400
2016-05-09,39.625000,39.865002,39.610001,39.750000,35.697910,10433000
2016-05-10,39.865002,40.270000,39.860001,40.259998,36.155922,9664600
2016-05-11,39.869999,39.869999,39.424999,39.450001,35.428482,12233600
2016-05-12,39.599998,39.674999,39.244999,39.525002,35.495853,11206600
2016-05-13,39.330002,39.505001,39.035000,39.055000,35.073761,15204000
2016-05-16,39.025002,39.424999,38.970001,39.299999,35.293774,9211400
2016-05-17,39.240002,39.325001,38.744999,38.855000,34.894135,13086400
2016-05-18,38.590000,38.880001,38.365002,38.630001,34.692078,22648200
2016-05-19,38.459999,38.654999,38.325001,38.595001,34.660652,15667200
2016-05-20,38.639999,38.974998,38.610001,38.849998,34.889652,7816200
2016-05-23,38.794998,38.970001,38.674999,38.715000,34.768402,8505000
2016-05-24,38.865002,39.290001,38.849998,39.180000,35.186001,7983000
2016-05-25,39.209999,39.480000,39.209999,39.395000,35.379093,8707800
2016-05-26,39.505001,39.645000,39.415001,39.474998,35.450928,7008000
2016-05-27,39.535000,39.720001,39.535000,39.660000,35.617077,6424200
2016-05-31,39.720001,39.744999,39.465000,39.619999,35.581158,8326000
2016-06-01,39.435001,39.619999,39.345001,39.595001,35.558701,7535600
2016-06-02,39.485001,39.825001,39.474998,39.814999,35.756279,8115800
2016-06-03,39.669998,39.709999,39.285000,39.555000,35.522793,11311000
2016-06-06,39.599998,39.730000,39.455002,39.654999,35.612587,8200000
2016-06-07,39.654999,39.875000,39.650002,39.705002,35.657486,8651400
2016-06-08,39.720001,39.814999,39.595001,39.750000,35.697910,7903200
2016-06-09,39.544998,39.705002,39.505001,39.660000,35.617077,13162200
2016-06-10,39.345001,39.404999,39.134998,39.244999,35.244385,9627000
2016-06-13,39.174999,39.459999,39.000000,39.029999,35.051296,12032600
2016-06-14,38.935001,39.080002,38.680000,38.930000,34.961502,16195400
2016-06-15,38.959999,39.360001,38.959999,39.040001,35.060284,11271800
2016-06-16,38.855000,39.215000,38.619999,39.165001,35.172543,12764600
2016-06-17,39.075001,39.105000,38.895000,38.965000,35.117119,17119400
2016-06-20,39.264999,39.674999,39.264999,39.314999,35.432537,7944400
2016-06-21,39.430000,39.430000,39.150002,39.224998,35.351429,5798600
2016-06-22,39.255001,39.474998,39.139999,39.169998,35.301865,8207200
2016-06-23,39.529999,39.560001,39.375000,39.555000,35.648849,8882400
2016-06-24,38.165001,38.759998,37.990002,38.084999,34.324009,30696400
2016-06-27,37.730000,37.790001,37.090000,37.384998,33.693134,21702000
2016-06-28,37.820000,38.130001,37.709999,38.130001,34.364571,15721200
2016-06-29,38.584999,38.810001,38.369999,38.744999,34.918835,14107600
2016-06-30,38.865002,39.044998,38.615002,39.029999,35.175682,13423600
2016-07-01,39.070000,39.525002,38.994999,39.435001,35.540703,14260200
2016-07-05,39.189999,39.270000,38.869999,39.115002,35.252308,14635200
2016-07-06,38.955002,39.450001,38.869999,39.450001,35.554222,15561200
2016-07-07,39.389999,39.619999,39.355000,39.619999,35.707424,18485600
2016-07-08,39.875000,40.340000,39.875000,40.310001,36.329288,14822800
2016-07-11,40.529999,40.645000,40.415001,40.544998,36.541084,8862000
2016-07-12,40.674999,40.810001,40.639999,40.705002,36.685287,9772000
2016-07-13,40.759998,40.794998,40.415001,40.505001,36.505032,7310800
2016-07-14,40.805000,40.904999,40.619999,40.669998,36.653748,6812000
2016-07-15,40.865002,40.875000,40.459999,40.490002,36.491520,6967400
2016-07-18,40.584999,40.759998,40.474998,40.645000,36.631199,5550000
2016-07-19,40.424999,40.584999,40.340000,40.570000,36.563622,5273600
2016-07-20,40.680000,40.759998,40.490002,40.740002,36.716824,4902000
2016-07-21,40.735001,40.810001,40.505001,40.630001,36.617683,4869400
2016-07-22,40.669998,40.849998,40.580002,40.799999,36.770905,5059200
2016-07-25,40.915001,40.915001,40.740002,40.865002,36.829487,6260400
2016-07-26,40.830002,41.014999,40.669998,40.814999,36.784416,9975400
2016-07-27,40.935001,40.950001,40.535000,40.689999,36.671764,8590200
2016-07-28,40.580002,40.814999,40.430000,40.764999,36.739349,6317800
2016-07-29,40.709999,40.869999,40.639999,40.810001,36.779922,7992600
2016-08-01,40.810001,40.980000,40.654999,40.875000,36.838490,5500400
2016-08-02,40.904999,40.904999,40.185001,40.264999,36.288738,8493400
2016-08-03,40.130001,40.380001,40.044998,40.380001,36.392384,7744000
2016-08-04,40.305000,40.445000,40.200001,40.360001,36.374348,4480600
2016-08-05,40.599998,40.845001,40.439999,40.785000,36.757389,7037200
2016-08-08,40.814999,40.884998,40.615002,40.650002,36.635708,6296800
2016-08-09,40.570000,40.730000,40.450001,40.529999,36.527565,14728200
2016-08-10,40.544998,40.735001,40.529999,40.615002,36.604168,6778800
2016-08-11,40.834999,41.070000,40.814999,41.020000,36.969181,7389600
2016-08-12,40.935001,41.099998,40.709999,41.000000,36.951145,4913200
2016-08-15,41.110001,41.189999,41.055000,41.080002,37.023254,6141000
2016-08-16,40.980000,41.029999,40.814999,40.845001,36.811455,4615800
2016-08-17,40.700001,40.779999,40.505001,40.750000,36.725838,6848600
2016-08-18,40.775002,40.820000,40.650002,40.724998,36.703312,9466000
2016-08-19,40.674999,40.834999,40.595001,40.750000,36.725838,7447800
2016-08-22,40.709999,40.770000,40.590000,40.709999,36.689793,5777200
2016-08-23,40.900002,40.965000,40.845001,40.915001,36.874546,10701600
2016-08-24,40.875000,40.974998,40.639999,40.720001,36.698807,6466200
2016-08-25,40.570000,40.720001,40.509998,40.584999,36.577137,6061400
2016-08-26,40.645000,40.805000,40.290001,40.470001,36.473488,12578400
2016-08-29,40.470001,40.665001,40.470001,40.610001,36.599667,7992600
2016-08-30,40.570000,40.619999,40.320000,40.384998,36.396885,4905800
2016-08-31,40.355000,40.419998,40.130001,40.279999,36.302250,7001800
2016-09-01,40.325001,40.450001,40.139999,40.360001,36.374348,10833600
2016-09-02,40.555000,40.595001,40.345001,40.439999,36.446453,6704800
2016-09-06,40.439999,40.514999,40.240002,40.514999,36.514050,12356000
2016-09-07,40.435001,40.540001,40.360001,40.535000,36.532078,10728600
2016-09-08,40.325001,40.404999,40.134998,40.185001,36.216633,8918200
2016-09-09,39.900002,39.980000,39.215000,39.215000,35.342422,19125000
2016-09-12,39.060001,39.865002,39.005001,39.764999,35.838112,21753200
2016-09-13,39.474998,39.590000,39.075001,39.200001,35.328907,18474400
2016-09-14,39.209999,39.435001,39.090000,39.205002,35.333412,14711400
2016-09-15,39.084999,39.514999,39.025002,39.490002,35.590263,11544200
2016-09-16,39.205002,39.290001,39.084999,39.255001,35.513374,10703000
2016-09-19,39.320000,39.494999,39.134998,39.224998,35.486233,6254800
2016-09-20,39.384998,39.439999,39.154999,39.255001,35.513374,6684400
2016-09-21,39.314999,39.654999,39.200001,39.634998,35.857140,12031800
2016-09-22,39.865002,40.000000,39.799999,39.924999,36.119511,9642800
2016-09-23,39.814999,39.965000,39.814999,39.834999,36.038094,7782400
2016-09-26,39.724998,39.724998,39.345001,39.395000,35.640011,11856600
2016-09-27,39.445000,39.794998,39.380001,39.794998,36.001900,10275000
2016-09-28,39.820000,39.924999,39.669998,39.904999,36.101421,8260600
2016-09-29,39.860001,40.090000,39.584999,39.700001,35.915962,12722200
2016-09-30,39.875000,40.139999,39.799999,40.020000,36.205456,9578800
2016-10-03,39.865002,40.084999,39.825001,39.994999,36.182831,15452200
2016-10-04,40.029999,40.160000,39.775002,39.855000,36.056183,17878200
2016-10-05,40.005001,40.180000,39.955002,40.020000,36.205456,14270600
2016-10-06,39.965000,40.130001,39.805000,40.049999,36.232582,14525000
2016-10-07,40.165001,40.205002,39.770000,39.869999,36.069748,17384200
2016-10-10,40.060001,40.110001,39.910000,39.935001,36.128544,5941000
2016-10-11,39.965000,39.965000,39.369999,39.450001,35.689777,16851800
2016-10-12,39.490002,39.779999,39.439999,39.634998,35.857140,7596400
2016-10-13,39.355000,39.595001,39.095001,39.490002,35.725975,8056000
2016-10-14,39.615002,39.744999,39.424999,39.445000,35.685268,6949200
2016-10-17,39.430000,39.435001,39.110001,39.119999,35.391232,7257200
2016-10-18,39.525002,39.599998,39.325001,39.380001,35.626469,7900400
2016-10-19,39.445000,39.599998,39.345001,39.555000,35.784767,6512200
2016-10-20,39.465000,39.575001,39.320000,39.480000,35.716923,9819000
2016-10-21,39.290001,39.855000,39.290001,39.794998,36.001900,9595400
2016-10-24,39.994999,40.105000,39.910000,40.080002,36.259735,7136600
2016-10-25,39.900002,39.900002,39.590000,39.610001,35.834530,9267600
2016-10-26,39.435001,39.605000,39.360001,39.439999,35.680733,8653000
2016-10-27,39.540001,39.599998,39.040001,39.110001,35.382191,10670400
2016-10-28,38.900002,39.285000,38.875000,39.020000,35.300774,10012200
2016-10-31,39.075001,39.150002,38.970001,39.049999,35.327904,11798000
2016-11-01,39.150002,39.220001,38.465000,38.775002,35.079124,23891800
2016-11-02,38.674999,38.845001,38.439999,38.540001,34.866520,19390400
2016-11-03,38.610001,38.794998,38.349998,38.439999,34.776054,17801600
2016-11-04,38.404999,38.695000,38.305000,38.365002,34.708214,17824400
2016-11-07,38.915001,39.255001,38.794998,39.250000,35.508831,14287400
2016-11-08,39.250000,39.575001,39.150002,39.410000,35.653599,10650400
2016-11-09,38.584999,39.560001,38.490002,39.490002,35.725975,22851200
2016-11-10,39.645000,40.075001,39.334999,39.634998,35.857140,33370400
2016-11-11,39.485001,39.915001,39.459999,39.860001,36.060699,12078600
2016-11-14,40.044998,40.165001,39.814999,39.865002,36.065224,12659400
2016-11-15,40.005001,40.075001,39.810001,40.020000,36.205456,12020400
2016-11-16,39.935001,40.240002,39.880001,40.240002,36.404491,7986400
2016-11-17,40.275002,40.724998,40.195000,40.724998,36.843254,11402200
2016-11-18,40.700001,40.790001,40.549999,40.599998,36.730167,8587200
2016-11-21,40.674999,40.865002,40.619999,40.865002,36.969898,9526800
2016-11-22,40.990002,41.384998,40.950001,41.349998,37.408669,11500200
2016-11-23,41.279999,41.415001,41.250000,41.389999,37.444874,8874400
2016-11-25,41.455002,41.535000,41.389999,41.490002,37.535336,8542600
2016-11-28,41.389999,41.395000,41.075001,41.160000,37.236801,10293600
2016-11-29,41.205002,41.334999,41.160000,41.270000,37.336311,8735200
2016-11-30,41.250000,41.270000,40.915001,40.924999,37.024178,10133200
2016-12-01,40.889999,41.154999,40.814999,40.945000,37.042290,18732200
2016-12-02,40.950001,41.060001,40.669998,40.720001,36.838734,15315000
2016-12-05,40.889999,41.235001,40.715000,41.165001,37.241322,16210400
2016-12-06,41.195000,41.264999,41.075001,41.259998,37.327267,14066600
2016-12-07,41.279999,42.080002,41.230000,42.060001,38.051003,15944200
2016-12-08,42.075001,42.169998,41.965000,42.060001,38.051003,11211800
2016-12-09,42.160000,42.160000,41.939999,42.154999,38.136951,9603200
2016-12-12,42.070000,42.139999,41.715000,41.805000,37.820320,11884400
2016-12-13,41.959999,42.340000,41.825001,42.180000,38.159565,9648400
2016-12-14,42.169998,42.255001,41.820000,41.895000,37.901730,16914600
2016-12-15,41.965000,42.084999,41.770000,41.794998,37.811272,12218800
2016-12-16,41.669998,41.689999,41.285000,41.345001,37.625622,19737400
2016-12-19,41.439999,41.674999,41.345001,41.455002,37.725723,7572200
2016-12-20,41.514999,41.840000,41.509998,41.785000,38.026043,8068400
2016-12-21,41.779999,41.810001,41.669998,41.764999,38.007832,5405600
2016-12-22,41.689999,41.705002,41.250000,41.314999,37.598328,8922000
2016-12-23,41.305000,41.384998,41.174999,41.224998,37.516415,5674000
2016-12-27,41.255001,41.549999,41.255001,41.384998,37.662022,12202200
2016-12-28,41.474998,41.514999,41.090000,41.099998,37.402672,7715400
2016-12-29,41.130001,41.240002,40.950001,41.044998,37.352596,5132600
2016-12-30,41.174999,41.174999,40.575001,40.700001,37.038643,9618200
2017-01-03,41.025002,41.169998,40.689999,40.939999,37.257050,28101000
2017-01-04,41.119999,41.529999,41.080002,41.485001,37.753021,10987600
2017-01-05,41.230000,41.470001,41.220001,41.455002,37.725723,8793400
2017-01-06,41.445000,41.785000,41.290001,41.660000,37.912285,13076200
2017-01-09,41.645000,41.735001,41.549999,41.625000,37.880428,7711200
2017-01-10,41.615002,41.930000,41.549999,41.775002,38.016953,10349600
2017-01-11,41.744999,41.865002,41.610001,41.865002,38.098843,10777400
2017-01-12,41.770000,41.875000,41.490002,41.825001,38.062447,8564600
2017-01-13,41.849998,42.020000,41.849998,41.980000,38.203491,5616800
2017-01-17,41.860001,42.189999,41.855000,42.049999,38.267197,8651800
2017-01-18,42.064999,42.064999,41.830002,41.974998,38.198929,5820200
2017-01-19,42.035000,42.180000,41.750000,41.845001,38.080639,8326000
2017-01-20,41.994999,42.075001,41.830002,41.965000,38.189846,10983800
2017-01-23,41.775002,42.009998,41.735001,41.994999,38.217140,17105800
2017-01-24,42.060001,42.384998,41.985001,42.340000,38.531113,9594400
2017-01-25,42.505001,42.645000,42.474998,42.599998,38.767723,7338200
2017-01-26,42.634998,42.820000,42.535000,42.665001,38.826874,7809800
2017-01-27,42.695000,42.750000,42.375000,42.529999,38.704002,9021600
2017-01-30,42.465000,42.514999,42.095001,42.480000,38.658520,7579200
2017-01-31,42.290001,42.415001,42.110001,42.415001,38.599369,9490000
2017-02-01,42.485001,42.560001,42.180000,42.334999,38.526566,10413600
2017-02-02,42.270000,42.485001,42.220001,42.299999,38.494698,8162000
2017-02-03,42.169998,42.314999,42.090000,42.244999,38.444641,7304200
2017-02-06,42.125000,42.224998,42.049999,42.119999,38.330887,7878400
2017-02-07,42.139999,42.205002,42.035000,42.080002,38.294491,11451200
2017-02-08,42.080002,42.389999,42.080002,42.340000,38.531113,8259800
2017-02-09,42.340000,42.709999,42.340000,42.605000,38.772266,7058400
2017-02-10,42.665001,42.880001,42.645000,42.865002,39.008888,7652000
2017-02-13,42.965000,43.025002,42.855000,42.915001,39.054386,8817600
2017-02-14,42.895000,43.160000,42.880001,43.160000,39.277344,6336200
2017-02-15,43.090000,43.400002,43.014999,43.384998,39.482105,9509800
2017-02-16,43.340000,43.384998,43.084999,43.165001,39.281902,6165000
2017-02-17,43.060001,43.305000,43.055000,43.305000,39.409298,7757200
2017-02-21,43.494999,43.650002,43.389999,43.555000,39.636799,7182800
2017-02-22,43.509998,43.605000,43.465000,43.555000,39.636799,4491200
2017-02-23,43.610001,43.660000,43.224998,43.259998,39.368347,6937400
2017-02-24,43.185001,43.459999,43.090000,43.459999,39.550362,9692600
2017-02-27,43.474998,43.540001,43.330002,43.509998,39.595856,6904800
2017-02-28,43.395000,43.404999,43.150002,43.185001,39.300095,8179000
2017-03-01,43.650002,43.790001,43.509998,43.669998,39.741467,17269600
2017-03-02,43.650002,43.715000,43.529999,43.564999,39.645908,7870800
2017-03-03,43.520000,43.610001,43.340000,43.500000,39.586761,6563000
2017-03-06,43.360001,43.404999,43.195000,43.360001,39.459347,5205400
2017-03-07,43.360001,43.365002,43.169998,43.220001,39.331944,6147800
2017-03-08,43.285000,43.480000,43.270000,43.400002,39.495754,5219000
2017-03-09,43.360001,43.485001,43.235001,43.360001,39.459347,5493800
2017-03-10,43.549999,43.590000,43.334999,43.424999,39.518505,7013200
2017-03-13,43.450001,43.555000,43.400002,43.540001,39.623161,4982200
2017-03-14,43.494999,43.599998,43.384998,43.529999,39.614056,7785600
2017-03-15,43.615002,43.845001,43.474998,43.759998,39.823357,7473800
2017-03-16,43.790001,43.875000,43.705002,43.755001,39.818813,12529400
2017-03-17,43.674999,43.764999,43.549999,43.680000,39.869480,9428600
2017-03-20,43.715000,43.724998,43.490002,43.575001,39.773640,5278000
2017-03-21,43.680000,43.744999,42.994999,43.025002,39.271614,9291400
2017-03-22,42.990002,43.134998,42.825001,43.075001,39.317245,12202200
2017-03-23,43.150002,43.400002,43.049999,43.174999,39.408520,7274000
2017-03-24,43.220001,43.419998,43.095001,43.279999,39.504379,6622200
2017-03-27,43.020000,43.340000,42.855000,43.264999,39.490677,9808200
2017-03-28,43.259998,43.689999,43.185001,43.595001,39.791901,8310000
2017-03-29,43.595001,43.884998,43.549999,43.855000,40.029217,9123400
2017-03-30,43.775002,43.974998,43.735001,43.970001,40.134182,9365200
2017-03-31,43.900002,44.084999,43.884998,43.974998,40.138733,4758600
2017-04-03,43.980000,44.005001,43.549999,43.799999,39.979012,12312000
2017-04-04,43.674999,43.794998,43.634998,43.730000,39.915119,8648800
2017-04-05,43.895000,44.130001,43.564999,43.625000,39.819279,8701800
2017-04-06,43.650002,43.900002,43.634998,43.759998,39.942490,5827800
2017-04-07,43.650002,43.779999,43.570000,43.630001,39.823841,7816600
2017-04-10,43.645000,43.939999,43.630001,43.790001,39.969875,4796200
2017-04-11,43.775002,43.845001,43.439999,43.755001,39.937943,10938200
2017-04-12,43.720001,43.775002,43.544998,43.580002,39.778202,4923200
2017-04-13,43.514999,43.665001,43.275002,43.275002,39.499805,9377600
2017-04-17,43.384998,43.720001,43.384998,43.720001,39.905987,6955200
2017-04-18,43.615002,43.794998,43.505001,43.724998,39.910549,5108400
2017-04-19,43.869999,44.044998,43.730000,43.764999,39.947048,7473000
2017-04-20,43.950001,44.310001,43.935001,44.224998,40.366932,8772400
2017-04-21,44.165001,44.209999,44.014999,44.125000,40.275650,7704800
2017-04-24,44.590000,44.605000,44.360001,44.410000,40.535782,8486000
2017-04-25,44.560001,44.825001,44.560001,44.759998,40.855251,10809200
2017-04-26,44.875000,45.160000,44.814999,44.970001,41.046932,8164400
2017-04-27,45.200001,45.275002,45.084999,45.209999,41.266010,7328000
2017-04-28,45.305000,45.389999,44.974998,45.029999,41.101707,10119600
2017-05-01,45.130001,45.259998,45.035000,45.090000,41.156471,11827800
2017-05-02,45.115002,45.139999,44.875000,45.139999,41.202103,7921200
2017-05-03,45.105000,45.224998,44.744999,44.875000,40.960239,5633400
2017-05-04,44.910000,44.910000,44.634998,44.805000,40.896332,10679200
2017-05-05,44.985001,45.084999,44.764999,45.084999,41.151905,6438600
2017-05-08,45.244999,45.255001,45.009998,45.169998,41.229488,5012400
2017-05-09,45.270000,45.465000,45.185001,45.430000,41.466812,20515600
2017-05-10,45.244999,45.290001,45.110001,45.275002,41.325336,7037000
2017-05-11,45.189999,45.189999,44.730000,45.005001,41.078888,8703200
2017-05-12,45.049999,45.049999,44.884998,44.939999,41.019558,6461600
2017-05-15,44.950001,45.139999,44.900002,44.950001,41.028667,7904400
2017-05-16,44.974998,45.009998,44.764999,44.794998,40.887203,8396600
2017-05-17,44.520000,44.634998,44.064999,44.070000,40.225441,16578800
2017-05-18,44.070000,44.529999,44.070000,44.325001,40.458206,13043600
2017-05-19,44.400002,44.770000,44.349998,44.625000,40.732048,7390000
2017-05-22,44.709999,44.900002,44.685001,44.849998,40.937408,5893400
2017-05-23,44.884998,44.980000,44.610001,44.680000,40.782219,4178000
2017-05-24,44.665001,44.855000,44.505001,44.840000,40.928284,7648000
2017-05-25,44.985001,45.375000,44.985001,45.235001,41.288826,6603800
2017-05-26,45.294998,45.395000,45.244999,45.369999,41.412045,4648000
2017-05-30,45.369999,45.514999,45.365002,45.404999,41.443993,5277800
2017-05-31,45.485001,45.544998,45.165001,45.525002,41.553524,10207200
2017-06-01,45.639999,45.955002,45.505001,45.955002,41.946011,10295000
2017-06-02,45.980000,46.174999,45.915001,46.119999,42.096615,6268800
2017-06-05,46.169998,46.209999,45.910000,45.994999,41.982529,10998600
2017-06-06,45.834999,45.930000,45.564999,45.599998,41.621994,7127400
2017-06-07,45.669998,45.759998,45.575001,45.680000,41.695011,9343000
2017-06-08,45.685001,45.735001,45.325001,45.384998,41.425743,10397600
2017-06-09,45.430000,45.494999,44.779999,45.185001,41.243183,21978000
2017-06-12,45.040001,45.279999,44.974998,45.160000,41.220375,12873200
2017-06-13,45.264999,45.505001,45.250000,45.439999,41.475929,8329600
2017-06-14,45.605000,45.674999,45.180000,45.415001,41.453117,9618800
2017-06-15,45.080002,45.259998,44.860001,45.224998,41.279678,7170200
2017-06-16,45.250000,45.250000,44.820000,45.075001,41.268257,15423200
2017-06-19,45.264999,45.490002,45.150002,45.419998,41.584114,6839600
2017-06-20,45.340000,45.349998,44.840000,44.849998,41.062248,6705000
2017-06-21,44.965000,44.990002,44.759998,44.919998,41.126331,6252400
2017-06-22,44.915001,44.985001,44.805000,44.814999,41.030209,7317800
2017-06-23,44.814999,44.814999,44.615002,44.759998,40.979851,7845200
2017-06-26,44.980000,45.055000,44.779999,44.919998,41.126331,9417400
2017-06-27,44.825001,44.994999,44.564999,44.564999,40.801323,8029800
2017-06-28,44.695000,45.064999,44.665001,45.014999,41.213303,10061600
2017-06-29,44.930000,44.974998,44.230000,44.580002,40.815056,9803400
2017-06-30,44.799999,45.009998,44.720001,44.814999,41.030209,9313600
2017-07-03,44.939999,45.160000,44.750000,44.770000,40.989014,5614600
2017-07-05,44.764999,44.775002,44.450001,44.660000,40.888298,7970200
2017-07-06,44.384998,44.520000,44.174999,44.205002,40.471729,7244800
2017-07-07,44.299999,44.634998,44.299999,44.599998,40.833374,5159400
2017-07-10,44.634998,44.764999,44.505001,44.695000,40.920345,5400200
2017-07-11,44.645000,44.674999,44.360001,44.605000,40.837940,6424600
2017-07-12,44.855000,45.009998,44.825001,44.945000,41.149231,6067800
2017-07-13,45.075001,45.125000,44.915001,44.950001,41.153793,6623400
2017-07-14,45.090000,45.150002,44.895000,45.095001,41.286560,8280000
2017-07-17,45.095001,45.279999,45.095001,45.205002,41.387268,6354400
2017-07-18,45.165001,45.415001,45.130001,45.410000,41.574963,6980000
2017-07-19,45.494999,45.680000,45.459999,45.630001,41.776379,5311600
2017-07-20,45.674999,45.709999,45.380001,45.535000,41.689388,9199000
2017-07-21,45.320000,45.564999,45.320000,45.564999,41.716854,6633800
2017-07-24,45.580002,45.580002,45.360001,45.410000,41.574963,4081800
2017-07-25,45.580002,45.849998,45.505001,45.730000,41.867935,10096800
2017-07-26,45.805000,45.814999,45.660000,45.709999,41.849621,5728800
2017-07-27,45.904999,46.275002,45.660000,46.044998,42.156322,13275200
2017-07-28,45.595001,45.750000,45.520000,45.695000,41.835896,7833400
2017-07-31,45.860001,45.924999,45.529999,45.680000,41.822159,6261200
2017-08-01,45.814999,45.849998,45.615002,45.759998,41.895390,8750800
2017-08-02,45.740002,45.759998,45.365002,45.634998,41.780960,5776000
2017-08-03,45.590000,45.750000,45.494999,45.509998,41.666512,7191400
2017-08-04,45.610001,45.610001,45.330002,45.514999,41.671082,4898800
2017-08-07,45.595001,45.685001,45.535000,45.619999,41.767223,6939400
2017-08-08,45.619999,45.884998,45.509998,45.645000,41.790112,6050200
2017-08-09,45.105000,45.410000,45.020000,45.380001,41.547493,9796200
2017-08-10,45.189999,45.264999,44.689999,44.700001,40.924931,9809800
2017-08-11,44.590000,45.025002,44.590000,44.930000,41.135506,9839200
2017-08-14,45.180000,45.400002,45.169998,45.250000,41.428467,7508200
2017-08-15,45.230000,45.270000,44.830002,44.834999,41.048512,6191400
2017-08-16,45.000000,45.150002,44.875000,45.064999,41.259087,4905400
2017-08-17,44.950001,45.000000,44.345001,44.345001,40.599899,9791400
2017-08-18,44.250000,44.369999,44.075001,44.125000,40.398479,13575600
2017-08-21,44.110001,44.264999,43.945000,44.205002,40.471729,21101400
2017-08-22,44.334999,44.730000,44.310001,44.680000,40.906597,8771200
2017-08-23,44.380001,44.459999,44.224998,44.299999,40.558693,9681600
2017-08-24,44.520000,44.625000,44.134998,44.205002,40.471729,5531800
2017-08-25,44.334999,44.505001,44.235001,44.314999,40.572426,6489200
2017-08-28,44.459999,44.490002,44.279999,44.340000,40.595318,4368400
2017-08-29,44.055000,44.349998,43.985001,44.299999,40.558693,5511200
2017-08-30,44.325001,44.674999,44.279999,44.619999,40.851673,4512800
2017-08-31,44.744999,44.869999,44.680000,44.830002,41.043945,7988200
2017-09-01,44.945000,45.115002,44.919998,45.035000,41.231628,4863800
2017-09-05,44.910000,45.099998,44.590000,44.849998,41.062248,9911000
2017-09-06,44.919998,45.185001,44.825001,45.130001,41.318604,6009400
2017-09-07,45.224998,45.285000,44.634998,44.740002,40.961540,10708000
2017-09-08,44.650002,44.689999,44.509998,44.584999,40.819622,5180000
2017-09-11,44.744999,44.865002,44.709999,44.820000,41.034782,6703200
2017-09-12,44.930000,45.084999,44.869999,45.020000,41.217896,5440200
2017-09-13,44.994999,45.345001,44.994999,45.345001,41.515450,6583200
2017-09-14,45.235001,45.349998,45.084999,45.099998,41.291145,7033800
2017-09-15,44.855000,44.985001,44.790001,44.814999,41.175373,7822200
2017-09-18,44.955002,44.990002,44.560001,44.660000,41.032948,13139200
2017-09-19,44.665001,44.740002,44.455002,44.619999,40.996193,12801000
2017-09-20,44.685001,44.805000,44.529999,44.770000,41.134029,7419800
2017-09-21,44.755001,44.805000,44.619999,44.695000,41.065117,8415200
2017-09-22,44.580002,44.794998,44.570000,44.770000,41.134029,6232600
2017-09-25,44.755001,44.855000,44.529999,44.674999,41.046741,14335200
2017-09-26,44.805000,44.895000,44.584999,44.680000,41.051342,6145800
2017-09-27,44.794998,45.009998,44.599998,44.924999,41.276447,10458200
2017-09-28,44.860001,44.910000,44.790001,44.869999,41.225899,7199600
2017-09-29,44.875000,45.090000,44.855000,45.040001,41.382099,6944000
2017-10-02,45.095001,45.224998,45.029999,45.125000,41.460178,5859400
2017-10-03,45.200001,45.325001,45.165001,45.314999,41.634762,9831200
2017-10-04,45.349998,45.580002,45.299999,45.549999,41.850666,9863400
2017-10-05,45.619999,45.820000,45.560001,45.805000,42.084965,14441000
2017-10-06,45.730000,45.924999,45.730000,45.860001,42.135498,6266400
2017-10-09,45.939999,45.945000,45.669998,45.715000,42.002277,8540200
2017-10-10,45.744999,45.884998,45.560001,45.669998,41.960930,5513400
2017-10-11,45.695000,45.744999,45.580002,45.695000,41.983894,7685600
2017-10-12,45.525002,45.535000,45.290001,45.389999,41.703671,9168000
2017-10-13,45.474998,45.650002,45.419998,45.610001,41.905819,5460200
2017-10-16,45.630001,45.689999,45.529999,45.669998,41.960930,8655600
2017-10-17,45.660000,45.770000,45.580002,45.695000,41.983894,5546400
2017-10-18,45.735001,45.755001,45.560001,45.570000,41.869053,9051200
2017-10-19,45.380001,45.575001,45.270000,45.570000,41.869053,9002000
2017-10-20,45.750000,45.794998,45.625000,45.680000,41.970131,9602800
2017-10-23,45.730000,45.770000,45.334999,45.369999,41.685299,5821200
2017-10-24,45.419998,45.555000,45.419998,45.480000,41.786366,7404000
2017-10-25,45.389999,45.459999,45.060001,45.305000,41.625565,9367200
2017-10-26,45.305000,45.630001,45.264999,45.465000,41.772575,7133000
2017-10-27,45.805000,46.224998,45.590000,46.200001,42.447876,11891200
2017-10-30,45.805000,46.095001,45.805000,45.990002,42.254951,8670800
2017-10-31,46.040001,46.090000,45.955002,45.994999,42.259544,6375200
2017-11-01,46.145000,46.294998,45.990002,46.009998,42.273312,8834400
2017-11-02,45.884998,45.939999,45.500000,45.665001,41.956337,9183600
2017-11-03,45.639999,45.869999,45.529999,45.849998,42.126316,7388000
2017-11-06,45.759998,46.205002,45.759998,46.185001,42.434105,7695800
2017-11-07,46.130001,46.275002,45.845001,45.910000,42.181446,4865600
2017-11-08,45.840000,45.985001,45.794998,45.959999,42.227379,5451600
2017-11-09,45.700001,46.095001,45.590000,46.029999,42.291691,6882600
2017-11-10,46.014999,46.244999,45.974998,46.185001,42.434105,5021200
2017-11-13,46.040001,46.435001,45.950001,46.340000,42.576523,11429400
2017-11-14,46.195000,46.389999,46.064999,46.380001,42.613277,8378200
2017-11-15,46.154999,46.334999,45.915001,46.180000,42.429512,6730600
2017-11-16,46.255001,46.605000,46.220001,46.564999,42.783237,8186600
2017-11-17,46.669998,46.849998,46.634998,46.770000,42.971603,9372800
2017-11-20,46.845001,46.959999,46.755001,46.860001,43.054283,4895200
2017-11-21,46.980000,47.180000,46.915001,47.150002,43.320744,10030000
2017-11-22,47.169998,47.290001,47.139999,47.195000,43.362076,6394600
2017-11-24,47.305000,47.334999,47.240002,47.314999,43.472336,3472400
2017-11-27,47.439999,47.544998,47.264999,47.349998,43.504490,7848200
2017-11-28,47.424999,47.875000,47.365002,47.875000,43.986851,11609400
2017-11-29,47.915001,48.209999,47.840000,48.080002,44.175209,12693400
2017-11-30,48.160000,48.525002,48.044998,48.325001,44.400318,14963400
2017-12-01,48.275002,48.459999,47.625000,48.305000,44.381947,23560200
2017-12-04,48.794998,49.185001,48.775002,48.865002,44.896458,13545800
2017-12-05,48.849998,48.965000,48.570000,48.584999,44.639191,14968400
2017-12-06,48.520000,48.615002,48.240002,48.270000,44.349758,11436000
2017-12-07,48.395000,48.485001,48.165001,48.395000,44.464630,7902800
2017-12-08,48.529999,48.720001,48.410000,48.625000,44.675949,11586800
2017-12-11,48.665001,48.744999,48.564999,48.730000,44.772408,6692800
2017-12-12,48.865002,48.904999,48.735001,48.750000,44.790787,5518000
2017-12-13,48.849998,48.904999,48.720001,48.790001,44.827557,6905800
2017-12-14,48.845001,49.084999,48.805000,48.939999,44.965366,8494600
2017-12-15,49.000000,49.115002,48.869999,48.985001,45.159885,13464200
2017-12-18,49.294998,49.505001,49.235001,49.424999,45.565536,12016600
2017-12-19,49.480000,49.540001,49.275002,49.360001,45.505604,11969400
2017-12-20,49.529999,49.564999,49.244999,49.264999,45.418026,4929000
2017-12-21,49.330002,49.695000,49.290001,49.584999,45.713028,4719800
2017-12-22,49.520000,49.520000,49.395000,49.490002,45.625465,6443800
2017-12-26,49.430000,49.654999,49.430000,49.599998,45.726860,2996000
2017-12-27,49.689999,49.695000,49.455002,49.500000,45.634674,3733800
2017-12-28,49.674999,49.674999,49.529999,49.634998,45.759109,8391600
2017-12-29,49.650002,49.715000,49.310001,49.345001,45.491768,5261200
2018-01-02,49.555000,50.095001,49.555000,50.095001,46.183208,9791200
2018-01-03,50.145000,50.365002,50.134998,50.325001,46.395248,10638000
2018-01-04,50.520000,50.555000,50.230000,50.490002,46.547356,6914800
2018-01-05,50.715000,50.915001,50.599998,50.889999,46.916115,8588800
2018-01-08,50.915001,51.035000,50.849998,50.950001,46.971455,5340000
2018-01-09,51.099998,51.169998,50.880001,51.049999,47.063644,6321800
2018-01-10,50.865002,51.084999,50.744999,51.014999,47.031372,5677800
2018-01-11,51.139999,51.849998,51.090000,51.845001,47.796555,7245400
2018-01-12,51.945000,52.535000,51.880001,52.514999,48.414242,8075600
2018-01-16,52.779999,53.009998,52.005001,52.139999,48.068520,18503200
2018-01-17,52.384998,52.494999,52.060001,52.389999,48.298992,13312200
2018-01-18,52.369999,52.459999,52.209999,52.345001,48.257519,6584600
2018-01-19,52.595001,52.805000,52.435001,52.799999,48.676979,7520800
2018-01-22,52.794998,53.384998,52.750000,53.384998,49.216297,15504600
2018-01-23,53.669998,53.900002,53.564999,53.834999,49.631165,8309800
2018-01-24,54.075001,54.380001,53.580002,54.064999,49.843193,12927600
2018-01-25,54.294998,54.334999,53.735001,53.970001,49.755615,10141600
2018-01-26,54.090000,54.500000,53.955002,54.500000,50.244240,7832600
2018-01-29,54.445000,54.669998,54.230000,54.349998,50.105953,12710400
2018-01-30,53.945000,54.290001,53.770000,54.080002,49.857033,10568200
2018-01-31,54.330002,54.520000,53.790001,53.904999,49.695694,18902200
2018-02-01,53.570000,53.985001,53.259998,53.305000,49.142540,18706800
2018-02-02,53.535000,53.994999,52.680000,52.794998,48.672371,21381400
2018-02-05,52.355000,53.115002,50.549999,51.014999,47.031372,46093000
2018-02-06,50.000000,52.424999,49.869999,52.320000,48.234459,44665000
2018-02-07,52.360001,53.095001,52.145000,52.160000,48.086952,26274000
2018-02-08,52.230000,52.365002,50.040001,50.080002,46.169388,31484000
2018-02-09,50.570000,50.834999,48.549999,50.415001,46.478230,42795200
2018-02-12,50.895000,51.384998,50.375000,51.099998,47.109722,25119000
2018-02-13,50.895000,51.485001,50.810001,51.365002,47.354038,10301600
2018-02-14,51.119999,52.285000,51.080002,52.185001,48.110008,13462600
2018-02-15,52.500000,52.650002,51.935001,52.650002,48.538708,11181600
2018-02-16,52.485001,52.814999,52.279999,52.395000,48.303612,9497200
2018-02-20,52.255001,52.799999,52.029999,52.235001,48.156105,11751400
2018-02-21,52.470001,53.005001,52.160000,52.160000,48.086952,9906200
2018-02-22,52.415001,52.625000,52.070000,52.224998,48.146889,8887600
2018-02-23,52.525002,52.955002,52.279999,52.955002,48.819893,5986000
2018-02-26,53.154999,53.400002,53.025002,53.400002,49.230133,7796800
2018-02-27,53.450001,53.450001,52.259998,52.270000,48.188366,12569200
2018-02-28,52.549999,52.770000,52.025002,52.035000,47.971722,12098800
2018-03-01,52.090000,52.340000,50.959999,51.474998,47.455437,19060600
2018-03-02,50.904999,51.615002,50.645000,51.525002,47.501549,14530800
2018-03-05,51.334999,52.250000,51.209999,52.139999,48.068520,9988000
2018-03-06,52.380001,52.525002,52.035000,52.500000,48.400406,15151800
2018-03-07,51.980000,52.270000,51.720001,52.145000,48.073135,10527400
2018-03-08,52.345001,52.400002,52.150002,52.310001,48.225239,8073000
2018-03-09,52.665001,53.134998,52.520000,53.119999,48.971996,7249400
2018-03-12,53.294998,53.514999,53.169998,53.294998,49.133316,8513200
2018-03-13,53.590000,53.700001,52.834999,52.919998,48.787621,11325800
2018-03-14,53.195000,53.264999,52.720001,52.855000,48.727680,10245400
2018-03-15,52.959999,53.075001,52.709999,52.799999,48.676979,7679600
2018-03-16,52.660000,52.935001,52.584999,52.590000,48.626106,6693600
2018-03-19,52.395000,52.415001,51.555000,51.935001,48.020496,11454800
2018-03-20,52.029999,52.320000,52.005001,52.244999,48.307133,7413400
2018-03-21,52.310001,52.599998,52.044998,52.205002,48.270138,10539400
2018-03-22,51.799999,51.930000,51.070000,51.095001,47.243813,13813600
2018-03-23,51.240002,51.375000,50.075001,50.090000,46.314568,17889200
2018-03-26,50.900002,51.619999,50.404999,51.570000,47.683006,14560600
2018-03-27,51.779999,51.889999,50.235001,50.560001,46.749138,12512600
2018-03-28,50.270000,50.605000,49.590000,49.945000,46.180489,25948800
2018-03-29,50.000000,50.895000,49.639999,50.645000,46.827732,15285000
2018-04-02,50.340000,50.410000,48.740002,49.215000,45.505512,23776600
2018-04-03,49.505001,50.110001,49.130001,49.840000,46.083405,14615800
2018-04-04,49.084999,50.855000,49.035000,50.755001,46.929436,14885600
2018-04-05,51.185001,51.599998,50.900002,51.435001,47.558186,8463000
2018-04-06,50.939999,51.395000,50.014999,50.340000,46.545723,17529800
2018-04-09,50.695000,50.990002,50.169998,50.220001,46.434757,8520200
2018-04-10,50.865002,50.965000,50.375000,50.830002,46.998787,12824400
2018-04-11,50.619999,51.134998,50.500000,50.674999,46.855465,9580200
2018-04-12,50.985001,51.189999,50.715000,50.895000,47.058872,6114800
2018-04-13,51.165001,51.255001,50.424999,50.610001,46.795372,8868400
2018-04-16,50.924999,51.185001,50.695000,50.990002,47.146717,8481000
2018-04-17,51.485001,52.040001,51.485001,51.939999,48.025120,8151000
2018-04-18,52.119999,52.435001,52.075001,52.185001,48.251652,6596600
2018-04-19,52.195000,52.314999,51.770000,52.020000,48.099087,16129000
2018-04-20,52.064999,52.134998,51.279999,51.490002,47.609039,12510200
2018-04-23,51.580002,51.935001,51.290001,51.599998,47.710739,14082000
2018-04-24,51.889999,51.994999,50.514999,50.785000,46.957172,13404000
2018-04-25,50.689999,51.119999,50.259998,50.994999,47.151340,18794600
2018-04-26,51.299999,51.919998,51.195000,51.820000,47.914165,12969400
2018-04-27,52.505001,52.625000,51.930000,52.055000,48.131454,8851200
2018-04-30,52.294998,52.564999,51.845001,51.849998,47.941895,10006200
2018-05-01,51.680000,51.945000,51.275002,51.919998,48.006622,11210800
2018-05-02,51.775002,52.040001,51.509998,51.564999,47.678383,9553400
2018-05-03,51.345001,51.470001,50.680000,51.334999,47.465717,14015400
2018-05-04,51.099998,52.134998,51.035000,52.009998,48.089844,7979200
2018-05-07,52.279999,52.334999,51.994999,52.185001,48.251652,6900000
2018-05-08,52.049999,52.169998,51.685001,51.965000,48.048233,12194800
2018-05-09,52.044998,52.180000,51.720001,52.145000,48.214664,8049600
2018-05-10,52.134998,52.384998,52.064999,52.334999,48.390350,5861600
2018-05-11,52.340000,52.509998,52.270000,52.445000,48.492046,8848200
2018-05-14,52.525002,52.715000,52.470001,52.544998,48.584518,6649800
2018-05-15,52.264999,52.334999,51.994999,52.240002,48.302513,9116000
2018-05-16,52.305000,52.785000,52.305000,52.674999,48.704716,6478400
2018-05-17,52.560001,52.875000,52.369999,52.500000,48.542912,12729000
2018-05-18,52.419998,52.584999,52.320000,52.435001,48.482800,8217800
2018-05-21,52.685001,52.860001,52.549999,52.724998,48.750942,17494600
2018-05-22,52.915001,53.035000,52.455002,52.490002,48.533672,5990200
2018-05-23,52.299999,52.875000,52.235001,52.869999,48.885017,9254400
2018-05-24,52.814999,53.075001,52.555000,52.985001,48.991352,10967000
2018-05-25,52.959999,53.270000,52.904999,53.064999,49.065327,7681800
2018-05-29,52.805000,53.035000,52.450001,52.654999,48.686226,11808200
2018-05-30,52.900002,53.200001,52.779999,53.134998,49.130039,9843200
2018-05-31,53.154999,53.169998,52.700001,52.880001,48.894272,12867000
2018-06-01,53.110001,53.325001,53.055000,53.270000,49.254871,10437400
2018-06-04,53.430000,53.884998,53.404999,53.865002,49.805023,9414800
2018-06-05,53.895000,54.230000,53.790001,54.180000,50.096283,9162000
2018-06-06,54.334999,54.724998,54.084999,54.685001,50.563221,10920800
2018-06-07,54.820000,55.040001,54.665001,54.845001,50.711159,10699800
2018-06-08,54.650002,55.139999,54.599998,54.959999,50.817501,7687000
2018-06-11,54.965000,55.299999,54.965000,55.180000,51.020905,6369200
2018-06-12,55.279999,55.544998,55.244999,55.445000,51.265934,6976400
2018-06-13,55.490002,55.820000,55.430000,55.529999,51.344532,10105000
2018-06-14,55.709999,56.119999,55.685001,56.110001,51.880802,8383200
2018-06-15,55.709999,56.105000,55.674999,56.055000,51.966103,18213400
2018-06-18,55.685001,56.075001,55.580002,55.959999,51.878033,8047400
2018-06-19,55.465000,55.895000,55.369999,55.889999,51.813137,12339200
2018-06-20,56.180000,56.299999,55.955002,56.154999,52.058804,7886000
2018-06-21,56.235001,56.310001,55.660000,55.755001,51.687984,13700800
2018-06-22,56.000000,56.080002,55.619999,55.660000,51.599918,11135800
2018-06-25,55.430000,55.430000,54.134998,54.450001,50.478168,24133600
2018-06-26,54.654999,55.014999,54.500000,54.840000,50.839725,9260000
2018-06-27,55.060001,55.259998,54.119999,54.130001,50.181519,13700800
2018-06-28,54.185001,54.680000,53.900002,54.555000,50.575516,11947800
2018-06-29,54.950001,55.174999,54.639999,54.650002,50.663593,11481400
2018-07-02,54.255001,54.740002,54.110001,54.724998,50.733105,13797400
2018-07-03,54.980000,54.980000,54.360001,54.450001,50.478168,5818600
2018-07-05,54.764999,54.814999,54.279999,54.720001,50.728485,7576600
2018-07-06,54.740002,55.230000,54.610001,55.150002,51.127117,10370000
2018-07-09,55.494999,55.820000,55.375000,55.810001,51.738968,7461400
2018-07-10,55.919998,55.985001,55.669998,55.930000,51.850231,6359200
2018-07-11,55.580002,55.919998,55.535000,55.799999,51.729702,8864400
2018-07-12,56.009998,56.215000,55.764999,56.169998,52.072712,5828400
2018-07-13,56.205002,56.384998,56.115002,56.294998,52.188595,11044000
2018-07-16,56.435001,56.525002,56.220001,56.435001,52.318378,6192600
2018-07-17,55.849998,56.615002,55.735001,56.490002,52.369373,8143800
2018-07-18,56.455002,56.654999,56.275002,56.455002,52.336918,12812200
2018-07-19,56.330002,56.650002,56.285000,56.325001,52.216408,7219400
2018-07-20,56.330002,56.415001,56.055000,56.075001,51.984642,6661000
2018-07-23,56.064999,56.125000,55.709999,56.014999,51.929012,6738400
2018-07-24,56.355000,56.445000,55.720001,55.849998,51.776051,9651200
2018-07-25,55.695000,56.279999,55.529999,56.259998,52.156147,12540000
2018-07-26,56.200001,56.395000,55.845001,55.965000,51.882664,11604000
2018-07-27,56.705002,56.785000,55.570000,55.820000,51.748245,13097600
2018-07-30,55.825001,55.915001,55.220001,55.375000,51.335701,13132400
2018-07-31,55.535000,55.865002,55.240002,55.634998,51.576729,12309400
2018-08-01,55.689999,55.740002,55.119999,55.360001,51.321808,10437200
2018-08-02,55.099998,55.779999,55.014999,55.740002,51.674080,8723000
2018-08-03,55.849998,56.005001,55.744999,55.930000,51.850231,6571800
2018-08-06,55.965000,56.365002,55.805000,56.305000,52.197865,7250600
2018-08-07,55.965000,56.650002,55.965000,56.564999,52.438904,6441000
2018-08-08,56.540001,56.715000,56.430000,56.625000,52.494530,5458000
2018-08-09,56.605000,57.035000,56.500000,56.834999,52.689213,11075000
2018-08-10,56.520000,56.625000,56.215000,56.360001,52.248856,9892400
2018-08-13,56.520000,56.570000,56.060001,56.075001,51.984642,11969400
2018-08-14,56.404999,56.700001,56.215000,56.619999,52.489880,8380600
2018-08-15,56.325001,56.325001,55.599998,55.930000,51.850231,12503600
2018-08-16,56.305000,56.480000,56.145000,56.205002,52.105175,7680200
2018-08-17,56.145000,56.355000,55.875000,56.255001,52.151516,6022400
2018-08-20,56.445000,56.685001,56.290001,56.654999,52.522343,13138600
2018-08-21,56.820000,57.294998,56.794998,57.105000,52.939514,8342600
2018-08-22,57.110001,57.445000,57.099998,57.165001,52.995140,5514800
2018-08-23,57.209999,57.419998,57.005001,57.110001,52.944149,7989000
2018-08-24,57.220001,57.514999,57.130001,57.445000,53.254704,10518600
2018-08-27,57.730000,57.904999,57.674999,57.814999,53.597713,6032000
2018-08-28,57.965000,58.005001,57.724998,57.930000,53.704338,7619400
2018-08-29,58.084999,58.619999,57.970001,58.580002,54.306919,16623600
2018-08-30,58.485001,58.580002,58.044998,58.244999,53.996342,8843600
2018-08-31,58.205002,58.590000,58.205002,58.474998,54.209568,8208600
2018-09-04,58.415001,58.720001,58.180000,58.584999,54.311558,8907000
2018-09-05,58.540001,58.549999,57.915001,57.955002,53.727509,14229800
2018-09-06,58.110001,58.290001,57.540001,57.794998,53.579174,11185000
2018-09-07,57.525002,58.150002,57.400002,57.790001,53.574547,8921600
2018-09-10,58.185001,58.224998,57.849998,58.005001,53.773849,8109800
2018-09-11,57.880001,58.509998,57.779999,58.470001,54.204941,9776000
2018-09-12,58.480000,58.615002,58.090000,58.580002,54.306919,9145600
2018-09-13,58.799999,58.869999,58.555000,58.680000,54.399616,9428800
2018-09-14,58.680000,58.790001,58.220001,58.459999,54.195667,6206400
2018-09-17,58.375000,58.384998,57.685001,57.735001,53.523556,10358400
2018-09-18,57.779999,58.535000,57.775002,58.470001,54.204941,7336400
2018-09-19,58.544998,58.634998,58.250000,58.494999,54.228115,6347400
2018-09-20,58.764999,58.985001,58.650002,58.895000,54.598946,9669600
2018-09-21,59.000000,59.040001,58.439999,58.459999,54.357643,16075000
2018-09-24,58.264999,58.264999,57.865002,58.080002,54.004314,9682800
2018-09-25,58.220001,58.365002,58.090000,58.325001,54.232121,8213600
2018-09-26,58.310001,58.889999,58.244999,58.459999,54.357643,13460200
2018-09-27,58.470001,58.810001,58.375000,58.660000,54.543617,10619200
2018-09-28,58.549999,58.865002,58.544998,58.610001,54.497116,7007800
2018-10-01,58.955002,59.064999,58.430000,58.430000,54.329758,15697800
2018-10-02,58.439999,58.450001,57.625000,57.639999,53.595192,18354000
2018-10-03,57.924999,57.974998,57.419998,57.445000,53.413876,18323200
2018-10-04,57.334999,57.400002,56.355000,56.544998,52.577026,25919800
2018-10-05,56.575001,56.794998,55.669998,56.119999,52.181854,14858600
2018-10-08,55.910000,56.485001,55.634998,56.264999,52.316685,14513000
2018-10-09,56.195000,56.825001,56.055000,56.099998,52.163258,11788200
2018-10-10,56.075001,56.075001,54.130001,54.209999,50.405880,27433200
2018-10-11,53.865002,54.615002,52.785000,53.255001,49.517906,57205800
2018-10-12,54.474998,54.610001,53.570000,54.240002,50.433792,30356400
2018-10-15,54.230000,54.570000,53.860001,54.115002,50.317562,15614600
2018-10-16,54.455002,55.314999,54.169998,55.200001,51.326412,14863200
2018-10-17,55.200001,55.200001,54.195000,54.744999,50.903347,20077400
2018-10-18,54.630001,54.685001,53.529999,53.695000,49.927025,24972600
2018-10-19,53.790001,53.994999,52.990002,53.169998,49.438866,17171800
2018-10-22,53.419998,53.660000,53.095001,53.384998,49.638775,13837600
2018-10-23,52.564999,53.595001,52.244999,53.395000,49.648094,21024000
2018-10-24,53.380001,53.685001,51.720001,51.799999,48.164997,23591000
2018-10-25,52.314999,53.654999,52.200001,53.365002,49.620174,20865600
2018-10-26,52.020000,52.500000,51.154999,51.705002,48.076679,36563600
2018-10-29,52.250000,52.764999,50.494999,51.250000,47.653595,28612600
2018-10-30,51.105000,52.075001,50.945000,52.020000,48.369572,28886600
2018-10-31,52.740002,53.240002,52.560001,52.689999,48.992558,18208600
2018-11-01,52.900002,53.825001,52.650002,53.764999,49.992107,13811600
2018-11-02,54.250000,54.645000,53.415001,53.985001,50.196674,15825200
2018-11-05,54.025002,54.160000,53.455002,54.060001,50.266411,9395600
2018-11-06,53.985001,54.424999,53.930000,54.299999,50.489574,9558800
2018-11-07,54.849998,55.794998,54.619999,55.770000,51.856411,12817600
2018-11-08,55.540001,56.075001,55.380001,55.785000,51.870361,8754000
2018-11-09,55.549999,55.630001,54.744999,55.009998,51.149738,10515800
2018-11-12,54.889999,55.060001,53.794998,53.904999,50.122295,12046800
2018-11-13,53.990002,54.410000,53.650002,53.880001,50.099049,15826000
2018-11-14,54.395000,54.735001,53.325001,53.474998,49.722473,16583000
2018-11-15,53.029999,53.525002,52.095001,53.395000,49.648094,21697000
2018-11-16,52.884998,53.334999,52.610001,53.185001,49.452816,11461800
2018-11-19,53.060001,53.215000,51.735001,51.884998,48.244038,13359400
2018-11-20,50.279999,51.900002,50.154999,50.709999,47.151485,23986000
2018-11-21,51.205002,51.669998,51.110001,51.240002,47.644299,17474600
2018-11-23,50.970001,51.325001,50.970001,51.009998,47.430431,5456000
2018-11-26,51.654999,52.240002,51.570000,52.154999,48.495090,11708000
2018-11-27,51.970001,52.365002,51.814999,52.310001,48.639225,12052400
2018-11-28,52.605000,53.865002,52.334999,53.855000,50.075794,12683000
2018-11-29,53.790001,53.939999,53.290001,53.605000,49.843342,9949800
2018-11-30,53.584999,54.049999,53.439999,53.994999,50.205986,11343000
2018-12-03,55.105000,55.299999,54.650002,55.005001,51.145111,11989000
2018-12-04,54.840000,55.025002,52.884998,53.025002,49.304050,19417400
2018-12-06,52.064999,53.279999,51.759998,53.279999,49.541142,22323800
2018-12-07,53.040001,53.584999,51.555000,51.685001,48.058079,18691400
2018-12-10,51.630001,51.985001,50.674999,51.724998,48.095268,19796400
2018-12-11,52.494999,52.634998,51.369999,51.744999,48.113869,15930000
2018-12-12,52.299999,52.915001,52.195000,52.290001,48.620628,14373400
2018-12-13,52.500000,52.639999,51.755001,52.029999,48.378868,12216600
2018-12-14,51.490002,52.055000,51.000000,51.165001,47.574577,12277200
2018-12-17,50.799999,51.025002,49.494999,49.865002,46.365803,23857400
2018-12-18,50.165001,50.764999,49.900002,50.255001,46.728424,17377800
2018-12-19,50.275002,51.165001,48.985001,49.259998,45.803249,28061600
2018-12-20,48.965000,49.195000,47.514999,48.154999,44.775795,35375200
2018-12-21,48.169998,48.889999,46.770000,46.880001,43.761108,26736200
2018-12-24,46.450001,47.075001,45.865002,45.990002,42.930325,16878000
2018-12-26,46.384998,48.730000,46.294998,48.715000,45.474022,23489800
2018-12-27,48.060001,48.974998,47.029999,48.974998,45.716728,21520000
2018-12-28,49.200001,49.740002,48.549999,48.980000,45.721386,16656400
2018-12-31,49.389999,49.705002,49.025002,49.505001,46.211468,12430600
2019-01-02,48.660000,50.160000,48.395000,49.880001,46.561508,13681600
2019-01-03,49.500000,49.619999,48.715000,48.799999,45.553375,12692000
2019-01-04,49.459999,50.785000,49.360001,50.415001,47.060932,14538200
2019-01-07,50.654999,51.884998,50.630001,51.555000,48.125080,12526200
2019-01-08,52.090000,52.404999,51.384998,52.125000,48.657158,18782000
2019-01-09,52.250000,52.619999,51.924999,52.389999,48.904530,10325200
2019-01-10,51.740002,52.305000,51.529999,52.240002,48.764515,9520000
2019-01-11,52.070000,52.459999,51.974998,52.290001,48.811180,6065200
2019-01-14,51.875000,52.355000,51.619999,51.970001,48.512470,5896200
2019-01-15,51.980000,52.540001,51.900002,52.439999,48.951199,7533600
2019-01-16,52.459999,52.744999,52.290001,52.320000,48.839184,8987800
2019-01-17,52.055000,52.830002,51.970001,52.674999,49.170574,8792000
2019-01-18,53.200001,53.630001,53.020000,53.404999,49.851997,11596200
2019-01-22,53.165001,53.290001,52.169998,52.605000,49.105225,18487400
2019-01-23,52.834999,53.025002,52.110001,52.709999,49.203236,12208600
2019-01-24,52.744999,52.985001,52.599998,52.930000,49.408607,7930400
2019-01-25,53.470001,53.709999,53.384998,53.514999,49.954685,8785600
2019-01-28,52.990002,53.209999,52.685001,53.205002,49.665306,11802000
2019-01-29,53.060001,53.154999,52.535000,52.860001,49.343258,5764600
2019-01-30,53.279999,54.055000,53.240002,53.900002,50.314072,11800400
2019-01-31,53.980000,54.575001,53.735001,54.389999,50.771465,11198000
2019-02-01,53.924999,54.125000,53.480000,53.595001,50.029358,11272800
2019-02-04,53.520000,53.970001,53.445000,53.945000,50.356079,7209600
2019-02-05,54.110001,54.540001,54.110001,54.450001,50.827477,8324600
2019-02-06,54.465000,54.605000,54.009998,54.224998,50.617447,5831800
2019-02-07,53.840000,53.970001,53.334999,53.779999,50.202053,9042400
2019-02-08,53.445000,53.570000,53.180000,53.564999,50.001358,6646600
2019-02-11,53.744999,53.875000,53.580002,53.660000,50.090042,6115800
2019-02-12,54.005001,54.544998,53.910000,54.485001,50.860149,7753400
2019-02-13,54.709999,54.974998,54.580002,54.855000,51.205540,6961200
2019-02-14,54.419998,54.950001,54.154999,54.654999,51.018841,8334600
2019-02-15,54.994999,55.145000,54.845001,55.029999,51.368889,7221000
2019-02-19,54.860001,55.419998,54.860001,55.255001,51.578918,9838800
2019-02-20,55.290001,55.494999,54.805000,55.365002,51.681602,13203400
2019-02-21,55.235001,55.419998,55.044998,55.255001,51.578918,5986800
2019-02-22,55.389999,55.580002,55.305000,55.555000,51.858963,14216600
2019-02-25,55.884998,55.955002,55.340000,55.369999,51.686272,7982800
2019-02-26,55.150002,55.525002,55.110001,55.445000,51.756283,14350400
2019-02-27,55.384998,55.564999,55.035000,55.404999,51.718945,6204400
2019-02-28,55.205002,55.259998,54.855000,55.105000,51.438908,8106800
2019-03-01,55.555000,55.775002,55.185001,55.549999,51.854290,9712000
2019-03-04,55.790001,55.884998,54.970001,55.375000,51.690937,11317600
2019-03-05,55.570000,55.750000,55.430000,55.514999,51.821621,10298600
2019-03-06,55.570000,55.805000,55.230000,55.255001,51.578918,7539200
2019-03-07,55.134998,55.205002,54.410000,54.584999,50.953503,14152600
2019-03-08,54.235001,54.235001,53.830002,54.205002,50.598770,11613600
2019-03-11,54.389999,55.000000,54.369999,54.950001,51.294212,9124400
2019-03-12,55.035000,55.185001,54.810001,55.105000,51.438908,17268000
2019-03-13,55.264999,55.625000,55.200001,55.299999,51.620930,9703800
2019-03-14,55.224998,55.255001,55.009998,55.134998,51.466911,9803400
2019-03-15,55.220001,55.345001,54.915001,55.299999,51.797081,10856000
2019-03-18,55.325001,55.880001,55.325001,55.834999,52.298183,10971000
2019-03-19,56.029999,56.584999,55.889999,56.115002,52.560444,14033400
2019-03-20,56.084999,56.470001,55.660000,56.195000,52.635372,19898800
2019-03-21,56.119999,57.009998,56.119999,56.965000,53.356606,11463000
2019-03-22,56.610001,56.820000,55.820000,55.834999,52.298183,17517800
2019-03-25,55.715000,56.419998,55.660000,56.165001,52.607292,14923200
2019-03-26,56.490002,56.785000,56.105000,56.404999,52.832073,10881400
2019-03-27,56.450001,56.709999,55.955002,56.290001,52.724369,8855400
2019-03-28,56.494999,56.865002,56.334999,56.630001,53.042831,13856600
2019-03-29,56.915001,57.029999,56.775002,56.924999,53.319141,9199800
2019-04-01,57.384998,57.570000,57.205002,57.549999,53.904560,9955400
2019-04-02,57.540001,57.590000,57.349998,57.540001,53.895199,7263600
2019-04-03,57.875000,58.160000,57.700001,57.945000,54.274536,8422600
2019-04-04,57.990002,58.424999,57.990002,58.415001,54.714756,6147800
2019-04-05,58.560001,58.810001,58.410000,58.759998,55.037910,5893400
2019-04-08,58.645000,58.990002,58.575001,58.970001,55.234612,6462800
2019-04-09,58.770000,58.770000,58.340000,58.439999,54.738174,8912800
2019-04-10,58.580002,58.720001,58.305000,58.720001,55.000439,6813600
2019-04-11,58.785000,58.820000,58.634998,58.794998,55.070686,4330800
2019-04-12,59.000000,59.264999,58.895000,59.160000,55.412575,9077600
2019-04-15,59.185001,59.310001,58.919998,59.279999,55.524963,4865400
2019-04-16,59.459999,59.625000,59.415001,59.540001,55.768490,6029000
2019-04-17,59.709999,59.880001,59.615002,59.654999,55.876202,5562200
2019-04-18,59.779999,59.794998,59.455002,59.634998,55.857475,6142600
2019-04-22,59.424999,59.610001,59.220001,59.410000,55.646736,5529600
2019-04-23,59.595001,60.240002,59.549999,60.119999,56.311756,8199400
2019-04-24,60.134998,60.450001,60.134998,60.174999,56.363281,4362800
2019-04-25,60.125000,60.154999,59.610001,59.860001,56.068230,5640200
2019-04-26,60.090000,60.334999,59.709999,60.334999,56.513149,8473800
2019-04-29,60.360001,60.365002,60.025002,60.125000,56.316441,7400000
2019-04-30,60.064999,60.084999,59.575001,60.035000,56.232147,8679600
2019-05-01,60.134998,60.139999,59.305000,59.305000,55.548382,9123000
2019-05-02,59.334999,59.590000,58.924999,59.349998,55.590538,20816600
2019-05-03,59.910000,60.165001,59.730000,60.049999,56.246189,7005800
2019-05-06,59.009998,59.785000,58.974998,59.685001,55.904316,7628000
2019-05-07,59.320000,59.445000,58.349998,58.779999,55.056644,13157000
2019-05-08,58.685001,59.150002,58.505001,58.799999,55.075378,14305400
2019-05-09,58.345001,58.759998,57.889999,58.560001,54.850571,12766000
2019-05-10,58.415001,58.900002,57.555000,58.645000,54.930199,13641600
2019-05-13,57.459999,57.590000,56.715000,56.900002,53.295734,15284200
2019-05-14,57.165001,57.755001,56.889999,57.474998,53.834301,9191800
2019-05-15,57.119999,57.980000,57.009998,57.865002,54.199596,8313600
2019-05-16,58.105000,58.744999,58.005001,58.400002,54.700718,7231800
2019-05-17,57.904999,58.689999,57.904999,57.955002,54.283897,7349000
2019-05-20,57.744999,57.744999,57.360001,57.544998,53.899872,7076800
2019-05-21,57.715000,58.095001,57.514999,57.945000,54.274536,7320600
2019-05-22,57.485001,57.935001,57.290001,57.349998,53.717220,7890800
2019-05-23,56.895000,56.930000,56.365002,56.639999,53.052189,9913000
2019-05-24,56.950001,57.044998,56.480000,56.715000,53.122448,5265000
2019-05-28,56.875000,57.195000,56.305000,56.340000,52.771194,8236000
2019-05-29,56.029999,56.080002,55.474998,55.840000,52.302872,9537400
2019-05-30,56.025002,56.395000,56.014999,56.205002,52.644745,7795200
2019-05-31,55.509998,55.740002,55.310001,55.470001,51.956318,8504400
2019-06-03,55.334999,55.529999,54.715000,55.005001,51.520763,16131200
2019-06-04,55.500000,56.514999,55.020000,56.494999,52.916378,11479000
2019-06-05,56.820000,56.889999,56.215000,56.775002,53.178650,10517200
2019-06-06,56.775002,57.205002,56.540001,57.064999,53.450272,7319600
2019-06-07,57.314999,58.064999,57.224998,57.889999,54.223011,8089800
2019-06-10,58.259998,58.900002,58.220001,58.380001,54.681973,7459800
2019-06-11,58.845001,59.110001,58.360001,58.605000,54.892723,10059000
2019-06-12,58.584999,58.814999,58.459999,58.590000,54.878681,5585800
2019-06-13,58.805000,59.200001,58.770000,59.115002,55.370419,7692400
2019-06-14,59.105000,59.365002,58.985001,59.244999,55.492180,5094400
2019-06-17,59.355000,59.470001,59.200001,59.270000,55.515606,5364800
2019-06-18,59.689999,60.110001,59.529999,59.720001,55.937096,8797600
2019-06-19,59.779999,59.945000,59.375000,59.830002,56.040131,6130600
2019-06-20,60.320000,60.395000,59.775002,60.244999,56.428833,8377200
2019-06-21,59.970001,60.130001,59.755001,59.759998,56.167557,10442400
2019-06-24,59.785000,59.860001,59.419998,59.439999,55.866787,5780400
2019-06-25,59.560001,59.645000,58.779999,58.869999,55.331059,6394200
2019-06-26,59.084999,59.294998,58.994999,59.060001,55.509632,4876200
2019-06-27,59.264999,59.494999,59.165001,59.430000,55.857388,3909000
2019-06-28,59.520000,59.724998,59.500000,59.599998,56.017166,13327400
2019-07-01,60.355000,60.630001,59.869999,60.125000,56.510609,8289400
2019-07-02,60.049999,60.285000,59.814999,60.255001,56.632801,18017000
2019-07-03,60.435001,60.779999,60.320000,60.779999,57.126221,3619200
2019-07-05,60.490002,60.904999,60.325001,60.849998,57.192028,6755000
2019-07-08,60.660000,60.974998,60.599998,60.924999,57.262531,10149200
2019-07-09,60.689999,61.070000,60.625000,60.990002,57.323612,3866600
2019-07-10,61.255001,61.299999,60.884998,61.209999,57.530388,4770000
2019-07-11,61.415001,61.529999,61.200001,61.334999,57.647865,3952400
2019-07-12,61.505001,62.055000,61.505001,62.040001,58.310490,4975200
2019-07-15,62.174999,62.270000,61.924999,62.240002,58.498466,3993200
2019-07-16,62.150002,62.299999,61.965000,62.160000,58.423275,4103400
2019-07-17,62.084999,62.174999,61.564999,61.564999,57.864040,4599200
2019-07-18,61.439999,61.605000,61.075001,61.485001,57.788857,4634400
2019-07-19,61.674999,61.759998,61.044998,61.080002,57.408199,4128200
2019-07-22,61.185001,61.285000,60.880001,61.115002,57.441097,4034000
2019-07-23,61.470001,61.529999,61.020000,61.529999,57.831146,4858200
2019-07-24,61.270000,61.845001,61.259998,61.840000,58.122517,4233400
2019-07-25,61.639999,61.820000,61.395000,61.494999,57.798260,4799000
2019-07-26,61.584999,61.825001,61.380001,61.775002,58.061424,4280400
2019-07-29,61.619999,61.724998,61.255001,61.474998,57.779457,4410800
2019-07-30,61.055000,61.240002,60.959999,61.060001,57.389404,4329000
2019-07-31,61.040001,61.070000,59.805000,60.360001,56.731491,8603400
2019-08-01,60.474998,61.070000,59.325001,59.540001,55.960785,13263600
2019-08-02,59.334999,59.419998,58.820000,59.049999,55.500244,11100400
2019-08-05,58.049999,58.055000,57.044998,57.465000,54.010513,13781600
2019-08-06,57.860001,58.415001,57.535000,58.340000,54.832912,8895600
2019-08-07,57.730000,58.650002,57.424999,58.575001,55.053795,11689800
2019-08-08,58.955002,59.715000,58.900002,59.705002,56.115856,9338400
2019-08-09,59.525002,59.660000,58.810001,59.145000,55.589523,7952800
2019-08-12,58.740002,58.775002,58.040001,58.285000,54.781223,6402600
2019-08-13,58.200001,59.750000,58.005001,59.244999,55.683506,9262600
2019-08-14,58.230000,58.325001,57.360001,57.389999,53.940022,12812400
2019-08-15,57.740002,57.825001,56.814999,57.294998,53.850739,10104000
2019-08-16,57.709999,58.060001,57.540001,57.945000,54.461662,7960600
2019-08-19,58.740002,58.889999,58.494999,58.674999,55.147778,6224400
2019-08-20,58.665001,59.060001,58.560001,58.689999,55.161884,6534200
2019-08-21,59.669998,59.820000,59.529999,59.820000,56.223953,9338000
2019-08-22,59.970001,60.130001,59.424999,59.834999,56.238052,5904200
2019-08-23,59.375000,59.674999,58.000000,58.244999,54.743626,15269800
2019-08-26,58.685001,58.825001,58.264999,58.820000,55.284054,6904800
2019-08-27,59.049999,59.134998,58.445000,58.529999,55.011490,6696200
2019-08-28,58.450001,59.305000,58.299999,59.259998,55.697613,7782400
2019-08-29,59.939999,60.270000,59.755001,60.150002,56.534111,5874600
2019-08-30,60.279999,60.404999,59.660000,59.790001,56.195747,6814800
2019-09-03,59.505001,59.915001,59.290001,59.544998,55.965466,8645000
2019-09-04,59.849998,60.189999,59.590000,60.134998,56.520008,8345000
2019-09-05,60.700001,61.345001,60.700001,61.285000,57.600872,7343200
2019-09-06,61.360001,61.590000,61.230000,61.435001,57.741856,6986800
2019-09-09,61.645000,61.830002,61.439999,61.669998,57.962730,6518600
2019-09-10,61.395000,61.474998,60.810001,61.424999,57.732468,7301200
2019-09-11,61.410000,61.665001,61.139999,61.540001,57.840542,6817800
2019-09-12,61.834999,62.195000,61.685001,61.834999,58.117813,6686400
2019-09-13,61.990002,62.075001,61.660000,61.709999,58.000336,4029400
2019-09-16,61.305000,61.355000,60.855000,60.919998,57.257816,6802600
2019-09-17,60.814999,61.310001,60.654999,61.290001,57.605591,4488400
2019-09-18,61.189999,61.340000,60.665001,61.259998,57.577377,5939200
2019-09-19,61.389999,61.465000,61.070000,61.095001,57.422306,4519200
2019-09-20,61.009998,61.165001,60.189999,60.195000,56.764084,7540600
2019-09-23,60.035000,60.580002,59.955002,60.404999,56.962112,4475000
2019-09-24,60.715000,60.889999,59.619999,59.759998,56.353878,10708800
2019-09-25,60.000000,60.395000,59.529999,60.305000,56.867817,6508800
2019-09-26,60.299999,60.445000,59.770000,60.044998,56.622639,6040800
2019-09-27,60.240002,60.275002,59.514999,59.834999,56.424606,7114000
2019-09-30,59.959999,60.430000,59.935001,60.349998,56.910252,4988400
2019-10-01,60.490002,60.715000,59.825001,59.845001,56.434032,7271600
2019-10-02,59.500000,59.500000,58.474998,58.770000,55.420307,11009000
2019-10-03,58.695000,59.060001,57.980000,59.055000,55.689060,14463200
2019-10-04,59.195000,59.650002,59.125000,59.610001,56.212429,6374000
2019-10-07,59.445000,59.730000,59.189999,59.349998,55.967251,5521200
2019-10-08,58.900002,59.369999,58.715000,58.724998,55.377869,5886200
2019-10-09,59.139999,59.435001,58.965000,59.224998,55.849369,6094600
2019-10-10,59.279999,59.825001,59.240002,59.619999,56.221855,6548600
2019-10-11,60.235001,60.820000,60.224998,60.294998,56.858387,10630800
2019-10-14,60.230000,60.384998,60.105000,60.264999,56.830097,3151000
2019-10-15,60.459999,60.935001,60.419998,60.794998,57.329887,5111000
2019-10-16,60.810001,61.105000,60.785000,61.044998,57.565636,6145600
2019-10-17,61.369999,61.455002,61.090000,61.205002,57.716518,4612000
2019-10-18,61.049999,61.285000,60.834999,61.084999,57.603359,4069600
2019-10-21,61.395000,61.575001,61.130001,61.299999,57.806103,4506200
2019-10-22,61.235001,61.250000,60.884998,60.910000,57.438328,5203600
2019-10-23,60.840000,60.840000,60.180000,60.630001,57.174297,3773800
2019-10-24,60.740002,60.794998,60.430000,60.599998,57.146004,4405200
2019-10-25,59.860001,60.720001,59.720001,60.529999,57.079990,5472600
2019-10-28,60.685001,60.875000,60.595001,60.720001,57.259159,3823400
2019-10-29,60.730000,60.764999,60.355000,60.375000,56.933823,4341400
2019-10-30,60.340000,60.755001,60.090000,60.750000,57.287464,5615400
2019-10-31,60.744999,60.825001,60.145000,60.424999,56.980968,6074000
2019-11-01,60.735001,60.845001,60.599998,60.825001,57.358177,6429600
2019-11-04,61.005001,61.084999,60.750000,60.855000,57.386471,9531800
2019-11-05,60.910000,61.080002,60.700001,60.945000,57.471348,4309000
2019-11-06,61.014999,61.025002,60.730000,61.009998,57.532627,7188600
2019-11-07,61.145000,61.215000,60.575001,60.645000,57.188438,7665400
2019-11-08,60.750000,60.770000,60.430000,60.669998,57.212009,4146000
2019-11-11,60.400002,60.564999,60.325001,60.544998,57.094139,3725400
2019-11-12,60.590000,60.814999,60.380001,60.505001,57.056416,4389000
2019-11-13,60.349998,60.459999,60.160000,60.314999,56.877247,4692600
2019-11-14,60.360001,60.669998,60.275002,60.575001,57.122421,3960200
2019-11-15,60.865002,60.919998,60.549999,60.685001,57.226166,4240000
2019-11-18,60.700001,60.900002,60.525002,60.895000,57.424175,4687400
2019-11-19,60.680000,60.715000,60.075001,60.224998,56.792370,6033800
2019-11-20,60.389999,60.485001,59.799999,60.084999,56.660351,8562600
2019-11-21,60.134998,60.244999,59.720001,59.744999,56.339737,4877400
2019-11-22,59.980000,60.174999,59.860001,60.154999,56.726360,4476000
2019-11-25,60.430000,60.695000,60.384998,60.685001,57.226166,7334000
2019-11-26,60.665001,61.139999,60.615002,61.099998,57.617496,7252200
2019-11-27,61.290001,61.650002,61.215000,61.625000,58.112576,8426000
2019-11-29,61.665001,61.695000,61.160000,61.224998,57.735382,3510200
2019-12-02,61.270000,61.330002,60.595001,60.720001,57.259159,7083400
2019-12-03,60.180000,60.209999,59.775002,60.110001,56.683922,8946200
2019-12-04,60.345001,60.660000,60.314999,60.445000,56.999836,5658200
2019-12-05,60.669998,60.669998,60.255001,60.384998,56.943260,4704600
2019-12-06,60.830002,61.020000,60.825001,60.869999,57.400612,5031000
2019-12-09,60.825001,61.165001,60.750000,60.945000,57.471348,3577600
2019-12-10,60.965000,61.080002,60.755001,60.840000,57.372318,4360000
2019-12-11,60.794998,61.029999,60.680000,60.994999,57.518494,4099400
2019-12-12,61.105000,61.680000,61.029999,61.529999,58.022991,9226200
2019-12-13,61.525002,61.689999,61.270000,61.584999,58.074856,7124800
2019-12-16,61.904999,62.000000,61.755001,61.855000,58.329460,7293600
2019-12-17,61.959999,62.209999,61.935001,62.130001,58.588795,6819000
2019-12-18,62.299999,62.355000,62.075001,62.189999,58.645378,5278200
2019-12-19,62.145000,62.435001,62.060001,62.384998,58.829254,6493000
2019-12-20,62.415001,62.415001,62.200001,62.275002,58.919136,6673600
2019-12-23,62.410000,62.419998,62.130001,62.130001,58.781956,6328400
2019-12-24,62.215000,62.345001,62.130001,62.270000,58.914417,3296200
2019-12-26,62.455002,63.029999,62.389999,63.029999,59.633457,5035800
2019-12-27,63.235001,63.365002,62.945000,63.025002,59.628727,5917400
2019-12-30,63.080002,63.150002,62.485001,62.619999,59.245552,6677400
2019-12-31,62.514999,62.740002,62.424999,62.709999,59.330696,3567400
2020-01-02,63.105000,63.455002,62.860001,63.455002,60.035549,12591000
2020-01-03,62.650002,63.099998,62.610001,62.915001,59.524654,11192800
2020-01-06,62.455002,63.105000,62.375000,63.090000,59.690224,12823200
2020-01-07,63.049999,63.134998,62.724998,62.990002,59.595615,18301600
2020-01-08,62.935001,63.525002,62.875000,63.180000,59.775375,9451800
2020-01-09,63.514999,63.744999,63.355000,63.514999,60.092316,7643000
2020-01-10,63.595001,63.595001,63.105000,63.169998,59.765915,7407000
2020-01-13,63.299999,63.470001,63.119999,63.369999,59.955135,6449200
2020-01-14,63.270000,63.555000,63.169998,63.349998,59.936218,8681200
2020-01-15,63.174999,63.424999,63.049999,63.205002,59.799026,6523800
2020-01-16,63.570000,63.779999,63.514999,63.770000,60.333591,8699000
2020-01-17,63.939999,64.084999,63.865002,63.994999,60.546452,13473200
2020-01-21,63.669998,63.895000,63.459999,63.799999,60.361969,8003800
2020-01-22,64.035004,64.264999,63.715000,63.770000,60.333591,7930200
2020-01-23,63.445000,63.945000,63.119999,63.865002,60.423473,7991800
2020-01-24,63.990002,64.025002,62.700001,62.974998,59.581421,11381800
2020-01-27,61.615002,62.355000,61.494999,62.035000,58.692085,15754200
2020-01-28,62.334999,62.875000,62.095001,62.639999,59.264473,11815400
2020-01-29,62.845001,63.090000,62.560001,62.605000,59.231369,5860000
2020-01-30,62.115002,62.564999,61.990002,62.500000,59.132015,10461000
2020-01-31,63.779999,63.865002,62.529999,62.660000,59.283405,16844000
2020-02-03,63.009998,63.884998,63.005001,63.105000,59.704414,16019000
2020-02-04,64.029999,64.470001,63.884998,64.254997,60.792442,16697200
2020-02-05,64.680000,64.760002,64.129997,64.580002,61.099926,13354000
2020-02-06,64.724998,64.739998,64.434998,64.434998,60.962738,11039800
2020-02-07,64.144997,64.459999,63.895000,64.154999,60.697830,7267600
2020-02-10,64.105003,64.885002,64.105003,64.879997,61.383751,5867200
2020-02-11,65.144997,65.669998,64.985001,65.389999,61.866272,11015800
2020-02-12,65.714996,66.095001,65.705002,66.059998,62.500172,7810600
2020-02-13,65.800003,66.190002,65.614998,65.945000,62.391376,7106800
2020-02-14,66.070000,66.150002,65.665001,65.845001,62.296764,4959600
2020-02-18,65.750000,66.055000,65.474998,65.839996,62.292019,6740200
2020-02-19,66.074997,66.364998,66.040001,66.135002,62.571156,4636200
2020-02-20,66.080002,66.339996,65.345001,66.160004,62.594788,10832800
2020-02-21,65.870003,65.940002,64.980003,65.150002,61.639229,12322600
2020-02-24,62.939999,63.520000,62.599998,62.910000,59.519936,17507200
2020-02-25,63.459999,63.595001,61.084999,61.230000,57.930466,29219600
2020-02-26,61.595001,62.165001,60.590000,60.744999,57.471592,24720800
2020-02-27,59.500000,60.740002,58.259998,58.290001,55.148884,35433800
2020-02-28,56.400002,58.000000,56.264999,57.915001,54.794090,41232200
2020-03-02,58.090000,59.910000,57.275002,59.904999,56.676846,19022400
2020-03-03,60.080002,60.869999,57.900002,58.455002,55.304996,29548600
2020-03-04,59.369999,60.525002,58.724998,60.474998,57.216137,14684400
2020-03-05,59.029999,59.415001,57.770000,58.220001,55.082657,14599600
2020-03-06,56.445000,57.634998,56.084999,57.325001,54.235893,16655000
2020-03-09,53.040001,55.349998,51.750000,53.715000,50.820423,16829800
2020-03-10,55.605000,56.685001,53.685001,56.685001,53.630379,21939200
2020-03-11,55.134998,55.410000,53.070000,53.584999,50.697422,15254600
2020-03-12,49.535000,51.334999,47.625000,48.169998,45.574230,19961600
2020-03-13,50.799999,51.185001,47.985001,51.150002,48.393650,16073800
2020-03-16,45.525002,47.924999,44.320000,44.669998,42.262836,16817800
2020-03-17,45.669998,47.365002,43.125000,46.389999,43.890141,27134000
2020-03-18,43.410000,44.560001,40.869999,43.724998,41.368763,27657600
2020-03-19,43.540001,46.529999,42.095001,45.250000,42.811573,14884200
2020-03-20,45.779999,47.235001,43.830002,43.904999,41.539062,25783200
2020-03-23,43.430000,44.654999,42.330002,43.764999,41.607513,15308400
2020-03-24,46.169998,47.950001,45.974998,47.869999,45.510151,20747400
2020-03-25,48.720001,50.535000,47.514999,48.709999,46.308743,19997800
2020-03-26,49.240002,51.049999,49.005001,50.724998,48.224396,12991000
2020-03-27,49.180000,50.320000,48.445000,49.025002,46.608208,10262200
2020-03-30,49.320000,50.244999,48.465000,50.049999,47.582680,13320600
2020-03-31,49.615002,50.345001,48.910000,49.040001,46.622475,10304400
2020-04-01,47.174999,47.974998,46.435001,46.849998,44.540428,13516400
2020-04-02,46.575001,47.740002,45.990002,47.025002,44.706806,11997600
2020-04-03,46.740002,46.974998,45.615002,46.205002,43.927235,10359400
2020-04-06,47.895000,50.314999,47.895000,50.049999,47.582680,10607800
2020-04-07,52.365002,52.755001,50.685001,50.794998,48.290966,14018200
2020-04-08,51.415001,52.605000,51.044998,52.395000,49.812080,8331000
2020-04-09,53.150002,54.220001,52.825001,53.340000,50.710491,10645800
2020-04-13,53.130001,53.525002,52.325001,53.325001,50.696236,6823400
2020-04-14,54.439999,55.514999,54.185001,55.410000,52.678448,11489200
2020-04-15,54.035000,54.570000,53.540001,54.195000,51.523342,7617600
2020-04-16,54.419998,55.500000,53.900002,54.845001,52.141308,9218400
2020-04-17,56.180000,56.599998,55.485001,56.465000,53.681438,8767000
2020-04-20,55.849998,56.595001,55.384998,55.480000,52.744995,6826200
2020-04-21,54.555000,54.915001,53.619999,54.040001,51.375984,8655800
2020-04-22,55.044998,55.590000,54.735001,55.205002,52.483555,6771200
2020-04-23,55.480000,56.009998,54.990002,55.189999,52.469292,8259200
2020-04-24,55.759998,56.375000,55.250000,56.125000,53.358200,5829000
2020-04-27,56.700001,57.544998,56.645000,57.174999,54.356434,8239400
2020-04-28,58.244999,58.450001,57.110001,57.400002,54.570343,9458800
2020-04-29,58.514999,59.105000,58.189999,58.665001,55.772987,9997600
2020-04-30,58.240002,58.650002,57.700001,58.299999,55.425980,10106400
2020-05-01,56.509998,56.970001,55.685001,56.119999,53.353451,12553200
2020-05-04,55.380001,56.450001,55.060001,56.424999,53.643410,9213600
2020-05-05,57.174999,57.345001,56.509998,56.630001,53.838310,9093600
2020-05-06,57.000000,57.240002,56.540001,56.619999,53.828804,7810000
2020-05-07,57.325001,57.794998,57.299999,57.509998,54.674915,10667200
2020-05-08,58.244999,58.685001,57.924999,58.630001,55.739716,7872400
2020-05-11,58.119999,58.980000,58.040001,58.500000,55.616119,8086600
2020-05-12,58.750000,58.884998,57.189999,57.220001,54.399216,11944800
2020-05-13,57.134998,57.459999,55.674999,56.235001,53.462780,13362200
2020-05-14,55.544998,57.099998,55.029999,57.075001,54.261360,11436400
2020-05-15,56.610001,57.750000,56.419998,57.740002,54.893593,12556600
2020-05-18,59.320000,60.200001,59.259998,59.924999,56.970875,10233600
2020-05-19,59.794998,60.705002,59.564999,59.709999,56.766464,10513600
2020-05-20,60.695000,60.709999,60.115002,60.490002,57.508007,7708200
2020-05-21,60.639999,61.035000,59.970001,60.705002,57.712429,9117200
2020-05-22,60.680000,60.779999,60.150002,60.615002,57.626869,7642000
2020-05-26,62.220001,62.375000,61.485001,61.575001,58.539532,9128400
2020-05-27,62.310001,62.639999,61.049999,62.630001,59.542522,11531200
2020-05-28,62.814999,63.040001,61.705002,61.869999,58.819981,7293200
2020-05-29,61.849998,62.320000,61.375000,62.095001,59.033897,13016000
2020-06-01,62.169998,62.910000,62.119999,62.685001,59.594803,6662600
2020-06-02,62.965000,63.220001,62.639999,63.220001,60.103432,8453400
2020-06-03,63.529999,64.614998,63.529999,64.415001,61.239521,11061600
2020-06-04,64.264999,64.654999,63.750000,64.089996,60.930550,9971400
2020-06-05,65.614998,65.995003,65.290001,65.625000,62.389874,11689200
2020-06-08,66.004997,66.650002,66.004997,66.625000,63.340565,7005000
2020-06-09,66.040001,66.474998,65.620003,66.105003,62.846233,8689600
2020-06-10,66.364998,66.375000,65.415001,65.485001,62.256771,7783800
2020-06-11,63.384998,64.330002,61.904999,62.055000,58.995872,13735200
2020-06-12,63.720001,63.939999,61.400002,62.669998,59.580547,11989400
2020-06-15,61.294998,63.465000,60.959999,63.264999,60.146221,9993000
2020-06-16,65.190002,65.269997,63.294998,64.595001,61.410671,10166800
2020-06-17,64.864998,65.084999,64.264999,64.425003,61.249039,6349800
2020-06-18,64.175003,64.535004,63.900002,64.190002,61.025627,5533600
2020-06-19,64.995003,65.120003,63.485001,63.689999,60.550259,13384000
2020-06-22,63.435001,64.250000,63.150002,64.195000,61.172535,5675800
2020-06-23,64.885002,65.105003,64.504997,64.699997,61.653736,7347200
2020-06-24,64.315002,64.544998,62.490002,63.275002,60.295841,11962600
2020-06-25,63.009998,63.430000,62.384998,63.360001,60.376831,9769200
2020-06-26,63.340000,63.474998,61.770000,61.875000,58.961758,11496400
2020-06-29,62.150002,63.099998,61.465000,63.049999,60.081425,7822600
2020-06-30,63.000000,64.144997,62.805000,63.855000,60.848534,6729800
2020-07-01,63.945000,64.764999,63.895000,64.500000,61.463169,11172600
2020-07-02,65.470001,65.824997,64.589996,64.754997,61.706150,7328600
2020-07-06,65.720001,66.320000,65.555000,66.290001,63.168896,7115800
2020-07-07,65.980003,66.190002,65.139999,65.250000,62.177849,6893200
2020-07-08,65.364998,65.959999,65.059998,65.945000,62.840115,5479800
2020-07-09,66.175003,66.220001,64.809998,65.870003,62.768658,6224800
2020-07-10,65.910004,66.705002,65.474998,66.654999,63.516689,12912400
2020-07-13,67.254997,68.250000,65.625000,65.809998,62.711483,13282600
2020-07-14,65.485001,66.504997,64.714996,66.464996,63.335632,11473800
2020-07-15,67.400002,67.614998,66.459999,67.415001,64.240906,7505800
2020-07-16,66.870003,67.425003,66.639999,67.235001,64.069405,6049400
2020-07-17,67.495003,67.495003,66.680000,66.919998,63.769207,6189200
2020-07-20,66.970001,68.165001,66.805000,67.989998,64.788849,5471600
2020-07-21,68.519997,68.614998,67.845001,68.095001,64.888885,5315800
2020-07-22,67.980003,68.720001,67.915001,68.680000,65.446350,5321000
2020-07-23,68.754997,68.754997,67.184998,67.650002,64.464844,6867600
2020-07-24,67.269997,68.065002,66.934998,67.769997,64.579201,6287200
2020-07-27,68.059998,68.345001,67.699997,68.190002,64.979446,4899400
2020-07-28,68.055000,68.330002,67.415001,67.514999,64.336212,5119600
2020-07-29,67.959999,68.345001,67.855003,68.199997,64.988953,4495000
2020-07-30,67.709999,68.474998,67.315002,68.144997,64.936531,7940800
2020-07-31,68.985001,69.105003,67.745003,68.500000,65.274818,7671000
2020-08-03,68.720001,68.739998,68.269997,68.355003,65.136650,5588800
2020-08-04,68.220001,68.925003,68.209999,68.904999,65.660774,5340200
2020-08-05,69.175003,69.779999,69.065002,69.745003,66.461212,6536800
2020-08-06,69.495003,70.235001,69.394997,70.084999,66.785217,4312200
2020-08-07,70.089996,70.400002,69.680000,70.190002,66.885239,5953000
2020-08-10,70.440002,71.110001,70.330002,71.029999,67.685715,4560400
2020-08-11,71.434998,71.834999,70.724998,70.889999,67.552299,7093600
2020-08-12,71.589996,71.980003,71.315002,71.830002,68.448074,7630800
2020-08-13,71.764999,72.230003,71.650002,71.800003,68.419441,4742800
2020-08-14,71.800003,71.955002,71.485001,71.794998,68.414696,3374000
2020-08-17,72.385002,72.809998,72.070000,72.720001,69.296150,3218000
2020-08-18,73.000000,73.330002,72.455002,73.169998,69.724960,5175400
2020-08-19,73.455002,73.474998,72.720001,72.824997,69.396194,5310400
2020-08-20,72.385002,72.925003,72.199997,72.714996,69.291367,3326600
2020-08-21,72.639999,73.129997,72.625000,73.089996,69.648712,3647600
2020-08-24,73.589996,74.230003,73.584999,74.199997,70.706444,5284400
2020-08-25,74.375000,74.449997,73.839996,74.445000,70.939926,5197800
2020-08-26,74.449997,75.300003,74.379997,75.180000,71.640320,5583800
2020-08-27,75.459999,75.510002,74.495003,74.775002,71.254372,6170800
2020-08-28,75.160004,75.400002,74.870003,75.264999,71.721306,4275600
2020-08-31,75.254997,75.480003,74.945000,75.044998,71.511673,7025000
2020-09-01,75.114998,75.875000,75.010002,75.830002,72.259727,9904400
2020-09-02,76.355003,77.070000,75.919998,76.879997,73.260262,8154200
2020-09-03,76.660004,76.714996,73.724998,74.440002,70.935158,15142000
2020-09-04,74.680000,75.105003,71.809998,73.580002,70.115654,13339800
2020-09-08,72.370003,73.635002,72.025002,72.614998,69.196075,15212600
2020-09-09,73.294998,74.535004,72.870003,73.985001,70.501579,7425800
2020-09-10,74.355003,75.139999,72.684998,72.925003,69.491493,12553800
2020-09-11,73.419998,73.754997,72.345001,73.035004,69.596298,7596400
2020-09-14,73.845001,74.379997,73.519997,73.809998,70.334824,5556600
2020-09-15,74.275002,74.669998,74.029999,74.415001,70.911354,5412000
2020-09-16,74.724998,75.014999,73.964996,74.000000,70.515869,5215800
2020-09-17,72.919998,73.434998,72.349998,72.959999,69.524834,8849200
2020-09-18,73.190002,73.220001,71.345001,71.945000,68.557648,10847200
2020-09-21,70.644997,70.834999,69.514999,70.754997,67.567329,8435800
2020-09-22,71.190002,72.315002,70.955002,72.250000,68.995003,7638000
2020-09-23,73.000000,73.135002,70.919998,71.065002,67.863403,7930600
2020-09-24,70.739998,72.029999,70.199997,71.035004,67.834747,8997000
2020-09-25,71.014999,72.205002,70.519997,71.959999,68.718056,5028000
2020-09-28,72.904999,73.635002,72.610001,73.464996,70.155251,5324800
2020-09-29,73.430000,73.480003,72.845001,72.894997,69.610931,6055400
2020-09-30,73.114998,74.360001,73.025002,73.489998,70.179146,8948800
2020-10-01,74.214996,74.514999,73.745003,74.449997,71.095879,7758800
2020-10-02,73.059998,74.385002,73.029999,74.135002,70.795074,8181600
2020-10-05,74.529999,75.199997,74.464996,75.114998,71.730934,4640800
2020-10-06,75.184998,75.525002,73.605003,73.724998,70.403549,7954400
2020-10-07,74.620003,75.589996,74.620003,75.410004,72.012642,5005800
2020-10-08,75.900002,75.955002,75.349998,75.904999,72.485336,5065800
2020-10-09,76.300003,76.875000,76.205002,76.695000,73.239731,7362600
2020-10-12,77.230003,78.070000,77.120003,77.714996,74.213791,6394400
2020-10-13,77.555000,78.050003,77.294998,77.699997,74.199463,6826200
2020-10-14,77.864998,77.945000,76.495003,76.839996,73.378212,7610800
2020-10-15,75.849998,77.269997,75.625000,77.125000,73.650375,4758000
2020-10-16,77.470001,77.839996,76.190002,76.425003,72.981895,4211000
2020-10-19,76.925003,77.230003,75.300003,75.485001,72.084259,5154000
2020-10-20,75.925003,77.029999,75.720001,76.089996,72.661972,8514200
2020-10-21,76.004997,76.535004,75.449997,75.675003,72.265694,5539800
2020-10-22,75.665001,75.915001,74.849998,75.830002,72.413704,4135600
2020-10-23,76.139999,76.504997,75.555000,76.495003,73.048744,3915000
2020-10-26,75.714996,76.025002,73.959999,75.025002,71.644966,6300000
2020-10-27,75.224998,75.449997,74.779999,74.989998,71.611542,6241000
2020-10-28,73.644997,74.014999,72.540001,72.620003,69.348312,9172600
2020-10-29,72.830002,73.919998,72.309998,73.080002,69.787605,6067800
2020-10-30,72.514999,72.775002,70.870003,71.485001,68.264465,9983200
2020-11-02,72.419998,72.675003,71.205002,71.995003,68.751488,7981800
2020-11-03,72.760002,73.995003,72.389999,73.580002,70.265083,5675400
2020-11-04,74.449997,76.040001,74.300003,75.144997,71.759583,8541200
2020-11-05,76.464996,77.074997,76.129997,76.610001,73.158562,6480000
2020-11-06,76.385002,76.514999,75.730003,76.379997,72.938911,4847000
2020-11-09,79.019997,79.019997,76.035004,76.129997,72.700188,9782200
2020-11-10,76.055000,76.235001,75.055000,75.860001,72.442345,17765200
2020-11-11,76.345001,76.885002,76.055000,76.525002,73.077415,7406800
2020-11-12,76.525002,76.535004,75.070000,75.500000,72.098564,5929800
2020-11-13,75.934998,76.855003,75.824997,76.724998,73.268387,4463000
2020-11-16,77.500000,77.754997,76.915001,77.730003,74.228119,7864600
2020-11-17,77.455002,77.754997,76.815002,77.400002,73.912971,5839600
2020-11-18,77.360001,77.980003,76.849998,76.870003,73.406853,5415000
2020-11-19,76.855003,77.324997,76.690002,77.250000,73.769737,4214400
2020-11-20,77.324997,77.379997,76.820000,76.845001,73.382973,4132800
2020-11-23,77.269997,77.894997,77.065002,77.690002,74.189926,4611200
2020-11-24,78.425003,79.105003,78.199997,78.845001,75.292877,5465600
2020-11-25,78.785004,79.070000,78.565002,78.940002,75.383591,4624400
2020-11-27,79.300003,79.394997,78.870003,79.110001,75.545937,2216600
2020-11-30,78.989998,79.029999,77.605003,78.629997,75.087570,6576000
2020-12-01,79.245003,79.580002,78.745003,79.214996,75.646217,8737400
2020-12-02,78.904999,78.904999,78.385002,78.720001,75.173515,4308800
2020-12-03,78.739998,79.375000,78.739998,78.940002,75.383591,6011400
2020-12-04,79.099998,79.214996,78.860001,79.014999,75.455231,4178200
2020-12-07,78.839996,78.875000,78.434998,78.834999,75.283333,8430600
2020-12-08,78.455002,78.720001,78.059998,78.669998,75.125755,4956800
2020-12-09,79.184998,79.224998,78.260002,78.595001,75.054138,12060800
2020-12-10,78.290001,78.860001,77.964996,78.525002,74.987297,5806000
2020-12-11,78.235001,78.514999,77.614998,78.150002,74.629196,4134200
2020-12-14,78.860001,79.309998,78.239998,78.264999,74.738998,6815000
2020-12-15,78.955002,79.334999,78.595001,79.320000,75.746490,4651800
2020-12-16,79.464996,80.040001,79.434998,79.839996,76.243050,4443000
2020-12-17,80.250000,80.400002,80.019997,80.385002,76.763504,3977400
2020-12-18,80.519997,80.565002,79.639999,79.995003,76.391068,9892800
2020-12-21,78.699997,79.404999,78.135002,78.945000,75.528099,7904400
2020-12-22,78.815002,78.849998,77.915001,78.605003,75.202805,7453200
2020-12-23,78.620003,79.025002,78.285004,78.775002,75.365456,4346000
2020-12-24,78.849998,79.059998,78.605003,78.940002,75.523323,2097600
2020-12-28,79.709999,80.160004,79.300003,79.839996,76.384377,5824800
2020-12-29,80.120003,80.264999,79.489998,79.864998,76.408287,4862400
2020-12-30,80.150002,80.464996,80.065002,80.345001,76.867531,4881400
2020-12-31,80.355003,80.489998,79.964996,80.389999,76.910545,5859200
2021-01-04,80.889999,80.945000,78.720001,79.709999,76.259987,18120400
2021-01-05,79.250000,80.529999,79.224998,80.305000,76.829254,6262400
2021-01-06,80.394997,82.004997,80.074997,81.125000,77.613754,8832000
2021-01-07,81.860001,83.014999,81.830002,82.690002,79.111023,6725600
2021-01-08,83.669998,84.480003,83.144997,84.394997,80.742218,9283800
2021-01-11,83.410004,83.750000,82.595001,82.820000,79.235390,7421000
2021-01-12,83.254997,84.400002,83.154999,84.084999,80.445641,11395200
2021-01-13,84.175003,84.404999,83.660004,84.080002,80.440880,5654400
2021-01-14,84.175003,84.584999,83.445000,83.544998,79.929016,6029800
2021-01-15,83.410004,83.669998,82.570000,82.900002,79.311935,7271400
2021-01-19,83.605003,83.739998,83.044998,83.370003,79.761597,6348600
2021-01-20,84.154999,85.184998,83.894997,84.945000,81.268425,6868600
2021-01-21,85.394997,85.894997,85.245003,85.339996,81.646332,6688000
2021-01-22,84.889999,85.205002,84.555000,85.050003,81.368874,4456400
2021-01-25,85.269997,85.980003,83.669998,85.364998,81.670235,11760600
2021-01-26,85.660004,85.739998,84.989998,85.309998,81.617630,7458000
2021-01-27,84.345001,84.394997,82.264999,82.680000,79.101456,11241400
2021-01-28,82.290001,83.760002,81.805000,82.940002,79.350212,7843200
2021-01-29,82.459999,82.644997,80.544998,81.004997,77.498940,10833000
2021-02-01,81.945000,83.199997,81.445000,83.110001,79.512848,6502600
2021-02-02,83.754997,85.434998,83.745003,84.875000,81.201454,5401200
2021-02-03,85.150002,85.235001,84.339996,84.400002,80.747017,4062800
2021-02-04,84.790001,85.300003,84.529999,85.300003,81.608063,5142400
2021-02-05,85.599998,86.404999,85.430000,86.114998,82.387772,4464200
2021-02-08,86.675003,86.730003,86.074997,86.605003,82.856544,4720400
2021-02-09,86.330002,86.540001,86.019997,86.125000,82.397339,3615400
2021-02-10,86.404999,86.404999,84.625000,85.275002,81.584152,4883200
2021-02-11,85.500000,85.794998,84.629997,85.040001,81.359306,3911600
2021-02-12,84.669998,85.199997,84.430000,85.160004,81.474121,3994400
2021-02-16,85.324997,85.434998,84.555000,84.790001,81.120125,4516200
2021-02-17,84.275002,85.364998,83.849998,85.279999,81.588921,6441200
2021-02-18,84.385002,85.580002,84.324997,85.305000,81.612839,5160000
2021-02-19,85.690002,85.690002,84.695000,84.809998,81.139259,5022800
2021-02-22,84.000000,84.294998,82.945000,83.019997,79.426743,5694000
2021-02-23,81.550003,82.894997,79.529999,82.474998,78.905319,10768600
2021-02-24,82.370003,83.449997,81.489998,83.339996,79.732880,7973600
2021-02-25,82.750000,83.209999,79.839996,80.239998,76.767067,14641800
2021-02-26,81.269997,81.639999,79.504997,80.574997,77.087555,12255200
2021-03-01,81.574997,82.610001,81.419998,82.464996,78.895767,8697600
2021-03-02,82.580002,82.760002,81.474998,81.514999,77.986877,6622400
2021-03-03,81.355003,81.680000,79.599998,79.599998,76.154762,11125600
2021-03-04,79.629997,80.150002,76.419998,77.915001,74.542702,18469600
2021-03-05,78.504997,78.639999,74.824997,78.410004,75.016258,20626800
2021-03-08,78.724998,80.110001,78.370003,78.504997,75.107140,12536200
2021-03-09,80.065002,82.000000,79.654999,81.470001,77.943832,18614400
2021-03-10,82.540001,82.995003,81.305000,81.885002,78.340858,14245800
2021-03-11,83.000000,83.459999,82.510002,83.139999,79.541550,8458400
2021-03-12,82.260002,83.389999,82.029999,83.385002,79.775940,8343400
2021-03-15,83.500000,84.529999,83.209999,84.504997,80.847450,8857000
2021-03-16,84.504997,84.665001,83.245003,83.629997,80.010345,6873600
2021-03-17,83.004997,85.099998,82.915001,84.805000,81.134483,8711400
2021-03-18,84.010002,84.379997,82.589996,82.730003,79.149292,10151400
2021-03-19,82.635002,83.400002,81.769997,83.224998,79.622871,12121000
2021-03-22,83.680000,84.355003,83.330002,83.639999,80.147011,7224200
2021-03-23,83.644997,84.004997,82.639999,82.855003,79.394806,7990200
2021-03-24,83.239998,83.684998,81.629997,81.629997,78.220940,9352000
2021-03-25,80.845001,82.620003,80.675003,82.345001,78.906105,11319800
2021-03-26,82.669998,83.089996,81.584999,83.029999,79.562508,8542600
2021-03-29,82.815002,83.235001,81.970001,82.574997,79.126495,9358200
2021-03-30,82.214996,83.510002,81.885002,83.385002,79.902672,7321800
2021-03-31,83.739998,84.489998,83.514999,84.035004,80.525520,7937800
2021-04-01,84.794998,84.849998,84.425003,84.709999,81.172325,8140000
2021-04-05,86.059998,86.955002,85.900002,86.635002,83.016945,8628400
2021-04-06,86.555000,87.349998,86.495003,87.010002,83.376305,6301400
2021-04-07,86.959999,87.269997,86.599998,86.750000,83.127121,5049400
2021-04-08,87.235001,87.360001,86.599998,87.160004,83.520042,6424800
2021-04-09,87.080002,88.010002,86.985001,87.989998,84.315361,6093800
2021-04-12,87.985001,88.639999,87.910004,88.555000,84.856766,6285600
2021-04-13,88.705002,89.665001,88.584999,89.489998,85.752731,5351200
2021-04-14,89.690002,90.080002,88.425003,88.610001,84.909470,6676400
2021-04-15,89.230003,89.300003,88.745003,89.245003,85.517944,5031200
2021-04-16,89.459999,90.055000,89.220001,89.934998,86.179115,5276000
2021-04-19,89.440002,89.525002,88.644997,88.925003,85.211296,7030800
2021-04-20,88.610001,88.815002,87.150002,87.805000,84.138084,8462000
2021-04-21,87.474998,89.070000,87.300003,88.974998,85.259216,5540000
2021-04-22,89.084999,89.214996,87.665001,87.989998,84.315361,5960000
2021-04-23,88.275002,89.275002,87.989998,88.910004,85.196930,3823800
2021-04-26,89.209999,89.584999,88.720001,89.300003,85.570663,4460600
2021-04-27,89.345001,89.555000,88.995003,89.195000,85.470039,4438600
2021-04-28,89.084999,89.570000,88.885002,89.089996,85.369431,4761400
2021-04-29,89.654999,89.709999,88.324997,89.114998,85.393379,6444600
2021-04-30,89.010002,89.745003,88.940002,89.459999,85.723961,5651000
2021-05-03,89.945000,89.989998,88.915001,89.035004,85.316719,7371400
2021-05-04,88.370003,88.510002,87.004997,88.105003,84.425560,9207200
2021-05-05,88.724998,88.724998,87.680000,87.830002,84.162048,6325000
2021-05-06,88.019997,88.150002,87.180000,88.019997,84.344078,7850600
2021-05-07,88.364998,89.050003,87.904999,88.809998,85.101089,6750200
2021-05-10,88.839996,88.839996,87.220001,87.230003,83.587105,6976000
2021-05-11,85.764999,86.574997,84.904999,86.245003,82.643234,14220800
2021-05-12,85.260002,85.665001,83.139999,83.324997,79.845169,14124000
2021-05-13,83.904999,84.724998,83.010002,83.915001,80.410553,14082400
2021-05-14,84.709999,85.555000,84.470001,85.370003,81.804779,8211800
2021-05-17,85.114998,85.415001,84.455002,85.214996,81.656258,10445000
2021-05-18,85.404999,85.790001,84.540001,84.550003,81.019028,7756800
2021-05-19,83.169998,83.885002,82.745003,83.839996,80.338669,14120400
2021-05-20,84.254997,84.885002,84.144997,84.699997,81.162750,9068000
2021-05-21,85.264999,85.264999,84.239998,84.275002,80.755508,7770600
2021-05-24,84.730003,85.510002,84.440002,85.110001,81.555626,6726800
2021-05-25,85.495003,85.769997,84.845001,85.379997,81.814354,7133800
2021-05-26,85.785004,86.559998,85.699997,86.195000,82.595299,7473600
2021-05-27,86.514999,86.735001,86.250000,86.540001,82.925903,7783600
2021-05-28,86.900002,86.900002,86.214996,86.419998,82.810928,6451200
2021-06-01,86.934998,86.995003,86.099998,86.254997,82.652824,9361200
2021-06-02,86.334999,86.345001,85.535004,85.855003,82.269508,7063200
2021-06-03,85.305000,85.535004,84.690002,84.834999,81.292114,8702800
2021-06-04,85.305000,85.589996,85.065002,85.514999,81.943726,6433200
2021-06-07,85.449997,85.565002,84.864998,85.514999,81.943726,6389800
2021-06-08,86.084999,86.480003,85.620003,86.205002,82.604904,6124800
2021-06-09,86.445000,86.500000,85.695000,85.730003,82.149734,7131600
2021-06-10,85.885002,86.290001,85.625000,86.135002,82.537827,5225000
2021-06-11,86.279999,86.614998,86.139999,86.605003,82.988190,5468400
2021-06-14,86.610001,86.794998,86.125000,86.629997,83.012138,5770000
2021-06-15,86.639999,86.639999,85.870003,86.169998,82.571365,5659600
2021-06-16,86.245003,86.415001,85.464996,86.209999,82.609703,9414200
2021-06-17,86.000000,86.845001,85.800003,86.535004,82.921143,9267000
2021-06-18,85.900002,86.415001,85.690002,86.080002,82.485115,13991200
2021-06-21,86.230003,86.834999,85.995003,86.614998,83.120880,9607400
2021-06-22,86.680000,87.779999,86.620003,87.430000,83.903030,6740400
2021-06-23,87.599998,88.279999,87.555000,88.105003,84.550797,5317800
2021-06-24,88.775002,88.970001,88.230003,88.404999,84.838661,7959000
2021-06-25,89.324997,89.375000,88.775002,88.964996,85.376083,9949200
2021-06-28,88.974998,89.065002,88.514999,88.985001,85.395294,5584200
2021-06-29,89.040001,89.389999,88.945000,89.205002,85.606415,4629200
2021-06-30,89.105003,89.680000,89.105003,89.275002,85.673607,5798600
2021-07-01,89.495003,89.800003,89.419998,89.779999,86.158234,6210600
2021-07-02,90.000000,90.584999,89.915001,90.570000,86.916336,5803400
2021-07-06,90.705002,90.940002,89.855003,90.675003,87.017128,7792000
2021-07-07,90.919998,91.144997,89.985001,90.625000,86.969139,6694200
2021-07-08,89.214996,90.699997,88.820000,90.400002,86.753220,11283400
2021-07-09,90.790001,91.305000,90.684998,91.245003,87.564125,5632800
2021-07-12,91.349998,91.894997,91.279999,91.870003,88.163910,10814600
2021-07-13,91.690002,91.839996,90.695000,90.769997,87.108284,12392400
2021-07-14,91.269997,91.375000,90.555000,90.605003,86.949936,7484000
2021-07-15,90.445000,90.855003,89.485001,90.114998,86.479706,6667600
2021-07-16,90.385002,90.489998,88.934998,89.004997,85.414474,8424200
2021-07-19,87.570000,88.004997,86.885002,87.985001,84.435631,16088400
2021-07-20,88.245003,89.845001,87.809998,89.610001,85.995079,9838000
2021-07-21,89.940002,90.485001,89.915001,90.434998,86.786797,8185400
2021-07-22,90.360001,90.930000,89.904999,90.824997,87.161057,8061600
2021-07-23,91.135002,91.785004,90.919998,91.635002,87.938408,7008600
2021-07-26,91.684998,92.324997,91.449997,92.315002,88.590958,6895000
2021-07-27,92.254997,92.254997,90.400002,91.379997,87.693687,7359800
2021-07-28,91.275002,91.599998,90.650002,91.084999,87.410583,5973800
2021-07-29,91.495003,92.345001,91.434998,92.110001,88.394234,7307400
2021-07-30,90.214996,91.050003,90.044998,90.214996,86.575661,9327000
2021-08-02,90.949997,91.190002,90.379997,90.474998,86.825165,7303000
2021-08-03,90.845001,91.169998,90.044998,91.144997,87.468155,8445800
2021-08-04,90.949997,91.089996,90.260002,90.260002,86.618851,7913000
2021-08-05,90.535004,91.190002,90.464996,91.125000,87.448952,5401200
2021-08-06,91.250000,91.305000,90.404999,90.504997,86.853958,5822200
2021-08-09,90.525002,90.599998,90.160004,90.379997,86.733994,5560600
2021-08-10,90.480003,91.074997,90.279999,90.735001,87.074707,5201000
2021-08-11,90.934998,91.135002,90.599998,91.000000,87.328995,5500600
2021-08-12,90.940002,91.084999,90.309998,91.040001,87.367393,5229400
2021-08-13,91.099998,91.150002,90.595001,90.779999,87.117874,4936400
2021-08-16,90.250000,90.430000,89.404999,90.360001,86.714813,6657600
2021-08-17,89.220001,89.220001,87.474998,88.214996,84.656357,11065200
2021-08-18,88.190002,89.440002,88.084999,88.529999,84.958649,9998200
2021-08-19,87.769997,88.599998,87.434998,87.964996,84.416435,11334600
2021-08-20,88.105003,88.910004,88.025002,88.809998,85.227341,6618400
2021-08-23,89.285004,90.160004,89.195000,89.955002,86.326157,6890200
2021-08-24,90.334999,90.849998,90.175003,90.589996,86.935539,5791600
2021-08-25,90.589996,91.055000,90.419998,90.940002,87.271431,7266600
2021-08-26,90.629997,90.675003,89.915001,90.099998,86.465309,7394200
2021-08-27,90.300003,91.080002,90.150002,90.919998,87.252213,7964800
2021-08-30,91.180000,91.915001,91.125000,91.605003,87.909607,7366600
2021-08-31,91.690002,91.870003,91.309998,91.824997,88.120712,9555800
2021-09-01,92.139999,92.309998,91.754997,91.820000,88.115921,8198400
2021-09-02,92.065002,92.349998,91.675003,91.815002,88.111130,6715000
2021-09-03,91.574997,91.785004,91.180000,91.760002,88.058342,6889600
2021-09-07,91.800003,92.250000,91.760002,92.029999,88.317444,8750600
2021-09-08,92.004997,92.355003,91.379997,92.135002,88.418221,7385600
2021-09-09,92.205002,92.779999,91.980003,92.014999,88.303062,8714800
2021-09-10,92.504997,92.589996,91.410004,91.449997,87.760849,9627200
2021-09-13,91.860001,91.934998,90.775002,91.675003,87.976784,11534600
2021-09-14,91.849998,91.970001,90.989998,91.370003,87.684074,8461800
2021-09-15,91.160004,92.110001,90.489998,91.959999,88.250282,10294600
2021-09-16,91.769997,92.610001,91.599998,92.379997,88.653336,12171400
2021-09-17,92.269997,92.800003,91.845001,92.055000,88.341423,14925000
2021-09-20,90.175003,90.639999,88.690002,89.820000,86.325546,16192000
2021-09-21,90.360001,90.684998,89.669998,89.955002,86.455315,12503600
2021-09-22,90.514999,91.599998,90.309998,91.180000,87.632645,12367400
2021-09-23,91.570000,92.500000,91.570000,92.105003,88.521652,8275000
2021-09-24,91.514999,92.529999,91.404999,92.449997,88.853233,8033000
2021-09-27,92.080002,93.195000,92.044998,92.945000,89.328964,9488000
2021-09-28,92.394997,92.535004,90.665001,91.154999,87.608604,14941800
2021-09-29,91.464996,92.160004,91.025002,91.245003,87.695107,12192200
2021-09-30,91.260002,91.330002,89.724998,89.724998,86.234253,16489600
2021-10-01,90.180000,90.824997,89.250000,90.400002,86.882973,15519600
2021-10-04,90.675003,90.940002,89.379997,89.684998,86.195793,18494000
2021-10-05,89.995003,90.875000,89.785004,90.044998,86.541794,10968600
2021-10-06,89.485001,90.434998,89.120003,90.330002,86.815720,10272600
2021-10-07,91.110001,92.080002,91.014999,91.735001,88.166039,7537800
2021-10-08,91.769997,91.855003,91.230003,91.315002,87.762390,7399600
2021-10-11,91.279999,92.000000,90.940002,90.945000,87.406799,6637000
2021-10-12,91.500000,92.035004,91.250000,91.665001,88.098770,10281800
2021-10-13,91.945000,92.364998,91.389999,92.114998,88.531265,10832000
2021-10-14,92.650002,93.230003,92.550003,93.080002,89.458710,7514600
2021-10-15,93.660004,94.544998,93.519997,94.504997,90.828278,8717400
2021-10-18,94.305000,95.724998,94.285004,95.660004,91.938347,7867000
2021-10-19,95.885002,95.885002,95.290001,95.389999,91.678841,5808800
2021-10-20,95.389999,95.745003,95.154999,95.320000,91.611572,9606800
2021-10-21,95.160004,96.775002,95.154999,96.720001,92.957108,7130200
2021-10-22,96.660004,96.904999,95.949997,96.375000,92.625549,7376600
2021-10-25,97.214996,99.184998,96.824997,98.764999,94.922546,11076800
2021-10-26,99.195000,100.805000,98.389999,98.779999,94.936974,15031400
2021-10-27,99.235001,99.934998,98.970001,99.000000,95.148415,9831000
2021-10-28,99.830002,100.610001,99.550003,100.315002,96.412247,9001000
2021-10-29,99.169998,100.629997,98.894997,100.574997,96.662125,8508400
2021-11-01,101.315002,102.440002,100.709999,102.419998,98.435356,11234200
2021-11-02,101.540001,102.349998,101.214996,101.730003,97.772194,13558800
2021-11-03,101.705002,103.625000,101.610001,103.559998,99.530991,12816400
2021-11-04,104.059998,105.360001,103.930000,104.955002,100.871719,11600000
2021-11-05,105.620003,106.349998,105.529999,105.629997,101.520447,9631200
2021-11-08,104.504997,105.410004,104.095001,104.135002,100.083641,11715400
2021-11-09,104.510002,104.639999,101.915001,102.209999,98.233513,33102200
2021-11-10,101.544998,103.264999,100.535004,101.830002,97.868294,22689600
2021-11-11,102.915001,102.925003,101.510002,101.555000,97.603981,12413400
2021-11-12,101.584999,102.025002,100.930000,101.894997,97.930794,10335000
2021-11-15,101.970001,102.165001,101.224998,101.809998,97.849068,10612000
2021-11-16,101.940002,103.650002,101.919998,103.415001,99.391640,11301200
2021-11-17,103.855003,104.705002,103.654999,104.074997,100.025948,16547400
2021-11-18,104.614998,105.430000,104.065002,105.254997,101.160049,14804000
2021-11-19,105.254997,105.995003,105.040001,105.709999,101.597336,14988800
2021-11-22,106.389999,107.529999,105.010002,105.445000,101.342659,18430800
2021-11-23,105.540001,106.120003,103.245003,104.680000,100.607414,22962800
2021-11-24,103.574997,105.214996,103.025002,104.894997,100.814056,16341200
2021-11-26,103.160004,103.514999,101.864998,102.035004,98.065338,15329200
2021-11-29,103.375000,104.445000,103.114998,103.620003,99.588676,16767600
2021-11-30,103.385002,104.040001,101.675003,102.220001,98.243134,26435400
2021-12-01,103.375000,104.375000,100.305000,100.375000,96.469894,25941000
2021-12-02,100.915001,102.285004,100.285004,101.805000,97.844261,33287800
2021-12-03,102.184998,102.485001,98.800003,99.824997,95.941315,28543200
2021-12-06,100.224998,101.875000,98.830002,100.964996,97.036957,23326000
2021-12-07,102.644997,103.650002,102.394997,103.320000,99.300339,13875600
2021-12-08,103.394997,103.754997,102.769997,103.580002,99.550209,11988000
2021-12-09,103.160004,103.320000,101.750000,101.785004,97.825043,11757200
2021-12-10,102.275002,102.529999,101.050003,102.495003,98.507431,14372800
2021-12-13,101.900002,102.070000,99.589996,99.855003,95.970131,14995600
2021-12-14,98.750000,99.559998,98.175003,99.275002,95.412704,15371800
2021-12-15,98.925003,100.584999,97.599998,100.535004,96.623672,19042200
2021-12-16,101.025002,101.205002,98.184998,98.315002,94.490067,18368600
2021-12-17,97.495003,98.820000,96.824997,97.644997,93.846123,23480400
2021-12-20,95.940002,96.139999,94.949997,95.925003,92.331085,22326800
2021-12-21,96.949997,98.434998,96.199997,98.410004,94.722984,13530600
2021-12-22,98.730003,100.309998,98.555000,100.205002,96.450729,11491000
2021-12-23,100.330002,101.864998,100.180000,101.595001,97.788673,10588600
2021-12-27,101.785004,102.894997,101.739998,102.584999,98.741570,8428000
2021-12-28,102.815002,103.175003,102.455002,102.629997,98.784882,8306200
2021-12-29,102.879997,103.089996,102.184998,102.834999,98.982216,7584600
2021-12-30,102.485001,103.364998,102.375000,102.464996,98.626053,7140200
2021-12-31,102.544998,102.904999,102.150002,102.220001,98.390251,6885600
2022-01-03,104.144997,105.165001,103.550003,105.154999,101.215286,14465400
2022-01-04,105.330002,105.904999,103.945000,104.514999,100.599251,13169200
2022-01-05,104.375000,104.695000,101.644997,101.695000,97.884911,17275600
2022-01-06,101.555000,102.144997,99.830002,101.430000,97.629829,17245000
2022-01-07,101.580002,101.839996,99.415001,99.739998,96.003166,15005200
2022-01-10,98.430000,99.180000,96.290001,99.129997,95.416000,21271400
2022-01-11,98.985001,100.285004,98.224998,100.084999,96.335220,16887400
2022-01-12,100.790001,101.260002,99.885002,100.745003,96.970497,13156800
2022-01-13,101.074997,101.565002,98.480003,98.720001,95.021370,16493800
2022-01-14,97.934998,98.714996,96.845001,98.260002,94.578621,20715200
2022-01-18,96.870003,97.334999,96.044998,96.400002,92.788307,18186600
2022-01-19,96.820000,97.135002,94.584999,94.660004,91.113472,17404400
2022-01-20,95.239998,96.430000,92.769997,92.934998,89.453102,18093800
2022-01-21,92.625000,93.014999,90.169998,90.209999,86.830208,37394400
2022-01-24,88.339996,91.385002,86.025002,91.294998,87.874542,53233800
2022-01-25,89.739998,91.129997,88.489998,89.750000,86.387436,35890200
2022-01-26,91.644997,92.464996,88.169998,89.315002,85.968750,43384000
2022-01-27,90.144997,90.294998,86.959999,87.150002,83.884857,33723000
2022-01-28,87.455002,89.050003,85.739998,89.050003,85.713676,31685800
2022-01-31,89.500000,92.544998,89.150002,92.474998,89.010345,22194800
2022-02-01,92.654999,93.205002,91.175003,93.035004,89.549377,22366000
2022-02-02,93.644997,93.764999,91.599998,92.480003,89.015167,19294200
2022-02-03,90.324997,91.754997,89.459999,89.650002,86.291191,19166600
2022-02-04,91.635002,93.300003,90.334999,92.199997,88.745636,20021600
2022-02-07,92.519997,93.544998,91.669998,92.010002,88.562759,18764600
2022-02-08,91.739998,93.504997,91.264999,93.305000,89.809250,18318200
2022-02-09,94.474998,95.084999,94.150002,94.540001,90.997978,16918800
2022-02-10,92.870003,94.735001,92.315002,92.910004,89.429039,25946400
2022-02-11,93.004997,93.349998,89.834999,90.239998,86.859085,25319200
2022-02-14,90.125000,91.940002,89.894997,90.754997,87.354797,30854800
2022-02-15,92.190002,92.870003,92.000000,92.785004,89.308746,20722400
2022-02-16,92.224998,93.309998,91.809998,93.050003,89.563820,17397600
2022-02-17,92.455002,92.894997,90.430000,90.559998,87.167091,18136400
2022-02-18,90.800003,91.089996,89.105003,90.000000,86.628082,18990400
2022-02-22,88.739998,89.610001,86.324997,87.375000,84.101425,27345600
2022-02-23,88.059998,88.290001,84.300003,84.455002,81.290833,27134400
2022-02-24,80.985001,86.519997,80.745003,86.385002,83.148514,41736000
2022-02-25,86.644997,88.110001,85.480003,88.095001,84.794449,27338000
2022-02-28,87.230003,89.099998,87.074997,88.714996,85.391212,32321800
2022-03-01,88.584999,88.855003,86.764999,87.370003,84.096611,26997600
2022-03-02,87.684998,89.595001,87.470001,89.205002,85.862846,20262800
2022-03-03,89.660004,89.815002,86.764999,87.184998,83.918533,22404000
2022-03-04,86.690002,86.900002,84.910004,85.800003,82.585434,21659200
2022-03-07,86.010002,86.205002,81.559998,81.595001,78.537979,32146200
2022-03-08,81.500000,84.360001,80.855003,81.764999,78.701599,50888400
2022-03-09,83.940002,84.875000,83.559998,84.394997,81.233063,31938200
2022-03-10,84.375000,85.269997,83.660004,84.995003,81.810608,25854800
2022-03-11,85.669998,85.910004,83.294998,83.360001,80.236839,24156400
2022-03-14,83.264999,83.934998,81.459999,81.970001,78.898941,30349200
2022-03-15,82.570000,84.955002,82.364998,84.714996,81.541084,27120400
2022-03-16,85.695000,87.605003,84.875000,87.605003,84.322807,33778800
2022-03-17,86.834999,89.089996,86.599998,89.065002,85.728119,26085600
2022-03-18,88.815002,91.050003,88.389999,90.940002,87.532860,30129200
2022-03-21,90.894997,91.445000,89.209999,90.040001,86.799728,25648000
2022-03-22,90.629997,92.574997,90.570000,92.275002,88.954308,16421600
2022-03-23,91.514999,92.675003,90.934998,91.129997,87.850502,15758000
2022-03-24,91.544998,91.945000,90.519997,91.839996,88.534943,15134000
2022-03-25,91.959999,92.150002,90.839996,91.680000,88.380707,16407800
2022-03-28,92.644997,94.150002,92.519997,94.125000,90.737724,23065600
2022-03-29,95.370003,96.095001,94.525002,95.764999,92.318695,19373400
2022-03-30,95.000000,95.500000,93.839996,94.309998,90.916061,16296000
2022-03-31,94.290001,94.290001,92.415001,92.500000,89.171204,16778000
2022-04-01,93.004997,93.235001,92.105003,92.614998,89.282066,9978800
2022-04-04,92.654999,94.724998,92.035004,94.695000,91.287216,15424200
2022-04-05,94.214996,94.699997,92.205002,92.474998,89.147087,16219800
2022-04-06,91.220001,91.220001,89.279999,90.114998,86.872009,27844800
2022-04-07,89.919998,91.065002,88.705002,90.574997,87.315475,22538400
2022-04-08,90.019997,90.820000,89.445000,89.739998,86.510521,18595000
2022-04-11,88.389999,89.769997,87.980003,88.074997,84.905434,18593800
2022-04-12,89.305000,90.235001,87.919998,88.269997,85.093430,23297400
2022-04-13,88.089996,90.620003,88.000000,90.464996,87.209419,16820200
2022-04-14,90.294998,90.794998,89.135002,89.199997,85.989952,17839400
2022-04-18,88.904999,89.985001,88.555000,89.470001,86.250244,15385600
2022-04-19,89.519997,92.195000,89.445000,92.065002,88.751846,17470000
2022-04-20,92.245003,92.489998,90.735001,90.879997,87.609497,13876600
2022-04-21,93.364998,93.940002,89.714996,90.000000,86.761169,23446600
2022-04-22,89.805000,90.139999,87.820000,87.910004,84.746368,22307400
2022-04-25,87.139999,88.620003,86.620003,88.544998,85.358528,25809600
2022-04-26,87.889999,88.025002,84.029999,84.065002,81.039764,29196600
2022-04-27,84.599998,85.864998,83.550003,84.074997,81.049377,25103000
2022-04-28,85.224998,86.665001,83.099998,85.800003,82.712318,13985600
2022-04-29,83.930000,84.680000,81.279999,81.440002,78.509239,18836600
2022-05-02,81.190002,82.690002,80.070000,82.629997,79.656380,33548200
2022-05-03,82.589996,82.955002,81.714996,82.425003,79.458786,24068800
2022-05-04,82.294998,84.930000,80.940002,84.845001,81.791672,18696600
2022-05-05,83.709999,83.764999,79.139999,80.089996,77.207802,22776800
2022-05-06,79.644997,80.430000,77.684998,79.074997,76.229317,25545400
2022-05-09,77.349998,78.430000,75.285004,75.705002,72.980598,22095400
2022-05-10,77.300003,77.754997,74.419998,75.480003,72.763702,25447000
2022-05-11,75.309998,76.074997,72.570000,72.775002,70.156052,25713600
2022-05-12,71.504997,74.995003,71.014999,73.275002,70.638062,23601200
2022-05-13,74.934998,76.514999,74.360001,76.160004,73.419220,12573400
2022-05-16,75.855003,75.910004,74.330002,74.514999,71.833427,11730200
2022-05-17,76.000000,76.430000,74.474998,76.394997,73.645767,11210000
2022-05-18,74.315002,74.315002,70.855003,71.400002,68.830528,14761600
2022-05-19,70.955002,72.635002,70.525002,71.449997,68.878723,15413800
2022-05-20,72.035004,72.135002,68.165001,70.205002,67.678528,15624600
2022-05-23,70.485001,70.915001,68.915001,70.730003,68.184639,13607000
2022-05-24,69.570000,69.754997,68.000000,68.910004,66.430138,14872000
2022-05-25,68.464996,71.459999,68.430000,70.855003,68.305153,12955000
2022-05-26,71.849998,74.849998,71.800003,74.330002,71.655075,16046000
2022-05-27,75.160004,76.900002,75.160004,76.879997,74.113335,15248800
2022-05-31,76.959999,78.044998,75.785004,77.269997,74.489258,14145400
2022-06-01,77.684998,78.220001,75.974998,76.464996,73.713264,12232800
2022-06-02,76.540001,78.849998,76.224998,78.805000,75.969048,11625600
2022-06-03,77.195000,77.750000,76.239998,76.500000,73.746986,10714200
2022-06-06,77.860001,78.254997,76.794998,77.264999,74.484474,10234800
2022-06-07,75.690002,77.300003,75.254997,77.074997,74.301300,9637200
2022-06-08,76.680000,77.745003,76.419998,76.620003,73.862663,8810200
2022-06-09,76.665001,77.489998,75.230003,75.235001,72.527527,7728400
2022-06-10,73.680000,74.144997,72.010002,72.235001,69.635490,13439000
2022-06-13,69.724998,70.474998,68.379997,68.900002,66.420494,20171800
2022-06-14,69.250000,69.760002,68.235001,68.845001,66.367493,13355400
2022-06-15,69.330002,71.574997,69.209999,70.779999,68.232849,18120800
2022-06-16,68.779999,68.860001,66.519997,67.315002,64.892555,24019400
2022-06-17,67.324997,68.639999,67.084999,68.050003,65.601097,22390000
2022-06-21,69.235001,70.614998,69.110001,69.834999,67.477531,12856600
2022-06-22,68.845001,71.114998,68.845001,69.699997,67.347076,12021800
2022-06-23,70.195000,70.985001,69.235001,70.794998,68.405113,11777400
2022-06-24,71.300003,73.519997,70.964996,73.495003,71.013947,13404600
2022-06-27,73.855003,74.235001,72.489998,72.724998,70.269966,14574200
2022-06-28,72.894997,73.760002,69.794998,69.820000,67.463028,11367800
2022-06-29,69.785004,70.245003,69.014999,69.764999,67.409889,11919200
2022-06-30,68.855003,69.605003,67.379997,68.739998,66.419487,12569200
2022-07-01,68.849998,70.095001,68.584999,70.004997,67.641792,11335400
2022-07-05,69.000000,71.614998,68.514999,71.570000,69.153938,11515800
2022-07-06,71.445000,72.074997,70.525002,71.334999,68.926910,15889800
2022-07-07,71.519997,73.315002,71.510002,73.175003,70.704765,8559000
2022-07-08,72.570000,73.724998,72.235001,73.184998,70.714432,6196600
2022-07-11,72.720001,72.919998,71.004997,71.180000,68.777115,7615200
2022-07-12,71.180000,72.294998,70.294998,70.750000,68.361633,14874400
2022-07-13,69.349998,71.959999,69.070000,71.330002,68.922058,14236200
2022-07-14,70.544998,71.389999,69.684998,71.269997,68.864067,10515200
2022-07-15,72.165001,72.750000,71.720001,72.419998,69.975243,7519600
2022-07-18,73.410004,74.285004,72.349998,72.629997,70.178177,8042600
2022-07-19,73.695000,74.970001,73.070000,74.855003,72.328064,8840000
2022-07-20,75.000000,76.230003,74.809998,76.084999,73.516541,9340400
2022-07-21,76.360001,77.875000,75.925003,77.824997,75.197800,10763200
2022-07-22,78.320000,78.900002,76.900002,77.375000,74.762985,7794600
2022-07-25,77.440002,77.480003,76.239998,76.709999,74.120438,9123400
2022-07-26,74.959999,75.300003,74.105003,74.239998,71.733818,8196400
2022-07-27,75.364998,77.449997,75.004997,77.050003,74.448952,10402600
2022-07-28,77.500000,78.504997,76.285004,78.375000,75.729233,11074600
2022-07-29,80.165001,81.739998,79.625000,81.415001,78.666595,13605400
2022-08-01,81.430000,82.995003,81.029999,81.820000,79.057945,17921800
2022-08-02,81.309998,82.690002,80.989998,81.260002,78.516846,13815400
2022-08-03,82.150002,83.620003,81.834999,83.239998,80.429985,12027600
2022-08-04,83.445000,83.930000,82.964996,83.580002,80.758537,9827600
2022-08-05,82.644997,83.370003,81.730003,82.154999,79.381622,8788200
2022-08-08,83.010002,84.290001,82.209999,82.525002,79.739143,7294000
2022-08-09,82.025002,82.290001,80.730003,81.209999,78.468521,6639400
2022-08-10,83.580002,83.849998,82.570000,83.500000,80.681213,7246800
2022-08-11,84.235001,84.625000,82.815002,83.074997,80.270554,7822000
2022-08-12,83.675003,84.980003,82.955002,84.955002,82.087120,5897800
2022-08-15,84.739998,85.809998,84.635002,85.540001,82.652351,7714800
2022-08-16,85.675003,87.379997,85.419998,86.485001,83.565445,7224600
2022-08-17,85.535004,86.445000,84.995003,85.555000,82.666855,7495400
2022-08-18,85.455002,85.724998,84.980003,85.529999,82.642677,5669000
2022-08-19,84.779999,84.889999,83.485001,83.764999,80.937279,7149600
2022-08-22,82.495003,82.495003,81.264999,81.440002,78.690773,8369400
2022-08-23,81.504997,82.275002,81.239998,81.669998,78.912994,8787000
2022-08-24,81.504997,82.839996,81.305000,82.019997,79.251183,6664000
2022-08-25,82.529999,83.099998,81.910004,83.000000,80.198097,6090000
2022-08-26,83.150002,83.425003,79.820000,79.839996,77.144775,7893800
2022-08-29,78.730003,80.080002,78.730003,79.415001,76.734131,7051400
2022-08-30,80.084999,80.264999,77.739998,78.529999,75.878990,7334400
2022-08-31,78.934998,79.175003,77.735001,77.754997,75.130165,8862800
2022-09-01,77.245003,78.529999,76.464996,78.464996,75.816185,11943800
2022-09-02,79.250000,79.595001,77.300003,77.745003,75.120499,16482600
2022-09-06,78.084999,78.269997,76.425003,77.584999,74.965897,17922000
2022-09-07,77.500000,80.074997,77.500000,79.964996,77.265549,12633200
2022-09-08,79.144997,80.769997,78.894997,80.709999,77.985413,9391400
2022-09-09,81.095001,82.375000,81.095001,82.239998,79.463768,8950800
2022-09-12,82.695000,83.595001,82.695000,83.300003,80.487968,8791600
2022-09-13,80.644997,81.040001,78.785004,79.004997,76.337952,13350800
2022-09-14,79.279999,80.355003,78.879997,80.019997,77.318680,14924800
2022-09-15,79.915001,81.220001,79.220001,79.610001,76.922539,11364000
2022-09-16,78.410004,79.105003,77.845001,78.970001,76.304146,17364200
2022-09-19,78.129997,79.934998,78.080002,79.919998,77.383766,10028600
2022-09-20,79.095001,79.394997,77.904999,78.565002,76.071770,9142000
2022-09-21,78.785004,79.514999,76.690002,76.705002,74.270782,10222400
2022-09-22,76.315002,76.589996,74.550003,74.934998,72.556953,11338800
2022-09-23,73.940002,74.059998,72.275002,73.209999,70.886696,11213000
2022-09-26,72.910004,74.635002,72.900002,73.044998,70.726936,12839600
2022-09-27,74.120003,74.870003,72.485001,73.275002,70.949638,14563400
2022-09-28,73.584999,75.650002,73.214996,75.254997,72.866783,13861400
2022-09-29,74.065002,74.165001,71.955002,72.654999,70.349312,12313600
2022-09-30,71.805000,73.269997,71.014999,71.224998,68.964684,12232400
2022-10-03,71.160004,71.955002,70.099998,71.294998,69.032478,17291600
2022-10-04,73.065002,74.504997,72.855003,73.785004,71.443459,19663800
2022-10-05,72.614998,73.834999,71.839996,73.349998,71.022255,12541200
2022-10-06,73.195000,73.915001,72.514999,72.830002,70.518768,14429000
2022-10-07,71.750000,71.910004,69.915001,70.324997,68.093246,11195400
2022-10-10,70.430000,70.629997,69.199997,69.889999,67.672058,9728400
2022-10-11,69.544998,70.735001,68.860001,69.320000,67.120132,12003400
2022-10-12,69.324997,70.035004,68.764999,69.500000,67.294434,19440000
2022-10-13,67.419998,70.654999,66.775002,70.260002,68.030312,19564200
2022-10-14,70.959999,71.330002,67.525002,67.635002,65.488617,13421400
2022-10-17,69.080002,70.570000,69.050003,70.379997,68.146523,13131000
2022-10-18,72.574997,72.785004,70.654999,71.349998,69.085732,10368000
2022-10-19,70.769997,71.230003,69.805000,70.550003,68.311104,7144800
2022-10-20,69.589996,70.889999,68.955002,69.184998,66.989433,10195200
2022-10-21,69.105003,71.264999,68.724998,71.199997,68.940468,15575800
2022-10-24,70.875000,71.800003,69.610001,71.495003,69.226135,9081200
2022-10-25,71.529999,73.485001,71.529999,73.285004,70.959328,7455000
2022-10-26,72.400002,74.160004,72.199997,72.695000,70.388046,6864600
2022-10-27,73.050003,73.514999,72.160004,72.415001,70.116936,12722200
2022-10-28,70.470001,72.580002,69.964996,72.480003,70.179878,14082600
2022-10-31,72.095001,72.559998,71.404999,72.014999,69.729607,9367400
2022-11-01,73.239998,73.449997,71.144997,71.285004,69.022797,12514600
2022-11-02,71.214996,71.629997,68.570000,68.589996,66.413292,19853200
2022-11-03,68.099998,68.964996,67.730003,68.180000,66.016327,11117400
2022-11-04,69.794998,70.480003,67.455002,68.750000,66.568237,12628800
2022-11-07,69.165001,69.224998,67.599998,68.269997,66.103455,7424600
2022-11-08,68.349998,68.915001,67.160004,68.099998,65.938866,9535600
2022-11-09,67.739998,68.055000,65.949997,66.019997,63.924889,10155400
2022-11-10,69.330002,70.925003,68.599998,70.845001,68.596748,15516000
2022-11-11,70.949997,72.945000,70.735001,72.544998,70.242805,11350400
2022-11-14,71.915001,72.550003,71.320000,71.394997,69.129295,15841000
2022-11-15,73.089996,73.480003,71.570000,72.370003,70.073357,8739400
2022-11-16,71.040001,71.855003,70.745003,71.264999,69.003441,9573600
2022-11-17,70.235001,70.699997,69.739998,70.400002,68.165855,7565000
2022-11-18,71.309998,71.334999,69.680000,70.495003,68.257874,7414000
2022-11-21,70.099998,70.300003,69.099998,69.474998,67.270233,6752800
2022-11-22,69.750000,70.294998,69.269997,70.260002,68.030312,5520800
2022-11-23,70.510002,71.425003,70.364998,71.275002,69.013107,6177000
2022-11-25,71.309998,71.514999,70.940002,71.315002,69.051834,2728400
2022-11-28,70.930000,71.669998,70.720001,70.875000,68.625809,6041000
2022-11-29,70.940002,71.199997,70.379997,70.650002,68.407936,10423000
2022-11-30,70.684998,73.110001,70.230003,73.084999,70.765671,16408600
2022-12-01,73.355003,73.660004,72.519997,73.074997,70.755989,9654000
2022-12-02,72.044998,73.199997,72.029999,72.980003,70.663994,11972400
2022-12-05,72.010002,72.235001,70.684998,70.875000,68.625809,11580000
2022-12-06,70.669998,70.974998,69.165001,69.769997,67.555885,7899800
2022-12-07,69.294998,70.089996,69.080002,69.349998,67.149200,10852600
2022-12-08,69.464996,70.285004,69.135002,70.019997,67.797920,6407000
2022-12-09,69.595001,70.410004,69.485001,69.714996,67.502609,7218400
2022-12-12,69.570000,69.889999,69.114998,69.889999,67.672058,6545600
2022-12-13,72.209999,72.660004,69.135002,69.889999,67.672058,10744000
2022-12-14,69.745003,70.320000,68.589996,69.370003,67.168564,10903800
2022-12-15,68.294998,68.625000,67.724998,68.230003,66.064735,11947800
2022-12-16,67.839996,68.105003,66.605003,66.955002,64.830200,13371800
2022-12-19,66.760002,66.900002,65.440002,65.699997,63.789368,8675800
2022-12-20,65.294998,65.839996,64.845001,64.934998,63.046619,7710200
2022-12-21,65.724998,66.334999,65.474998,65.970001,64.051537,10670200
2022-12-22,65.224998,65.269997,63.314999,64.275002,62.405823,12894200
2022-12-23,64.105003,64.894997,63.669998,64.714996,62.833019,6550800
2022-12-27,64.415001,64.535004,63.625000,63.665001,61.813553,8536000
2022-12-28,63.695000,64.315002,63.000000,63.130001,61.294106,10073800
2022-12-29,64.035004,64.900002,63.785000,64.754997,62.871853,7492200
2022-12-30,64.114998,64.595001,63.840000,64.580002,62.701946,7531000
2023-01-03,64.964996,65.150002,63.415001,64.195000,62.328140,9567000
2023-01-04,64.794998,65.605003,63.980000,65.125000,63.231106,8079600
2023-01-05,64.669998,64.949997,64.084999,64.519997,62.643688,7776200
2023-01-06,64.339996,66.290001,63.884998,66.035004,64.114647,9239400
2023-01-09,66.834999,67.514999,66.385002,66.434998,64.502998,9387800
2023-01-10,66.470001,67.279999,66.110001,67.269997,65.313728,8830800
2023-01-11,67.845001,69.089996,67.785004,69.084999,67.075943,12708000
2023-01-12,69.514999,69.595001,68.089996,69.199997,67.187584,9572200
2023-01-13,68.129997,69.915001,68.035004,69.849998,67.818695,7969400
2023-01-17,70.055000,70.459999,69.699997,69.900002,67.867241,7499800
2023-01-18,70.610001,71.014999,68.959999,68.989998,66.983688,9596800
2023-01-19,68.485001,68.699997,67.495003,67.845001,65.871986,12957200
2023-01-20,67.995003,69.529999,67.660004,69.489998,67.469154,7502600
2023-01-23,69.675003,70.839996,69.269997,70.574997,68.522614,9168000
2023-01-24,70.330002,70.830002,69.875000,70.495003,68.444946,6373000
2023-01-25,69.425003,70.949997,68.900002,70.855003,68.794472,7540400
2023-01-26,72.110001,72.514999,71.394997,72.305000,70.202301,9641200
2023-01-27,72.364998,74.514999,72.349998,73.945000,71.794594,10945200
2023-01-30,73.389999,73.875000,72.625000,72.684998,70.571236,9578400
2023-01-31,72.764999,74.349998,72.764999,74.349998,72.187805,6975600
2023-02-01,74.154999,76.355003,73.389999,75.760002,73.556831,13913800
2023-02-02,77.404999,79.014999,77.050003,78.080002,75.809341,14039600
2023-02-03,75.739998,77.474998,75.339996,75.675003,73.474289,13593800
2023-02-06,75.389999,76.025002,74.934998,75.565002,73.367508,8770000
2023-02-07,75.235001,75.930000,73.830002,75.739998,73.537392,9833200
2023-02-08,75.489998,75.675003,74.574997,75.095001,72.911156,11128000
2023-02-09,76.095001,76.595001,74.584999,74.955002,72.775238,8316200
2023-02-10,74.300003,74.654999,73.474998,74.074997,71.920815,6433000
2023-02-13,74.070000,75.195000,73.570000,75.160004,72.974266,6721400
2023-02-14,74.629997,76.264999,74.165001,76.059998,73.848091,8722600
2023-02-15,75.845001,76.964996,75.550003,76.949997,74.712212,6820200
2023-02-16,75.769997,76.845001,75.254997,75.269997,73.081070,11257600
2023-02-17,74.839996,75.320000,74.019997,75.285004,73.095634,7480200
2023-02-21,74.160004,74.360001,72.750000,72.769997,70.653763,8837200
2023-02-22,72.934998,73.620003,72.610001,73.139999,71.013008,9928400
2023-02-23,73.394997,73.489998,71.845001,73.080002,70.954765,10568600
2023-02-24,71.724998,72.070000,71.339996,71.930000,69.838196,11914600
2023-02-27,72.745003,73.364998,72.519997,72.820000,70.702301,11244400
2023-02-28,72.775002,73.305000,72.485001,72.769997,70.653763,11185000
2023-03-01,72.510002,72.750000,71.434998,71.855003,69.765381,12688800
2023-03-02,70.705002,71.724998,70.514999,71.614998,69.532333,10982800
2023-03-03,72.239998,73.279999,72.074997,73.154999,71.027580,10035200
2023-03-06,73.339996,73.595001,72.595001,72.620003,70.508118,9854400
2023-03-07,72.510002,72.870003,71.595001,71.629997,69.546921,11941800
2023-03-08,71.500000,71.650002,70.764999,71.500000,69.420715,10816600
2023-03-09,71.375000,72.114998,69.735001,69.794998,67.765282,13337400
2023-03-10,70.025002,70.750000,68.864998,69.099998,67.090492,29058600
2023-03-13,68.080002,70.129997,67.855003,69.245003,67.231285,23628200
2023-03-14,70.184998,70.620003,69.540001,70.419998,68.372101,15038200
2023-03-15,69.375000,70.355003,68.995003,70.315002,68.270172,18002800
2023-03-16,69.875000,71.889999,69.820000,71.584999,69.503220,21495600
2023-03-17,71.565002,71.610001,70.095001,70.669998,68.614838,16880000
2023-03-20,70.370003,71.195000,69.875000,70.760002,68.911880,11729600
2023-03-21,71.675003,72.824997,71.644997,72.714996,70.815819,12776800
2023-03-22,72.750000,73.279999,71.065002,71.095001,69.238136,10983600
2023-03-23,71.955002,72.480003,70.315002,71.019997,69.165077,12255600
2023-03-24,70.855003,70.915001,69.889999,70.790001,68.941086,9434600
2023-03-27,71.470001,71.735001,70.639999,70.934998,69.082298,8414400
2023-03-28,70.915001,71.105003,70.370003,70.849998,68.999542,5719600
2023-03-29,71.620003,72.220001,71.370003,72.195000,70.309395,7725400
2023-03-30,72.885002,73.190002,72.535004,72.824997,70.922943,6478400
2023-03-31,73.290001,74.815002,73.184998,74.769997,72.817146,10453800
2023-04-03,74.095001,74.445000,73.570000,74.084999,72.150032,11338400
2023-04-04,74.330002,74.500000,73.320000,73.964996,72.033157,9383000
2023-04-05,73.654999,73.680000,72.294998,72.449997,70.557724,8861600
2023-04-06,72.114998,72.595001,71.445000,72.464996,70.572350,7636200
2023-04-10,71.724998,72.809998,71.294998,72.785004,70.883987,7276800
2023-04-11,72.824997,73.309998,72.570000,72.900002,70.995972,8808000
2023-04-12,73.504997,73.529999,71.690002,71.769997,69.895477,9062600
2023-04-13,72.290001,73.419998,72.055000,73.355003,71.439102,13140000
2023-04-14,73.190002,73.900002,72.839996,73.449997,71.531624,10801600
2023-04-17,73.635002,74.129997,73.264999,73.970001,72.038040,9102400
2023-04-18,74.339996,74.510002,73.769997,74.089996,72.154907,9058800
2023-04-19,73.400002,74.445000,73.330002,74.019997,72.086739,7600400
2023-04-20,72.805000,73.504997,72.470001,72.879997,70.976494,8287000
2023-04-21,73.474998,73.980003,72.910004,73.684998,71.760483,8870200
2023-04-24,73.794998,74.230003,73.000000,73.675003,71.750748,7750000
2023-04-25,73.190002,73.320000,72.205002,72.214996,70.328865,8494400
2023-04-26,72.580002,72.815002,71.699997,71.845001,69.968529,7706000
2023-04-27,72.349998,73.824997,72.300003,73.739998,71.814041,9630800
2023-04-28,73.394997,74.029999,72.709999,73.930000,71.999092,8271000
2023-05-01,73.750000,73.910004,73.095001,73.199997,71.288155,8547800
2023-05-02,73.089996,73.434998,72.385002,73.275002,71.361191,9217200
2023-05-03,72.970001,73.945000,72.639999,72.695000,70.796333,8512000
2023-05-04,72.705002,73.019997,72.019997,72.135002,70.250969,10663000
2023-05-05,72.815002,73.735001,72.684998,73.595001,71.672829,7371800
2023-05-08,73.820000,73.875000,73.355003,73.845001,71.916298,6850000
2023-05-09,73.440002,73.879997,73.320000,73.824997,71.896820,8465000
2023-05-10,74.504997,74.885002,73.349998,74.199997,72.262024,9028000
2023-05-11,74.245003,74.639999,73.964996,74.544998,72.598007,8288600
2023-05-12,74.800003,74.995003,73.474998,73.915001,71.984474,7557800
2023-05-15,74.000000,74.160004,73.364998,74.010002,72.076981,6412000
2023-05-16,73.504997,74.370003,73.400002,73.709999,71.784836,6948800
2023-05-17,74.175003,75.324997,74.160004,75.245003,73.279732,9331800
2023-05-18,75.410004,76.445000,75.400002,76.415001,74.419167,8606600
2023-05-19,76.230003,76.269997,75.394997,75.775002,73.795891,7150200
2023-05-22,75.809998,76.035004,75.279999,75.540001,73.567024,7120000
2023-05-23,74.959999,75.919998,74.699997,74.849998,72.895050,8583200
2023-05-24,74.690002,74.970001,73.995003,74.574997,72.627235,6952400
2023-05-25,74.805000,74.900002,73.989998,74.239998,72.300980,7997800
2023-05-26,74.415001,76.535004,74.290001,75.985001,74.000420,10410200
2023-05-30,76.815002,77.074997,76.000000,76.495003,74.497086,10981400
2023-05-31,75.989998,76.144997,74.754997,75.805000,73.825119,12489800
2023-06-01,75.739998,77.074997,75.214996,76.699997,74.696724,10168800
2023-06-02,77.614998,78.794998,77.570000,78.500000,76.449715,10824600
2023-06-05,78.485001,79.000000,78.275002,78.735001,76.678589,7854800
2023-06-06,78.589996,79.665001,78.540001,79.555000,77.477165,9799200
2023-06-07,80.114998,80.385002,78.864998,79.014999,76.951263,9206400
2023-06-08,79.139999,80.324997,79.089996,80.184998,78.090698,6720000
2023-06-09,81.010002,81.675003,80.410004,80.599998,78.494873,11579000
2023-06-12,81.095001,82.095001,80.855003,81.985001,79.843704,9410800
2023-06-13,82.639999,82.889999,81.974998,82.834999,80.671509,10836400
2023-06-14,82.980003,83.214996,81.669998,82.775002,80.613068,13420200
2023-06-15,82.035004,83.605003,81.889999,83.315002,81.138962,10713600
2023-06-16,83.904999,83.934998,83.135002,83.190002,81.017235,13295000
2023-06-20,82.845001,83.739998,82.589996,83.644997,81.624199,10973400
2023-06-21,83.614998,83.820000,82.500000,82.639999,80.643486,10916000
2023-06-22,82.129997,83.714996,82.035004,83.695000,81.672989,10753000
2023-06-23,82.709999,83.480003,82.385002,82.724998,80.726418,11690400
2023-06-26,82.220001,83.404999,81.629997,81.665001,79.692032,8673400
2023-06-27,82.144997,83.529999,82.040001,83.419998,81.404633,10957000
2023-06-28,83.199997,84.355003,83.129997,83.750000,81.726662,8715400
2023-06-29,83.894997,84.095001,83.339996,83.839996,81.814499,7752600
2023-06-30,84.544998,85.175003,84.330002,84.904999,82.853745,9479000
2023-07-03,85.754997,86.404999,85.754997,85.930000,83.853989,9303200
2023-07-05,85.794998,86.099998,85.455002,85.964996,83.888138,14528600
2023-07-06,84.879997,85.040001,84.184998,84.580002,82.536606,11474400
2023-07-07,84.625000,85.525002,84.470001,84.684998,82.639076,10563600
2023-07-10,84.750000,85.010002,84.220001,84.945000,82.892784,10638800
2023-07-11,85.180000,85.800003,85.105003,85.654999,83.585640,9633200
2023-07-12,86.820000,86.934998,86.224998,86.425003,84.337044,10131800
2023-07-13,87.230003,87.449997,86.620003,87.235001,85.127449,7390000
2023-07-14,87.230003,87.845001,87.074997,87.459999,85.347031,7919800
2023-07-17,87.510002,88.025002,87.419998,87.815002,85.693459,8363400
2023-07-18,87.500000,88.379997,87.239998,88.175003,86.044769,9365200
2023-07-19,88.400002,88.900002,88.309998,88.485001,86.347252,13090400
2023-07-20,87.470001,87.589996,85.349998,85.470001,83.405106,19470600
2023-07-21,86.235001,86.254997,85.120003,85.489998,83.424622,10484000
2023-07-24,85.370003,86.184998,85.010002,86.050003,83.971092,9651200
2023-07-25,86.010002,86.184998,85.629997,85.849998,83.775917,6483600
2023-07-26,85.309998,86.205002,85.230003,85.830002,83.756401,8834600
2023-07-27,86.695000,86.860001,84.775002,84.940002,82.887901,9464000
2023-07-28,85.864998,86.610001,85.595001,86.379997,84.293114,7943000
2023-07-31,86.595001,86.879997,86.309998,86.870003,84.771294,6943600
2023-08-01,86.434998,86.555000,85.824997,85.885002,83.810074,6900200
2023-08-02,84.889999,85.195000,84.169998,84.345001,82.307281,9707000
2023-08-03,83.864998,84.754997,83.665001,84.544998,82.502449,8049600
2023-08-04,86.925003,87.309998,85.675003,85.775002,83.702736,13507200
2023-08-07,86.074997,86.669998,85.355003,86.654999,84.561478,7369000
2023-08-08,85.779999,86.095001,85.129997,85.964996,83.888138,7255400
2023-08-09,86.084999,86.089996,84.800003,84.945000,82.892784,9045000
2023-08-10,85.584999,86.455002,84.739998,85.150002,83.092834,8723000
2023-08-11,84.574997,85.114998,84.235001,84.860001,82.809853,6302200
2023-08-14,84.339996,85.129997,84.175003,85.120003,83.063568,5639400
2023-08-15,84.805000,85.180000,83.834999,83.959999,81.931572,6628600
2023-08-16,83.599998,84.150002,82.894997,82.919998,80.916695,6715400
2023-08-17,83.154999,83.235001,81.464996,81.514999,79.545662,8709200
2023-08-18,80.635002,81.544998,80.464996,81.330002,79.365135,8249000
2023-08-21,81.805000,82.394997,81.339996,82.264999,80.277534,6645200
2023-08-22,82.900002,83.065002,82.074997,82.385002,80.394638,8006600
2023-08-23,82.004997,83.285004,81.925003,83.044998,81.038689,7728600
2023-08-24,83.190002,83.300003,81.394997,81.419998,79.452950,7949000
2023-08-25,81.785004,82.570000,81.050003,82.330002,80.340958,10093000
2023-08-28,82.860001,82.945000,82.165001,82.660004,80.662987,5962800
2023-08-29,82.639999,84.760002,82.639999,84.724998,82.678093,8913800
2023-08-30,84.570000,85.410004,84.360001,85.089996,83.034279,7289000
2023-08-31,85.144997,85.820000,85.025002,85.355003,83.292885,7872600
2023-09-01,85.839996,86.059998,84.339996,84.834999,82.785431,10618400
2023-09-05,84.684998,85.095001,84.195000,84.894997,82.844002,9426200
2023-09-06,84.449997,84.580002,83.529999,84.139999,82.107239,11155000
2023-09-07,83.250000,84.474998,83.035004,84.375000,82.336548,10439400
2023-09-08,84.260002,84.949997,84.139999,84.375000,82.336548,5709400
2023-09-11,85.629997,86.779999,85.589996,86.644997,84.551712,10648600
2023-09-12,86.334999,86.915001,85.860001,85.860001,83.785690,9908200
2023-09-13,86.129997,86.785004,85.845001,86.540001,84.449249,7984800
2023-09-14,86.824997,87.614998,86.419998,87.389999,85.278717,9777000
2023-09-15,86.989998,87.110001,85.699997,85.894997,83.819824,11981600
2023-09-18,85.500000,85.599998,84.695000,84.809998,82.908264,7442400
2023-09-19,84.370003,84.550003,83.610001,84.385002,82.492783,8324000
2023-09-20,84.660004,85.144997,83.540001,83.544998,81.671616,8857400
2023-09-21,82.489998,82.535004,81.250000,81.264999,79.442734,12236000
2023-09-22,81.760002,81.930000,80.394997,80.464996,78.660675,14209400
2023-09-25,80.135002,81.129997,79.934998,80.959999,79.144592,9486800
2023-09-26,80.224998,80.720001,79.309998,79.485001,77.702644,11667000
2023-09-27,79.695000,79.955002,78.370003,79.180000,77.404488,12485000
2023-09-28,78.889999,80.294998,78.690002,80.065002,78.269646,10291800
2023-09-29,81.230003,81.540001,80.044998,80.489998,78.685120,13116600
2023-10-02,80.010002,81.209999,79.815002,80.555000,78.748657,14663600
2023-10-03,79.934998,80.019997,78.320000,78.595001,76.832596,14613800
2023-10-04,78.980003,80.320000,78.959999,80.144997,78.347855,15340600
2023-10-05,80.035004,80.250000,79.114998,79.745003,77.956818,13922000
2023-10-06,78.904999,80.614998,78.470001,80.305000,78.504272,15265000
2023-10-09,79.334999,80.550003,78.830002,80.389999,78.587364,10496000
2023-10-10,80.514999,82.040001,80.480003,81.269997,79.447624,13458600
2023-10-11,81.599998,81.995003,80.839996,81.559998,79.731110,7974400
2023-10-12,81.574997,81.720001,80.120003,80.669998,78.861084,9181200
2023-10-13,80.790001,80.915001,79.264999,79.485001,77.702644,11327000
2023-10-16,79.915001,81.029999,79.714996,80.769997,78.958839,11071400
2023-10-17,80.035004,81.360001,79.885002,80.959999,79.144592,13419800
2023-10-18,80.345001,80.470001,78.904999,79.059998,77.287186,10414600
2023-10-19,78.379997,78.739998,76.675003,77.040001,75.312485,21134800
2023-10-20,76.860001,76.900002,75.805000,75.845001,74.144272,13357800
2023-10-23,75.540001,76.894997,74.735001,75.934998,74.232254,15707200
2023-10-24,76.514999,77.235001,76.184998,76.745003,75.024094,9960400
2023-10-25,76.144997,76.275002,75.110001,75.195000,73.508842,11201000
2023-10-26,75.114998,75.525002,73.915001,74.019997,72.360199,16921600
2023-10-27,75.309998,75.945000,74.550003,74.794998,73.117813,15226600
2023-10-30,75.654999,75.955002,74.820000,75.480003,73.787460,13858000
2023-10-31,75.514999,76.285004,75.214996,76.050003,74.344688,10168600
2023-11-01,76.495003,77.040001,75.894997,76.989998,75.263603,21669800
2023-11-02,78.330002,79.044998,78.084999,79.000000,77.228523,20069600
2023-11-03,79.650002,80.540001,79.625000,80.110001,78.313637,13727200
2023-11-06,80.410004,80.680000,79.660004,80.209999,78.411400,11280600
2023-11-07,80.355003,81.205002,80.190002,81.105003,79.286339,8773600
2023-11-08,81.129997,81.269997,80.410004,80.889999,79.076157,8334600
2023-11-09,80.779999,80.879997,79.099998,79.379997,77.599998,11497200
2023-11-10,79.480003,80.730003,79.074997,80.699997,78.890419,10312200
2023-11-13,80.345001,81.320000,79.985001,81.044998,79.227676,9880000
2023-11-14,83.070000,84.035004,82.949997,83.775002,81.896454,15258400
2023-11-15,84.184998,84.574997,83.610001,83.875000,81.994217,12388800
2023-11-16,83.150002,83.730003,82.650002,83.014999,81.153503,12287400
2023-11-17,83.294998,83.794998,82.775002,83.570000,81.696060,8921000
2023-11-20,83.550003,84.180000,83.294998,84.000000,82.116409,9285000
2023-11-21,83.375000,83.870003,83.105003,83.785004,81.906242,7603600
2023-11-22,84.144997,84.684998,83.709999,84.040001,82.155510,8963400
2023-11-24,83.985001,84.264999,83.839996,84.120003,82.233711,3483000
2023-11-27,84.169998,84.695000,83.809998,84.254997,82.365692,7299600
2023-11-28,84.154999,84.785004,83.695000,84.739998,82.839813,11974000
2023-11-29,85.370003,85.800003,84.449997,84.510002,82.614960,7659400
2023-11-30,84.510002,84.544998,83.730003,84.389999,82.497658,13023000
2023-12-01,84.029999,85.570000,83.864998,85.544998,83.626762,14955800
2023-12-04,84.925003,85.589996,84.720001,85.220001,83.309036,18477600
2023-12-05,84.760002,86.214996,84.690002,85.370003,83.455696,7822600
2023-12-06,86.010002,86.430000,85.430000,85.495003,83.577888,12228000
2023-12-07,85.839996,86.355003,85.565002,86.199997,84.267075,7380200
2023-12-08,85.764999,86.760002,85.699997,86.595001,84.653221,8096400
2023-12-11,86.495003,86.934998,86.230003,86.824997,84.878059,18892400
2023-12-12,86.730003,87.154999,86.385002,87.095001,85.142021,7411400
2023-12-13,87.065002,88.330002,86.385002,88.235001,86.256447,10898400
2023-12-14,89.004997,89.775002,88.665001,89.419998,87.414864,15288800
2023-12-15,89.440002,89.824997,89.144997,89.605003,87.595726,11258200
2023-12-18,89.730003,90.285004,89.550003,90.000000,88.139244,7719400
2023-12-19,90.305000,90.940002,90.285004,90.705002,88.829681,7194000
2023-12-20,90.300003,91.095001,89.029999,89.050003,87.208900,8621600
2023-12-21,89.989998,90.434998,89.485001,90.404999,88.535889,7855000
2023-12-22,90.044998,90.430000,89.370003,89.739998,87.884621,8522800
2023-12-26,89.940002,90.235001,89.764999,90.120003,88.256775,5480800
2023-12-27,90.235001,90.665001,90.190002,90.430000,88.560364,7495800
2023-12-28,90.559998,90.730003,89.889999,89.959999,88.100082,5608800
2023-12-29,89.995003,90.144997,89.099998,89.404999,87.556549,8268600
2024-01-02,89.125000,89.165001,88.235001,88.574997,86.743713,15369600
2024-01-03,87.985001,88.029999,86.750000,86.785004,84.990730,15522800
2024-01-04,86.434998,87.245003,86.144997,86.175003,84.393341,11915000
2024-01-05,85.955002,87.014999,85.919998,86.309998,84.525543,12084400
2024-01-08,86.459999,87.879997,86.440002,87.779999,85.965149,8142600
2024-01-09,87.139999,87.580002,86.915001,87.455002,85.646866,8330000
2024-01-10,87.589996,88.370003,87.570000,88.154999,86.332397,7624400
2024-01-11,88.055000,88.334999,87.120003,88.040001,86.219772,8592000
2024-01-12,87.675003,88.074997,86.815002,86.980003,85.181702,7444400
2024-01-16,86.455002,87.220001,86.199997,86.879997,85.083748,8976200
2024-01-17,85.964996,86.150002,85.480003,86.120003,84.339470,7961800
2024-01-18,86.529999,86.714996,85.660004,86.610001,84.819344,9926000
2024-01-19,86.745003,87.620003,86.224998,87.445000,85.637085,9782800
2024-01-22,87.635002,87.885002,86.669998,87.059998,85.260033,11184200
2024-01-23,87.144997,87.434998,86.410004,86.849998,85.054382,7107200
2024-01-24,87.425003,87.514999,86.455002,86.519997,84.731194,8622200
2024-01-25,85.705002,85.775002,84.860001,85.449997,83.683327,11092800
2024-01-26,85.815002,86.275002,85.514999,85.839996,84.065254,6977800
2024-01-29,86.014999,87.110001,85.864998,87.095001,85.294327,7381200
2024-01-30,87.239998,87.459999,86.879997,87.044998,85.245346,6274400
2024-01-31,86.489998,86.955002,85.385002,85.459999,83.693123,13663800
2024-02-01,85.860001,87.129997,85.559998,87.105003,85.304108,14682200
2024-02-02,87.699997,89.019997,87.279999,88.660004,86.826973,20763800
2024-02-05,87.750000,87.750000,86.379997,87.410004,85.602806,13346200
2024-02-06,87.035004,87.959999,87.035004,87.940002,86.121857,9373600
2024-02-07,88.430000,89.254997,88.220001,88.925003,87.086494,7796400
2024-02-08,88.985001,89.370003,88.815002,89.315002,87.468422,8100000
2024-02-09,89.239998,90.095001,89.035004,89.949997,88.090294,9584800
2024-02-12,89.980003,90.440002,89.705002,89.875000,88.016830,6040200
2024-02-13,88.065002,88.584999,87.614998,88.084999,86.263855,14801400
2024-02-14,88.419998,89.055000,87.934998,89.014999,87.174629,11561000
2024-02-15,89.195000,90.050003,88.959999,90.044998,88.183327,10567600
2024-02-16,89.654999,90.035004,88.959999,89.510002,87.659378,8512200
2024-02-20,88.690002,89.004997,88.105003,88.665001,86.831856,8756400
2024-02-21,88.955002,89.739998,88.735001,89.320000,87.473305,8886200
2024-02-22,90.120003,91.199997,89.959999,91.055000,89.172447,8800000
2024-02-23,90.699997,91.105003,90.500000,90.644997,88.770935,7575800
2024-02-26,90.910004,91.364998,90.785004,90.925003,89.045128,7051600
2024-02-27,91.334999,91.650002,90.885002,91.224998,89.338928,5852400
2024-02-28,91.074997,92.019997,91.025002,91.584999,89.691475,7408800
2024-02-29,91.910004,92.419998,91.440002,92.205002,90.298668,8270400
2024-03-01,92.125000,92.644997,91.654999,92.510002,90.597359,11065800
2024-03-04,92.055000,92.364998,91.235001,91.260002,89.373215,11336800
2024-03-05,90.675003,90.839996,89.815002,90.125000,88.261665,12941800
2024-03-06,90.480003,90.720001,89.550003,89.805000,87.948273,9299600
2024-03-07,90.050003,90.860001,90.029999,90.489998,88.619118,6713400
2024-03-08,90.699997,91.065002,89.855003,90.154999,88.291061,12463600
2024-03-11,89.904999,90.264999,89.684998,89.910004,88.051109,8306400
2024-03-12,90.209999,91.035004,89.605003,90.684998,88.810081,7906400
2024-03-13,90.459999,91.065002,90.355003,90.495003,88.624023,5717000
2024-03-14,90.599998,90.690002,89.434998,89.919998,88.060913,10810400
2024-03-15,89.315002,89.919998,88.785004,89.025002,87.184410,9868800
2024-03-18,89.724998,89.934998,89.099998,89.510002,87.850342,8512800
2024-03-19,89.489998,90.330002,89.364998,90.285004,88.610954,7624200
2024-03-20,90.459999,91.644997,90.385002,91.629997,89.931015,8497400
2024-03-21,92.269997,92.610001,92.120003,92.165001,90.456093,7146400
2024-03-22,91.205002,91.605003,91.014999,91.360001,89.666023,5718600
2024-03-25,91.004997,91.529999,91.004997,91.059998,89.371590,5664600
2024-03-26,91.644997,92.025002,91.114998,91.175003,89.484459,5387800
2024-03-27,91.885002,92.239998,91.434998,92.230003,90.519890,5812000
2024-03-28,92.114998,92.385002,91.915001,91.945000,90.240189,5958200
2024-04-01,92.044998,92.144997,90.925003,91.260002,89.567894,9941800
2024-04-02,89.790001,89.959999,89.510002,89.915001,88.247826,12270400
2024-04-03,89.410004,90.294998,89.410004,89.980003,88.311623,10165200
2024-04-04,90.660004,91.000000,88.915001,88.925003,87.276176,9650600
2024-04-05,89.220001,90.000000,89.035004,89.419998,87.762001,10081800
2024-04-08,89.949997,90.565002,89.879997,90.269997,88.596237,8295800
2024-04-09,90.714996,90.745003,89.940002,90.695000,89.013351,8559800
2024-04-10,89.220001,89.660004,88.879997,89.294998,87.639328,10806000
2024-04-11,89.599998,90.339996,88.849998,90.014999,88.345963,8433400
2024-04-12,89.315002,89.375000,88.264999,88.555000,86.913040,10729000
2024-04-15,89.199997,89.264999,87.000000,87.080002,85.465393,11136800
2024-04-16,86.629997,87.070000,86.175003,86.584999,84.979553,12870800
2024-04-17,87.004997,87.095001,85.809998,86.165001,84.567345,12416800
2024-04-18,86.324997,86.680000,85.394997,85.629997,84.042274,9411800
2024-04-19,85.629997,85.824997,84.544998,84.879997,83.306175,13580800
2024-04-22,85.059998,85.684998,84.449997,85.254997,83.674217,8950200
2024-04-23,85.739998,86.519997,85.315002,86.269997,84.670403,7889400
2024-04-24,87.559998,87.815002,86.470001,87.095001,85.480118,8948600
2024-04-25,85.775002,87.355003,85.415001,87.169998,85.553703,10701200
2024-04-26,87.470001,88.550003,87.345001,87.955002,86.324158,6665800
2024-04-29,89.764999,90.139999,89.120003,90.000000,88.331238,10308400
2024-04-30,89.120003,89.540001,87.739998,87.809998,86.181854,7218400
2024-05-01,87.855003,88.970001,86.815002,87.260002,85.642052,14336800
2024-05-02,88.080002,88.529999,87.209999,88.360001,86.721649,8238600
2024-05-03,89.470001,89.995003,88.800003,88.955002,87.305626,9013000
2024-05-06,89.510002,89.904999,89.250000,89.904999,88.238007,6229000
2024-05-07,89.845001,89.885002,89.125000,89.260002,87.604973,6300600
2024-05-08,88.480003,89.059998,88.415001,88.925003,87.276176,5763200
2024-05-09,88.964996,89.750000,88.764999,89.529999,87.869965,5046000
2024-05-10,89.605003,89.675003,88.864998,89.050003,87.398865,5654400
2024-05-13,89.434998,89.639999,88.625000,88.934998,87.285988,8142800
2024-05-14,88.790001,89.485001,88.750000,89.339996,87.683487,6044600
2024-05-15,89.739998,89.805000,88.894997,89.474998,87.815979,7182800
2024-05-16,89.425003,89.559998,88.864998,88.894997,87.246727,6589200
2024-05-17,88.974998,89.364998,88.714996,89.349998,87.693291,5577400
2024-05-20,89.139999,89.389999,88.474998,88.684998,87.040627,4002000
2024-05-21,88.605003,89.275002,88.269997,89.254997,87.600052,4375400
2024-05-22,89.040001,89.129997,87.964996,88.324997,86.687309,6332200
2024-05-23,88.565002,88.565002,86.764999,86.894997,85.283821,7354600
2024-05-24,87.489998,88.044998,87.245003,87.769997,86.142586,5150200
2024-05-28,87.449997,87.739998,87.084999,87.555000,85.931587,5344200
2024-05-29,86.900002,87.320000,86.900002,86.980003,85.367241,4344000
2024-05-30,87.235001,87.739998,87.065002,87.495003,85.872696,4496600
2024-05-31,87.555000,88.004997,86.605003,87.985001,86.353607,6840400
2024-06-03,88.044998,88.334999,87.125000,87.945000,86.314346,7929000
2024-06-04,87.574997,88.394997,87.544998,88.035004,86.402672,5779800
2024-06-05,88.239998,88.550003,87.445000,88.550003,86.908134,4581800
2024-06-06,88.625000,89.230003,88.584999,89.195000,87.541161,4455600
2024-06-07,88.690002,89.370003,88.665001,88.830002,87.182930,4548600
2024-06-10,88.570000,89.205002,88.570000,89.114998,87.462654,3731000
2024-06-11,89.074997,89.074997,88.095001,88.879997,87.232018,5566000
2024-06-12,89.660004,90.385002,89.389999,89.805000,88.139862,7957600
2024-06-13,90.415001,90.589996,89.555000,89.875000,88.208565,5227000
2024-06-14,89.739998,89.739998,88.629997,89.165001,87.511726,6105600
2024-06-17,89.050003,90.955002,88.885002,90.730003,89.047714,7353200
2024-06-18,90.654999,90.764999,90.120003,90.425003,88.748360,4483800
2024-06-20,90.334999,90.760002,90.065002,90.540001,88.861237,4722800
2024-06-21,91.000000,91.425003,90.570000,91.305000,89.612038,8623200
2024-06-24,91.320000,91.720001,90.684998,90.720001,89.229439,5077800
2024-06-25,90.815002,90.815002,90.065002,90.355003,88.870445,4712800
2024-06-26,90.135002,91.849998,90.014999,91.665001,90.158905,5031800
2024-06-27,91.875000,92.235001,91.504997,92.224998,90.709724,4228200
2024-06-28,91.764999,92.355003,90.735001,91.199997,89.701561,7914600
2024-07-01,91.555000,91.934998,91.035004,91.510002,90.006462,6393200
2024-07-02,92.014999,93.300003,91.930000,93.290001,91.757225,5884600
2024-07-03,93.614998,94.235001,93.480003,93.885002,92.342453,4379600
2024-07-05,94.349998,94.709999,93.879997,94.650002,93.094872,3996400
2024-07-08,94.529999,95.110001,94.434998,94.695000,93.139130,3676800
2024-07-09,94.589996,95.610001,94.525002,95.010002,93.448952,3656000
2024-07-10,95.220001,95.815002,94.665001,95.724998,94.152206,4557800
2024-07-11,96.175003,96.830002,94.224998,94.510002,92.957176,8996000
2024-07-12,94.385002,96.555000,94.250000,95.745003,94.171890,5453600
2024-07-15,96.279999,96.949997,95.334999,95.635002,94.063690,5080200
2024-07-16,96.190002,97.394997,96.035004,97.349998,95.750504,4123200
2024-07-17,96.629997,96.875000,95.555000,95.724998,94.152206,5797200
2024-07-18,95.925003,96.540001,94.470001,94.750000,93.193222,4375200
2024-07-19,94.394997,94.779999,93.525002,93.904999,92.362114,3872200
2024-07-22,94.584999,95.269997,94.220001,94.940002,93.380096,4808400
2024-07-23,95.305000,95.455002,94.470001,94.514999,92.962090,4823600
2024-07-24,92.419998,92.459999,90.605003,90.650002,89.160591,8200800
2024-07-25,90.635002,91.879997,90.019997,90.294998,88.811417,10240800
2024-07-26,90.959999,91.785004,90.730003,91.305000,89.804832,4529400
2024-07-29,91.919998,93.169998,91.870003,92.830002,91.304771,7145600
2024-07-30,93.040001,93.165001,91.449997,92.315002,90.798241,4281000
2024-07-31,93.419998,94.529999,93.214996,93.745003,92.204742,4993600
2024-08-01,93.785004,94.065002,90.660004,91.445000,89.942528,7295800
2024-08-02,88.464996,88.464996,87.025002,88.080002,86.632828,12738400
2024-08-05,83.529999,86.474998,83.239998,85.589996,84.183731,16391800
2024-08-06,86.044998,87.769997,85.254997,86.535004,85.113197,9523400
2024-08-07,87.245003,87.400002,84.919998,85.025002,83.628014,8404400
2024-08-08,85.790001,87.114998,85.320000,86.879997,85.452522,5935200
2024-08-09,86.864998,87.574997,86.650002,87.169998,85.737755,6379600
2024-08-12,87.339996,87.339996,86.294998,86.824997,85.398430,4929800
2024-08-13,87.230003,89.080002,87.059998,89.000000,87.537697,5847000
2024-08-14,88.989998,89.260002,88.169998,88.525002,87.070518,4779800
2024-08-15,90.209999,91.485001,90.209999,91.349998,89.849091,6288000
2024-08-16,90.925003,91.945000,90.925003,91.565002,90.060562,4767800
2024-08-19,91.800003,92.739998,91.709999,92.690002,91.167068,4570000
2024-08-20,92.699997,93.150002,92.334999,92.605003,91.083466,4679000
2024-08-21,93.364998,93.964996,93.154999,93.775002,92.234245,4532200
2024-08-22,93.940002,94.029999,91.985001,92.154999,90.640869,5709800
2024-08-23,92.875000,94.040001,92.860001,93.934998,92.391617,6304200
2024-08-26,93.845001,94.044998,92.915001,93.205002,91.673607,3211000
2024-08-27,92.974998,93.095001,92.330002,92.959999,91.432640,3328200
2024-08-28,92.904999,93.135002,91.324997,92.059998,90.547424,5668600
2024-08-29,92.870003,93.264999,92.084999,92.169998,90.655617,4616000
2024-08-30,92.510002,93.644997,92.139999,93.559998,92.022781,4672200
2024-09-03,93.290001,93.724998,91.849998,92.275002,90.758888,9876400
2024-09-04,92.014999,92.934998,91.894997,92.514999,90.994942,10007600
2024-09-05,92.949997,94.205002,92.860001,93.565002,92.027695,7264200
2024-09-06,93.745003,94.084999,91.160004,91.199997,89.701561,7714000
2024-09-09,92.154999,92.889999,91.910004,92.529999,91.009705,4297400
2024-09-10,92.889999,93.650002,92.334999,93.589996,92.052284,9424600
2024-09-11,93.449997,94.654999,91.504997,94.525002,92.971931,7511200
2024-09-12,94.519997,95.635002,94.410004,95.589996,94.019424,4748600
2024-09-13,95.675003,96.480003,95.555000,96.239998,94.658737,3926200
2024-09-16,96.190002,96.394997,95.555000,96.074997,94.496437,3077200
2024-09-17,96.644997,97.519997,96.264999,96.565002,94.978409,4307800
2024-09-18,96.705002,98.025002,96.260002,96.375000,94.791527,6634600
2024-09-19,98.235001,98.790001,97.915001,98.570000,96.950470,5865400
2024-09-20,98.394997,98.495003,97.614998,98.345001,96.729164,5552400
2024-09-23,98.555000,99.375000,98.349998,99.334999,97.904488,7271200
2024-09-24,99.824997,100.230003,99.235001,100.205002,98.761963,4059200
2024-09-25,99.860001,100.059998,99.544998,99.845001,98.407150,3389800
2024-09-26,100.730003,100.949997,99.675003,100.269997,98.826027,4266400
2024-09-27,100.650002,100.824997,100.129997,100.419998,98.973862,3441800
2024-09-30,100.144997,100.464996,99.224998,100.184998,98.742249,4572400
2024-10-01,100.125000,100.214996,98.480003,99.779999,98.343079,8229000
2024-10-02,98.599998,99.209999,98.195000,98.934998,97.510231,7482400
2024-10-03,98.074997,98.455002,97.394997,97.790001,96.381744,7101400
2024-10-04,98.870003,99.315002,98.059998,99.084999,97.658089,7828200
2024-10-07,98.355003,98.355003,97.195000,97.544998,96.140266,5202000
2024-10-08,97.980003,98.654999,97.820000,98.495003,97.076591,4733200
2024-10-09,98.820000,99.400002,98.394997,99.199997,97.771431,5537400
2024-10-10,99.019997,99.239998,98.419998,98.709999,97.288483,3259000
2024-10-11,97.714996,98.684998,97.699997,98.290001,96.874542,4991600
2024-10-14,98.489998,98.885002,98.084999,98.720001,97.298340,3566600
2024-10-15,98.750000,99.580002,98.750000,98.934998,97.510231,6855200
2024-10-16,99.029999,99.480003,98.900002,99.455002,98.022766,4607000
2024-10-17,99.629997,99.790001,99.035004,99.364998,97.934044,3488800
2024-10-18,99.574997,100.019997,99.184998,99.754997,98.318436,3797000
2024-10-21,99.535004,99.535004,98.605003,98.980003,97.554604,3304800
2024-10-22,98.220001,98.934998,97.959999,98.580002,97.160355,3157600
2024-10-23,97.790001,98.014999,96.514999,97.029999,95.632690,4339000
2024-10-24,99.150002,100.224998,98.849998,100.089996,98.648613,6991400
2024-10-25,100.269997,101.290001,100.035004,100.404999,98.959076,5440000
2024-10-28,101.195000,101.540001,100.595001,100.639999,99.190689,4102400
2024-10-29,99.805000,100.324997,99.489998,100.114998,98.673256,4247000
2024-10-30,100.355003,100.805000,99.894997,99.974998,98.535255,4879800
2024-10-31,99.750000,99.974998,98.385002,98.445000,97.027313,6197400
2024-11-01,100.254997,101.074997,99.949997,100.044998,98.604248,7607600
2024-11-04,99.625000,100.525002,99.455002,99.699997,98.264229,4769200
2024-11-05,99.925003,101.495003,99.839996,101.464996,100.003807,4424200
2024-11-06,103.775002,104.794998,102.949997,104.709999,103.202080,9398600
2024-11-07,104.915001,106.480003,104.879997,106.055000,104.527725,8021000
2024-11-08,106.040001,108.135002,105.925003,107.559998,106.011040,7785800
2024-11-11,109.250000,110.195000,108.754997,109.730003,108.149796,9210000
2024-11-12,109.449997,109.464996,107.875000,108.264999,106.705894,10535200
2024-11-13,108.995003,109.769997,108.620003,109.190002,107.617561,5883400
2024-11-14,109.010002,109.449997,107.550003,107.639999,106.089890,4620200
2024-11-15,107.035004,107.550003,106.230003,106.720001,105.183136,7824800
2024-11-18,108.004997,108.529999,107.014999,107.705002,106.153954,4752200
2024-11-19,106.709999,108.114998,106.214996,107.785004,106.232811,3935800
2024-11-20,107.464996,107.535004,106.190002,107.309998,105.764641,5979200
2024-11-21,107.635002,107.769997,106.669998,107.500000,105.951912,5468400
2024-11-22,107.809998,109.364998,107.809998,109.050003,107.479591,4550600
2024-11-25,110.349998,111.135002,110.110001,110.165001,108.578537,7360400
2024-11-26,110.110001,110.754997,109.934998,110.565002,108.972778,3979600
2024-11-27,110.769997,110.925003,109.754997,110.019997,108.435616,3829000
2024-11-29,110.264999,111.175003,110.199997,111.150002,109.549339,1771400
2024-12-02,111.934998,112.385002,111.724998,112.120003,110.505386,8134800
2024-12-03,111.900002,112.105003,111.430000,112.035004,110.421600,7051400
2024-12-04,112.275002,113.184998,112.154999,113.074997,111.446617,5539400
2024-12-05,113.184998,114.514999,113.135002,114.000000,112.358299,7321000
2024-12-06,114.930000,116.425003,114.919998,116.400002,114.723740,4889200
2024-12-09,117.070000,117.785004,115.614998,116.029999,114.359055,6513800
2024-12-10,116.050003,117.300003,115.834999,116.220001,114.546333,7630800
2024-12-11,117.184998,118.300003,117.120003,118.260002,116.556953,5734800
2024-12-12,118.199997,118.330002,117.129997,117.279999,115.591064,4871800
2024-12-13,117.245003,117.794998,116.949997,117.745003,116.049370,5382400
2024-12-16,118.355003,119.425003,118.125000,119.339996,117.621391,6013600
2024-12-17,119.879997,119.964996,118.724998,119.714996,117.990997,10221000
2024-12-18,118.764999,120.139999,113.855003,114.320000,112.673691,14405000
2024-12-19,115.879997,116.209999,113.485001,114.165001,112.520935,13205200
2024-12-20,113.019997,116.254997,112.750000,114.455002,112.806747,10915800
2024-12-23,114.445000,114.699997,113.089996,114.584999,113.148903,5922400
2024-12-24,115.070000,117.250000,114.974998,117.235001,115.765694,2552600
2024-12-26,116.985001,117.224998,116.285004,116.800003,115.336151,4109600
2024-12-27,116.025002,116.025002,114.315002,114.870003,113.430336,6097200
2024-12-30,113.125000,113.754997,112.315002,113.025002,111.608452,5413000
2024-12-31,113.639999,113.974998,111.985001,112.175003,110.769104,5250800
2025-01-02,112.220001,112.559998,109.995003,110.699997,109.312584,9166400
2025-01-03,111.320000,113.010002,110.760002,112.940002,111.524521,6501000
2025-01-06,114.160004,114.245003,112.769997,113.385002,111.963951,6785400
2025-01-07,113.290001,113.625000,110.785004,111.190002,109.796455,5554000
2025-01-08,111.150002,111.945000,110.589996,111.504997,110.107506,5309200
2025-01-10,111.080002,111.269997,109.809998,110.410004,109.026230,6869400
2025-01-13,109.570000,111.050003,109.150002,111.035004,109.643394,5422000
2025-01-14,112.150002,112.735001,110.404999,110.820000,109.431091,6762200
2025-01-15,113.375000,113.735001,112.589996,113.639999,112.215744,6197400
2025-01-16,113.445000,113.445000,112.574997,113.025002,111.608452,4851800
2025-01-17,114.514999,115.330002,114.330002,114.610001,113.173592,3884600
2025-01-21,115.644997,115.750000,114.184998,115.449997,114.003059,6036600
2025-01-22,115.205002,115.695000,114.820000,115.014999,113.573517,4948800
2025-01-23,114.845001,115.709999,114.540001,115.709999,114.259804,3888800
2025-01-24,115.735001,115.855003,114.785004,115.004997,113.563637,3543400
2025-01-27,113.279999,115.709999,113.275002,115.660004,114.210426,7069800
2025-01-28,115.324997,116.120003,114.775002,115.800003,114.348671,5211000
2025-01-29,115.894997,116.250000,115.089996,115.470001,114.022820,6538000
2025-01-30,117.004997,117.285004,115.724998,116.599998,115.138649,5386400
2025-01-31,116.745003,117.925003,115.860001,116.084999,114.630104,5092600
2025-02-03,113.570000,115.044998,112.605003,114.550003,113.114342,7460000
2025-02-04,114.620003,116.014999,114.605003,115.900002,114.447411,3987000
2025-02-05,115.154999,115.440002,114.315002,114.584999,113.148903,5902800
2025-02-06,114.910004,115.345001,114.334999,115.040001,113.598206,6045800
2025-02-07,114.260002,115.129997,112.699997,112.790001,111.376404,5536400
2025-02-10,113.239998,113.785004,112.720001,113.175003,111.756577,5963800
2025-02-11,112.455002,112.769997,111.614998,111.889999,110.487686,5538200
2025-02-12,111.055000,112.449997,110.760002,111.870003,110.467926,7903000
2025-02-13,112.595001,113.665001,112.394997,113.550003,112.126884,6484400
2025-02-14,114.360001,114.459999,113.110001,113.500000,112.077507,3425600
2025-02-18,113.470001,113.620003,112.459999,113.184998,111.766434,7567200
2025-02-19,112.660004,113.180000,112.440002,113.120003,111.702263,3996400
2025-02-20,112.809998,112.809998,111.285004,112.144997,110.739487,4732400
2025-02-21,112.410004,112.445000,108.760002,109.195000,107.826462,9043000
2025-02-24,109.684998,109.845001,108.330002,108.785004,107.421600,5953400
2025-02-25,108.724998,108.974998,106.705002,108.214996,106.858734,8006400
2025-02-26,108.945000,109.555000,107.540001,107.769997,106.419319,6143600
2025-02-27,108.269997,108.570000,106.129997,106.214996,104.883797,6799000
2025-02-28,106.254997,108.050003,105.830002,107.980003,106.626686,7696400
2025-03-03,108.610001,109.184998,104.860001,105.989998,104.661621,10983600
2025-03-04,104.184998,105.930000,102.745003,104.120003,102.815063,13842600
2025-03-05,104.195000,105.894997,103.735001,105.705002,104.380203,10128200
2025-03-06,104.139999,104.894997,102.570000,103.025002,101.733788,9755400
2025-03-07,102.389999,103.125000,100.135002,102.834999,101.546165,9798800
2025-03-10,101.470001,101.610001,98.290001,99.165001,97.922165,14412600
2025-03-11,99.110001,99.959999,97.195000,98.195000,96.964302,14379600
2025-03-12,99.894997,99.995003,97.559998,98.764999,97.527184,8548200
2025-03-13,98.614998,98.614998,95.845001,96.300003,95.093071,9992800
2025-03-14,97.775002,98.455002,96.925003,98.349998,97.117378,6295600
2025-03-17,98.360001,99.065002,97.654999,98.504997,97.270432,6053200
2025-03-18,97.584999,97.589996,96.349998,96.750000,95.537430,8246200
2025-03-19,97.425003,99.165001,97.190002,98.605003,97.369186,9831400
2025-03-20,97.879997,99.629997,97.800003,98.370003,97.137123,8586400
2025-03-21,97.195000,98.779999,96.690002,98.724998,97.487671,9794800
2025-03-24,99.875000,102.235001,99.875000,102.144997,101.142448,8567600
2025-03-25,102.389999,103.019997,101.775002,102.959999,101.949448,7421400
2025-03-26,102.739998,102.964996,101.029999,101.614998,100.617638,6187000
2025-03-27,101.294998,103.214996,101.040001,101.680000,100.682007,6736800
2025-03-28,101.095001,101.254997,98.224998,98.519997,97.553017,9886600
2025-03-31,96.595001,99.065002,95.904999,98.730003,97.760963,10221000
2025-04-01,98.605003,100.565002,98.070000,99.760002,98.780861,11097400
2025-04-02,97.964996,102.245003,97.879997,101.654999,100.657257,9356000
2025-04-03,96.139999,97.464996,95.065002,95.514999,94.577522,13795600
2025-04-04,92.309998,94.675003,90.845001,91.394997,90.497955,25286000
2025-04-07,87.925003,94.610001,86.550003,90.315002,89.428566,41234000
2025-04-08,93.720001,94.230003,86.980003,88.169998,87.304619,17407400
2025-04-09,88.019997,98.074997,87.875000,97.769997,96.810379,29318600
2025-04-10,95.415001,95.474998,90.900002,93.949997,93.027885,16600400
2025-04-11,93.745003,95.050003,92.070000,94.860001,93.928947,8266800
2025-04-14,96.275002,96.785004,93.860001,95.135002,94.201256,7720600
2025-04-15,94.980003,95.775002,93.915001,94.449997,93.522972,6676400
2025-04-16,93.540001,94.269997,90.940002,92.120003,91.215851,8579600
2025-04-17,92.654999,93.300003,91.900002,92.699997,91.790138,7623600
2025-04-21,91.364998,91.474998,88.985001,90.224998,89.339432,9802000
2025-04-22,91.260002,93.974998,91.250000,93.080002,92.166428,8564800
2025-04-23,96.440002,97.474998,94.934998,95.160004,94.226021,8957400
2025-04-24,95.150002,97.150002,94.915001,97.055000,96.102402,5341200
2025-04-25,97.050003,98.864998,96.809998,98.800003,97.830284,5968800
2025-04-28,99.184998,99.949997,97.459999,98.834999,97.864944,5562000
2025-04-29,98.080002,99.669998,97.964996,99.535004,98.558067,5136600
2025-04-30,97.099998,98.904999,95.815002,98.629997,97.661942,5881800
2025-05-01,99.125000,100.470001,98.959999,99.175003,98.201599,7359000
2025-05-02,100.224998,101.290001,99.570000,100.714996,99.726479,7457000
2025-05-05,99.904999,100.224998,99.315002,99.644997,98.666985,4677000
2025-05-06,98.430000,99.500000,98.339996,98.775002,97.805519,4811200
2025-05-07,98.985001,99.989998,98.625000,99.544998,98.567970,5359400
2025-05-08,100.504997,101.760002,99.864998,100.720001,99.731430,6464400
2025-05-09,100.980003,101.959999,100.714996,101.205002,100.211685,5159600
2025-05-12,106.589996,106.599998,105.195000,106.235001,105.192307,9569400
2025-05-13,106.885002,108.089996,106.535004,107.639999,106.583519,11431000
2025-05-14,107.915001,108.589996,107.605003,108.055000,106.994438,7117000
2025-05-15,107.035004,108.105003,106.699997,107.815002,106.756790,8393000
2025-05-16,108.180000,108.910004,107.889999,108.834999,107.766777,5973200
2025-05-19,107.065002,108.739998,106.839996,108.580002,107.514290,6935000
2025-05-20,108.779999,109.089996,107.500000,108.014999,106.954834,7046800
2025-05-21,107.160004,107.529999,105.400002,105.824997,104.786324,10325600
2025-05-22,105.639999,107.065002,105.360001,106.279999,105.236862,8992400
2025-05-23,104.510002,105.800003,104.339996,105.324997,104.291237,7497000
2025-05-27,106.514999,108.525002,106.514999,108.434998,107.370705,7886800
2025-05-28,108.529999,108.559998,107.260002,107.440002,106.385483,7542400
2025-05-29,108.519997,108.584999,106.934998,107.485001,106.430038,8031600
2025-05-30,107.070000,107.815002,106.190002,106.900002,105.850777,10233200
2025-06-02,106.595001,107.165001,105.279999,107.150002,106.098328,8783800
2025-06-03,107.245003,108.614998,107.220001,107.720001,106.662735,7855400
2025-06-04,107.809998,107.870003,106.650002,107.434998,106.380524,7581000
2025-06-05,107.160004,107.714996,103.855003,104.724998,103.697128,12096600
2025-06-06,106.239998,106.584999,105.720001,106.084999,105.043770,9948800
2025-06-09,105.720001,107.135002,105.120003,106.934998,105.885429,10596400
2025-06-10,107.089996,108.235001,106.964996,108.214996,107.152863,8594800
2025-06-11,108.845001,108.885002,106.959999,107.360001,106.306259,6888600
2025-06-12,106.764999,107.434998,106.570000,106.855003,105.806229,5413800
2025-06-13,105.489998,107.000000,105.364998,105.870003,104.830887,10292200
2025-06-16,106.705002,107.190002,106.394997,107.010002,105.959702,4764600
2025-06-17,106.415001,106.675003,104.970001,105.165001,104.132805,8473200
2025-06-18,105.375000,106.345001,105.120003,105.214996,104.182304,7405800
2025-06-20,106.135002,106.379997,104.809998,105.339996,104.306076,9704800
2025-06-23,105.330002,107.394997,104.855003,107.199997,106.373520,12557200
2025-06-24,108.305000,108.345001,107.464996,107.794998,106.963928,8652000
2025-06-25,108.135002,108.160004,106.080002,106.525002,105.703728,9302000
2025-06-26,106.620003,107.730003,106.389999,107.504997,106.676170,7543000
2025-06-27,108.029999,109.305000,107.794998,109.294998,108.452377,8902000
2025-06-30,109.260002,109.500000,108.364998,108.665001,107.827225,7003400
2025-07-01,107.620003,109.589996,107.360001,109.129997,108.288643,13085400
2025-07-02,109.824997,110.239998,109.129997,110.004997,109.156906,12436200
2025-07-03,110.500000,110.919998,110.209999,110.605003,109.752274,6904800
2025-07-07,109.095001,109.650002,108.510002,109.199997,108.358109,10081600
2025-07-08,109.449997,109.654999,108.745003,108.830002,107.990967,6855000
2025-07-09,109.315002,109.790001,108.904999,109.474998,108.630981,4864800
2025-07-10,109.709999,110.955002,109.595001,110.684998,109.831657,7566000
2025-07-11,110.389999,110.949997,109.934998,110.714996,109.861420,6690400
2025-07-14,110.739998,111.160004,110.419998,111.125000,110.268265,7292200
2025-07-15,111.195000,111.459999,109.489998,109.535004,108.690529,10133200
2025-07-16,109.724998,109.964996,108.735001,109.735001,108.888977,13982600
2025-07-17,109.809998,110.285004,109.625000,110.110001,109.261093,7742400
2025-07-18,110.665001,111.139999,110.500000,111.084999,110.228569,11246400
2025-07-21,111.459999,112.029999,111.375000,111.610001,110.749519,9807800
2025-07-22,111.964996,112.949997,111.650002,112.739998,111.870811,10980000
2025-07-23,113.000000,113.445000,112.864998,113.275002,112.401688,10083200
2025-07-24,111.760002,112.410004,111.165001,111.400002,110.541145,15148400
2025-07-25,111.959999,112.605003,111.680000,112.434998,111.568161,12268000
2025-07-28,112.870003,113.669998,112.514999,113.089996,112.218109,11332600
2025-07-29,113.110001,113.129997,112.059998,112.309998,111.444130,11012600
2025-07-30,112.474998,112.680000,110.974998,111.599998,110.739601,13746000
2025-07-31,112.139999,112.330002,110.565002,110.714996,109.861420,13728200
2025-08-01,108.264999,108.650002,107.375000,108.044998,107.212013,22660400
2025-08-04,108.875000,109.485001,108.529999,109.315002,108.472221,12640200
2025-08-05,109.474998,110.144997,109.135002,109.455002,108.611145,11021600
2025-08-06,109.779999,111.779999,109.629997,111.730003,110.868607,11728800
2025-08-07,112.010002,112.519997,110.754997,111.695000,110.833870,12127600
2025-08-08,111.764999,112.440002,111.695000,111.889999,111.027367,10108600
2025-08-11,112.169998,112.750000,111.989998,112.180000,111.315132,9686400
2025-08-12,113.029999,113.500000,112.230003,113.370003,112.495964,9791400
2025-08-13,113.794998,115.089996,113.675003,114.925003,114.038971,12555400
2025-08-14,114.269997,114.980003,114.150002,114.794998,113.909966,11244600
2025-08-15,115.394997,115.514999,114.114998,114.519997,113.637085,9346800
2025-08-18,114.290001,115.154999,114.290001,114.980003,114.093559,9293000
2025-08-19,115.000000,116.029999,114.665001,114.925003,114.038971,11843000
2025-08-20,115.165001,115.440002,113.089996,113.790001,112.912720,15303600
2025-08-21,113.224998,113.415001,112.474998,113.114998,112.242920,10117000
2025-08-22,113.669998,116.605003,113.504997,116.550003,115.651443,14933800
2025-08-25,116.129997,116.750000,115.824997,116.315002,115.418251,9851400
2025-08-26,116.150002,116.885002,116.065002,116.849998,115.949127,10809600
2025-08-27,116.845001,117.264999,116.724998,116.875000,115.973923,8764400
2025-08-28,117.105003,117.254997,116.345001,117.074997,116.172394,8211400
2025-08-29,117.070000,117.250000,115.565002,115.870003,114.976677,11766000
2025-09-02,114.404999,115.139999,114.154999,115.004997,114.118347,14705400
2025-09-03,115.235001,116.114998,114.959999,115.470001,114.579765,13839000
2025-09-04,116.360001,117.635002,116.209999,117.580002,116.673492,24662400
2025-09-05,118.199997,118.930000,117.129997,117.555000,116.648689,30997000
2025-09-08,118.165001,118.349998,117.620003,118.010002,117.100189,18769200
2025-09-09,117.925003,117.970001,117.065002,117.845001,116.936462,13340200
2025-09-10,118.029999,118.029999,116.129997,116.434998,115.537323,16330400
2025-09-11,116.904999,118.779999,116.754997,118.699997,117.784866,16448800
2025-09-12,118.514999,119.489998,118.464996,119.315002,118.395119,9002800
2025-09-15,121.220001,121.385002,119.754997,120.349998,119.422134,13760200
2025-09-16,120.785004,121.230003,120.425003,121.089996,120.156441,8687400
2025-09-17,121.010002,121.699997,119.500000,120.785004,119.853790,15324000
2025-09-18,121.264999,121.324997,120.239998,120.239998,119.312996,10819800
2025-09-19,120.870003,121.235001,120.474998,120.695000,119.764481,12576200
2025-09-22,120.400002,121.010002,120.040001,120.089996,119.374329,12283600
2025-09-23,120.364998,120.455002,118.760002,118.959999,118.251060,9696400
2025-09-24,119.495003,120.010002,119.114998,119.800003,119.086060,9862000
2025-09-25,119.055000,119.099998,117.574997,118.110001,117.406128,11590800
2025-09-26,118.644997,119.925003,118.235001,119.855003,119.140724,9749400
2025-09-29,120.485001,120.794998,119.625000,120.379997,119.662590,11244600
2025-09-30,120.264999,120.375000,118.879997,119.820000,119.105934,12982000
2025-10-01,119.614998,120.940002,119.404999,120.570000,119.851463,11258000
2025-10-02,121.160004,121.349998,119.625000,119.699997,118.986649,13191400
2025-10-03,120.245003,120.445000,118.269997,118.930000,118.221230,13934400
2025-10-06,119.724998,120.120003,118.599998,119.949997,119.235153,10462800
2025-10-07,119.635002,119.639999,117.809998,117.849998,117.147667,14624000
2025-10-08,118.364998,118.559998,117.169998,118.199997,117.495583,7910200
2025-10-09,117.745003,117.785004,116.785004,117.610001,116.909103,9757600
2025-10-10,117.665001,118.209999,114.339996,114.375000,113.693375,17978200
2025-10-13,115.425003,117.110001,115.235001,116.930000,116.233162,10860200
2025-10-14,115.389999,117.839996,114.915001,117.175003,116.476700,12533600
2025-10-15,117.709999,118.495003,116.379997,117.345001,116.645691,10836000
2025-10-16,117.434998,117.764999,115.334999,116.209999,115.517448,13036800
2025-10-17,116.150002,117.489998,115.875000,117.209999,116.511482,11769800
2025-10-20,117.750000,118.285004,117.580002,118.139999,117.435944,8356400
2025-10-21,118.364998,120.035004,118.300003,119.584999,118.872330,8674600
2025-10-22,119.349998,119.430000,117.989998,118.650002,117.942909,12749600
2025-10-23,117.665001,119.334999,117.275002,119.184998,118.474709,11286800
2025-10-24,119.629997,119.915001,118.709999,118.830002,118.121834,6481600
2025-10-27,120.070000,120.974998,119.809998,120.540001,119.821648,7407800
2025-10-28,120.360001,121.455002,119.940002,120.570000,119.851463,8999400
2025-10-29,120.595001,120.614998,118.889999,119.574997,118.862396,11064000
2025-10-30,117.735001,118.654999,116.860001,116.875000,116.178482,11853400
2025-10-31,120.184998,120.635002,119.195000,119.964996,119.250061,13414400
2025-11-03,121.205002,121.495003,120.760002,121.089996,120.368362,10730800
2025-11-04,119.550003,120.445000,118.915001,119.080002,118.370346,9312600
2025-11-05,119.565002,120.714996,118.644997,120.529999,119.811699,11716200
2025-11-06,119.875000,120.035004,117.129997,117.745003,117.043304,14726000
2025-11-07,117.500000,118.309998,116.425003,117.930000,117.227203,11502000
2025-11-10,119.095001,119.669998,118.614998,119.480003,118.767960,10434800
2025-11-11,119.275002,119.885002,118.970001,119.775002,119.061203,12775400
2025-11-12,120.125000,120.254997,118.665001,118.970001,118.261002,9314200
2025-11-13,118.470001,118.855003,115.790001,116.000000,115.308701,15268400
2025-11-14,114.675003,116.510002,114.294998,115.445000,114.757004,14662200
2025-11-17,114.845001,116.144997,113.709999,114.360001,113.678467,20233600
2025-11-18,113.025002,113.620003,112.074997,112.250000,111.581047,27057400
2025-11-19,113.114998,113.114998,111.665001,112.254997,111.586014,15912200
2025-11-20,113.514999,114.750000,110.464996,110.580002,109.921005,24924400
2025-11-21,111.320000,113.845001,110.980003,112.750000,112.078064,19013200
2025-11-24,113.625000,114.934998,113.500000,114.254997,113.574097,11181800
2025-11-25,114.300003,116.889999,114.089996,116.699997,116.004517,10395400
2025-11-26,117.110001,117.739998,116.650002,117.500000,116.799759,8122200
2025-11-28,117.769997,118.400002,117.769997,118.230003,117.525406,4827200
2025-12-01,117.660004,118.959999,117.614998,118.300003,117.594994,11579800
2025-12-02,118.584999,118.665001,117.485001,118.220001,117.515472,11105800
2025-12-03,118.235001,119.809998,118.235001,119.495003,118.782867,9369800
2025-12-04,119.669998,119.794998,118.394997,119.070000,118.360405,11828800
2025-12-05,119.180000,120.089996,119.180000,119.730003,119.016472,4556800
2025-12-08,119.250000,119.360001,117.750000,117.989998,117.286835,6400100
2025-12-09,117.510002,118.489998,117.330002,117.980003,117.276909,5153900
2025-12-10,118.120003,120.279999,118.110001,119.709999,118.996582,9440800
2025-12-11,119.720001,120.360001,119.510002,120.180000,119.463791,5863400
2025-12-12,120.510002,121.360001,119.660004,120.699997,119.980682,7865600
2025-12-15,121.720001,122.400002,121.220001,121.730003,121.004555,12137500
2025-12-16,121.660004,122.220001,121.059998,121.930000,121.203362,12052000
2025-12-17,122.029999,122.650002,120.519997,120.519997,119.801765,10597600
2025-12-18,122.220001,123.629997,122.080002,122.339996,121.610909,11598200
2025-12-19,122.370003,122.419998,121.739998,121.849998,121.123833,9728700
2025-12-22,122.360001,122.820000,122.089996,122.339996,121.851913,8073400
2025-12-23,122.269997,122.650002,121.889999,122.169998,121.682602,9766400
2025-12-24,122.279999,122.629997,121.930000,122.589996,122.100922,2250000
2025-12-26,122.430000,122.779999,121.879997,122.050003,121.563087,4197000
2025-12-29,121.559998,121.559998,120.709999,120.849998,120.367867,6535400
2025-12-30,120.610001,120.779999,120.269997,120.360001,119.879822,4180500
2025-12-31,120.440002,120.459999,119.360001,119.410004,118.933617,4356100
2026-01-02,120.080002,120.120003,117.709999,118.349998,117.877838,16200700
2026-01-05,118.949997,121.150002,118.589996,120.300003,119.820061,17653800
2026-01-06,119.529999,121.260002,119.440002,121.070000,120.586990,17759400
2026-01-07,121.260002,122.129997,120.900002,120.900002,120.417671,11327700
2026-01-08,120.580002,123.139999,120.400002,122.919998,122.429604,12565400
2026-01-09,122.919998,124.559998,122.180000,124.410004,123.913666,13817800
2026-01-12,123.870003,125.010002,123.339996,124.519997,124.023216,8773100
2026-01-13,124.529999,124.699997,123.419998,124.209999,123.714462,9033300
2026-01-14,123.389999,123.410004,121.639999,122.250000,121.762283,10758100
2026-01-15,122.870003,123.250000,122.400002,122.699997,122.210487,7447900
2026-01-16,122.760002,123.040001,121.879997,122.300003,121.812088,7058700
2026-01-20,120.279999,120.570000,118.900002,119.120003,118.644768,9720000
2026-01-21,119.410004,121.900002,119.410004,121.400002,120.915672,11017600
2026-01-22,122.129997,123.080002,121.720001,122.620003,122.130806,6594200
2026-01-23,122.480003,123.389999,122.230003,123.129997,122.638771,6470900
2026-01-26,123.059998,123.400002,122.300003,122.320000,121.832001,4812700
2026-01-27,122.739998,122.919998,121.820000,122.690002,122.200523,4269700
2026-01-28,123.089996,123.690002,121.589996,121.769997,121.284195,8732200
2026-01-29,122.470001,122.599998,120.410004,121.190002,120.706505,12410400
2026-01-30,121.260002,122.000000,120.540001,121.169998,120.686592,11706400
2026-02-02,120.739998,122.410004,120.120003,121.970001,121.483406,8483000
2026-02-03,122.080002,122.760002,119.820000,120.989998,120.507301,12467800
2026-02-04,121.099998,121.540001,119.349998,120.099998,119.620857,13915400
2026-02-05,118.550003,118.830002,117.070000,117.510002,117.041191,13290000
2026-02-06,115.690002,118.160004,115.400002,117.989998,117.519272,20971100
2026-02-09,117.430000,118.209999,116.400002,117.550003,117.081032,10975700
2026-02-10,117.760002,119.220001,117.699997,118.330002,117.857918,9920700
2026-02-11,118.449997,118.879997,117.290001,117.760002,117.290199,10214100
2026-02-12,118.410004,119.199997,115.830002,116.129997,115.666695,16374300
2026-02-13,116.000000,117.150002,115.529999,116.180000,115.716499,10836200
2026-02-17,115.980003,116.320000,114.430000,116.040001,115.577057,9623000
2026-02-18,116.110001,117.760002,115.940002,117.019997,116.553139,9719500
2026-02-19,116.330002,116.550003,115.580002,116.239998,115.776253,9482400
2026-02-20,115.930000,117.650002,115.610001,117.449997,116.981422,16652900
2026-02-23,116.639999,116.769997,113.860001,114.989998,114.531242,14604800
2026-02-24,115.400002,117.059998,115.320000,116.739998,116.274261,11320500
2026-02-25,116.980003,117.589996,116.510002,117.089996,116.622864,8776100
2026-02-26,117.230003,117.660004,116.139999,117.050003,116.583023,9560900
2026-02-27,116.010002,116.940002,115.650002,116.860001,116.393784,9636200
2026-03-02,114.029999,115.730003,113.720001,115.419998,114.959526,18205600
2026-03-03,113.099998,114.769997,111.809998,114.360001,113.903755,20773100
2026-03-04,115.089996,116.629997,114.879997,116.389999,115.925659,11496700
2026-03-05,115.919998,117.080002,115.519997,116.550003,116.085030,14880400
2026-03-06,114.779999,114.989998,113.639999,114.440002,113.983437,16348500
2026-03-09,112.940002,114.930000,110.989998,114.589996,114.132835,16278500
2026-03-10,114.610001,115.730003,113.949997,114.440002,113.983437,11784400
2026-03-11,114.830002,115.699997,113.570000,114.139999,113.684631,10959300
2026-03-12,113.120003,113.430000,111.470001,111.519997,111.075089,12088200
2026-03-13,112.169998,112.489998,110.720001,110.860001,110.417725,11708600
2026-03-16,111.790001,112.870003,111.620003,112.199997,111.752373,9307600
2026-03-17,112.779999,113.650002,112.720001,113.180000,112.728462,6767000
2026-03-18,112.500000,112.989998,110.440002,110.570000,110.128876,10979200
2026-03-19,109.629997,110.339996,108.870003,109.699997,109.262344,12496400
2026-03-20,109.430000,109.430000,107.150002,107.739998,107.310165,12297000
2026-03-23,109.779999,111.430000,109.589996,110.120003,109.901009,14779100
2026-03-24,109.040001,110.320000,108.949997,109.680000,109.461876,9032200
2026-03-25,111.160004,111.910004,110.099998,110.730003,110.509796,9412900
2026-03-26,110.050003,110.900002,108.739998,108.830002,108.613571,7981000
2026-03-27,108.309998,108.309998,105.449997,105.680000,105.469833,10454700
2026-03-30,106.610001,107.169998,105.190002,105.660004,105.449875,10192000
2026-03-31,107.230003,109.410004,106.709999,108.980003,108.763275,19487500
2026-04-01,109.690002,110.500000,108.739998,109.800003,109.581642,14467600
2026-04-02,107.459999,109.529999,107.099998,108.150002,107.934921,9684700
2026-04-06,107.930000,109.230003,107.930000,109.040001,108.823151,6908800
2026-04-07,108.110001,108.180000,106.449997,107.769997,107.555672,8956400
2026-04-08,112.250000,112.610001,110.279999,110.820000,110.599609,14442400
2026-04-09,110.820000,112.889999,110.400002,112.739998,112.515793,6660500
2026-04-10,113.000000,113.459999,112.239998,112.889999,112.665497,5607400
2026-04-13,112.339996,113.949997,112.000000,113.919998,113.693443,5992600
2026-04-14,114.650002,116.830002,114.580002,116.440002,116.208435,8128600
2026-04-15,116.529999,118.440002,116.150002,118.180000,117.944977,8034700
2026-04-16,118.400002,118.550003,117.099998,117.629997,117.396065,5671900
2026-04-17,119.690002,121.849998,119.459999,120.410004,120.170540,9839500
2026-04-20,120.139999,120.400002,118.849998,119.870003,119.631615,5450100
2026-04-21,120.839996,120.910004,118.680000,118.970001,118.733406,7208300
2026-04-22,119.529999,119.760002,118.660004,118.930000,118.693481,5289900
2026-04-23,118.220001,118.849998,116.669998,117.739998,117.505844,7530900
2026-04-24,118.139999,118.900002,117.669998,118.690002,118.453964,5546000
2026-04-27,118.089996,118.449997,117.279999,117.839996,117.605644,6915900
2026-04-28,117.449997,117.790001,116.870003,117.010002,116.777306,6740900
2026-04-29,116.209999,117.129997,116.129997,116.839996,116.607635,8155400
2026-04-30,118.500000,118.669998,116.430000,118.349998,118.114632,10280700
2026-05-01,118.610001,119.769997,117.820000,118.629997,118.394073,13071300
2026-05-04,118.349998,119.300003,117.190002,117.720001,117.485893,10737700
2026-05-05,118.589996,119.290001,118.050003,118.070000,117.835190,6216900
2026-05-06,118.970001,120.540001,118.769997,119.870003,119.631615,10430700
2026-05-07,120.589996,121.099998,119.320000,119.879997,119.641594,7928000
2026-05-08,120.250000,121.129997,119.940002,120.199997,119.960953,6054100
2026-05-11,119.379997,119.860001,118.510002,119.370003,119.132614,5829100
2026-05-12,119.029999,119.349998,117.449997,118.290001,118.054756,6622100
2026-05-13,118.059998,119.230003,117.449997,118.720001,118.483902,4611800
2026-05-14,119.010002,119.680000,118.559998,118.669998,118.433998,5966700
2026-05-15,117.309998,117.370003,116.309998,116.529999,116.298256,10453900
2026-05-18,116.500000,117.779999,115.540001,116.320000,116.088676,9985100
2026-05-19,115.129997,115.320000,114.199997,115.029999,114.801239,8578200
2026-05-20,115.269997,117.949997,114.779999,117.940002,117.705452,12155100
2026-05-21,117.589996,119.220001,116.809998,118.699997,118.463936,7082300
2026-05-22,119.160004,119.870003,118.980003,119.180000,118.942986,5289800
2026-05-26,119.730003,120.239998,118.699997,119.449997,119.212448,5007100
2026-05-27,120.690002,121.949997,120.550003,121.550003,121.308273,13116100
2026-05-28,121.099998,122.190002,120.570000,122.059998,121.817253,7591900
2026-05-29,121.599998,122.180000,120.830002,120.870003,120.629631,7258000
2026-06-01,119.690002,119.830002,117.970001,118.190002,117.954956,11012100
2026-06-02,117.519997,118.269997,116.559998,117.589996,117.356148,8219300
2026-06-03,116.629997,117.620003,116.129997,116.730003,116.497864,6086400
2026-06-04,117.959999,118.190002,117.040001,117.260002,117.026810,4969900
2026-06-05,117.400002,118.099998,114.570000,114.860001,114.631577,7699300
2026-06-08,114.769997,116.019997,114.769997,115.389999,115.160522,6307400
2026-06-09,116.160004,117.589996,114.250000,115.870003,115.639572,8203500
2026-06-10,115.459999,115.680000,113.379997,113.489998,113.264297,7515100
2026-06-11,114.120003,116.459999,113.440002,116.300003,116.068718,8680300
2026-06-12,117.019997,117.019997,114.820000,116.599998,116.368118,7655200
2026-06-15,118.610001,119.510002,118.309998,118.570000,118.334198,6590300
2026-06-16,118.669998,119.459999,118.339996,118.459999,118.224419,6050500
2026-06-17,117.809998,118.169998,115.180000,115.489998,115.260323,9065700
2026-06-18,116.650002,117.660004,115.540001,117.160004,116.927010,8728500
2026-06-22,115.989998,116.919998,114.870003,114.940002,114.940002,7555600
2026-06-23,113.949997,114.660004,113.470001,113.760002,113.760002,9196000
2026-06-24,114.150002,116.959999,113.930000,115.070000,115.070000,8301400
2026-06-25,114.650002,115.059998,113.129997,113.349998,113.349998,7151300
2026-06-26,113.199997,115.459999,113.160004,114.370003,114.370003,8948900
2026-06-29,115.209999,117.540001,115.040001,117.120003,117.120003,10586700
2026-06-30,116.230003,117.570000,116.230003,117.279999,117.279999,5167900
2026-07-01,117.779999,119.160004,116.900002,118.089996,118.089996,9864300
2026-07-02,118.629997,119.209999,116.580002,117.120003,117.120003,10882400
2026-07-06,117.529999,118.190002,116.099998,118.010002,118.010002,9063600
2026-07-07,118.919998,119.120003,117.110001,117.389999,117.389999,9191400
2026-07-08,116.309998,116.320000,114.440002,115.300003,115.300003,15042700
2026-07-09,114.720001,116.879997,114.550003,116.849998,116.849998,8521800
2026-07-10,117.589996,117.889999,116.480003,117.239998,117.239998,5971500
2026-07-13,117.199997,117.519997,115.620003,116.040001,116.040001,5984800
2026-07-14,116.010002,116.400002,115.459999,115.900002,115.900002,6669300
2026-07-15,116.459999,117.809998,116.459999,117.000000,117.000000,9073000
2026-07-16,117.120003,118.220001,116.860001,117.339996,117.339996,6057000
2026-07-17,115.910004,116.870003,115.320000,115.440002,115.440002,10275100
2026-07-20,116.220001,116.220001,114.379997,114.610001,114.610001,7804500
2026-07-21,114.639999,115.160004,114.279999,114.870003,114.870003,6553432
