date,dmd_growth_rate,tda_persistence,kalman_innovation,crisis_label
2005-04-01,-0.906977,0.125042,0.603067,0
2005-04-04,-0.906977,0.125042,0.348377,0
2005-04-05,-0.906977,0.125042,0.785328,0
2005-04-06,-0.906977,0.125042,0.556829,0
2005-04-07,-0.906977,0.125042,0.815961,0
2005-04-08,-0.849123,0.0769952,1.57813,0
2005-04-11,-0.849123,0.0769952,0.164823,0
2005-04-12,-0.849123,0.0769952,0.810019,0
2005-04-13,-0.849123,0.0769952,1.75946,0
2005-04-14,-0.849123,0.0769952,1.86465,0
2005-04-15,-0.749272,0.0769952,1.91993,0
2005-04-18,-0.749272,0.0769952,0.722273,0
2005-04-19,-0.749272,0.0769952,1.41028,0
2005-04-20,-0.749272,0.0769952,1.92344,0
2005-04-21,-0.749272,0.0769952,3.11805,0
2005-04-22,-0.810755,0.126806,0.455269,0
2005-04-25,-0.810755,0.126806,1.10654,0
2005-04-26,-0.810755,0.126806,1.37259,0
2005-04-27,-0.810755,0.126806,0.723926,0
2005-04-28,-0.810755,0.126806,1.76703,0
2005-04-29,-0.809046,0.196279,2.19863,0
2005-05-02,-0.809046,0.196279,0.922596,0
2005-05-03,-0.809046,0.196279,0.301576,0
2005-05-04,-0.809046,0.196279,1.17581,0
2005-05-05,-0.809046,0.196279,0.0738857,0
2005-05-06,-0.903068,0.190102,0.489276,0
2005-05-09,-0.903068,0.190102,0.927706,0
2005-05-10,-0.903068,0.190102,1.58898,0
2005-05-11,-0.903068,0.190102,0.848679,0
2005-05-12,-0.903068,0.190102,1.65164,0
2005-05-13,-0.836214,0.100965,0.223371,0
2005-05-16,-0.836214,0.100965,1.46458,0
2005-05-17,-0.836214,0.100965,1.00373,0
2005-05-18,-0.836214,0.100965,1.48944,0
2005-05-19,-0.836214,0.100965,0.521161,0
2005-05-20,-0.835027,0.234418,0.340347,0
2005-05-23,-0.835027,0.234418,0.709805,0
2005-05-24,-0.835027,0.234418,0.493746,0
2005-05-25,-0.835027,0.234418,0.234447,0
2005-05-26,-0.835027,0.234418,0.68391,0
2005-05-27,-0.958177,0.143168,0.104162,0
2005-05-31,-0.958177,0.143168,1.10407,0
2005-06-01,-0.958177,0.143168,1.16813,0
2005-06-02,-0.958177,0.143168,0.169221,0
2005-06-03,-0.958177,0.143168,0.912661,0
2005-06-06,-0.941215,0.0981492,0.252682,0
2005-06-07,-0.941215,0.0981492,0.00693708,0
2005-06-08,-0.941215,0.0981492,0.377521,0
2005-06-09,-0.941215,0.0981492,0.618355,0
2005-06-10,-0.941215,0.0981492,0.462346,0
2005-06-13,-1.00364,0.12816,0.375058,0
2005-06-14,-1.00364,0.12816,0.233,0
2005-06-15,-1.00364,0.12816,0.159751,0
2005-06-16,-1.00364,0.12816,0.249857,0
2005-06-17,-1.00364,0.12816,0.407876,0
2005-06-20,-0.957256,0.159571,0.112538,0
2005-06-21,-0.957256,0.159571,0.0704536,0
2005-06-22,-0.957256,0.159571,0.0305221,0
2005-06-23,-0.957256,0.159571,2.25873,0
2005-06-24,-0.957256,0.159571,1.1414,0
2005-06-27,-0.827601,0.101509,0.220857,0
2005-06-28,-0.827601,0.101509,1.24142,0
2005-06-29,-0.827601,0.101509,0.457046,0
2005-06-30,-0.827601,0.101509,0.847929,0
2005-07-01,-0.827601,0.101509,0.437347,0
2005-07-05,-0.69768,0.0560795,1.17047,0
2005-07-06,-0.69768,0.0560795,1.32681,0
2005-07-07,-0.69768,0.0560795,0.571988,0
2005-07-08,-0.69768,0.0560795,1.65034,0
2005-07-11,-0.69768,0.0560795,0.641662,0
2005-07-12,-0.908138,0.0594891,0.243018,0
2005-07-13,-0.908138,0.0594891,0.0483699,0
2005-07-14,-0.908138,0.0594891,0.42156,0
2005-07-15,-0.908138,0.0594891,0.265178,0
2005-07-18,-0.908138,0.0594891,0.762465,0
2005-07-19,-0.770827,0.0481837,0.680313,0
2005-07-20,-0.770827,0.0481837,0.343018,0
2005-07-21,-0.770827,0.0481837,1.05044,0
2005-07-22,-0.770827,0.0481837,0.859913,0
2005-07-25,-0.770827,0.0481837,0.593376,0
2005-07-26,-0.759165,0.107045,0.0377434,0
2005-07-27,-0.759165,0.107045,0.396733,0
2005-07-28,-0.759165,0.107045,0.770613,0
2005-07-29,-0.759165,0.107045,1.19452,0
2005-08-01,-0.759165,0.107045,0.252034,0
2005-08-02,-0.681088,0.108752,0.755691,0
2005-08-03,-0.681088,0.108752,0.226567,0
2005-08-04,-0.681088,0.108752,1.37573,0
2005-08-05,-0.681088,0.108752,1.12692,0
2005-08-08,-0.681088,0.108752,0.339082,0
2005-08-09,-0.720381,0.114853,0.850352,0
2005-08-10,-0.720381,0.114853,0.156802,0
2005-08-11,-0.720381,0.114853,0.51269,0
2005-08-12,-0.720381,0.114853,1.0171,0
2005-08-15,-0.720381,0.114853,0.862486,0
2005-08-16,-0.722473,0.0943238,2.04087,0
2005-08-17,-0.722473,0.0943238,0.0101275,0
2005-08-18,-0.722473,0.0943238,0.00970761,0
2005-08-19,-0.722473,0.0943238,0.343499,0
2005-08-22,-0.722473,0.0943238,0.0131742,0
2005-08-23,-0.761933,0.0782473,0.292173,0
2005-08-24,-0.761933,0.0782473,1.33129,0
2005-08-25,-0.761933,0.0782473,0.603124,0
2005-08-26,-0.761933,0.0782473,0.983489,0
2005-08-29,-0.761933,0.0782473,1.22295,0
2005-08-30,-0.701429,0.0763045,0.760211,0
2005-08-31,-0.701429,0.0763045,1.92839,0
2005-09-01,-0.701429,0.0763045,0.140058,0
2005-09-02,-0.701429,0.0763045,0.291585,0
2005-09-06,-0.701429,0.0763045,1.71924,0
2005-09-07,-0.940406,0.11405,0.16094,0
2005-09-08,-0.940406,0.11405,0.591892,0
2005-09-09,-0.940406,0.11405,1.24806,0
2005-09-12,-0.940406,0.11405,0.428544,0
2005-09-13,-0.940406,0.11405,0.93739,0
2005-09-14,-0.981173,0.139254,0.607925,0
2005-09-15,-0.981173,0.139254,0.109348,0
2005-09-16,-0.981173,0.139254,1.02223,0
2005-09-19,-0.981173,0.139254,0.574549,0
2005-09-20,-0.981173,0.139254,1.31502,0
2005-09-21,-0.792275,0.145239,1.387,0
2005-09-22,-0.792275,0.145239,0.602328,0
2005-09-23,-0.792275,0.145239,0.16852,0
2005-09-26,-0.792275,0.145239,0.209343,0
2005-09-27,-0.792275,0.145239,0.00853258,0
2005-09-28,-0.840585,0.145384,0.175353,0
2005-09-29,-0.840585,0.145384,1.22592,0
2005-09-30,-0.840585,0.145384,0.422745,0
2005-10-03,-0.840585,0.145384,0.590218,0
2005-10-04,-0.840585,0.145384,1.71343,0
2005-10-05,-0.946463,0.136442,1.91307,0
2005-10-06,-0.946463,0.136442,0.394541,0
2005-10-07,-0.946463,0.136442,0.670476,0
2005-10-10,-0.946463,0.136442,1.13341,0
2005-10-11,-0.946463,0.136442,0.0318663,0
2005-10-12,-1.05,0.0991052,0.989849,0
2005-10-13,-1.05,0.0991052,0.14085,0
2005-10-14,-1.05,0.0991052,1.78551,0
2005-10-17,-1.05,0.0991052,0.689408,0
2005-10-18,-1.05,0.0991052,1.51339,0
2005-10-19,-1.05191,0.118634,2.63199,0
2005-10-20,-1.05191,0.118634,2.59003,0
2005-10-21,-1.05191,0.118634,0.756074,0
2005-10-24,-1.05191,0.118634,2.42697,0
2005-10-25,-1.05191,0.118634,0.271936,0
2005-10-26,-1.05515,0.094236,0.396858,0
2005-10-27,-1.05515,0.094236,1.53375,0
2005-10-28,-1.05515,0.094236,2.25561,0
2005-10-31,-1.05515,0.094236,0.432711,0
2005-11-01,-1.05515,0.094236,0.448208,0
2005-11-02,-0.95122,0.12361,1.52953,0
2005-11-03,-0.95122,0.12361,0.54407,0
2005-11-04,-0.95122,0.12361,0.310311,0
2005-11-07,-0.95122,0.12361,0.0452255,0
2005-11-08,-0.95122,0.12361,0.103069,0
2005-11-09,-1.01604,0.126065,0.0962928,0
2005-11-10,-1.01604,0.126065,1.04748,0
2005-11-11,-1.01604,0.126065,0.353717,0
2005-11-14,-1.01604,0.126065,0.252844,0
2005-11-15,-1.01604,0.126065,0.698957,0
2005-11-16,-0.929606,0.0422589,0.177532,0
2005-11-17,-0.929606,0.0422589,1.24671,0
2005-11-18,-0.929606,0.0422589,0.392844,0
2005-11-21,-0.929606,0.0422589,0.537713,0
2005-11-22,-0.929606,0.0422589,0.402684,0
2005-11-23,-0.816536,0.0476552,0.603779,0
2005-11-25,-0.816536,0.0476552,0.164963,0
2005-11-28,-0.816536,0.0476552,1.33121,0
2005-11-29,-0.816536,0.0476552,0.376656,0
2005-11-30,-0.816536,0.0476552,0.998393,0
2005-12-01,-0.780231,0.110705,1.36375,0
2005-12-02,-0.780231,0.110705,0.023376,0
2005-12-05,-0.780231,0.110705,0.526976,0
2005-12-06,-0.780231,0.110705,0.0966213,0
2005-12-07,-0.780231,0.110705,1.06028,0
2005-12-08,-0.860513,0.110825,0.234345,0
2005-12-09,-0.860513,0.110825,0.260259,0
2005-12-12,-0.860513,0.110825,0.000166923,0
2005-12-13,-0.860513,0.110825,0.86718,0
2005-12-14,-0.860513,0.110825,0.401175,0
2005-12-15,-1.00597,0.11603,0.631984,0
2005-12-16,-1.00597,0.11603,0.650602,0
2005-12-19,-1.00597,0.11603,0.907626,0
2005-12-20,-1.00597,0.11603,0.0441432,0
2005-12-21,-1.00597,0.11603,0.136441,0
2005-12-22,-0.981739,0.121669,0.670839,0
2005-12-23,-0.981739,0.121669,0.0556314,0
2005-12-27,-0.981739,0.121669,1.65686,0
2005-12-28,-0.981739,0.121669,0.274446,0
2005-12-29,-0.981739,0.121669,0.734162,0
2005-12-30,-0.973156,0.125055,0.845742,0
2006-01-03,-0.973156,0.125055,2.59799,0
2006-01-04,-0.973156,0.125055,0.584765,0
2006-01-05,-0.973156,0.125055,0.0522034,0
2006-01-06,-0.973156,0.125055,1.08981,0
2006-01-09,-0.772737,0.123716,0.187354,0
2006-01-10,-0.772737,0.123716,0.0530902,0
2006-01-11,-0.772737,0.123716,0.271776,0
2006-01-12,-0.772737,0.123716,0.801321,0
2006-01-13,-0.772737,0.123716,0.314479,0
2006-01-17,-0.783414,0.129311,0.56612,0
2006-01-18,-0.783414,0.129311,0.72667,0
2006-01-19,-0.783414,0.129311,0.468993,0
2006-01-20,-0.783414,0.129311,2.86016,0
2006-01-23,-0.783414,0.129311,0.542828,0
2006-01-24,-0.684871,0.157668,0.139653,0
2006-01-25,-0.684871,0.157668,0.10953,0
2006-01-26,-0.684871,0.157668,0.79488,0
2006-01-27,-0.684871,0.157668,1.30961,0
2006-01-30,-0.684871,0.157668,0.239615,0
2006-01-31,-0.699083,0.165059,1.20544,0
2006-02-01,-0.699083,0.165059,0.978888,0
2006-02-02,-0.699083,0.165059,1.83849,0
2006-02-03,-0.699083,0.165059,0.755859,0
2006-02-06,-0.699083,0.165059,0.408298,0
2006-02-07,-0.737163,0.131736,1.32108,0
2006-02-08,-0.737163,0.131736,1.40843,0
2006-02-09,-0.737163,0.131736,0.25022,0
2006-02-10,-0.737163,0.131736,0.278932,0
2006-02-13,-0.737163,0.131736,0.275038,0
2006-02-14,-0.912228,0.162951,1.57699,0
2006-02-15,-0.912228,0.162951,0.457096,0
2006-02-16,-0.912228,0.162951,1.02261,0
2006-02-17,-0.912228,0.162951,0.539142,0
2006-02-21,-0.912228,0.162951,0.480194,0
2006-02-22,-1.17674,0.162105,0.812828,0
2006-02-23,-1.17674,0.162105,0.344517,0
2006-02-24,-1.17674,0.162105,0.270257,0
2006-02-27,-1.17674,0.162105,0.0648232,0
2006-02-28,-1.17674,0.162105,1.53932,0
2006-03-01,-1.08094,0.169397,1.26986,0
2006-03-02,-1.08094,0.169397,0.11802,0
2006-03-03,-1.08094,0.169397,0.792602,0
2006-03-06,-1.08094,0.169397,0.746875,0
2006-03-07,-1.08094,0.169397,0.260894,0
2006-03-08,-0.893674,0.161503,0.297286,0
2006-03-09,-0.893674,0.161503,1.03133,0
2006-03-10,-0.893674,0.161503,1.42478,0
2006-03-13,-0.893674,0.161503,0.228581,0
2006-03-14,-0.893674,0.161503,1.49118,0
2006-03-15,-0.942408,0.213111,0.531629,0
2006-03-16,-0.942408,0.213111,0.152198,0
2006-03-17,-0.942408,0.213111,0.0377177,0
2006-03-20,-0.942408,0.213111,0.399441,0
2006-03-21,-0.942408,0.213111,1.07955,0
2006-03-22,-0.960952,0.149493,0.813546,0
2006-03-23,-0.960952,0.149493,0.437128,0
2006-03-24,-0.960952,0.149493,0.0060391,0
2006-03-27,-0.960952,0.149493,0.325729,0
2006-03-28,-0.960952,0.149493,1.01129,0
2006-03-29,-0.932495,0.157826,0.883986,0
2006-03-30,-0.932495,0.157826,0.350549,0
2006-03-31,-0.932495,0.157826,0.0363121,0
2006-04-03,-0.932495,0.157826,0.183661,0
2006-04-04,-0.932495,0.157826,0.888422,0
2006-04-05,-0.842947,0.204774,0.409645,0
2006-04-06,-0.842947,0.204774,0.280381,0
2006-04-07,-0.842947,0.204774,1.6278,0
2006-04-10,-0.842947,0.204774,0.197889,0
2006-04-11,-0.842947,0.204774,1.30758,0
2006-04-12,-0.912563,0.148582,0.297791,0
2006-04-13,-0.912563,0.148582,0.189813,0
2006-04-17,-0.912563,0.148582,0.0423472,0
2006-04-18,-0.912563,0.148582,2.35769,0
2006-04-19,-0.912563,0.148582,0.190844,0
2006-04-20,-1.04707,0.151806,0.101897,0
2006-04-21,-1.04707,0.151806,0.084526,0
2006-04-24,-1.04707,0.151806,0.375666,0
2006-04-25,-1.04707,0.151806,0.700493,0
2006-04-26,-1.04707,0.151806,0.0183807,0
2006-04-27,-1.00177,0.118644,0.665263,0
2006-04-28,-1.00177,0.118644,0.415689,0
2006-05-01,-1.00177,0.118644,1.31834,0
2006-05-02,-1.00177,0.118644,1.07323,0
2006-05-03,-1.00177,0.118644,0.646867,0
2006-05-04,-0.895602,0.0413461,0.472507,0
2006-05-05,-0.895602,0.0413461,1.22506,0
2006-05-08,-0.895602,0.0413461,0.320189,0
2006-05-09,-0.895602,0.0413461,0.166426,0
2006-05-10,-0.895602,0.0413461,0.211784,0
2006-05-11,-0.896276,0.0418146,1.92988,0
2006-05-12,-0.896276,0.0418146,1.98785,0
2006-05-15,-0.896276,0.0418146,0.359886,0
2006-05-16,-0.896276,0.0418146,0.174303,0
2006-05-17,-0.896276,0.0418146,2.80501,0
2006-05-18,-0.787734,0.0892502,0.568259,0
2006-05-19,-0.787734,0.0892502,1.25631,0
2006-05-22,-0.787734,0.0892502,0.987739,0
2006-05-23,-0.787734,0.0892502,0.938313,0
2006-05-24,-0.787734,0.0892502,1.42622,0
2006-05-25,-0.946252,0.0840089,2.00344,0
2006-05-26,-0.946252,0.0840089,0.836207,0
2006-05-30,-0.946252,0.0840089,2.62392,0
2006-05-31,-0.946252,0.0840089,1.8194,0
2006-06-01,-0.946252,0.0840089,1.49616,0
2006-06-02,-1.09693,0.0679963,0.321008,0
2006-06-05,-1.09693,0.0679963,2.18982,0
2006-06-06,-1.09693,0.0679963,0.266133,0
2006-06-07,-1.09693,0.0679963,1.00889,0
2006-06-08,-1.09693,0.0679963,0.0271226,0
2006-06-09,-0.994886,0.0662873,0.318141,0
2006-06-12,-0.994886,0.0662873,1.45197,0
2006-06-13,-0.994886,0.0662873,1.49863,0
2006-06-14,-0.994886,0.0662873,1.45835,0
2006-06-15,-0.994886,0.0662873,3.36394,0
2006-06-16,-0.763356,0.0618216,1.00522,0
2006-06-19,-0.763356,0.0618216,1.04413,0
2006-06-20,-0.763356,0.0618216,0.683556,0
2006-06-21,-0.763356,0.0618216,1.24591,0
2006-06-22,-0.763356,0.0618216,0.56751,0
2006-06-23,-0.905991,0.0641829,0.091178,0
2006-06-26,-0.905991,0.0641829,0.766889,0
2006-06-27,-0.905991,0.0641829,1.21622,0
2006-06-28,-0.905991,0.0641829,1.137,0
2006-06-29,-0.905991,0.0641829,3.05352,0
2006-06-30,-0.916725,0.124828,0.0534291,0
2006-07-03,-0.916725,0.124828,0.543844,0
2006-07-05,-0.916725,0.124828,0.940343,0
2006-07-06,-0.916725,0.124828,0.388517,0
2006-07-07,-0.916725,0.124828,1.03428,0
2006-07-10,-0.87616,0.0521401,0.268098,0
2006-07-11,-0.87616,0.0521401,0.629109,0
2006-07-12,-0.87616,0.0521401,1.65231,0
2006-07-13,-0.87616,0.0521401,2.41737,0
2006-07-14,-0.87616,0.0521401,0.441301,0
2006-07-17,-1.03332,0.0787182,0.0605715,0
2006-07-18,-1.03332,0.0787182,0.91709,0
2006-07-19,-1.03332,0.0787182,2.16591,0
2006-07-20,-1.03332,0.0787182,1.00714,0
2006-07-21,-1.03332,0.0787182,0.990848,0
2006-07-24,-0.965044,0.0875,2.79611,0
2006-07-25,-0.965044,0.0875,0.506206,0
2006-07-26,-0.965044,0.0875,0.152344,0
2006-07-27,-0.965044,0.0875,0.195201,0
2006-07-28,-0.965044,0.0875,1.43849,0
2006-07-31,-0.573727,0.142732,0.263986,0
2006-08-01,-0.573727,0.142732,0.835283,0
2006-08-02,-0.573727,0.142732,0.941147,0
2006-08-03,-0.573727,0.142732,0.288984,0
2006-08-04,-0.573727,0.142732,0.374066,0
2006-08-07,-0.645578,0.215986,0.449815,0
2006-08-08,-0.645578,0.215986,0.65119,0
2006-08-09,-0.645578,0.215986,0.552521,0
2006-08-10,-0.645578,0.215986,0.432591,0
2006-08-11,-0.645578,0.215986,0.465018,0
2006-08-14,-0.759354,0.0990351,0.0950329,0
2006-08-15,-0.759354,0.0990351,1.74186,0
2006-08-16,-0.759354,0.0990351,1.12381,0
2006-08-17,-0.759354,0.0990351,0.21673,0
2006-08-18,-0.759354,0.0990351,0.58157,0
2006-08-21,-0.760938,0.100403,0.837658,0
2006-08-22,-0.760938,0.100403,0.170884,0
2006-08-23,-0.760938,0.100403,0.56358,0
2006-08-24,-0.760938,0.100403,0.251113,0
2006-08-25,-0.760938,0.100403,0.0703422,0
2006-08-28,-1.09996,0.118887,0.592335,0
2006-08-29,-1.09996,0.118887,0.0267236,0
2006-08-30,-1.09996,0.118887,0.0544515,0
2006-08-31,-1.09996,0.118887,0.165711,0
2006-09-01,-1.09996,0.118887,0.750328,0
2006-09-05,-1.10318,0.084434,0.112238,0
2006-09-06,-1.10318,0.084434,1.49221,0
2006-09-07,-1.10318,0.084434,0.791005,0
2006-09-08,-1.10318,0.084434,0.35468,0
2006-09-11,-1.10318,0.084434,0.0633432,0
2006-09-12,-1.16803,0.0969713,1.36498,0
2006-09-13,-1.16803,0.0969713,0.445221,0
2006-09-14,-1.16803,0.0969713,0.161916,0
2006-09-15,-1.16803,0.0969713,0.183189,0
2006-09-18,-1.16803,0.0969713,0.0285833,0
2006-09-19,-0.992507,0.0973408,0.547484,0
2006-09-20,-0.992507,0.0973408,0.638109,0
2006-09-21,-0.992507,0.0973408,0.900035,0
2006-09-22,-0.992507,0.0973408,0.589304,0
2006-09-25,-0.992507,0.0973408,1.02876,0
2006-09-26,-0.693157,0.153001,1.07192,0
2006-09-27,-0.693157,0.153001,0.0304586,0
2006-09-28,-0.693157,0.153001,0.262734,0
2006-09-29,-0.693157,0.153001,0.317242,0
2006-10-02,-0.693157,0.153001,0.737695,0
2006-10-03,-0.715472,0.111005,0.167509,0
2006-10-04,-0.715472,0.111005,1.57713,0
2006-10-05,-0.715472,0.111005,0.0590749,0
2006-10-06,-0.715472,0.111005,0.417155,0
2006-10-09,-0.715472,0.111005,0.122273,0
2006-10-10,-0.990502,0.108592,0.00648501,0
2006-10-11,-0.990502,0.108592,0.380347,0
2006-10-12,-0.990502,0.108592,1.09627,0
2006-10-13,-0.990502,0.108592,0.143606,0
2006-10-16,-0.990502,0.108592,0.0163098,0
2006-10-17,-0.599159,0.124564,0.712171,0
2006-10-18,-0.599159,0.124564,0.0142607,0
2006-10-19,-0.599159,0.124564,0.029551,0
2006-10-20,-0.599159,0.124564,0.178544,0
2006-10-23,-0.599159,0.124564,0.48048,0
2006-10-24,-0.854766,0.102919,0.217631,0
2006-10-25,-0.854766,0.102919,0.270657,0
2006-10-26,-0.854766,0.102919,0.213213,0
2006-10-27,-0.854766,0.102919,1.19392,0
2006-10-30,-0.854766,0.102919,0.310087,0
2006-10-31,-0.822009,0.0957488,0.209276,0
2006-11-01,-0.822009,0.0957488,1.18517,0
2006-11-02,-0.822009,0.0957488,0.20905,0
2006-11-03,-0.822009,0.0957488,0.373468,0
2006-11-06,-0.822009,0.0957488,1.57376,0
2006-11-07,-0.656459,0.0703205,0.40126,0
2006-11-08,-0.656459,0.0703205,0.134122,0
2006-11-09,-0.656459,0.0703205,0.977716,0
2006-11-10,-0.656459,0.0703205,0.0833137,0
2006-11-13,-0.656459,0.0703205,0.22155,0
2006-11-14,-0.609417,0.0709215,0.957823,0
2006-11-15,-0.609417,0.0709215,0.226143,0
2006-11-16,-0.609417,0.0709215,0.171914,0
2006-11-17,-0.609417,0.0709215,0.17576,0
2006-11-20,-0.609417,0.0709215,0.125129,0
2006-11-21,-0.381514,0.0708005,0.0558078,0
2006-11-22,-0.381514,0.0708005,0.0944725,0
2006-11-24,-0.381514,0.0708005,0.808751,0
2006-11-27,-0.381514,0.0708005,2.22756,0
2006-11-28,-0.381514,0.0708005,0.580429,0
2006-11-29,-0.480448,0.0694343,1.45323,0
2006-11-30,-0.480448,0.0694343,0.0950814,0
2006-12-01,-0.480448,0.0694343,0.482747,0
2006-12-04,-0.480448,0.0694343,0.999415,0
2006-12-05,-0.480448,0.0694343,0.462421,0
2006-12-06,-0.612453,0.0691508,0.326132,0
2006-12-07,-0.612453,0.0691508,0.836811,0
2006-12-08,-0.612453,0.0691508,0.128193,0
2006-12-11,-0.612453,0.0691508,0.279131,0
2006-12-12,-0.612453,0.0691508,0.280147,0
2006-12-13,-0.672078,0.0403284,0.00586038,0
2006-12-14,-0.672078,0.0403284,1.1532,0
2006-12-15,-0.672078,0.0403284,0.192455,0
2006-12-18,-0.672078,0.0403284,0.605117,0
2006-12-19,-0.672078,0.0403284,0.114227,0
2006-12-20,-0.851616,0.0421246,0.257631,0
2006-12-21,-0.851616,0.0421246,0.707043,0
2006-12-22,-0.851616,0.0421246,1.04513,0
2006-12-26,-0.851616,0.0421246,0.79523,0
2006-12-27,-0.851616,0.0421246,0.857283,0
2006-12-28,-0.823734,0.0248561,0.470589,0
2006-12-29,-0.823734,0.0248561,0.753416,0
2007-01-03,-0.823734,0.0248561,0.362305,0
2007-01-04,-0.823734,0.0248561,0.232902,0
2007-01-05,-0.823734,0.0248561,1.28477,0
2007-01-08,-0.734524,0.0963702,0.653429,0
2007-01-09,-0.734524,0.0963702,0.190085,0
2007-01-10,-0.734524,0.0963702,0.44009,0
2007-01-11,-0.734524,0.0963702,0.574644,0
2007-01-12,-0.734524,0.0963702,1.02334,0
2007-01-16,-0.793403,0.0946685,0.441734,0
2007-01-17,-0.793403,0.0946685,0.0673877,0
2007-01-18,-0.793403,0.0946685,0.626854,0
2007-01-19,-0.793403,0.0946685,0.194739,0
2007-01-22,-0.793403,0.0946685,0.565393,0
2007-01-23,-0.567969,0.141682,0.358403,0
2007-01-24,-0.567969,0.141682,1.09661,0
2007-01-25,-0.567969,0.141682,1.90508,0
2007-01-26,-0.567969,0.141682,0.194603,0
2007-01-29,-0.567969,0.141682,0.133184,0
2007-01-30,-0.484148,0.154038,0.729793,0
2007-01-31,-0.484148,0.154038,0.919266,0
2007-02-01,-0.484148,0.154038,0.766594,0
2007-02-02,-0.484148,0.154038,0.0487651,0
2007-02-05,-0.484148,0.154038,0.118,0
2007-02-06,-0.501704,0.149026,0.112583,0
2007-02-07,-0.501704,0.149026,0.180052,0
2007-02-08,-0.501704,0.149026,0.351554,0
2007-02-09,-0.501704,0.149026,1.25217,0
2007-02-12,-0.501704,0.149026,0.588576,0
2007-02-13,-0.761514,0.14853,1.19587,0
2007-02-14,-0.761514,0.14853,0.863865,0
2007-02-15,-0.761514,0.14853,0.0436119,0
2007-02-16,-0.761514,0.14853,0.224102,0
2007-02-20,-0.761514,0.14853,0.174116,0
2007-02-21,-0.985903,0.168457,0.211249,0
2007-02-22,-0.985903,0.168457,0.252438,0
2007-02-23,-0.985903,0.168457,0.710836,0
2007-02-26,-0.985903,0.168457,0.228093,0
2007-02-27,-0.985903,0.168457,6.01097,0
2007-02-28,-0.56128,0.117053,1.7158,0
2007-03-01,-0.56128,0.117053,0.326249,0
2007-03-02,-0.56128,0.117053,1.82768,0
2007-03-05,-0.56128,0.117053,1.2037,0
2007-03-06,-0.56128,0.117053,2.79945,0
2007-03-07,-0.589109,0.104879,0.00504083,0
2007-03-08,-0.589109,0.104879,1.39682,0
2007-03-09,-0.589109,0.104879,0.120971,0
2007-03-12,-0.589109,0.104879,0.294614,0
2007-03-13,-0.589109,0.104879,2.8604,0
2007-03-14,-0.594739,0.0935033,1.29786,0
2007-03-15,-0.594739,0.0935033,0.335366,0
2007-03-16,-0.594739,0.0935033,0.300351,0
2007-03-19,-0.594739,0.0935033,1.91352,0
2007-03-20,-0.594739,0.0935033,0.855686,0
2007-03-21,-0.617449,0.0945309,2.42901,0
2007-03-22,-0.617449,0.0945309,0.227934,0
2007-03-23,-0.617449,0.0945309,0.115207,0
2007-03-26,-0.617449,0.0945309,0.30556,0
2007-03-27,-0.617449,0.0945309,0.447566,0
2007-03-28,-0.739415,0.0721076,1.15978,0
2007-03-29,-0.739415,0.0721076,0.138937,0
2007-03-30,-0.739415,0.0721076,0.00662809,0
2007-04-02,-0.739415,0.0721076,0.14234,0
2007-04-03,-0.739415,0.0721076,1.56061,0
2007-04-04,-0.671767,0.0721438,0.0603167,0
2007-04-05,-0.671767,0.0721438,0.294645,0
2007-04-09,-0.671767,0.0721438,0.0841198,0
2007-04-10,-0.671767,0.0721438,0.0490741,0
2007-04-11,-0.671767,0.0721438,0.736375,0
2007-04-12,-0.756551,0.0813462,0.565931,0
2007-04-13,-0.756551,0.0813462,0.556966,0
2007-04-16,-0.756551,0.0813462,1.25967,0
2007-04-17,-0.756551,0.0813462,0.189199,0
2007-04-18,-0.756551,0.0813462,0.0326499,0
2007-04-19,-0.696747,0.100915,0.253437,0
2007-04-20,-0.696747,0.100915,1.19677,0
2007-04-23,-0.696747,0.100915,0.819002,0
2007-04-24,-0.696747,0.100915,0.158594,0
2007-04-25,-0.696747,0.100915,1.14819,0
2007-04-26,-0.73661,0.0408321,0.0963265,0
2007-04-27,-0.73661,0.0408321,0.380216,0
2007-04-30,-0.73661,0.0408321,1.48189,0
2007-05-01,-0.73661,0.0408321,0.207464,0
2007-05-02,-0.73661,0.0408321,0.684943,0
2007-05-03,-0.773824,0.0443061,0.588309,0
2007-05-04,-0.773824,0.0443061,0.319975,0
2007-05-07,-0.773824,0.0443061,0.22854,0
2007-05-08,-0.773824,0.0443061,0.444444,0
2007-05-09,-0.773824,0.0443061,0.177649,0
2007-05-10,-0.812189,0.0478508,1.79786,0
2007-05-11,-0.812189,0.0478508,1.11752,0
2007-05-14,-0.812189,0.0478508,0.52852,0
2007-05-15,-0.812189,0.0478508,0.138341,0
2007-05-16,-0.812189,0.0478508,0.842846,0
2007-05-17,-0.718335,0.128281,0.505685,0
2007-05-18,-0.718335,0.128281,1.10495,0
2007-05-21,-0.718335,0.128281,0.317167,0
2007-05-22,-0.718335,0.128281,0.341372,0
2007-05-23,-0.718335,0.128281,0.188619,0
2007-05-24,-0.724834,0.0826424,1.55216,0
2007-05-25,-0.724834,0.0826424,0.492852,0
2007-05-29,-0.724834,0.0826424,0.388914,0
2007-05-30,-0.724834,0.0826424,1.0389,0
2007-05-31,-0.724834,0.0826424,0.371819,0
2007-06-01,-0.722779,0.0920911,0.536333,0
2007-06-04,-0.722779,0.0920911,0.20501,0
2007-06-05,-0.722779,0.0920911,0.804808,0
2007-06-06,-0.722779,0.0920911,1.78472,0
2007-06-07,-0.722779,0.0920911,2.80191,0
2007-06-08,-0.558634,0.166276,1.96191,0
2007-06-11,-0.558634,0.166276,0.20249,0
2007-06-12,-0.558634,0.166276,1.69417,0
2007-06-13,-0.558634,0.166276,2.22687,0
2007-06-14,-0.558634,0.166276,0.859,0
2007-06-15,-0.590878,0.157795,0.715645,0
2007-06-18,-0.590878,0.157795,0.337168,0
2007-06-19,-0.590878,0.157795,0.223056,0
2007-06-20,-0.590878,0.157795,2.23855,0
2007-06-21,-0.590878,0.157795,0.773027,0
2007-06-22,-0.569115,0.201727,1.49407,0
2007-06-25,-0.569115,0.201727,0.730678,0
2007-06-26,-0.569115,0.201727,1.52004,0
2007-06-27,-0.569115,0.201727,2.19018,0
2007-06-28,-0.569115,0.201727,0.0344256,0
2007-06-29,-0.677515,0.183472,0.0364198,0
2007-07-02,-0.677515,0.183472,1.32413,0
2007-07-03,-0.677515,0.183472,0.461005,0
2007-07-05,-0.677515,0.183472,0.255122,0
2007-07-06,-0.677515,0.183472,0.693333,0
2007-07-09,-0.546191,0.131946,0.00264053,0
2007-07-10,-0.546191,0.131946,2.25268,0
2007-07-11,-0.546191,0.131946,1.03767,0
2007-07-12,-0.546191,0.131946,2.26862,0
2007-07-13,-0.546191,0.131946,0.273809,0
2007-07-16,-0.655533,0.148361,0.200833,0
2007-07-17,-0.655533,0.148361,0.249067,0
2007-07-18,-0.655533,0.148361,0.429911,0
2007-07-19,-0.655533,0.148361,0.436339,0
2007-07-20,-0.655533,0.148361,1.67453,0
2007-07-23,-0.766236,0.115489,0.372701,0
2007-07-24,-0.766236,0.115489,2.70173,0
2007-07-25,-0.766236,0.115489,0.332013,0
2007-07-26,-0.766236,0.115489,3.55298,0
2007-07-27,-0.766236,0.115489,2.77466,0
2007-07-30,-0.641504,0.0755892,2.61872,0
2007-07-31,-0.641504,0.0755892,1.49866,0
2007-08-01,-0.641504,0.0755892,0.979972,0
2007-08-02,-0.641504,0.0755892,1.39473,0
2007-08-03,-0.641504,0.0755892,3.73485,0
2007-08-06,-0.748621,0.0942271,2.79324,0
2007-08-07,-0.748621,0.0942271,1.7683,0
2007-08-08,-0.748621,0.0942271,2.16581,0
2007-08-09,-0.748621,0.0942271,4.47055,0
2007-08-10,-0.748621,0.0942271,0.482669,0
2007-08-13,-0.707355,0.0820725,0.771042,0
2007-08-14,-0.707355,0.0820725,2.09036,0
2007-08-15,-0.707355,0.0820725,1.76405,0
2007-08-16,-0.707355,0.0820725,1.49639,0
2007-08-17,-0.707355,0.0820725,3.01961,0
2007-08-20,-0.70216,0.0610348,0.0980668,0
2007-08-21,-0.70216,0.0610348,0.463404,0
2007-08-22,-0.70216,0.0610348,1.89873,0
2007-08-23,-0.70216,0.0610348,0.0776351,0
2007-08-24,-0.70216,0.0610348,1.88436,0
2007-08-27,-0.852544,0.0562991,1.42118,0
2007-08-28,-0.852544,0.0562991,3.27015,0
2007-08-29,-0.852544,0.0562991,3.08065,0
2007-08-30,-0.852544,0.0562991,0.351319,0
2007-08-31,-0.852544,0.0562991,1.52014,0
2007-09-04,-0.75122,0.126543,1.48438,0
2007-09-05,-0.75122,0.126543,1.37258,0
2007-09-06,-0.75122,0.126543,0.326658,0
2007-09-07,-0.75122,0.126543,2.11379,0
2007-09-10,-0.75122,0.126543,0.216596,0
2007-09-11,-0.719418,0.107238,1.80374,0
2007-09-12,-0.719418,0.107238,0.376984,0
2007-09-13,-0.719418,0.107238,1.0191,0
2007-09-14,-0.719418,0.107238,0.0814432,0
2007-09-17,-0.719418,0.107238,0.869009,0
2007-09-18,-0.81169,0.0897616,4.28952,0
2007-09-19,-0.81169,0.0897616,0.647134,0
2007-09-20,-0.81169,0.0897616,1.31031,0
2007-09-21,-0.81169,0.0897616,0.203587,0
2007-09-24,-0.81169,0.0897616,0.481194,0
2007-09-25,-0.865506,0.0937632,0.478796,0
2007-09-26,-0.865506,0.0937632,0.622212,0
2007-09-27,-0.865506,0.0937632,0.68627,0
2007-09-28,-0.865506,0.0937632,0.719746,0
2007-10-01,-0.865506,0.0937632,1.47817,0
2007-10-02,-0.851272,0.0932277,0.461605,0
2007-10-03,-0.851272,0.0932277,0.536832,0
2007-10-04,-0.851272,0.0932277,0.0200134,0
2007-10-05,-0.851272,0.0932277,1.54417,0
2007-10-08,-0.851272,0.0932277,1.07992,0
2007-10-09,-1.0339,0.141413,1.1597,0
2007-10-10,-1.0339,0.141413,0.536758,0
2007-10-11,-1.0339,0.141413,0.979911,0
2007-10-12,-1.0339,0.141413,0.602649,0
2007-10-15,-1.0339,0.141413,1.50781,0
2007-10-16,-0.915871,0.130896,1.36054,0
2007-10-17,-0.915871,0.130896,0.342577,0
2007-10-18,-0.915871,0.130896,0.668548,0
2007-10-19,-0.915871,0.130896,4.03888,0
2007-10-22,-0.915871,0.130896,0.95614,0
2007-10-23,-0.763859,0.140636,1.24973,0
2007-10-24,-0.763859,0.140636,0.284601,0
2007-10-25,-0.763859,0.140636,0.356641,0
2007-10-26,-0.763859,0.140636,1.72056,0
2007-10-29,-0.763859,0.140636,0.398879,0
2007-10-30,-0.760309,0.119612,1.14926,0
2007-10-31,-0.760309,0.119612,1.4785,0
2007-11-01,-0.760309,0.119612,3.65199,0
2007-11-02,-0.760309,0.119612,0.210763,0
2007-11-05,-0.760309,0.119612,1.1023,0
2007-11-06,-0.818535,0.123973,2.07457,0
2007-11-07,-0.818535,0.123973,4.13837,0
2007-11-08,-0.818535,0.123973,0.573905,0
2007-11-09,-0.818535,0.123973,1.84667,0
2007-11-12,-0.818535,0.123973,1.18698,0
2007-11-13,-0.705844,0.121028,4.81859,0
2007-11-14,-0.705844,0.121028,0.287048,0
2007-11-15,-0.705844,0.121028,2.02237,0
2007-11-16,-0.705844,0.121028,0.489342,0
2007-11-19,-0.705844,0.121028,1.87483,0
2007-11-20,-0.623833,0.113793,1.20708,0
2007-11-21,-0.623833,0.113793,2.83336,0
2007-11-23,-0.623833,0.113793,2.92614,0
2007-11-26,-0.623833,0.113793,3.08078,0
2007-11-27,-0.623833,0.113793,2.08308,0
2007-11-28,-0.508371,0.110962,4.96849,0
2007-11-29,-0.508371,0.110962,0.101844,0
2007-11-30,-0.508371,0.110962,1.53493,0
2007-12-03,-0.508371,0.110962,1.00954,0
2007-12-04,-0.508371,0.110962,1.31384,0
2007-12-05,-0.521335,0.0867466,2.5532,0
2007-12-06,-0.521335,0.0867466,2.07781,0
2007-12-07,-0.521335,0.0867466,0.163927,0
2007-12-10,-0.521335,0.0867466,1.02237,0
2007-12-11,-0.521335,0.0867466,4.31052,0
2007-12-12,-0.519084,0.130971,1.48931,0
2007-12-13,-0.519084,0.130971,0.350991,0
2007-12-14,-0.519084,0.130971,1.92366,0
2007-12-17,-0.519084,0.130971,2.07287,0
2007-12-18,-0.519084,0.130971,0.990868,0
2007-12-19,-0.608589,0.119816,0.115997,0
2007-12-20,-0.608589,0.119816,1.04583,0
2007-12-21,-0.608589,0.119816,2.19047,0
2007-12-24,-0.608589,0.119816,1.05882,0
2007-12-26,-0.608589,0.119816,0.227142,0
2007-12-27,-0.675072,0.108845,1.98412,0
2007-12-28,-0.675072,0.108845,0.382029,0
2007-12-31,-0.675072,0.108845,1.09585,0
2008-01-02,-0.675072,0.108845,1.24733,0
2008-01-03,-0.675072,0.108845,0.0474532,0
2008-01-04,-0.758872,0.17634,3.57388,0
2008-01-07,-0.758872,0.17634,0.158796,0
2008-01-08,-0.758872,0.17634,2.14401,0
2008-01-09,-0.758872,0.17634,1.93397,0
2008-01-10,-0.758872,0.17634,1.25944,0
2008-01-11,-0.688633,0.111022,0.97677,0
2008-01-14,-0.688633,0.111022,1.469,0
2008-01-15,-0.688633,0.111022,3.10605,0
2008-01-16,-0.688633,0.111022,0.935428,0
2008-01-17,-0.688633,0.111022,3.51074,0
2008-01-18,-0.805919,0.110655,0.974781,0
2008-01-22,-0.805919,0.110655,0.910851,0
2008-01-23,-0.805919,0.110655,4.1804,0
2008-01-24,-0.805919,0.110655,1.70307,0
2008-01-25,-0.805919,0.110655,1.79219,0
2008-01-28,-0.604719,0.168512,2.89659,0
2008-01-29,-0.604719,0.168512,1.05567,0
2008-01-30,-0.604719,0.168512,0.827744,0
2008-01-31,-0.604719,0.168512,2.99785,0
2008-02-01,-0.604719,0.168512,2.54299,0
2008-02-04,-0.808324,0.169471,1.83858,0
2008-02-05,-0.808324,0.169471,3.90158,0
2008-02-06,-0.808324,0.169471,0.883521,0
2008-02-07,-0.808324,0.169471,1.34137,0
2008-02-08,-0.808324,0.169471,0.660744,0
2008-02-11,-0.658333,0.204161,1.08694,0
2008-02-12,-0.658333,0.204161,1.65043,0
2008-02-13,-0.658333,0.204161,1.71293,0
2008-02-14,-0.658333,0.204161,1.19547,0
2008-02-15,-0.658333,0.204161,0.142577,0
2008-02-19,-0.631133,0.217263,0.586602,0
2008-02-20,-0.631133,0.217263,0.579703,0
2008-02-21,-0.631133,0.217263,1.12801,0
2008-02-22,-0.631133,0.217263,1.08032,0
2008-02-25,-0.631133,0.217263,1.98026,0
2008-02-26,-0.68426,0.218382,1.13467,0
2008-02-27,-0.68426,0.218382,0.180907,0
2008-02-28,-0.68426,0.218382,1.48188,0
2008-02-29,-0.68426,0.218382,3.30455,0
2008-03-03,-0.68426,0.218382,0.152742,0
2008-03-04,-0.493729,0.156283,0.35886,0
2008-03-05,-0.493729,0.156283,1.16414,0
2008-03-06,-0.493729,0.156283,2.93865,0
2008-03-07,-0.493729,0.156283,1.22931,0
2008-03-10,-0.493729,0.156283,1.60547,0
2008-03-11,-0.58299,0.133952,5.69656,0
2008-03-12,-0.58299,0.133952,1.22132,0
2008-03-13,-0.58299,0.133952,0.561777,0
2008-03-14,-0.58299,0.133952,2.11587,0
2008-03-17,-0.58299,0.133952,1.20431,0
2008-03-18,-0.754521,0.0885351,6.4186,0
2008-03-19,-0.754521,0.0885351,3.66958,0
2008-03-20,-0.754521,0.0885351,2.96447,0
2008-03-24,-0.754521,0.0885351,3.03879,0
2008-03-25,-0.754521,0.0885351,0.0953493,0
2008-03-26,-1.02024,0.0902337,1.88421,0
2008-03-27,-1.02024,0.0902337,0.433835,0
2008-03-28,-1.02024,0.0902337,1.37334,0
2008-03-31,-1.02024,0.0902337,0.640386,0
2008-04-01,-1.02024,0.0902337,5.23139,0
2008-04-02,-0.78608,0.101505,0.0572859,0
2008-04-03,-0.78608,0.101505,0.216926,0
2008-04-04,-0.78608,0.101505,0.325639,0
2008-04-07,-0.78608,0.101505,0.0714399,0
2008-04-08,-0.78608,0.101505,0.296195,0
2008-04-09,-0.805443,0.0657031,1.21049,0
2008-04-10,-0.805443,0.0657031,0.134707,0
2008-04-11,-0.805443,0.0657031,2.99517,0
2008-04-14,-0.805443,0.0657031,0.441405,0
2008-04-15,-0.805443,0.0657031,0.428623,0
2008-04-16,-0.685319,0.0741689,4.03878,0
2008-04-17,-0.685319,0.0741689,0.0892732,0
2008-04-18,-0.685319,0.0741689,1.41192,0
2008-04-21,-0.685319,0.0741689,0.123511,0
2008-04-22,-0.685319,0.0741689,0.849264,0
2008-04-23,-0.666451,0.075557,0.39028,0
2008-04-24,-0.666451,0.075557,0.512146,0
2008-04-25,-0.666451,0.075557,1.21163,0
2008-04-28,-0.666451,0.075557,0.183682,0
2008-04-29,-0.666451,0.075557,0.794139,0
2008-04-30,-0.638326,0.0969366,1.04926,0
2008-05-01,-0.638326,0.0969366,2.92556,0
2008-05-02,-0.638326,0.0969366,0.152595,0
2008-05-05,-0.638326,0.0969366,0.981556,0
2008-05-06,-0.638326,0.0969366,1.06423,0
2008-05-07,-0.649933,0.0999507,2.94237,0
2008-05-08,-0.649933,0.0999507,0.514892,0
2008-05-09,-0.649933,0.0999507,0.384506,0
2008-05-12,-0.649933,0.0999507,1.57317,0
2008-05-13,-0.649933,0.0999507,0.141078,0
2008-05-14,-0.686266,0.0936143,0.151156,0
2008-05-15,-0.686266,0.0936143,1.68565,0
2008-05-16,-0.686266,0.0936143,0.106313,0
2008-05-19,-0.686266,0.0936143,0.169007,0
2008-05-20,-0.686266,0.0936143,1.45615,0
2008-05-21,-0.621729,0.0457828,2.71415,0
2008-05-22,-0.621729,0.0457828,0.0275067,0
2008-05-23,-0.621729,0.0457828,2.05498,0
2008-05-27,-0.621729,0.0457828,1.14751,0
2008-05-28,-0.621729,0.0457828,0.680269,0
2008-05-29,-0.646817,0.0251534,0.708846,0
2008-05-30,-0.646817,0.0251534,0.301331,0
2008-06-02,-0.646817,0.0251534,1.6292,0
2008-06-03,-0.646817,0.0251534,0.877757,0
2008-06-04,-0.646817,0.0251534,0.0418589,0
2008-06-05,-0.744599,0.0642969,2.98106,0
2008-06-06,-0.744599,0.0642969,4.92651,0
2008-06-09,-0.744599,0.0642969,0.4868,0
2008-06-10,-0.744599,0.0642969,0.637982,0
2008-06-11,-0.744599,0.0642969,2.07074,0
2008-06-12,-0.737893,0.0645065,0.796993,0
2008-06-13,-0.737893,0.0645065,2.06327,0
2008-06-16,-0.737893,0.0645065,0.184421,0
2008-06-17,-0.737893,0.0645065,0.633996,0
2008-06-18,-0.737893,0.0645065,1.33736,0
2008-06-19,-0.84647,0.0691135,0.369403,0
2008-06-20,-0.84647,0.0691135,2.27065,0
2008-06-23,-0.84647,0.0691135,0.123472,0
2008-06-24,-0.84647,0.0691135,0.0297285,0
2008-06-25,-0.84647,0.0691135,0.967493,0
2008-06-26,-0.616016,0.0786486,3.87561,0
2008-06-27,-0.616016,0.0786486,0.411346,0
2008-06-30,-0.616016,0.0786486,0.946346,0
2008-07-01,-0.616016,0.0786486,0.841994,0
2008-07-02,-0.616016,0.0786486,2.23313,0
2008-07-03,-0.733621,0.109935,0.596364,0
2008-07-07,-0.733621,0.109935,1.11193,0
2008-07-08,-0.733621,0.109935,3.08592,0
2008-07-09,-0.733621,0.109935,2.56996,0
2008-07-10,-0.733621,0.109935,1.04994,0
2008-07-11,-0.759102,0.111712,1.34978,0
2008-07-14,-0.759102,0.111712,0.894187,0
2008-07-15,-0.759102,0.111712,1.6126,0
2008-07-16,-0.759102,0.111712,4.18283,0
2008-07-17,-0.759102,0.111712,1.85921,0
2008-07-18,-0.766479,0.162567,1.21497,0
2008-07-21,-0.766479,0.162567,0.316456,0
2008-07-22,-0.766479,0.162567,1.89713,0
2008-07-23,-0.766479,0.162567,0.9328,0
2008-07-24,-0.766479,0.162567,3.03406,0
2008-07-25,-0.555665,0.179727,0.193078,0
2008-07-28,-0.555665,0.179727,1.97807,0
2008-07-29,-0.555665,0.179727,3.45549,0
2008-07-30,-0.555665,0.179727,2.77718,0
2008-07-31,-0.555665,0.179727,1.96136,0
2008-08-01,-0.502699,0.171074,0.676261,0
2008-08-04,-0.502699,0.171074,1.24263,0
2008-08-05,-0.502699,0.171074,4.15972,0
2008-08-06,-0.502699,0.171074,0.665266,0
2008-08-07,-0.502699,0.171074,2.25701,0
2008-08-08,-0.636418,0.161164,2.81985,0
2008-08-11,-0.636418,0.161164,1.48136,0
2008-08-12,-0.636418,0.161164,1.6772,0
2008-08-13,-0.636418,0.161164,0.942077,0
2008-08-14,-0.636418,0.161164,1.12007,0
2008-08-15,-0.63703,0.238701,0.670994,0
2008-08-18,-0.63703,0.238701,2.13056,0
2008-08-19,-0.63703,0.238701,1.61312,0
2008-08-20,-0.63703,0.238701,0.783434,0
2008-08-21,-0.63703,0.238701,0.313205,0
2008-08-22,-0.696615,0.0965487,2.18021,0
2008-08-25,-0.696615,0.0965487,3.10907,0
2008-08-26,-0.696615,0.0965487,0.518704,0
2008-08-27,-0.696615,0.0965487,1.50248,0
2008-08-28,-0.696615,0.0965487,1.78414,0
2008-08-29,-0.801845,0.119929,1.70144,0
2008-09-02,-0.801845,0.119929,0.939988,1
2008-09-03,-0.801845,0.119929,0.0967348,1
2008-09-04,-0.801845,0.119929,4.51176,1
2008-09-05,-0.801845,0.119929,0.715055,1
2008-09-08,-0.640381,0.120444,3.25578,1
2008-09-09,-0.640381,0.120444,4.42203,1
2008-09-10,-0.640381,0.120444,0.87158,1
2008-09-11,-0.640381,0.120444,2.36507,1
2008-09-12,-0.640381,0.120444,0.80285,1
2008-09-15,-0.694013,0.112575,7.17364,1
2008-09-16,-0.694013,0.112575,2.88596,1
2008-09-17,-0.694013,0.112575,6.56301,1
2008-09-18,-0.694013,0.112575,4.93938,1
2008-09-19,-0.694013,0.112575,6.15079,1
2008-09-22,-0.676317,0.0725489,3.33866,1
2008-09-23,-0.676317,0.0725489,3.19864,1
2008-09-24,-0.676317,0.0725489,0.851506,1
2008-09-25,-0.676317,0.0725489,2.64386,1
2008-09-26,-0.676317,0.0725489,0.284935,1
2008-09-29,-0.724307,0.0687678,11.9417,1
2008-09-30,-0.724307,0.0687678,6.79258,1
2008-10-01,-0.724307,0.0687678,0.529591,1
2008-10-02,-0.724307,0.0687678,5.08164,1
2008-10-03,-0.724307,0.0687678,1.36797,1
2008-10-06,-0.669952,0.115348,7.05841,1
2008-10-07,-0.669952,0.115348,5.76586,1
2008-10-08,-0.669952,0.115348,2.47408,1
2008-10-09,-0.669952,0.115348,9.33185,1
2008-10-10,-0.669952,0.115348,1.77591,1
2008-10-13,-0.582114,0.0933241,22.1291,1
2008-10-14,-0.582114,0.0933241,1.2986,1
2008-10-15,-0.582114,0.0933241,14.4366,1
2008-10-16,-0.582114,0.0933241,7.73116,1
2008-10-17,-0.582114,0.0933241,0.405007,1
2008-10-20,-0.631388,0.0875873,9.95624,1
2008-10-21,-0.631388,0.0875873,3.70032,1
2008-10-22,-0.631388,0.0875873,7.34683,1
2008-10-23,-0.631388,0.0875873,3.0416,1
2008-10-24,-0.631388,0.0875873,6.55702,1
2008-10-27,-0.485547,0.0848178,3.8835,1
2008-10-28,-0.485547,0.0848178,18.117,1
2008-10-29,-0.485547,0.0848178,0.258827,1
2008-10-30,-0.485547,0.0848178,5.89554,1
2008-10-31,-0.485547,0.0848178,1.37542,1
2008-11-03,-0.526014,0.0647683,0.923782,1
2008-11-04,-0.526014,0.0647683,5.42199,1
2008-11-05,-0.526014,0.0647683,6.1915,1
2008-11-06,-0.526014,0.0647683,7.99316,1
2008-11-07,-0.526014,0.0647683,5.69536,1
2008-11-10,-0.51289,0.0492431,1.36734,1
2008-11-11,-0.51289,0.0492431,4.00597,1
2008-11-12,-0.51289,0.0492431,5.84629,1
2008-11-13,-0.51289,0.0492431,10.119,1
2008-11-14,-0.51289,0.0492431,6.969,1
2008-11-17,-0.494419,0.0855705,1.01359,1
2008-11-18,-0.494419,0.0855705,3.79859,1
2008-11-19,-0.494419,0.0855705,9.00796,1
2008-11-20,-0.494419,0.0855705,10.2069,1
2008-11-21,-0.494419,0.0855705,9.56324,1
2008-11-24,-0.371111,0.110397,11.264,1
2008-11-25,-0.371111,0.110397,1.86591,1
2008-11-26,-0.371111,0.110397,6.32002,1
2008-11-28,-0.371111,0.110397,2.24376,1
2008-12-01,-0.371111,0.110397,13.5203,1
2008-12-02,-0.727035,0.136822,6.53081,1
2008-12-03,-0.727035,0.136822,4.14016,1
2008-12-04,-0.727035,0.136822,3.0706,1
2008-12-05,-0.727035,0.136822,5.07304,1
2008-12-08,-0.727035,0.136822,5.42232,1
2008-12-09,-0.725399,0.151557,2.41065,1
2008-12-10,-0.725399,0.151557,1.18584,1
2008-12-11,-0.725399,0.151557,3.50673,1
2008-12-12,-0.725399,0.151557,2.05028,1
2008-12-15,-0.725399,0.151557,1.89942,1
2008-12-16,-0.591544,0.0904305,7.1192,1
2008-12-17,-0.591544,0.0904305,1.50547,1
2008-12-18,-0.591544,0.0904305,2.79225,1
2008-12-19,-0.591544,0.0904305,0.496557,1
2008-12-22,-0.591544,0.0904305,1.75043,1
2008-12-23,-0.543863,0.15463,1.29541,1
2008-12-24,-0.543863,0.15463,1.1721,1
2008-12-26,-0.543863,0.15463,1.11204,1
2008-12-29,-0.543863,0.15463,0.223407,1
2008-12-30,-0.543863,0.15463,3.69929,1
2008-12-31,-0.505861,0.0952648,2.14892,1
2009-01-02,-0.505861,0.0952648,4.35687,1
2009-01-05,-0.505861,0.0952648,0.441789,1
2009-01-06,-0.505861,0.0952648,0.745176,1
2009-01-07,-0.505861,0.0952648,4.80436,1
2009-01-08,-0.617808,0.136736,0.551882,1
2009-01-09,-0.617808,0.136736,3.30086,1
2009-01-12,-0.617808,0.136736,3.5416,1
2009-01-13,-0.617808,0.136736,0.515571,1
2009-01-14,-0.617808,0.136736,4.53656,1
2009-01-15,-0.283752,0.152142,0.484005,1
2009-01-16,-0.283752,0.152142,1.56709,1
2009-01-20,-0.283752,0.152142,7.73273,1
2009-01-21,-0.283752,0.152142,6.98888,1
2009-01-22,-0.283752,0.152142,1.94924,1
2009-01-23,-0.277146,0.0869409,1.10716,1
2009-01-26,-0.277146,0.0869409,1.42604,1
2009-01-27,-0.277146,0.0869409,1.84564,1
2009-01-28,-0.277146,0.0869409,5.20527,1
2009-01-29,-0.277146,0.0869409,4.90424,1
2009-01-30,-0.383968,0.0914888,2.81617,1
2009-02-02,-0.383968,0.0914888,0.0760419,1
2009-02-03,-0.383968,0.0914888,2.45233,1
2009-02-04,-0.383968,0.0914888,0.468219,1
2009-02-05,-0.383968,0.0914888,2.48126,1
2009-02-06,-0.37044,0.0891687,4.34719,1
2009-02-09,-0.37044,0.0891687,0.167708,1
2009-02-10,-0.37044,0.0891687,7.02084,1
2009-02-11,-0.37044,0.0891687,1.15947,1
2009-02-12,-0.37044,0.0891687,0.337387,1
2009-02-13,-0.330042,0.096127,1.39438,1
2009-02-17,-0.330042,0.096127,6.22297,1
2009-02-18,-0.330042,0.096127,0.215761,1
2009-02-19,-0.330042,0.096127,1.04582,1
2009-02-20,-0.330042,0.096127,0.841141,1
2009-02-23,-0.512951,0.163594,4.76837,1
2009-02-24,-0.512951,0.163594,6.41119,1
2009-02-25,-0.512951,0.163594,0.601407,1
2009-02-26,-0.512951,0.163594,1.83635,1
2009-02-27,-0.512951,0.163594,2.67328,1
2009-03-02,-0.704398,0.173828,6.04139,1
2009-03-03,-0.704398,0.173828,0.0220062,1
2009-03-04,-0.704398,0.173828,4.5831,1
2009-03-05,-0.704398,0.173828,5.31969,1
2009-03-06,-0.704398,0.173828,1.39392,1
2009-03-09,-0.756276,0.175562,0.68962,1
2009-03-10,-0.756276,0.175562,9.71484,1
2009-03-11,-0.756276,0.175562,1.61017,1
2009-03-12,-0.756276,0.175562,6.3134,1
2009-03-13,-0.756276,0.175562,1.42974,1
2009-03-16,-0.652991,0.166171,0.24581,1
2009-03-17,-0.652991,0.166171,4.69739,1
2009-03-18,-0.652991,0.166171,3.28831,1
2009-03-19,-0.652991,0.166171,2.01363,1
2009-03-20,-0.652991,0.166171,3.26674,1
2009-03-23,-0.775145,0.196466,10.4078,1
2009-03-24,-0.775145,0.196466,3.36113,1
2009-03-25,-0.775145,0.196466,1.31798,1
2009-03-26,-0.775145,0.196466,2.69666,1
2009-03-27,-0.775145,0.196466,3.14097,1
2009-03-30,-0.700835,0.239191,5.51508,1
2009-03-31,-0.700835,0.239191,1.34766,1
2009-04-01,-0.700835,0.239191,2.76561,0
2009-04-02,-0.700835,0.239191,4.06922,0
2009-04-03,-0.700835,0.239191,1.06345,0
2009-04-06,-0.74008,0.208752,1.62916,0
2009-04-07,-0.74008,0.208752,3.89366,0
2009-04-08,-0.74008,0.208752,1.39525,0
2009-04-09,-0.74008,0.208752,5.53261,0
2009-04-13,-0.74008,0.208752,0.490645,0
2009-04-14,-0.885119,0.108612,3.08983,0
2009-04-15,-0.885119,0.108612,1.22193,0
2009-04-16,-0.885119,0.108612,1.75097,0
2009-04-17,-0.885119,0.108612,0.497258,0
2009-04-20,-0.885119,0.108612,6.88999,0
2009-04-21,-0.925203,0.118157,2.68234,0
2009-04-22,-0.925203,0.118157,1.23453,0
2009-04-23,-0.925203,0.118157,1.18926,0
2009-04-24,-0.925203,0.118157,1.91098,0
2009-04-27,-0.925203,0.118157,1.82446,0
2009-04-28,-0.823148,0.129958,0.792814,0
2009-04-29,-0.823148,0.129958,2.84397,0
2009-04-30,-0.823148,0.129958,0.369568,0
2009-05-01,-0.823148,0.129958,0.394233,0
2009-05-04,-0.823148,0.129958,4.5548,0
2009-05-05,-0.63617,0.141706,1.14437,0
2009-05-06,-0.63617,0.141706,1.97428,0
2009-05-07,-0.63617,0.141706,2.75617,0
2009-05-08,-0.63617,0.141706,2.88566,0
2009-05-11,-0.63617,0.141706,3.49153,0
2009-05-12,-0.644867,0.201261,0.95784,0
2009-05-13,-0.644867,0.201261,4.2647,0
2009-05-14,-0.644867,0.201261,0.998107,0
2009-05-15,-0.644867,0.201261,1.53739,0
2009-05-18,-0.644867,0.201261,3.92105,0
2009-05-19,-0.606775,0.207429,0.609844,0
2009-05-20,-0.606775,0.207429,1.40093,0
2009-05-21,-0.606775,0.207429,2.48802,0
2009-05-22,-0.606775,0.207429,0.535987,0
2009-05-26,-0.606775,0.207429,3.56863,0
2009-05-27,-0.497591,0.125327,3.04129,0
2009-05-28,-0.497591,0.125327,1.84099,0
2009-05-29,-0.497591,0.125327,2.30626,0
2009-06-01,-0.497591,0.125327,3.14492,0
2009-06-02,-0.497591,0.125327,0.435915,0
2009-06-03,-0.48465,0.11577,2.43492,0
2009-06-04,-0.48465,0.11577,0.96494,0
2009-06-05,-0.48465,0.11577,0.440271,0
2009-06-08,-0.48465,0.11577,1.06589,0
2009-06-09,-0.48465,0.11577,0.355547,0
2009-06-10,-0.756364,0.118706,0.795331,0
2009-06-11,-0.756364,0.118706,0.280174,0
2009-06-12,-0.756364,0.118706,0.0140227,0
2009-06-15,-0.756364,0.118706,3.84464,0
2009-06-16,-0.756364,0.118706,2.24458,0
2009-06-17,-0.761443,0.126921,0.253758,0
2009-06-18,-0.761443,0.126921,0.989046,0
2009-06-19,-0.761443,0.126921,0.405138,0
2009-06-22,-0.761443,0.126921,4.69038,0
2009-06-23,-0.761443,0.126921,0.17606,0
2009-06-24,-0.853019,0.106117,1.3276,0
2009-06-25,-0.853019,0.106117,3.1893,0
2009-06-26,-0.853019,0.106117,0.549632,0
2009-06-29,-0.853019,0.106117,1.25103,0
2009-06-30,-0.853019,0.106117,1.40281,0
2009-07-01,-0.747276,0.0960369,0.485249,0
2009-07-02,-0.747276,0.0960369,4.26791,0
2009-07-06,-0.747276,0.0960369,0.033073,0
2009-07-07,-0.747276,0.0960369,2.86274,0
2009-07-08,-0.747276,0.0960369,0.0812849,0
2009-07-09,-0.657159,0.0986154,0.46594,0
2009-07-10,-0.657159,0.0986154,0.197763,0
2009-07-13,-0.657159,0.0986154,3.74219,0
2009-07-14,-0.657159,0.0986154,0.829855,0
2009-07-15,-0.657159,0.0986154,4.23946,0
2009-07-16,-0.70124,0.0842878,0.487734,0
2009-07-17,-0.70124,0.0842878,1.39545,0
2009-07-20,-0.70124,0.0842878,1.28116,0
2009-07-21,-0.70124,0.0842878,0.335208,0
2009-07-22,-0.70124,0.0842878,0.39809,0
2009-07-23,-0.905045,0.103638,2.90101,0
2009-07-24,-0.905045,0.103638,0.12332,0
2009-07-27,-0.905045,0.103638,0.0512958,0
2009-07-28,-0.905045,0.103638,1.18556,0
2009-07-29,-0.905045,0.103638,0.797525,0
2009-07-30,-0.682152,0.080839,1.15106,0
2009-07-31,-0.682152,0.080839,0.238078,0
2009-08-03,-0.682152,0.080839,1.99619,0
2009-08-04,-0.682152,0.080839,0.147183,0
2009-08-05,-0.682152,0.080839,0.953765,0
2009-08-06,-0.82311,0.091407,1.25227,0
2009-08-07,-0.82311,0.091407,1.51721,0
2009-08-10,-0.82311,0.091407,0.801315,0
2009-08-11,-0.82311,0.091407,2.32238,0
2009-08-12,-0.82311,0.091407,1.24208,0
2009-08-13,-1.01167,0.064548,0.728207,0
2009-08-14,-1.01167,0.064548,1.58489,0
2009-08-17,-1.01167,0.064548,4.06971,0
2009-08-18,-1.01167,0.064548,1.00351,0
2009-08-19,-1.01167,0.064548,1.08113,0
2009-08-20,-1.0212,0.0634212,1.25488,0
2009-08-21,-1.0212,0.0634212,2.55913,0
2009-08-24,-1.0212,0.0634212,0.46409,0
2009-08-25,-1.0212,0.0634212,0.139006,0
2009-08-26,-1.0212,0.0634212,0.406847,0
2009-08-27,-0.846728,0.104674,0.0708372,0
2009-08-28,-0.846728,0.104674,0.427497,0
2009-08-31,-0.846728,0.104674,1.70836,0
2009-09-01,-0.846728,0.104674,3.61632,0
2009-09-02,-0.846728,0.104674,0.693354,0
2009-09-03,-0.747131,0.101775,1.13629,0
2009-09-04,-0.747131,0.101775,1.92056,0
2009-09-08,-0.747131,0.101775,1.03782,0
2009-09-09,-0.747131,0.101775,0.849114,0
2009-09-10,-0.747131,0.101775,1.18434,0
2009-09-11,-0.661468,0.156107,0.412155,0
2009-09-14,-0.661468,0.156107,0.357906,0
2009-09-15,-0.661468,0.156107,0.239235,0
2009-09-16,-0.661468,0.156107,1.84198,0
2009-09-17,-0.661468,0.156107,0.701192,0
2009-09-18,-0.527326,0.101664,0.35138,0
2009-09-21,-0.527326,0.101664,0.80645,0
2009-09-22,-0.527326,0.101664,0.472201,0
2009-09-23,-0.527326,0.101664,1.6556,0
2009-09-24,-0.527326,0.101664,1.9844,0
2009-09-25,-0.619495,0.10571,1.03807,0
2009-09-28,-0.619495,0.10571,2.44589,0
2009-09-29,-0.619495,0.10571,0.757354,0
2009-09-30,-0.619495,0.10571,0.84986,0
2009-10-01,-0.619495,0.10571,3.97102,0
2009-10-02,-0.703744,0.107361,0.741573,0
2009-10-05,-0.703744,0.107361,2.19265,0
2009-10-06,-0.703744,0.107361,2.0011,0
2009-10-07,-0.703744,0.107361,0.199386,0
2009-10-08,-0.703744,0.107361,0.916248,0
2009-10-09,-0.743722,0.111513,0.642892,0
2009-10-12,-0.743722,0.111513,0.289678,0
2009-10-13,-0.743722,0.111513,0.609472,0
2009-10-14,-0.743722,0.111513,2.2626,0
2009-10-15,-0.743722,0.111513,0.160384,0
2009-10-16,-0.854672,0.117415,1.50666,0
2009-10-19,-0.854672,0.117415,0.904793,0
2009-10-20,-0.854672,0.117415,1.15021,0
2009-10-21,-0.854672,0.117415,1.64902,0
2009-10-22,-0.854672,0.117415,1.27366,0
2009-10-23,-0.745597,0.209431,2.00105,0
2009-10-26,-0.745597,0.209431,1.81556,0
2009-10-27,-0.745597,0.209431,0.794375,0
2009-10-28,-0.745597,0.209431,2.91,0
2009-10-29,-0.745597,0.209431,3.22091,0
2009-10-30,-0.742067,0.179576,4.46187,0
2009-11-02,-0.742067,0.179576,1.20935,0
2009-11-03,-0.742067,0.179576,0.53466,0
2009-11-04,-0.742067,0.179576,0.42298,0
2009-11-05,-0.742067,0.179576,2.73131,0
2009-11-06,-0.710172,0.0842607,0.280527,0
2009-11-09,-0.710172,0.0842607,3.22831,0
2009-11-10,-0.710172,0.0842607,0.246689,0
2009-11-11,-0.710172,0.0842607,0.496051,0
2009-11-12,-0.710172,0.0842607,1.80591,0
2009-11-13,-0.665368,0.0877444,0.602288,0
2009-11-16,-0.665368,0.0877444,1.91333,0
2009-11-17,-0.665368,0.0877444,0.145074,0
2009-11-18,-0.665368,0.0877444,0.405708,0
2009-11-19,-0.665368,0.0877444,2.24435,0
2009-11-20,-0.682125,0.141965,0.716625,0
2009-11-23,-0.682125,0.141965,1.724,0
2009-11-24,-0.682125,0.141965,0.00679328,0
2009-11-25,-0.682125,0.141965,0.287331,0
2009-11-27,-0.682125,0.141965,2.68535,0
2009-11-30,-0.600385,0.148527,0.379745,0
2009-12-01,-0.600385,0.148527,1.68943,0
2009-12-02,-0.600385,0.148527,0.285874,0
2009-12-03,-0.600385,0.148527,1.37348,0
2009-12-04,-0.600385,0.148527,0.705675,0
2009-12-07,-0.744247,0.158657,0.402132,0
2009-12-08,-0.744247,0.158657,1.8153,0
2009-12-09,-0.744247,0.158657,0.485538,0
2009-12-10,-0.744247,0.158657,0.743338,0
2009-12-11,-0.744247,0.158657,0.502899,0
2009-12-14,-0.919871,0.143319,0.862716,0
2009-12-15,-0.919871,0.143319,0.884982,0
2009-12-16,-0.919871,0.143319,0.0766955,0
2009-12-17,-0.919871,0.143319,1.95215,0
2009-12-18,-0.919871,0.143319,0.777176,0
2009-12-21,-0.721077,0.14903,1.40554,0
2009-12-22,-0.721077,0.14903,0.368793,0
2009-12-23,-0.721077,0.14903,0.11051,0
2009-12-24,-0.721077,0.14903,0.51536,0
2009-12-28,-0.721077,0.14903,0.105577,0
2009-12-29,-0.821305,0.140406,0.427856,0
2009-12-30,-0.821305,0.140406,0.249204,0
2009-12-31,-0.821305,0.140406,1.61928,0
2010-01-04,-0.821305,0.140406,2.39326,0
2010-01-05,-0.821305,0.140406,0.172297,0
2010-01-06,-0.792724,0.133365,0.12451,0
2010-01-07,-0.792724,0.133365,0.40337,0
2010-01-08,-0.792724,0.133365,0.25194,0
2010-01-11,-0.792724,0.133365,0.0464759,0
2010-01-12,-0.792724,0.133365,1.64582,0
2010-01-13,-0.950512,0.127083,1.07663,0
2010-01-14,-0.950512,0.127083,0.176652,0
2010-01-15,-0.950512,0.127083,1.91259,0
2010-01-19,-0.950512,0.127083,1.70381,0
2010-01-20,-0.950512,0.127083,1.74408,0
2010-01-21,-0.880305,0.126682,3.02994,0
2010-01-22,-0.880305,0.126682,3.35279,0
2010-01-25,-0.880305,0.126682,0.919491,0
2010-01-26,-0.880305,0.126682,0.509285,0
2010-01-27,-0.880305,0.126682,0.845384,0
2010-01-28,-0.749819,0.12846,1.6169,0
2010-01-29,-0.749819,0.12846,1.45001,0
2010-02-01,-0.749819,0.12846,2.53941,0
2010-02-02,-0.749819,0.12846,1.91413,0
2010-02-03,-0.749819,0.12846,0.708736,0
2010-02-04,-0.780634,0.130096,4.5963,0
2010-02-05,-0.780634,0.130096,0.591091,0
2010-02-08,-0.780634,0.130096,0.821753,0
2010-02-09,-0.780634,0.130096,2.15162,0
2010-02-10,-0.780634,0.130096,0.0980737,0
2010-02-11,-0.759156,0.125191,1.74709,0
2010-02-12,-0.759156,0.125191,0.0079021,0
2010-02-16,-0.759156,0.125191,2.43886,0
2010-02-17,-0.759156,0.125191,0.704847,0
2010-02-18,-0.759156,0.125191,0.842925,0
2010-02-19,-0.738508,0.0564207,0.237026,0
2010-02-22,-0.738508,0.0564207,0.0556533,0
2010-02-23,-0.738508,0.0564207,1.89738,0
2010-02-24,-0.738508,0.0564207,1.37154,0
2010-02-25,-0.738508,0.0564207,0.256443,0
2010-02-26,-0.787475,0.0347615,0.0511033,0
2010-03-01,-0.787475,0.0347615,1.49157,0
2010-03-02,-0.787475,0.0347615,0.296029,0
2010-03-03,-0.787475,0.0347615,0.00314307,0
2010-03-04,-0.787475,0.0347615,0.320222,0
2010-03-05,-0.923095,0.0738222,1.96658,0
2010-03-08,-0.923095,0.0738222,0.211168,0
2010-03-09,-0.923095,0.0738222,0.0199862,0
2010-03-10,-0.923095,0.0738222,0.433247,0
2010-03-11,-0.923095,0.0738222,0.371245,0
2010-03-12,-0.97362,0.0751609,0.253171,0
2010-03-15,-0.97362,0.0751609,0.215331,0
2010-03-16,-0.97362,0.0751609,0.936369,0
2010-03-17,-0.97362,0.0751609,0.59111,0
2010-03-18,-0.97362,0.0751609,0.392055,0
2010-03-19,-0.816479,0.0409958,1.05228,0
2010-03-22,-0.816479,0.0409958,0.545358,0
2010-03-23,-0.816479,0.0409958,0.769124,0
2010-03-24,-0.816479,0.0409958,1.03362,0
2010-03-25,-0.816479,0.0409958,0.503199,0
2010-03-26,-1.08822,0.0389849,0.326702,0
2010-03-29,-1.08822,0.0389849,0.719235,0
2010-03-30,-1.08822,0.0389849,0.154471,0
2010-03-31,-1.08822,0.0389849,0.756316,0
2010-04-01,-1.08822,0.0389849,0.800651,0
2010-04-05,-0.789037,0.0566553,0.956787,0
2010-04-06,-0.789037,0.0566553,0.0545723,0
2010-04-07,-0.789037,0.0566553,1.15043,0
2010-04-08,-0.789037,0.0566553,0.270301,0
2010-04-09,-0.789037,0.0566553,0.716877,0
2010-04-12,-0.861942,0.0658023,0.0543714,0
2010-04-13,-0.861942,0.0658023,0.176227,0
2010-04-14,-0.861942,0.0658023,1.39911,0
2010-04-15,-0.861942,0.0658023,0.222891,0
2010-04-16,-0.861942,0.0658023,2.72116,0
2010-04-19,-1.03613,0.0745768,0.35272,0
2010-04-20,-1.03613,0.0745768,1.099,0
2010-04-21,-1.03613,0.0745768,0.546339,0
2010-04-22,-1.03613,0.0745768,0.193471,0
2010-04-23,-1.03613,0.0745768,0.709228,0
2010-04-26,-1.14854,0.0796908,0.854923,0
2010-04-27,-1.14854,0.0796908,3.81244,0
2010-04-28,-1.14854,0.0796908,1.05318,0
2010-04-29,-1.14854,0.0796908,1.71083,0
2010-04-30,-1.14854,0.0796908,2.7475,0
2010-05-03,-0.921353,0.0813649,1.84253,0
2010-05-04,-0.921353,0.0813649,3.69985,0
2010-05-05,-0.921353,0.0813649,0.874678,0
2010-05-06,-0.921353,0.0813649,4.96961,0
2010-05-07,-0.921353,0.0813649,1.94047,0
2010-05-10,-1.1285,0.074409,6.79164,0
2010-05-11,-1.1285,0.074409,0.362434,0
2010-05-12,-1.1285,0.074409,2.14398,0
2010-05-13,-1.1285,0.074409,1.88384,0
2010-05-14,-1.1285,0.074409,2.65246,0
2010-05-17,-0.95787,0.0643311,0.268729,0
2010-05-18,-0.95787,0.0643311,1.85973,0
2010-05-19,-0.95787,0.0643311,0.584174,0
2010-05-20,-0.95787,0.0643311,5.43327,0
2010-05-21,-0.95787,0.0643311,2.70431,0
2010-05-24,-0.947069,0.0520883,1.49997,0
2010-05-25,-0.947069,0.0520883,0.643474,0
2010-05-26,-0.947069,0.0520883,0.438215,0
2010-05-27,-0.947069,0.0520883,5.38351,0
2010-05-28,-0.947069,0.0520883,1.64994,0
2010-06-01,-0.946367,0.0402795,2.21771,0
2010-06-02,-0.946367,0.0402795,4.23469,0
2010-06-03,-0.946367,0.0402795,0.722936,0
2010-06-04,-0.946367,0.0402795,5.14358,0
2010-06-07,-0.946367,0.0402795,1.44443,0
2010-06-08,-0.930145,0.0943407,2.0724,0
2010-06-09,-0.930145,0.0943407,0.407636,0
2010-06-10,-0.930145,0.0943407,4.69525,0
2010-06-11,-0.930145,0.0943407,0.908714,0
2010-06-14,-0.930145,0.0943407,0.0852988,0
2010-06-15,-0.930314,0.0975398,3.49404,0
2010-06-16,-0.930314,0.0975398,0.0681356,0
2010-06-17,-0.930314,0.0975398,0.227265,0
2010-06-18,-0.930314,0.0975398,0.1388,0
2010-06-21,-0.930314,0.0975398,0.455616,0
2010-06-22,-0.980248,0.0728345,2.48494,0
2010-06-23,-0.980248,0.0728345,0.352934,0
2010-06-24,-0.980248,0.0728345,2.35972,0
2010-06-25,-0.980248,0.0728345,0.858875,0
2010-06-28,-0.980248,0.0728345,0.273082,0
2010-06-29,-1.02288,0.089865,4.45593,0
2010-06-30,-1.02288,0.089865,1.00099,0
2010-07-01,-1.02288,0.089865,0.19827,0
2010-07-02,-1.02288,0.089865,0.337454,0
2010-07-06,-1.02288,0.089865,1.46339,0
2010-07-07,-1.13785,0.10432,5.0356,0
2010-07-08,-1.13785,0.10432,1.65037,0
2010-07-09,-1.13785,0.10432,1.21445,0
2010-07-12,-1.13785,0.10432,0.1473,0
2010-07-13,-1.13785,0.10432,2.27168,0
2010-07-14,-1.11605,0.0999694,0.0765637,0
2010-07-15,-1.11605,0.0999694,0.0186532,0
2010-07-16,-1.11605,0.0999694,4.21201,0
2010-07-19,-1.11605,0.0999694,1.0158,0
2010-07-20,-1.11605,0.0999694,1.73279,0
2010-07-21,-0.979667,0.103762,1.93594,0
2010-07-22,-0.979667,0.103762,3.3856,0
2010-07-23,-0.979667,0.103762,1.22769,0
2010-07-26,-0.979667,0.103762,1.4258,0
2010-07-27,-0.979667,0.103762,0.195965,0
2010-07-28,-0.898291,0.103971,1.13675,0
2010-07-29,-0.898291,0.103971,0.846567,0
2010-07-30,-0.898291,0.103971,0.107105,0
2010-08-02,-0.898291,0.103971,3.24675,0
2010-08-03,-0.898291,0.103971,0.941984,0
2010-08-04,-0.955985,0.115776,0.807424,0
2010-08-05,-0.955985,0.115776,0.379608,0
2010-08-06,-0.955985,0.115776,0.811276,0
2010-08-09,-0.955985,0.115776,0.626525,0
2010-08-10,-0.955985,0.115776,1.00024,0
2010-08-11,-0.894973,0.104176,4.28188,0
2010-08-12,-0.894973,0.104176,0.861169,0
2010-08-13,-0.894973,0.104176,0.344841,0
2010-08-16,-0.894973,0.104176,0.0415928,0
2010-08-17,-0.894973,0.104176,1.9247,0
2010-08-18,-0.949332,0.108162,0.289017,0
2010-08-19,-0.949332,0.108162,2.60656,0
2010-08-20,-0.949332,0.108162,0.35664,0
2010-08-23,-0.949332,0.108162,0.42472,0
2010-08-24,-0.949332,0.108162,2.06105,0
2010-08-25,-0.852154,0.105206,0.837341,0
2010-08-26,-0.852154,0.105206,0.779234,0
2010-08-27,-0.852154,0.105206,2.54437,0
2010-08-30,-0.852154,0.105206,2.03547,0
2010-08-31,-0.852154,0.105206,0.233826,0
2010-09-01,-0.963921,0.0932593,4.60723,0
2010-09-02,-0.963921,0.0932593,1.38496,0
2010-09-03,-0.963921,0.0932593,1.85818,0
2010-09-07,-0.963921,0.0932593,1.83288,0
2010-09-08,-0.963921,0.0932593,0.980869,0
2010-09-09,-0.998533,0.0897253,0.579151,0
2010-09-10,-0.998533,0.0897253,0.615529,0
2010-09-13,-0.998533,0.0897253,1.48291,0
2010-09-14,-0.998533,0.0897253,0.324747,0
2010-09-15,-0.998533,0.0897253,0.349664,0
2010-09-16,-1.05232,0.113281,0.272975,0
2010-09-17,-1.05232,0.113281,0.165146,0
2010-09-20,-1.05232,0.113281,2.04449,0
2010-09-21,-1.05232,0.113281,0.608998,0
2010-09-22,-1.05232,0.113281,1.01307,0
2010-09-23,-0.805481,0.164912,1.44438,0
2010-09-24,-0.805481,0.164912,2.87171,0
2010-09-27,-0.805481,0.164912,1.01425,0
2010-09-28,-0.805481,0.164912,0.267603,0
2010-09-29,-0.805481,0.164912,0.524457,0
2010-09-30,-0.814053,0.169269,0.682656,0
2010-10-01,-0.814053,0.169269,0.416306,0
2010-10-04,-0.814053,0.169269,1.34812,0
2010-10-05,-0.814053,0.169269,2.80095,0
2010-10-06,-0.814053,0.169269,0.308781,0
2010-10-07,-0.834102,0.170635,0.461006,0
2010-10-08,-0.834102,0.170635,0.572262,0
2010-10-11,-0.834102,0.170635,0.146273,0
2010-10-12,-0.834102,0.170635,0.178635,0
2010-10-13,-0.834102,0.170635,0.86422,0
2010-10-14,-0.719987,0.0905714,0.91029,0
2010-10-15,-0.719987,0.0905714,0.0176296,0
2010-10-18,-0.719987,0.0905714,0.4444,0
2010-10-19,-0.719987,0.0905714,2.26997,0
2010-10-20,-0.719987,0.0905714,1.24476,0
2010-10-21,-0.886955,0.0872773,0.06825,0
2010-10-22,-0.886955,0.0872773,0.0140323,0
2010-10-25,-0.886955,0.0872773,0.175969,0
2010-10-26,-0.886955,0.0872773,0.246686,0
2010-10-27,-0.886955,0.0872773,0.686658,0
2010-10-28,-0.918293,0.0686141,0.202624,0
2010-10-29,-0.918293,0.0686141,0.105252,0
2010-11-01,-0.918293,0.0686141,0.163065,0
2010-11-02,-0.918293,0.0686141,0.969547,0
2010-11-03,-0.918293,0.0686141,0.345211,0
2010-11-04,-0.904307,0.0892791,2.5702,0
2010-11-05,-0.904307,0.0892791,0.170241,0
2010-11-08,-0.904307,0.0892791,0.67544,0
2010-11-09,-0.904307,0.0892791,1.43715,0
2010-11-10,-0.904307,0.0892791,0.301155,0
2010-11-11,-0.90608,0.0570391,0.872632,0
2010-11-12,-0.90608,0.0570391,2.04171,0
2010-11-15,-0.90608,0.0570391,0.384605,0
2010-11-16,-0.90608,0.0570391,2.49178,0
2010-11-17,-0.90608,0.0570391,0.0367178,0
2010-11-18,-0.838255,0.0586036,2.13308,0
2010-11-19,-0.838255,0.0586036,0.267869,0
2010-11-22,-0.838255,0.0586036,0.277185,0
2010-11-23,-0.838255,0.0586036,2.30975,0
2010-11-24,-0.838255,0.0586036,2.15002,0
2010-11-26,-1.04016,0.0891146,1.87571,0
2010-11-29,-1.04016,0.0891146,0.405494,0
2010-11-30,-1.04016,0.0891146,0.902531,0
2010-12-01,-1.04016,0.0891146,3.10941,0
2010-12-02,-1.04016,0.0891146,1.72583,0
2010-12-03,-0.97056,0.0869228,0.151309,0
2010-12-06,-0.97056,0.0869228,0.413328,0
2010-12-07,-0.97056,0.0869228,0.151649,0
2010-12-08,-0.97056,0.0869228,0.314836,0
2010-12-09,-0.97056,0.0869228,0.333968,0
2010-12-10,-0.824993,0.065119,0.603227,0
2010-12-13,-0.824993,0.065119,0.192571,0
2010-12-14,-0.824993,0.065119,0.147826,0
2010-12-15,-0.824993,0.065119,0.953804,0
2010-12-16,-0.824993,0.065119,0.63329,0
2010-12-17,-0.861288,0.0845806,0.0977725,0
2010-12-20,-0.861288,0.0845806,0.106121,0
2010-12-21,-0.861288,0.0845806,0.68275,0
2010-12-22,-0.861288,0.0845806,0.172407,0
2010-12-23,-0.861288,0.0845806,0.510708,0
2010-12-27,-0.888938,0.0590557,0.214448,0
2010-12-28,-0.888938,0.0590557,0.0506151,0
2010-12-29,-0.888938,0.0590557,0.154845,0
2010-12-30,-0.888938,0.0590557,0.490322,0
2010-12-31,-0.888938,0.0590557,0.195406,0
2011-01-03,-0.962965,0.0649687,1.30837,0
2011-01-04,-0.962965,0.0649687,0.365135,0
2011-01-05,-0.962965,0.0649687,0.505104,0
2011-01-06,-0.962965,0.0649687,0.581375,0
2011-01-07,-0.962965,0.0649687,0.554715,0
2011-01-10,-0.932523,0.0649573,0.423574,0
2011-01-11,-0.932523,0.0649573,0.309814,0
2011-01-12,-0.932523,0.0649573,1.10547,0
2011-01-13,-0.932523,0.0649573,0.52614,0
2011-01-14,-0.932523,0.0649573,0.815604,0
2011-01-18,-1.04353,0.0704357,0.0436808,0
2011-01-19,-1.04353,0.0704357,1.76044,0
2011-01-20,-1.04353,0.0704357,0.409008,0
2011-01-21,-1.04353,0.0704357,0.143911,0
2011-01-24,-1.04353,0.0704357,0.644297,0
2011-01-25,-0.965306,0.106798,0.148874,0
2011-01-26,-0.965306,0.106798,0.352087,0
2011-01-27,-0.965306,0.106798,0.127519,0
2011-01-28,-0.965306,0.106798,2.86582,0
2011-01-31,-0.965306,0.106798,1.00363,0
2011-02-01,-1.08256,0.0877211,2.20509,0
2011-02-02,-1.08256,0.0877211,0.546006,0
2011-02-03,-1.08256,0.0877211,0.0946689,0
2011-02-04,-1.08256,0.0877211,0.180239,0
2011-02-07,-1.08256,0.0877211,0.678632,0
2011-02-08,-1.0897,0.085185,0.394477,0
2011-02-09,-1.0897,0.085185,0.636022,0
2011-02-10,-1.0897,0.085185,0.212836,0
2011-02-11,-1.0897,0.085185,0.626422,0
2011-02-14,-1.0897,0.085185,0.0686508,0
2011-02-15,-1.1083,0.12508,0.760665,0
2011-02-16,-1.1083,0.12508,0.680485,0
2011-02-17,-1.1083,0.12508,0.155904,0
2011-02-18,-1.1083,0.12508,0.0146444,0
2011-02-22,-1.1083,0.12508,3.31207,0
2011-02-23,-1.15774,0.143182,1.05695,0
2011-02-24,-1.15774,0.143182,0.192761,0
2011-02-25,-1.15774,0.143182,1.50086,0
2011-02-28,-1.15774,0.143182,0.766929,0
2011-03-01,-1.15774,0.143182,2.6893,0
2011-03-02,-0.959328,0.146676,0.256301,0
2011-03-03,-0.959328,0.146676,2.46681,0
2011-03-04,-0.959328,0.146676,1.30846,0
2011-03-07,-0.959328,0.146676,1.30064,0
2011-03-08,-0.959328,0.146676,1.22904,0
2011-03-09,-1.01769,0.0836725,0.33813,0
2011-03-10,-1.01769,0.0836725,2.88753,0
2011-03-11,-1.01769,0.0836725,1.05373,0
2011-03-14,-1.01769,0.0836725,0.923465,0
2011-03-15,-1.01769,0.0836725,1.6934,0
2011-03-16,-1.0782,0.0803493,2.67922,0
2011-03-17,-1.0782,0.0803493,2.18248,0
2011-03-18,-1.0782,0.0803493,0.663956,0
2011-03-21,-1.0782,0.0803493,2.3804,0
2011-03-22,-1.0782,0.0803493,0.536191,0
2011-03-23,-1.05259,0.0773618,0.431028,0
2011-03-24,-1.05259,0.0773618,1.40153,0
2011-03-25,-1.05259,0.0773618,0.373579,0
2011-03-28,-1.05259,0.0773618,0.460906,0
2011-03-29,-1.05259,0.0773618,0.919921,0
2011-03-30,-1.05359,0.0766734,0.903602,0
2011-03-31,-1.05359,0.0766734,0.363793,0
2011-04-01,-1.05359,0.0766734,0.482078,0
2011-04-04,-1.05359,0.0766734,0.0446872,0
2011-04-05,-1.05359,0.0766734,0.187786,0
2011-04-06,-0.869183,0.0656895,0.311562,0
2011-04-07,-0.869183,0.0656895,0.550183,0
2011-04-08,-0.869183,0.0656895,0.659517,0
2011-04-11,-0.869183,0.0656895,0.562937,0
2011-04-12,-0.869183,0.0656895,1.20389,0
2011-04-13,-1.0767,0.0560026,0.0425358,0
2011-04-14,-1.0767,0.0560026,0.0838397,0
2011-04-15,-1.0767,0.0560026,0.50854,0
2011-04-18,-1.0767,0.0560026,1.73395,0
2011-04-19,-1.0767,0.0560026,0.876586,0
2011-04-20,-0.819714,0.0890914,1.99744,0
2011-04-21,-0.819714,0.0890914,0.647262,0
2011-04-25,-0.819714,0.0890914,0.296932,0
2011-04-26,-0.819714,0.0890914,1.14743,0
2011-04-27,-0.819714,0.0890914,0.786821,0
2011-04-28,-0.880365,0.0928527,0.263463,0
2011-04-29,-0.880365,0.0928527,0.118646,0
2011-05-02,-0.880365,0.0928527,0.465273,0
2011-05-03,-0.880365,0.0928527,0.750376,0
2011-05-04,-0.880365,0.0928527,1.16872,0
2011-05-05,-0.811743,0.108533,1.47618,0
2011-05-06,-0.811743,0.108533,0.600857,0
2011-05-09,-0.811743,0.108533,0.492409,0
2011-05-10,-0.811743,0.108533,1.15849,0
2011-05-11,-0.811743,0.108533,1.73454,0
2011-05-12,-0.823323,0.0811858,0.627577,0
2011-05-13,-0.823323,0.0811858,1.25815,0
2011-05-16,-0.823323,0.0811858,0.995643,0
2011-05-17,-0.823323,0.0811858,0.0247541,0
2011-05-18,-0.823323,0.0811858,1.32214,0
2011-05-19,-0.619978,0.0789232,0.290432,0
2011-05-20,-0.619978,0.0789232,1.26366,0
2011-05-23,-0.619978,0.0789232,1.75358,0
2011-05-24,-0.619978,0.0789232,0.0591493,0
2011-05-25,-0.619978,0.0789232,0.562893,0
2011-05-26,-0.570575,0.0954921,0.724943,0
2011-05-27,-0.570575,0.0954921,0.57639,0
2011-05-31,-0.570575,0.0954921,1.52063,0
2011-06-01,-0.570575,0.0954921,3.47099,0
2011-06-02,-0.570575,0.0954921,0.0863878,0
2011-06-03,-0.573905,0.138692,1.41105,0
2011-06-06,-0.573905,0.138692,1.44031,0
2011-06-07,-0.573905,0.138692,0.117613,0
2011-06-08,-0.573905,0.138692,0.419926,0
2011-06-09,-0.573905,0.138692,1.35502,0
2011-06-10,-1.02133,0.144808,1.92355,0
2011-06-13,-1.02133,0.144808,0.367406,0
2011-06-14,-1.02133,0.144808,2.10881,0
2011-06-15,-1.02133,0.144808,2.53523,0
2011-06-16,-1.02133,0.144808,0.581183,0
2011-06-17,-1.01326,0.141789,0.669466,0
2011-06-20,-1.01326,0.141789,0.953955,0
2011-06-21,-1.01326,0.141789,2.17459,0
2011-06-22,-1.01326,0.141789,0.851426,0
2011-06-23,-1.01326,0.141789,0.340746,0
2011-06-24,-1.00131,0.101006,1.63405,0
2011-06-27,-1.00131,0.101006,1.5003,0
2011-06-28,-1.00131,0.101006,2.03914,0
2011-06-29,-1.00131,0.101006,1.28263,0
2011-06-30,-1.00131,0.101006,1.36945,0
2011-07-01,-0.961461,0.0899216,2.07133,0
2011-07-05,-0.961461,0.0899216,0.330391,0
2011-07-06,-0.961461,0.0899216,0.0148801,0
2011-07-07,-0.961461,0.0899216,1.34363,0
2011-07-08,-0.961461,0.0899216,1.3139,0
2011-07-11,-0.812348,0.111877,2.90763,0
2011-07-12,-0.812348,0.111877,0.700439,0
2011-07-13,-0.812348,0.111877,0.4737,0
2011-07-14,-0.812348,0.111877,1.07624,0
2011-07-15,-0.812348,0.111877,0.865779,0
2011-07-18,-0.974767,0.112142,1.26095,0
2011-07-19,-0.974767,0.112142,2.41856,0
2011-07-20,-0.974767,0.112142,0.180139,0
2011-07-21,-0.974767,0.112142,1.96739,0
2011-07-22,-0.974767,0.112142,0.0749747,0
2011-07-25,-0.81557,0.215947,1.00234,0
2011-07-26,-0.81557,0.215947,0.680612,0
2011-07-27,-0.81557,0.215947,3.16939,0
2011-07-28,-0.81557,0.215947,0.376175,0
2011-07-29,-0.81557,0.215947,0.945231,0
2011-08-01,-0.941129,0.145836,0.514513,0
2011-08-02,-0.941129,0.145836,3.70622,0
2011-08-03,-0.941129,0.145836,1.12193,0
2011-08-04,-0.941129,0.145836,6.87139,0
2011-08-05,-0.941129,0.145836,0.365619,0
2011-08-08,-1.0031,0.151561,9.44637,0
2011-08-09,-1.0031,0.151561,7.7769,0
2011-08-10,-1.0031,0.151561,6.0717,0
2011-08-11,-1.0031,0.151561,7.46691,0
2011-08-12,-1.0031,0.151561,1.58245,0
2011-08-15,-0.659297,0.126616,3.62536,0
2011-08-16,-0.659297,0.126616,0.936544,0
2011-08-17,-0.659297,0.126616,0.482722,0
2011-08-18,-0.659297,0.126616,6.19616,0
2011-08-19,-0.659297,0.126616,1.7974,0
2011-08-22,-0.567819,0.125715,0.855344,0
2011-08-23,-0.567819,0.125715,5.51337,0
2011-08-24,-0.567819,0.125715,2.51754,0
2011-08-25,-0.567819,0.125715,1.96665,0
2011-08-26,-0.567819,0.125715,2.55759,0
2011-08-29,-0.714714,0.117212,4.50532,0
2011-08-30,-0.714714,0.117212,0.470487,0
2011-08-31,-0.714714,0.117212,0.71541,0
2011-09-01,-0.714714,0.117212,1.54313,0
2011-09-02,-0.714714,0.117212,3.75463,0
2011-09-06,-0.65688,0.106766,0.817315,0
2011-09-07,-0.65688,0.106766,4.44881,0
2011-09-08,-0.65688,0.106766,1.45255,0
2011-09-09,-0.65688,0.106766,3.78125,0
2011-09-12,-0.65688,0.106766,1.30695,0
2011-09-13,-0.502265,0.165446,1.64426,0
2011-09-14,-0.502265,0.165446,2.2541,0
2011-09-15,-0.502265,0.165446,2.64803,0
2011-09-16,-0.502265,0.165446,0.856049,0
2011-09-19,-0.502265,0.165446,1.55073,0
2011-09-20,-0.440182,0.156491,0.16237,0
2011-09-21,-0.440182,0.156491,4.42962,0
2011-09-22,-0.440182,0.156491,4.66113,0
2011-09-23,-0.440182,0.156491,1.33975,0
2011-09-26,-0.440182,0.156491,3.87925,0
2011-09-27,-0.441116,0.0876283,1.85509,0
2011-09-28,-0.441116,0.0876283,2.95556,0
2011-09-29,-0.441116,0.0876283,1.42354,0
2011-09-30,-0.441116,0.0876283,3.57922,0
2011-10-03,-0.441116,0.0876283,3.941,0
2011-10-04,-0.467921,0.10641,3.76523,0
2011-10-05,-0.467921,0.10641,3.09124,0
2011-10-06,-0.467921,0.10641,2.88385,0
2011-10-07,-0.467921,0.10641,0.918405,0
2011-10-10,-0.467921,0.10641,5.01815,0
2011-10-11,-0.528748,0.110941,0.0373155,0
2011-10-12,-0.528748,0.110941,1.18567,0
2011-10-13,-0.528748,0.110941,0.465361,0
2011-10-14,-0.528748,0.110941,2.37392,0
2011-10-17,-0.528748,0.110941,3.12663,0
2011-10-18,-0.554173,0.173082,2.76749,0
2011-10-19,-0.554173,0.173082,2.01249,0
2011-10-20,-0.554173,0.173082,0.501873,0
2011-10-21,-0.554173,0.173082,2.62689,0
2011-10-24,-0.554173,0.173082,1.51802,0
2011-10-25,-0.680823,0.114968,3.28713,0
2011-10-26,-0.680823,0.114968,1.29196,0
2011-10-27,-0.680823,0.114968,4.82149,0
2011-10-28,-0.680823,0.114968,0.533824,0
2011-10-31,-0.680823,0.114968,4.10403,0
2011-11-01,-0.573805,0.123025,4.48866,0
2011-11-02,-0.573805,0.123025,2.33713,0
2011-11-03,-0.573805,0.123025,2.50734,0
2011-11-04,-0.573805,0.123025,1.20781,0
2011-11-07,-0.573805,0.123025,0.680924,0
2011-11-08,-0.895246,0.128232,1.62359,0
2011-11-09,-0.895246,0.128232,5.94388,0
2011-11-10,-0.895246,0.128232,1.32483,0
2011-11-11,-0.895246,0.128232,2.64196,0
2011-11-14,-0.895246,0.128232,1.67239,0
2011-11-15,-1.0507,0.143648,0.555706,0
2011-11-16,-1.0507,0.143648,2.58248,0
2011-11-17,-1.0507,0.143648,2.46312,0
2011-11-18,-1.0507,0.143648,0.124901,0
2011-11-21,-1.0507,0.143648,2.81716,0
2011-11-22,-0.931127,0.135542,0.41345,0
2011-11-23,-0.931127,0.135542,3.12788,0
2011-11-25,-0.931127,0.135542,0.0575459,0
2011-11-28,-0.931127,0.135542,4.58377,0
2011-11-29,-0.931127,0.135542,0.542154,0
2011-11-30,-1.02458,0.105394,6.09353,0
2011-12-01,-1.02458,0.105394,0.215761,0
2011-12-02,-1.02458,0.105394,0.31272,0
2011-12-05,-1.02458,0.105394,1.4445,0
2011-12-06,-1.02458,0.105394,0.187904,0
2011-12-07,-0.954084,0.0788248,0.32653,0
2011-12-08,-0.954084,0.0788248,3.54115,0
2011-12-09,-0.954084,0.0788248,2.42429,0
2011-12-12,-0.954084,0.0788248,2.37651,0
2011-12-13,-0.954084,0.0788248,1.47299,0
2011-12-14,-0.986183,0.0521488,1.60017,0
2011-12-15,-0.986183,0.0521488,0.604091,0
2011-12-16,-0.986183,0.0521488,0.259296,0
2011-12-19,-0.986183,0.0521488,1.57229,0
2011-12-20,-0.986183,0.0521488,4.53545,0
2011-12-21,-0.900821,0.180515,0.175151,0
2011-12-22,-0.900821,0.180515,1.19116,0
2011-12-23,-0.900821,0.180515,1.14718,0
2011-12-27,-0.900821,0.180515,0.113214,0
2011-12-28,-0.900821,0.180515,2.19077,0
2011-12-29,-1.05685,0.194311,1.40696,0
2011-12-30,-1.05685,0.194311,0.921854,0
2012-01-03,-1.05685,0.194311,2.20668,0
2012-01-04,-1.05685,0.194311,0.0159581,0
2012-01-05,-1.05685,0.194311,0.147166,0
2012-01-06,-0.955487,0.167087,0.639219,0
2012-01-09,-0.955487,0.167087,0.13546,0
2012-01-10,-0.955487,0.167087,1.05266,0
2012-01-11,-0.955487,0.167087,0.200544,0
2012-01-12,-0.955487,0.167087,0.0848031,0
2012-01-13,-0.869191,0.17407,1.04727,0
2012-01-17,-0.869191,0.17407,0.34982,0
2012-01-18,-0.869191,0.17407,1.39287,0
2012-01-19,-0.869191,0.17407,0.47441,0
2012-01-20,-0.869191,0.17407,0.222757,0
2012-01-23,-0.954955,0.0941334,0.724991,0
2012-01-24,-0.954955,0.0941334,0.476755,0
2012-01-25,-0.954955,0.0941334,0.954936,0
2012-01-26,-0.954955,0.0941334,1.09465,0
2012-01-27,-0.954955,0.0941334,0.345794,0
2012-01-30,-0.884078,0.126254,0.770525,0
2012-01-31,-0.884078,0.126254,0.282183,0
2012-02-01,-0.884078,0.126254,1.08473,0
2012-02-02,-0.884078,0.126254,0.0276504,0
2012-02-03,-0.884078,0.126254,1.80895,0
2012-02-06,-0.908067,0.137356,0.446744,0
2012-02-07,-0.908067,0.137356,0.0496414,0
2012-02-08,-0.908067,0.137356,0.112387,0
2012-02-09,-0.908067,0.137356,0.146752,0
2012-02-10,-0.908067,0.137356,1.42994,0
2012-02-13,-0.900246,0.0909598,0.843555,0
2012-02-14,-0.900246,0.0909598,0.486215,0
2012-02-15,-0.900246,0.0909598,0.971204,0
2012-02-16,-0.900246,0.0909598,1.40748,0
2012-02-17,-0.900246,0.0909598,0.0961848,0
2012-02-21,-0.942896,0.106783,0.235986,0
2012-02-22,-0.942896,0.106783,0.770639,0
2012-02-23,-0.942896,0.106783,0.400633,0
2012-02-24,-0.942896,0.106783,0.0533633,0
2012-02-27,-0.942896,0.106783,0.0257716,0
2012-02-28,-0.844585,0.0974608,0.158963,0
2012-02-29,-0.844585,0.0974608,0.866744,0
2012-03-01,-0.844585,0.0974608,0.527916,0
2012-03-02,-0.844585,0.0974608,0.72009,0
2012-03-05,-0.844585,0.0974608,0.83979,0
2012-03-06,-0.705394,0.104864,2.38411,0
2012-03-07,-0.705394,0.104864,0.953899,0
2012-03-08,-0.705394,0.104864,1.34763,0
2012-03-09,-0.705394,0.104864,0.385782,0
2012-03-12,-0.705394,0.104864,0.195839,0
2012-03-13,-0.73634,0.117007,2.46028,0
2012-03-14,-0.73634,0.117007,0.472558,0
2012-03-15,-0.73634,0.117007,0.567825,0
2012-03-16,-0.73634,0.117007,0.111773,0
2012-03-19,-0.73634,0.117007,0.269598,0
2012-03-20,-0.618631,0.122766,0.758653,0
2012-03-21,-0.618631,0.122766,0.533165,0
2012-03-22,-0.618631,0.122766,1.33983,0
2012-03-23,-0.618631,0.122766,0.27891,0
2012-03-26,-0.618631,0.122766,1.85901,0
2012-03-27,-0.725702,0.0983253,0.764795,0
2012-03-28,-0.725702,0.0983253,1.00535,0
2012-03-29,-0.725702,0.0983253,0.472997,0
2012-03-30,-0.725702,0.0983253,0.417762,0
2012-04-02,-0.725702,0.0983253,0.868216,0
2012-04-03,-0.800396,0.140968,0.866397,0
2012-04-04,-0.800396,0.140968,1.6977,0
2012-04-05,-0.800396,0.140968,0.210631,0
2012-04-09,-0.800396,0.140968,1.80654,0
2012-04-10,-0.800396,0.140968,2.55942,0
2012-04-11,-1.00103,0.136904,1.27844,0
2012-04-12,-1.00103,0.136904,1.95001,0
2012-04-13,-1.00103,0.136904,1.8519,0
2012-04-16,-1.00103,0.136904,0.0832935,0
2012-04-17,-1.00103,0.136904,2.20555,0
2012-04-18,-0.81683,0.123004,0.589018,0
2012-04-19,-0.81683,0.123004,1.01608,0
2012-04-20,-0.81683,0.123004,0.238309,0
2012-04-23,-0.81683,0.123004,1.2774,0
2012-04-24,-0.81683,0.123004,0.603386,0
2012-04-25,-0.869844,0.100334,2.03341,0
2012-04-26,-0.869844,0.100334,0.948041,0
2012-04-27,-0.869844,0.100334,0.114139,0
2012-04-30,-0.869844,0.100334,0.687142,0
2012-05-01,-0.869844,0.100334,0.819699,0
2012-05-02,-0.871428,0.0940322,0.585875,0
2012-05-03,-0.871428,0.0940322,1.25259,0
2012-05-04,-0.871428,0.0940322,2.47809,0
2012-05-07,-0.871428,0.0940322,0.17025,0
2012-05-08,-0.871428,0.0940322,0.544264,0
2012-05-09,-0.747222,0.0825594,0.805769,0
2012-05-10,-0.747222,0.0825594,0.423799,0
2012-05-11,-0.747222,0.0825594,0.351815,0
2012-05-14,-0.747222,0.0825594,1.54081,0
2012-05-15,-0.747222,0.0825594,0.670243,0
2012-05-16,-0.738352,0.1365,0.352245,0
2012-05-17,-0.738352,0.1365,1.98837,0
2012-05-18,-0.738352,0.1365,0.950732,0
2012-05-21,-0.738352,0.1365,2.90791,0
2012-05-22,-0.738352,0.1365,0.494913,0
2012-05-23,-0.718097,0.136776,0.291382,0
2012-05-24,-0.718097,0.136776,0.491023,0
2012-05-25,-0.718097,0.136776,0.30766,0
2012-05-29,-0.718097,0.136776,1.98126,0
2012-05-30,-0.718097,0.136776,2.07731,0
2012-05-31,-0.730751,0.12014,0.13298,0
2012-06-01,-0.730751,0.12014,3.59226,0
2012-06-04,-0.730751,0.12014,0.300438,0
2012-06-05,-0.730751,0.12014,1.47808,0
2012-06-06,-0.730751,0.12014,3.59179,0
2012-06-07,-0.862656,0.115254,0.207595,0
2012-06-08,-0.862656,0.115254,1.28581,0
2012-06-11,-0.862656,0.115254,1.8538,0
2012-06-12,-0.862656,0.115254,1.83396,0
2012-06-13,-0.862656,0.115254,0.906251,0
2012-06-14,-1.01628,0.110517,1.65931,0
2012-06-15,-1.01628,0.110517,1.52638,0
2012-06-18,-1.01628,0.110517,0.228932,0
2012-06-19,-1.01628,0.110517,1.36204,0
2012-06-20,-1.01628,0.110517,0.375351,0
2012-06-21,-0.942079,0.109147,3.49232,0
2012-06-22,-0.942079,0.109147,1.18924,0
2012-06-25,-0.942079,0.109147,2.4127,0
2012-06-26,-0.942079,0.109147,0.851284,0
2012-06-27,-0.942079,0.109147,1.40078,0
2012-06-28,-0.915763,0.136043,0.425516,0
2012-06-29,-0.915763,0.136043,3.68223,0
2012-07-02,-0.915763,0.136043,0.293814,0
2012-07-03,-0.915763,0.136043,0.810084,0
2012-07-05,-0.915763,0.136043,0.87833,0
2012-07-06,-0.822129,0.1343,1.58479,0
2012-07-09,-0.822129,0.1343,0.276407,0
2012-07-10,-0.822129,0.1343,1.37961,0
2012-07-11,-0.822129,0.1343,0.0103613,0
2012-07-12,-0.822129,0.1343,0.734725,0
2012-07-13,-0.889331,0.0975223,2.4974,0
2012-07-16,-0.889331,0.0975223,0.446257,0
2012-07-17,-0.889331,0.0975223,0.943834,0
2012-07-18,-0.889331,0.0975223,0.979156,0
2012-07-19,-0.889331,0.0975223,0.224733,0
2012-07-20,-0.94918,0.11243,1.54244,0
2012-07-23,-0.94918,0.11243,1.61468,0
2012-07-24,-0.94918,0.11243,1.30961,0
2012-07-25,-0.94918,0.11243,0.068254,0
2012-07-26,-0.94918,0.11243,2.4658,0
2012-07-27,-0.95694,0.0992067,2.63276,0
2012-07-30,-0.95694,0.0992067,0.208175,0
2012-07-31,-0.95694,0.0992067,1.24249,0
2012-08-01,-0.95694,0.0992067,0.269693,0
2012-08-02,-0.95694,0.0992067,1.15793,0
2012-08-03,-0.940337,0.150771,2.84878,0
2012-08-06,-0.940337,0.150771,0.0811563,0
2012-08-07,-0.940337,0.150771,0.533433,0
2012-08-08,-0.940337,0.150771,0.0556062,0
2012-08-09,-0.940337,0.150771,0.106134,0
2012-08-10,-1.01581,0.12651,0.0150341,0
2012-08-13,-1.01581,0.12651,0.302695,0
2012-08-14,-1.01581,0.12651,0.193426,0
2012-08-15,-1.01581,0.12651,0.0365212,0
2012-08-16,-1.01581,0.12651,0.889824,0
2012-08-17,-0.951204,0.0835554,0.0466787,0
2012-08-20,-0.951204,0.0835554,0.232861,0
2012-08-21,-0.951204,0.0835554,0.683036,0
2012-08-22,-0.951204,0.0835554,0.137352,0
2012-08-23,-0.951204,0.0835554,1.4156,0
2012-08-24,-0.942307,0.0833717,0.768931,0
2012-08-27,-0.942307,0.0833717,0.131843,0
2012-08-28,-0.942307,0.0833717,0.304467,0
2012-08-29,-0.942307,0.0833717,0.0272701,0
2012-08-30,-0.942307,0.0833717,1.21773,0
2012-08-31,-0.667272,0.0481434,0.623376,0
2012-09-04,-0.667272,0.0481434,0.250638,0
2012-09-05,-0.667272,0.0481434,0.228581,0
2012-09-06,-0.667272,0.0481434,2.89797,0
2012-09-07,-0.667272,0.0481434,0.350885,0
2012-09-10,-0.708358,0.0558802,1.09155,0
2012-09-11,-0.708358,0.0558802,0.221466,0
2012-09-12,-0.708358,0.0558802,0.292357,0
2012-09-13,-0.708358,0.0558802,2.03269,0
2012-09-14,-0.708358,0.0558802,0.345761,0
2012-09-17,-0.690139,0.0408515,0.83471,0
2012-09-18,-0.690139,0.0408515,0.411083,0
2012-09-19,-0.690139,0.0408515,0.188994,0
2012-09-20,-0.690139,0.0408515,0.250944,0
2012-09-21,-0.690139,0.0408515,0.311537,0
2012-09-24,-0.678574,0.0455106,0.459334,0
2012-09-25,-0.678574,0.0455106,1.80462,0
2012-09-26,-0.678574,0.0455106,0.966775,0
2012-09-27,-0.678574,0.0455106,1.3122,0
2012-09-28,-0.678574,0.0455106,0.835086,0
2012-10-01,-0.79477,0.0477758,0.286885,0
2012-10-02,-0.79477,0.0477758,0.035855,0
2012-10-03,-0.79477,0.0477758,0.485774,0
2012-10-04,-0.79477,0.0477758,0.919352,0
2012-10-05,-0.79477,0.0477758,0.176294,0
2012-10-08,-0.942055,0.0163474,0.687999,0
2012-10-09,-0.942055,0.0163474,1.62401,0
2012-10-10,-0.942055,0.0163474,1.02147,0
2012-10-11,-0.942055,0.0163474,0.0616399,0
2012-10-12,-0.942055,0.0163474,0.512758,0
2012-10-15,-1.0031,0.13177,1.23366,0
2012-10-16,-1.0031,0.13177,1.44161,0
2012-10-17,-1.0031,0.13177,0.547191,0
2012-10-18,-1.0031,0.13177,0.538882,0
2012-10-19,-1.0031,0.13177,2.62632,0
2012-10-22,-1.09821,0.142287,0.0179133,0
2012-10-23,-1.09821,0.142287,2.08235,0
2012-10-24,-1.09821,0.142287,0.327047,0
2012-10-25,-1.09821,0.142287,0.541531,0
2012-10-26,-1.09821,0.142287,3.19978e-05,0
2012-10-31,-0.838426,0.060023,0.0842051,0
2012-11-01,-0.838426,0.060023,1.62975,0
2012-11-02,-0.838426,0.060023,1.32502,0
2012-11-05,-0.838426,0.060023,0.370384,0
2012-11-06,-0.838426,0.060023,1.20801,0
2012-11-07,-0.766137,0.120031,3.41862,0
2012-11-08,-0.766137,0.120031,1.64707,0
2012-11-09,-0.766137,0.120031,0.359276,0
2012-11-12,-0.766137,0.120031,0.331437,0
2012-11-13,-0.766137,0.120031,0.319898,0
2012-11-14,-0.780294,0.112225,1.80927,0
2012-11-15,-0.780294,0.112225,0.045758,0
2012-11-16,-0.780294,0.112225,1.02815,0
2012-11-19,-0.780294,0.112225,3.22785,0
2012-11-20,-0.780294,0.112225,0.159304,0
2012-11-21,-0.757572,0.10392,0.365409,0
2012-11-23,-0.757572,0.10392,2.08371,0
2012-11-26,-0.757572,0.10392,0.343445,0
2012-11-27,-0.757572,0.10392,0.772591,0
2012-11-28,-0.757572,0.10392,1.21819,0
2012-11-29,-0.783019,0.117191,0.660162,0
2012-11-30,-0.783019,0.117191,0.0319045,0
2012-12-03,-0.783019,0.117191,0.796157,0
2012-12-04,-0.783019,0.117191,0.234812,0
2012-12-05,-0.783019,0.117191,0.249693,0
2012-12-06,-0.673582,0.124367,0.478761,0
2012-12-07,-0.673582,0.124367,0.402287,0
2012-12-10,-0.673582,0.124367,0.0038802,0
2012-12-11,-0.673582,0.124367,0.943149,0
2012-12-12,-0.673582,0.124367,0.0381337,0
2012-12-13,-0.994446,0.0808076,1.0239,0
2012-12-14,-0.994446,0.0808076,0.614509,0
2012-12-17,-0.994446,0.0808076,1.70626,0
2012-12-18,-0.994446,0.0808076,1.53426,0
2012-12-19,-0.994446,0.0808076,1.29352,0
2012-12-20,-0.956244,0.120884,0.729796,0
2012-12-21,-0.956244,0.120884,1.51414,0
2012-12-24,-0.956244,0.120884,0.545658,0
2012-12-26,-0.956244,0.120884,0.689164,0
2012-12-27,-0.956244,0.120884,0.227939,0
2012-12-28,-0.933479,0.112653,1.63427,0
2012-12-31,-0.933479,0.112653,2.5663,0
2013-01-02,-0.933479,0.112653,3.7032,0
2013-01-03,-0.933479,0.112653,0.572263,0
2013-01-04,-0.933479,0.112653,0.443064,0
2013-01-07,-0.930355,0.10198,0.636759,0
2013-01-08,-0.930355,0.10198,0.628305,0
2013-01-09,-0.930355,0.10198,0.207469,0
2013-01-10,-0.930355,0.10198,0.99803,0
2013-01-11,-0.930355,0.10198,0.237023,0
2013-01-14,-0.813355,0.0983295,0.316902,0
2013-01-15,-0.813355,0.0983295,0.0996275,0
2013-01-16,-0.813355,0.0983295,0.216386,0
2013-01-17,-0.813355,0.0983295,0.772067,0
2013-01-18,-0.813355,0.0983295,0.109036,0
2013-01-22,-0.920824,0.0658619,0.572819,0
2013-01-23,-0.920824,0.0658619,0.0151912,0
2013-01-24,-0.920824,0.0658619,0.213752,0
2013-01-25,-0.920824,0.0658619,0.590476,0
2013-01-28,-0.920824,0.0658619,0.449715,0
2013-01-29,-0.969777,0.0714804,0.333549,0
2013-01-30,-0.969777,0.0714804,0.849624,0
2013-01-31,-0.969777,0.0714804,0.593175,0
2013-02-01,-0.969777,0.0714804,1.32451,0
2013-02-04,-0.969777,0.0714804,1.94194,0
2013-02-05,-1.00006,0.13075,1.32568,0
2013-02-06,-1.00006,0.13075,0.123052,0
2013-02-07,-1.00006,0.13075,0.422458,0
2013-02-08,-1.00006,0.13075,0.619757,0
2013-02-11,-1.00006,0.13075,0.264226,0
2013-02-12,-0.948407,0.0785936,0.0224735,0
2013-02-13,-0.948407,0.0785936,0.0962773,0
2013-02-14,-0.948407,0.0785936,0.0820974,0
2013-02-15,-0.948407,0.0785936,0.390978,0
2013-02-19,-0.948407,0.0785936,0.91407,0
2013-02-20,-0.806709,0.103218,2.10537,0
2013-02-21,-0.806709,0.103218,1.04771,0
2013-02-22,-0.806709,0.103218,1.35541,0
2013-02-25,-0.806709,0.103218,3.01282,0
2013-02-26,-0.806709,0.103218,1.00156,0
2013-02-27,-0.841717,0.093128,1.80191,0
2013-02-28,-0.841717,0.093128,0.439328,0
2013-03-01,-0.841717,0.093128,0.365211,0
2013-03-04,-0.841717,0.093128,0.648319,0
2013-03-05,-0.841717,0.093128,1.15451,0
2013-03-06,-0.736823,0.0450547,0.0242712,0
2013-03-07,-0.736823,0.0450547,0.0439685,0
2013-03-08,-0.736823,0.0450547,0.405471,0
2013-03-11,-0.736823,0.0450547,0.316966,0
2013-03-12,-0.736823,0.0450547,0.595483,0
2013-03-13,-0.69987,0.0513316,0.023396,0
2013-03-14,-0.69987,0.0513316,0.557494,0
2013-03-15,-0.69987,0.0513316,0.455076,0
2013-03-18,-0.69987,0.0513316,1.06048,0
2013-03-19,-0.69987,0.0513316,0.533296,0
2013-03-20,-0.771722,0.0795584,0.87331,0
2013-03-21,-0.771722,0.0795584,1.47963,0
2013-03-22,-0.771722,0.0795584,1.05665,0
2013-03-25,-0.771722,0.0795584,0.806124,0
2013-03-26,-0.771722,0.0795584,1.04023,0
2013-03-27,-0.573065,0.081654,0.194411,0
2013-03-28,-0.573065,0.081654,0.271234,0
2013-04-01,-0.573065,0.081654,0.787866,0
2013-04-02,-0.573065,0.081654,0.571238,0
2013-04-03,-0.573065,0.081654,1.70388,0
2013-04-04,-0.523165,0.118229,0.494866,0
2013-04-05,-0.523165,0.118229,0.800551,0
2013-04-08,-0.523165,0.118229,0.910006,0
2013-04-09,-0.523165,0.118229,0.377174,0
2013-04-10,-0.523165,0.118229,1.65726,0
2013-04-11,-0.515292,0.111706,0.254926,0
2013-04-12,-0.515292,0.111706,0.608694,0
2013-04-15,-0.515292,0.111706,3.70311,0
2013-04-16,-0.515292,0.111706,2.13916,0
2013-04-17,-0.515292,0.111706,2.33133,0
2013-04-18,-0.510171,0.0968078,0.965148,0
2013-04-19,-0.510171,0.0968078,1.30117,0
2013-04-22,-0.510171,0.0968078,0.610988,0
2013-04-23,-0.510171,0.0968078,1.44931,0
2013-04-24,-0.510171,0.0968078,0.0504953,0
2013-04-25,-0.494388,0.08773,0.459578,0
2013-04-26,-0.494388,0.08773,0.42684,0
2013-04-29,-0.494388,0.08773,0.849309,0
2013-04-30,-0.494388,0.08773,0.170732,0
2013-05-01,-0.494388,0.08773,1.50193,0
2013-05-02,-0.68065,0.0874119,1.25416,0
2013-05-03,-0.68065,0.0874119,1.32074,0
2013-05-06,-0.68065,0.0874119,0.135284,0
2013-05-07,-0.68065,0.0874119,0.503376,0
2013-05-08,-0.68065,0.0874119,0.403127,0
2013-05-09,-0.650599,0.156366,0.710766,0
2013-05-10,-0.650599,0.156366,0.225391,0
2013-05-13,-0.650599,0.156366,0.150122,0
2013-05-14,-0.650599,0.156366,1.26797,0
2013-05-15,-0.650599,0.156366,0.478129,0
2013-05-16,-0.783821,0.0900137,1.04371,0
2013-05-17,-0.783821,0.0900137,1.13823,0
2013-05-20,-0.783821,0.0900137,0.356896,0
2013-05-21,-0.783821,0.0900137,0.11749,0
2013-05-22,-0.783821,0.0900137,1.43324,0
2013-05-23,-0.86804,0.116038,0.689184,0
2013-05-24,-0.86804,0.116038,0.351722,0
2013-05-28,-0.86804,0.116038,0.678928,0
2013-05-29,-0.86804,0.116038,1.21045,0
2013-05-30,-0.86804,0.116038,0.363988,0
2013-05-31,-0.616296,0.0540436,2.35196,0
2013-06-03,-0.616296,0.0540436,0.726275,0
2013-06-04,-0.616296,0.0540436,0.841802,0
2013-06-05,-0.616296,0.0540436,2.18293,0
2013-06-06,-0.616296,0.0540436,1.35816,0
2013-06-07,-0.566547,0.15115,1.83388,0
2013-06-10,-0.566547,0.15115,0.132788,0
2013-06-11,-0.566547,0.15115,1.66904,0
2013-06-12,-0.566547,0.15115,1.28447,0
2013-06-13,-0.566547,0.15115,2.25776,0
2013-06-14,-0.710544,0.140003,1.02986,0
2013-06-17,-0.710544,0.140003,1.09893,0
2013-06-18,-0.710544,0.140003,1.07433,0
2013-06-19,-0.710544,0.140003,2.21736,0
2013-06-20,-0.710544,0.140003,3.77569,0
2013-06-21,-0.805273,0.122372,0.611145,0
2013-06-24,-0.805273,0.122372,1.78615,0
2013-06-25,-0.805273,0.122372,1.61298,0
2013-06-26,-0.805273,0.122372,1.57936,0
2013-06-27,-0.805273,0.122372,0.910009,0
2013-06-28,-1.05753,0.104406,0.614085,0
2013-07-01,-1.05753,0.104406,0.894556,0
2013-07-02,-1.05753,0.104406,0.15484,0
2013-07-03,-1.05753,0.104406,0.0552763,0
2013-07-05,-1.05753,0.104406,1.5844,0
2013-07-08,-0.803962,0.100767,0.759859,0
2013-07-09,-0.803962,0.100767,0.944677,0
2013-07-10,-0.803962,0.100767,0.112606,0
2013-07-11,-0.803962,0.100767,1.85129,0
2013-07-12,-0.803962,0.100767,0.18627,0
2013-07-15,-0.755581,0.178252,0.327675,0
2013-07-16,-0.755581,0.178252,0.813497,0
2013-07-17,-0.755581,0.178252,0.16454,0
2013-07-18,-0.755581,0.178252,0.58817,0
2013-07-19,-0.755581,0.178252,0.0118809,0
2013-07-22,-0.692806,0.171223,0.0371408,0
2013-07-23,-0.692806,0.171223,0.57087,0
2013-07-24,-0.692806,0.171223,0.773862,0
2013-07-25,-0.692806,0.171223,0.170215,0
2013-07-26,-0.692806,0.171223,0.0408174,0
2013-07-29,-0.850964,0.178494,0.655433,0
2013-07-30,-0.850964,0.178494,0.166496,0
2013-07-31,-0.850964,0.178494,0.0529053,0
2013-08-01,-0.850964,0.178494,1.55346,0
2013-08-02,-0.850964,0.178494,0.0233625,0
2013-08-05,-1.01689,0.192217,0.448122,0
2013-08-06,-1.01689,0.192217,1.05702,0
2013-08-07,-1.01689,0.192217,0.642375,0
2013-08-08,-1.01689,0.192217,0.414878,0
2013-08-09,-1.01689,0.192217,0.578751,0
2013-08-12,-1.01698,0.122411,0.297471,0
2013-08-13,-1.01698,0.122411,0.331567,0
2013-08-14,-1.01698,0.122411,0.88822,0
2013-08-15,-1.01698,0.122411,2.17674,0
2013-08-16,-1.01698,0.122411,0.471572,0
2013-08-19,-1.00075,0.117668,0.910811,0
2013-08-20,-1.00075,0.117668,0.815497,0
2013-08-21,-1.00075,0.117668,0.871627,0
2013-08-22,-1.00075,0.117668,1.43849,0
2013-08-23,-1.00075,0.117668,0.521815,0
2013-08-26,-1.00557,0.117511,0.558197,0
2013-08-27,-1.00557,0.117511,2.38951,0
2013-08-28,-1.00557,0.117511,0.662393,0
2013-08-29,-1.00557,0.117511,0.339688,0
2013-08-30,-1.00557,0.117511,0.383971,0
2013-09-03,-0.897169,0.121883,0.777187,0
2013-09-04,-0.897169,0.121883,1.29512,0
2013-09-05,-0.897169,0.121883,0.196801,0
2013-09-06,-0.897169,0.121883,0.070981,0
2013-09-09,-0.897169,0.121883,1.4137,0
2013-09-10,-1.06465,0.133784,1.02574,0
2013-09-11,-1.06465,0.133784,0.347366,0
2013-09-12,-1.06465,0.133784,0.530928,0
2013-09-13,-1.06465,0.133784,0.22401,0
2013-09-16,-1.06465,0.133784,0.737747,0
2013-09-17,-1.01924,0.148163,0.506926,0
2013-09-18,-1.01924,0.148163,1.53265,0
2013-09-19,-1.01924,0.148163,0.500954,0
2013-09-20,-1.01924,0.148163,1.27145,0
2013-09-23,-1.01924,0.148163,0.858005,0
2013-09-24,-1.02226,0.152264,0.478337,0
2013-09-25,-1.02226,0.152264,0.535781,0
2013-09-26,-1.02226,0.152264,0.491111,0
2013-09-27,-1.02226,0.152264,0.788481,0
2013-09-30,-1.02226,0.152264,0.860689,0
2013-10-01,-0.858858,0.145952,1.14752,0
2013-10-02,-0.858858,0.145952,0.220047,0
2013-10-03,-0.858858,0.145952,1.44723,0
2013-10-04,-0.858858,0.145952,1.12188,0
2013-10-07,-0.858858,0.145952,1.34541,0
2013-10-08,-0.838416,0.128973,1.73321,0
2013-10-09,-0.838416,0.128973,0.198918,0
2013-10-10,-0.838416,0.128973,3.25453,0
2013-10-11,-0.838416,0.128973,0.883978,0
2013-10-14,-0.838416,0.128973,0.479935,0
2013-10-15,-1.18157,0.151686,1.21865,0
2013-10-16,-1.18157,0.151686,1.98491,0
2013-10-17,-1.18157,0.151686,0.819296,0
2013-10-18,-1.18157,0.151686,0.791239,0
2013-10-21,-1.18157,0.151686,0.238852,0
2013-10-22,-0.961568,0.170375,0.622895,0
2013-10-23,-0.961568,0.170375,0.979543,0
2013-10-24,-0.961568,0.170375,0.274009,0
2013-10-25,-0.961568,0.170375,0.445671,0
2013-10-28,-0.961568,0.170375,0.0167048,0
2013-10-29,-1.29227,0.170096,0.538939,0
2013-10-30,-1.29227,0.170096,1.0186,0
2013-10-31,-1.29227,0.170096,0.652397,0
2013-11-01,-1.29227,0.170096,0.155848,0
2013-11-04,-1.29227,0.170096,0.315927,0
2013-11-05,-1.11114,0.106515,0.693195,0
2013-11-06,-1.11114,0.106515,0.568822,0
2013-11-07,-1.11114,0.106515,2.10838,0
2013-11-08,-1.11114,0.106515,1.87719,0
2013-11-11,-1.11114,0.106515,0.179515,0
2013-11-12,-0.921686,0.106742,0.498523,0
2013-11-13,-0.921686,0.106742,1.01618,0
2013-11-14,-0.921686,0.106742,0.519829,0
2013-11-15,-0.921686,0.106742,0.40082,0
2013-11-18,-0.921686,0.106742,0.78533,0
2013-11-19,-0.811933,0.136367,0.550635,0
2013-11-20,-0.811933,0.136367,0.667079,0
2013-11-21,-0.811933,0.136367,1.02578,0
2013-11-22,-0.811933,0.136367,0.524452,0
2013-11-25,-0.811933,0.136367,0.39069,0
2013-11-26,-1.05647,0.141371,0.183129,0
2013-11-27,-1.05647,0.141371,0.146271,0
2013-11-29,-1.05647,0.141371,0.321027,0
2013-12-02,-1.05647,0.141371,0.594177,0
2013-12-03,-1.05647,0.141371,0.823538,0
2013-12-04,-0.843062,0.121026,0.157317,0
2013-12-05,-0.843062,0.121026,0.788473,0
2013-12-06,-0.843062,0.121026,1.55721,0
2013-12-09,-0.843062,0.121026,0.208302,0
2013-12-10,-0.843062,0.121026,0.71322,0
2013-12-11,-0.870301,0.174928,1.82588,0
2013-12-12,-0.870301,0.174928,0.551722,0
2013-12-13,-0.870301,0.174928,0.050504,0
2013-12-16,-0.870301,0.174928,0.892735,0
2013-12-17,-0.870301,0.174928,0.547346,0
2013-12-18,-0.861847,0.174035,2.47056,0
2013-12-19,-0.861847,0.174035,0.335942,0
2013-12-20,-0.861847,0.174035,0.71472,0
2013-12-23,-0.861847,0.174035,0.610886,0
2013-12-24,-0.861847,0.174035,0.11515,0
2013-12-26,-0.906142,0.110686,0.538464,0
2013-12-27,-0.906142,0.110686,0.249293,0
2013-12-30,-0.906142,0.110686,0.253797,0
2013-12-31,-0.906142,0.110686,0.484909,0
2014-01-02,-0.906142,0.110686,1.67296,0
2014-01-03,-0.939628,0.137467,0.186124,0
2014-01-06,-0.939628,0.137467,0.584582,0
2014-01-07,-0.939628,0.137467,0.78545,0
2014-01-08,-0.939628,0.137467,0.130017,0
2014-01-09,-0.939628,0.137467,0.0589915,0
2014-01-10,-0.783978,0.150607,0.25102,0
2014-01-13,-0.783978,0.150607,2.15792,0
2014-01-14,-0.783978,0.150607,1.54868,0
2014-01-15,-0.783978,0.150607,0.663053,0
2014-01-16,-0.783978,0.150607,0.36124,0
2014-01-17,-0.774179,0.130156,0.781401,0
2014-01-21,-0.774179,0.130156,0.322669,0
2014-01-22,-0.774179,0.130156,0.0322697,0
2014-01-23,-0.774179,0.130156,1.35158,0
2014-01-24,-0.774179,0.130156,3.27245,0
2014-01-27,-0.809225,0.175865,0.643786,0
2014-01-28,-0.809225,0.175865,1.00329,0
2014-01-29,-0.809225,0.175865,1.36289,0
2014-01-30,-0.809225,0.175865,1.70561,0
2014-01-31,-0.809225,0.175865,0.817316,0
2014-02-03,-0.842817,0.164584,3.29093,0
2014-02-04,-0.842817,0.164584,1.28842,0
2014-02-05,-0.842817,0.164584,0.00273329,0
2014-02-06,-0.842817,0.164584,2.13818,0
2014-02-07,-0.842817,0.164584,1.92133,0
2014-02-10,-0.912098,0.156812,0.271269,0
2014-02-11,-0.912098,0.156812,1.60474,0
2014-02-12,-0.912098,0.156812,0.0163608,0
2014-02-13,-0.912098,0.156812,0.676868,0
2014-02-14,-0.912098,0.156812,0.697735,0
2014-02-18,-0.780005,0.113103,0.0239092,0
2014-02-19,-0.780005,0.113103,1.14332,0
2014-02-20,-0.780005,0.113103,0.774135,0
2014-02-21,-0.780005,0.113103,0.307445,0
2014-02-24,-0.780005,0.113103,0.699802,0
2014-02-25,-0.802535,0.112334,0.212389,0
2014-02-26,-0.802535,0.112334,0.13802,0
2014-02-27,-0.802535,0.112334,0.639048,0
2014-02-28,-0.802535,0.112334,0.20618,0
2014-03-03,-0.802535,0.112334,1.22913,0
2014-03-04,-0.824933,0.0924353,1.95488,0
2014-03-05,-0.824933,0.0924353,0.0787095,0
2014-03-06,-0.824933,0.0924353,0.130535,0
2014-03-07,-0.824933,0.0924353,0.152637,0
2014-03-10,-0.824933,0.0924353,0.287765,0
2014-03-11,-0.922029,0.0619413,0.932281,0
2014-03-12,-0.922029,0.0619413,0.111632,0
2014-03-13,-0.922029,0.0619413,1.82359,0
2014-03-14,-0.922029,0.0619413,0.478563,0
2014-03-17,-0.922029,0.0619413,1.30149,0
2014-03-18,-0.984987,0.0471916,0.95908,0
2014-03-19,-0.984987,0.0471916,0.938921,0
2014-03-20,-0.984987,0.0471916,0.766185,0
2014-03-21,-0.984987,0.0471916,0.714099,0
2014-03-24,-0.984987,0.0471916,0.718876,0
2014-03-25,-0.790703,0.098343,0.635759,0
2014-03-26,-0.790703,0.098343,1.17228,0
2014-03-27,-0.790703,0.098343,0.357345,0
2014-03-28,-0.790703,0.098343,0.705076,0
2014-03-31,-0.790703,0.098343,1.15433,0
2014-04-01,-0.799312,0.113991,0.869126,0
2014-04-02,-0.799312,0.113991,0.342136,0
2014-04-03,-0.799312,0.113991,0.368049,0
2014-04-04,-0.799312,0.113991,1.92277,0
2014-04-07,-0.799312,0.113991,1.71641,0
2014-04-08,-0.829062,0.0977611,0.629591,0
2014-04-09,-0.829062,0.0977611,1.57862,0
2014-04-10,-0.829062,0.0977611,3.24446,0
2014-04-11,-0.829062,0.0977611,1.27996,0
2014-04-14,-0.829062,0.0977611,1.2939,0
2014-04-15,-0.720847,0.0876786,1.08675,0
2014-04-16,-0.720847,0.0876786,1.56506,0
2014-04-17,-0.720847,0.0876786,0.148466,0
2014-04-21,-0.720847,0.0876786,0.451745,0
2014-04-22,-0.720847,0.0876786,0.587189,0
2014-04-23,-0.809969,0.126131,0.463804,0
2014-04-24,-0.809969,0.126131,0.208099,0
2014-04-25,-0.809969,0.126131,1.32768,0
2014-04-28,-0.809969,0.126131,0.429923,0
2014-04-29,-0.809969,0.126131,0.630243,0
2014-04-30,-0.895333,0.153129,0.352656,0
2014-05-01,-0.895333,0.153129,0.0912506,0
2014-05-02,-0.895333,0.153129,0.316035,0
2014-05-05,-0.895333,0.153129,0.196677,0
2014-05-06,-0.895333,0.153129,1.39753,0
2014-05-07,-0.937564,0.114405,0.842202,0
2014-05-08,-0.937564,0.114405,0.229329,0
2014-05-09,-0.937564,0.114405,0.161572,0
2014-05-12,-0.937564,0.114405,1.37362,0
2014-05-13,-0.937564,0.114405,0.000851635,0
2014-05-14,-0.739951,0.113295,0.838893,0
2014-05-15,-0.739951,0.113295,1.40494,0
2014-05-16,-0.739951,0.113295,0.488314,0
2014-05-19,-0.739951,0.113295,0.494989,0
2014-05-20,-0.739951,0.113295,1.01398,0
2014-05-21,-0.750587,0.109683,1.22251,0
2014-05-22,-0.750587,0.109683,0.278517,0
2014-05-23,-0.750587,0.109683,0.499103,0
2014-05-27,-0.750587,0.109683,0.792064,0
2014-05-28,-0.750587,0.109683,0.265523,0
2014-05-29,-0.827319,0.0986021,0.623265,0
2014-05-30,-0.827319,0.0986021,0.0659959,0
2014-06-02,-0.827319,0.0986021,0.00694532,0
2014-06-03,-0.827319,0.0986021,0.253546,0
2014-06-04,-0.827319,0.0986021,0.136221,0
2014-06-05,-0.836166,0.0660319,0.796199,0
2014-06-06,-0.836166,0.0660319,0.501494,0
2014-06-09,-0.836166,0.0660319,0.0796931,0
2014-06-10,-0.836166,0.0660319,0.21294,0
2014-06-11,-0.836166,0.0660319,0.73621,0
2014-06-12,-0.864672,0.0537767,1.24043,0
2014-06-13,-0.864672,0.0537767,0.327677,0
2014-06-16,-0.864672,0.0537767,0.0180111,0
2014-06-17,-0.864672,0.0537767,0.273143,0
2014-06-18,-0.864672,0.0537767,0.93534,0
2014-06-19,-1.10624,0.0440293,0.029906,0
2014-06-20,-1.10624,0.0440293,0.10654,0
2014-06-23,-1.10624,0.0440293,0.245707,0
2014-06-24,-1.10624,0.0440293,1.08746,0
2014-06-25,-1.10624,0.0440293,0.53345,0
2014-06-26,-0.823146,0.0810908,0.269094,0
2014-06-27,-0.823146,0.0810908,0.139038,0
2014-06-30,-0.823146,0.0810908,0.232389,0
2014-07-01,-0.823146,0.0810908,0.8469,0
2014-07-02,-0.823146,0.0810908,0.034408,0
2014-07-03,-0.993256,0.0896694,0.546152,0
2014-07-07,-0.993256,0.0896694,0.728232,0
2014-07-08,-0.993256,0.0896694,1.13477,0
2014-07-09,-0.993256,0.0896694,0.543864,0
2014-07-10,-0.993256,0.0896694,0.737203,0
2014-07-11,-1.00912,0.0945551,0.0917562,0
2014-07-14,-1.00912,0.0945551,0.630194,0
2014-07-15,-1.00912,0.0945551,0.425433,0
2014-07-16,-1.00912,0.0945551,0.422998,0
2014-07-17,-1.00912,0.0945551,1.84703,0
2014-07-18,-0.71951,0.123125,1.45284,0
2014-07-21,-0.71951,0.123125,0.406662,0
2014-07-22,-0.71951,0.123125,0.538126,0
2014-07-23,-0.71951,0.123125,0.195681,0
2014-07-24,-0.71951,0.123125,0.135888,0
2014-07-25,-0.803899,0.121525,0.835046,0
2014-07-28,-0.803899,0.121525,0.037524,0
2014-07-29,-0.803899,0.121525,0.73651,0
2014-07-30,-0.803899,0.121525,0.0386414,0
2014-07-31,-0.803899,0.121525,3.02666,0
2014-08-01,-0.670621,0.121151,0.372313,0
2014-08-04,-0.670621,0.121151,1.17077,0
2014-08-05,-0.670621,0.121151,1.40409,0
2014-08-06,-0.670621,0.121151,0.15793,0
2014-08-07,-0.670621,0.121151,0.703752,0
2014-08-08,-0.840129,0.136329,1.84823,0
2014-08-11,-0.840129,0.136329,0.480604,0
2014-08-12,-0.840129,0.136329,0.179829,0
2014-08-13,-0.840129,0.136329,1.03951,0
2014-08-14,-0.840129,0.136329,0.687861,0
2014-08-15,-0.7009,0.195105,0.0756579,0
2014-08-18,-0.7009,0.195105,1.19957,0
2014-08-19,-0.7009,0.195105,0.676273,0
2014-08-20,-0.7009,0.195105,0.266941,0
2014-08-21,-0.7009,0.195105,0.290625,0
2014-08-22,-0.747577,0.108066,0.387562,0
2014-08-25,-0.747577,0.108066,0.614404,0
2014-08-26,-0.747577,0.108066,0.0702305,0
2014-08-27,-0.747577,0.108066,0.222952,0
2014-08-28,-0.747577,0.108066,0.234791,0
2014-08-29,-0.862408,0.123082,0.281028,0
2014-09-02,-0.862408,0.123082,0.229402,0
2014-09-03,-0.862408,0.123082,0.225986,0
2014-09-04,-0.862408,0.123082,0.349132,0
2014-09-05,-0.862408,0.123082,0.54983,0
2014-09-08,-0.86419,0.0739661,0.528356,0
2014-09-09,-0.86419,0.0739661,1.06328,0
2014-09-10,-0.86419,0.0739661,0.490293,0
2014-09-11,-0.86419,0.0739661,0.0794634,0
2014-09-12,-0.86419,0.0739661,0.966625,0
2014-09-15,-0.644213,0.137426,0.161852,0
2014-09-16,-0.644213,0.137426,1.07517,0
2014-09-17,-0.644213,0.137426,0.107508,0
2014-09-18,-0.644213,0.137426,0.693074,0
2014-09-19,-0.644213,0.137426,0.264413,0
2014-09-22,-0.985057,0.197194,1.27126,0
2014-09-23,-0.985057,0.197194,0.912072,0
2014-09-24,-0.985057,0.197194,1.14474,0
2014-09-25,-0.985057,0.197194,2.48889,0
2014-09-26,-0.985057,0.197194,1.22534,0
2014-09-29,-0.807062,0.117005,0.280494,0
2014-09-30,-0.807062,0.117005,0.388471,0
2014-10-01,-0.807062,0.117005,2.00793,0
2014-10-02,-0.807062,0.117005,0.13929,0
2014-10-03,-0.807062,0.117005,1.73865,0
2014-10-06,-0.846657,0.0990611,0.146312,0
2014-10-07,-0.846657,0.0990611,2.27932,0
2014-10-08,-0.846657,0.0990611,2.72135,0
2014-10-09,-0.846657,0.0990611,2.96594,0
2014-10-10,-0.846657,0.0990611,1.55425,0
2014-10-13,-0.852434,0.0939516,2.23718,0
2014-10-14,-0.852434,0.0939516,0.561923,0
2014-10-15,-0.852434,0.0939516,0.704424,0
2014-10-16,-0.852434,0.0939516,0.210964,0
2014-10-17,-0.852434,0.0939516,2.07541,0
2014-10-20,-0.969233,0.0831359,1.6686,0
2014-10-21,-0.969233,0.0831359,3.07084,0
2014-10-22,-0.969233,0.0831359,1.05343,0
2014-10-23,-0.969233,0.0831359,1.77701,0
2014-10-24,-0.969233,0.0831359,1.1145,0
2014-10-27,-0.699338,0.0870738,0.282907,0
2014-10-28,-0.699338,0.0870738,1.63155,0
2014-10-29,-0.699338,0.0870738,0.36683,0
2014-10-30,-0.699338,0.0870738,0.826093,0
2014-10-31,-0.699338,0.0870738,1.52813,0
2014-11-03,-0.640416,0.0797624,0.15414,0
2014-11-04,-0.640416,0.0797624,0.744984,0
2014-11-05,-0.640416,0.0797624,0.743666,0
2014-11-06,-0.640416,0.0797624,0.366449,0
2014-11-07,-0.640416,0.0797624,0.106149,0
2014-11-10,-0.82064,0.0832725,0.227254,0
2014-11-11,-0.82064,0.0832725,0.105021,0
2014-11-12,-0.82064,0.0832725,0.406291,0
2014-11-13,-0.82064,0.0832725,0.0591653,0
2014-11-14,-0.82064,0.0832725,0.187597,0
2014-11-17,-0.896986,0.057075,0.12059,0
2014-11-18,-0.896986,0.057075,0.646926,0
2014-11-19,-0.896986,0.057075,0.478949,0
2014-11-20,-0.896986,0.057075,0.0432747,0
2014-11-21,-0.896986,0.057075,0.574378,0
2014-11-24,-0.898275,0.0683883,0.170354,0
2014-11-25,-0.898275,0.0683883,0.362191,0
2014-11-26,-0.898275,0.0683883,0.142747,0
2014-11-28,-0.898275,0.0683883,0.559765,0
2014-12-01,-0.898275,0.0683883,1.25534,0
2014-12-02,-0.90017,0.0687205,0.799666,0
2014-12-03,-0.90017,0.0687205,0.377143,0
2014-12-04,-0.90017,0.0687205,0.378827,0
2014-12-05,-0.90017,0.0687205,0.0470352,0
2014-12-08,-0.90017,0.0687205,1.196,0
2014-12-09,-0.830861,0.0781044,0.243123,0
2014-12-10,-0.830861,0.0781044,2.53502,0
2014-12-11,-0.830861,0.0781044,0.74069,0
2014-12-12,-0.830861,0.0781044,2.47023,0
2014-12-15,-0.830861,0.0781044,0.955687,0
2014-12-16,-0.924157,0.0713108,1.08309,0
2014-12-17,-0.924157,0.0713108,3.05383,0
2014-12-18,-0.924157,0.0713108,3.65602,0
2014-12-19,-0.924157,0.0713108,0.481634,0
2014-12-22,-0.924157,0.0713108,0.510079,0
2014-12-23,-1.01918,0.0662322,0.00401265,0
2014-12-24,-1.01918,0.0662322,0.182504,0
2014-12-26,-1.01918,0.0662322,0.290716,0
2014-12-29,-1.01918,0.0662322,0.00225239,0
2014-12-30,-1.01918,0.0662322,1.00218,0
2014-12-31,-0.876185,0.064569,1.63814,0
2015-01-02,-0.876185,0.064569,0.157245,0
2015-01-05,-0.876185,0.064569,2.78134,0
2015-01-06,-0.876185,0.064569,1.34716,0
2015-01-07,-0.876185,0.064569,1.96632,0
2015-01-08,-0.750816,0.0702185,2.6481,0
2015-01-09,-0.750816,0.0702185,1.28993,0
2015-01-12,-0.750816,0.0702185,1.20229,0
2015-01-13,-0.750816,0.0702185,0.394786,0
2015-01-14,-0.750816,0.0702185,0.85812,0
2015-01-15,-0.782562,0.0681294,1.28588,0
2015-01-16,-0.782562,0.0681294,2.08183,0
2015-01-20,-0.782562,0.0681294,0.362561,0
2015-01-21,-0.782562,0.0681294,0.777638,0
2015-01-22,-0.782562,0.0681294,2.18804,0
2015-01-23,-0.885439,0.0715921,0.928726,0
2015-01-26,-0.885439,0.0715921,0.280723,0
2015-01-27,-0.885439,0.0715921,2.05568,0
2015-01-28,-0.885439,0.0715921,1.90376,0
2015-01-29,-0.885439,0.0715921,1.47457,0
2015-01-30,-0.797411,0.0664713,1.84603,0
2015-02-02,-0.797411,0.0664713,1.95429,0
2015-02-03,-0.797411,0.0664713,2.16731,0
2015-02-04,-0.797411,0.0664713,0.638081,0
2015-02-05,-0.797411,0.0664713,1.45361,0
2015-02-06,-0.952057,0.0729212,0.520882,0
2015-02-09,-0.952057,0.0729212,0.751764,0
2015-02-10,-0.952057,0.0729212,1.52739,0
2015-02-11,-0.952057,0.0729212,0.0345996,0
2015-02-12,-0.952057,0.0729212,1.30448,0
2015-02-13,-0.915819,0.105083,0.430514,0
2015-02-17,-0.915819,0.105083,0.0329049,0
2015-02-18,-0.915819,0.105083,0.188305,0
2015-02-19,-0.915819,0.105083,0.299788,0
2015-02-20,-0.915819,0.105083,0.710496,0
2015-02-23,-0.934549,0.104631,0.23406,0
2015-02-24,-0.934549,0.104631,0.220086,0
2015-02-25,-0.934549,0.104631,0.338721,0
2015-02-26,-0.934549,0.104631,0.372093,0
2015-02-27,-0.934549,0.104631,0.686393,0
2015-03-02,-0.928936,0.105034,0.789731,0
2015-03-03,-0.928936,0.105034,0.795434,0
2015-03-04,-0.928936,0.105034,0.77471,0
2015-03-05,-0.928936,0.105034,0.0528308,0
2015-03-06,-0.928936,0.105034,2.21942,0
2015-03-09,-0.804651,0.0780395,0.607444,0
2015-03-10,-0.804651,0.0780395,2.46943,0
2015-03-11,-0.804651,0.0780395,0.269053,0
2015-03-12,-0.804651,0.0780395,1.97176,0
2015-03-13,-0.804651,0.0780395,0.915439,0
2015-03-16,-0.862822,0.0796299,2.01702,0
2015-03-17,-0.862822,0.0796299,0.495011,0
2015-03-18,-0.862822,0.0796299,1.74869,0
2015-03-19,-0.862822,0.0796299,0.791263,0
2015-03-20,-0.862822,0.0796299,1.23332,0
2015-03-23,-1.03873,0.0821237,0.422116,0
2015-03-24,-1.03873,0.0821237,0.950396,0
2015-03-25,-1.03873,0.0821237,2.26341,0
2015-03-26,-1.03873,0.0821237,0.315656,0
2015-03-27,-1.03873,0.0821237,0.394124,0
2015-03-30,-0.842194,0.0792242,1.83929,0
2015-03-31,-0.842194,0.0792242,1.35705,0
2015-04-01,-0.842194,0.0792242,0.514305,0
2015-04-02,-0.842194,0.0792242,0.571094,0
2015-04-06,-0.842194,0.0792242,1.00829,0
2015-04-07,-0.750589,0.167795,0.431673,0
2015-04-08,-0.750589,0.167795,0.484469,0
2015-04-09,-0.750589,0.167795,0.616695,0
2015-04-10,-0.750589,0.167795,0.740649,0
2015-04-13,-0.750589,0.167795,0.778118,0
2015-04-14,-0.920182,0.0867427,0.217157,0
2015-04-15,-0.920182,0.0867427,0.588629,0
2015-04-16,-0.920182,0.0867427,0.147426,0
2015-04-17,-0.920182,0.0867427,1.81936,0
2015-04-20,-0.920182,0.0867427,1.3405,0
2015-04-21,-0.908874,0.0611591,0.252906,0
2015-04-22,-0.908874,0.0611591,0.665477,0
2015-04-23,-0.908874,0.0611591,0.278856,0
2015-04-24,-0.908874,0.0611591,0.236651,0
2015-04-27,-0.908874,0.0611591,0.739052,0
2015-04-28,-0.751719,0.0664911,0.387661,0
2015-04-29,-0.751719,0.0664911,0.716083,0
2015-04-30,-0.751719,0.0664911,1.56721,0
2015-05-01,-0.751719,0.0664911,1.60882,0
2015-05-04,-0.751719,0.0664911,0.351948,0
2015-05-05,-0.853224,0.104032,1.80097,0
2015-05-06,-0.853224,0.104032,0.616535,0
2015-05-07,-0.853224,0.104032,0.618506,0
2015-05-08,-0.853224,0.104032,1.94286,0
2015-05-11,-0.853224,0.104032,0.806002,0
2015-05-12,-0.865282,0.100485,0.502072,0
2015-05-13,-0.865282,0.100485,0.00445425,0
2015-05-14,-0.865282,0.100485,1.51057,0
2015-05-15,-0.865282,0.100485,0.057551,0
2015-05-18,-0.865282,0.100485,0.355092,0
2015-05-19,-0.847392,0.136811,0.171922,0
2015-05-20,-0.847392,0.136811,0.219719,0
2015-05-21,-0.847392,0.136811,0.327965,0
2015-05-22,-0.847392,0.136811,0.475856,0
2015-05-26,-0.847392,0.136811,1.70578,0
2015-05-27,-0.833625,0.0662893,1.38802,0
2015-05-28,-0.833625,0.0662893,0.250685,0
2015-05-29,-0.833625,0.0662893,0.998062,0
2015-06-01,-0.833625,0.0662893,0.278682,0
2015-06-02,-0.833625,0.0662893,0.184796,0
2015-06-03,-0.941334,0.0918908,0.365198,0
2015-06-04,-0.941334,0.0918908,1.30742,0
2015-06-05,-0.941334,0.0918908,0.239188,0
2015-06-08,-0.941334,0.0918908,0.890462,0
2015-06-09,-0.941334,0.0918908,0.0476653,0
2015-06-10,-1.07047,0.0989931,1.8404,0
2015-06-11,-1.07047,0.0989931,0.458984,0
2015-06-12,-1.07047,0.0989931,1.18448,0
2015-06-15,-1.07047,0.0989931,0.624444,0
2015-06-16,-1.07047,0.0989931,0.852512,0
2015-06-17,-1.09399,0.100677,0.243962,0
2015-06-18,-1.09399,0.100677,1.53126,0
2015-06-19,-1.09399,0.100677,0.741729,0
2015-06-22,-1.09399,0.100677,0.715231,0
2015-06-23,-1.09399,0.100677,0.0266607,0
2015-06-24,-0.952524,0.0954642,1.16424,0
2015-06-25,-0.952524,0.0954642,0.478071,0
2015-06-26,-0.952524,0.0954642,0.0309704,0
2015-06-29,-0.952524,0.0954642,3.15391,0
2015-06-30,-0.952524,0.0954642,0.458285,0
2015-07-01,-0.890229,0.100818,1.31332,0
2015-07-02,-0.890229,0.100818,0.0723955,0
2015-07-06,-0.890229,0.100818,0.356674,0
2015-07-07,-0.890229,0.100818,1.01659,0
2015-07-08,-0.890229,0.100818,2.48068,0
2015-07-09,-1.01427,0.162861,0.421739,0
2015-07-10,-1.01427,0.162861,1.99452,0
2015-07-13,-1.01427,0.162861,1.67222,0
2015-07-14,-1.01427,0.162861,0.604541,0
2015-07-15,-1.01427,0.162861,0.117248,0
2015-07-16,-0.894336,0.155898,1.12663,0
2015-07-17,-0.894336,0.155898,0.0107135,0
2015-07-20,-0.894336,0.155898,0.0388354,0
2015-07-21,-0.894336,0.155898,0.702912,0
2015-07-22,-0.894336,0.155898,0.348144,0
2015-07-23,-0.598985,0.155236,0.904455,0
2015-07-24,-0.598985,0.155236,1.57302,0
2015-07-27,-0.598985,0.155236,0.815919,0
2015-07-28,-0.598985,0.155236,1.90649,0
2015-07-29,-0.598985,0.155236,1.0205,0
2015-07-30,-0.605488,0.13541,0.0119778,0
2015-07-31,-0.605488,0.13541,0.272756,0
2015-08-03,-0.605488,0.13541,0.536539,0
2015-08-04,-0.605488,0.13541,0.299665,0
2015-08-05,-0.605488,0.13541,0.494811,0
2015-08-06,-0.518983,0.0862295,1.24086,0
2015-08-07,-0.518983,0.0862295,0.245362,0
2015-08-10,-0.518983,0.0862295,1.91457,0
2015-08-11,-0.518983,0.0862295,1.38636,0
2015-08-12,-0.518983,0.0862295,0.205324,0
2015-08-13,-0.968452,0.126364,0.16771,0
2015-08-14,-0.968452,0.126364,0.566292,0
2015-08-17,-0.968452,0.126364,0.82757,0
2015-08-18,-0.968452,0.126364,0.471635,0
2015-08-19,-0.968452,0.126364,1.1987,0
2015-08-20,-0.964887,0.175024,3.10075,0
2015-08-21,-0.964887,0.175024,4.36257,0
2015-08-24,-0.964887,0.175024,6.01004,0
2015-08-25,-0.964887,0.175024,1.08864,0
2015-08-26,-0.964887,0.175024,6.32806,0
2015-08-27,-0.63744,0.170526,4.06062,0
2015-08-28,-0.63744,0.170526,0.242239,0
2015-08-31,-0.63744,0.170526,0.983391,0
2015-09-01,-0.63744,0.170526,4.23816,0
2015-09-02,-0.63744,0.170526,3.26624,0
2015-09-03,-0.647575,0.147822,0.421814,0
2015-09-04,-0.647575,0.147822,1.97345,0
2015-09-08,-0.647575,0.147822,4.0807,0
2015-09-09,-0.647575,0.147822,1.80626,0
2015-09-10,-0.647575,0.147822,1.08871,0
2015-09-11,-0.860048,0.117651,0.904568,0
2015-09-14,-0.860048,0.117651,0.365406,0
2015-09-15,-0.860048,0.117651,2.05264,0
2015-09-16,-0.860048,0.117651,1.39199,0
2015-09-17,-0.860048,0.117651,0.292076,0
2015-09-18,-0.807038,0.138028,2.39459,0
2015-09-21,-0.807038,0.138028,0.935892,0
2015-09-22,-0.807038,0.138028,1.81849,0
2015-09-23,-0.807038,0.138028,0.0273589,0
2015-09-24,-0.807038,0.138028,0.326906,0
2015-09-25,-0.824789,0.138247,0.188723,0
2015-09-28,-0.824789,0.138247,3.56275,0
2015-09-29,-0.824789,0.138247,0.473036,0
2015-09-30,-0.824789,0.138247,3.11385,0
2015-10-01,-0.824789,0.138247,0.604871,0
2015-10-02,-0.902113,0.130284,2.39459,0
2015-10-05,-0.902113,0.130284,2.70005,0
2015-10-06,-0.902113,0.130284,0.561364,0
2015-10-07,-0.902113,0.130284,1.18906,0
2015-10-08,-0.902113,0.130284,1.2564,0
2015-10-09,-0.789657,0.0726848,0.0507703,0
2015-10-12,-0.789657,0.0726848,0.00322579,0
2015-10-13,-0.789657,0.0726848,1.07772,0
2015-10-14,-0.789657,0.0726848,0.801367,0
2015-10-15,-0.789657,0.0726848,2.21796,0
2015-10-16,-0.832356,0.0721825,0.521638,0
2015-10-19,-0.832356,0.0721825,0.104547,0
2015-10-20,-0.832356,0.0721825,0.36308,0
2015-10-21,-0.832356,0.0721825,1.08141,0
2015-10-22,-0.832356,0.0721825,2.38727,0
2015-10-23,-0.744548,0.0832371,1.40465,0
2015-10-26,-0.744548,0.0832371,0.649251,0
2015-10-27,-0.744548,0.0832371,0.540369,0
2015-10-28,-0.744548,0.0832371,1.45527,0
2015-10-29,-0.744548,0.0832371,0.381201,0
2015-10-30,-0.840244,0.118826,0.920294,0
2015-11-02,-0.840244,0.118826,1.51515,0
2015-11-03,-0.840244,0.118826,0.124917,0
2015-11-04,-0.840244,0.118826,0.763529,0
2015-11-05,-0.840244,0.118826,0.424279,0
2015-11-06,-0.711965,0.0482825,0.333656,0
2015-11-09,-0.711965,0.0482825,1.63479,0
2015-11-10,-0.711965,0.0482825,0.179635,0
2015-11-11,-0.711965,0.0482825,0.757647,0
2015-11-12,-0.711965,0.0482825,2.22731,0
2015-11-13,-0.629855,0.0959989,1.71098,0
2015-11-16,-0.629855,0.0959989,2.29442,0
2015-11-17,-0.629855,0.0959989,0.167156,0
2015-11-18,-0.629855,0.0959989,2.29091,0
2015-11-19,-0.629855,0.0959989,0.286873,0
2015-11-20,-0.684117,0.10561,0.396062,0
2015-11-23,-0.684117,0.10561,0.334334,0
2015-11-24,-0.684117,0.10561,0.0511172,0
2015-11-25,-0.684117,0.10561,0.171646,0
2015-11-27,-0.684117,0.10561,0.0281573,0
2015-11-30,-0.836503,0.0567533,0.762451,0
2015-12-01,-0.836503,0.0567533,1.30403,0
2015-12-02,-0.836503,0.0567533,1.695,0
2015-12-03,-0.836503,0.0567533,2.18713,0
2015-12-04,-0.836503,0.0567533,2.8869,0
2015-12-07,-0.676269,0.0332299,1.02628,0
2015-12-08,-0.676269,0.0332299,1.07697,0
2015-12-09,-0.676269,0.0332299,1.18514,0
2015-12-10,-0.676269,0.0332299,0.415831,0
2015-12-11,-0.676269,0.0332299,2.89854,0
2015-12-14,-0.742527,0.0361558,0.898866,0
2015-12-15,-0.742527,0.0361558,1.66048,0
2015-12-16,-0.742527,0.0361558,2.18968,0
2015-12-17,-0.742527,0.0361558,2.35843,0
2015-12-18,-0.742527,0.0361558,2.63734,0
2015-12-21,-1.03477,0.0397482,1.38292,0
2015-12-22,-1.03477,0.0397482,1.4396,0
2015-12-23,-1.03477,0.0397482,1.85887,0
2015-12-24,-1.03477,0.0397482,0.305092,0
2015-12-28,-1.03477,0.0397482,0.385401,0
2015-12-29,-0.987698,0.0668087,1.55222,0
2015-12-30,-0.987698,0.0668087,1.15804,0
2015-12-31,-0.987698,0.0668087,1.54105,0
2016-01-04,-0.987698,0.0668087,2.06729,0
2016-01-05,-0.987698,0.0668087,0.375689,0
2016-01-06,-1.14375,0.0727543,1.78174,0
2016-01-07,-1.14375,0.0727543,3.42216,0
2016-01-08,-1.14375,0.0727543,1.29048,0
2016-01-11,-1.14375,0.0727543,0.559338,0
2016-01-12,-1.14375,0.0727543,1.5812,0
2016-01-13,-1.14296,0.12638,3.44582,0
2016-01-14,-1.14296,0.12638,2.89591,0
2016-01-15,-1.14296,0.12638,2.89078,0
2016-01-19,-1.14296,0.12638,0.671117,0
2016-01-20,-1.14296,0.12638,1.47697,0
2016-01-21,-1.04781,0.150487,1.34228,0
2016-01-22,-1.04781,0.150487,3.46896,0
2016-01-25,-1.04781,0.150487,1.98103,0
2016-01-26,-1.04781,0.150487,2.39388,0
2016-01-27,-1.04781,0.150487,1.3625,0
2016-01-28,-0.885094,0.142689,1.10249,0
2016-01-29,-0.885094,0.142689,3.86056,0
2016-02-01,-0.885094,0.142689,0.0423028,0
2016-02-02,-0.885094,0.142689,2.6114,0
2016-02-03,-0.885094,0.142689,1.10607,0
2016-02-04,-0.875619,0.150396,0.398057,0
2016-02-05,-0.875619,0.150396,2.71515,0
2016-02-08,-0.875619,0.150396,1.74217,0
2016-02-09,-0.875619,0.150396,0.363856,0
2016-02-10,-0.875619,0.150396,0.210324,0
2016-02-11,-0.840619,0.142471,1.61898,0
2016-02-12,-0.840619,0.142471,3.4408,0
2016-02-16,-0.840619,0.142471,2.73301,0
2016-02-17,-0.840619,0.142471,2.52489,0
2016-02-18,-0.840619,0.142471,0.614819,0
2016-02-19,-0.883213,0.132968,0.0449447,0
2016-02-22,-0.883213,0.132968,2.16523,0
2016-02-23,-0.883213,0.132968,1.9657,0
2016-02-24,-0.883213,0.132968,0.696559,0
2016-02-25,-0.883213,0.132968,1.77555,0
2016-02-26,-0.791394,0.125928,0.441589,0
2016-02-29,-0.791394,0.125928,1.24932,0
2016-03-01,-0.791394,0.125928,3.43709,0
2016-03-02,-0.791394,0.125928,0.485853,0
2016-03-03,-0.791394,0.125928,0.378077,0
2016-03-04,-0.902897,0.103432,0.261548,0
2016-03-07,-0.902897,0.103432,0.115217,0
2016-03-08,-0.902897,0.103432,1.86161,0
2016-03-09,-0.902897,0.103432,0.592008,0
2016-03-10,-0.902897,0.103432,0.049434,0
2016-03-11,-0.685191,0.143312,2.21497,0
2016-03-14,-0.685191,0.143312,0.461578,0
2016-03-15,-0.685191,0.143312,0.491627,0
2016-03-16,-0.685191,0.143312,0.63259,0
2016-03-17,-0.685191,0.143312,0.685207,0
2016-03-18,-0.604829,0.0763487,0.295614,0
2016-03-21,-0.604829,0.0763487,0.0907931,0
2016-03-22,-0.604829,0.0763487,0.377422,0
2016-03-23,-0.604829,0.0763487,1.26471,0
2016-03-24,-0.604829,0.0763487,0.286188,0
2016-03-28,-0.792294,0.0418823,0.118827,0
2016-03-29,-0.792294,0.0418823,1.16851,0
2016-03-30,-0.792294,0.0418823,0.395209,0
2016-03-31,-0.792294,0.0418823,0.636183,0
2016-04-01,-0.792294,0.0418823,0.765104,0
2016-04-04,-0.80177,0.0621692,0.763263,0
2016-04-05,-0.80177,0.0621692,1.73816,0
2016-04-06,-0.80177,0.0621692,1.4528,0
2016-04-07,-0.80177,0.0621692,2.02234,0
2016-04-08,-0.80177,0.0621692,0.264354,0
2016-04-11,-0.740442,0.0826415,0.498281,0
2016-04-12,-0.740442,0.0826415,1.25358,0
2016-04-13,-0.740442,0.0826415,1.31083,0
2016-04-14,-0.740442,0.0826415,0.23883,0
2016-04-15,-0.740442,0.0826415,0.399266,0
2016-04-18,-0.715549,0.129415,0.825676,0
2016-04-19,-0.715549,0.129415,0.213712,0
2016-04-20,-0.715549,0.129415,0.123077,0
2016-04-21,-0.715549,0.129415,1.06134,0
2016-04-22,-0.715549,0.129415,0.209111,0
2016-04-25,-0.867188,0.119839,0.455759,0
2016-04-26,-0.867188,0.119839,0.0430374,0
2016-04-27,-0.867188,0.119839,0.12599,0
2016-04-28,-0.867188,0.119839,1.54204,0
2016-04-29,-0.867188,0.119839,0.918565,0
2016-05-02,-0.742207,0.0602341,1.10774,0
2016-05-03,-0.742207,0.0602341,1.42248,0
2016-05-04,-0.742207,0.0602341,0.887431,0
2016-05-05,-0.742207,0.0602341,0.0424376,0
2016-05-06,-0.742207,0.0602341,0.531775,0
2016-05-09,-0.90756,0.102444,0.0863666,0
2016-05-10,-0.90756,0.102444,1.79775,0
2016-05-11,-0.90756,0.102444,1.52332,0
2016-05-12,-0.90756,0.102444,0.0102306,0
2016-05-13,-0.90756,0.102444,1.35502,0
2016-05-16,-0.983675,0.108428,1.47116,0
2016-05-17,-0.983675,0.108428,1.45349,0
2016-05-18,-0.983675,0.108428,0.0535378,0
2016-05-19,-0.983675,0.108428,0.508988,0
2016-05-20,-0.983675,0.108428,0.96815,0
2016-05-23,-0.963034,0.071148,0.216997,0
2016-05-24,-0.963034,0.071148,1.91192,0
2016-05-25,-0.963034,0.071148,0.911716,0
2016-05-26,-0.963034,0.071148,0.094242,0
2016-05-27,-0.963034,0.071148,0.50585,0
2016-05-31,-0.550772,0.187696,0.439467,0
2016-06-01,-0.550772,0.187696,0.169013,0
2016-06-02,-0.550772,0.187696,0.308626,0
2016-06-03,-0.550772,0.187696,0.603006,0
2016-06-06,-0.550772,0.187696,0.62543,0
2016-06-07,-0.591921,0.0985685,0.0730628,0
2016-06-08,-0.591921,0.0985685,0.32164,0
2016-06-09,-0.591921,0.0985685,0.380874,0
2016-06-10,-0.591921,0.0985685,1.57629,0
2016-06-13,-0.591921,0.0985685,1.23718,0
2016-06-14,-0.517195,0.0823813,0.320235,0
2016-06-15,-0.517195,0.0823813,0.219761,0
2016-06-16,-0.517195,0.0823813,0.441363,0
2016-06-17,-0.517195,0.0823813,0.577723,0
2016-06-20,-0.517195,0.0823813,0.959396,0
2016-06-21,-0.646154,0.0610673,0.381046,0
2016-06-22,-0.646154,0.0610673,0.301432,0
2016-06-23,-0.646154,0.0610673,1.88035,0
2016-06-24,-0.646154,0.0610673,5.57297,0
2016-06-27,-0.646154,0.0610673,2.5591,0
2016-06-28,-0.699637,0.122835,2.90884,0
2016-06-29,-0.699637,0.122835,2.62457,0
2016-06-30,-0.699637,0.122835,2.00563,0
2016-07-01,-0.699637,0.122835,0.207151,0
2016-07-05,-0.699637,0.122835,1.18858,0
2016-07-06,-0.882103,0.116176,0.830745,0
2016-07-07,-0.882103,0.116176,0.190102,0
2016-07-08,-0.882103,0.116176,2.10987,0
2016-07-11,-0.882103,0.116176,0.335581,0
2016-07-12,-0.882103,0.116176,0.872616,0
2016-07-13,-0.850766,0.11295,0.265774,0
2016-07-14,-0.850766,0.11295,0.59582,0
2016-07-15,-0.850766,0.11295,0.460281,0
2016-07-18,-0.850766,0.11295,0.160357,0
2016-07-19,-0.850766,0.11295,0.397749,0
2016-07-20,-0.894729,0.109214,0.39028,0
2016-07-21,-0.894729,0.109214,0.809053,0
2016-07-22,-0.894729,0.109214,0.457735,0
2016-07-25,-0.894729,0.109214,0.634145,0
2016-07-26,-0.894729,0.109214,0.131072,0
2016-07-27,-0.89403,0.0815993,0.351455,0
2016-07-28,-0.89403,0.0815993,0.0053525,0
2016-07-29,-0.89403,0.0815993,0.0632147,0
2016-08-01,-0.89403,0.0815993,0.303136,0
2016-08-02,-0.89403,0.0815993,1.12171,0
2016-08-03,-0.831927,0.045497,0.321467,0
2016-08-04,-0.831927,0.045497,0.0304086,0
2016-08-05,-0.831927,0.045497,1.08243,0
2016-08-08,-0.831927,0.045497,0.268807,0
2016-08-09,-0.831927,0.045497,0.0789123,0
2016-08-10,-0.733008,0.0844394,0.532429,0
2016-08-11,-0.733008,0.0844394,0.549969,0
2016-08-12,-0.733008,0.0844394,0.29393,0
2016-08-15,-0.733008,0.0844394,0.277506,0
2016-08-16,-0.733008,0.0844394,0.933082,0
2016-08-17,-0.902891,0.0523892,0.159572,0
2016-08-18,-0.902891,0.0523892,0.205941,0
2016-08-19,-0.902891,0.0523892,0.354882,0
2016-08-22,-0.902891,0.0523892,0.127312,0
2016-08-23,-0.902891,0.0523892,0.184767,0
2016-08-24,-0.767184,0.0909892,0.886036,0
2016-08-25,-0.767184,0.0909892,0.183961,0
2016-08-26,-0.767184,0.0909892,0.353292,0
2016-08-29,-0.767184,0.0909892,0.674535,0
2016-08-30,-0.767184,0.0909892,0.333472,0
2016-08-31,-0.83872,0.126278,0.495921,0
2016-09-01,-0.83872,0.126278,0.0421066,0
2016-09-02,-0.83872,0.126278,0.62217,0
2016-09-06,-0.83872,0.126278,0.372687,0
2016-09-07,-0.83872,0.126278,0.107356,0
2016-09-08,-0.964365,0.140401,0.42871,0
2016-09-09,-0.964365,0.140401,3.67243,0
2016-09-12,-0.964365,0.140401,2.22337,0
2016-09-13,-0.964365,0.140401,2.15446,0
2016-09-14,-0.964365,0.140401,0.0451716,0
2016-09-15,-1.06546,0.113773,1.57804,0
2016-09-16,-1.06546,0.113773,0.551562,0
2016-09-19,-1.06546,0.113773,0.078427,0
2016-09-20,-1.06546,0.113773,0.0538746,0
2016-09-21,-1.06546,0.113773,1.70785,0
2016-09-22,-0.917929,0.125702,0.898477,0
2016-09-23,-0.917929,0.125702,0.895592,0
2016-09-26,-0.917929,0.125702,1.24639,0
2016-09-27,-0.917929,0.125702,0.943171,0
2016-09-28,-0.917929,0.125702,0.714657,0
2016-09-29,-0.843241,0.125214,1.40748,0
2016-09-30,-0.843241,0.125214,1.12908,0
2016-10-03,-0.843241,0.125214,0.400483,0
2016-10-04,-0.843241,0.125214,0.783851,0
2016-10-05,-0.843241,0.125214,0.670153,0
2016-10-06,-0.842525,0.127834,0.0852343,0
2016-10-07,-0.842525,0.127834,0.533266,0
2016-10-10,-0.842525,0.127834,0.775694,0
2016-10-11,-0.842525,0.127834,1.92441,0
2016-10-12,-0.842525,0.127834,0.251948,0
2016-10-13,-0.769429,0.103067,0.44303,0
2016-10-14,-0.769429,0.103067,0.14272,0
2016-10-17,-0.769429,0.103067,0.458268,0
2016-10-18,-0.769429,0.103067,1.00943,0
2016-10-19,-0.769429,0.103067,0.429482,0
2016-10-20,-0.765565,0.0863993,0.264914,0
2016-10-21,-0.765565,0.0863993,0.0950857,0
2016-10-24,-0.765565,0.0863993,0.652297,0
2016-10-25,-0.765565,0.0863993,0.508923,0
2016-10-26,-0.765565,0.0863993,0.284651,0
2016-10-27,-0.815023,0.150393,0.369568,0
2016-10-28,-0.815023,0.150393,0.395256,0
2016-10-31,-0.815023,0.150393,0.0706823,0
2016-11-01,-0.815023,0.150393,1.02147,0
2016-11-02,-0.815023,0.150393,0.789634,0
2016-11-03,-0.873793,0.224257,0.536908,0
2016-11-04,-0.873793,0.224257,0.00681258,0
2016-11-07,-0.873793,0.224257,3.416,0
2016-11-08,-0.873793,0.224257,0.678266,0
2016-11-09,-0.873793,0.224257,1.54673,0
2016-11-10,-0.795831,0.140702,0.275897,0
2016-11-11,-0.795831,0.140702,0.451174,0
2016-11-14,-0.795831,0.140702,0.0302038,0
2016-11-15,-0.795831,0.140702,1.06814,0
2016-11-16,-0.795831,0.140702,0.418019,0
2016-11-17,-0.868466,0.120078,0.644151,0
2016-11-18,-0.868466,0.120078,0.482236,0
2016-11-21,-0.868466,0.120078,0.992914,0
2016-11-22,-0.868466,0.120078,0.117252,0
2016-11-23,-0.868466,0.120078,0.0975748,0
2016-11-25,-0.881951,0.117163,0.377803,0
2016-11-28,-0.881951,0.117163,0.891759,0
2016-11-29,-0.881951,0.117163,0.140155,0
2016-11-30,-0.881951,0.117163,0.513696,0
2016-12-01,-0.881951,0.117163,0.679891,0
2016-12-02,-0.91599,0.0972565,0.0257224,0
2016-12-05,-0.91599,0.0972565,0.792258,0
2016-12-06,-0.91599,0.0972565,0.33424,0
2016-12-07,-0.91599,0.0972565,1.78128,0
2016-12-08,-0.91599,0.0972565,0.128106,0
2016-12-09,-0.855981,0.106028,0.654064,0
2016-12-12,-0.855981,0.106028,0.443392,0
2016-12-13,-0.855981,0.106028,0.737874,0
2016-12-14,-0.855981,0.106028,1.51939,0
2016-12-15,-0.855981,0.106028,0.396254,0
2016-12-16,-0.823222,0.106242,0.524779,0
2016-12-19,-0.823222,0.106242,0.114702,0
2016-12-20,-0.823222,0.106242,0.358452,0
2016-12-21,-0.823222,0.106242,0.645629,0
2016-12-22,-0.823222,0.106242,0.457977,0
2016-12-23,-0.893942,0.187471,0.0384552,0
2016-12-27,-0.893942,0.187471,0.187589,0
2016-12-28,-0.893942,0.187471,1.42444,0
2016-12-29,-0.893942,0.187471,0.155972,0
2016-12-30,-0.893942,0.187471,0.660243,0
2017-01-03,-0.974529,0.138697,1.04931,0
2017-01-04,-0.974529,0.138697,0.748555,0
2017-01-05,-0.974529,0.138697,0.287288,0
2017-01-06,-0.974529,0.138697,0.37579,0
2017-01-09,-0.974529,0.138697,0.665024,0
2017-01-10,-0.978076,0.170159,0.141903,0
2017-01-11,-0.978076,0.170159,0.284561,0
2017-01-12,-0.978076,0.170159,0.522434,0
2017-01-13,-0.978076,0.170159,0.217048,0
2017-01-17,-0.978076,0.170159,0.659341,0
2017-01-18,-0.822077,0.174373,0.225164,0
2017-01-19,-0.822077,0.174373,0.665944,0
2017-01-20,-0.822077,0.174373,0.463068,0
2017-01-23,-0.822077,0.174373,0.491899,0
2017-01-24,-0.822077,0.174373,0.869669,0
2017-01-25,-0.906382,0.0849289,1.15994,0
2017-01-26,-0.906382,0.0849289,0.332196,0
2017-01-27,-0.906382,0.0849289,0.394693,0
2017-01-30,-0.906382,0.0849289,1.06784,0
2017-01-31,-0.906382,0.0849289,0.105302,0
2017-02-01,-1.08483,0.109127,0.0283615,0
2017-02-02,-1.08483,0.109127,0.0120456,0
2017-02-03,-1.08483,0.109127,0.935487,0
2017-02-06,-1.08483,0.109127,0.396702,0
2017-02-07,-1.08483,0.109127,0.105308,0
2017-02-08,-0.884538,0.0937521,0.0879571,0
2017-02-09,-0.884538,0.0937521,0.768923,0
2017-02-10,-0.884538,0.0937521,0.438722,0
2017-02-13,-0.884538,0.0937521,0.639623,0
2017-02-14,-0.884538,0.0937521,0.395266,0
2017-02-15,-0.821921,0.115726,0.558117,0
2017-02-16,-0.821921,0.115726,0.369454,0
2017-02-17,-0.821921,0.115726,0.00892775,0
2017-02-21,-0.821921,0.115726,0.657459,0
2017-02-22,-0.821921,0.115726,0.388873,0
2017-02-23,-1.05858,0.116524,0.137653,0
2017-02-24,-1.05858,0.116524,0.0433603,0
2017-02-27,-1.05858,0.116524,0.00242409,0
2017-02-28,-1.05858,0.116524,0.632084,0
2017-03-01,-1.05858,0.116524,1.86752,0
2017-03-02,-0.893098,0.0984652,1.22789,0
2017-03-03,-0.893098,0.0984652,0.136716,0
2017-03-06,-0.893098,0.0984652,0.667656,0
2017-03-07,-0.893098,0.0984652,0.637509,0
2017-03-08,-0.893098,0.0984652,0.439001,0
2017-03-09,-0.961229,0.0984744,0.0466404,0
2017-03-10,-0.961229,0.0984744,0.37631,0
2017-03-13,-0.961229,0.0984744,0.0866999,0
2017-03-14,-0.961229,0.0984744,0.728052,0
2017-03-15,-0.961229,0.0984744,1.1583,0
2017-03-16,-0.9978,0.137011,0.470816,0
2017-03-17,-0.9978,0.137011,0.417309,0
2017-03-20,-0.9978,0.137011,0.299456,0
2017-03-21,-0.9978,0.137011,2.04449,0
2017-03-22,-0.9978,0.137011,0.323765,0
2017-03-23,-0.83833,0.161176,0.199981,0
2017-03-24,-0.83833,0.161176,0.139818,0
2017-03-27,-0.83833,0.161176,0.1779,0
2017-03-28,-0.83833,0.161176,1.06181,0
2017-03-29,-0.83833,0.161176,0.0722407,0
2017-03-30,-0.798295,0.0476717,0.402817,0
2017-03-31,-0.798295,0.0476717,0.435744,0
2017-04-03,-0.798295,0.0476717,0.327536,0
2017-04-04,-0.798295,0.0476717,0.0415878,0
2017-04-05,-0.798295,0.0476717,0.497995,0
2017-04-06,-0.751306,0.140495,0.385956,0
2017-04-07,-0.751306,0.140495,0.201639,0
2017-04-10,-0.751306,0.140495,0.0481388,0
2017-04-11,-0.751306,0.140495,0.219735,0
2017-04-12,-0.751306,0.140495,0.685584,0
2017-04-13,-0.805377,0.102038,0.969405,0
2017-04-17,-0.805377,0.102038,1.35776,0
2017-04-18,-0.805377,0.102038,0.462894,0
2017-04-19,-0.805377,0.102038,0.27033,0
2017-04-20,-0.805377,0.102038,1.22204,0
2017-04-21,-1.00871,0.0984957,0.516145,0
2017-04-24,-1.00871,0.0984957,1.61008,0
2017-04-25,-1.00871,0.0984957,0.770327,0
2017-04-26,-1.00871,0.0984957,0.222614,0
2017-04-27,-1.00871,0.0984957,0.00623106,0
2017-04-28,-0.902695,0.121084,0.443419,0
2017-05-01,-0.902695,0.121084,0.276457,0
2017-05-02,-0.902695,0.121084,0.0548601,0
2017-05-03,-0.902695,0.121084,0.289179,0
2017-05-04,-0.902695,0.121084,0.0797142,0
2017-05-05,-0.978061,0.111214,0.485967,0
2017-05-08,-0.978061,0.111214,0.146222,0
2017-05-09,-0.978061,0.111214,0.25117,0
2017-05-10,-0.978061,0.111214,0.164236,0
2017-05-11,-0.978061,0.111214,0.414674,0
2017-05-12,-0.927163,0.128977,0.339674,0
2017-05-15,-0.927163,0.128977,0.744427,0
2017-05-16,-0.927163,0.128977,0.246228,0
2017-05-17,-0.927163,0.128977,2.76172,0
2017-05-18,-0.927163,0.128977,0.629621,0
2017-05-19,-1.00872,0.118677,0.966364,0
2017-05-22,-1.00872,0.118677,0.709803,0
2017-05-23,-1.00872,0.118677,0.2519,0
2017-05-24,-1.00872,0.118677,0.257825,0
2017-05-25,-1.00872,0.118677,0.608411,0
2017-05-26,-0.764319,0.090835,0.16031,0
2017-05-30,-0.764319,0.090835,0.251276,0
2017-05-31,-0.764319,0.090835,0.147156,0
2017-06-01,-0.764319,0.090835,1.07503,0
2017-06-02,-0.764319,0.090835,0.340484,0
2017-06-05,-1.03852,0.0575548,0.279565,0
2017-06-06,-1.03852,0.0575548,0.63304,0
2017-06-07,-1.03852,0.0575548,0.148105,0
2017-06-08,-1.03852,0.0575548,0.0606699,0
2017-06-09,-1.03852,0.0575548,0.356945,0
2017-06-12,-0.940657,0.0375732,0.144808,0
2017-06-13,-0.940657,0.0375732,0.618198,0
2017-06-14,-0.940657,0.0375732,0.325172,0
2017-06-15,-0.940657,0.0375732,0.407764,0
2017-06-16,-0.940657,0.0375732,0.0695395,0
2017-06-19,-0.944978,0.0579358,1.13458,0
2017-06-20,-0.944978,0.0579358,1.15881,0
2017-06-21,-0.944978,0.0579358,0.134292,0
2017-06-22,-0.944978,0.0579358,0.158685,0
2017-06-23,-0.944978,0.0579358,0.0936971,0
2017-06-26,-0.800074,0.0369329,0.00960743,0
2017-06-27,-0.800074,0.0369329,1.292,0
2017-06-28,-0.800074,0.0369329,1.29763,0
2017-06-29,-0.800074,0.0369329,1.40215,0
2017-06-30,-0.800074,0.0369329,0.254092,0
2017-07-03,-0.730107,0.0337336,0.217073,0
2017-07-05,-0.730107,0.0337336,0.298391,0
2017-07-06,-0.730107,0.0337336,1.4258,0
2017-07-07,-0.730107,0.0337336,0.969501,0
2017-07-10,-0.730107,0.0337336,0.121929,0
2017-07-11,-0.689669,0.0977711,0.154028,0
2017-07-12,-0.689669,0.0977711,1.07751,0
2017-07-13,-0.689669,0.0977711,0.162853,0
2017-07-14,-0.689669,0.0977711,0.597633,0
2017-07-17,-0.689669,0.0977711,0.140856,0
2017-07-18,-0.624066,0.105488,0.0373477,0
2017-07-19,-0.624066,0.105488,0.688916,0
2017-07-20,-0.624066,0.105488,0.0804608,0
2017-07-21,-0.624066,0.105488,0.275402,0
2017-07-24,-0.624066,0.105488,0.166147,0
2017-07-25,-0.689141,0.0714127,0.239046,0
2017-07-26,-0.689141,0.0714127,0.127439,0
2017-07-27,-0.689141,0.0714127,0.265757,0
2017-07-28,-0.689141,0.0714127,0.289471,0
2017-07-31,-0.689141,0.0714127,0.18569,0
2017-08-01,-0.690722,0.0960476,0.23863,0
2017-08-02,-0.690722,0.0960476,0.0316285,0
2017-08-03,-0.690722,0.0960476,0.391122,0
2017-08-04,-0.690722,0.0960476,0.186953,0
2017-08-07,-0.690722,0.0960476,0.183619,0
2017-08-08,-0.650368,0.0976217,0.467913,0
2017-08-09,-0.650368,0.0976217,0.0853226,0
2017-08-10,-0.650368,0.0976217,2.19001,0
2017-08-11,-0.650368,0.0976217,0.247227,0
2017-08-14,-0.650368,0.0976217,1.48354,0
2017-08-15,-0.676688,0.100149,0.0717792,0
2017-08-16,-0.676688,0.100149,0.208932,0
2017-08-17,-0.676688,0.100149,2.39774,0
2017-08-18,-0.676688,0.100149,0.180083,0
2017-08-21,-0.676688,0.100149,0.177537,0
2017-08-22,-0.646871,0.0297055,1.60029,0
2017-08-23,-0.646871,0.0297055,0.556839,0
2017-08-24,-0.646871,0.0297055,0.343435,0
2017-08-25,-0.646871,0.0297055,0.366954,0
2017-08-28,-0.646871,0.0297055,0.00865146,0
2017-08-29,-0.791784,0.0239276,0.172366,0
2017-08-30,-0.791784,0.0239276,0.697169,0
2017-08-31,-0.791784,0.0239276,0.853535,0
2017-09-01,-0.791784,0.0239276,0.131333,0
2017-09-05,-0.791784,0.0239276,1.1573,0
2017-09-06,-0.83124,0.0286113,0.476354,0
2017-09-07,-0.83124,0.0286113,0.0711231,0
2017-09-08,-0.83124,0.0286113,0.224572,0
2017-09-11,-0.83124,0.0286113,1.53914,0
2017-09-12,-0.83124,0.0286113,0.389085,0
2017-09-13,-0.930521,0.0279513,0.0584801,0
2017-09-14,-0.930521,0.0279513,0.174641,0
2017-09-15,-0.930521,0.0279513,0.081225,0
2017-09-18,-0.930521,0.0279513,0.193406,0
2017-09-19,-0.930521,0.0279513,0.0170638,0
2017-09-20,-0.819342,0.0526933,0.0790444,0
2017-09-21,-0.819342,0.0526933,0.527976,0
2017-09-22,-0.819342,0.0526933,0.074211,0
2017-09-25,-0.819342,0.0526933,0.405023,0
2017-09-26,-0.819342,0.0526933,0.00815452,0
2017-09-27,-0.581626,0.0890074,0.496333,0
2017-09-28,-0.581626,0.0890074,0.073114,0
2017-09-29,-0.581626,0.0890074,0.413354,0
2017-10-02,-0.581626,0.0890074,0.515885,0
2017-10-03,-0.581626,0.0890074,0.165692,0
2017-10-04,-0.896334,0.0895778,0.016237,0
2017-10-05,-0.896334,0.0895778,0.717854,0
2017-10-06,-0.896334,0.0895778,0.3642,0
2017-10-09,-0.896334,0.0895778,0.42339,0
2017-10-10,-0.896334,0.0895778,0.234321,0
2017-10-11,-1.12324,0.091233,0.0648245,0
2017-10-12,-1.12324,0.091233,0.393585,0
2017-10-13,-1.12324,0.091233,0.0278262,0
2017-10-16,-1.12324,0.091233,0.0437454,0
2017-10-17,-1.12324,0.091233,0.051718,0
2017-10-18,-0.870558,0.0852764,0.00866183,0
2017-10-19,-0.870558,0.0852764,0.113018,0
2017-10-20,-0.870558,0.0852764,0.617285,0
2017-10-23,-0.870558,0.0852764,0.757144,0
2017-10-24,-0.870558,0.0852764,0.119275,0
2017-10-25,-0.928227,0.0828046,0.88563,0
2017-10-26,-0.928227,0.0828046,0.0863965,0
2017-10-27,-0.928227,0.0828046,1.10147,0
2017-10-30,-0.928227,0.0828046,0.716802,0
2017-10-31,-0.928227,0.0828046,0.103605,0
2017-11-01,-1.00898,0.0753953,0.0637164,0
2017-11-02,-1.00898,0.0753953,0.0780276,0
2017-11-03,-1.00898,0.0753953,0.363705,0
2017-11-06,-1.00898,0.0753953,0.0808035,0
2017-11-07,-1.00898,0.0753953,0.256535,0
2017-11-08,-1.04608,0.0713465,0.111825,0
2017-11-09,-1.04608,0.0713465,0.686945,0
2017-11-10,-1.04608,0.0713465,0.160016,0
2017-11-13,-1.04608,0.0713465,0.0318211,0
2017-11-14,-1.04608,0.0713465,0.453779,0
2017-11-15,-0.898919,0.116208,0.833002,0
2017-11-16,-0.898919,0.116208,1.21188,0
2017-11-17,-0.898919,0.116208,0.542157,0
2017-11-20,-0.898919,0.116208,0.174721,0
2017-11-21,-0.898919,0.116208,0.883037,0
2017-11-22,-0.995897,0.131535,0.26029,0
2017-11-24,-0.995897,0.131535,0.226783,0
2017-11-27,-0.995897,0.131535,0.201332,0
2017-11-28,-0.995897,0.131535,1.38397,0
2017-11-29,-0.995897,0.131535,0.273261,0
2017-11-30,-0.505632,0.100472,1.12688,0
2017-12-01,-0.505632,0.100472,0.531919,0
2017-12-04,-0.505632,0.100472,0.377935,0
2017-12-05,-0.505632,0.100472,0.716036,0
2017-12-06,-0.505632,0.100472,0.118107,0
2017-12-07,-0.606711,0.0989533,0.327492,0
2017-12-08,-0.606711,0.0989533,0.652827,0
2017-12-11,-0.606711,0.0989533,0.260584,0
2017-12-12,-0.606711,0.0989533,0.0631214,0
2017-12-13,-0.606711,0.0989533,0.218871,0
2017-12-14,-0.752183,0.130896,0.800966,0
2017-12-15,-0.752183,0.130896,1.07949,0
2017-12-18,-0.752183,0.130896,0.735359,0
2017-12-19,-0.752183,0.130896,0.811923,0
2017-12-20,-0.752183,0.130896,0.279351,0
2017-12-21,-0.887522,0.12063,0.117843,0
2017-12-22,-0.887522,0.12063,0.232649,0
2017-12-26,-0.887522,0.12063,0.36091,0
2017-12-27,-0.887522,0.12063,0.0934035,0
2017-12-28,-0.887522,0.12063,0.144293,0
2017-12-29,-0.913935,0.0684225,0.730175,0
2018-01-02,-0.913935,0.0684225,0.926999,0
2018-01-03,-0.913935,0.0684225,0.760529,0
2018-01-04,-0.913935,0.0684225,0.412385,0
2018-01-05,-0.913935,0.0684225,0.755418,0
2018-01-08,-0.775748,0.062912,0.00358326,0
2018-01-09,-0.775748,0.062912,0.067974,0
2018-01-10,-0.775748,0.062912,0.499366,0
2018-01-11,-0.775748,0.062912,0.833326,0
2018-01-12,-0.775748,0.062912,0.67937,0
2018-01-16,-0.788685,0.130568,0.828597,0
2018-01-17,-0.788685,0.130568,1.1309,0
2018-01-18,-0.788685,0.130568,0.583649,0
2018-01-19,-0.788685,0.130568,0.369243,0
2018-01-22,-0.788685,0.130568,0.881281,0
2018-01-23,-0.860736,0.13059,0.0494043,0
2018-01-24,-0.860736,0.13059,0.420311,0
2018-01-25,-0.860736,0.13059,0.279747,0
2018-01-26,-0.860736,0.13059,1.38288,0
2018-01-29,-0.860736,0.13059,1.38414,0
2018-01-30,-0.780724,0.128275,1.86328,0
2018-01-31,-0.780724,0.128275,0.167945,0
2018-02-01,-0.780724,0.128275,0.402906,0
2018-02-02,-0.780724,0.128275,3.48932,0
2018-02-05,-0.780724,0.128275,6.40622,0
2018-02-06,-0.806096,0.142851,3.15286,0
2018-02-07,-0.806096,0.142851,0.706966,0
2018-02-08,-0.806096,0.142851,5.55176,0
2018-02-09,-0.806096,0.142851,2.61458,0
2018-02-12,-0.806096,0.142851,2.44218,0
2018-02-13,-0.794269,0.130012,0.528303,0
2018-02-14,-0.794269,0.130012,2.12816,0
2018-02-15,-0.794269,0.130012,1.91996,0
2018-02-16,-0.794269,0.130012,0.0129663,0
2018-02-20,-0.794269,0.130012,0.990313,0
2018-02-21,-0.893149,0.109059,0.751126,0
2018-02-22,-0.893149,0.109059,0.218591,0
2018-02-23,-0.893149,0.109059,2.36814,0
2018-02-26,-0.893149,0.109059,1.62175,0
2018-02-27,-0.893149,0.109059,2.04117,0
2018-02-28,-0.745748,0.0986737,1.59061,0
2018-03-01,-0.745748,0.0986737,2.18014,0
2018-03-02,-0.745748,0.0986737,0.866263,0
2018-03-05,-0.745748,0.0986737,1.77019,0
2018-03-06,-0.745748,0.0986737,0.353999,0
2018-03-07,-0.708858,0.0931206,0.0937605,0
2018-03-08,-0.708858,0.0931206,0.68321,0
2018-03-09,-0.708858,0.0931206,2.4995,0
2018-03-12,-0.708858,0.0931206,0.37141,0
2018-03-13,-0.708858,0.0931206,1.13163,0
2018-03-14,-0.874779,0.0579033,0.87924,0
2018-03-15,-0.874779,0.0579033,0.234704,0
2018-03-16,-0.874779,0.0579033,0.0997552,0
2018-03-19,-0.874779,0.0579033,2.0927,0
2018-03-20,-0.874779,0.0579033,0.285074,0
2018-03-21,-1.05966,0.0557612,0.266922,0
2018-03-22,-1.05966,0.0557612,3.73445,0
2018-03-23,-1.05966,0.0557612,2.99799,0
2018-03-26,-1.05966,0.0557612,4.36346,0
2018-03-27,-1.05966,0.0557612,2.4096,0
2018-03-28,-1.17123,0.0571703,0.184044,0
2018-03-29,-1.17123,0.0571703,2.15367,0
2018-04-02,-1.17123,0.0571703,3.08256,0
2018-04-03,-1.17123,0.0571703,2.20313,0
2018-04-04,-1.17123,0.0571703,1.78809,0
2018-04-05,-1.31292,0.0645332,1.29021,0
2018-04-06,-1.31292,0.0645332,3.29261,0
2018-04-09,-1.31292,0.0645332,0.946311,0
2018-04-10,-1.31292,0.0645332,2.51727,0
2018-04-11,-1.31292,0.0645332,0.729846,0
2018-04-12,-1.23628,0.0777605,1.30529,0
2018-04-13,-1.23628,0.0777605,0.411951,0
2018-04-16,-1.23628,0.0777605,1.26247,0
2018-04-17,-1.23628,0.0777605,1.56804,0
2018-04-18,-1.23628,0.0777605,0.0213162,0
2018-04-19,-0.841815,0.147417,0.917314,0
2018-04-20,-0.841815,0.147417,1.31339,0
2018-04-23,-0.841815,0.147417,0.00720737,0
2018-04-24,-0.841815,0.147417,2.00149,0
2018-04-25,-0.841815,0.147417,0.476853,0
2018-04-26,-0.953628,0.12365,1.59185,0
2018-04-27,-0.953628,0.12365,0.151945,0
2018-04-30,-0.953628,0.12365,1.14328,0
2018-05-01,-0.953628,0.12365,0.323077,0
2018-05-02,-0.953628,0.12365,0.958859,0
2018-05-03,-1.03471,0.160135,0.239325,0
2018-05-04,-1.03471,0.160135,2.01368,0
2018-05-07,-1.03471,0.160135,0.507871,0
2018-05-08,-1.03471,0.160135,0.018475,0
2018-05-09,-1.03471,0.160135,1.41339,0
2018-05-10,-0.71147,0.11278,1.30043,0
2018-05-11,-0.71147,0.11278,0.308013,0
2018-05-14,-0.71147,0.11278,0.0889697,0
2018-05-15,-0.71147,0.11278,1.18358,0
2018-05-16,-0.71147,0.11278,0.524346,0
2018-05-17,-0.771987,0.177342,0.250315,0
2018-05-18,-0.771987,0.177342,0.485141,0
2018-05-21,-0.771987,0.177342,1.0243,0
2018-05-22,-0.771987,0.177342,0.552306,0
2018-05-23,-0.771987,0.177342,0.296569,0
2018-05-24,-0.714121,0.23185,0.431207,0
2018-05-25,-0.714121,0.23185,0.460709,0
2018-05-29,-0.714121,0.23185,1.80497,0
2018-05-30,-0.714121,0.23185,1.97278,0
2018-05-31,-0.714121,0.23185,1.00618,0
2018-06-01,-0.706153,0.232513,1.40866,0
2018-06-04,-0.706153,0.232513,0.594203,0
2018-06-05,-0.706153,0.232513,0.0307907,0
2018-06-06,-0.706153,0.232513,1.10107,0
2018-06-07,-0.706153,0.232513,0.205399,0
2018-06-08,-0.679642,0.184841,0.259518,0
2018-06-11,-0.679642,0.184841,0.00588725,0
2018-06-12,-0.679642,0.184841,6.66448e-05,0
2018-06-13,-0.679642,0.184841,0.667566,0
2018-06-14,-0.679642,0.184841,0.21335,0
2018-06-15,-0.787247,0.176175,0.360666,0
2018-06-18,-0.787247,0.176175,0.460071,0
2018-06-19,-0.787247,0.176175,0.70341,0
2018-06-20,-0.787247,0.176175,0.154533,0
2018-06-21,-0.787247,0.176175,1.04182,0
2018-06-22,-0.835695,0.124819,0.213628,0
2018-06-25,-0.835695,0.124819,2.10626,0
2018-06-26,-0.835695,0.124819,0.360685,0
2018-06-27,-0.835695,0.124819,1.22275,0
2018-06-28,-0.835695,0.124819,0.920406,0
2018-06-29,-0.863361,0.133808,0.242954,0
2018-07-02,-0.863361,0.133808,0.33531,0
2018-07-03,-0.863361,0.133808,0.52447,0
2018-07-05,-0.863361,0.133808,1.23509,0
2018-07-06,-0.863361,0.133808,1.2213,0
2018-07-09,-0.998178,0.154884,1.24436,0
2018-07-10,-0.998178,0.154884,0.386743,0
2018-07-11,-0.998178,0.154884,1.25798,0
2018-07-12,-0.998178,0.154884,1.23599,0
2018-07-13,-0.998178,0.154884,0.0477318,0
2018-07-16,-0.768295,0.0956122,0.295605,0
2018-07-17,-0.768295,0.0956122,0.45186,0
2018-07-18,-0.768295,0.0956122,0.142742,0
2018-07-19,-0.768295,0.0956122,0.738765,0
2018-07-20,-0.768295,0.0956122,0.31199,0
2018-07-23,-0.670653,0.117386,0.149177,0
2018-07-24,-0.670653,0.117386,0.612467,0
2018-07-25,-0.670653,0.117386,1.09943,0
2018-07-26,-0.670653,0.117386,0.56611,0
2018-07-27,-0.670653,0.117386,1.19953,0
2018-07-30,-0.662862,0.121073,0.910812,0
2018-07-31,-0.662862,0.121073,0.642697,0
2018-08-01,-0.662862,0.121073,0.367799,0
2018-08-02,-0.662862,0.121073,0.706371,0
2018-08-03,-0.662862,0.121073,0.501095,0
2018-08-06,-0.660524,0.126376,0.385949,0
2018-08-07,-0.660524,0.126376,0.313711,0
2018-08-08,-0.660524,0.126376,0.25405,0
2018-08-09,-0.660524,0.126376,0.382834,0
2018-08-10,-0.660524,0.126376,1.16164,0
2018-08-13,-0.611243,0.146836,0.664787,0
2018-08-14,-0.611243,0.146836,0.870605,0
2018-08-15,-0.611243,0.146836,1.23158,0
2018-08-16,-0.611243,0.146836,1.14017,0
2018-08-17,-0.611243,0.146836,0.41057,0
2018-08-20,-0.687432,0.137497,0.186459,0
2018-08-21,-0.687432,0.137497,0.208045,0
2018-08-22,-0.687432,0.137497,0.238421,0
2018-08-23,-0.687432,0.137497,0.336607,0
2018-08-24,-0.687432,0.137497,0.769579,0
2018-08-27,-0.691809,0.156695,1.0106,0
2018-08-28,-0.691809,0.156695,0.134895,0
2018-08-29,-0.691809,0.156695,0.597778,0
2018-08-30,-0.691809,0.156695,0.832081,0
2018-08-31,-0.691809,0.156695,0.184333,0
2018-09-04,-0.72557,0.155148,0.437197,0
2018-09-05,-0.72557,0.155148,0.561145,0
2018-09-06,-0.72557,0.155148,0.582302,0
2018-09-07,-0.72557,0.155148,0.395755,0
2018-09-10,-0.72557,0.155148,0.170571,0
2018-09-11,-0.684987,0.135469,0.393876,0
2018-09-12,-0.684987,0.135469,0.0782852,0
2018-09-13,-0.684987,0.135469,0.766518,0
2018-09-14,-0.684987,0.135469,0.121194,0
2018-09-17,-0.684987,0.135469,0.930683,0
2018-09-18,-0.641109,0.129128,0.707778,0
2018-09-19,-0.641109,0.129128,0.0278561,0
2018-09-20,-0.641109,0.129128,1.06879,0
2018-09-21,-0.641109,0.129128,0.318067,0
2018-09-24,-0.641109,0.129128,0.662134,0
2018-09-25,-0.886153,0.172726,0.274114,0
2018-09-26,-0.886153,0.172726,0.568954,0
2018-09-27,-0.886153,0.172726,0.318759,0
2018-09-28,-0.886153,0.172726,0.0960534,0
2018-10-01,-0.886153,0.172726,0.409058,0
2018-10-02,-0.859696,0.1729,0.21276,0
2018-10-03,-0.859696,0.1729,0.0345006,0
2018-10-04,-0.859696,0.1729,1.2817,0
2018-10-05,-0.859696,0.1729,0.889077,0
2018-10-08,-0.859696,0.1729,0.0123391,0
2018-10-09,-0.902732,0.218431,0.229036,0
2018-10-10,-0.902732,0.218431,4.78743,0
2018-10-11,-0.902732,0.218431,3.08908,0
2018-10-12,-0.902732,0.218431,2.42138,0
2018-10-15,-0.902732,0.218431,0.582305,0
2018-10-16,-0.773072,0.195579,3.50075,0
2018-10-17,-0.773072,0.195579,0.144914,0
2018-10-18,-0.773072,0.195579,2.05245,0
2018-10-19,-0.773072,0.195579,0.127412,0
2018-10-22,-0.773072,0.195579,0.467214,0
2018-10-23,-0.905031,0.181923,0.535153,0
2018-10-24,-0.905031,0.181923,4.32767,0
2018-10-25,-0.905031,0.181923,3.09801,0
2018-10-26,-0.905031,0.181923,2.33252,0
2018-10-29,-0.905031,0.181923,0.409655,0
2018-10-30,-0.921075,0.156399,2.62433,0
2018-10-31,-0.921075,0.156399,1.89305,0
2018-11-01,-0.921075,0.156399,1.79837,0
2018-11-02,-0.921075,0.156399,0.744773,0
2018-11-05,-0.921075,0.156399,0.992488,0
2018-11-06,-0.715586,0.129986,1.06565,0
2018-11-07,-0.715586,0.129986,3.2284,0
2018-11-08,-0.715586,0.129986,0.344966,0
2018-11-09,-0.715586,0.129986,1.51865,0
2018-11-12,-0.715586,0.129986,2.79295,0
2018-11-13,-0.489559,0.107614,0.134204,0
2018-11-14,-0.489559,0.107614,0.869832,0
2018-11-15,-0.489559,0.107614,1.73611,0
2018-11-16,-0.489559,0.107614,0.496328,0
2018-11-19,-0.489559,0.107614,2.45114,0
2018-11-20,-0.463784,0.0489218,2.57689,0
2018-11-21,-0.463784,0.0489218,0.829129,0
2018-11-23,-0.463784,0.0489218,0.712724,0
2018-11-26,-0.463784,0.0489218,2.70011,0
2018-11-27,-0.463784,0.0489218,0.690269,0
2018-11-28,-0.64724,0.043691,3.54456,0
2018-11-29,-0.64724,0.043691,0.333982,0
2018-11-30,-0.64724,0.043691,0.911116,0
2018-12-03,-0.64724,0.043691,1.92116,0
2018-12-04,-0.64724,0.043691,5.02621,0
2018-12-06,-0.663147,0.0600464,0.115476,0
2018-12-07,-0.663147,0.0600464,3.38165,0
2018-12-10,-0.663147,0.0600464,0.556774,0
2018-12-11,-0.663147,0.0600464,0.282464,0
2018-12-12,-0.663147,0.0600464,0.982548,0
2018-12-13,-0.5617,0.0993081,0.138686,0
2018-12-14,-0.5617,0.0993081,2.58987,0
2018-12-17,-0.5617,0.0993081,2.64298,0
2018-12-18,-0.5617,0.0993081,0.2655,0
2018-12-19,-0.5617,0.0993081,1.82831,0
2018-12-20,-0.525952,0.0952503,1.93918,0
2018-12-21,-0.525952,0.0952503,2.48617,0
2018-12-24,-0.525952,0.0952503,3.27308,0
2018-12-26,-0.525952,0.0952503,8.19685,0
2018-12-27,-0.525952,0.0952503,1.6166,0
2018-12-28,-0.648914,0.134699,0.210772,0
2018-12-31,-0.648914,0.134699,1.69018,0
2019-01-02,-0.648914,0.134699,0.468079,0
2019-01-03,-0.648914,0.134699,3.30152,0
2019-01-04,-0.648914,0.134699,5.3479,0
2019-01-07,-0.714328,0.118436,1.36342,0
2019-01-08,-0.714328,0.118436,1.52206,0
2019-01-09,-0.714328,0.118436,0.752983,0
2019-01-10,-0.714328,0.118436,0.547761,0
2019-01-11,-0.714328,0.118436,0.0556189,0
2019-01-14,-0.612392,0.109123,0.91482,0
2019-01-15,-0.612392,0.109123,1.73383,0
2019-01-16,-0.612392,0.109123,0.316529,0
2019-01-17,-0.612392,0.109123,1.06649,0
2019-01-18,-0.612392,0.109123,1.85891,0
2019-01-22,-0.807614,0.0555426,2.21904,0
2019-01-23,-0.807614,0.0555426,0.219877,0
2019-01-24,-0.807614,0.0555426,0.0224451,0
2019-01-25,-0.807614,0.0555426,1.15306,0
2019-01-28,-0.807614,0.0555426,1.28955,0
2019-01-29,-0.830082,0.081121,0.291493,0
2019-01-30,-0.830082,0.081121,2.25626,0
2019-01-31,-0.830082,0.081121,1.11443,0
2019-02-01,-0.830082,0.081121,0.167197,0
2019-02-04,-0.830082,0.081121,0.811979,0
2019-02-05,-0.917485,0.0879806,0.353139,0
2019-02-06,-0.917485,0.0879806,0.482018,0
2019-02-07,-0.917485,0.0879806,1.68803,0
2019-02-08,-0.917485,0.0879806,0.00202806,0
2019-02-11,-0.917485,0.0879806,0.101106,0
2019-02-12,-0.895053,0.0925566,1.72197,0
2019-02-13,-0.895053,0.0925566,0.222352,0
2019-02-14,-0.895053,0.0925566,0.600561,0
2019-02-15,-0.895053,0.0925566,1.37019,0
2019-02-19,-0.895053,0.0925566,0.0492571,0
2019-02-20,-0.909805,0.074313,0.00467884,0
2019-02-21,-0.909805,0.074313,0.833847,0
2019-02-22,-0.909805,0.074313,0.654671,0
2019-02-25,-0.909805,0.074313,0.0930973,0
2019-02-26,-0.909805,0.074313,0.397617,0
2019-02-27,-0.983992,0.0719398,0.336387,0
2019-02-28,-0.983992,0.0719398,0.533978,0
2019-03-01,-0.983992,0.0719398,0.694454,0
2019-03-04,-0.983992,0.0719398,0.806282,0
2019-03-05,-0.983992,0.0719398,0.428682,0
2019-03-06,-0.802128,0.125885,1.10988,0
2019-03-07,-0.802128,0.125885,1.40356,0
2019-03-08,-0.802128,0.125885,0.38563,0
2019-03-11,-0.802128,0.125885,2.07202,0
2019-03-12,-0.802128,0.125885,0.392784,0
2019-03-13,-0.871929,0.100887,0.795745,0
2019-03-14,-0.871929,0.100887,0.318307,0
2019-03-15,-0.871929,0.100887,0.525113,0
2019-03-18,-0.871929,0.100887,0.305594,0
2019-03-19,-0.871929,0.100887,0.210352,0
2019-03-20,-0.943751,0.0598482,0.685682,0
2019-03-21,-0.943751,0.0598482,1.46574,0
2019-03-22,-0.943751,0.0598482,3.165,0
2019-03-25,-0.943751,0.0598482,0.237019,0
2019-03-26,-0.943751,0.0598482,0.990878,0
2019-03-27,-0.853174,0.0630478,0.940515,0
2019-03-28,-0.853174,0.0630478,0.446465,0
2019-03-29,-0.853174,0.0630478,0.797753,0
2019-04-01,-0.853174,0.0630478,1.57895,0
2019-04-02,-0.853174,0.0630478,0.176262,0
2019-04-03,-0.91915,0.110653,0.00698561,0
2019-04-04,-0.91915,0.110653,0.153763,0
2019-04-05,-0.91915,0.110653,0.470476,0
2019-04-08,-0.91915,0.110653,0.156456,0
2019-04-09,-0.91915,0.110653,1.02681,0
2019-04-10,-0.825606,0.106614,0.292294,0
2019-04-11,-0.825606,0.106614,0.269237,0
2019-04-12,-0.825606,0.106614,0.787832,0
2019-04-15,-0.825606,0.106614,0.349741,0
2019-04-16,-0.825606,0.106614,0.138513,0
2019-04-17,-0.898885,0.171813,0.593849,0
2019-04-18,-0.898885,0.171813,0.0912394,0
2019-04-22,-0.898885,0.171813,0.077592,0
2019-04-23,-0.898885,0.171813,1.12956,0
2019-04-24,-0.898885,0.171813,0.58575,0
2019-04-25,-0.931364,0.184278,0.319353,0
2019-04-26,-0.931364,0.184278,0.478481,0
2019-04-29,-0.931364,0.184278,0.00211213,0
2019-04-30,-0.931364,0.184278,0.159136,0
2019-05-01,-0.931364,0.184278,1.34995,0
2019-05-02,-0.977489,0.14633,0.4856,0
2019-05-03,-0.977489,0.14633,1.30772,0
2019-05-06,-0.977489,0.14633,0.816143,0
2019-05-07,-0.977489,0.14633,2.6696,0
2019-05-08,-0.977489,0.14633,0.245552,0
2019-05-09,-0.962896,0.143851,0.478027,0
2019-05-10,-0.962896,0.143851,0.740692,0
2019-05-13,-0.962896,0.143851,3.82576,0
2019-05-14,-0.962896,0.143851,1.47972,0
2019-05-15,-0.962896,0.143851,0.939592,0
2019-05-16,-0.894245,0.132817,1.39798,0
2019-05-17,-0.894245,0.132817,1.00409,0
2019-05-20,-0.894245,0.132817,0.978757,0
2019-05-21,-0.894245,0.132817,1.38927,0
2019-05-22,-0.894245,0.132817,0.468905,0
2019-05-23,-0.767983,0.126705,1.81803,0
2019-05-24,-0.767983,0.126705,0.433427,0
2019-05-28,-0.767983,0.126705,1.3141,0
2019-05-29,-0.767983,0.126705,0.863911,0
2019-05-30,-0.767983,0.126705,0.584131,0
2019-05-31,-1.1805,0.117956,1.86725,0
2019-06-03,-1.1805,0.117956,0.139984,0
2019-06-04,-1.1805,0.117956,3.43993,0
2019-06-05,-1.1805,0.117956,1.36652,0
2019-06-06,-1.1805,0.117956,0.983401,0
2019-06-07,-0.888681,0.109494,1.45428,0
2019-06-10,-0.888681,0.109494,0.585668,0
2019-06-11,-0.888681,0.109494,0.159005,0
2019-06-12,-0.888681,0.109494,0.378383,0
2019-06-13,-0.888681,0.109494,0.514808,0
2019-06-14,-0.976043,0.0450875,0.286352,0
2019-06-17,-0.976043,0.0450875,0.0519012,0
2019-06-18,-0.976043,0.0450875,1.44358,0
2019-06-19,-0.976043,0.0450875,0.161533,0
2019-06-20,-0.976043,0.0450875,1.23297,0
2019-06-21,-1.0536,0.0663487,0.455876,0
2019-06-24,-1.0536,0.0663487,0.400324,0
2019-06-25,-1.0536,0.0663487,1.66549,0
2019-06-26,-1.0536,0.0663487,0.26927,0
2019-06-27,-1.0536,0.0663487,0.418267,0
2019-06-28,-0.981732,0.0867596,0.635614,0
2019-07-01,-0.981732,0.0867596,1.18667,0
2019-07-02,-0.981732,0.0867596,0.173292,0
2019-07-03,-0.981732,0.0867596,0.962829,0
2019-07-05,-0.981732,0.0867596,0.436419,0
2019-07-08,-1.05384,0.114206,1.06617,0
2019-07-09,-1.05384,0.114206,0.0110945,0
2019-07-10,-1.05384,0.114206,0.513235,0
2019-07-11,-1.05384,0.114206,0.128272,0
2019-07-12,-1.05384,0.114206,0.438449,0
2019-07-15,-1.16001,0.103325,0.19719,0
2019-07-16,-1.16001,0.103325,0.717972,0
2019-07-17,-1.16001,0.103325,1.21932,0
2019-07-18,-1.16001,0.103325,0.397321,0
2019-07-19,-1.16001,0.103325,0.993623,0
2019-07-22,-1.04279,0.145062,0.246833,0
2019-07-23,-1.04279,0.145062,0.929961,0
2019-07-24,-1.04279,0.145062,0.523935,0
2019-07-25,-1.04279,0.145062,0.910543,0
2019-07-26,-1.04279,0.145062,0.837967,0
2019-07-29,-1.06476,0.0782508,0.465953,0
2019-07-30,-1.06476,0.0782508,0.538483,0
2019-07-31,-1.06476,0.0782508,1.78402,0
2019-08-01,-1.06476,0.0782508,1.36465,0
2019-08-02,-1.06476,0.0782508,1.1238,0
2019-08-05,-0.889508,0.0811101,4.48891,0
2019-08-06,-0.889508,0.0811101,2.33615,0
2019-08-07,-0.889508,0.0811101,0.242546,0
2019-08-08,-0.889508,0.0811101,3.0338,0
2019-08-09,-0.889508,0.0811101,1.01619,0
2019-08-12,-0.80248,0.164078,1.77363,0
2019-08-13,-0.80248,0.164078,2.42757,0
2019-08-14,-0.80248,0.164078,4.44731,0
2019-08-15,-0.80248,0.164078,0.619286,0
2019-08-16,-0.80248,0.164078,2.3767,0
2019-08-19,-0.937014,0.14859,1.86739,0
2019-08-20,-0.937014,0.14859,1.1462,0
2019-08-21,-0.937014,0.14859,1.25729,0
2019-08-22,-0.937014,0.14859,0.0529651,0
2019-08-23,-0.937014,0.14859,3.87594,0
2019-08-26,-0.811202,0.0696556,1.81371,0
2019-08-27,-0.811202,0.0696556,0.492426,0
2019-08-28,-0.811202,0.0696556,1.1593,0
2019-08-29,-0.811202,0.0696556,1.94902,0
2019-08-30,-0.811202,0.0696556,0.0968368,0
2019-09-03,-0.716142,0.109809,0.898536,0
2019-09-04,-0.716142,0.109809,1.69506,0
2019-09-05,-0.716142,0.109809,1.83655,0
2019-09-06,-0.716142,0.109809,0.0352098,0
2019-09-09,-0.716142,0.109809,0.0735312,0
2019-09-10,-0.76686,0.0933157,0.179846,0
2019-09-11,-0.76686,0.0933157,0.917629,0
2019-09-12,-0.76686,0.0933157,0.334716,0
2019-09-13,-0.76686,0.0933157,0.294104,0
2019-09-16,-0.76686,0.0933157,0.641775,0
2019-09-17,-0.788995,0.0946377,0.224863,0
2019-09-18,-0.788995,0.0946377,0.0729441,0
2019-09-19,-0.788995,0.0946377,0.168382,0
2019-09-20,-0.788995,0.0946377,0.855135,0
2019-09-23,-0.788995,0.0946377,0.145303,0
2019-09-24,-0.590623,0.0964731,1.27528,0
2019-09-25,-0.590623,0.0964731,0.833697,0
2019-09-26,-0.590623,0.0964731,0.392976,0
2019-09-27,-0.590623,0.0964731,0.867788,0
2019-09-30,-0.590623,0.0964731,0.664897,0
2019-10-01,-0.672706,0.174084,1.83484,0
2019-10-02,-0.672706,0.174084,2.61968,0
2019-10-03,-0.672706,0.174084,1.3687,0
2019-10-04,-0.672706,0.174084,2.08998,0
2019-10-07,-0.672706,0.174084,0.651115,0
2019-10-08,-0.634523,0.155412,2.30483,0
2019-10-09,-0.634523,0.155412,1.53724,0
2019-10-10,-0.634523,0.155412,1.06159,0
2019-10-11,-0.634523,0.155412,1.54323,0
2019-10-14,-0.634523,0.155412,0.229435,0
2019-10-15,-0.571274,0.108205,1.4127,0
2019-10-16,-0.571274,0.108205,0.35846,0
2019-10-17,-0.571274,0.108205,0.335602,0
2019-10-18,-0.571274,0.108205,0.770852,0
2019-10-21,-0.571274,0.108205,0.923117,0
2019-10-22,-0.627998,0.0709522,0.612222,0
2019-10-23,-0.627998,0.0709522,0.335636,0
2019-10-24,-0.627998,0.0709522,0.130492,0
2019-10-25,-0.627998,0.0709522,0.489341,0
2019-10-28,-0.627998,0.0709522,0.694606,0
2019-10-29,-0.821774,0.102488,0.218348,0
2019-10-30,-0.821774,0.102488,0.291551,0
2019-10-31,-0.821774,0.102488,0.574371,0
2019-11-01,-0.821774,0.102488,1.22112,0
2019-11-04,-0.821774,0.102488,0.388376,0
2019-11-05,-0.980459,0.0898071,0.391021,0
2019-11-06,-0.980459,0.0898071,0.174058,0
2019-11-07,-0.980459,0.0898071,0.322446,0
2019-11-08,-0.980459,0.0898071,0.15143,0
2019-11-11,-0.980459,0.0898071,0.506428,0
2019-11-12,-1.06254,0.117742,0.115021,0
2019-11-13,-1.06254,0.117742,0.155554,0
2019-11-14,-1.06254,0.117742,0.0200611,0
2019-11-15,-1.06254,0.117742,0.875333,0
2019-11-18,-1.06254,0.117742,0.128762,0
2019-11-19,-1.04432,0.11917,0.27533,0
2019-11-20,-1.04432,0.11917,0.773765,0
2019-11-21,-1.04432,0.11917,0.422626,0
2019-11-22,-1.04432,0.11917,0.167331,0
2019-11-25,-1.04432,0.11917,0.977437,0
2019-11-26,-0.89089,0.130665,0.11963,0
2019-11-27,-0.89089,0.130665,0.438951,0
2019-11-29,-0.89089,0.130665,0.796062,0
2019-12-02,-0.89089,0.130665,1.47489,0
2019-12-03,-0.89089,0.130665,1.13755,0
2019-12-04,-0.912217,0.134684,0.832118,0
2019-12-05,-0.912217,0.134684,0.145139,0
2019-12-06,-0.912217,0.134684,1.22366,0
2019-12-09,-0.912217,0.134684,0.654947,0
2019-12-10,-0.912217,0.134684,0.321667,0
2019-12-11,-0.728778,0.12372,0.28107,0
2019-12-12,-0.728778,0.12372,1.1229,0
2019-12-13,-0.728778,0.12372,0.117434,0
2019-12-16,-0.728778,0.12372,0.817365,0
2019-12-17,-0.728778,0.12372,0.206923,0
2019-12-18,-0.705794,0.128299,0.220497,0
2019-12-19,-0.705794,0.128299,0.389073,0
2019-12-20,-0.705794,0.128299,0.413067,0
2019-12-23,-0.705794,0.128299,0.0300425,0
2019-12-24,-0.705794,0.128299,0.251174,0
2019-12-26,-0.737958,0.156175,0.545888,0
2019-12-27,-0.737958,0.156175,0.306461,0
2019-12-30,-0.737958,0.156175,1.07764,0
2019-12-31,-0.737958,0.156175,0.156468,0
2020-01-02,-0.737958,0.156175,1.17283,0
2020-01-03,-0.649477,0.112118,1.39771,0
2020-01-06,-0.649477,0.112118,0.36514,0
2020-01-07,-0.649477,0.112118,0.637336,0
2020-01-08,-0.649477,0.112118,0.602241,0
2020-01-09,-0.649477,0.112118,0.788459,0
2020-01-10,-0.724107,0.115451,0.682612,0
2020-01-13,-0.724107,0.115451,0.797844,0
2020-01-14,-0.724107,0.115451,0.486337,0
2020-01-15,-0.724107,0.115451,0.0993342,0
2020-01-16,-0.724107,0.115451,0.991235,0
2020-01-17,-0.74279,0.116005,0.174578,0
2020-01-21,-0.74279,0.116005,0.58751,0
2020-01-22,-0.74279,0.116005,0.250371,0
2020-01-23,-0.74279,0.116005,0.0860631,0
2020-01-24,-0.74279,0.116005,1.58132,0
2020-01-27,-0.727955,0.154552,2.58201,0
2020-01-28,-0.727955,0.154552,1.49417,0
2020-01-29,-0.727955,0.154552,0.249873,0
2020-01-30,-0.727955,0.154552,0.366814,0
2020-01-31,-0.727955,0.154552,2.85842,0
2020-02-03,-0.839185,0.102448,1.103,0
2020-02-04,-0.839185,0.102448,2.2004,0
2020-02-05,-0.839185,0.102448,1.55466,0
2020-02-06,-0.839185,0.102448,0.273195,0
2020-02-07,-0.839185,0.102448,1.03431,0
2020-02-10,-0.769146,0.0886644,0.915763,0
2020-02-11,-0.769146,0.0886644,0.0237938,0
2020-02-12,-0.769146,0.0886644,0.720473,0
2020-02-13,-0.769146,0.0886644,0.427604,0
2020-02-14,-0.769146,0.0886644,0.010489,0
2020-02-18,-0.76317,0.128101,0.632077,0
2020-02-19,-0.76317,0.128101,0.491136,0
2020-02-20,-0.76317,0.128101,0.853951,1
2020-02-21,-0.76317,0.128101,1.74128,1
2020-02-24,-0.76317,0.128101,5.13685,1
2020-02-25,-0.762156,0.141189,4.45528,1
2020-02-26,-0.762156,0.141189,0.216395,1
2020-02-27,-0.762156,0.141189,6.49385,1
2020-02-28,-0.762156,0.141189,0.0211297,1
2020-03-02,-0.762156,0.141189,6.95312,1
2020-03-03,-0.669857,0.124802,4.0022,1
2020-03-04,-0.669857,0.124802,6.63267,1
2020-03-05,-0.669857,0.124802,4.83352,1
2020-03-06,-0.669857,0.124802,2.05675,1
2020-03-09,-0.669857,0.124802,11.5763,1
2020-03-10,0.0776615,0.096232,8.5694,1
2020-03-11,0.0776615,0.096232,6.77337,1
2020-03-12,0.0776615,0.096232,13.9809,1
2020-03-13,0.0776615,0.096232,13.8401,1
2020-03-16,0.0776615,0.096232,16.2529,1
2020-03-17,-0.212414,0.0474521,9.57358,1
2020-03-18,-0.212414,0.0474521,6.42887,1
2020-03-19,-0.212414,0.0474521,1.91885,1
2020-03-20,-0.212414,0.0474521,5.04013,1
2020-03-23,-0.212414,0.0474521,2.10307,1
2020-03-24,-0.501848,0.0484704,14.751,1
2020-03-25,-0.501848,0.0484704,3.36545,1
2020-03-26,-0.501848,0.0484704,9.43856,1
2020-03-27,-0.501848,0.0484704,3.94562,1
2020-03-30,-0.501848,0.0484704,5.49252,1
2020-03-31,-0.582053,0.0449914,1.75416,1
2020-04-01,-0.582053,0.0449914,6.28791,1
2020-04-02,-0.582053,0.0449914,4.25186,1
2020-04-03,-0.582053,0.0449914,1.50778,1
2020-04-06,-0.582053,0.0449914,10.3995,1
2020-04-07,-0.605072,0.0185341,0.391473,1
2020-04-08,-0.605072,0.0185341,5.1331,1
2020-04-09,-0.605072,0.0185341,2.22666,1
2020-04-13,-0.605072,0.0185341,1.48928,1
2020-04-14,-0.605072,0.0185341,4.26918,1
2020-04-15,-0.663019,0.00144049,3.4504,1
2020-04-16,-0.663019,0.00144049,0.622653,1
2020-04-17,-0.663019,0.00144049,3.84299,1
2020-04-20,-0.663019,0.00144049,2.94753,1
2020-04-21,-0.663019,0.00144049,4.75146,1
2020-04-22,-0.680193,0.0163567,3.32437,1
2020-04-23,-0.680193,0.0163567,0.108147,1
2020-04-24,-0.680193,0.0163567,1.96682,1
2020-04-27,-0.680193,0.0163567,1.94455,1
2020-04-28,-0.680193,0.0163567,0.962062,1
2020-04-29,-0.647333,0.0568328,3.61311,1
2020-04-30,-0.647333,0.0568328,1.79274,1
2020-05-01,-0.647333,0.0568328,4.30811,0
2020-05-04,-0.647333,0.0568328,0.295578,0
2020-05-05,-0.647333,0.0568328,1.24019,0
2020-05-06,-0.690536,0.0947807,1.19832,0
2020-05-07,-0.690536,0.0947807,1.65429,0
2020-05-08,-0.690536,0.0947807,2.23344,0
2020-05-11,-0.690536,0.0947807,0.282351,0
2020-05-12,-0.690536,0.0947807,3.29459,0
2020-05-13,-0.699695,0.136837,2.79918,0
2020-05-14,-0.699695,0.136837,1.75679,0
2020-05-15,-0.699695,0.136837,0.586677,0
2020-05-18,-0.699695,0.136837,4.34037,0
2020-05-19,-0.699695,0.136837,1.8633,0
2020-05-20,-0.651793,0.10489,2.26622,0
2020-05-21,-0.651793,0.10489,1.37694,0
2020-05-22,-0.651793,0.10489,0.000646244,0
2020-05-26,-0.651793,0.10489,1.54003,0
2020-05-27,-0.651793,0.10489,1.84307,0
2020-05-28,-0.622394,0.0959604,0.715408,0
2020-05-29,-0.622394,0.0959604,0.254255,0
2020-06-01,-0.622394,0.0959604,0.181024,0
2020-06-02,-0.622394,0.0959604,0.799108,0
2020-06-03,-0.622394,0.0959604,1.50152,0
2020-06-04,-0.506111,0.0673819,0.927049,0
2020-06-05,-0.506111,0.0673819,3.27247,0
2020-06-08,-0.506111,0.0673819,1.1412,0
2020-06-09,-0.506111,0.0673819,1.8132,0
2020-06-10,-0.506111,0.0673819,1.44693,0
2020-06-11,-0.88025,0.0492415,9.37945,0
2020-06-12,-0.88025,0.0492415,1.66568,0
2020-06-15,-0.88025,0.0492415,1.19882,0
2020-06-16,-0.88025,0.0492415,2.59608,0
2020-06-17,-0.88025,0.0492415,0.981258,0
2020-06-18,-0.702226,0.0716595,0.258734,0
2020-06-19,-0.702226,0.0716595,1.15631,0
2020-06-22,-0.702226,0.0716595,0.701882,0
2020-06-23,-0.702226,0.0716595,0.400935,0
2020-06-24,-0.702226,0.0716595,4.14519,0
2020-06-25,-0.774776,0.0948504,1.48003,0
2020-06-26,-0.774776,0.0948504,3.75181,0
2020-06-29,-0.774776,0.0948504,2.17117,0
2020-06-30,-0.774776,0.0948504,1.79194,0
2020-07-01,-0.774776,0.0948504,0.852561,0
2020-07-02,-0.858609,0.10496,0.591112,0
2020-07-06,-0.858609,0.10496,2.02514,0
2020-07-07,-0.858609,0.10496,1.89122,0
2020-07-08,-0.858609,0.10496,0.873459,0
2020-07-09,-0.858609,0.10496,1.15041,0
2020-07-10,-1.0117,0.111853,1.26423,0
2020-07-13,-1.0117,0.111853,1.60015,0
2020-07-14,-1.0117,0.111853,1.68419,0
2020-07-15,-1.0117,0.111853,1.05004,0
2020-07-16,-1.0117,0.111853,0.850561,0
2020-07-17,-0.853284,0.144331,0.110795,0
2020-07-20,-0.853284,0.144331,0.872403,0
2020-07-21,-0.853284,0.144331,0.0498662,0
2020-07-22,-0.853284,0.144331,0.480586,0
2020-07-23,-0.853284,0.144331,2.17194,0
2020-07-24,-0.725123,0.136023,1.24529,0
2020-07-27,-0.725123,0.136023,0.855344,0
2020-07-28,-0.725123,0.136023,1.21236,0
2020-07-29,-0.725123,0.136023,1.60964,0
2020-07-30,-0.725123,0.136023,0.816178,0
2020-07-31,-0.771358,0.152642,0.92481,0
2020-08-03,-0.771358,0.152642,0.74104,0
2020-08-04,-0.771358,0.152642,0.24907,0
2020-08-05,-0.771358,0.152642,0.584918,0
2020-08-06,-0.771358,0.152642,0.627381,0
2020-08-07,-0.654278,0.053435,0.286477,0
2020-08-10,-0.654278,0.053435,0.0641875,0
2020-08-11,-0.654278,0.053435,1.61576,0
2020-08-12,-0.654278,0.053435,1.75303,0
2020-08-13,-0.654278,0.053435,0.658389,0
2020-08-14,-0.570919,0.0590458,0.353844,0
2020-08-17,-0.570919,0.0590458,0.130258,0
2020-08-18,-0.570919,0.0590458,0.026717,0
2020-08-19,-0.570919,0.0590458,0.967167,0
2020-08-20,-0.570919,0.0590458,0.161509,0
2020-08-21,-0.585788,0.0507366,0.218231,0
2020-08-24,-0.585788,0.0507366,1.18096,0
2020-08-25,-0.585788,0.0507366,0.145294,0
2020-08-26,-0.585788,0.0507366,1.10281,0
2020-08-27,-0.585788,0.0507366,0.108199,0
2020-08-28,-0.459996,0.0612162,0.529807,0
2020-08-31,-0.459996,0.0612162,0.9928,0
2020-09-01,-0.459996,0.0612162,0.988321,0
2020-09-02,-0.459996,0.0612162,1.68355,0
2020-09-03,-0.459996,0.0612162,5.74158,0
2020-09-04,-0.483314,0.0671327,1.48141,0
2020-09-08,-0.483314,0.0671327,4.31322,0
2020-09-09,-0.483314,0.0671327,2.91975,0
2020-09-10,-0.483314,0.0671327,2.73229,0
2020-09-11,-0.483314,0.0671327,0.0776628,0
2020-09-14,-0.620127,0.0625881,1.94484,0
2020-09-15,-0.620127,0.0625881,0.656549,0
2020-09-16,-0.620127,0.0625881,0.715617,0
2020-09-17,-0.620127,0.0625881,1.40461,0
2020-09-18,-0.620127,0.0625881,1.74687,0
2020-09-21,-0.681024,0.0644448,1.60711,0
2020-09-22,-0.681024,0.0644448,1.64085,0
2020-09-23,-0.681024,0.0644448,3.4343,0
2020-09-24,-0.681024,0.0644448,0.613814,0
2020-09-25,-0.681024,0.0644448,2.57469,0
2020-09-28,-0.55706,0.10883,2.51834,0
2020-09-29,-0.55706,0.10883,0.862984,0
2020-09-30,-0.55706,0.10883,1.11358,0
2020-10-01,-0.55706,0.10883,0.889552,0
2020-10-02,-0.55706,0.10883,1.52345,0
2020-10-05,-0.698165,0.118821,2.58226,0
2020-10-06,-0.698165,0.118821,2.28401,0
2020-10-07,-0.698165,0.118821,2.52046,0
2020-10-08,-0.698165,0.118821,1.14739,0
2020-10-09,-0.698165,0.118821,1.10334,0
2020-10-12,-0.832312,0.101172,2.10308,0
2020-10-13,-0.832312,0.101172,1.34406,0
2020-10-14,-0.832312,0.101172,1.24448,0
2020-10-15,-0.832312,0.101172,0.432225,0
2020-10-16,-0.832312,0.101172,0.317803,0
2020-10-19,-0.740843,0.100523,2.49199,0
2020-10-20,-0.740843,0.100523,0.498925,0
2020-10-21,-0.740843,0.100523,0.401091,0
2020-10-22,-0.740843,0.100523,0.713429,0
2020-10-23,-0.740843,0.100523,0.3703,0
2020-10-26,-0.624877,0.099801,2.92614,0
2020-10-27,-0.624877,0.099801,0.527384,0
2020-10-28,-0.624877,0.099801,5.16228,0
2020-10-29,-0.624877,0.099801,1.75827,0
2020-10-30,-0.624877,0.099801,1.38771,0
2020-11-02,-0.739083,0.143291,1.89469,0
2020-11-03,-0.739083,0.143291,2.75099,0
2020-11-04,-0.739083,0.143291,3.30606,0
2020-11-05,-0.739083,0.143291,2.7358,0
2020-11-06,-0.739083,0.143291,0.300222,0
2020-11-09,-0.960078,0.113974,1.60557,0
2020-11-10,-0.960078,0.113974,0.545981,0
2020-11-11,-0.960078,0.113974,0.799061,0
2020-11-12,-0.960078,0.113974,1.78972,0
2020-11-13,-0.960078,0.113974,1.79006,0
2020-11-16,-0.777031,0.140236,1.50587,0
2020-11-17,-0.777031,0.140236,1.21261,0
2020-11-18,-0.777031,0.140236,2.15455,0
2020-11-19,-0.777031,0.140236,0.373045,0
2020-11-20,-0.777031,0.140236,1.29173,0
2020-11-23,-0.982607,0.165143,0.680282,0
2020-11-24,-0.982607,0.165143,2.13721,0
2020-11-25,-0.982607,0.165143,0.570798,0
2020-11-27,-0.982607,0.165143,0.0991988,0
2020-11-30,-0.982607,0.165143,0.979146,0
2020-12-01,-0.919348,0.182837,1.34518,0
2020-12-02,-0.919348,0.182837,0.0237265,0
2020-12-03,-0.919348,0.182837,0.375839,0
2020-12-04,-0.919348,0.182837,0.958928,0
2020-12-07,-0.919348,0.182837,0.66865,0
2020-12-08,-0.834522,0.175998,0.103434,0
2020-12-09,-0.834522,0.175998,1.67629,0
2020-12-10,-0.834522,0.175998,0.305903,0
2020-12-11,-0.834522,0.175998,0.417396,0
2020-12-14,-0.834522,0.175998,0.890697,0
2020-12-15,-0.758131,0.124658,1.81646,0
2020-12-16,-0.758131,0.124658,0.0335046,0
2020-12-17,-0.758131,0.124658,0.564386,0
2020-12-18,-0.758131,0.124658,0.886898,0
2020-12-21,-0.758131,0.124658,0.7828,0
2020-12-22,-0.798166,0.135252,0.464139,0
2020-12-23,-0.798166,0.135252,0.0577146,0
2020-12-24,-0.798166,0.135252,0.389002,0
2020-12-28,-0.798166,0.135252,1.06562,0
2020-12-29,-0.798166,0.135252,0.54109,0
2020-12-30,-0.794414,0.145605,0.0195324,0
2020-12-31,-0.794414,0.145605,0.523246,0
2021-01-04,-0.794414,0.145605,2.29446,0
2021-01-05,-0.794414,0.145605,0.873705,0
2021-01-06,-0.794414,0.145605,0.698269,0
2021-01-07,-0.631166,0.163722,1.97267,0
2021-01-08,-0.631166,0.163722,0.531074,0
2021-01-11,-0.631166,0.163722,1.34521,0
2021-01-12,-0.631166,0.163722,0.244433,0
2021-01-13,-0.631166,0.163722,0.135799,0
2021-01-14,-0.602396,0.167432,0.79258,0
2021-01-15,-0.602396,0.167432,1.32225,0
2021-01-19,-0.602396,0.167432,0.992316,0
2021-01-20,-0.602396,0.167432,1.82665,0
2021-01-21,-0.602396,0.167432,0.168279,0
2021-01-22,-0.535127,0.239764,0.823378,0
2021-01-25,-0.535127,0.239764,0.328413,0
2021-01-26,-0.535127,0.239764,0.505014,0
2021-01-27,-0.535127,0.239764,3.9298,0
2021-01-28,-0.535127,0.239764,1.20988,0
2021-01-29,-0.715254,0.163946,3.12924,0
2021-02-01,-0.715254,0.163946,2.48214,0
2021-02-02,-0.715254,0.163946,1.9983,0
2021-02-03,-0.715254,0.163946,0.067563,0
2021-02-04,-0.715254,0.163946,1.49995,0
2021-02-05,-0.850847,0.162955,0.332513,0
2021-02-08,-0.850847,0.162955,0.802952,0
2021-02-09,-0.850847,0.162955,0.404322,0
2021-02-10,-0.850847,0.162955,0.351046,0
2021-02-11,-0.850847,0.162955,0.0297045,0
2021-02-12,-0.798696,0.155153,0.464704,0
2021-02-16,-0.798696,0.155153,0.419082,0
2021-02-17,-0.798696,0.155153,0.236338,0
2021-02-18,-0.798696,0.155153,0.893847,0
2021-02-19,-0.798696,0.155153,0.480264,0
2021-02-22,-0.799736,0.0605919,1.34335,0
2021-02-23,-0.799736,0.0605919,0.0490078,0
2021-02-24,-0.799736,0.0605919,1.49645,0
2021-02-25,-0.799736,0.0605919,3.83264,0
2021-02-26,-0.799736,0.0605919,0.792396,0
2021-03-01,-0.666457,0.075828,3.57631,0
2021-03-02,-0.666457,0.075828,1.32029,0
2021-03-03,-0.666457,0.075828,2.07639,0
2021-03-04,-0.666457,0.075828,1.84743,0
2021-03-05,-0.666457,0.075828,2.8036,0
2021-03-08,-0.535946,0.0648762,0.782601,0
2021-03-09,-0.535946,0.0648762,2.10562,0
2021-03-10,-0.535946,0.0648762,0.820803,0
2021-03-11,-0.535946,0.0648762,1.35975,0
2021-03-12,-0.535946,0.0648762,0.00467909,0
2021-03-15,-0.566407,0.0384894,0.679846,0
2021-03-16,-0.566407,0.0384894,0.424441,0
2021-03-17,-0.566407,0.0384894,0.28967,0
2021-03-18,-0.566407,0.0384894,2.41061,0
2021-03-19,-0.566407,0.0384894,0.392413,0
2021-03-22,-0.778104,0.0380271,1.08466,0
2021-03-23,-0.778104,0.0380271,1.32501,0
2021-03-24,-0.778104,0.0380271,0.845308,0
2021-03-25,-0.778104,0.0380271,0.787118,0
2021-03-26,-0.778104,0.0380271,2.29375,0
2021-03-29,-0.928033,0.107542,0.26749,0
2021-03-30,-0.928033,0.107542,0.574946,0
2021-03-31,-0.928033,0.107542,0.449064,0
2021-04-01,-0.928033,0.107542,1.42405,0
2021-04-05,-0.928033,0.107542,1.87921,0
2021-04-06,-0.671814,0.072753,0.417107,0
2021-04-07,-0.671814,0.072753,0.13751,0
2021-04-08,-0.671814,0.072753,0.40135,0
2021-04-09,-0.671814,0.072753,0.75559,0
2021-04-12,-0.671814,0.072753,0.303317,0
2021-04-13,-1.00516,0.0736211,0.0969134,0
2021-04-14,-1.00516,0.0736211,0.85671,0
2021-04-15,-1.00516,0.0736211,1.282,0
2021-04-16,-1.00516,0.0736211,0.128528,0
2021-04-19,-1.00516,0.0736211,1.10655,0
2021-04-20,-0.910517,0.0752332,1.41499,0
2021-04-21,-0.910517,0.0752332,1.14569,0
2021-04-22,-0.910517,0.0752332,1.67405,0
2021-04-23,-0.910517,0.0752332,1.37383,0
2021-04-26,-0.910517,0.0752332,0.0151575,0
2021-04-27,-0.871749,0.0811569,0.32777,0
2021-04-28,-0.871749,0.0811569,0.32318,0
2021-04-29,-0.871749,0.0811569,0.679918,0
2021-04-30,-0.871749,0.0811569,1.27779,0
2021-05-03,-0.871749,0.0811569,0.0835206,0
2021-05-04,-0.963902,0.0846224,1.16156,0
2021-05-05,-0.963902,0.0846224,0.139743,0
2021-05-06,-0.963902,0.0846224,1.00347,0
2021-05-07,-0.963902,0.0846224,0.851838,0
2021-05-10,-0.963902,0.0846224,1.74741,0
2021-05-11,-0.635055,0.0401129,1.5184,0
2021-05-12,-0.635055,0.0401129,3.3079,0
2021-05-13,-0.635055,0.0401129,1.81857,0
2021-05-14,-0.635055,0.0401129,2.22362,0
2021-05-17,-0.635055,0.0401129,0.526948,0
2021-05-18,-0.65442,0.0933664,1.41034,0
2021-05-19,-0.65442,0.0933664,0.447312,0
2021-05-20,-0.65442,0.0933664,1.55609,0
2021-05-21,-0.65442,0.0933664,0.230795,0
2021-05-24,-0.65442,0.0933664,1.41074,0
2021-05-25,-0.77556,0.129095,0.494871,0
2021-05-26,-0.77556,0.129095,0.153763,0
2021-05-27,-0.77556,0.129095,0.0703324,0
2021-05-28,-0.77556,0.129095,0.120794,0
2021-06-01,-0.77556,0.129095,0.281896,0
2021-06-02,-0.899314,0.15552,0.0962879,0
2021-06-03,-0.899314,0.15552,0.695212,0
2021-06-04,-0.899314,0.15552,1.24505,0
2021-06-07,-0.899314,0.15552,0.312317,0
2021-06-08,-0.899314,0.15552,0.12151,0
2021-06-09,-0.97243,0.091269,0.369584,0
2021-06-10,-0.97243,0.091269,0.559749,0
2021-06-11,-0.97243,0.091269,0.0892285,0
2021-06-14,-0.97243,0.091269,0.172018,0
2021-06-15,-0.97243,0.091269,0.44181,0
2021-06-16,-0.91873,0.107477,0.980878,0
2021-06-17,-0.91873,0.107477,0.151136,0
2021-06-18,-0.91873,0.107477,2.11522,0
2021-06-21,-0.91873,0.107477,2.11936,0
2021-06-22,-0.91873,0.107477,0.698253,0
2021-06-23,-0.919148,0.107732,0.30711,0
2021-06-24,-0.919148,0.107732,0.764136,0
2021-06-25,-0.919148,0.107732,0.378235,0
2021-06-28,-0.919148,0.107732,0.132536,0
2021-06-29,-0.919148,0.107732,0.0932365,0
2021-06-30,-0.805205,0.112166,0.0436908,0
2021-07-01,-0.805205,0.112166,0.654537,0
2021-07-02,-0.805205,0.112166,0.935076,0
2021-07-06,-0.805205,0.112166,0.512818,0
2021-07-07,-0.805205,0.112166,0.307335,0
2021-07-08,-0.837697,0.134856,1.449,0
2021-07-09,-0.837697,0.134856,1.4158,0
2021-07-12,-0.837697,0.134856,0.301504,0
2021-07-13,-0.837697,0.134856,0.752531,0
2021-07-14,-0.837697,0.134856,0.012628,0
2021-07-15,-0.783081,0.0472804,0.718704,0
2021-07-16,-0.783081,0.0472804,1.34736,0
2021-07-19,-0.783081,0.0472804,2.32583,0
2021-07-20,-0.783081,0.0472804,2.11352,0
2021-07-21,-0.783081,0.0472804,1.09699,0
2021-07-22,-0.767342,0.0458365,0.157022,0
2021-07-23,-0.767342,0.0458365,1.36106,0
2021-07-26,-0.767342,0.0458365,0.139159,0
2021-07-27,-0.767342,0.0458365,0.911692,0
2021-07-28,-0.767342,0.0458365,0.250284,0
2021-07-29,-0.843853,0.0693511,0.438235,0
2021-07-30,-0.843853,0.0693511,0.922297,0
2021-08-02,-0.843853,0.0693511,0.467159,0
2021-08-03,-0.843853,0.0693511,1.07263,0
2021-08-04,-0.843853,0.0693511,0.916761,0
2021-08-05,-0.810068,0.089632,0.799079,0
2021-08-06,-0.810068,0.089632,0.0679472,0
2021-08-09,-0.810068,0.089632,0.301934,0
2021-08-10,-0.810068,0.089632,0.0183245,0
2021-08-11,-0.810068,0.089632,0.201667,0
2021-08-12,-0.885922,0.0825943,0.268188,0
2021-08-13,-0.885922,0.0825943,0.0808431,0
2021-08-16,-0.885922,0.0825943,0.156456,0
2021-08-17,-0.885922,0.0825943,1.17915,0
2021-08-18,-0.885922,0.0825943,1.78247,0
2021-08-19,-0.880115,0.0787549,0.168683,0
2021-08-20,-0.880115,0.0787549,1.10964,0
2021-08-23,-0.880115,0.0787549,1.18127,0
2021-08-24,-0.880115,0.0787549,0.0587999,0
2021-08-25,-0.880115,0.0787549,0.13192,0
2021-08-26,-0.97793,0.0805708,1.06692,0
2021-08-27,-0.97793,0.0805708,1.18824,0
2021-08-30,-0.97793,0.0805708,0.460908,0
2021-08-31,-0.97793,0.0805708,0.434095,0
2021-09-01,-0.97793,0.0805708,0.114024,0
2021-09-02,-0.996942,0.123278,0.269215,0
2021-09-03,-0.996942,0.123278,0.23648,0
2021-09-07,-0.996942,0.123278,0.722146,0
2021-09-08,-0.996942,0.123278,0.336651,0
2021-09-09,-0.996942,0.123278,0.777529,0
2021-09-10,-0.815704,0.109851,1.28049,0
2021-09-13,-0.815704,0.109851,0.337595,0
2021-09-14,-0.815704,0.109851,0.863498,0
2021-09-15,-0.815704,0.109851,1.21947,0
2021-09-16,-0.815704,0.109851,0.311273,0
2021-09-17,-1.06645,0.113799,1.51684,0
2021-09-20,-1.06645,0.113799,2.49067,0
2021-09-21,-1.06645,0.113799,0.0126804,0
2021-09-22,-1.06645,0.113799,1.57256,0
2021-09-23,-1.06645,0.113799,1.85107,0
2021-09-24,-0.929482,0.10066,0.212267,0
2021-09-27,-0.929482,0.10066,0.468735,0
2021-09-28,-0.929482,0.10066,3.04896,0
2021-09-29,-0.929482,0.10066,0.37312,0
2021-09-30,-0.929482,0.10066,1.72403,0
2021-10-01,-0.808975,0.0914652,1.94392,0
2021-10-04,-0.808975,0.0914652,1.83591,0
2021-10-05,-0.808975,0.0914652,1.72128,0
2021-10-06,-0.808975,0.0914652,0.717406,0
2021-10-07,-0.808975,0.0914652,1.34725,0
2021-10-08,-0.917742,0.0565352,0.268253,0
2021-10-11,-0.917742,0.0565352,1.06497,0
2021-10-12,-0.917742,0.0565352,0.300633,0
2021-10-13,-0.917742,0.0565352,0.614359,0
2021-10-14,-0.917742,0.0565352,2.53273,0
2021-10-15,-0.933208,0.0920589,1.06072,0
2021-10-18,-0.933208,0.0920589,0.321955,0
2021-10-19,-0.933208,0.0920589,1.01036,0
2021-10-20,-0.933208,0.0920589,0.402664,0
2021-10-21,-0.933208,0.0920589,0.188086,0
2021-10-22,-0.796071,0.132029,0.362477,0
2021-10-25,-0.796071,0.132029,0.604412,0
2021-10-26,-0.796071,0.132029,0.0858015,0
2021-10-27,-0.796071,0.132029,0.876102,0
2021-10-28,-0.796071,0.132029,1.25413,0
2021-10-29,-0.948572,0.0389504,0.0681508,0
2021-11-01,-0.948572,0.0389504,0.0190643,0
2021-11-02,-0.948572,0.0389504,0.362759,0
2021-11-03,-0.948572,0.0389504,0.650933,0
2021-11-04,-0.948572,0.0389504,0.414166,0
2021-11-05,-0.738662,0.0407992,0.210612,0
2021-11-08,-0.738662,0.0407992,0.187604,0
2021-11-09,-0.738662,0.0407992,0.798275,0
2021-11-10,-0.738662,0.0407992,1.46979,0
2021-11-11,-0.738662,0.0407992,0.15093,0
2021-11-12,-0.853454,0.060156,0.92653,0
2021-11-15,-0.853454,0.060156,0.184602,0
2021-11-16,-0.853454,0.060156,0.360751,0
2021-11-17,-0.853454,0.060156,0.605651,0
2021-11-18,-0.853454,0.060156,0.289067,0
2021-11-19,-0.929282,0.105482,0.495174,0
2021-11-22,-0.929282,0.105482,0.625009,0
2021-11-23,-0.929282,0.105482,0.0209081,0
2021-11-24,-0.929282,0.105482,0.219426,0
2021-11-26,-0.929282,0.105482,3.54294,0
2021-11-29,-0.911337,0.119957,1.79281,0
2021-11-30,-0.911337,0.119957,3.02826,0
2021-12-01,-0.911337,0.119957,1.6243,0
2021-12-02,-0.911337,0.119957,2.37485,0
2021-12-03,-0.911337,0.119957,1.29814,0
2021-12-06,-0.917475,0.0890176,1.81448,0
2021-12-07,-0.917475,0.0890176,3.02335,0
2021-12-08,-0.917475,0.0890176,0.228826,0
2021-12-09,-0.917475,0.0890176,1.18309,0
2021-12-10,-0.917475,0.0890176,1.27411,0
2021-12-13,-0.91184,0.0820407,1.50326,0
2021-12-14,-0.91184,0.0820407,1.13592,0
2021-12-15,-0.91184,0.0820407,2.25095,0
2021-12-16,-0.91184,0.0820407,1.47902,0
2021-12-17,-0.91184,0.0820407,1.68353,0
2021-12-20,-1.08179,0.0802378,1.60284,0
2021-12-21,-1.08179,0.0802378,2.68145,0
2021-12-22,-1.08179,0.0802378,1.41672,0
2021-12-23,-1.08179,0.0802378,0.792751,0
2021-12-27,-1.08179,0.0802378,1.92328,0
2021-12-28,-1.09048,0.0821357,0.379373,0
2021-12-29,-1.09048,0.0821357,0.0497154,0
2021-12-30,-1.09048,0.0821357,0.649368,0
2021-12-31,-1.09048,0.0821357,0.582383,0
2022-01-03,-1.09048,0.0821357,0.679217,0
2022-01-04,-1.01611,0.0856104,0.2614,0
2022-01-05,-1.01611,0.0856104,3.08353,0
2022-01-06,-1.01611,0.0856104,0.194048,0
2022-01-07,-1.01611,0.0856104,0.634344,0
2022-01-10,-1.01611,0.0856104,0.200493,0
2022-01-11,-0.918529,0.0814354,1.34305,0
2022-01-12,-0.918529,0.0814354,0.33263,0
2022-01-13,-0.918529,0.0814354,2.14858,0
2022-01-14,-0.918529,0.0814354,0.0772744,0
2022-01-18,-0.918529,0.0814354,2.64532,0
2022-01-19,-0.768665,0.057217,1.41548,0
2022-01-20,-0.768665,0.057217,1.45182,0
2022-01-21,-0.768665,0.057217,2.67719,0
2022-01-24,-0.768665,0.057217,1.02847,0
2022-01-25,-0.768665,0.057217,1.47769,0
2022-01-26,-0.898025,0.0673898,0.0455255,0
2022-01-27,-0.898025,0.0673898,0.319318,0
2022-01-28,-0.898025,0.0673898,4.08147,0
2022-01-31,-0.898025,0.0673898,2.89558,0
2022-02-01,-0.898025,0.0673898,1.10566,0
2022-02-02,-0.72504,0.0411389,1.48996,0
2022-02-03,-0.72504,0.0411389,3.55659,0
2022-02-04,-0.72504,0.0411389,0.846936,0
2022-02-07,-0.72504,0.0411389,0.368946,0
2022-02-08,-0.72504,0.0411389,1.34557,0
2022-02-09,-0.77912,0.0613518,2.22477,0
2022-02-10,-0.77912,0.0613518,2.73827,0
2022-02-11,-0.77912,0.0613518,2.87522,0
2022-02-14,-0.77912,0.0613518,0.264403,0
2022-02-15,-0.77912,0.0613518,2.61501,0
2022-02-16,-0.998441,0.133126,0.278789,0
2022-02-17,-0.998441,0.133126,3.11318,0
2022-02-18,-0.998441,0.133126,0.720867,0
2022-02-22,-0.998441,0.133126,1.32572,0
2022-02-23,-0.998441,0.133126,2.32076,0
2022-02-24,-0.923864,0.130003,2.67294,0
2022-02-25,-0.923864,0.130003,3.57173,0
2022-02-28,-0.923864,0.130003,0.223928,0
2022-03-01,-0.923864,0.130003,2.11544,0
2022-03-02,-0.923864,0.130003,2.97898,0
2022-03-03,-1.05226,0.127856,0.615384,0
2022-03-04,-1.05226,0.127856,1.05757,0
2022-03-07,-1.05226,0.127856,4.2455,0
2022-03-08,-1.05226,0.127856,0.726683,0
2022-03-09,-1.05226,0.127856,4.37553,0
2022-03-10,-0.905154,0.123065,0.439435,0
2022-03-11,-0.905154,0.123065,1.64914,0
2022-03-14,-0.905154,0.123065,0.75911,0
2022-03-15,-0.905154,0.123065,3.60365,0
2022-03-16,-0.905154,0.123065,3.4609,0
2022-03-17,-1.01851,0.121211,1.88505,0
2022-03-18,-1.01851,0.121211,1.56723,0
2022-03-21,-1.01851,0.121211,0.17043,0
2022-03-22,-1.01851,0.121211,1.61168,0
2022-03-23,-1.01851,0.121211,2.12299,0
2022-03-24,-1.04339,0.121751,2.13085,0
2022-03-25,-1.04339,0.121751,0.529597,0
2022-03-28,-1.04339,0.121751,0.83438,0
2022-03-29,-1.04339,0.121751,1.56971,0
2022-03-30,-1.04339,0.121751,1.25455,0
2022-03-31,-1.1314,0.124821,2.58151,0
2022-04-01,-1.1314,0.124821,0.268346,0
2022-04-04,-1.1314,0.124821,1.10364,0
2022-04-05,-1.1314,0.124821,2.10822,0
2022-04-06,-1.1314,0.124821,1.61303,0
2022-04-07,-1.13715,0.112818,0.705582,0
2022-04-08,-1.13715,0.112818,0.473666,0
2022-04-11,-1.13715,0.112818,2.61772,0
2022-04-12,-1.13715,0.112818,0.482118,0
2022-04-13,-1.13715,0.112818,1.78692,0
2022-04-14,-1.06666,0.122324,1.85527,0
2022-04-18,-1.06666,0.122324,0.157128,0
2022-04-19,-1.06666,0.122324,2.47082,0
2022-04-20,-1.06666,0.122324,0.138015,0
2022-04-21,-1.06666,0.122324,2.26248,0
2022-04-22,-1.14535,0.132858,4.0536,0
2022-04-25,-1.14535,0.132858,1.13593,0
2022-04-26,-1.14535,0.132858,4.14934,0
2022-04-27,-1.14535,0.132858,0.835433,0
2022-04-28,-1.14535,0.132858,4.08936,0
2022-04-29,-0.848634,0.114034,5.41566,0
2022-05-02,-0.848634,0.114034,1.33359,0
2022-05-03,-0.848634,0.114034,1.05846,0
2022-05-04,-0.848634,0.114034,4.79089,0
2022-05-05,-0.848634,0.114034,5.28072,0
2022-05-06,-1.00512,0.133123,0.539273,0
2022-05-09,-1.00512,0.133123,4.46415,0
2022-05-10,-1.00512,0.133123,0.930048,0
2022-05-11,-1.00512,0.133123,1.83924,0
2022-05-12,-1.00512,0.133123,0.47408,0
2022-05-13,-0.924371,0.143205,4.12188,0
2022-05-16,-0.924371,0.143205,0.191569,0
2022-05-17,-0.924371,0.143205,3.45132,0
2022-05-18,-0.924371,0.143205,5.86109,0
2022-05-19,-0.924371,0.143205,0.378266,0
2022-05-20,-0.711065,0.137724,0.618324,0
2022-05-23,-0.711065,0.137724,3.28202,0
2022-05-24,-0.711065,0.137724,0.770015,0
2022-05-25,-0.711065,0.137724,1.71467,0
2022-05-26,-0.711065,0.137724,3.26866,0
2022-05-27,-0.770613,0.177931,3.77963,0
2022-05-31,-0.770613,0.177931,0.843124,0
2022-06-01,-0.770613,0.177931,1.17451,0
2022-06-02,-0.770613,0.177931,2.89514,0
2022-06-03,-0.770613,0.177931,2.50898,0
2022-06-06,-0.923122,0.180994,0.522956,0
2022-06-07,-0.923122,0.180994,1.46625,0
2022-06-08,-0.923122,0.180994,1.64907,0
2022-06-09,-0.923122,0.180994,3.52602,0
2022-06-10,-0.923122,0.180994,4.15661,0
2022-06-13,-0.85728,0.180955,5.34208,0
2022-06-14,-0.85728,0.180955,0.218448,0
2022-06-15,-0.85728,0.180955,2.76296,0
2022-06-16,-0.85728,0.180955,4.47958,0
2022-06-17,-0.85728,0.180955,1.05825,0
2022-06-21,-0.887165,0.123424,4.38656,0
2022-06-22,-0.887165,0.123424,0.211814,0
2022-06-23,-0.887165,0.123424,1.92295,0
2022-06-24,-0.887165,0.123424,5.03738,0
2022-06-27,-0.887165,0.123424,0.424962,0
2022-06-28,-0.830219,0.204291,2.90676,0
2022-06-29,-0.830219,0.204291,0.17989,0
2022-06-30,-0.830219,0.204291,0.920853,0
2022-07-01,-0.830219,0.204291,1.90102,0
2022-07-05,-0.830219,0.204291,0.527208,0
2022-07-06,-1.00238,0.0461711,0.723279,0
2022-07-07,-1.00238,0.0461711,2.3992,0
2022-07-08,-1.00238,0.0461711,0.0475795,0
2022-07-11,-1.00238,0.0461711,1.63212,0
2022-07-12,-1.00238,0.0461711,1.16838,0
2022-07-13,-0.935125,0.0992023,0.57446,0
2022-07-14,-0.935125,0.0992023,0.125897,0
2022-07-15,-0.935125,0.0992023,3.05701,0
2022-07-18,-0.935125,0.0992023,1.13546,0
2022-07-19,-0.935125,0.0992023,4.11741,0
2022-07-20,-0.949512,0.123915,0.902765,0
2022-07-21,-0.949512,0.123915,1.42237,0
2022-07-22,-0.949512,0.123915,1.53838,0
2022-07-25,-0.949512,0.123915,0.101297,0
2022-07-26,-0.949512,0.123915,1.85459,0
2022-07-27,-0.914201,0.113158,3.81661,0
2022-07-28,-0.914201,0.113158,1.67781,0
2022-07-29,-0.914201,0.113158,1.89775,0
2022-08-01,-0.914201,0.113158,0.785767,0
2022-08-02,-0.914201,0.113158,1.29233,0
2022-08-03,-0.956052,0.143505,2.06459,0
2022-08-04,-0.956052,0.143505,0.444495,0
2022-08-05,-0.956052,0.143505,0.574689,0
2022-08-08,-0.956052,0.143505,0.468855,0
2022-08-09,-0.956052,0.143505,0.86584,0
2022-08-10,-0.915638,0.132894,2.85897,0
2022-08-11,-0.915638,0.132894,0.367734,0
2022-08-12,-0.915638,0.132894,2.14683,0
2022-08-15,-0.915638,0.132894,0.160317,0
2022-08-16,-0.915638,0.132894,0.167863,0
2022-08-17,-1.05859,0.141294,1.51076,0
2022-08-18,-1.05859,0.141294,0.0517324,0
2022-08-19,-1.05859,0.141294,2.39504,0
2022-08-22,-1.05859,0.141294,3.40005,0
2022-08-23,-1.05859,0.141294,0.47012,0
2022-08-24,-0.995607,0.0995007,0.387716,0
2022-08-25,-0.995607,0.0995007,1.97952,0
2022-08-26,-0.995607,0.0995007,5.3217,0
2022-08-29,-0.995607,0.0995007,0.935584,0
2022-08-30,-0.995607,0.0995007,1.54683,0
2022-08-31,-0.980998,0.095942,0.968211,0
2022-09-01,-0.980998,0.095942,0.679678,0
2022-09-02,-0.980998,0.095942,1.3953,0
2022-09-06,-0.980998,0.095942,0.315086,0
2022-09-07,-0.980998,0.095942,2.91082,0
2022-09-08,-1.11736,0.107513,1.09436,0
2022-09-09,-1.11736,0.107513,2.36694,0
2022-09-12,-1.11736,0.107513,1.55265,0
2022-09-13,-1.11736,0.107513,6.72406,0
2022-09-14,-1.11736,0.107513,0.772169,0
2022-09-15,-1.15478,0.11163,1.5293,0
2022-09-16,-1.15478,0.11163,0.898001,0
2022-09-19,-1.15478,0.11163,1.43262,0
2022-09-20,-1.15478,0.11163,1.50136,0
2022-09-21,-1.15478,0.11163,2.33114,0
2022-09-22,-0.988812,0.114871,0.85846,0
2022-09-23,-0.988812,0.114871,2.07682,0
2022-09-26,-0.988812,0.114871,0.944559,0
2022-09-27,-0.988812,0.114871,0.198666,0
2022-09-28,-0.988812,0.114871,3.46816,0
2022-09-29,-0.865149,0.115253,2.73399,0
2022-09-30,-0.865149,0.115253,1.78333,0
2022-10-03,-0.865149,0.115253,4.4954,0
2022-10-04,-0.865149,0.115253,4.94703,0
2022-10-05,-0.865149,0.115253,0.172053,0
2022-10-06,-0.868206,0.105899,1.35974,0
2022-10-07,-0.868206,0.105899,3.96176,0
2022-10-10,-0.868206,0.105899,0.707041,0
2022-10-11,-0.868206,0.105899,0.47871,0
2022-10-12,-0.868206,0.105899,0.00261672,0
2022-10-13,-0.990078,0.106205,4.36412,0
2022-10-14,-0.990078,0.106205,3.14559,0
2022-10-17,-0.990078,0.106205,4.20614,0
2022-10-18,-0.990078,0.106205,1.97151,0
2022-10-19,-0.990078,0.106205,0.916831,0
2022-10-20,-1.08069,0.135426,1.06847,0
2022-10-21,-1.08069,0.135426,3.80637,0
2022-10-24,-1.08069,0.135426,1.86468,0
2022-10-25,-1.08069,0.135426,2.32443,0
2022-10-26,-1.08069,0.135426,1.26663,0
2022-10-27,-0.982227,0.109282,0.878573,0
2022-10-28,-0.982227,0.109282,3.45694,0
2022-10-31,-0.982227,0.109282,1.28176,0
2022-11-01,-0.982227,0.109282,0.795476,0
2022-11-02,-0.982227,0.109282,3.88657,0
2022-11-03,-0.809291,0.141912,1.46249,0
2022-11-04,-0.809291,0.141912,2.27187,0
2022-11-07,-0.809291,0.141912,1.45536,0
2022-11-08,-0.809291,0.141912,0.771123,0
2022-11-09,-0.809291,0.141912,3.16241,0
2022-11-10,-0.772554,0.138952,8.04145,0
2022-11-11,-0.772554,0.138952,1.13774,0
2022-11-14,-0.772554,0.138952,1.61952,0
2022-11-15,-0.772554,0.138952,0.990944,0
2022-11-16,-0.772554,0.138952,1.4583,0
2022-11-17,-0.928468,0.111722,0.706359,0
2022-11-18,-0.928468,0.111722,0.456636,0
2022-11-21,-0.928468,0.111722,0.780622,0
2022-11-22,-0.928468,0.111722,1.78654,0
2022-11-23,-0.928468,0.111722,0.648418,0
2022-11-25,-0.980315,0.14315,0.349829,0
2022-11-28,-0.980315,0.14315,2.69302,0
2022-11-29,-0.980315,0.14315,0.429156,0
2022-11-30,-0.980315,0.14315,4.46054,0
2022-12-01,-0.980315,0.14315,0.472547,0
2022-12-02,-1.07221,0.134763,0.512557,0
2022-12-05,-1.07221,0.134763,3.01716,0
2022-12-06,-1.07221,0.134763,2.33474,0
2022-12-07,-1.07221,0.134763,0.318261,0
2022-12-08,-1.07221,0.134763,1.11089,0
2022-12-09,-0.989625,0.150518,1.2177,0
2022-12-12,-0.989625,0.150518,2.08446,0
2022-12-13,-0.989625,0.150518,0.978837,0
2022-12-14,-0.989625,0.150518,1.14322,0
2022-12-15,-0.989625,0.150518,3.81947,0
2022-12-16,-0.773823,0.118449,1.72235,0
2022-12-19,-0.773823,0.118449,1.1414,0
2022-12-20,-0.773823,0.118449,0.38256,0
2022-12-21,-0.773823,0.118449,2.36898,0
2022-12-22,-0.773823,0.118449,2.08784,0
2022-12-23,-0.968921,0.12689,1.00117,0
2022-12-27,-0.968921,0.12689,0.487016,0
2022-12-28,-0.968921,0.12689,1.73666,0
2022-12-29,-0.968921,0.12689,2.85932,0
2022-12-30,-0.968921,0.12689,0.321485,0
2023-01-03,-0.795923,0.0783606,0.541552,0
2023-01-04,-0.795923,0.0783606,1.25554,0
2023-01-05,-0.795923,0.0783606,1.65521,0
2023-01-06,-0.795923,0.0783606,3.50316,0
2023-01-09,-0.795923,0.0783606,0.11887,0
2023-01-10,-0.791082,0.151498,1.0107,0
2023-01-11,-0.791082,0.151498,1.79326,0
2023-01-12,-0.791082,0.151498,0.3798,0
2023-01-13,-0.791082,0.151498,0.397308,0
2023-01-17,-0.791082,0.151498,0.470138,0
2023-01-18,-1.08543,0.144113,2.54263,0
2023-01-19,-1.08543,0.144113,1.14254,0
2023-01-20,-1.08543,0.144113,2.74386,0
2023-01-23,-1.08543,0.144113,1.64333,0
2023-01-24,-1.08543,0.144113,0.368047,0
2023-01-25,-1.05484,0.147243,0.135207,0
2023-01-26,-1.05484,0.147243,1.44141,0
2023-01-27,-1.05484,0.147243,0.0890037,0
2023-01-30,-1.05484,0.147243,2.1349,0
2023-01-31,-1.05484,0.147243,2.01519,0
2023-02-01,-0.955526,0.114672,1.32165,0
2023-02-02,-0.955526,0.114672,1.83676,0
2023-02-03,-0.955526,0.114672,1.98921,0
2023-02-06,-0.955526,0.114672,1.21788,0
2023-02-07,-0.955526,0.114672,1.68427,0
2023-02-08,-0.94464,0.183906,1.96349,0
2023-02-09,-0.94464,0.183906,1.53082,0
2023-02-10,-0.94464,0.183906,0.183221,0
2023-02-13,-0.94464,0.183906,1.56398,0
2023-02-14,-0.94464,0.183906,0.314193,0
2023-02-15,-0.815124,0.169665,0.251343,0
2023-02-16,-0.815124,0.169665,2.30524,0
2023-02-17,-0.815124,0.169665,0.506449,0
2023-02-21,-0.815124,0.169665,3.12511,0
2023-02-22,-0.815124,0.169665,0.168632,0
2023-02-23,-0.764327,0.16786,0.833676,0
2023-02-24,-0.764327,0.16786,1.59246,0
2023-02-27,-0.764327,0.16786,0.585938,0
2023-02-28,-0.764327,0.16786,0.498229,0
2023-03-01,-0.764327,0.16786,0.495745,0
2023-03-02,-0.705725,0.177989,1.25181,0
2023-03-03,-0.705725,0.177989,2.40733,0
2023-03-06,-0.705725,0.177989,0.0302304,0
2023-03-07,-0.705725,0.177989,2.37221,0
2023-03-08,-0.705725,0.177989,0.279962,0
2023-03-09,-0.855381,0.179837,2.74601,0
2023-03-10,-0.855381,0.179837,2.0088,0
2023-03-13,-0.855381,0.179837,0.0357121,0
2023-03-14,-0.855381,0.179837,2.68512,0
2023-03-15,-0.855381,0.179837,0.813431,0
2023-03-16,-0.750503,0.151435,2.74556,0
2023-03-17,-0.750503,0.151435,1.72068,0
2023-03-20,-0.750503,0.151435,1.53353,0
2023-03-21,-0.750503,0.151435,1.97842,0
2023-03-22,-0.750503,0.151435,2.61302,0
2023-03-23,-0.786891,0.148878,0.469271,0
2023-03-24,-0.786891,0.148878,1.01855,0
2023-03-27,-0.786891,0.148878,0.275584,0
2023-03-28,-0.786891,0.148878,0.349624,0
2023-03-29,-0.786891,0.148878,2.14784,0
2023-03-30,-0.818317,0.0951148,0.768573,0
2023-03-31,-0.818317,0.0951148,1.94602,0
2023-04-03,-0.818317,0.0951148,0.338201,0
2023-04-04,-0.818317,0.0951148,1.07114,0
2023-04-05,-0.818317,0.0951148,0.583138,0
2023-04-06,-0.722116,0.158521,0.413504,0
2023-04-10,-0.722116,0.158521,0.0325209,0
2023-04-11,-0.722116,0.158521,0.143659,0
2023-04-12,-0.722116,0.158521,0.784446,0
2023-04-13,-0.722116,0.158521,1.82298,0
2023-04-14,-0.969072,0.156978,0.589539,0
2023-04-17,-0.969072,0.156978,0.334911,0
2023-04-18,-0.969072,0.156978,0.116736,0
2023-04-19,-0.969072,0.156978,0.23338,0
2023-04-20,-0.969072,0.156978,1.01129,0
2023-04-21,-1.00213,0.123968,0.034134,0
2023-04-24,-1.00213,0.123968,0.00700205,0
2023-04-25,-1.00213,0.123968,2.52874,0
2023-04-26,-1.00213,0.123968,0.660866,0
2023-04-27,-1.00213,0.123968,2.93409,0
2023-04-28,-0.960381,0.127238,1.12792,0
2023-05-01,-0.960381,0.127238,0.339729,0
2023-05-02,-0.960381,0.127238,1.85489,0
2023-05-03,-0.960381,0.127238,1.11083,0
2023-05-04,-0.960381,0.127238,1.09137,0
2023-05-05,-1.12599,0.0679922,2.74615,0
2023-05-08,-1.12599,0.0679922,0.0721384,0
2023-05-09,-1.12599,0.0679922,0.76219,0
2023-05-10,-1.12599,0.0679922,0.62089,0
2023-05-11,-1.12599,0.0679922,0.361388,0
2023-05-12,-0.922443,0.106699,0.27982,0
2023-05-15,-0.922443,0.106699,0.440785,0
2023-05-16,-0.922443,0.106699,1.08979,0
2023-05-17,-0.922443,0.106699,1.75387,0
2023-05-18,-0.922443,0.106699,1.30261,0
2023-05-19,-0.810905,0.0914629,0.401435,0
2023-05-22,-0.810905,0.0914629,0.105579,0
2023-05-23,-0.810905,0.0914629,1.83995,0
2023-05-24,-0.810905,0.0914629,1.15612,0
2023-05-25,-0.810905,0.0914629,1.26269,0
2023-05-26,-0.798389,0.098176,1.83473,0
2023-05-30,-0.798389,0.098176,0.109105,0
2023-05-31,-0.798389,0.098176,0.987839,0
2023-06-01,-0.798389,0.098176,1.29255,0
2023-06-02,-0.798389,0.098176,1.96088,0
2023-06-05,-0.695429,0.106124,0.552546,0
2023-06-06,-0.695429,0.106124,0.0823787,0
2023-06-07,-0.695429,0.106124,0.760363,0
2023-06-08,-0.695429,0.106124,0.687759,0
2023-06-09,-0.695429,0.106124,0.0249938,0
2023-06-12,-0.977538,0.112209,1.10063,0
2023-06-13,-0.977538,0.112209,0.682931,0
2023-06-14,-0.977538,0.112209,0.149724,0
2023-06-15,-0.977538,0.112209,1.51326,0
2023-06-16,-0.977538,0.112209,0.898497,0
2023-06-20,-1.02498,0.121672,1.12241,0
2023-06-21,-1.02498,0.121672,1.06,0
2023-06-22,-1.02498,0.121672,0.290055,0
2023-06-23,-1.02498,0.121672,1.38854,0
2023-06-26,-1.02498,0.121672,0.803296,0
2023-06-27,-0.99514,0.122683,1.46553,0
2023-06-28,-0.99514,0.122683,0.150425,0
2023-06-29,-0.99514,0.122683,0.366835,0
2023-06-30,-0.99514,0.122683,1.50957,0
2023-07-03,-0.99514,0.122683,0.135601,0
2023-07-05,-0.844869,0.113137,0.521651,0
2023-07-06,-0.844869,0.113137,1.44518,0
2023-07-07,-0.844869,0.113137,0.583786,0
2023-07-10,-0.844869,0.113137,0.195789,0
2023-07-11,-0.844869,0.113137,0.754897,0
2023-07-12,-1.10823,0.110872,0.967135,0
2023-07-13,-1.10823,0.110872,0.905579,0
2023-07-14,-1.10823,0.110872,0.405776,0
2023-07-17,-1.10823,0.110872,0.221627,0
2023-07-18,-1.10823,0.110872,0.796878,0
2023-07-19,-1.0079,0.180595,0.0114864,0
2023-07-20,-1.0079,0.180595,1.3316,0
2023-07-21,-1.0079,0.180595,0.278729,0
2023-07-24,-1.0079,0.180595,0.397458,0
2023-07-25,-1.0079,0.180595,0.12127,0
2023-07-26,-0.866994,0.110738,0.267144,0
2023-07-27,-0.866994,0.110738,1.26703,0
2023-07-28,-0.866994,0.110738,1.23148,0
2023-07-31,-0.866994,0.110738,0.00720258,0
2023-08-01,-0.866994,0.110738,0.702429,0
2023-08-02,-1.00836,0.164677,2.32698,0
2023-08-03,-1.00836,0.164677,0.560549,0
2023-08-04,-1.00836,0.164677,0.781561,0
2023-08-07,-1.00836,0.164677,1.22235,0
2023-08-08,-1.00836,0.164677,0.776294,0
2023-08-09,-1.08993,0.165737,1.0893,0
2023-08-10,-1.08993,0.165737,0.0131644,0
2023-08-11,-1.08993,0.165737,0.127576,0
2023-08-14,-1.08993,0.165737,0.784034,0
2023-08-15,-1.08993,0.165737,1.81475,0
2023-08-16,-1.12964,0.128573,1.08199,0
2023-08-17,-1.12964,0.128573,1.07335,0
2023-08-18,-1.12964,0.128573,0.186663,0
2023-08-21,-1.12964,0.128573,1.07098,0
2023-08-22,-1.12964,0.128573,0.347587,0
2023-08-23,-1.00642,0.113023,1.71996,0
2023-08-24,-1.00642,0.113023,2.08479,0
2023-08-25,-1.00642,0.113023,1.13445,0
2023-08-28,-1.00642,0.113023,0.976392,0
2023-08-29,-1.00642,0.113023,2.12501,0
2023-08-30,-1.00655,0.11122,0.501614,0
2023-08-31,-1.00655,0.11122,0.351331,0
2023-09-01,-1.00655,0.11122,0.160272,0
2023-09-05,-1.00655,0.11122,0.768787,0
2023-09-06,-1.00655,0.11122,1.0917,0
2023-09-07,-0.857216,0.200533,0.494415,0
2023-09-08,-0.857216,0.200533,0.210201,0
2023-09-11,-0.857216,0.200533,0.951552,0
2023-09-12,-0.857216,0.200533,0.886628,0
2023-09-13,-0.857216,0.200533,0.146724,0
2023-09-14,-0.704538,0.219848,1.24362,0
2023-09-15,-0.704538,0.219848,1.89523,0
2023-09-18,-0.704538,0.219848,0.0843175,0
2023-09-19,-0.704538,0.219848,0.315675,0
2023-09-20,-0.704538,0.219848,1.36591,0
2023-09-21,-0.802494,0.13302,2.40707,0
2023-09-22,-0.802494,0.13302,0.149365,0
2023-09-25,-0.802494,0.13302,0.816763,0
2023-09-26,-0.802494,0.13302,2.04762,0
2023-09-27,-0.802494,0.13302,0.309792,0
2023-09-28,-0.811972,0.175014,1.09579,0
2023-09-29,-0.811972,0.175014,0.177188,0
2023-10-02,-0.811972,0.175014,0.133478,0
2023-10-03,-0.811972,0.175014,1.81843,0
2023-10-04,-0.811972,0.175014,1.35124,0
2023-10-05,-0.691113,0.163376,0.152279,0
2023-10-06,-0.691113,0.163376,1.95698,0
2023-10-09,-0.691113,0.163376,1.05845,0
2023-10-10,-0.691113,0.163376,0.831581,0
2023-10-11,-0.691113,0.163376,0.628322,0
2023-10-12,-0.67149,0.157968,0.919053,0
2023-10-13,-0.67149,0.157968,0.708939,0
2023-10-16,-0.67149,0.157968,1.62422,0
2023-10-17,-0.67149,0.157968,0.0160243,0
2023-10-18,-0.67149,0.157968,2.00401,0
2023-10-19,-0.478797,0.20378,1.22699,0
2023-10-20,-0.478797,0.20378,1.69574,0
2023-10-23,-0.478797,0.20378,0.0347273,0
2023-10-24,-0.478797,0.20378,1.34234,0
2023-10-25,-0.478797,0.20378,1.98871,0
2023-10-26,-0.594835,0.198806,1.53672,0
2023-10-27,-0.594835,0.198806,0.348162,0
2023-10-30,-0.594835,0.198806,2.11205,0
2023-10-31,-0.594835,0.198806,1.17602,0
2023-11-01,-0.594835,0.198806,1.76744,0
2023-11-02,-0.638264,0.19426,2.93018,0
2023-11-03,-0.638264,0.19426,1.31939,0
2023-11-06,-0.638264,0.19426,0.248173,0
2023-11-07,-0.638264,0.19426,0.317393,0
2023-11-08,-0.638264,0.19426,0.0113808,0
2023-11-09,-0.564706,0.178644,1.28442,0
2023-11-10,-0.564706,0.178644,2.24412,0
2023-11-13,-0.564706,0.178644,0.306801,0
2023-11-14,-0.564706,0.178644,2.70797,0
2023-11-15,-0.564706,0.178644,0.0367339,0
2023-11-16,-0.767597,0.142321,0.097764,0
2023-11-17,-0.767597,0.142321,0.0900531,0
2023-11-20,-0.767597,0.142321,0.869944,0
2023-11-21,-0.767597,0.142321,0.636215,0
2023-11-22,-0.767597,0.142321,0.291454,0
2023-11-24,-0.738089,0.1374,0.203941,0
2023-11-27,-0.738089,0.1374,0.554022,0
2023-11-28,-0.738089,0.1374,0.112573,0
2023-11-29,-0.738089,0.1374,0.35921,0
2023-11-30,-0.738089,0.1374,0.346984,0
2023-12-01,-0.741694,0.127478,0.623542,0
2023-12-04,-0.741694,0.127478,1.06624,0
2023-12-05,-0.741694,0.127478,0.262435,0
2023-12-06,-0.741694,0.127478,0.821435,0
2023-12-07,-0.741694,0.127478,0.948679,0
2023-12-08,-0.816149,0.0956474,0.41143,0
2023-12-11,-0.816149,0.0956474,0.331384,0
2023-12-12,-0.816149,0.0956474,0.416183,0
2023-12-13,-0.816149,0.0956474,1.75613,0
2023-12-14,-0.816149,0.0956474,0.11279,0
2023-12-15,-0.792462,0.122709,0.614339,0
2023-12-18,-0.792462,0.122709,0.494169,0
2023-12-19,-0.792462,0.122709,0.538312,0
2023-12-20,-0.792462,0.122709,2.46468,0
2023-12-21,-0.792462,0.122709,1.13097,0
2023-12-22,-0.738879,0.12692,0.0274493,0
2023-12-26,-0.738879,0.12692,0.301988,0
2023-12-27,-0.738879,0.12692,0.0703015,0
2023-12-28,-0.738879,0.12692,0.279548,0
2023-12-29,-0.738879,0.12692,0.75385,0
2024-01-02,-0.851276,0.0964094,1.12197,0
2024-01-03,-0.851276,0.0964094,1.4542,0
2024-01-04,-0.851276,0.0964094,0.645856,0
2024-01-05,-0.851276,0.0964094,0.0680625,0
2024-01-08,-0.851276,0.0964094,1.96995,0
2024-01-09,-0.993537,0.0905527,0.457274,0
2024-01-10,-0.993537,0.0905527,0.629029,0
2024-01-11,-0.993537,0.0905527,0.305053,0
2024-01-12,-0.993537,0.0905527,0.122139,0
2024-01-16,-0.993537,0.0905527,0.766539,0
2024-01-17,-0.799636,0.0666402,1.01254,0
2024-01-18,-0.799636,0.0666402,1.18135,0
2024-01-19,-0.799636,0.0666402,1.65172,0
2024-01-22,-0.799636,0.0666402,0.0452073,0
2024-01-23,-0.799636,0.0666402,0.162149,0
2024-01-24,-0.773881,0.0722785,0.116217,0
2024-01-25,-0.773881,0.0722785,0.533656,0
2024-01-26,-0.773881,0.0722785,0.487496,0
2024-01-29,-0.773881,0.0722785,0.898013,0
2024-01-30,-0.773881,0.0722785,0.432792,0
2024-01-31,-0.589337,0.098275,2.74472,0
2024-02-01,-0.589337,0.098275,1.76617,0
2024-02-02,-0.589337,0.098275,1.3066,0
2024-02-05,-0.589337,0.098275,0.855401,0
2024-02-06,-0.589337,0.098275,0.158721,0
2024-02-07,-0.929298,0.101133,0.955611,0
2024-02-08,-0.929298,0.101133,0.259236,0
2024-02-09,-0.929298,0.101133,0.544522,0
2024-02-12,-0.929298,0.101133,0.40368,0
2024-02-13,-0.929298,0.101133,2.38248,0
2024-02-14,-0.863324,0.113889,1.13849,0
2024-02-15,-0.863324,0.113889,0.762028,0
2024-02-16,-0.863324,0.113889,1.03937,0
2024-02-20,-0.863324,0.113889,1.06905,0
2024-02-21,-0.863324,0.113889,0.0628297,0
2024-02-22,-0.828324,0.106589,2.85271,0
2024-02-23,-0.828324,0.106589,0.226193,0
2024-02-26,-0.828324,0.106589,0.86395,0
2024-02-27,-0.828324,0.106589,0.00136515,0
2024-02-28,-0.828324,0.106589,0.474124,0
2024-02-29,-0.842055,0.122409,0.278721,0
2024-03-01,-0.842055,0.122409,1.12186,0
2024-03-04,-0.842055,0.122409,0.480595,0
2024-03-05,-0.842055,0.122409,1.7926,0
2024-03-06,-0.842055,0.122409,0.537863,0
2024-03-07,-0.904211,0.0999282,1.23001,0
2024-03-08,-0.904211,0.0999282,1.1928,0
2024-03-11,-0.904211,0.0999282,0.369073,0
2024-03-12,-0.904211,0.0999282,1.368,0
2024-03-13,-0.904211,0.0999282,0.521475,0
2024-03-14,-0.907628,0.0985865,0.557911,0
2024-03-15,-0.907628,0.0985865,1.26232,0
2024-03-18,-0.907628,0.0985865,0.703555,0
2024-03-19,-0.907628,0.0985865,0.613354,0
2024-03-20,-0.907628,0.0985865,1.12974,0
2024-03-21,-0.806167,0.101931,0.197771,0
2024-03-22,-0.806167,0.101931,0.584644,0
2024-03-25,-0.806167,0.101931,0.686385,0
2024-03-26,-0.806167,0.101931,0.517564,0
2024-03-27,-0.806167,0.101931,1.02671,0
2024-03-28,-0.931245,0.203566,0.294935,0
2024-04-01,-0.931245,0.203566,0.511653,0
2024-04-02,-0.931245,0.203566,1.17739,0
2024-04-03,-0.931245,0.203566,0.00982607,0
2024-04-04,-0.931245,0.203566,1.99967,0
2024-04-05,-1.05484,0.215405,1.46741,0
2024-04-08,-1.05484,0.215405,0.0644825,0
2024-04-09,-1.05484,0.215405,0.0273563,0
2024-04-10,-1.05484,0.215405,1.64299,0
2024-04-11,-1.05484,0.215405,1.04983,0
2024-04-12,-0.858354,0.204352,2.18566,0
2024-04-15,-0.858354,0.204352,1.89066,0
2024-04-16,-0.858354,0.204352,0.1978,0
2024-04-17,-0.858354,0.204352,0.799984,0
2024-04-18,-0.858354,0.204352,0.185737,0
2024-04-19,-0.804274,0.181133,1.17473,0
2024-04-22,-0.804274,0.181133,1.54838,0
2024-04-23,-0.804274,0.181133,1.86675,0
2024-04-24,-0.804274,0.181133,0.0466165,0
2024-04-25,-0.804274,0.181133,0.539963,0
2024-04-26,-0.918267,0.213391,1.45432,0
2024-04-29,-0.918267,0.213391,0.50912,0
2024-04-30,-0.918267,0.213391,2.41616,0
2024-05-01,-0.918267,0.213391,0.410915,0
2024-05-02,-0.918267,0.213391,1.47718,0
2024-05-03,-0.758311,0.209891,1.85537,0
2024-05-06,-0.758311,0.209891,1.46384,0
2024-05-07,-0.758311,0.209891,0.0306809,0
2024-05-08,-0.758311,0.209891,0.120439,0
2024-05-09,-0.758311,0.209891,0.725464,0
2024-05-10,-0.737918,0.125947,0.0282614,0
2024-05-13,-0.737918,0.125947,0.144649,0
2024-05-14,-0.737918,0.125947,0.523154,0
2024-05-15,-0.737918,0.125947,1.64833,0
2024-05-16,-0.737918,0.125947,0.566342,0
2024-05-17,-0.690732,0.154216,0.0196268,0
2024-05-20,-0.690732,0.154216,0.0610833,0
2024-05-21,-0.690732,0.154216,0.13484,0
2024-05-22,-0.690732,0.154216,0.664811,0
2024-05-23,-0.690732,0.154216,1.29514,0
2024-05-24,-0.709803,0.185677,0.837331,0
2024-05-28,-0.709803,0.185677,0.0791311,0
2024-05-29,-0.709803,0.185677,1.2247,0
2024-05-30,-0.709803,0.185677,1.11185,0
2024-05-31,-0.709803,0.185677,1.27938,0
2024-06-03,-0.754494,0.187481,0.00836107,0
2024-06-04,-0.754494,0.187481,0.0369759,0
2024-06-05,-0.754494,0.187481,1.62666,0
2024-06-06,-0.754494,0.187481,0.210211,0
2024-06-07,-0.754494,0.187481,0.378566,0
2024-06-10,-1.07506,0.188172,0.279153,0
2024-06-11,-1.07506,0.188172,0.164928,0
2024-06-12,-1.07506,0.188172,1.01612,0
2024-06-13,-1.07506,0.188172,0.0507637,0
2024-06-14,-1.07506,0.188172,0.160361,0
2024-06-17,-0.840832,0.1281,0.935964,0
2024-06-18,-0.840832,0.1281,0.0901227,0
2024-06-20,-0.840832,0.1281,0.69623,0
2024-06-21,-0.840832,0.1281,0.458391,0
2024-06-24,-0.840832,0.1281,0.721617,0
2024-06-25,-0.914015,0.128505,0.368423,0
2024-06-26,-0.914015,0.128505,0.0350542,0
2024-06-27,-0.914015,0.128505,0.015297,0
2024-06-28,-0.914015,0.128505,0.80624,0
2024-07-01,-0.914015,0.128505,0.12403,0
2024-07-02,-0.904804,0.113366,0.810112,0
2024-07-03,-0.904804,0.113366,0.436685,0
2024-07-05,-0.904804,0.113366,0.609084,0
2024-07-08,-0.904804,0.113366,0.103363,0
2024-07-09,-0.904804,0.113366,0.125519,0
2024-07-10,-0.957616,0.0882003,1.20065,0
2024-07-11,-0.957616,0.0882003,1.60889,0
2024-07-12,-0.957616,0.0882003,0.690404,0
2024-07-15,-0.957616,0.0882003,0.131085,0
2024-07-16,-0.957616,0.0882003,0.595991,0
2024-07-17,-0.888288,0.0916793,2.41221,0
2024-07-18,-0.888288,0.0916793,1.3458,0
2024-07-19,-0.888288,0.0916793,1.126,0
2024-07-22,-0.888288,0.0916793,1.44398,0
2024-07-23,-0.888288,0.0916793,0.383346,0
2024-07-24,-0.976614,0.0884944,3.54188,0
2024-07-25,-0.976614,0.0884944,0.742278,0
2024-07-26,-0.976614,0.0884944,1.7266,0
2024-07-29,-0.976614,0.0884944,0.0759317,0
2024-07-30,-0.976614,0.0884944,0.770643,0
2024-07-31,-0.971253,0.0856652,2.4198,0
2024-08-01,-0.971253,0.0856652,2.21426,0
2024-08-02,-0.971253,0.0856652,2.78425,0
2024-08-05,-0.971253,0.0856652,4.2543,0
2024-08-06,-0.971253,0.0856652,1.7079,0
2024-08-07,-0.746622,0.077803,0.735361,0
2024-08-08,-0.746622,0.077803,3.69671,0
2024-08-09,-0.746622,0.077803,0.77753,0
2024-08-12,-0.746622,0.077803,0.164564,0
2024-08-13,-0.746622,0.077803,2.50525,0
2024-08-14,-0.814457,0.0685455,0.429382,0
2024-08-15,-0.814457,0.0685455,2.46881,0
2024-08-16,-0.814457,0.0685455,0.157674,0
2024-08-19,-0.814457,0.0685455,1.23267,0
2024-08-20,-0.814457,0.0685455,0.482986,0
2024-08-21,-0.701904,0.0683184,0.292143,0
2024-08-22,-0.701904,0.0683184,1.40409,0
2024-08-23,-0.701904,0.0683184,1.40642,0
2024-08-26,-0.701904,0.0683184,0.587101,0
2024-08-27,-0.701904,0.0683184,0.000273263,0
2024-08-28,-0.847357,0.0683557,1.07055,0
2024-08-29,-0.847357,0.0683557,0.140734,0
2024-08-30,-0.847357,0.0683557,1.26591,0
2024-09-03,-0.847357,0.0683557,3.30026,0
2024-09-04,-0.847357,0.0683557,0.356514,0
2024-09-05,-0.882303,0.124425,0.39723,0
2024-09-06,-0.882303,0.124425,2.54127,0
2024-09-09,-0.882303,0.124425,1.75958,0
2024-09-10,-0.882303,0.124425,0.667064,0
2024-09-11,-0.882303,0.124425,1.50747,0
2024-09-12,-0.837589,0.127142,1.16602,0
2024-09-13,-0.837589,0.127142,0.638258,0
2024-09-16,-0.837589,0.127142,0.0528571,0
2024-09-17,-0.837589,0.127142,0.108385,0
2024-09-18,-0.837589,0.127142,0.605932,0
2024-09-19,-1.00464,0.137085,2.38159,0
2024-09-20,-1.00464,0.137085,0.504995,0
2024-09-23,-1.00464,0.137085,0.147423,0
2024-09-24,-1.00464,0.137085,0.194282,0
2024-09-25,-1.00464,0.137085,0.568375,0
2024-09-26,-0.93023,0.159809,0.375451,0
2024-09-27,-0.93023,0.159809,0.446737,0
2024-09-30,-0.93023,0.159809,0.385135,0
2024-10-01,-0.93023,0.159809,1.56661,0
2024-10-02,-0.93023,0.159809,0.0914812,0
2024-10-03,-0.917941,0.106348,0.422146,0
2024-10-04,-0.917941,0.106348,1.21567,0
2024-10-07,-0.917941,0.106348,1.53827,0
2024-10-08,-0.917941,0.106348,1.28543,0
2024-10-09,-0.917941,0.106348,0.851433,0
2024-10-10,-0.794843,0.107062,0.475974,0
2024-10-11,-0.794843,0.107062,0.695123,0
2024-10-14,-0.794843,0.107062,0.985919,0
2024-10-15,-0.794843,0.107062,1.43246,0
2024-10-16,-0.794843,0.107062,0.440462,0
2024-10-17,-0.677708,0.11671,0.212687,0
2024-10-18,-0.677708,0.11671,0.355659,0
2024-10-21,-0.677708,0.11671,0.47665,0
2024-10-22,-0.677708,0.11671,0.288791,0
2024-10-23,-0.677708,0.11671,1.5617,0
2024-10-24,-1.06928,0.0798013,0.198692,0
2024-10-25,-1.06928,0.0798013,0.183439,0
2024-10-28,-1.06928,0.0798013,0.335756,0
2024-10-29,-1.06928,0.0798013,0.101328,0
2024-10-30,-1.06928,0.0798013,0.594694,0
2024-10-31,-1.05735,0.091795,3.06112,0
2024-11-01,-1.05735,0.091795,0.654502,0
2024-11-04,-1.05735,0.091795,0.323551,0
2024-11-05,-1.05735,0.091795,1.80041,0
2024-11-06,-1.05735,0.091795,3.58153,0
2024-11-07,-1.01515,0.150407,0.905054,0
2024-11-08,-1.01515,0.150407,0.359672,0
2024-11-11,-1.01515,0.150407,0.158561,0
2024-11-12,-1.01515,0.150407,0.755606,0
2024-11-13,-1.01515,0.150407,0.18501,0
2024-11-14,-1.03431,0.149078,1.20817,0
2024-11-15,-1.03431,0.149078,2.10942,0
2024-11-18,-1.03431,0.149078,0.515818,0
2024-11-19,-1.03431,0.149078,0.426048,0
2024-11-20,-1.03431,0.149078,0.0863819,0
2024-11-21,-1.06064,0.074953,0.66375,0
2024-11-22,-1.06064,0.074953,0.296432,0
2024-11-25,-1.06064,0.074953,0.325844,0
2024-11-26,-1.06064,0.074953,0.581535,0
2024-11-27,-1.06064,0.074953,0.672026,0
2024-11-29,-1.00955,0.0665931,0.732326,0
2024-12-02,-1.00955,0.0665931,0.0429843,0
2024-12-03,-1.00955,0.0665931,0.156457,0
2024-12-04,-1.00955,0.0665931,0.702793,0
2024-12-05,-1.00955,0.0665931,0.49609,0
2024-12-06,-1.00149,0.0735418,0.0539166,0
2024-12-09,-1.00149,0.0735418,0.998375,0
2024-12-10,-1.00149,0.0735418,0.646593,0
2024-12-11,-1.00149,0.0735418,0.992649,0
2024-12-12,-1.00149,0.0735418,0.968148,0
2024-12-13,-0.947685,0.0757633,0.183585,0
2024-12-16,-0.947685,0.0757633,0.488373,0
2024-12-17,-0.947685,0.0757633,0.782624,0
2024-12-18,-0.947685,0.0757633,4.6326,0
2024-12-19,-0.947685,0.0757633,0.0406262,0
2024-12-20,-0.799032,0.0736952,1.8605,0
2024-12-23,-0.799032,0.0736952,0.885046,0
2024-12-24,-0.799032,0.0736952,1.59959,0
2024-12-26,-0.799032,0.0736952,0.110086,0
2024-12-27,-0.799032,0.0736952,1.68907,0
2024-12-30,-0.945389,0.067805,1.74273,0
2024-12-31,-0.945389,0.067805,0.495572,0
2025-01-02,-0.945389,0.067805,0.296033,0
2025-01-03,-0.945389,0.067805,1.93233,0
2025-01-06,-0.945389,0.067805,0.847428,0
2025-01-07,-0.765003,0.0653959,1.73809,0
2025-01-08,-0.765003,0.0653959,0.252015,0
2025-01-10,-0.765003,0.0653959,2.2657,0
2025-01-13,-0.765003,0.0653959,0.360048,0
2025-01-14,-0.765003,0.0653959,0.317185,0
2025-01-15,-0.730116,0.0632573,2.77935,0
2025-01-16,-0.730116,0.0632573,0.319371,0
2025-01-17,-0.730116,0.0632573,1.46807,0
2025-01-21,-0.730116,0.0632573,1.26842,0
2025-01-22,-0.730116,0.0632573,0.687186,0
2025-01-23,-0.929383,0.0511011,0.630689,0
2025-01-24,-0.929383,0.0511011,0.643654,0
2025-01-27,-0.929383,0.0511011,2.29775,0
2025-01-28,-0.929383,0.0511011,1.20241,0
2025-01-29,-0.929383,0.0511011,0.795345,0
2025-01-30,-0.873194,0.0503224,0.706796,0
2025-01-31,-0.873194,0.0503224,0.916565,0
2025-02-03,-0.873194,0.0503224,1.08415,0
2025-02-04,-0.873194,0.0503224,0.965968,0
2025-02-05,-0.873194,0.0503224,0.527852,0
2025-02-06,-0.930372,0.0399905,0.417211,0
2025-02-07,-0.930372,0.0399905,1.48649,0
2025-02-10,-0.930372,0.0399905,0.958255,0
2025-02-11,-0.930372,0.0399905,0.0194041,0
2025-02-12,-0.930372,0.0399905,0.574608,0
2025-02-13,-0.80993,0.100735,1.49474,0
2025-02-14,-0.80993,0.100735,0.145205,0
2025-02-18,-0.80993,0.100735,0.305033,0
2025-02-19,-0.80993,0.100735,0.2045,0
2025-02-20,-0.80993,0.100735,0.77523,0
2025-02-21,-0.803336,0.114598,2.68497,0
2025-02-24,-0.803336,0.114598,0.670703,0
2025-02-25,-0.803336,0.114598,0.702376,0
2025-02-26,-0.803336,0.114598,0.147416,0
2025-02-27,-0.803336,0.114598,2.32824,0
2025-02-28,-0.847335,0.112462,2.47849,0
2025-03-03,-0.847335,0.112462,2.57105,0
2025-03-04,-0.847335,0.112462,1.5921,0
2025-03-05,-0.847335,0.112462,1.84452,0
2025-03-06,-0.847335,0.112462,2.49698,0
2025-03-07,-0.628107,0.1737,1.11633,0
2025-03-10,-0.628107,0.1737,3.7837,0
2025-03-11,-0.628107,0.1737,0.831447,0
2025-03-12,-0.628107,0.1737,1.23679,0
2025-03-13,-0.628107,0.1737,1.60511,0
2025-03-14,-0.618061,0.168315,3.50828,0
2025-03-17,-0.618061,0.168315,1.44448,0
2025-03-18,-0.618061,0.168315,1.38281,0
2025-03-19,-0.618061,0.168315,1.91023,0
2025-03-20,-0.618061,0.168315,0.221801,0
2025-03-21,-0.689345,0.167771,0.268494,0
2025-03-24,-0.689345,0.167771,2.8473,0
2025-03-25,-0.689345,0.167771,0.430019,0
2025-03-26,-0.689345,0.167771,1.734,0
2025-03-27,-0.689345,0.167771,0.261399,0
2025-03-28,-0.654077,0.166416,2.87986,0
2025-03-31,-0.654077,0.166416,1.27722,0
2025-04-01,-0.654077,0.166416,0.641459,0
2025-04-02,-0.654077,0.166416,1.13014,0
2025-04-03,-0.654077,0.166416,7.37927,0
2025-04-04,-0.743972,0.167211,8.48856,0
2025-04-07,-0.743972,0.167211,0.619796,0
2025-04-08,-0.743972,0.167211,1.4926,0
2025-04-09,-0.743972,0.167211,15.7817,0
2025-04-10,-0.743972,0.167211,6.48202,0
2025-04-11,-0.847037,0.108451,3.11948,0
2025-04-14,-0.847037,0.108451,1.77806,0
2025-04-15,-0.847037,0.108451,0.159077,0
2025-04-16,-0.847037,0.108451,3.07826,0
2025-04-17,-0.847037,0.108451,0.622553,0
2025-04-21,-0.672569,0.140598,3.20252,0
2025-04-22,-0.672569,0.140598,4.35278,0
2025-04-23,-0.672569,0.140598,2.61451,0
2025-04-24,-0.672569,0.140598,3.30286,0
2025-04-25,-0.672569,0.140598,1.1197,0
2025-04-28,-0.987595,0.100822,0.0527527,0
2025-04-29,-0.987595,0.100822,0.927726,0
2025-04-30,-0.987595,0.100822,0.00895883,0
2025-05-01,-0.987595,0.100822,1.00003,0
2025-05-02,-0.987595,0.100822,2.09445,0
2025-05-05,-0.966748,0.0998253,1.05157,0
2025-05-06,-0.966748,0.0998253,1.39522,0
2025-05-07,-0.966748,0.0998253,0.543336,0
2025-05-08,-0.966748,0.0998253,0.926406,0
2025-05-09,-0.966748,0.0998253,0.339768,0
2025-05-12,-0.939649,0.0977796,4.70255,0
2025-05-13,-0.939649,0.0977796,0.623821,0
2025-05-14,-0.939649,0.0977796,0.194699,0
2025-05-15,-0.939649,0.0977796,0.349306,0
2025-05-16,-0.939649,0.0977796,0.547338,0
2025-05-19,-0.853287,0.0923458,0.255098,0
2025-05-20,-0.853287,0.0923458,0.90671,0
2025-05-21,-0.853287,0.0923458,2.89115,0
2025-05-22,-0.853287,0.0923458,0.168345,0
2025-05-23,-0.853287,0.0923458,1.23803,0
2025-05-27,-0.66864,0.0861886,2.90023,0
2025-05-28,-0.66864,0.0861886,1.16049,0
2025-05-29,-0.66864,0.0861886,0.343351,0
2025-05-30,-0.66864,0.0861886,0.425368,0
2025-06-02,-0.66864,0.0861886,0.596731,0
2025-06-03,-0.703442,0.146451,0.57896,0
2025-06-04,-0.703442,0.146451,0.334132,0
2025-06-05,-0.703442,0.146451,0.999115,0
2025-06-06,-0.703442,0.146451,1.28836,0
2025-06-09,-0.703442,0.146451,0.158064,0
2025-06-10,-0.611251,0.107943,0.55643,0
2025-06-11,-0.611251,0.107943,0.735694,0
2025-06-12,-0.611251,0.107943,0.313842,0
2025-06-13,-0.611251,0.107943,1.9635,0
2025-06-16,-0.611251,0.107943,1.21007,0
2025-06-17,-0.65035,0.0369636,1.53217,0
2025-06-18,-0.65035,0.0369636,0.205852,0
2025-06-20,-0.65035,0.0369636,0.523549,0
2025-06-23,-0.65035,0.0369636,1.31302,0
2025-06-24,-0.65035,0.0369636,1.42351,0
2025-06-25,-0.799411,0.0319238,0.194526,0
2025-06-26,-0.799411,0.0319238,0.890616,0
2025-06-27,-0.799411,0.0319238,0.426665,0
2025-06-30,-0.799411,0.0319238,0.378874,0
2025-07-01,-0.799411,0.0319238,0.396684,0
2025-07-02,-0.736989,0,0.343018,0
2025-07-03,-0.736989,0,0.821866,0
2025-07-07,-0.736989,0,1.49736,0
2025-07-08,-0.736989,0,0.395694,0
2025-07-09,-0.736989,0,0.593783,0
2025-07-10,-0.729151,0.0804522,0.0954447,0
2025-07-11,-0.729151,0.0804522,0.851904,0
2025-07-14,-0.729151,0.0804522,0.00433055,0
2025-07-15,-0.729151,0.0804522,0.924797,0
2025-07-16,-0.729151,0.0804522,0.252304,0
2025-07-17,-0.895519,0.0276254,0.651475,0
2025-07-18,-0.895519,0.0276254,0.395713,0
2025-07-21,-0.895519,0.0276254,0.0136747,0
2025-07-22,-0.895519,0.0276254,0.247488,0
2025-07-23,-0.895519,0.0276254,1.00308,0
2025-07-24,-1.09587,0.109076,0.255082,0
2025-07-25,-1.09587,0.109076,0.334788,0
2025-07-28,-1.09587,0.109076,0.345421,0
2025-07-29,-1.09587,0.109076,0.684717,0
2025-07-30,-1.09587,0.109076,0.44707,0
2025-07-31,-0.863602,0.117367,0.797651,0
2025-08-01,-0.863602,0.117367,2.65951,0
2025-08-04,-0.863602,0.117367,2.16817,0
2025-08-05,-0.863602,0.117367,0.934078,0
2025-08-06,-0.863602,0.117367,1.00113,0
2025-08-07,-0.826422,0.116057,0.305768,0
2025-08-08,-0.826422,0.116057,0.98879,0
2025-08-11,-0.826422,0.116057,0.507705,0
2025-08-12,-0.826422,0.116057,1.38601,0
2025-08-13,-0.826422,0.116057,0.253816,0
2025-08-14,-0.831201,0.111781,0.252646,0
2025-08-15,-0.831201,0.111781,0.603284,0
2025-08-18,-0.831201,0.111781,0.258594,0
2025-08-19,-0.831201,0.111781,1.02331,0
2025-08-20,-0.831201,0.111781,0.561709,0
2025-08-21,-0.917991,0.1574,0.73749,0
2025-08-22,-0.917991,0.1574,2.16233,0
2025-08-25,-0.917991,0.1574,0.862676,0
2025-08-26,-0.917991,0.1574,0.455621,0
2025-08-27,-0.917991,0.1574,0.151218,0
2025-08-28,-0.956694,0.105959,0.331397,0
2025-08-29,-0.956694,0.105959,1.0999,0
2025-09-02,-0.956694,0.105959,1.26479,0
2025-09-03,-0.956694,0.105959,0.705207,0
2025-09-04,-0.956694,0.105959,1.10608,0
2025-09-05,-0.884732,0.129913,0.615518,0
2025-09-08,-0.884732,0.129913,0.20991,0
2025-09-09,-0.884732,0.129913,0.178577,0
2025-09-10,-0.884732,0.129913,0.256045,0
2025-09-11,-0.884732,0.129913,1.04575,0
2025-09-12,-0.844499,0.117431,0.284373,0
2025-09-15,-0.844499,0.117431,0.568647,0
2025-09-16,-0.844499,0.117431,0.452939,0
2025-09-17,-0.844499,0.117431,0.41158,0
2025-09-18,-0.844499,0.117431,0.486149,0
2025-09-19,-0.867212,0.136688,0.504802,0
2025-09-22,-0.867212,0.136688,0.448216,0
2025-09-23,-0.867212,0.136688,1.087,0
2025-09-24,-0.867212,0.136688,0.697916,0
2025-09-25,-0.867212,0.136688,0.878928,0
2025-09-26,-1.07756,0.144302,0.700119,0
2025-09-29,-1.07756,0.144302,0.234886,0
2025-09-30,-1.07756,0.144302,0.365615,0
2025-10-01,-1.07756,0.144302,0.295177,0
2025-10-02,-1.07756,0.144302,0.0535126,0
2025-10-03,-0.733394,0.108357,0.224432,0
2025-10-06,-0.733394,0.108357,0.320843,0
2025-10-07,-0.733394,0.108357,0.779322,0
2025-10-08,-0.733394,0.108357,0.694303,0
2025-10-09,-0.733394,0.108357,0.65436,0
2025-10-10,-0.864437,0.125928,4.26802,0
2025-10-13,-0.864437,0.125928,2.27405,0
2025-10-14,-0.864437,0.125928,0.28004,0
2025-10-15,-0.864437,0.125928,0.573944,0
2025-10-16,-0.864437,0.125928,1.12858,0
2025-10-17,-0.677267,0.174824,0.783092,0
2025-10-20,-0.677267,0.174824,1.44343,0
2025-10-21,-0.677267,0.174824,0.165894,0
2025-10-22,-0.677267,0.174824,0.931293,0
2025-10-23,-0.677267,0.174824,0.767497,0
2025-10-24,-0.788037,0.169378,1.06265,0
2025-10-27,-0.788037,0.169378,1.54661,0
2025-10-28,-0.788037,0.169378,0.12368,0
2025-10-29,-0.788037,0.169378,0.205296,0
2025-10-30,-0.788037,0.169378,1.9122,0
2025-10-31,-0.915238,0.173635,0.310056,0
2025-11-03,-0.915238,0.173635,0.0872112,0
2025-11-04,-0.915238,0.173635,1.96969,0
2025-11-05,-0.915238,0.173635,0.411493,0
2025-11-06,-0.915238,0.173635,1.72722,0
2025-11-07,-0.837279,0.157015,0.105131,0
2025-11-10,-0.837279,0.157015,2.25719,0
2025-11-11,-0.837279,0.157015,0.1878,0
2025-11-12,-0.837279,0.157015,0.0784786,0
2025-11-13,-0.837279,0.157015,2.64675,0
2025-11-14,-0.804183,0.146121,0.057383,0
2025-11-17,-0.804183,0.146121,1.42271,0
2025-11-18,-0.804183,0.146121,1.21788,0
2025-11-19,-0.804183,0.146121,0.667491,0
2025-11-20,-0.804183,0.146121,2.22239,0
2025-11-21,-0.865779,0.101414,1.64155,0
2025-11-24,-0.865779,0.101414,2.26343,0
2025-11-25,-0.865779,0.101414,1.37605,0
2025-11-26,-0.865779,0.101414,0.942063,0
2025-11-28,-0.865779,0.101414,0.684099,0
2025-12-01,-0.866333,0.107788,0.838592,0
2025-12-02,-0.866333,0.107788,0.156852,0
2025-12-03,-0.866333,0.107788,0.38844,0
2025-12-04,-0.866333,0.107788,0.0353521,0
2025-12-05,-0.866333,0.107788,0.139873,0
2025-12-08,-0.690078,0.0915014,0.596575,0
2025-12-09,-0.690078,0.0915014,0.24937,0
2025-12-10,-0.690078,0.0915014,0.874133,0
2025-12-11,-0.690078,0.0915014,0.195449,0
2025-12-12,-0.690078,0.0915014,1.76765,0
2025-12-15,-0.7544,0.142737,0.301279,0
2025-12-16,-0.7544,0.142737,0.469214,0
2025-12-17,-0.7544,0.142737,1.68609,0
2025-12-18,-0.7544,0.142737,1.15831,0
2025-12-19,-0.7544,0.142737,1.32693,0
2025-12-22,-0.704062,0.114276,0.846166,0
2025-12-23,-0.704062,0.114276,0.560846,0
2025-12-24,-0.704062,0.114276,0.378476,0
2025-12-26,-0.704062,0.114276,0.176789,0
2025-12-29,-0.704062,0.114276,0.684464,0
2025-12-30,-0.701142,0.121577,0.302967,0
2025-12-31,-0.701142,0.121577,1.21318,0
2026-01-02,-0.701142,0.121577,0.222564,0
2026-01-05,-0.701142,0.121577,0.927159,0
2026-01-06,-0.701142,0.121577,0.778134,0
2026-01-07,-0.837051,0.131861,0.620846,0
2026-01-08,-0.837051,0.131861,0.126453,0
2026-01-09,-0.837051,0.131861,0.875173,0
2026-01-12,-0.837051,0.131861,0.0868654,0
2026-01-13,-0.837051,0.131861,0.448402,0
2026-01-14,-0.903161,0.134108,0.862562,0
2026-01-15,-0.903161,0.134108,0.315583,0
2026-01-16,-0.903161,0.134108,0.228531,0
2026-01-20,-0.903161,0.134108,3.15262,0
2026-01-21,-0.903161,0.134108,1.76226,0
2026-01-22,-0.812411,0.134033,0.747319,0
2026-01-23,-0.812411,0.134033,0.00887957,0
2026-01-26,-0.812411,0.134033,0.691117,0
2026-01-27,-0.812411,0.134033,0.496585,0
2026-01-28,-0.812411,0.134033,0.133261,0
2026-01-29,-0.97815,0.141233,0.407507,0
2026-01-30,-0.97815,0.141233,0.537186,0
2026-02-02,-0.97815,0.141233,0.670115,0
2026-02-03,-0.97815,0.141233,1.36228,0
2026-02-04,-0.97815,0.141233,0.757341,0
2026-02-05,-1.04729,0.0514827,1.869,0
2026-02-06,-1.04729,0.0514827,2.91545,0
2026-02-09,-1.04729,0.0514827,0.666945,0
2026-02-10,-1.04729,0.0514827,0.472798,0
2026-02-11,-1.04729,0.0514827,0.0921339,0
2026-02-12,-0.842365,0.0720365,2.36953,0
2026-02-13,-0.842365,0.0720365,0.162819,0
2026-02-17,-0.842365,0.0720365,0.290225,0
2026-02-18,-0.842365,0.0720365,0.784274,0
2026-02-19,-0.842365,0.0720365,0.393003,0
2026-02-20,-0.818336,0.193647,1.09028,0
2026-02-23,-0.818336,0.193647,1.55981,0
2026-02-24,-0.818336,0.193647,1.11778,0
2026-02-25,-0.818336,0.193647,1.23786,0
2026-02-26,-0.818336,0.193647,0.898977,0
2026-02-27,-0.699813,0.194444,0.744162,0
2026-03-02,-0.699813,0.194444,0.0914562,0
2026-03-03,-0.699813,0.194444,1.31442,0
2026-03-04,-0.699813,0.194444,1.11031,0
2026-03-05,-0.699813,0.194444,0.819556,0
2026-03-06,-0.786213,0.221852,1.91196,0
2026-03-09,-0.786213,0.221852,1.43817,0
2026-03-10,-0.786213,0.221852,0.166205,0
2026-03-11,-0.786213,0.221852,0.105966,0
2026-03-12,-0.786213,0.221852,2.1904,0
2026-03-13,-0.836102,0.212098,0.655505,0
2026-03-16,-0.836102,0.212098,1.726,0
2026-03-17,-0.836102,0.212098,0.529343,0
2026-03-18,-0.836102,0.212098,1.97674,0
2026-03-19,-0.836102,0.212098,0.160432,0
2026-03-20,-0.845038,0.208982,1.93385,0
2026-03-23,-0.845038,0.208982,1.85899,0
2026-03-24,-0.845038,0.208982,0.28251,0
2026-03-25,-0.845038,0.208982,1.05768,0
2026-03-26,-0.845038,0.208982,2.49946,0
2026-03-27,-0.824432,0.0854857,2.25972,0
2026-03-30,-0.824432,0.0854857,0.0930892,0
2026-03-31,-0.824432,0.0854857,4.67199,0
2026-04-01,-0.824432,0.0854857,1.30634,0
2026-04-02,-0.824432,0.0854857,0.262147,0
2026-04-06,-0.940242,0.0625123,0.817434,0
2026-04-07,-0.940242,0.0625123,0.142909,0
2026-04-08,-0.940242,0.0625123,3.81218,0
2026-04-09,-0.940242,0.0625123,0.747149,0
2026-04-10,-0.940242,0.0625123,0.242215,0
2026-04-13,-1.06098,0.0683024,1.31436,0
2026-04-14,-1.06098,0.0683024,1.6075,0
2026-04-15,-1.06098,0.0683024,0.899466,0
2026-04-16,-1.06098,0.0683024,0.0530031,0
2026-04-17,-1.06098,0.0683024,1.4725,0
2026-04-20,-0.790154,0.110714,0.681648,0
2026-04-21,-0.790154,0.110714,1.32892,0
2026-04-22,-0.790154,0.110714,1.20959,0
2026-04-23,-0.790154,0.110714,0.924613,0
2026-04-24,-0.790154,0.110714,0.845656,0
2026-04-27,-0.813143,0.11973,0.0864118,0
2026-04-28,-0.813143,0.11973,1.06404,0
2026-04-29,-0.813143,0.11973,0.311341,0
2026-04-30,-0.813143,0.11973,1.19909,0
2026-05-01,-0.813143,0.11973,0.0812474,0
2026-05-04,-0.788779,0.112984,0.879908,0
2026-05-05,-0.788779,0.112984,0.896086,0
2026-05-06,-0.788779,0.112984,1.71875,0
2026-05-07,-0.788779,0.112984,0.872366,0
2026-05-08,-0.788779,0.112984,0.848626,0
2026-05-11,-0.754201,0.148632,0.0760093,0
2026-05-12,-0.754201,0.148632,0.636397,0
2026-05-13,-0.754201,0.148632,0.44905,0
2026-05-14,-0.754201,0.148632,0.767706,0
2026-05-15,-0.754201,0.148632,2.23851,0
2026-05-18,-0.685317,0.12091,0.437549,0
2026-05-19,-0.685317,0.12091,1.30645,0
2026-05-20,-0.685317,0.12091,1.26607,0
2026-05-21,-0.685317,0.12091,0.0156613,0
2026-05-22,-0.685317,0.12091,0.274076,0
2026-05-26,-0.750828,0.11369,0.661775,0
2026-05-27,-0.750828,0.11369,0.379436,0
2026-05-28,-0.750828,0.11369,0.482582,0
2026-05-29,-0.750828,0.11369,0.0116477,0
2026-06-01,-0.750828,0.11369,0.0454792,0
2026-06-02,-0.787846,0.0741179,0.159331,0
2026-06-03,-0.787846,0.0741179,1.40127,0
2026-06-04,-0.787846,0.0741179,0.273273,0
2026-06-05,-0.787846,0.0741179,4.19048,0
2026-06-08,-0.787846,0.0741179,0.232926,0
2026-06-09,-0.78533,0.0752795,0.551793,0
2026-06-10,-0.78533,0.0752795,2.45249,0
2026-06-11,-0.78533,0.0752795,2.53407,0
2026-06-12,-0.78533,0.0752795,0.710016,0
2026-06-15,-0.78533,0.0752795,2.47463,0
2026-06-16,-0.804134,0.072728,1.13166,0
2026-06-17,-0.804134,0.072728,2.05833,0
2026-06-18,-0.804134,0.072728,1.44658,0
2026-06-22,-0.804134,0.072728,0.629035,0
2026-06-23,-0.804134,0.072728,2.30669,0
2026-06-24,-0.776437,0.0734991,0.0910156,0
2026-06-25,-0.776437,0.0734991,0.197134,0
2026-06-26,-0.776437,0.0734991,1.10669,0
2026-06-29,-0.776437,0.0734991,2.45587,0
2026-06-30,-0.776437,0.0734991,1.06338,0
2026-07-01,-0.787904,0.0753332,0.341866,0
2026-07-02,-0.787904,0.0753332,0.320059,0
2026-07-06,-0.787904,0.0753332,1.18327,0
2026-07-07,-0.787904,0.0753332,0.873637,0
2026-07-08,-0.787904,0.0753332,0.584255,0
2026-07-09,-0.97195,0.0960751,1.15752,0
2026-07-10,-0.97195,0.0960751,0.488879,0
2026-07-13,-0.97195,0.0960751,1.31724,0
2026-07-14,-0.97195,0.0960751,0.415303,0
2026-07-15,-0.97195,0.0960751,0.456974,0
2026-07-16,-0.895784,0.058316,0.961261,0
2026-07-17,-0.895784,0.058316,1.58741,0
2026-07-20,-0.895784,0.058316,0.273446,0
