date,beta_kalman,beta_static
2005-01-03,0.972254,0.966978
2005-01-04,0.972245,0.966978
2005-01-05,0.973446,0.966978
2005-01-06,0.974386,0.966978
2005-01-07,0.974646,0.966978
2005-01-10,0.97486,0.966978
2005-01-11,0.975146,0.966978
2005-01-12,0.975624,0.966978
2005-01-13,0.975732,0.966978
2005-01-14,0.975646,0.966978
2005-01-18,0.975775,0.966978
2005-01-19,0.975909,0.966978
2005-01-20,0.975833,0.966978
2005-01-21,0.975902,0.966978
2005-01-24,0.975918,0.966978
2005-01-25,0.976039,0.966978
2005-01-26,0.976192,0.966978
2005-01-27,0.976492,0.966978
2005-01-28,0.97681,0.966978
2005-01-31,0.977206,0.966978
2005-02-01,0.977279,0.966978
2005-02-02,0.977263,0.966978
2005-02-03,0.977281,0.966978
2005-02-04,0.977224,0.966978
2005-02-07,0.97702,0.966978
2005-02-08,0.976754,0.966978
2005-02-09,0.976459,0.966978
2005-02-10,0.97629,0.966978
2005-02-11,0.976356,0.966978
2005-02-14,0.976336,0.966978
2005-02-15,0.976311,0.966978
2005-02-16,0.97624,0.966978
2005-02-17,0.976064,0.966978
2005-02-18,0.975868,0.966978
2005-02-22,0.975833,0.966978
2005-02-23,0.975734,0.966978
2005-02-24,0.975512,0.966978
2005-02-25,0.975067,0.966978
2005-02-28,0.974662,0.966978
2005-03-01,0.974284,0.966978
2005-03-02,0.973936,0.966978
2005-03-03,0.973479,0.966978
2005-03-04,0.973048,0.966978
2005-03-07,0.972677,0.966978
2005-03-08,0.972324,0.966978
2005-03-09,0.972067,0.966978
2005-03-10,0.971674,0.966978
2005-03-11,0.971157,0.966978
2005-03-14,0.970733,0.966978
2005-03-15,0.970344,0.966978
2005-03-16,0.970052,0.966978
2005-03-17,0.969723,0.966978
2005-03-18,0.96938,0.966978
2005-03-21,0.969069,0.966978
2005-03-22,0.968822,0.966978
2005-03-23,0.968587,0.966978
2005-03-24,0.968493,0.966978
2005-03-28,0.968431,0.966978
2005-03-29,0.968402,0.966978
2005-03-30,0.968286,0.966978
2005-03-31,0.968128,0.966978
2005-04-01,0.96799,0.966978
2005-04-04,0.967478,0.966978
2005-04-05,0.966867,0.966978
2005-04-06,0.966396,0.966978
2005-04-07,0.966062,0.966978
2005-04-08,0.965662,0.966978
2005-04-11,0.965264,0.966978
2005-04-12,0.964679,0.966978
2005-04-13,0.964062,0.966978
2005-04-14,0.963442,0.966978
2005-04-15,0.962967,0.966978
2005-04-18,0.962411,0.966978
2005-04-19,0.961789,0.966978
2005-04-20,0.961193,0.966978
2005-04-21,0.960516,0.966978
2005-04-22,0.959924,0.966978
2005-04-25,0.959354,0.966978
2005-04-26,0.958779,0.966978
2005-04-27,0.958083,0.966978
2005-04-28,0.957618,0.966978
2005-04-29,0.957155,0.966978
2005-05-02,0.9568,0.966978
2005-05-03,0.956548,0.966978
2005-05-04,0.956253,0.966978
2005-05-05,0.955931,0.966978
2005-05-06,0.955557,0.966978
2005-05-09,0.955249,0.966978
2005-05-10,0.954988,0.966978
2005-05-11,0.954751,0.966978
2005-05-12,0.954664,0.966978
2005-05-13,0.954621,0.966978
2005-05-16,0.954504,0.966978
2005-05-17,0.954548,0.966978
2005-05-18,0.95462,0.966978
2005-05-19,0.954629,0.966978
2005-05-20,0.954689,0.966978
2005-05-23,0.954776,0.966978
2005-05-24,0.95483,0.966978
2005-05-25,0.954896,0.966978
2005-05-26,0.954946,0.966978
2005-05-27,0.955047,0.966978
2005-05-31,0.955105,0.966978
2005-06-01,0.955178,0.966978
2005-06-02,0.955259,0.966978
2005-06-03,0.955376,0.966978
2005-06-06,0.955391,0.966978
2005-06-07,0.955417,0.966978
2005-06-08,0.955554,0.966978
2005-06-09,0.955626,0.966978
2005-06-10,0.95575,0.966978
2005-06-13,0.955815,0.966978
2005-06-14,0.955882,0.966978
2005-06-15,0.955959,0.966978
2005-06-16,0.956076,0.966978
2005-06-17,0.95624,0.966978
2005-06-20,0.956459,0.966978
2005-06-21,0.956773,0.966978
2005-06-22,0.95698,0.966978
2005-06-23,0.95713,0.966978
2005-06-24,0.957301,0.966978
2005-06-27,0.95739,0.966978
2005-06-28,0.957469,0.966978
2005-06-29,0.957599,0.966978
2005-06-30,0.957735,0.966978
2005-07-01,0.957908,0.966978
2005-07-05,0.958059,0.966978
2005-07-06,0.95814,0.966978
2005-07-07,0.958256,0.966978
2005-07-08,0.958321,0.966978
2005-07-11,0.958295,0.966978
2005-07-12,0.958313,0.966978
2005-07-13,0.958342,0.966978
2005-07-14,0.958435,0.966978
2005-07-15,0.958563,0.966978
2005-07-18,0.958642,0.966978
2005-07-19,0.958772,0.966978
2005-07-20,0.958913,0.966978
2005-07-21,0.95911,0.966978
2005-07-22,0.9592,0.966978
2005-07-25,0.959312,0.966978
2005-07-26,0.959391,0.966978
2005-07-27,0.959539,0.966978
2005-07-28,0.959717,0.966978
2005-07-29,0.959925,0.966978
2005-08-01,0.960123,0.966978
2005-08-02,0.9604,0.966978
2005-08-03,0.960893,0.966978
2005-08-04,0.961447,0.966978
2005-08-05,0.962034,0.966978
2005-08-08,0.962629,0.966978
2005-08-09,0.963117,0.966978
2005-08-10,0.963667,0.966978
2005-08-11,0.964061,0.966978
2005-08-12,0.964398,0.966978
2005-08-15,0.96479,0.966978
2005-08-16,0.96519,0.966978
2005-08-17,0.96558,0.966978
2005-08-18,0.965946,0.966978
2005-08-19,0.966265,0.966978
2005-08-22,0.966601,0.966978
2005-08-23,0.966897,0.966978
2005-08-24,0.967168,0.966978
2005-08-25,0.96739,0.966978
2005-08-26,0.967648,0.966978
2005-08-29,0.967915,0.966978
2005-08-30,0.968295,0.966978
2005-08-31,0.968606,0.966978
2005-09-01,0.968848,0.966978
2005-09-02,0.969161,0.966978
2005-09-06,0.969419,0.966978
2005-09-07,0.969618,0.966978
2005-09-08,0.969791,0.966978
2005-09-09,0.969944,0.966978
2005-09-12,0.970113,0.966978
2005-09-13,0.970236,0.966978
2005-09-14,0.970299,0.966978
2005-09-15,0.970349,0.966978
2005-09-16,0.970359,0.966978
2005-09-19,0.970374,0.966978
2005-09-20,0.970364,0.966978
2005-09-21,0.970329,0.966978
2005-09-22,0.970225,0.966978
2005-09-23,0.970208,0.966978
2005-09-26,0.970221,0.966978
2005-09-27,0.970224,0.966978
2005-09-28,0.970323,0.966978
2005-09-29,0.970511,0.966978
2005-09-30,0.97072,0.966978
2005-10-03,0.971022,0.966978
2005-10-04,0.971359,0.966978
2005-10-05,0.971795,0.966978
2005-10-06,0.971989,0.966978
2005-10-07,0.972175,0.966978
2005-10-10,0.972415,0.966978
2005-10-11,0.972775,0.966978
2005-10-12,0.973024,0.966978
2005-10-13,0.973177,0.966978
2005-10-14,0.973248,0.966978
2005-10-17,0.973354,0.966978
2005-10-18,0.973438,0.966978
2005-10-19,0.973547,0.966978
2005-10-20,0.973559,0.966978
2005-10-21,0.973626,0.966978
2005-10-24,0.973703,0.966978
2005-10-25,0.973848,0.966978
2005-10-26,0.973988,0.966978
2005-10-27,0.97404,0.966978
2005-10-28,0.974117,0.966978
2005-10-31,0.974171,0.966978
2005-11-01,0.97427,0.966978
2005-11-02,0.974352,0.966978
2005-11-03,0.974401,0.966978
2005-11-04,0.97433,0.966978
2005-11-07,0.974287,0.966978
2005-11-08,0.974231,0.966978
2005-11-09,0.973996,0.966978
2005-11-10,0.97384,0.966978
2005-11-11,0.973738,0.966978
2005-11-14,0.973615,0.966978
2005-11-15,0.973542,0.966978
2005-11-16,0.973498,0.966978
2005-11-17,0.973472,0.966978
2005-11-18,0.973418,0.966978
2005-11-21,0.973314,0.966978
2005-11-22,0.973212,0.966978
2005-11-23,0.973023,0.966978
2005-11-25,0.97278,0.966978
2005-11-28,0.972537,0.966978
2005-11-29,0.972388,0.966978
2005-11-30,0.972278,0.966978
2005-12-01,0.97219,0.966978
2005-12-02,0.972213,0.966978
2005-12-05,0.97224,0.966978
2005-12-06,0.972289,0.966978
2005-12-07,0.972334,0.966978
2005-12-08,0.972367,0.966978
2005-12-09,0.972413,0.966978
2005-12-12,0.972517,0.966978
2005-12-13,0.972485,0.966978
2005-12-14,0.972403,0.966978
2005-12-15,0.972337,0.966978
2005-12-16,0.972254,0.966978
2005-12-19,0.972112,0.966978
2005-12-20,0.971959,0.966978
2005-12-21,0.97188,0.966978
2005-12-22,0.971889,0.966978
2005-12-23,0.971901,0.966978
2005-12-27,0.971906,0.966978
2005-12-28,0.971977,0.966978
2005-12-29,0.972013,0.966978
2005-12-30,0.972103,0.966978
2006-01-03,0.972199,0.966978
2006-01-04,0.972254,0.966978
2006-01-05,0.972242,0.966978
2006-01-06,0.972223,0.966978
2006-01-09,0.972165,0.966978
2006-01-10,0.972086,0.966978
2006-01-11,0.972039,0.966978
2006-01-12,0.972088,0.966978
2006-01-13,0.972019,0.966978
2006-01-17,0.972086,0.966978
2006-01-18,0.972134,0.966978
2006-01-19,0.972166,0.966978
2006-01-20,0.972264,0.966978
2006-01-23,0.972419,0.966978
2006-01-24,0.972579,0.966978
2006-01-25,0.972728,0.966978
2006-01-26,0.972762,0.966978
2006-01-27,0.972631,0.966978
2006-01-30,0.972309,0.966978
2006-01-31,0.971848,0.966978
2006-02-01,0.97141,0.966978
2006-02-02,0.970958,0.966978
2006-02-03,0.970446,0.966978
2006-02-06,0.970068,0.966978
2006-02-07,0.969735,0.966978
2006-02-08,0.969412,0.966978
2006-02-09,0.969016,0.966978
2006-02-10,0.968657,0.966978
2006-02-13,0.968286,0.966978
2006-02-14,0.967864,0.966978
2006-02-15,0.967461,0.966978
2006-02-16,0.967054,0.966978
2006-02-17,0.966748,0.966978
2006-02-21,0.966531,0.966978
2006-02-22,0.966292,0.966978
2006-02-23,0.966104,0.966978
2006-02-24,0.965916,0.966978
2006-02-27,0.96572,0.966978
2006-02-28,0.965514,0.966978
2006-03-01,0.965293,0.966978
2006-03-02,0.964974,0.966978
2006-03-03,0.96464,0.966978
2006-03-06,0.964284,0.966978
2006-03-07,0.963875,0.966978
2006-03-08,0.963466,0.966978
2006-03-09,0.963076,0.966978
2006-03-10,0.962602,0.966978
2006-03-13,0.962249,0.966978
2006-03-14,0.961924,0.966978
2006-03-15,0.961603,0.966978
2006-03-16,0.961395,0.966978
2006-03-17,0.961188,0.966978
2006-03-20,0.960976,0.966978
2006-03-21,0.960735,0.966978
2006-03-22,0.960444,0.966978
2006-03-23,0.960156,0.966978
2006-03-24,0.960028,0.966978
2006-03-27,0.959983,0.966978
2006-03-28,0.959934,0.966978
2006-03-29,0.959955,0.966978
2006-03-30,0.959979,0.966978
2006-03-31,0.959959,0.966978
2006-04-03,0.95997,0.966978
2006-04-04,0.959968,0.966978
2006-04-05,0.959997,0.966978
2006-04-06,0.960022,0.966978
2006-04-07,0.960036,0.966978
2006-04-10,0.960125,0.966978
2006-04-11,0.960165,0.966978
2006-04-12,0.960161,0.966978
2006-04-13,0.960159,0.966978
2006-04-17,0.960171,0.966978
2006-04-18,0.960209,0.966978
2006-04-19,0.960167,0.966978
2006-04-20,0.960035,0.966978
2006-04-21,0.959974,0.966978
2006-04-24,0.959921,0.966978
2006-04-25,0.959848,0.966978
2006-04-26,0.95986,0.966978
2006-04-27,0.959927,0.966978
2006-04-28,0.960053,0.966978
2006-05-01,0.960152,0.966978
2006-05-02,0.960314,0.966978
2006-05-03,0.960462,0.966978
2006-05-04,0.960679,0.966978
2006-05-05,0.960849,0.966978
2006-05-08,0.961004,0.966978
2006-05-09,0.961242,0.966978
2006-05-10,0.961442,0.966978
2006-05-11,0.961666,0.966978
2006-05-12,0.96186,0.966978
2006-05-15,0.961964,0.966978
2006-05-16,0.962135,0.966978
2006-05-17,0.962316,0.966978
2006-05-18,0.962496,0.966978
2006-05-19,0.962563,0.966978
2006-05-22,0.962546,0.966978
2006-05-23,0.962565,0.966978
2006-05-24,0.962549,0.966978
2006-05-25,0.962618,0.966978
2006-05-26,0.962725,0.966978
2006-05-30,0.962816,0.966978
2006-05-31,0.963001,0.966978
2006-06-01,0.963182,0.966978
2006-06-02,0.963394,0.966978
2006-06-05,0.963616,0.966978
2006-06-06,0.963723,0.966978
2006-06-07,0.963786,0.966978
2006-06-08,0.963846,0.966978
2006-06-09,0.963962,0.966978
2006-06-12,0.964161,0.966978
2006-06-13,0.964458,0.966978
2006-06-14,0.96474,0.966978
2006-06-15,0.965062,0.966978
2006-06-16,0.965316,0.966978
2006-06-19,0.965584,0.966978
2006-06-20,0.965845,0.966978
2006-06-21,0.966117,0.966978
2006-06-22,0.96645,0.966978
2006-06-23,0.966762,0.966978
2006-06-26,0.967104,0.966978
2006-06-27,0.967382,0.966978
2006-06-28,0.96763,0.966978
2006-06-29,0.967854,0.966978
2006-06-30,0.968154,0.966978
2006-07-03,0.968433,0.966978
2006-07-05,0.968805,0.966978
2006-07-06,0.969057,0.966978
2006-07-07,0.969344,0.966978
2006-07-10,0.969676,0.966978
2006-07-11,0.970013,0.966978
2006-07-12,0.970283,0.966978
2006-07-13,0.97054,0.966978
2006-07-14,0.970873,0.966978
2006-07-17,0.971113,0.966978
2006-07-18,0.971356,0.966978
2006-07-19,0.971643,0.966978
2006-07-20,0.971886,0.966978
2006-07-21,0.972047,0.966978
2006-07-24,0.97226,0.966978
2006-07-25,0.972506,0.966978
2006-07-26,0.972706,0.966978
2006-07-27,0.972946,0.966978
2006-07-28,0.972892,0.966978
2006-07-31,0.972711,0.966978
2006-08-01,0.972543,0.966978
2006-08-02,0.972306,0.966978
2006-08-03,0.972028,0.966978
2006-08-04,0.97174,0.966978
2006-08-07,0.971548,0.966978
2006-08-08,0.971406,0.966978
2006-08-09,0.971302,0.966978
2006-08-10,0.971139,0.966978
2006-08-11,0.970998,0.966978
2006-08-14,0.970817,0.966978
2006-08-15,0.970686,0.966978
2006-08-16,0.970576,0.966978
2006-08-17,0.970503,0.966978
2006-08-18,0.970451,0.966978
2006-08-21,0.970264,0.966978
2006-08-22,0.969992,0.966978
2006-08-23,0.969686,0.966978
2006-08-24,0.969395,0.966978
2006-08-25,0.969153,0.966978
2006-08-28,0.968879,0.966978
2006-08-29,0.968643,0.966978
2006-08-30,0.968476,0.966978
2006-08-31,0.968288,0.966978
2006-09-01,0.968109,0.966978
2006-09-05,0.968088,0.966978
2006-09-06,0.96808,0.966978
2006-09-07,0.968033,0.966978
2006-09-08,0.96794,0.966978
2006-09-11,0.967786,0.966978
2006-09-12,0.967583,0.966978
2006-09-13,0.967439,0.966978
2006-09-14,0.967335,0.966978
2006-09-15,0.967206,0.966978
2006-09-18,0.967018,0.966978
2006-09-19,0.966804,0.966978
2006-09-20,0.966634,0.966978
2006-09-21,0.966545,0.966978
2006-09-22,0.966427,0.966978
2006-09-25,0.966327,0.966978
2006-09-26,0.966248,0.966978
2006-09-27,0.966167,0.966978
2006-09-28,0.966091,0.966978
2006-09-29,0.966106,0.966978
2006-10-02,0.966086,0.966978
2006-10-03,0.966055,0.966978
2006-10-04,0.965977,0.966978
2006-10-05,0.965837,0.966978
2006-10-06,0.965647,0.966978
2006-10-09,0.965527,0.966978
2006-10-10,0.965418,0.966978
2006-10-11,0.965288,0.966978
2006-10-12,0.965148,0.966978
2006-10-13,0.964944,0.966978
2006-10-16,0.964685,0.966978
2006-10-17,0.96447,0.966978
2006-10-18,0.964247,0.966978
2006-10-19,0.964101,0.966978
2006-10-20,0.963933,0.966978
2006-10-23,0.963775,0.966978
2006-10-24,0.963787,0.966978
2006-10-25,0.963755,0.966978
2006-10-26,0.963643,0.966978
2006-10-27,0.963576,0.966978
2006-10-30,0.963417,0.966978
2006-10-31,0.9633,0.966978
2006-11-01,0.963201,0.966978
2006-11-02,0.963193,0.966978
2006-11-03,0.963216,0.966978
2006-11-06,0.963258,0.966978
2006-11-07,0.963235,0.966978
2006-11-08,0.963105,0.966978
2006-11-09,0.962975,0.966978
2006-11-10,0.962788,0.966978
2006-11-13,0.962706,0.966978
2006-11-14,0.962629,0.966978
2006-11-15,0.962526,0.966978
2006-11-16,0.962493,0.966978
2006-11-17,0.962483,0.966978
2006-11-20,0.962565,0.966978
2006-11-21,0.962656,0.966978
2006-11-22,0.962722,0.966978
2006-11-24,0.962752,0.966978
2006-11-27,0.96276,0.966978
2006-11-28,0.962716,0.966978
2006-11-29,0.96261,0.966978
2006-11-30,0.962575,0.966978
2006-12-01,0.962594,0.966978
2006-12-04,0.962597,0.966978
2006-12-05,0.962622,0.966978
2006-12-06,0.962788,0.966978
2006-12-07,0.962987,0.966978
2006-12-08,0.963144,0.966978
2006-12-11,0.963414,0.966978
2006-12-12,0.963596,0.966978
2006-12-13,0.963717,0.966978
2006-12-14,0.963868,0.966978
2006-12-15,0.964099,0.966978
2006-12-18,0.964279,0.966978
2006-12-19,0.964427,0.966978
2006-12-20,0.964572,0.966978
2006-12-21,0.964685,0.966978
2006-12-22,0.964787,0.966978
2006-12-26,0.964858,0.966978
2006-12-27,0.964939,0.966978
2006-12-28,0.965005,0.966978
2006-12-29,0.965058,0.966978
2007-01-03,0.965081,0.966978
2007-01-04,0.965176,0.966978
2007-01-05,0.965242,0.966978
2007-01-08,0.96548,0.966978
2007-01-09,0.965676,0.966978
2007-01-10,0.965843,0.966978
2007-01-11,0.965919,0.966978
2007-01-12,0.966003,0.966978
2007-01-16,0.96612,0.966978
2007-01-17,0.966278,0.966978
2007-01-18,0.966499,0.966978
2007-01-19,0.966704,0.966978
2007-01-22,0.966842,0.966978
2007-01-23,0.966958,0.966978
2007-01-24,0.967058,0.966978
2007-01-25,0.967151,0.966978
2007-01-26,0.967229,0.966978
2007-01-29,0.967355,0.966978
2007-01-30,0.967526,0.966978
2007-01-31,0.967701,0.966978
2007-02-01,0.967948,0.966978
2007-02-02,0.968087,0.966978
2007-02-05,0.968176,0.966978
2007-02-06,0.968238,0.966978
2007-02-07,0.968251,0.966978
2007-02-08,0.96832,0.966978
2007-02-09,0.968363,0.966978
2007-02-12,0.968355,0.966978
2007-02-13,0.968313,0.966978
2007-02-14,0.968242,0.966978
2007-02-15,0.968103,0.966978
2007-02-16,0.967907,0.966978
2007-02-20,0.96768,0.966978
2007-02-21,0.967448,0.966978
2007-02-22,0.967279,0.966978
2007-02-23,0.967148,0.966978
2007-02-26,0.967043,0.966978
2007-02-27,0.966997,0.966978
2007-02-28,0.966962,0.966978
2007-03-01,0.966893,0.966978
2007-03-02,0.966837,0.966978
2007-03-05,0.966742,0.966978
2007-03-06,0.966687,0.966978
2007-03-07,0.966642,0.966978
2007-03-08,0.966591,0.966978
2007-03-09,0.966626,0.966978
2007-03-12,0.966734,0.966978
2007-03-13,0.966828,0.966978
2007-03-14,0.966849,0.966978
2007-03-15,0.966976,0.966978
2007-03-16,0.967098,0.966978
2007-03-19,0.967233,0.966978
2007-03-20,0.967342,0.966978
2007-03-21,0.967465,0.966978
2007-03-22,0.967646,0.966978
2007-03-23,0.967839,0.966978
2007-03-26,0.968058,0.966978
2007-03-27,0.968217,0.966978
2007-03-28,0.968376,0.966978
2007-03-29,0.968557,0.966978
2007-03-30,0.968703,0.966978
2007-04-02,0.968868,0.966978
2007-04-03,0.969017,0.966978
2007-04-04,0.969151,0.966978
2007-04-05,0.969276,0.966978
2007-04-09,0.969428,0.966978
2007-04-10,0.969669,0.966978
2007-04-11,0.969933,0.966978
2007-04-12,0.970191,0.966978
2007-04-13,0.97042,0.966978
2007-04-16,0.970657,0.966978
2007-04-17,0.970871,0.966978
2007-04-18,0.971079,0.966978
2007-04-19,0.971252,0.966978
2007-04-20,0.971357,0.966978
2007-04-23,0.971419,0.966978
2007-04-24,0.971492,0.966978
2007-04-25,0.971558,0.966978
2007-04-26,0.97154,0.966978
2007-04-27,0.971532,0.966978
2007-04-30,0.971595,0.966978
2007-05-01,0.971688,0.966978
2007-05-02,0.971794,0.966978
2007-05-03,0.971906,0.966978
2007-05-04,0.972001,0.966978
2007-05-07,0.972093,0.966978
2007-05-08,0.972177,0.966978
2007-05-09,0.972221,0.966978
2007-05-10,0.972269,0.966978
2007-05-11,0.972325,0.966978
2007-05-14,0.972466,0.966978
2007-05-15,0.9726,0.966978
2007-05-16,0.972759,0.966978
2007-05-17,0.972955,0.966978
2007-05-18,0.973142,0.966978
2007-05-21,0.973288,0.966978
2007-05-22,0.973444,0.966978
2007-05-23,0.97349,0.966978
2007-05-24,0.973453,0.966978
2007-05-25,0.973417,0.966978
2007-05-29,0.973428,0.966978
2007-05-30,0.973462,0.966978
2007-05-31,0.973499,0.966978
2007-06-01,0.973506,0.966978
2007-06-04,0.973608,0.966978
2007-06-05,0.973661,0.966978
2007-06-06,0.973677,0.966978
2007-06-07,0.973692,0.966978
2007-06-08,0.973685,0.966978
2007-06-11,0.973712,0.966978
2007-06-12,0.97376,0.966978
2007-06-13,0.973732,0.966978
2007-06-14,0.973688,0.966978
2007-06-15,0.973618,0.966978
2007-06-18,0.973532,0.966978
2007-06-19,0.973489,0.966978
2007-06-20,0.973505,0.966978
2007-06-21,0.973569,0.966978
2007-06-22,0.973673,0.966978
2007-06-25,0.973935,0.966978
2007-06-26,0.974217,0.966978
2007-06-27,0.974447,0.966978
2007-06-28,0.974687,0.966978
2007-06-29,0.974897,0.966978
2007-07-02,0.975101,0.966978
2007-07-03,0.975363,0.966978
2007-07-05,0.97566,0.966978
2007-07-06,0.97593,0.966978
2007-07-09,0.976275,0.966978
2007-07-10,0.97665,0.966978
2007-07-11,0.977105,0.966978
2007-07-12,0.977565,0.966978
2007-07-13,0.977945,0.966978
2007-07-16,0.978258,0.966978
2007-07-17,0.978522,0.966978
2007-07-18,0.97877,0.966978
2007-07-19,0.978897,0.966978
2007-07-20,0.978969,0.966978
2007-07-23,0.978943,0.966978
2007-07-24,0.978899,0.966978
2007-07-25,0.978792,0.966978
2007-07-26,0.978767,0.966978
2007-07-27,0.978773,0.966978
2007-07-30,0.978861,0.966978
2007-07-31,0.978915,0.966978
2007-08-01,0.978889,0.966978
2007-08-02,0.9788,0.966978
2007-08-03,0.978726,0.966978
2007-08-06,0.978613,0.966978
2007-08-07,0.978408,0.966978
2007-08-08,0.978114,0.966978
2007-08-09,0.977886,0.966978
2007-08-10,0.977814,0.966978
2007-08-13,0.977802,0.966978
2007-08-14,0.97777,0.966978
2007-08-15,0.977768,0.966978
2007-08-16,0.977935,0.966978
2007-08-17,0.978053,0.966978
2007-08-20,0.978183,0.966978
2007-08-21,0.978385,0.966978
2007-08-22,0.978648,0.966978
2007-08-23,0.978895,0.966978
2007-08-24,0.979115,0.966978
2007-08-27,0.979363,0.966978
2007-08-28,0.979542,0.966978
2007-08-29,0.979736,0.966978
2007-08-30,0.979954,0.966978
2007-08-31,0.980189,0.966978
2007-09-04,0.980366,0.966978
2007-09-05,0.980502,0.966978
2007-09-06,0.980663,0.966978
2007-09-07,0.980862,0.966978
2007-09-10,0.981083,0.966978
2007-09-11,0.981244,0.966978
2007-09-12,0.98139,0.966978
2007-09-13,0.981525,0.966978
2007-09-14,0.981704,0.966978
2007-09-17,0.981848,0.966978
2007-09-18,0.981979,0.966978
2007-09-19,0.982145,0.966978
2007-09-20,0.982312,0.966978
2007-09-21,0.982515,0.966978
2007-09-24,0.98272,0.966978
2007-09-25,0.982667,0.966978
2007-09-26,0.982637,0.966978
2007-09-27,0.982646,0.966978
2007-09-28,0.982699,0.966978
2007-10-01,0.982702,0.966978
2007-10-02,0.982687,0.966978
2007-10-03,0.982656,0.966978
2007-10-04,0.982698,0.966978
2007-10-05,0.982742,0.966978
2007-10-08,0.982779,0.966978
2007-10-09,0.982745,0.966978
2007-10-10,0.982603,0.966978
2007-10-11,0.982407,0.966978
2007-10-12,0.982181,0.966978
2007-10-15,0.981928,0.966978
2007-10-16,0.981795,0.966978
2007-10-17,0.981644,0.966978
2007-10-18,0.981397,0.966978
2007-10-19,0.981125,0.966978
2007-10-22,0.980896,0.966978
2007-10-23,0.980679,0.966978
2007-10-24,0.980492,0.966978
2007-10-25,0.980488,0.966978
2007-10-26,0.980465,0.966978
2007-10-29,0.98043,0.966978
2007-10-30,0.980359,0.966978
2007-10-31,0.980348,0.966978
2007-11-01,0.980426,0.966978
2007-11-02,0.980502,0.966978
2007-11-05,0.9806,0.966978
2007-11-06,0.980647,0.966978
2007-11-07,0.980662,0.966978
2007-11-08,0.980625,0.966978
2007-11-09,0.980647,0.966978
2007-11-12,0.980697,0.966978
2007-11-13,0.980672,0.966978
2007-11-14,0.980693,0.966978
2007-11-15,0.980692,0.966978
2007-11-16,0.980813,0.966978
2007-11-19,0.980932,0.966978
2007-11-20,0.980971,0.966978
2007-11-21,0.980872,0.966978
2007-11-23,0.980748,0.966978
2007-11-26,0.980592,0.966978
2007-11-27,0.980425,0.966978
2007-11-28,0.98029,0.966978
2007-11-29,0.980145,0.966978
2007-11-30,0.98007,0.966978
2007-12-03,0.980033,0.966978
2007-12-04,0.980001,0.966978
2007-12-05,0.980007,0.966978
2007-12-06,0.980071,0.966978
2007-12-07,0.980087,0.966978
2007-12-10,0.980125,0.966978
2007-12-11,0.98015,0.966978
2007-12-12,0.980202,0.966978
2007-12-13,0.980301,0.966978
2007-12-14,0.980438,0.966978
2007-12-17,0.980498,0.966978
2007-12-18,0.980529,0.966978
2007-12-19,0.98053,0.966978
2007-12-20,0.980575,0.966978
2007-12-21,0.980685,0.966978
2007-12-24,0.980811,0.966978
2007-12-26,0.980862,0.966978
2007-12-27,0.980914,0.966978
2007-12-28,0.980946,0.966978
2007-12-31,0.980955,0.966978
2008-01-02,0.980991,0.966978
2008-01-03,0.981103,0.966978
2008-01-04,0.981253,0.966978
2008-01-07,0.981365,0.966978
2008-01-08,0.981471,0.966978
2008-01-09,0.981585,0.966978
2008-01-10,0.981624,0.966978
2008-01-11,0.981672,0.966978
2008-01-14,0.981692,0.966978
2008-01-15,0.981628,0.966978
2008-01-16,0.981607,0.966978
2008-01-17,0.981492,0.966978
2008-01-18,0.981338,0.966978
2008-01-22,0.981223,0.966978
2008-01-23,0.981033,0.966978
2008-01-24,0.980824,0.966978
2008-01-25,0.980635,0.966978
2008-01-28,0.980442,0.966978
2008-01-29,0.980233,0.966978
2008-01-30,0.980075,0.966978
2008-01-31,0.979883,0.966978
2008-02-01,0.979595,0.966978
2008-02-04,0.979318,0.966978
2008-02-05,0.979142,0.966978
2008-02-06,0.978801,0.966978
2008-02-07,0.978521,0.966978
2008-02-08,0.978324,0.966978
2008-02-11,0.978105,0.966978
2008-02-12,0.977849,0.966978
2008-02-13,0.977657,0.966978
2008-02-14,0.97754,0.966978
2008-02-15,0.977523,0.966978
2008-02-19,0.977472,0.966978
2008-02-20,0.977469,0.966978
2008-02-21,0.977424,0.966978
2008-02-22,0.97742,0.966978
2008-02-25,0.977405,0.966978
2008-02-26,0.977411,0.966978
2008-02-27,0.977474,0.966978
2008-02-28,0.977613,0.966978
2008-02-29,0.977742,0.966978
2008-03-03,0.977849,0.966978
2008-03-04,0.978008,0.966978
2008-03-05,0.978315,0.966978
2008-03-06,0.978773,0.966978
2008-03-07,0.979167,0.966978
2008-03-10,0.979498,0.966978
2008-03-11,0.979744,0.966978
2008-03-12,0.979911,0.966978
2008-03-13,0.979999,0.966978
2008-03-14,0.980025,0.966978
2008-03-17,0.979946,0.966978
2008-03-18,0.979805,0.966978
2008-03-19,0.979631,0.966978
2008-03-20,0.979543,0.966978
2008-03-24,0.979446,0.966978
2008-03-25,0.979479,0.966978
2008-03-26,0.97945,0.966978
2008-03-27,0.979371,0.966978
2008-03-28,0.979401,0.966978
2008-03-31,0.979578,0.966978
2008-04-01,0.97965,0.966978
2008-04-02,0.979652,0.966978
2008-04-03,0.979702,0.966978
2008-04-04,0.979734,0.966978
2008-04-07,0.979769,0.966978
2008-04-08,0.979836,0.966978
2008-04-09,0.979957,0.966978
2008-04-10,0.980054,0.966978
2008-04-11,0.980159,0.966978
2008-04-14,0.980206,0.966978
2008-04-15,0.980233,0.966978
2008-04-16,0.980233,0.966978
2008-04-17,0.980193,0.966978
2008-04-18,0.980211,0.966978
2008-04-21,0.98016,0.966978
2008-04-22,0.980222,0.966978
2008-04-23,0.980338,0.966978
2008-04-24,0.980405,0.966978
2008-04-25,0.98051,0.966978
2008-04-28,0.980594,0.966978
2008-04-29,0.980941,0.966978
2008-04-30,0.981287,0.966978
2008-05-01,0.98182,0.966978
2008-05-02,0.982378,0.966978
2008-05-05,0.982953,0.966978
2008-05-06,0.98357,0.966978
2008-05-07,0.98414,0.966978
2008-05-08,0.98478,0.966978
2008-05-09,0.985461,0.966978
2008-05-12,0.986083,0.966978
2008-05-13,0.986671,0.966978
2008-05-14,0.987218,0.966978
2008-05-15,0.987743,0.966978
2008-05-16,0.98829,0.966978
2008-05-19,0.988821,0.966978
2008-05-20,0.989391,0.966978
2008-05-21,0.990015,0.966978
2008-05-22,0.990629,0.966978
2008-05-23,0.991287,0.966978
2008-05-27,0.991909,0.966978
2008-05-28,0.992523,0.966978
2008-05-29,0.993084,0.966978
2008-05-30,0.993707,0.966978
2008-06-02,0.994417,0.966978
2008-06-03,0.995175,0.966978
2008-06-04,0.995747,0.966978
2008-06-05,0.996304,0.966978
2008-06-06,0.99704,0.966978
2008-06-09,0.99768,0.966978
2008-06-10,0.998205,0.966978
2008-06-11,0.9987,0.966978
2008-06-12,0.999209,0.966978
2008-06-13,0.999693,0.966978
2008-06-16,1.0002,0.966978
2008-06-17,1.00071,0.966978
2008-06-18,1.00119,0.966978
2008-06-19,1.00163,0.966978
2008-06-20,1.00213,0.966978
2008-06-23,1.00256,0.966978
2008-06-24,1.00301,0.966978
2008-06-25,1.00344,0.966978
2008-06-26,1.0038,0.966978
2008-06-27,1.00417,0.966978
2008-06-30,1.00449,0.966978
2008-07-01,1.00478,0.966978
2008-07-02,1.005,0.966978
2008-07-03,1.00524,0.966978
2008-07-07,1.00544,0.966978
2008-07-08,1.00564,0.966978
2008-07-09,1.00583,0.966978
2008-07-10,1.00605,0.966978
2008-07-11,1.00596,0.966978
2008-07-14,1.00592,0.966978
2008-07-15,1.00591,0.966978
2008-07-16,1.00574,0.966978
2008-07-17,1.00557,0.966978
2008-07-18,1.0053,0.966978
2008-07-21,1.00498,0.966978
2008-07-22,1.00456,0.966978
2008-07-23,1.00405,0.966978
2008-07-24,1.0035,0.966978
2008-07-25,1.00294,0.966978
2008-07-28,1.00249,0.966978
2008-07-29,1.00207,0.966978
2008-07-30,1.00174,0.966978
2008-07-31,1.00157,0.966978
2008-08-01,1.00145,0.966978
2008-08-04,1.00152,0.966978
2008-08-05,1.00137,0.966978
2008-08-06,1.00143,0.966978
2008-08-07,1.00147,0.966978
2008-08-08,1.00147,0.966978
2008-08-11,1.00146,0.966978
2008-08-12,1.00153,0.966978
2008-08-13,1.00173,0.966978
2008-08-14,1.00204,0.966978
2008-08-15,1.0022,0.966978
2008-08-18,1.00232,0.966978
2008-08-19,1.00243,0.966978
2008-08-20,1.00262,0.966978
2008-08-21,1.00284,0.966978
2008-08-22,1.00301,0.966978
2008-08-25,1.0031,0.966978
2008-08-26,1.00307,0.966978
2008-08-27,1.00308,0.966978
2008-08-28,1.00306,0.966978
2008-08-29,1.00309,0.966978
2008-09-02,1.0031,0.966978
2008-09-03,1.00312,0.966978
2008-09-04,1.00305,0.966978
2008-09-05,1.00293,0.966978
2008-09-08,1.00278,0.966978
2008-09-09,1.00279,0.966978
2008-09-10,1.00282,0.966978
2008-09-11,1.00298,0.966978
2008-09-12,1.00308,0.966978
2008-09-15,1.00321,0.966978
2008-09-16,1.00317,0.966978
2008-09-17,1.00307,0.966978
2008-09-18,1.00299,0.966978
2008-09-19,1.00321,0.966978
2008-09-22,1.00345,0.966978
2008-09-23,1.00363,0.966978
2008-09-24,1.00374,0.966978
2008-09-25,1.00379,0.966978
2008-09-26,1.00378,0.966978
2008-09-29,1.00353,0.966978
2008-09-30,1.00341,0.966978
2008-10-01,1.00316,0.966978
2008-10-02,1.00275,0.966978
2008-10-03,1.0023,0.966978
2008-10-06,1.00164,0.966978
2008-10-07,1.00076,0.966978
2008-10-08,0.999765,0.966978
2008-10-09,0.998761,0.966978
2008-10-10,0.997687,0.966978
2008-10-13,0.996858,0.966978
2008-10-14,0.995963,0.966978
2008-10-15,0.995262,0.966978
2008-10-16,0.994082,0.966978
2008-10-17,0.993014,0.966978
2008-10-20,0.992066,0.966978
2008-10-21,0.991211,0.966978
2008-10-22,0.990587,0.966978
2008-10-23,0.989906,0.966978
2008-10-24,0.989041,0.966978
2008-10-27,0.988279,0.966978
2008-10-28,0.987542,0.966978
2008-10-29,0.986972,0.966978
2008-10-30,0.986753,0.966978
2008-10-31,0.986696,0.966978
2008-11-03,0.986516,0.966978
2008-11-04,0.986493,0.966978
2008-11-05,0.986525,0.966978
2008-11-06,0.986433,0.966978
2008-11-07,0.986224,0.966978
2008-11-10,0.986117,0.966978
2008-11-11,0.986078,0.966978
2008-11-12,0.985727,0.966978
2008-11-13,0.985634,0.966978
2008-11-14,0.985464,0.966978
2008-11-17,0.985107,0.966978
2008-11-18,0.984736,0.966978
2008-11-19,0.984377,0.966978
2008-11-20,0.983834,0.966978
2008-11-21,0.983213,0.966978
2008-11-24,0.982733,0.966978
2008-11-25,0.982603,0.966978
2008-11-26,0.982557,0.966978
2008-11-28,0.982489,0.966978
2008-12-01,0.982269,0.966978
2008-12-02,0.982097,0.966978
2008-12-03,0.981693,0.966978
2008-12-04,0.981246,0.966978
2008-12-05,0.981089,0.966978
2008-12-08,0.981027,0.966978
2008-12-09,0.980833,0.966978
2008-12-10,0.980767,0.966978
2008-12-11,0.980822,0.966978
2008-12-12,0.980778,0.966978
2008-12-15,0.980702,0.966978
2008-12-16,0.980382,0.966978
2008-12-17,0.980046,0.966978
2008-12-18,0.979723,0.966978
2008-12-19,0.979372,0.966978
2008-12-22,0.978868,0.966978
2008-12-23,0.978334,0.966978
2008-12-24,0.977791,0.966978
2008-12-26,0.977199,0.966978
2008-12-29,0.976679,0.966978
2008-12-30,0.976331,0.966978
2008-12-31,0.97593,0.966978
2009-01-02,0.975645,0.966978
2009-01-05,0.975386,0.966978
2009-01-06,0.975352,0.966978
2009-01-07,0.975152,0.966978
2009-01-08,0.9749,0.966978
2009-01-09,0.974655,0.966978
2009-01-12,0.974291,0.966978
2009-01-13,0.973909,0.966978
2009-01-14,0.973591,0.966978
2009-01-15,0.973242,0.966978
2009-01-16,0.972864,0.966978
2009-01-20,0.972277,0.966978
2009-01-21,0.971743,0.966978
2009-01-22,0.971182,0.966978
2009-01-23,0.970766,0.966978
2009-01-26,0.970359,0.966978
2009-01-27,0.970026,0.966978
2009-01-28,0.96987,0.966978
2009-01-29,0.969584,0.966978
2009-01-30,0.969351,0.966978
2009-02-02,0.969074,0.966978
2009-02-03,0.968815,0.966978
2009-02-04,0.968608,0.966978
2009-02-05,0.968379,0.966978
2009-02-06,0.968248,0.966978
2009-02-09,0.968155,0.966978
2009-02-10,0.968035,0.966978
2009-02-11,0.968105,0.966978
2009-02-12,0.968013,0.966978
2009-02-13,0.967976,0.966978
2009-02-17,0.967872,0.966978
2009-02-18,0.967687,0.966978
2009-02-19,0.967554,0.966978
2009-02-20,0.967326,0.966978
2009-02-23,0.96705,0.966978
2009-02-24,0.966764,0.966978
2009-02-25,0.966258,0.966978
2009-02-26,0.965851,0.966978
2009-02-27,0.965483,0.966978
2009-03-02,0.965057,0.966978
2009-03-03,0.964727,0.966978
2009-03-04,0.964462,0.966978
2009-03-05,0.964237,0.966978
2009-03-06,0.964048,0.966978
2009-03-09,0.963798,0.966978
2009-03-10,0.963697,0.966978
2009-03-11,0.963719,0.966978
2009-03-12,0.963868,0.966978
2009-03-13,0.963941,0.966978
2009-03-16,0.964044,0.966978
2009-03-17,0.964203,0.966978
2009-03-18,0.964514,0.966978
2009-03-19,0.964983,0.966978
2009-03-20,0.965396,0.966978
2009-03-23,0.965835,0.966978
2009-03-24,0.966371,0.966978
2009-03-25,0.96689,0.966978
2009-03-26,0.967327,0.966978
2009-03-27,0.967738,0.966978
2009-03-30,0.968032,0.966978
2009-03-31,0.968435,0.966978
2009-04-01,0.968826,0.966978
2009-04-02,0.969333,0.966978
2009-04-03,0.969823,0.966978
2009-04-06,0.970271,0.966978
2009-04-07,0.970679,0.966978
2009-04-08,0.971055,0.966978
2009-04-09,0.971408,0.966978
2009-04-13,0.971812,0.966978
2009-04-14,0.972064,0.966978
2009-04-15,0.972271,0.966978
2009-04-16,0.972462,0.966978
2009-04-17,0.972738,0.966978
2009-04-20,0.972907,0.966978
2009-04-21,0.973088,0.966978
2009-04-22,0.973299,0.966978
2009-04-23,0.973617,0.966978
2009-04-24,0.973956,0.966978
2009-04-27,0.974187,0.966978
2009-04-28,0.974368,0.966978
2009-04-29,0.974579,0.966978
2009-04-30,0.974813,0.966978
2009-05-01,0.974975,0.966978
2009-05-04,0.975084,0.966978
2009-05-05,0.975136,0.966978
2009-05-06,0.975376,0.966978
2009-05-07,0.975549,0.966978
2009-05-08,0.975793,0.966978
2009-05-11,0.975865,0.966978
2009-05-12,0.975898,0.966978
2009-05-13,0.975919,0.966978
2009-05-14,0.975909,0.966978
2009-05-15,0.975807,0.966978
2009-05-18,0.97556,0.966978
2009-05-19,0.975296,0.966978
2009-05-20,0.975065,0.966978
2009-05-21,0.974892,0.966978
2009-05-22,0.974667,0.966978
2009-05-26,0.97449,0.966978
2009-05-27,0.974359,0.966978
2009-05-28,0.974282,0.966978
2009-05-29,0.974304,0.966978
2009-06-01,0.974361,0.966978
2009-06-02,0.974299,0.966978
2009-06-03,0.974199,0.966978
2009-06-04,0.974189,0.966978
2009-06-05,0.974129,0.966978
2009-06-08,0.974073,0.966978
2009-06-09,0.974101,0.966978
2009-06-10,0.974049,0.966978
2009-06-11,0.97418,0.966978
2009-06-12,0.974429,0.966978
2009-06-15,0.97459,0.966978
2009-06-16,0.974736,0.966978
2009-06-17,0.974771,0.966978
2009-06-18,0.974753,0.966978
2009-06-19,0.974735,0.966978
2009-06-22,0.974688,0.966978
2009-06-23,0.974654,0.966978
2009-06-24,0.974651,0.966978
2009-06-25,0.974623,0.966978
2009-06-26,0.974578,0.966978
2009-06-29,0.974471,0.966978
2009-06-30,0.974367,0.966978
2009-07-01,0.974222,0.966978
2009-07-02,0.974058,0.966978
2009-07-06,0.973908,0.966978
2009-07-07,0.973761,0.966978
2009-07-08,0.973666,0.966978
2009-07-09,0.973649,0.966978
2009-07-10,0.973513,0.966978
2009-07-13,0.973449,0.966978
2009-07-14,0.973398,0.966978
2009-07-15,0.973283,0.966978
2009-07-16,0.973212,0.966978
2009-07-17,0.973166,0.966978
2009-07-20,0.973139,0.966978
2009-07-21,0.973008,0.966978
2009-07-22,0.972898,0.966978
2009-07-23,0.97285,0.966978
2009-07-24,0.972793,0.966978
2009-07-27,0.972738,0.966978
2009-07-28,0.972719,0.966978
2009-07-29,0.9726,0.966978
2009-07-30,0.972643,0.966978
2009-07-31,0.972945,0.966978
2009-08-03,0.973321,0.966978
2009-08-04,0.973692,0.966978
2009-08-05,0.974042,0.966978
2009-08-06,0.974351,0.966978
2009-08-07,0.974712,0.966978
2009-08-10,0.975063,0.966978
2009-08-11,0.975318,0.966978
2009-08-12,0.975545,0.966978
2009-08-13,0.975785,0.966978
2009-08-14,0.976095,0.966978
2009-08-17,0.976426,0.966978
2009-08-18,0.976799,0.966978
2009-08-19,0.97713,0.966978
2009-08-20,0.977437,0.966978
2009-08-21,0.977713,0.966978
2009-08-24,0.977942,0.966978
2009-08-25,0.978225,0.966978
2009-08-26,0.97847,0.966978
2009-08-27,0.978757,0.966978
2009-08-28,0.979083,0.966978
2009-08-31,0.979425,0.966978
2009-09-01,0.979665,0.966978
2009-09-02,0.97987,0.966978
2009-09-03,0.980096,0.966978
2009-09-04,0.980282,0.966978
2009-09-08,0.980474,0.966978
2009-09-09,0.980659,0.966978
2009-09-10,0.980956,0.966978
2009-09-11,0.981239,0.966978
2009-09-14,0.981546,0.966978
2009-09-15,0.981975,0.966978
2009-09-16,0.982387,0.966978
2009-09-17,0.982788,0.966978
2009-09-18,0.983239,0.966978
2009-09-21,0.983656,0.966978
2009-09-22,0.984097,0.966978
2009-09-23,0.984475,0.966978
2009-09-24,0.98477,0.966978
2009-09-25,0.985077,0.966978
2009-09-28,0.985393,0.966978
2009-09-29,0.985667,0.966978
2009-09-30,0.98593,0.966978
2009-10-01,0.986152,0.966978
2009-10-02,0.986369,0.966978
2009-10-05,0.98661,0.966978
2009-10-06,0.986855,0.966978
2009-10-07,0.987084,0.966978
2009-10-08,0.987373,0.966978
2009-10-09,0.987783,0.966978
2009-10-12,0.988183,0.966978
2009-10-13,0.988602,0.966978
2009-10-14,0.98898,0.966978
2009-10-15,0.989358,0.966978
2009-10-16,0.989716,0.966978
2009-10-19,0.990099,0.966978
2009-10-20,0.990469,0.966978
2009-10-21,0.990787,0.966978
2009-10-22,0.991,0.966978
2009-10-23,0.991238,0.966978
2009-10-26,0.991367,0.966978
2009-10-27,0.991428,0.966978
2009-10-28,0.991531,0.966978
2009-10-29,0.991848,0.966978
2009-10-30,0.992263,0.966978
2009-11-02,0.99262,0.966978
2009-11-03,0.993021,0.966978
2009-11-04,0.993414,0.966978
2009-11-05,0.993761,0.966978
2009-11-06,0.99412,0.966978
2009-11-09,0.994401,0.966978
2009-11-10,0.994777,0.966978
2009-11-11,0.995124,0.966978
2009-11-12,0.995458,0.966978
2009-11-13,0.995772,0.966978
2009-11-16,0.995998,0.966978
2009-11-17,0.996171,0.966978
2009-11-18,0.996322,0.966978
2009-11-19,0.996364,0.966978
2009-11-20,0.996373,0.966978
2009-11-23,0.996448,0.966978
2009-11-24,0.996523,0.966978
2009-11-25,0.996605,0.966978
2009-11-27,0.996705,0.966978
2009-11-30,0.996765,0.966978
2009-12-01,0.996824,0.966978
2009-12-02,0.996874,0.966978
2009-12-03,0.996928,0.966978
2009-12-04,0.997078,0.966978
2009-12-07,0.997289,0.966978
2009-12-08,0.997432,0.966978
2009-12-09,0.997623,0.966978
2009-12-10,0.997893,0.966978
2009-12-11,0.998141,0.966978
2009-12-14,0.998697,0.966978
2009-12-15,0.99931,0.966978
2009-12-16,1.00005,0.966978
2009-12-17,1.00067,0.966978
2009-12-18,1.00129,0.966978
2009-12-21,1.00192,0.966978
2009-12-22,1.00252,0.966978
2009-12-23,1.0031,0.966978
2009-12-24,1.00365,0.966978
2009-12-28,1.00417,0.966978
2009-12-29,1.00464,0.966978
2009-12-30,1.00515,0.966978
2009-12-31,1.00565,0.966978
2010-01-04,1.00624,0.966978
2010-01-05,1.00684,0.966978
2010-01-06,1.00735,0.966978
2010-01-07,1.00784,0.966978
2010-01-08,1.00836,0.966978
2010-01-11,1.00892,0.966978
2010-01-12,1.00946,0.966978
2010-01-13,1.00995,0.966978
2010-01-14,1.0104,0.966978
2010-01-15,1.01086,0.966978
2010-01-19,1.01135,0.966978
2010-01-20,1.0118,0.966978
2010-01-21,1.0122,0.966978
2010-01-22,1.01248,0.966978
2010-01-25,1.01278,0.966978
2010-01-26,1.01302,0.966978
2010-01-27,1.01324,0.966978
2010-01-28,1.01349,0.966978
2010-01-29,1.01366,0.966978
2010-02-01,1.01377,0.966978
2010-02-02,1.01388,0.966978
2010-02-03,1.01389,0.966978
2010-02-04,1.01392,0.966978
2010-02-05,1.01392,0.966978
2010-02-08,1.01381,0.966978
2010-02-09,1.01372,0.966978
2010-02-10,1.01361,0.966978
2010-02-11,1.01358,0.966978
2010-02-12,1.01359,0.966978
2010-02-16,1.01365,0.966978
2010-02-17,1.01376,0.966978
2010-02-18,1.01392,0.966978
2010-02-19,1.01415,0.966978
2010-02-22,1.0143,0.966978
2010-02-23,1.0144,0.966978
2010-02-24,1.01445,0.966978
2010-02-25,1.01453,0.966978
2010-02-26,1.01464,0.966978
2010-03-01,1.01476,0.966978
2010-03-02,1.01493,0.966978
2010-03-03,1.01507,0.966978
2010-03-04,1.01521,0.966978
2010-03-05,1.01534,0.966978
2010-03-08,1.01551,0.966978
2010-03-09,1.0156,0.966978
2010-03-10,1.01558,0.966978
2010-03-11,1.01557,0.966978
2010-03-12,1.01559,0.966978
2010-03-15,1.01565,0.966978
2010-03-16,1.01572,0.966978
2010-03-17,1.01576,0.966978
2010-03-18,1.01581,0.966978
2010-03-19,1.01593,0.966978
2010-03-22,1.016,0.966978
2010-03-23,1.0161,0.966978
2010-03-24,1.01616,0.966978
2010-03-25,1.01623,0.966978
2010-03-26,1.01634,0.966978
2010-03-29,1.01644,0.966978
2010-03-30,1.01658,0.966978
2010-03-31,1.01678,0.966978
2010-04-01,1.01699,0.966978
2010-04-05,1.01723,0.966978
2010-04-06,1.01752,0.966978
2010-04-07,1.01782,0.966978
2010-04-08,1.01807,0.966978
2010-04-09,1.0184,0.966978
2010-04-12,1.01883,0.966978
2010-04-13,1.01923,0.966978
2010-04-14,1.01966,0.966978
2010-04-15,1.02023,0.966978
2010-04-16,1.02074,0.966978
2010-04-19,1.02125,0.966978
2010-04-20,1.02172,0.966978
2010-04-21,1.02218,0.966978
2010-04-22,1.02259,0.966978
2010-04-23,1.02306,0.966978
2010-04-26,1.0235,0.966978
2010-04-27,1.0238,0.966978
2010-04-28,1.02402,0.966978
2010-04-29,1.02448,0.966978
2010-04-30,1.02494,0.966978
2010-05-03,1.02553,0.966978
2010-05-04,1.02606,0.966978
2010-05-05,1.02655,0.966978
2010-05-06,1.027,0.966978
2010-05-07,1.02746,0.966978
2010-05-10,1.028,0.966978
2010-05-11,1.02855,0.966978
2010-05-12,1.02906,0.966978
2010-05-13,1.02945,0.966978
2010-05-14,1.02987,0.966978
2010-05-17,1.03039,0.966978
2010-05-18,1.03087,0.966978
2010-05-19,1.03134,0.966978
2010-05-20,1.03177,0.966978
2010-05-21,1.0322,0.966978
2010-05-24,1.0326,0.966978
2010-05-25,1.03296,0.966978
2010-05-26,1.03325,0.966978
2010-05-27,1.03355,0.966978
2010-05-28,1.03392,0.966978
2010-06-01,1.03428,0.966978
2010-06-02,1.03462,0.966978
2010-06-03,1.03481,0.966978
2010-06-04,1.03498,0.966978
2010-06-07,1.03519,0.966978
2010-06-08,1.03507,0.966978
2010-06-09,1.0351,0.966978
2010-06-10,1.03526,0.966978
2010-06-11,1.03541,0.966978
2010-06-14,1.03564,0.966978
2010-06-15,1.03581,0.966978
2010-06-16,1.03595,0.966978
2010-06-17,1.03612,0.966978
2010-06-18,1.03623,0.966978
2010-06-21,1.03636,0.966978
2010-06-22,1.03646,0.966978
2010-06-23,1.03647,0.966978
2010-06-24,1.03646,0.966978
2010-06-25,1.0365,0.966978
2010-06-28,1.03662,0.966978
2010-06-29,1.03672,0.966978
2010-06-30,1.03679,0.966978
2010-07-01,1.03688,0.966978
2010-07-02,1.03695,0.966978
2010-07-06,1.03692,0.966978
2010-07-07,1.03697,0.966978
2010-07-08,1.03708,0.966978
2010-07-09,1.03737,0.966978
2010-07-12,1.03762,0.966978
2010-07-13,1.03796,0.966978
2010-07-14,1.03829,0.966978
2010-07-15,1.0386,0.966978
2010-07-16,1.03892,0.966978
2010-07-19,1.03923,0.966978
2010-07-20,1.03957,0.966978
2010-07-21,1.03991,0.966978
2010-07-22,1.04021,0.966978
2010-07-23,1.04046,0.966978
2010-07-26,1.04073,0.966978
2010-07-27,1.04101,0.966978
2010-07-28,1.04129,0.966978
2010-07-29,1.04171,0.966978
2010-07-30,1.04223,0.966978
2010-08-02,1.04258,0.966978
2010-08-03,1.0429,0.966978
2010-08-04,1.04325,0.966978
2010-08-05,1.0436,0.966978
2010-08-06,1.04401,0.966978
2010-08-09,1.0444,0.966978
2010-08-10,1.04482,0.966978
2010-08-11,1.04518,0.966978
2010-08-12,1.04554,0.966978
2010-08-13,1.04598,0.966978
2010-08-16,1.04644,0.966978
2010-08-17,1.04684,0.966978
2010-08-18,1.04724,0.966978
2010-08-19,1.04763,0.966978
2010-08-20,1.04797,0.966978
2010-08-23,1.04821,0.966978
2010-08-24,1.04839,0.966978
2010-08-25,1.04859,0.966978
2010-08-26,1.04877,0.966978
2010-08-27,1.04893,0.966978
2010-08-30,1.04908,0.966978
2010-08-31,1.04923,0.966978
2010-09-01,1.04942,0.966978
2010-09-02,1.04966,0.966978
2010-09-03,1.04991,0.966978
2010-09-07,1.05017,0.966978
2010-09-08,1.0504,0.966978
2010-09-09,1.0506,0.966978
2010-09-10,1.05094,0.966978
2010-09-13,1.05133,0.966978
2010-09-14,1.05175,0.966978
2010-09-15,1.05212,0.966978
2010-09-16,1.05246,0.966978
2010-09-17,1.05276,0.966978
2010-09-20,1.05309,0.966978
2010-09-21,1.0534,0.966978
2010-09-22,1.05365,0.966978
2010-09-23,1.05387,0.966978
2010-09-24,1.05416,0.966978
2010-09-27,1.05445,0.966978
2010-09-28,1.05476,0.966978
2010-09-29,1.05517,0.966978
2010-09-30,1.05552,0.966978
2010-10-01,1.05584,0.966978
2010-10-04,1.05614,0.966978
2010-10-05,1.05649,0.966978
2010-10-06,1.05678,0.966978
2010-10-07,1.05704,0.966978
2010-10-08,1.05726,0.966978
2010-10-11,1.05742,0.966978
2010-10-12,1.05758,0.966978
2010-10-13,1.05766,0.966978
2010-10-14,1.05772,0.966978
2010-10-15,1.05777,0.966978
2010-10-18,1.05776,0.966978
2010-10-19,1.05773,0.966978
2010-10-20,1.05771,0.966978
2010-10-21,1.05767,0.966978
2010-10-22,1.05765,0.966978
2010-10-25,1.05769,0.966978
2010-10-26,1.05772,0.966978
2010-10-27,1.05777,0.966978
2010-10-28,1.05776,0.966978
2010-10-29,1.05752,0.966978
2010-11-01,1.05711,0.966978
2010-11-02,1.05666,0.966978
2010-11-03,1.05626,0.966978
2010-11-04,1.05594,0.966978
2010-11-05,1.05553,0.966978
2010-11-08,1.05508,0.966978
2010-11-09,1.05441,0.966978
2010-11-10,1.05386,0.966978
2010-11-11,1.05334,0.966978
2010-11-12,1.05287,0.966978
2010-11-15,1.05243,0.966978
2010-11-16,1.05203,0.966978
2010-11-17,1.05164,0.966978
2010-11-18,1.05123,0.966978
2010-11-19,1.05081,0.966978
2010-11-22,1.0504,0.966978
2010-11-23,1.04999,0.966978
2010-11-24,1.04959,0.966978
2010-11-26,1.0492,0.966978
2010-11-29,1.04876,0.966978
2010-11-30,1.04824,0.966978
2010-12-01,1.04769,0.966978
2010-12-02,1.04732,0.966978
2010-12-03,1.04704,0.966978
2010-12-06,1.04677,0.966978
2010-12-07,1.04661,0.966978
2010-12-08,1.0464,0.966978
2010-12-09,1.04623,0.966978
2010-12-10,1.04608,0.966978
2010-12-13,1.04604,0.966978
2010-12-14,1.04603,0.966978
2010-12-15,1.04602,0.966978
2010-12-16,1.04607,0.966978
2010-12-17,1.04606,0.966978
2010-12-20,1.04609,0.966978
2010-12-21,1.04609,0.966978
2010-12-22,1.04614,0.966978
2010-12-23,1.04622,0.966978
2010-12-27,1.04627,0.966978
2010-12-28,1.04636,0.966978
2010-12-29,1.04648,0.966978
2010-12-30,1.04661,0.966978
2010-12-31,1.04674,0.966978
2011-01-03,1.04675,0.966978
2011-01-04,1.04669,0.966978
2011-01-05,1.04664,0.966978
2011-01-06,1.04646,0.966978
2011-01-07,1.04629,0.966978
2011-01-10,1.0461,0.966978
2011-01-11,1.04599,0.966978
2011-01-12,1.04583,0.966978
2011-01-13,1.04564,0.966978
2011-01-14,1.04538,0.966978
2011-01-18,1.04507,0.966978
2011-01-19,1.0448,0.966978
2011-01-20,1.04457,0.966978
2011-01-21,1.0443,0.966978
2011-01-24,1.04411,0.966978
2011-01-25,1.04392,0.966978
2011-01-26,1.04368,0.966978
2011-01-27,1.04343,0.966978
2011-01-28,1.04316,0.966978
2011-01-31,1.04285,0.966978
2011-02-01,1.04231,0.966978
2011-02-02,1.04186,0.966978
2011-02-03,1.04151,0.966978
2011-02-04,1.04116,0.966978
2011-02-07,1.04081,0.966978
2011-02-08,1.04053,0.966978
2011-02-09,1.04017,0.966978
2011-02-10,1.0398,0.966978
2011-02-11,1.03945,0.966978
2011-02-14,1.039,0.966978
2011-02-15,1.03873,0.966978
2011-02-16,1.03841,0.966978
2011-02-17,1.03813,0.966978
2011-02-18,1.03793,0.966978
2011-02-22,1.03777,0.966978
2011-02-23,1.03762,0.966978
2011-02-24,1.03756,0.966978
2011-02-25,1.03758,0.966978
2011-02-28,1.03772,0.966978
2011-03-01,1.03786,0.966978
2011-03-02,1.03801,0.966978
2011-03-03,1.03814,0.966978
2011-03-04,1.03831,0.966978
2011-03-07,1.03844,0.966978
2011-03-08,1.03865,0.966978
2011-03-09,1.03874,0.966978
2011-03-10,1.03889,0.966978
2011-03-11,1.03902,0.966978
2011-03-14,1.0392,0.966978
2011-03-15,1.03951,0.966978
2011-03-16,1.03989,0.966978
2011-03-17,1.04029,0.966978
2011-03-18,1.04076,0.966978
2011-03-21,1.04119,0.966978
2011-03-22,1.04165,0.966978
2011-03-23,1.0421,0.966978
2011-03-24,1.04252,0.966978
2011-03-25,1.04294,0.966978
2011-03-28,1.04331,0.966978
2011-03-29,1.04379,0.966978
2011-03-30,1.04418,0.966978
2011-03-31,1.04455,0.966978
2011-04-01,1.04491,0.966978
2011-04-04,1.04524,0.966978
2011-04-05,1.04558,0.966978
2011-04-06,1.04589,0.966978
2011-04-07,1.04615,0.966978
2011-04-08,1.04643,0.966978
2011-04-11,1.04664,0.966978
2011-04-12,1.04676,0.966978
2011-04-13,1.04685,0.966978
2011-04-14,1.047,0.966978
2011-04-15,1.04716,0.966978
2011-04-18,1.0473,0.966978
2011-04-19,1.04743,0.966978
2011-04-20,1.04756,0.966978
2011-04-21,1.04763,0.966978
2011-04-25,1.04766,0.966978
2011-04-26,1.04767,0.966978
2011-04-27,1.04766,0.966978
2011-04-28,1.04768,0.966978
2011-04-29,1.04769,0.966978
2011-05-02,1.0477,0.966978
2011-05-03,1.04769,0.966978
2011-05-04,1.04765,0.966978
2011-05-05,1.04767,0.966978
2011-05-06,1.0477,0.966978
2011-05-09,1.04778,0.966978
2011-05-10,1.04786,0.966978
2011-05-11,1.04796,0.966978
2011-05-12,1.0481,0.966978
2011-05-13,1.04822,0.966978
2011-05-16,1.04835,0.966978
2011-05-17,1.04842,0.966978
2011-05-18,1.04855,0.966978
2011-05-19,1.04869,0.966978
2011-05-20,1.0488,0.966978
2011-05-23,1.04891,0.966978
2011-05-24,1.04902,0.966978
2011-05-25,1.04913,0.966978
2011-05-26,1.0492,0.966978
2011-05-27,1.04924,0.966978
2011-05-31,1.04932,0.966978
2011-06-01,1.04935,0.966978
2011-06-02,1.04935,0.966978
2011-06-03,1.04935,0.966978
2011-06-06,1.04934,0.966978
2011-06-07,1.04934,0.966978
2011-06-08,1.0493,0.966978
2011-06-09,1.04932,0.966978
2011-06-10,1.04936,0.966978
2011-06-13,1.04941,0.966978
2011-06-14,1.04946,0.966978
2011-06-15,1.04952,0.966978
2011-06-16,1.0496,0.966978
2011-06-17,1.04968,0.966978
2011-06-20,1.04974,0.966978
2011-06-21,1.04985,0.966978
2011-06-22,1.04999,0.966978
2011-06-23,1.05013,0.966978
2011-06-24,1.05034,0.966978
2011-06-27,1.0505,0.966978
2011-06-28,1.05058,0.966978
2011-06-29,1.05067,0.966978
2011-06-30,1.05076,0.966978
2011-07-01,1.05088,0.966978
2011-07-05,1.05113,0.966978
2011-07-06,1.05137,0.966978
2011-07-07,1.05164,0.966978
2011-07-08,1.05183,0.966978
2011-07-11,1.05196,0.966978
2011-07-12,1.05208,0.966978
2011-07-13,1.05219,0.966978
2011-07-14,1.05228,0.966978
2011-07-15,1.05242,0.966978
2011-07-18,1.05259,0.966978
2011-07-19,1.05275,0.966978
2011-07-20,1.05291,0.966978
2011-07-21,1.05307,0.966978
2011-07-22,1.05316,0.966978
2011-07-25,1.05325,0.966978
2011-07-26,1.05332,0.966978
2011-07-27,1.05334,0.966978
2011-07-28,1.05351,0.966978
2011-07-29,1.05378,0.966978
2011-08-01,1.05418,0.966978
2011-08-02,1.0546,0.966978
2011-08-03,1.05497,0.966978
2011-08-04,1.05527,0.966978
2011-08-05,1.05552,0.966978
2011-08-08,1.05566,0.966978
2011-08-09,1.05591,0.966978
2011-08-10,1.05629,0.966978
2011-08-11,1.05653,0.966978
2011-08-12,1.05687,0.966978
2011-08-15,1.0572,0.966978
2011-08-16,1.05753,0.966978
2011-08-17,1.05781,0.966978
2011-08-18,1.05807,0.966978
2011-08-19,1.05848,0.966978
2011-08-22,1.05882,0.966978
2011-08-23,1.05908,0.966978
2011-08-24,1.05938,0.966978
2011-08-25,1.05973,0.966978
2011-08-26,1.06005,0.966978
2011-08-29,1.06034,0.966978
2011-08-30,1.06062,0.966978
2011-08-31,1.06091,0.966978
2011-09-01,1.06123,0.966978
2011-09-02,1.06153,0.966978
2011-09-06,1.06186,0.966978
2011-09-07,1.0622,0.966978
2011-09-08,1.06256,0.966978
2011-09-09,1.06284,0.966978
2011-09-12,1.06308,0.966978
2011-09-13,1.06333,0.966978
2011-09-14,1.06358,0.966978
2011-09-15,1.06381,0.966978
2011-09-16,1.06401,0.966978
2011-09-19,1.06422,0.966978
2011-09-20,1.06431,0.966978
2011-09-21,1.06434,0.966978
2011-09-22,1.06434,0.966978
2011-09-23,1.06431,0.966978
2011-09-26,1.06412,0.966978
2011-09-27,1.06397,0.966978
2011-09-28,1.06376,0.966978
2011-09-29,1.06358,0.966978
2011-09-30,1.06339,0.966978
2011-10-03,1.06314,0.966978
2011-10-04,1.06284,0.966978
2011-10-05,1.06271,0.966978
2011-10-06,1.06257,0.966978
2011-10-07,1.06247,0.966978
2011-10-10,1.06238,0.966978
2011-10-11,1.06223,0.966978
2011-10-12,1.062,0.966978
2011-10-13,1.06188,0.966978
2011-10-14,1.06178,0.966978
2011-10-17,1.0616,0.966978
2011-10-18,1.06164,0.966978
2011-10-19,1.06166,0.966978
2011-10-20,1.06175,0.966978
2011-10-21,1.06185,0.966978
2011-10-24,1.062,0.966978
2011-10-25,1.06209,0.966978
2011-10-26,1.06217,0.966978
2011-10-27,1.06234,0.966978
2011-10-28,1.0626,0.966978
2011-10-31,1.06286,0.966978
2011-11-01,1.06313,0.966978
2011-11-02,1.06342,0.966978
2011-11-03,1.06366,0.966978
2011-11-04,1.06395,0.966978
2011-11-07,1.06425,0.966978
2011-11-08,1.06452,0.966978
2011-11-09,1.06469,0.966978
2011-11-10,1.0648,0.966978
2011-11-11,1.06491,0.966978
2011-11-14,1.06504,0.966978
2011-11-15,1.06491,0.966978
2011-11-16,1.06476,0.966978
2011-11-17,1.06459,0.966978
2011-11-18,1.06422,0.966978
2011-11-21,1.06378,0.966978
2011-11-22,1.06353,0.966978
2011-11-23,1.06323,0.966978
2011-11-25,1.06289,0.966978
2011-11-28,1.06263,0.966978
2011-11-29,1.0624,0.966978
2011-11-30,1.06223,0.966978
2011-12-01,1.06206,0.966978
2011-12-02,1.06188,0.966978
2011-12-05,1.06173,0.966978
2011-12-06,1.06167,0.966978
2011-12-07,1.06159,0.966978
2011-12-08,1.06147,0.966978
2011-12-09,1.06135,0.966978
2011-12-12,1.06128,0.966978
2011-12-13,1.0612,0.966978
2011-12-14,1.06099,0.966978
2011-12-15,1.06065,0.966978
2011-12-16,1.06041,0.966978
2011-12-19,1.06015,0.966978
2011-12-20,1.05995,0.966978
2011-12-21,1.05978,0.966978
2011-12-22,1.05955,0.966978
2011-12-23,1.05933,0.966978
2011-12-27,1.05915,0.966978
2011-12-28,1.05893,0.966978
2011-12-29,1.05873,0.966978
2011-12-30,1.0585,0.966978
2012-01-03,1.05846,0.966978
2012-01-04,1.0584,0.966978
2012-01-05,1.05829,0.966978
2012-01-06,1.05819,0.966978
2012-01-09,1.05815,0.966978
2012-01-10,1.05805,0.966978
2012-01-11,1.05792,0.966978
2012-01-12,1.0576,0.966978
2012-01-13,1.05737,0.966978
2012-01-17,1.05711,0.966978
2012-01-18,1.05679,0.966978
2012-01-19,1.05643,0.966978
2012-01-20,1.05602,0.966978
2012-01-23,1.05564,0.966978
2012-01-24,1.05529,0.966978
2012-01-25,1.05502,0.966978
2012-01-26,1.05472,0.966978
2012-01-27,1.05431,0.966978
2012-01-30,1.0539,0.966978
2012-01-31,1.05368,0.966978
2012-02-01,1.05341,0.966978
2012-02-02,1.05327,0.966978
2012-02-03,1.05313,0.966978
2012-02-06,1.053,0.966978
2012-02-07,1.05283,0.966978
2012-02-08,1.05272,0.966978
2012-02-09,1.05263,0.966978
2012-02-10,1.05256,0.966978
2012-02-13,1.05253,0.966978
2012-02-14,1.05247,0.966978
2012-02-15,1.05242,0.966978
2012-02-16,1.05236,0.966978
2012-02-17,1.05229,0.966978
2012-02-21,1.05226,0.966978
2012-02-22,1.05212,0.966978
2012-02-23,1.05205,0.966978
2012-02-24,1.052,0.966978
2012-02-27,1.05201,0.966978
2012-02-28,1.05202,0.966978
2012-02-29,1.05207,0.966978
2012-03-01,1.05212,0.966978
2012-03-02,1.05222,0.966978
2012-03-05,1.05222,0.966978
2012-03-06,1.0523,0.966978
2012-03-07,1.05243,0.966978
2012-03-08,1.05271,0.966978
2012-03-09,1.053,0.966978
2012-03-12,1.05317,0.966978
2012-03-13,1.0533,0.966978
2012-03-14,1.05348,0.966978
2012-03-15,1.05359,0.966978
2012-03-16,1.05367,0.966978
2012-03-19,1.05373,0.966978
2012-03-20,1.05371,0.966978
2012-03-21,1.05365,0.966978
2012-03-22,1.05346,0.966978
2012-03-23,1.05334,0.966978
2012-03-26,1.05318,0.966978
2012-03-27,1.05301,0.966978
2012-03-28,1.05283,0.966978
2012-03-29,1.05271,0.966978
2012-03-30,1.05255,0.966978
2012-04-02,1.05245,0.966978
2012-04-03,1.0524,0.966978
2012-04-04,1.05231,0.966978
2012-04-05,1.05217,0.966978
2012-04-09,1.05203,0.966978
2012-04-10,1.05191,0.966978
2012-04-11,1.0517,0.966978
2012-04-12,1.05154,0.966978
2012-04-13,1.05129,0.966978
2012-04-16,1.05101,0.966978
2012-04-17,1.05075,0.966978
2012-04-18,1.05045,0.966978
2012-04-19,1.05014,0.966978
2012-04-20,1.04984,0.966978
2012-04-23,1.0495,0.966978
2012-04-24,1.04915,0.966978
2012-04-25,1.04883,0.966978
2012-04-26,1.0488,0.966978
2012-04-27,1.04876,0.966978
2012-04-30,1.04873,0.966978
2012-05-01,1.04876,0.966978
2012-05-02,1.04877,0.966978
2012-05-03,1.04877,0.966978
2012-05-04,1.04869,0.966978
2012-05-07,1.04858,0.966978
2012-05-08,1.0485,0.966978
2012-05-09,1.0484,0.966978
2012-05-10,1.04843,0.966978
2012-05-11,1.04837,0.966978
2012-05-14,1.04836,0.966978
2012-05-15,1.04829,0.966978
2012-05-16,1.0482,0.966978
2012-05-17,1.04814,0.966978
2012-05-18,1.04799,0.966978
2012-05-21,1.04788,0.966978
2012-05-22,1.04776,0.966978
2012-05-23,1.0476,0.966978
2012-05-24,1.04748,0.966978
2012-05-25,1.04731,0.966978
2012-05-29,1.04729,0.966978
2012-05-30,1.04728,0.966978
2012-05-31,1.04746,0.966978
2012-06-01,1.04754,0.966978
2012-06-04,1.04765,0.966978
2012-06-05,1.04777,0.966978
2012-06-06,1.04789,0.966978
2012-06-07,1.048,0.966978
2012-06-08,1.04812,0.966978
2012-06-11,1.04822,0.966978
2012-06-12,1.04829,0.966978
2012-06-13,1.04836,0.966978
2012-06-14,1.04843,0.966978
2012-06-15,1.04857,0.966978
2012-06-18,1.04864,0.966978
2012-06-19,1.04862,0.966978
2012-06-20,1.04851,0.966978
2012-06-21,1.04841,0.966978
2012-06-22,1.04835,0.966978
2012-06-25,1.04826,0.966978
2012-06-26,1.04822,0.966978
2012-06-27,1.04822,0.966978
2012-06-28,1.04831,0.966978
2012-06-29,1.0483,0.966978
2012-07-02,1.04835,0.966978
2012-07-03,1.04841,0.966978
2012-07-05,1.04844,0.966978
2012-07-06,1.04848,0.966978
2012-07-09,1.04858,0.966978
2012-07-10,1.04869,0.966978
2012-07-11,1.04874,0.966978
2012-07-12,1.04883,0.966978
2012-07-13,1.04886,0.966978
2012-07-16,1.04899,0.966978
2012-07-17,1.0491,0.966978
2012-07-18,1.04918,0.966978
2012-07-19,1.04935,0.966978
2012-07-20,1.04956,0.966978
2012-07-23,1.04974,0.966978
2012-07-24,1.04985,0.966978
2012-07-25,1.04987,0.966978
2012-07-26,1.04994,0.966978
2012-07-27,1.04998,0.966978
2012-07-30,1.05005,0.966978
2012-07-31,1.05017,0.966978
2012-08-01,1.05036,0.966978
2012-08-02,1.05055,0.966978
2012-08-03,1.0507,0.966978
2012-08-06,1.05088,0.966978
2012-08-07,1.05105,0.966978
2012-08-08,1.05119,0.966978
2012-08-09,1.05132,0.966978
2012-08-10,1.05148,0.966978
2012-08-13,1.05165,0.966978
2012-08-14,1.05181,0.966978
2012-08-15,1.052,0.966978
2012-08-16,1.05217,0.966978
2012-08-17,1.05231,0.966978
2012-08-20,1.05248,0.966978
2012-08-21,1.05266,0.966978
2012-08-22,1.05281,0.966978
2012-08-23,1.05294,0.966978
2012-08-24,1.05304,0.966978
2012-08-27,1.05315,0.966978
2012-08-28,1.05327,0.966978
2012-08-29,1.05335,0.966978
2012-08-30,1.05345,0.966978
2012-08-31,1.05362,0.966978
2012-09-04,1.05373,0.966978
2012-09-05,1.05379,0.966978
2012-09-06,1.05384,0.966978
2012-09-07,1.05387,0.966978
2012-09-10,1.05395,0.966978
2012-09-11,1.05402,0.966978
2012-09-12,1.05412,0.966978
2012-09-13,1.0542,0.966978
2012-09-14,1.05422,0.966978
2012-09-17,1.05428,0.966978
2012-09-18,1.05435,0.966978
2012-09-19,1.05449,0.966978
2012-09-20,1.05462,0.966978
2012-09-21,1.05471,0.966978
2012-09-24,1.0548,0.966978
2012-09-25,1.05484,0.966978
2012-09-26,1.05488,0.966978
2012-09-27,1.05492,0.966978
2012-09-28,1.05496,0.966978
2012-10-01,1.055,0.966978
2012-10-02,1.05511,0.966978
2012-10-03,1.05508,0.966978
2012-10-04,1.05508,0.966978
2012-10-05,1.05506,0.966978
2012-10-08,1.05505,0.966978
2012-10-09,1.05507,0.966978
2012-10-10,1.05483,0.966978
2012-10-11,1.05464,0.966978
2012-10-12,1.05438,0.966978
2012-10-15,1.05415,0.966978
2012-10-16,1.05393,0.966978
2012-10-17,1.05371,0.966978
2012-10-18,1.05344,0.966978
2012-10-19,1.05322,0.966978
2012-10-22,1.05295,0.966978
2012-10-23,1.05264,0.966978
2012-10-24,1.05239,0.966978
2012-10-25,1.05219,0.966978
2012-10-26,1.05199,0.966978
2012-10-31,1.05167,0.966978
2012-11-01,1.05142,0.966978
2012-11-02,1.05107,0.966978
2012-11-05,1.05075,0.966978
2012-11-06,1.05044,0.966978
2012-11-07,1.05021,0.966978
2012-11-08,1.04997,0.966978
2012-11-09,1.04972,0.966978
2012-11-12,1.04947,0.966978
2012-11-13,1.04927,0.966978
2012-11-14,1.04896,0.966978
2012-11-15,1.04858,0.966978
2012-11-16,1.04824,0.966978
2012-11-19,1.04795,0.966978
2012-11-20,1.04762,0.966978
2012-11-21,1.0473,0.966978
2012-11-23,1.04699,0.966978
2012-11-26,1.0467,0.966978
2012-11-27,1.04641,0.966978
2012-11-28,1.04624,0.966978
2012-11-29,1.04609,0.966978
2012-11-30,1.04593,0.966978
2012-12-03,1.04575,0.966978
2012-12-04,1.04556,0.966978
2012-12-05,1.04542,0.966978
2012-12-06,1.04536,0.966978
2012-12-07,1.04529,0.966978
2012-12-10,1.04523,0.966978
2012-12-11,1.04518,0.966978
2012-12-12,1.04512,0.966978
2012-12-13,1.04513,0.966978
2012-12-14,1.04518,0.966978
2012-12-17,1.04522,0.966978
2012-12-18,1.0453,0.966978
2012-12-19,1.04547,0.966978
2012-12-20,1.04563,0.966978
2012-12-21,1.0459,0.966978
2012-12-24,1.04611,0.966978
2012-12-26,1.04628,0.966978
2012-12-27,1.04647,0.966978
2012-12-28,1.04668,0.966978
2012-12-31,1.04686,0.966978
2013-01-02,1.04699,0.966978
2013-01-03,1.0471,0.966978
2013-01-04,1.0472,0.966978
2013-01-07,1.04735,0.966978
2013-01-08,1.0474,0.966978
2013-01-09,1.04751,0.966978
2013-01-10,1.04759,0.966978
2013-01-11,1.04771,0.966978
2013-01-14,1.04791,0.966978
2013-01-15,1.04816,0.966978
2013-01-16,1.04844,0.966978
2013-01-17,1.0487,0.966978
2013-01-18,1.04893,0.966978
2013-01-22,1.04919,0.966978
2013-01-23,1.0494,0.966978
2013-01-24,1.04957,0.966978
2013-01-25,1.04975,0.966978
2013-01-28,1.04997,0.966978
2013-01-29,1.05021,0.966978
2013-01-30,1.05049,0.966978
2013-01-31,1.05073,0.966978
2013-02-01,1.05106,0.966978
2013-02-04,1.05137,0.966978
2013-02-05,1.05165,0.966978
2013-02-06,1.05193,0.966978
2013-02-07,1.05223,0.966978
2013-02-08,1.05253,0.966978
2013-02-11,1.05286,0.966978
2013-02-12,1.05321,0.966978
2013-02-13,1.05353,0.966978
2013-02-14,1.05387,0.966978
2013-02-15,1.05416,0.966978
2013-02-19,1.05441,0.966978
2013-02-20,1.05461,0.966978
2013-02-21,1.05485,0.966978
2013-02-22,1.0551,0.966978
2013-02-25,1.0553,0.966978
2013-02-26,1.05553,0.966978
2013-02-27,1.05576,0.966978
2013-02-28,1.05603,0.966978
2013-03-01,1.05627,0.966978
2013-03-04,1.05661,0.966978
2013-03-05,1.05689,0.966978
2013-03-06,1.05721,0.966978
2013-03-07,1.05761,0.966978
2013-03-08,1.05797,0.966978
2013-03-11,1.05832,0.966978
2013-03-12,1.05861,0.966978
2013-03-13,1.0589,0.966978
2013-03-14,1.05923,0.966978
2013-03-15,1.05958,0.966978
2013-03-18,1.05994,0.966978
2013-03-19,1.06032,0.966978
2013-03-20,1.06075,0.966978
2013-03-21,1.06122,0.966978
2013-03-22,1.06161,0.966978
2013-03-25,1.06195,0.966978
2013-03-26,1.06222,0.966978
2013-03-27,1.06238,0.966978
2013-03-28,1.06248,0.966978
2013-04-01,1.06257,0.966978
2013-04-02,1.06264,0.966978
2013-04-03,1.06268,0.966978
2013-04-04,1.06275,0.966978
2013-04-05,1.06286,0.966978
2013-04-08,1.06302,0.966978
2013-04-09,1.06323,0.966978
2013-04-10,1.06351,0.966978
2013-04-11,1.06381,0.966978
2013-04-12,1.06406,0.966978
2013-04-15,1.06432,0.966978
2013-04-16,1.06458,0.966978
2013-04-17,1.06473,0.966978
2013-04-18,1.06488,0.966978
2013-04-19,1.06496,0.966978
2013-04-22,1.06502,0.966978
2013-04-23,1.06502,0.966978
2013-04-24,1.06506,0.966978
2013-04-25,1.06526,0.966978
2013-04-26,1.06557,0.966978
2013-04-29,1.06593,0.966978
2013-04-30,1.06626,0.966978
2013-05-01,1.0666,0.966978
2013-05-02,1.06694,0.966978
2013-05-03,1.06723,0.966978
2013-05-06,1.06743,0.966978
2013-05-07,1.06756,0.966978
2013-05-08,1.06765,0.966978
2013-05-09,1.06776,0.966978
2013-05-10,1.06793,0.966978
2013-05-13,1.06807,0.966978
2013-05-14,1.06825,0.966978
2013-05-15,1.06834,0.966978
2013-05-16,1.06847,0.966978
2013-05-17,1.06853,0.966978
2013-05-20,1.06861,0.966978
2013-05-21,1.06874,0.966978
2013-05-22,1.06885,0.966978
2013-05-23,1.06903,0.966978
2013-05-24,1.06924,0.966978
2013-05-28,1.06942,0.966978
2013-05-29,1.06956,0.966978
2013-05-30,1.06967,0.966978
2013-05-31,1.06977,0.966978
2013-06-03,1.06986,0.966978
2013-06-04,1.06994,0.966978
2013-06-05,1.07004,0.966978
2013-06-06,1.07,0.966978
2013-06-07,1.06992,0.966978
2013-06-10,1.06995,0.966978
2013-06-11,1.06995,0.966978
2013-06-12,1.06992,0.966978
2013-06-13,1.06986,0.966978
2013-06-14,1.06977,0.966978
2013-06-17,1.06966,0.966978
2013-06-18,1.06953,0.966978
2013-06-19,1.06942,0.966978
2013-06-20,1.06934,0.966978
2013-06-21,1.06928,0.966978
2013-06-24,1.06918,0.966978
2013-06-25,1.06906,0.966978
2013-06-26,1.06893,0.966978
2013-06-27,1.06882,0.966978
2013-06-28,1.06865,0.966978
2013-07-01,1.06854,0.966978
2013-07-02,1.06841,0.966978
2013-07-03,1.06828,0.966978
2013-07-05,1.06816,0.966978
2013-07-08,1.06803,0.966978
2013-07-09,1.06794,0.966978
2013-07-10,1.06788,0.966978
2013-07-11,1.06784,0.966978
2013-07-12,1.0678,0.966978
2013-07-15,1.06783,0.966978
2013-07-16,1.06781,0.966978
2013-07-17,1.06779,0.966978
2013-07-18,1.06775,0.966978
2013-07-19,1.06775,0.966978
2013-07-22,1.06778,0.966978
2013-07-23,1.06779,0.966978
2013-07-24,1.06776,0.966978
2013-07-25,1.06783,0.966978
2013-07-26,1.0679,0.966978
2013-07-29,1.06794,0.966978
2013-07-30,1.06798,0.966978
2013-07-31,1.06804,0.966978
2013-08-01,1.06822,0.966978
2013-08-02,1.06838,0.966978
2013-08-05,1.0685,0.966978
2013-08-06,1.06857,0.966978
2013-08-07,1.06866,0.966978
2013-08-08,1.06869,0.966978
2013-08-09,1.06872,0.966978
2013-08-12,1.06879,0.966978
2013-08-13,1.06895,0.966978
2013-08-14,1.06912,0.966978
2013-08-15,1.06931,0.966978
2013-08-16,1.06949,0.966978
2013-08-19,1.06968,0.966978
2013-08-20,1.06985,0.966978
2013-08-21,1.07001,0.966978
2013-08-22,1.07015,0.966978
2013-08-23,1.07032,0.966978
2013-08-26,1.07048,0.966978
2013-08-27,1.07066,0.966978
2013-08-28,1.07084,0.966978
2013-08-29,1.07107,0.966978
2013-08-30,1.07131,0.966978
2013-09-03,1.07155,0.966978
2013-09-04,1.07174,0.966978
2013-09-05,1.07201,0.966978
2013-09-06,1.07226,0.966978
2013-09-09,1.0725,0.966978
2013-09-10,1.0728,0.966978
2013-09-11,1.07305,0.966978
2013-09-12,1.07338,0.966978
2013-09-13,1.07368,0.966978
2013-09-16,1.07393,0.966978
2013-09-17,1.07416,0.966978
2013-09-18,1.07442,0.966978
2013-09-19,1.07468,0.966978
2013-09-20,1.07495,0.966978
2013-09-23,1.07535,0.966978
2013-09-24,1.07571,0.966978
2013-09-25,1.07605,0.966978
2013-09-26,1.07635,0.966978
2013-09-27,1.07659,0.966978
2013-09-30,1.07684,0.966978
2013-10-01,1.07707,0.966978
2013-10-02,1.07725,0.966978
2013-10-03,1.07731,0.966978
2013-10-04,1.07726,0.966978
2013-10-07,1.07724,0.966978
2013-10-08,1.07719,0.966978
2013-10-09,1.07713,0.966978
2013-10-10,1.07699,0.966978
2013-10-11,1.07686,0.966978
2013-10-14,1.07672,0.966978
2013-10-15,1.07665,0.966978
2013-10-16,1.0766,0.966978
2013-10-17,1.07655,0.966978
2013-10-18,1.07651,0.966978
2013-10-21,1.07652,0.966978
2013-10-22,1.0765,0.966978
2013-10-23,1.07649,0.966978
2013-10-24,1.07643,0.966978
2013-10-25,1.07642,0.966978
2013-10-28,1.0764,0.966978
2013-10-29,1.07635,0.966978
2013-10-30,1.07623,0.966978
2013-10-31,1.07601,0.966978
2013-11-01,1.07563,0.966978
2013-11-04,1.07504,0.966978
2013-11-05,1.0745,0.966978
2013-11-06,1.07405,0.966978
2013-11-07,1.0736,0.966978
2013-11-08,1.07317,0.966978
2013-11-11,1.07273,0.966978
2013-11-12,1.07226,0.966978
2013-11-13,1.07181,0.966978
2013-11-14,1.07136,0.966978
2013-11-15,1.07075,0.966978
2013-11-18,1.07018,0.966978
2013-11-19,1.06974,0.966978
2013-11-20,1.06939,0.966978
2013-11-21,1.06915,0.966978
2013-11-22,1.06893,0.966978
2013-11-25,1.06868,0.966978
2013-11-26,1.06846,0.966978
2013-11-27,1.06827,0.966978
2013-11-29,1.06812,0.966978
2013-12-02,1.06796,0.966978
2013-12-03,1.06773,0.966978
2013-12-04,1.06743,0.966978
2013-12-05,1.06715,0.966978
2013-12-06,1.06682,0.966978
2013-12-09,1.06655,0.966978
2013-12-10,1.06632,0.966978
2013-12-11,1.06614,0.966978
2013-12-12,1.06577,0.966978
2013-12-13,1.06535,0.966978
2013-12-16,1.06478,0.966978
2013-12-17,1.06417,0.966978
2013-12-18,1.06352,0.966978
2013-12-19,1.06301,0.966978
2013-12-20,1.06257,0.966978
2013-12-23,1.06216,0.966978
2013-12-24,1.06175,0.966978
2013-12-26,1.06128,0.966978
2013-12-27,1.06081,0.966978
2013-12-30,1.0604,0.966978
2013-12-31,1.05996,0.966978
2014-01-02,1.05962,0.966978
2014-01-03,1.05933,0.966978
2014-01-06,1.05902,0.966978
2014-01-07,1.05865,0.966978
2014-01-08,1.05821,0.966978
2014-01-09,1.05787,0.966978
2014-01-10,1.05732,0.966978
2014-01-13,1.05684,0.966978
2014-01-14,1.05635,0.966978
2014-01-15,1.05588,0.966978
2014-01-16,1.05538,0.966978
2014-01-17,1.05492,0.966978
2014-01-21,1.05461,0.966978
2014-01-22,1.05437,0.966978
2014-01-23,1.05408,0.966978
2014-01-24,1.05384,0.966978
2014-01-27,1.05362,0.966978
2014-01-28,1.05337,0.966978
2014-01-29,1.05311,0.966978
2014-01-30,1.053,0.966978
2014-01-31,1.05272,0.966978
2014-02-03,1.05261,0.966978
2014-02-04,1.05249,0.966978
2014-02-05,1.05231,0.966978
2014-02-06,1.05219,0.966978
2014-02-07,1.05205,0.966978
2014-02-10,1.052,0.966978
2014-02-11,1.05196,0.966978
2014-02-12,1.05186,0.966978
2014-02-13,1.05176,0.966978
2014-02-14,1.05147,0.966978
2014-02-18,1.05115,0.966978
2014-02-19,1.05091,0.966978
2014-02-20,1.05062,0.966978
2014-02-21,1.05023,0.966978
2014-02-24,1.04983,0.966978
2014-02-25,1.04951,0.966978
2014-02-26,1.0493,0.966978
2014-02-27,1.0491,0.966978
2014-02-28,1.04885,0.966978
2014-03-03,1.04864,0.966978
2014-03-04,1.04837,0.966978
2014-03-05,1.04831,0.966978
2014-03-06,1.04828,0.966978
2014-03-07,1.04815,0.966978
2014-03-10,1.04804,0.966978
2014-03-11,1.04797,0.966978
2014-03-12,1.04797,0.966978
2014-03-13,1.04794,0.966978
2014-03-14,1.0479,0.966978
2014-03-17,1.04785,0.966978
2014-03-18,1.04785,0.966978
2014-03-19,1.04787,0.966978
2014-03-20,1.04783,0.966978
2014-03-21,1.04782,0.966978
2014-03-24,1.0478,0.966978
2014-03-25,1.04785,0.966978
2014-03-26,1.04796,0.966978
2014-03-27,1.04792,0.966978
2014-03-28,1.0478,0.966978
2014-03-31,1.04772,0.966978
2014-04-01,1.04764,0.966978
2014-04-02,1.04758,0.966978
2014-04-03,1.04749,0.966978
2014-04-04,1.04744,0.966978
2014-04-07,1.04735,0.966978
2014-04-08,1.04722,0.966978
2014-04-09,1.04721,0.966978
2014-04-10,1.04707,0.966978
2014-04-11,1.04697,0.966978
2014-04-14,1.04689,0.966978
2014-04-15,1.04685,0.966978
2014-04-16,1.0468,0.966978
2014-04-17,1.04685,0.966978
2014-04-21,1.04688,0.966978
2014-04-22,1.04695,0.966978
2014-04-23,1.04705,0.966978
2014-04-24,1.04717,0.966978
2014-04-25,1.04722,0.966978
2014-04-28,1.04733,0.966978
2014-04-29,1.04742,0.966978
2014-04-30,1.04739,0.966978
2014-05-01,1.04741,0.966978
2014-05-02,1.04737,0.966978
2014-05-05,1.04728,0.966978
2014-05-06,1.0472,0.966978
2014-05-07,1.04717,0.966978
2014-05-08,1.04713,0.966978
2014-05-09,1.04706,0.966978
2014-05-12,1.04698,0.966978
2014-05-13,1.04693,0.966978
2014-05-14,1.04693,0.966978
2014-05-15,1.04696,0.966978
2014-05-16,1.04695,0.966978
2014-05-19,1.04691,0.966978
2014-05-20,1.04686,0.966978
2014-05-21,1.0468,0.966978
2014-05-22,1.04676,0.966978
2014-05-23,1.04672,0.966978
2014-05-27,1.04663,0.966978
2014-05-28,1.04656,0.966978
2014-05-29,1.04645,0.966978
2014-05-30,1.04645,0.966978
2014-06-02,1.04646,0.966978
2014-06-03,1.04645,0.966978
2014-06-04,1.04646,0.966978
2014-06-05,1.04651,0.966978
2014-06-06,1.0465,0.966978
2014-06-09,1.04652,0.966978
2014-06-10,1.04661,0.966978
2014-06-11,1.04664,0.966978
2014-06-12,1.04676,0.966978
2014-06-13,1.04686,0.966978
2014-06-16,1.04703,0.966978
2014-06-17,1.04725,0.966978
2014-06-18,1.04753,0.966978
2014-06-19,1.04792,0.966978
2014-06-20,1.04822,0.966978
2014-06-23,1.0485,0.966978
2014-06-24,1.04883,0.966978
2014-06-25,1.04917,0.966978
2014-06-26,1.04949,0.966978
2014-06-27,1.04983,0.966978
2014-06-30,1.05022,0.966978
2014-07-01,1.05053,0.966978
2014-07-02,1.05079,0.966978
2014-07-03,1.05102,0.966978
2014-07-07,1.05119,0.966978
2014-07-08,1.0513,0.966978
2014-07-09,1.05144,0.966978
2014-07-10,1.05158,0.966978
2014-07-11,1.05168,0.966978
2014-07-14,1.05174,0.966978
2014-07-15,1.05183,0.966978
2014-07-16,1.05189,0.966978
2014-07-17,1.05204,0.966978
2014-07-18,1.05215,0.966978
2014-07-21,1.0523,0.966978
2014-07-22,1.05248,0.966978
2014-07-23,1.05268,0.966978
2014-07-24,1.05293,0.966978
2014-07-25,1.05318,0.966978
2014-07-28,1.0533,0.966978
2014-07-29,1.05344,0.966978
2014-07-30,1.0536,0.966978
2014-07-31,1.05393,0.966978
2014-08-01,1.05416,0.966978
2014-08-04,1.05429,0.966978
2014-08-05,1.05437,0.966978
2014-08-06,1.05443,0.966978
2014-08-07,1.05455,0.966978
2014-08-08,1.05468,0.966978
2014-08-11,1.05482,0.966978
2014-08-12,1.05494,0.966978
2014-08-13,1.05503,0.966978
2014-08-14,1.05508,0.966978
2014-08-15,1.05515,0.966978
2014-08-18,1.05518,0.966978
2014-08-19,1.0553,0.966978
2014-08-20,1.0554,0.966978
2014-08-21,1.05555,0.966978
2014-08-22,1.05572,0.966978
2014-08-25,1.0559,0.966978
2014-08-26,1.05603,0.966978
2014-08-27,1.05619,0.966978
2014-08-28,1.05634,0.966978
2014-08-29,1.05655,0.966978
2014-09-02,1.05671,0.966978
2014-09-03,1.05683,0.966978
2014-09-04,1.05694,0.966978
2014-09-05,1.05701,0.966978
2014-09-08,1.05713,0.966978
2014-09-09,1.05721,0.966978
2014-09-10,1.05729,0.966978
2014-09-11,1.0573,0.966978
2014-09-12,1.05736,0.966978
2014-09-15,1.05747,0.966978
2014-09-16,1.05752,0.966978
2014-09-17,1.05759,0.966978
2014-09-18,1.05766,0.966978
2014-09-19,1.05772,0.966978
2014-09-22,1.05774,0.966978
2014-09-23,1.05779,0.966978
2014-09-24,1.0578,0.966978
2014-09-25,1.05784,0.966978
2014-09-26,1.05783,0.966978
2014-09-29,1.05784,0.966978
2014-09-30,1.05781,0.966978
2014-10-01,1.05777,0.966978
2014-10-02,1.05765,0.966978
2014-10-03,1.05751,0.966978
2014-10-06,1.05736,0.966978
2014-10-07,1.05716,0.966978
2014-10-08,1.057,0.966978
2014-10-09,1.05686,0.966978
2014-10-10,1.0567,0.966978
2014-10-13,1.05648,0.966978
2014-10-14,1.05612,0.966978
2014-10-15,1.05577,0.966978
2014-10-16,1.05553,0.966978
2014-10-17,1.0553,0.966978
2014-10-20,1.05499,0.966978
2014-10-21,1.05479,0.966978
2014-10-22,1.05456,0.966978
2014-10-23,1.0544,0.966978
2014-10-24,1.05419,0.966978
2014-10-27,1.054,0.966978
2014-10-28,1.05384,0.966978
2014-10-29,1.05373,0.966978
2014-10-30,1.05365,0.966978
2014-10-31,1.05355,0.966978
2014-11-03,1.05336,0.966978
2014-11-04,1.05315,0.966978
2014-11-05,1.05301,0.966978
2014-11-06,1.05288,0.966978
2014-11-07,1.05267,0.966978
2014-11-10,1.05243,0.966978
2014-11-11,1.05223,0.966978
2014-11-12,1.05208,0.966978
2014-11-13,1.05191,0.966978
2014-11-14,1.05178,0.966978
2014-11-17,1.0516,0.966978
2014-11-18,1.05144,0.966978
2014-11-19,1.05128,0.966978
2014-11-20,1.05118,0.966978
2014-11-21,1.05107,0.966978
2014-11-24,1.051,0.966978
2014-11-25,1.05092,0.966978
2014-11-26,1.05079,0.966978
2014-11-28,1.05057,0.966978
2014-12-01,1.0504,0.966978
2014-12-02,1.05023,0.966978
2014-12-03,1.04998,0.966978
2014-12-04,1.04968,0.966978
2014-12-05,1.04933,0.966978
2014-12-08,1.04889,0.966978
2014-12-09,1.04851,0.966978
2014-12-10,1.04824,0.966978
2014-12-11,1.04792,0.966978
2014-12-12,1.04768,0.966978
2014-12-15,1.04729,0.966978
2014-12-16,1.04703,0.966978
2014-12-17,1.04686,0.966978
2014-12-18,1.04673,0.966978
2014-12-19,1.04666,0.966978
2014-12-22,1.04656,0.966978
2014-12-23,1.04648,0.966978
2014-12-24,1.04645,0.966978
2014-12-26,1.04645,0.966978
2014-12-29,1.04648,0.966978
2014-12-30,1.04649,0.966978
2014-12-31,1.04649,0.966978
2015-01-02,1.04648,0.966978
2015-01-05,1.04637,0.966978
2015-01-06,1.04631,0.966978
2015-01-07,1.04616,0.966978
2015-01-08,1.04605,0.966978
2015-01-09,1.04579,0.966978
2015-01-12,1.04552,0.966978
2015-01-13,1.04517,0.966978
2015-01-14,1.04482,0.966978
2015-01-15,1.04446,0.966978
2015-01-16,1.04411,0.966978
2015-01-20,1.04387,0.966978
2015-01-21,1.0437,0.966978
2015-01-22,1.0435,0.966978
2015-01-23,1.04334,0.966978
2015-01-26,1.04326,0.966978
2015-01-27,1.04321,0.966978
2015-01-28,1.04309,0.966978
2015-01-29,1.04296,0.966978
2015-01-30,1.04281,0.966978
2015-02-02,1.04274,0.966978
2015-02-03,1.04268,0.966978
2015-02-04,1.04261,0.966978
2015-02-05,1.04253,0.966978
2015-02-06,1.04249,0.966978
2015-02-09,1.04251,0.966978
2015-02-10,1.04256,0.966978
2015-02-11,1.04264,0.966978
2015-02-12,1.04269,0.966978
2015-02-13,1.0428,0.966978
2015-02-17,1.0429,0.966978
2015-02-18,1.04304,0.966978
2015-02-19,1.04317,0.966978
2015-02-20,1.04327,0.966978
2015-02-23,1.0434,0.966978
2015-02-24,1.04349,0.966978
2015-02-25,1.04361,0.966978
2015-02-26,1.0437,0.966978
2015-02-27,1.04376,0.966978
2015-03-02,1.04381,0.966978
2015-03-03,1.04385,0.966978
2015-03-04,1.04392,0.966978
2015-03-05,1.044,0.966978
2015-03-06,1.0441,0.966978
2015-03-09,1.04428,0.966978
2015-03-10,1.04446,0.966978
2015-03-11,1.04471,0.966978
2015-03-12,1.04484,0.966978
2015-03-13,1.04493,0.966978
2015-03-16,1.04505,0.966978
2015-03-17,1.04525,0.966978
2015-03-18,1.04551,0.966978
2015-03-19,1.04579,0.966978
2015-03-20,1.04622,0.966978
2015-03-23,1.04646,0.966978
2015-03-24,1.04664,0.966978
2015-03-25,1.04691,0.966978
2015-03-26,1.04718,0.966978
2015-03-27,1.04745,0.966978
2015-03-30,1.0477,0.966978
2015-03-31,1.04786,0.966978
2015-04-01,1.04805,0.966978
2015-04-02,1.0483,0.966978
2015-04-06,1.04857,0.966978
2015-04-07,1.04891,0.966978
2015-04-08,1.04926,0.966978
2015-04-09,1.04956,0.966978
2015-04-10,1.04975,0.966978
2015-04-13,1.04992,0.966978
2015-04-14,1.05014,0.966978
2015-04-15,1.05033,0.966978
2015-04-16,1.05053,0.966978
2015-04-17,1.05072,0.966978
2015-04-20,1.05096,0.966978
2015-04-21,1.05119,0.966978
2015-04-22,1.05134,0.966978
2015-04-23,1.0515,0.966978
2015-04-24,1.05171,0.966978
2015-04-27,1.0519,0.966978
2015-04-28,1.05211,0.966978
2015-04-29,1.05235,0.966978
2015-04-30,1.05259,0.966978
2015-05-01,1.05251,0.966978
2015-05-04,1.05234,0.966978
2015-05-05,1.05221,0.966978
2015-05-06,1.05212,0.966978
2015-05-07,1.05207,0.966978
2015-05-08,1.05196,0.966978
2015-05-11,1.0519,0.966978
2015-05-12,1.05184,0.966978
2015-05-13,1.05184,0.966978
2015-05-14,1.05185,0.966978
2015-05-15,1.05188,0.966978
2015-05-18,1.05185,0.966978
2015-05-19,1.05167,0.966978
2015-05-20,1.0515,0.966978
2015-05-21,1.05135,0.966978
2015-05-22,1.05123,0.966978
2015-05-26,1.0511,0.966978
2015-05-27,1.05099,0.966978
2015-05-28,1.05089,0.966978
2015-05-29,1.05077,0.966978
2015-06-01,1.05063,0.966978
2015-06-02,1.05048,0.966978
2015-06-03,1.05033,0.966978
2015-06-04,1.0502,0.966978
2015-06-05,1.05008,0.966978
2015-06-08,1.0498,0.966978
2015-06-09,1.04956,0.966978
2015-06-10,1.04939,0.966978
2015-06-11,1.04917,0.966978
2015-06-12,1.04896,0.966978
2015-06-15,1.04875,0.966978
2015-06-16,1.0485,0.966978
2015-06-17,1.04824,0.966978
2015-06-18,1.04794,0.966978
2015-06-19,1.04762,0.966978
2015-06-22,1.04738,0.966978
2015-06-23,1.04715,0.966978
2015-06-24,1.04689,0.966978
2015-06-25,1.04664,0.966978
2015-06-26,1.04643,0.966978
2015-06-29,1.04617,0.966978
2015-06-30,1.04586,0.966978
2015-07-01,1.04562,0.966978
2015-07-02,1.04528,0.966978
2015-07-06,1.04493,0.966978
2015-07-07,1.04459,0.966978
2015-07-08,1.0442,0.966978
2015-07-09,1.04389,0.966978
2015-07-10,1.04358,0.966978
2015-07-13,1.04327,0.966978
2015-07-14,1.04299,0.966978
2015-07-15,1.04263,0.966978
2015-07-16,1.0423,0.966978
2015-07-17,1.04188,0.966978
2015-07-20,1.04155,0.966978
2015-07-21,1.04134,0.966978
2015-07-22,1.04107,0.966978
2015-07-23,1.04084,0.966978
2015-07-24,1.04053,0.966978
2015-07-27,1.04017,0.966978
2015-07-28,1.03977,0.966978
2015-07-29,1.03939,0.966978
2015-07-30,1.03902,0.966978
2015-07-31,1.03865,0.966978
2015-08-03,1.03815,0.966978
2015-08-04,1.03772,0.966978
2015-08-05,1.03719,0.966978
2015-08-06,1.03668,0.966978
2015-08-07,1.0362,0.966978
2015-08-10,1.03572,0.966978
2015-08-11,1.03531,0.966978
2015-08-12,1.03486,0.966978
2015-08-13,1.03435,0.966978
2015-08-14,1.03391,0.966978
2015-08-17,1.03326,0.966978
2015-08-18,1.03275,0.966978
2015-08-19,1.03219,0.966978
2015-08-20,1.03167,0.966978
2015-08-21,1.03108,0.966978
2015-08-24,1.03052,0.966978
2015-08-25,1.02973,0.966978
2015-08-26,1.02886,0.966978
2015-08-27,1.02823,0.966978
2015-08-28,1.0279,0.966978
2015-08-31,1.02762,0.966978
2015-09-01,1.02743,0.966978
2015-09-02,1.02709,0.966978
2015-09-03,1.02672,0.966978
2015-09-04,1.02635,0.966978
2015-09-08,1.02588,0.966978
2015-09-09,1.02539,0.966978
2015-09-10,1.02494,0.966978
2015-09-11,1.02449,0.966978
2015-09-14,1.02408,0.966978
2015-09-15,1.0238,0.966978
2015-09-16,1.02355,0.966978
2015-09-17,1.02334,0.966978
2015-09-18,1.02316,0.966978
2015-09-21,1.02295,0.966978
2015-09-22,1.02272,0.966978
2015-09-23,1.02243,0.966978
2015-09-24,1.02219,0.966978
2015-09-25,1.02198,0.966978
2015-09-28,1.02164,0.966978
2015-09-29,1.02132,0.966978
2015-09-30,1.02113,0.966978
2015-10-01,1.02093,0.966978
2015-10-02,1.02086,0.966978
2015-10-05,1.02095,0.966978
2015-10-06,1.02121,0.966978
2015-10-07,1.02143,0.966978
2015-10-08,1.02172,0.966978
2015-10-09,1.02206,0.966978
2015-10-12,1.02229,0.966978
2015-10-13,1.0225,0.966978
2015-10-14,1.02273,0.966978
2015-10-15,1.0229,0.966978
2015-10-16,1.023,0.966978
2015-10-19,1.02315,0.966978
2015-10-20,1.0233,0.966978
2015-10-21,1.02345,0.966978
2015-10-22,1.02353,0.966978
2015-10-23,1.02355,0.966978
2015-10-26,1.02353,0.966978
2015-10-27,1.02342,0.966978
2015-10-28,1.02339,0.966978
2015-10-29,1.02337,0.966978
2015-10-30,1.02339,0.966978
2015-11-02,1.02353,0.966978
2015-11-03,1.02378,0.966978
2015-11-04,1.024,0.966978
2015-11-05,1.02412,0.966978
2015-11-06,1.02423,0.966978
2015-11-09,1.02437,0.966978
2015-11-10,1.02454,0.966978
2015-11-11,1.02469,0.966978
2015-11-12,1.02486,0.966978
2015-11-13,1.02505,0.966978
2015-11-16,1.02529,0.966978
2015-11-17,1.02559,0.966978
2015-11-18,1.02591,0.966978
2015-11-19,1.02613,0.966978
2015-11-20,1.02623,0.966978
2015-11-23,1.02636,0.966978
2015-11-24,1.02645,0.966978
2015-11-25,1.02656,0.966978
2015-11-27,1.02661,0.966978
2015-11-30,1.02671,0.966978
2015-12-01,1.02689,0.966978
2015-12-02,1.0271,0.966978
2015-12-03,1.02731,0.966978
2015-12-04,1.02753,0.966978
2015-12-07,1.02775,0.966978
2015-12-08,1.02812,0.966978
2015-12-09,1.02849,0.966978
2015-12-10,1.02899,0.966978
2015-12-11,1.02936,0.966978
2015-12-14,1.0298,0.966978
2015-12-15,1.03017,0.966978
2015-12-16,1.03062,0.966978
2015-12-17,1.03091,0.966978
2015-12-18,1.03121,0.966978
2015-12-21,1.03144,0.966978
2015-12-22,1.03172,0.966978
2015-12-23,1.03204,0.966978
2015-12-24,1.03228,0.966978
2015-12-28,1.03241,0.966978
2015-12-29,1.03258,0.966978
2015-12-30,1.03275,0.966978
2015-12-31,1.03293,0.966978
2016-01-04,1.03304,0.966978
2016-01-05,1.03315,0.966978
2016-01-06,1.03299,0.966978
2016-01-07,1.03267,0.966978
2016-01-08,1.03244,0.966978
2016-01-11,1.0322,0.966978
2016-01-12,1.03194,0.966978
2016-01-13,1.03154,0.966978
2016-01-14,1.03118,0.966978
2016-01-15,1.03083,0.966978
2016-01-19,1.0304,0.966978
2016-01-20,1.0301,0.966978
2016-01-21,1.02992,0.966978
2016-01-22,1.02971,0.966978
2016-01-25,1.02954,0.966978
2016-01-26,1.02938,0.966978
2016-01-27,1.02932,0.966978
2016-01-28,1.02932,0.966978
2016-01-29,1.02928,0.966978
2016-02-01,1.0293,0.966978
2016-02-02,1.02911,0.966978
2016-02-03,1.02882,0.966978
2016-02-04,1.0284,0.966978
2016-02-05,1.02777,0.966978
2016-02-08,1.02737,0.966978
2016-02-09,1.0267,0.966978
2016-02-10,1.02615,0.966978
2016-02-11,1.02559,0.966978
2016-02-12,1.02513,0.966978
2016-02-16,1.02472,0.966978
2016-02-17,1.02458,0.966978
2016-02-18,1.02425,0.966978
2016-02-19,1.0239,0.966978
2016-02-22,1.0238,0.966978
2016-02-23,1.02344,0.966978
2016-02-24,1.0231,0.966978
2016-02-25,1.02272,0.966978
2016-02-26,1.02229,0.966978
2016-02-29,1.02195,0.966978
2016-03-01,1.02178,0.966978
2016-03-02,1.02155,0.966978
2016-03-03,1.02141,0.966978
2016-03-04,1.02132,0.966978
2016-03-07,1.02127,0.966978
2016-03-08,1.02123,0.966978
2016-03-09,1.0216,0.966978
2016-03-10,1.02208,0.966978
2016-03-11,1.02261,0.966978
2016-03-14,1.02306,0.966978
2016-03-15,1.02346,0.966978
2016-03-16,1.02394,0.966978
2016-03-17,1.02441,0.966978
2016-03-18,1.02492,0.966978
2016-03-21,1.02536,0.966978
2016-03-22,1.02566,0.966978
2016-03-23,1.0258,0.966978
2016-03-24,1.02604,0.966978
2016-03-28,1.02622,0.966978
2016-03-29,1.02643,0.966978
2016-03-30,1.02662,0.966978
2016-03-31,1.02691,0.966978
2016-04-01,1.02716,0.966978
2016-04-04,1.02731,0.966978
2016-04-05,1.02747,0.966978
2016-04-06,1.02772,0.966978
2016-04-07,1.02805,0.966978
2016-04-08,1.02842,0.966978
2016-04-11,1.02867,0.966978
2016-04-12,1.029,0.966978
2016-04-13,1.02928,0.966978
2016-04-14,1.02952,0.966978
2016-04-15,1.02974,0.966978
2016-04-18,1.02999,0.966978
2016-04-19,1.03035,0.966978
2016-04-20,1.03073,0.966978
2016-04-21,1.03108,0.966978
2016-04-22,1.03139,0.966978
2016-04-25,1.03167,0.966978
2016-04-26,1.03198,0.966978
2016-04-27,1.03232,0.966978
2016-04-28,1.03257,0.966978
2016-04-29,1.03275,0.966978
2016-05-02,1.03296,0.966978
2016-05-03,1.03309,0.966978
2016-05-04,1.03316,0.966978
2016-05-05,1.0333,0.966978
2016-05-06,1.03342,0.966978
2016-05-09,1.03341,0.966978
2016-05-10,1.03333,0.966978
2016-05-11,1.03329,0.966978
2016-05-12,1.03324,0.966978
2016-05-13,1.03318,0.966978
2016-05-16,1.03316,0.966978
2016-05-17,1.03311,0.966978
2016-05-18,1.03302,0.966978
2016-05-19,1.03284,0.966978
2016-05-20,1.03269,0.966978
2016-05-23,1.03253,0.966978
2016-05-24,1.03244,0.966978
2016-05-25,1.03243,0.966978
2016-05-26,1.03244,0.966978
2016-05-27,1.03247,0.966978
2016-05-31,1.03251,0.966978
2016-06-01,1.03254,0.966978
2016-06-02,1.03259,0.966978
2016-06-03,1.03267,0.966978
2016-06-06,1.03269,0.966978
2016-06-07,1.03275,0.966978
2016-06-08,1.03279,0.966978
2016-06-09,1.03281,0.966978
2016-06-10,1.03283,0.966978
2016-06-13,1.0328,0.966978
2016-06-14,1.03271,0.966978
2016-06-15,1.03261,0.966978
2016-06-16,1.03243,0.966978
2016-06-17,1.03236,0.966978
2016-06-20,1.03234,0.966978
2016-06-21,1.03233,0.966978
2016-06-22,1.03227,0.966978
2016-06-23,1.03234,0.966978
2016-06-24,1.03242,0.966978
2016-06-27,1.03243,0.966978
2016-06-28,1.03234,0.966978
2016-06-29,1.03226,0.966978
2016-06-30,1.03217,0.966978
2016-07-01,1.03202,0.966978
2016-07-05,1.03191,0.966978
2016-07-06,1.03178,0.966978
2016-07-07,1.03163,0.966978
2016-07-08,1.03158,0.966978
2016-07-11,1.03155,0.966978
2016-07-12,1.03153,0.966978
2016-07-13,1.03151,0.966978
2016-07-14,1.03149,0.966978
2016-07-15,1.03148,0.966978
2016-07-18,1.03142,0.966978
2016-07-19,1.03139,0.966978
2016-07-20,1.03138,0.966978
2016-07-21,1.03136,0.966978
2016-07-22,1.03134,0.966978
2016-07-25,1.03129,0.966978
2016-07-26,1.03127,0.966978
2016-07-27,1.03128,0.966978
2016-07-28,1.03131,0.966978
2016-07-29,1.03152,0.966978
2016-08-01,1.03175,0.966978
2016-08-02,1.0319,0.966978
2016-08-03,1.03208,0.966978
2016-08-04,1.03224,0.966978
2016-08-05,1.03239,0.966978
2016-08-08,1.0325,0.966978
2016-08-09,1.0326,0.966978
2016-08-10,1.03275,0.966978
2016-08-11,1.03297,0.966978
2016-08-12,1.03314,0.966978
2016-08-15,1.03335,0.966978
2016-08-16,1.03353,0.966978
2016-08-17,1.03375,0.966978
2016-08-18,1.03398,0.966978
2016-08-19,1.03422,0.966978
2016-08-22,1.0344,0.966978
2016-08-23,1.03458,0.966978
2016-08-24,1.03476,0.966978
2016-08-25,1.03497,0.966978
2016-08-26,1.03515,0.966978
2016-08-29,1.03532,0.966978
2016-08-30,1.03549,0.966978
2016-08-31,1.03559,0.966978
2016-09-01,1.03569,0.966978
2016-09-02,1.03579,0.966978
2016-09-06,1.0359,0.966978
2016-09-07,1.03608,0.966978
2016-09-08,1.03627,0.966978
2016-09-09,1.03643,0.966978
2016-09-12,1.03663,0.966978
2016-09-13,1.0368,0.966978
2016-09-14,1.03694,0.966978
2016-09-15,1.03711,0.966978
2016-09-16,1.03725,0.966978
2016-09-19,1.03741,0.966978
2016-09-20,1.03768,0.966978
2016-09-21,1.03803,0.966978
2016-09-22,1.03837,0.966978
2016-09-23,1.03864,0.966978
2016-09-26,1.03891,0.966978
2016-09-27,1.03916,0.966978
2016-09-28,1.0393,0.966978
2016-09-29,1.0394,0.966978
2016-09-30,1.03956,0.966978
2016-10-03,1.03969,0.966978
2016-10-04,1.0398,0.966978
2016-10-05,1.03991,0.966978
2016-10-06,1.04001,0.966978
2016-10-07,1.04015,0.966978
2016-10-10,1.04024,0.966978
2016-10-11,1.04033,0.966978
2016-10-12,1.04041,0.966978
2016-10-13,1.04042,0.966978
2016-10-14,1.04046,0.966978
2016-10-17,1.04052,0.966978
2016-10-18,1.04059,0.966978
2016-10-19,1.04066,0.966978
2016-10-20,1.04069,0.966978
2016-10-21,1.04073,0.966978
2016-10-24,1.04069,0.966978
2016-10-25,1.04068,0.966978
2016-10-26,1.04066,0.966978
2016-10-27,1.04055,0.966978
2016-10-28,1.041,0.966978
2016-10-31,1.04165,0.966978
2016-11-01,1.04239,0.966978
2016-11-02,1.04304,0.966978
2016-11-03,1.04365,0.966978
2016-11-04,1.04419,0.966978
2016-11-07,1.04469,0.966978
2016-11-08,1.04514,0.966978
2016-11-09,1.04551,0.966978
2016-11-10,1.04579,0.966978
2016-11-11,1.04611,0.966978
2016-11-14,1.04646,0.966978
2016-11-15,1.04683,0.966978
2016-11-16,1.04733,0.966978
2016-11-17,1.04785,0.966978
2016-11-18,1.04843,0.966978
2016-11-21,1.04895,0.966978
2016-11-22,1.04946,0.966978
2016-11-23,1.04995,0.966978
2016-11-25,1.05041,0.966978
2016-11-28,1.05088,0.966978
2016-11-29,1.05131,0.966978
2016-11-30,1.05174,0.966978
2016-12-01,1.0523,0.966978
2016-12-02,1.05284,0.966978
2016-12-05,1.05334,0.966978
2016-12-06,1.05377,0.966978
2016-12-07,1.05426,0.966978
2016-12-08,1.05476,0.966978
2016-12-09,1.05522,0.966978
2016-12-12,1.05557,0.966978
2016-12-13,1.05577,0.966978
2016-12-14,1.05605,0.966978
2016-12-15,1.05637,0.966978
2016-12-16,1.05673,0.966978
2016-12-19,1.05711,0.966978
2016-12-20,1.05751,0.966978
2016-12-21,1.0579,0.966978
2016-12-22,1.05828,0.966978
2016-12-23,1.05864,0.966978
2016-12-27,1.05897,0.966978
2016-12-28,1.05931,0.966978
2016-12-29,1.05962,0.966978
2016-12-30,1.05992,0.966978
2017-01-03,1.06017,0.966978
2017-01-04,1.0605,0.966978
2017-01-05,1.06091,0.966978
2017-01-06,1.06129,0.966978
2017-01-09,1.06172,0.966978
2017-01-10,1.06219,0.966978
2017-01-11,1.06263,0.966978
2017-01-12,1.06311,0.966978
2017-01-13,1.0636,0.966978
2017-01-17,1.06395,0.966978
2017-01-18,1.06438,0.966978
2017-01-19,1.06493,0.966978
2017-01-20,1.06535,0.966978
2017-01-23,1.06583,0.966978
2017-01-24,1.06635,0.966978
2017-01-25,1.06689,0.966978
2017-01-26,1.06734,0.966978
2017-01-27,1.06758,0.966978
2017-01-30,1.06772,0.966978
2017-01-31,1.06794,0.966978
2017-02-01,1.06822,0.966978
2017-02-02,1.06853,0.966978
2017-02-03,1.06892,0.966978
2017-02-06,1.06927,0.966978
2017-02-07,1.06956,0.966978
2017-02-08,1.06991,0.966978
2017-02-09,1.07026,0.966978
2017-02-10,1.07058,0.966978
2017-02-13,1.0709,0.966978
2017-02-14,1.07121,0.966978
2017-02-15,1.07147,0.966978
2017-02-16,1.07168,0.966978
2017-02-17,1.07191,0.966978
2017-02-21,1.07223,0.966978
2017-02-22,1.07254,0.966978
2017-02-23,1.07279,0.966978
2017-02-24,1.07304,0.966978
2017-02-27,1.07336,0.966978
2017-02-28,1.07375,0.966978
2017-03-01,1.07405,0.966978
2017-03-02,1.07426,0.966978
2017-03-03,1.07457,0.966978
2017-03-06,1.0748,0.966978
2017-03-07,1.07496,0.966978
2017-03-08,1.07511,0.966978
2017-03-09,1.07521,0.966978
2017-03-10,1.07536,0.966978
2017-03-13,1.07543,0.966978
2017-03-14,1.07539,0.966978
2017-03-15,1.07535,0.966978
2017-03-16,1.07523,0.966978
2017-03-17,1.07511,0.966978
2017-03-20,1.07499,0.966978
2017-03-21,1.07492,0.966978
2017-03-22,1.07489,0.966978
2017-03-23,1.07481,0.966978
2017-03-24,1.07482,0.966978
2017-03-27,1.07468,0.966978
2017-03-28,1.07455,0.966978
2017-03-29,1.07448,0.966978
2017-03-30,1.0742,0.966978
2017-03-31,1.07409,0.966978
2017-04-03,1.07401,0.966978
2017-04-04,1.07396,0.966978
2017-04-05,1.0739,0.966978
2017-04-06,1.07384,0.966978
2017-04-07,1.07377,0.966978
2017-04-10,1.07371,0.966978
2017-04-11,1.07365,0.966978
2017-04-12,1.07357,0.966978
2017-04-13,1.07341,0.966978
2017-04-17,1.07328,0.966978
2017-04-18,1.07317,0.966978
2017-04-19,1.07301,0.966978
2017-04-20,1.07285,0.966978
2017-04-21,1.07273,0.966978
2017-04-24,1.07266,0.966978
2017-04-25,1.07258,0.966978
2017-04-26,1.07248,0.966978
2017-04-27,1.07236,0.966978
2017-04-28,1.0723,0.966978
2017-05-01,1.07213,0.966978
2017-05-02,1.07192,0.966978
2017-05-03,1.07175,0.966978
2017-05-04,1.07156,0.966978
2017-05-05,1.07141,0.966978
2017-05-08,1.07124,0.966978
2017-05-09,1.07101,0.966978
2017-05-10,1.07086,0.966978
2017-05-11,1.07061,0.966978
2017-05-12,1.07036,0.966978
2017-05-15,1.07016,0.966978
2017-05-16,1.07003,0.966978
2017-05-17,1.06985,0.966978
2017-05-18,1.06974,0.966978
2017-05-19,1.06972,0.966978
2017-05-22,1.06963,0.966978
2017-05-23,1.06952,0.966978
2017-05-24,1.06944,0.966978
2017-05-25,1.06934,0.966978
2017-05-26,1.06923,0.966978
2017-05-30,1.06912,0.966978
2017-05-31,1.06904,0.966978
2017-06-01,1.069,0.966978
2017-06-02,1.069,0.966978
2017-06-05,1.06894,0.966978
2017-06-06,1.06884,0.966978
2017-06-07,1.06874,0.966978
2017-06-08,1.0687,0.966978
2017-06-09,1.06868,0.966978
2017-06-12,1.06871,0.966978
2017-06-13,1.06874,0.966978
2017-06-14,1.06875,0.966978
2017-06-15,1.06871,0.966978
2017-06-16,1.0687,0.966978
2017-06-19,1.0687,0.966978
2017-06-20,1.06867,0.966978
2017-06-21,1.06857,0.966978
2017-06-22,1.06852,0.966978
2017-06-23,1.06846,0.966978
2017-06-26,1.06837,0.966978
2017-06-27,1.06829,0.966978
2017-06-28,1.06818,0.966978
2017-06-29,1.06816,0.966978
2017-06-30,1.06815,0.966978
2017-07-03,1.06815,0.966978
2017-07-05,1.06815,0.966978
2017-07-06,1.06817,0.966978
2017-07-07,1.06815,0.966978
2017-07-10,1.0681,0.966978
2017-07-11,1.06801,0.966978
2017-07-12,1.06795,0.966978
2017-07-13,1.0679,0.966978
2017-07-14,1.06785,0.966978
2017-07-17,1.06783,0.966978
2017-07-18,1.0678,0.966978
2017-07-19,1.0678,0.966978
2017-07-20,1.06781,0.966978
2017-07-21,1.06779,0.966978
2017-07-24,1.0678,0.966978
2017-07-25,1.06786,0.966978
2017-07-26,1.06797,0.966978
2017-07-27,1.0681,0.966978
2017-07-28,1.06853,0.966978
2017-07-31,1.06898,0.966978
2017-08-01,1.06951,0.966978
2017-08-02,1.06996,0.966978
2017-08-03,1.07033,0.966978
2017-08-04,1.07077,0.966978
2017-08-07,1.07117,0.966978
2017-08-08,1.07162,0.966978
2017-08-09,1.07208,0.966978
2017-08-10,1.07251,0.966978
2017-08-11,1.07295,0.966978
2017-08-14,1.07332,0.966978
2017-08-15,1.0737,0.966978
2017-08-16,1.07408,0.966978
2017-08-17,1.07451,0.966978
2017-08-18,1.07494,0.966978
2017-08-21,1.07532,0.966978
2017-08-22,1.07569,0.966978
2017-08-23,1.07609,0.966978
2017-08-24,1.07657,0.966978
2017-08-25,1.07705,0.966978
2017-08-28,1.07751,0.966978
2017-08-29,1.07796,0.966978
2017-08-30,1.07843,0.966978
2017-08-31,1.07885,0.966978
2017-09-01,1.07931,0.966978
2017-09-05,1.07974,0.966978
2017-09-06,1.08015,0.966978
2017-09-07,1.08052,0.966978
2017-09-08,1.08082,0.966978
2017-09-11,1.0812,0.966978
2017-09-12,1.08153,0.966978
2017-09-13,1.08194,0.966978
2017-09-14,1.08233,0.966978
2017-09-15,1.08272,0.966978
2017-09-18,1.08313,0.966978
2017-09-19,1.0836,0.966978
2017-09-20,1.08402,0.966978
2017-09-21,1.0845,0.966978
2017-09-22,1.08503,0.966978
2017-09-25,1.08547,0.966978
2017-09-26,1.08587,0.966978
2017-09-27,1.08618,0.966978
2017-09-28,1.08642,0.966978
2017-09-29,1.08666,0.966978
2017-10-02,1.08692,0.966978
2017-10-03,1.08719,0.966978
2017-10-04,1.08743,0.966978
2017-10-05,1.08771,0.966978
2017-10-06,1.0879,0.966978
2017-10-09,1.0881,0.966978
2017-10-10,1.08834,0.966978
2017-10-11,1.08858,0.966978
2017-10-12,1.08881,0.966978
2017-10-13,1.08904,0.966978
2017-10-16,1.08928,0.966978
2017-10-17,1.08951,0.966978
2017-10-18,1.0896,0.966978
2017-10-19,1.0897,0.966978
2017-10-20,1.08978,0.966978
2017-10-23,1.08986,0.966978
2017-10-24,1.08994,0.966978
2017-10-25,1.08999,0.966978
2017-10-26,1.09001,0.966978
2017-10-27,1.08963,0.966978
2017-10-30,1.08935,0.966978
2017-10-31,1.08922,0.966978
2017-11-01,1.08903,0.966978
2017-11-02,1.08884,0.966978
2017-11-03,1.08868,0.966978
2017-11-06,1.08861,0.966978
2017-11-07,1.08857,0.966978
2017-11-08,1.08851,0.966978
2017-11-09,1.08843,0.966978
2017-11-10,1.08838,0.966978
2017-11-13,1.08834,0.966978
2017-11-14,1.08836,0.966978
2017-11-15,1.08845,0.966978
2017-11-16,1.08856,0.966978
2017-11-17,1.08871,0.966978
2017-11-20,1.08883,0.966978
2017-11-21,1.08893,0.966978
2017-11-22,1.08906,0.966978
2017-11-24,1.08919,0.966978
2017-11-27,1.08929,0.966978
2017-11-28,1.08938,0.966978
2017-11-29,1.08945,0.966978
2017-11-30,1.08954,0.966978
2017-12-01,1.08965,0.966978
2017-12-04,1.08983,0.966978
2017-12-05,1.09005,0.966978
2017-12-06,1.09027,0.966978
2017-12-07,1.09046,0.966978
2017-12-08,1.09065,0.966978
2017-12-11,1.09083,0.966978
2017-12-12,1.09098,0.966978
2017-12-13,1.0911,0.966978
2017-12-14,1.09122,0.966978
2017-12-15,1.09133,0.966978
2017-12-18,1.09144,0.966978
2017-12-19,1.09161,0.966978
2017-12-20,1.09181,0.966978
2017-12-21,1.09216,0.966978
2017-12-22,1.0925,0.966978
2017-12-26,1.0929,0.966978
2017-12-27,1.09326,0.966978
2017-12-28,1.09359,0.966978
2017-12-29,1.09394,0.966978
2018-01-02,1.09427,0.966978
2018-01-03,1.09448,0.966978
2018-01-04,1.09464,0.966978
2018-01-05,1.09478,0.966978
2018-01-08,1.09492,0.966978
2018-01-09,1.09505,0.966978
2018-01-10,1.09531,0.966978
2018-01-11,1.09572,0.966978
2018-01-12,1.09612,0.966978
2018-01-16,1.09646,0.966978
2018-01-17,1.0967,0.966978
2018-01-18,1.09695,0.966978
2018-01-19,1.0972,0.966978
2018-01-22,1.0974,0.966978
2018-01-23,1.09749,0.966978
2018-01-24,1.09757,0.966978
2018-01-25,1.09762,0.966978
2018-01-26,1.09764,0.966978
2018-01-29,1.09758,0.966978
2018-01-30,1.09744,0.966978
2018-01-31,1.09726,0.966978
2018-02-01,1.09691,0.966978
2018-02-02,1.09657,0.966978
2018-02-05,1.09636,0.966978
2018-02-06,1.09664,0.966978
2018-02-07,1.09695,0.966978
2018-02-08,1.09713,0.966978
2018-02-09,1.09733,0.966978
2018-02-12,1.09749,0.966978
2018-02-13,1.0976,0.966978
2018-02-14,1.09772,0.966978
2018-02-15,1.09787,0.966978
2018-02-16,1.09794,0.966978
2018-02-20,1.09801,0.966978
2018-02-21,1.09805,0.966978
2018-02-22,1.09802,0.966978
2018-02-23,1.09801,0.966978
2018-02-26,1.09798,0.966978
2018-02-27,1.09804,0.966978
2018-02-28,1.09819,0.966978
2018-03-01,1.09841,0.966978
2018-03-02,1.09854,0.966978
2018-03-05,1.0987,0.966978
2018-03-06,1.0989,0.966978
2018-03-07,1.09935,0.966978
2018-03-08,1.09976,0.966978
2018-03-09,1.10039,0.966978
2018-03-12,1.10088,0.966978
2018-03-13,1.10142,0.966978
2018-03-14,1.10196,0.966978
2018-03-15,1.10241,0.966978
2018-03-16,1.10275,0.966978
2018-03-19,1.10308,0.966978
2018-03-20,1.10347,0.966978
2018-03-21,1.10391,0.966978
2018-03-22,1.10427,0.966978
2018-03-23,1.10465,0.966978
2018-03-26,1.10505,0.966978
2018-03-27,1.10542,0.966978
2018-03-28,1.1057,0.966978
2018-03-29,1.1059,0.966978
2018-04-02,1.10612,0.966978
2018-04-03,1.10631,0.966978
2018-04-04,1.10648,0.966978
2018-04-05,1.10671,0.966978
2018-04-06,1.10688,0.966978
2018-04-09,1.10715,0.966978
2018-04-10,1.10734,0.966978
2018-04-11,1.10751,0.966978
2018-04-12,1.10769,0.966978
2018-04-13,1.10785,0.966978
2018-04-16,1.10797,0.966978
2018-04-17,1.10816,0.966978
2018-04-18,1.10841,0.966978
2018-04-19,1.10861,0.966978
2018-04-20,1.10877,0.966978
2018-04-23,1.10893,0.966978
2018-04-24,1.10917,0.966978
2018-04-25,1.10927,0.966978
2018-04-26,1.10931,0.966978
2018-04-27,1.10988,0.966978
2018-04-30,1.11033,0.966978
2018-05-01,1.11085,0.966978
2018-05-02,1.11141,0.966978
2018-05-03,1.11202,0.966978
2018-05-04,1.11253,0.966978
2018-05-07,1.11288,0.966978
2018-05-08,1.11329,0.966978
2018-05-09,1.11361,0.966978
2018-05-10,1.11371,0.966978
2018-05-11,1.11383,0.966978
2018-05-14,1.11392,0.966978
2018-05-15,1.11396,0.966978
2018-05-16,1.11397,0.966978
2018-05-17,1.11406,0.966978
2018-05-18,1.11411,0.966978
2018-05-21,1.11414,0.966978
2018-05-22,1.11417,0.966978
2018-05-23,1.11417,0.966978
2018-05-24,1.11426,0.966978
2018-05-25,1.11422,0.966978
2018-05-29,1.11416,0.966978
2018-05-30,1.114,0.966978
2018-05-31,1.11381,0.966978
2018-06-01,1.11353,0.966978
2018-06-04,1.11326,0.966978
2018-06-05,1.11305,0.966978
2018-06-06,1.11274,0.966978
2018-06-07,1.11259,0.966978
2018-06-08,1.11233,0.966978
2018-06-11,1.11221,0.966978
2018-06-12,1.11213,0.966978
2018-06-13,1.11217,0.966978
2018-06-14,1.11213,0.966978
2018-06-15,1.11206,0.966978
2018-06-18,1.1121,0.966978
2018-06-19,1.11213,0.966978
2018-06-20,1.11217,0.966978
2018-06-21,1.11212,0.966978
2018-06-22,1.11204,0.966978
2018-06-25,1.11198,0.966978
2018-06-26,1.11193,0.966978
2018-06-27,1.11188,0.966978
2018-06-28,1.11177,0.966978
2018-06-29,1.11164,0.966978
2018-07-02,1.11147,0.966978
2018-07-03,1.11129,0.966978
2018-07-05,1.11105,0.966978
2018-07-06,1.11083,0.966978
2018-07-09,1.11068,0.966978
2018-07-10,1.11055,0.966978
2018-07-11,1.11028,0.966978
2018-07-12,1.11005,0.966978
2018-07-13,1.10974,0.966978
2018-07-16,1.10947,0.966978
2018-07-17,1.10915,0.966978
2018-07-18,1.10883,0.966978
2018-07-19,1.10855,0.966978
2018-07-20,1.10839,0.966978
2018-07-23,1.10818,0.966978
2018-07-24,1.10796,0.966978
2018-07-25,1.10775,0.966978
2018-07-26,1.10742,0.966978
2018-07-27,1.1075,0.966978
2018-07-30,1.10772,0.966978
2018-07-31,1.10785,0.966978
2018-08-01,1.10805,0.966978
2018-08-02,1.10819,0.966978
2018-08-03,1.10831,0.966978
2018-08-06,1.10845,0.966978
2018-08-07,1.10851,0.966978
2018-08-08,1.10855,0.966978
2018-08-09,1.10854,0.966978
2018-08-10,1.10859,0.966978
2018-08-13,1.10869,0.966978
2018-08-14,1.10882,0.966978
2018-08-15,1.10878,0.966978
2018-08-16,1.10868,0.966978
2018-08-17,1.10856,0.966978
2018-08-20,1.10837,0.966978
2018-08-21,1.1082,0.966978
2018-08-22,1.10798,0.966978
2018-08-23,1.1078,0.966978
2018-08-24,1.10764,0.966978
2018-08-27,1.10748,0.966978
2018-08-28,1.10731,0.966978
2018-08-29,1.1071,0.966978
2018-08-30,1.1069,0.966978
2018-08-31,1.10666,0.966978
2018-09-04,1.10645,0.966978
2018-09-05,1.10611,0.966978
2018-09-06,1.10563,0.966978
2018-09-07,1.10495,0.966978
2018-09-10,1.10431,0.966978
2018-09-11,1.10359,0.966978
2018-09-12,1.10292,0.966978
2018-09-13,1.10241,0.966978
2018-09-14,1.10192,0.966978
2018-09-17,1.10141,0.966978
2018-09-18,1.10093,0.966978
2018-09-19,1.10046,0.966978
2018-09-20,1.09997,0.966978
2018-09-21,1.09959,0.966978
2018-09-24,1.09917,0.966978
2018-09-25,1.09882,0.966978
2018-09-26,1.09847,0.966978
2018-09-27,1.09817,0.966978
2018-09-28,1.09795,0.966978
2018-10-01,1.0978,0.966978
2018-10-02,1.0976,0.966978
2018-10-03,1.09749,0.966978
2018-10-04,1.09741,0.966978
2018-10-05,1.0974,0.966978
2018-10-08,1.09726,0.966978
2018-10-09,1.09722,0.966978
2018-10-10,1.09711,0.966978
2018-10-11,1.09704,0.966978
2018-10-12,1.09695,0.966978
2018-10-15,1.09687,0.966978
2018-10-16,1.09679,0.966978
2018-10-17,1.09666,0.966978
2018-10-18,1.0965,0.966978
2018-10-19,1.09639,0.966978
2018-10-22,1.09631,0.966978
2018-10-23,1.0961,0.966978
2018-10-24,1.09592,0.966978
2018-10-25,1.09577,0.966978
2018-10-26,1.09571,0.966978
2018-10-29,1.09552,0.966978
2018-10-30,1.09527,0.966978
2018-10-31,1.09498,0.966978
2018-11-01,1.09455,0.966978
2018-11-02,1.09426,0.966978
2018-11-05,1.09432,0.966978
2018-11-06,1.09433,0.966978
2018-11-07,1.09437,0.966978
2018-11-08,1.09445,0.966978
2018-11-09,1.09454,0.966978
2018-11-12,1.09459,0.966978
2018-11-13,1.09471,0.966978
2018-11-14,1.09492,0.966978
2018-11-15,1.09521,0.966978
2018-11-16,1.09554,0.966978
2018-11-19,1.09586,0.966978
2018-11-20,1.0962,0.966978
2018-11-21,1.09656,0.966978
2018-11-23,1.09687,0.966978
2018-11-26,1.09708,0.966978
2018-11-27,1.0973,0.966978
2018-11-28,1.09756,0.966978
2018-11-29,1.09779,0.966978
2018-11-30,1.09797,0.966978
2018-12-03,1.09806,0.966978
2018-12-04,1.09811,0.966978
2018-12-06,1.09819,0.966978
2018-12-07,1.09832,0.966978
2018-12-10,1.09854,0.966978
2018-12-11,1.09877,0.966978
2018-12-12,1.09909,0.966978
2018-12-13,1.09931,0.966978
2018-12-14,1.09953,0.966978
2018-12-17,1.09983,0.966978
2018-12-18,1.10017,0.966978
2018-12-19,1.10051,0.966978
2018-12-20,1.1009,0.966978
2018-12-21,1.10128,0.966978
2018-12-24,1.10174,0.966978
2018-12-26,1.10228,0.966978
2018-12-27,1.10291,0.966978
2018-12-28,1.10357,0.966978
2018-12-31,1.10422,0.966978
2019-01-02,1.10479,0.966978
2019-01-03,1.10533,0.966978
2019-01-04,1.10569,0.966978
2019-01-07,1.10609,0.966978
2019-01-08,1.10638,0.966978
2019-01-09,1.10673,0.966978
2019-01-10,1.10712,0.966978
2019-01-11,1.10747,0.966978
2019-01-14,1.10777,0.966978
2019-01-15,1.10807,0.966978
2019-01-16,1.10832,0.966978
2019-01-17,1.10854,0.966978
2019-01-18,1.10882,0.966978
2019-01-22,1.10908,0.966978
2019-01-23,1.10933,0.966978
2019-01-24,1.10973,0.966978
2019-01-25,1.11005,0.966978
2019-01-28,1.11034,0.966978
2019-01-29,1.11056,0.966978
2019-01-30,1.11076,0.966978
2019-01-31,1.11095,0.966978
2019-02-01,1.11107,0.966978
2019-02-04,1.11142,0.966978
2019-02-05,1.11165,0.966978
2019-02-06,1.11186,0.966978
2019-02-07,1.1121,0.966978
2019-02-08,1.11226,0.966978
2019-02-11,1.11236,0.966978
2019-02-12,1.11241,0.966978
2019-02-13,1.11242,0.966978
2019-02-14,1.11241,0.966978
2019-02-15,1.11231,0.966978
2019-02-19,1.11214,0.966978
2019-02-20,1.11201,0.966978
2019-02-21,1.11189,0.966978
2019-02-22,1.11172,0.966978
2019-02-25,1.11157,0.966978
2019-02-26,1.11142,0.966978
2019-02-27,1.11119,0.966978
2019-02-28,1.11098,0.966978
2019-03-01,1.11084,0.966978
2019-03-04,1.11067,0.966978
2019-03-05,1.11061,0.966978
2019-03-06,1.11067,0.966978
2019-03-07,1.11052,0.966978
2019-03-08,1.11048,0.966978
2019-03-11,1.1105,0.966978
2019-03-12,1.11051,0.966978
2019-03-13,1.11048,0.966978
2019-03-14,1.11049,0.966978
2019-03-15,1.11057,0.966978
2019-03-18,1.11059,0.966978
2019-03-19,1.11058,0.966978
2019-03-20,1.11049,0.966978
2019-03-21,1.11042,0.966978
2019-03-22,1.11031,0.966978
2019-03-25,1.11027,0.966978
2019-03-26,1.11018,0.966978
2019-03-27,1.11009,0.966978
2019-03-28,1.10996,0.966978
2019-03-29,1.10984,0.966978
2019-04-01,1.10974,0.966978
2019-04-02,1.10968,0.966978
2019-04-03,1.10961,0.966978
2019-04-04,1.10947,0.966978
2019-04-05,1.10939,0.966978
2019-04-08,1.10928,0.966978
2019-04-09,1.10921,0.966978
2019-04-10,1.10919,0.966978
2019-04-11,1.10916,0.966978
2019-04-12,1.10881,0.966978
2019-04-15,1.10854,0.966978
2019-04-16,1.10828,0.966978
2019-04-17,1.10794,0.966978
2019-04-18,1.10762,0.966978
2019-04-22,1.10725,0.966978
2019-04-23,1.10685,0.966978
2019-04-24,1.10638,0.966978
2019-04-25,1.10584,0.966978
2019-04-26,1.10547,0.966978
2019-04-29,1.10522,0.966978
2019-04-30,1.10511,0.966978
2019-05-01,1.10503,0.966978
2019-05-02,1.10502,0.966978
2019-05-03,1.10505,0.966978
2019-05-06,1.1052,0.966978
2019-05-07,1.10539,0.966978
2019-05-08,1.1055,0.966978
2019-05-09,1.10588,0.966978
2019-05-10,1.10622,0.966978
2019-05-13,1.10654,0.966978
2019-05-14,1.10693,0.966978
2019-05-15,1.10727,0.966978
2019-05-16,1.10758,0.966978
2019-05-17,1.10793,0.966978
2019-05-20,1.10828,0.966978
2019-05-21,1.10862,0.966978
2019-05-22,1.10897,0.966978
2019-05-23,1.10934,0.966978
2019-05-24,1.10972,0.966978
2019-05-28,1.11025,0.966978
2019-05-29,1.11071,0.966978
2019-05-30,1.11107,0.966978
2019-05-31,1.11147,0.966978
2019-06-03,1.11187,0.966978
2019-06-04,1.11213,0.966978
2019-06-05,1.11248,0.966978
2019-06-06,1.11287,0.966978
2019-06-07,1.11327,0.966978
2019-06-10,1.11367,0.966978
2019-06-11,1.11399,0.966978
2019-06-12,1.11433,0.966978
2019-06-13,1.11462,0.966978
2019-06-14,1.11494,0.966978
2019-06-17,1.1152,0.966978
2019-06-18,1.11548,0.966978
2019-06-19,1.11579,0.966978
2019-06-20,1.11603,0.966978
2019-06-21,1.11617,0.966978
2019-06-24,1.1164,0.966978
2019-06-25,1.11662,0.966978
2019-06-26,1.1168,0.966978
2019-06-27,1.11703,0.966978
2019-06-28,1.11723,0.966978
2019-07-01,1.11746,0.966978
2019-07-02,1.11766,0.966978
2019-07-03,1.11779,0.966978
2019-07-05,1.11797,0.966978
2019-07-08,1.11811,0.966978
2019-07-09,1.11822,0.966978
2019-07-10,1.11835,0.966978
2019-07-11,1.11846,0.966978
2019-07-12,1.11859,0.966978
2019-07-15,1.11878,0.966978
2019-07-16,1.11903,0.966978
2019-07-17,1.11929,0.966978
2019-07-18,1.11966,0.966978
2019-07-19,1.12002,0.966978
2019-07-22,1.12037,0.966978
2019-07-23,1.12072,0.966978
2019-07-24,1.12109,0.966978
2019-07-25,1.12145,0.966978
2019-07-26,1.12169,0.966978
2019-07-29,1.12188,0.966978
2019-07-30,1.12207,0.966978
2019-07-31,1.1223,0.966978
2019-08-01,1.1226,0.966978
2019-08-02,1.12298,0.966978
2019-08-05,1.1234,0.966978
2019-08-06,1.12376,0.966978
2019-08-07,1.12416,0.966978
2019-08-08,1.12458,0.966978
2019-08-09,1.12513,0.966978
2019-08-12,1.12565,0.966978
2019-08-13,1.1261,0.966978
2019-08-14,1.12659,0.966978
2019-08-15,1.12707,0.966978
2019-08-16,1.12738,0.966978
2019-08-19,1.12764,0.966978
2019-08-20,1.12786,0.966978
2019-08-21,1.12811,0.966978
2019-08-22,1.12836,0.966978
2019-08-23,1.1287,0.966978
2019-08-26,1.12902,0.966978
2019-08-27,1.12943,0.966978
2019-08-28,1.12984,0.966978
2019-08-29,1.13017,0.966978
2019-08-30,1.1305,0.966978
2019-09-03,1.1307,0.966978
2019-09-04,1.13087,0.966978
2019-09-05,1.13092,0.966978
2019-09-06,1.13093,0.966978
2019-09-09,1.13094,0.966978
2019-09-10,1.13105,0.966978
2019-09-11,1.13113,0.966978
2019-09-12,1.13121,0.966978
2019-09-13,1.13121,0.966978
2019-09-16,1.13125,0.966978
2019-09-17,1.13134,0.966978
2019-09-18,1.1315,0.966978
2019-09-19,1.13168,0.966978
2019-09-20,1.13193,0.966978
2019-09-23,1.13221,0.966978
2019-09-24,1.13253,0.966978
2019-09-25,1.13279,0.966978
2019-09-26,1.13287,0.966978
2019-09-27,1.13276,0.966978
2019-09-30,1.13277,0.966978
2019-10-01,1.13282,0.966978
2019-10-02,1.13285,0.966978
2019-10-03,1.13283,0.966978
2019-10-04,1.13272,0.966978
2019-10-07,1.1327,0.966978
2019-10-08,1.13275,0.966978
2019-10-09,1.13281,0.966978
2019-10-10,1.13285,0.966978
2019-10-11,1.13291,0.966978
2019-10-14,1.13294,0.966978
2019-10-15,1.13294,0.966978
2019-10-16,1.13302,0.966978
2019-10-17,1.13313,0.966978
2019-10-18,1.13327,0.966978
2019-10-21,1.13338,0.966978
2019-10-22,1.13353,0.966978
2019-10-23,1.13359,0.966978
2019-10-24,1.13371,0.966978
2019-10-25,1.13388,0.966978
2019-10-28,1.13412,0.966978
2019-10-29,1.13436,0.966978
2019-10-30,1.13455,0.966978
2019-10-31,1.13475,0.966978
2019-11-01,1.13466,0.966978
2019-11-04,1.13468,0.966978
2019-11-05,1.13453,0.966978
2019-11-06,1.13445,0.966978
2019-11-07,1.13432,0.966978
2019-11-08,1.1343,0.966978
2019-11-11,1.13434,0.966978
2019-11-12,1.13453,0.966978
2019-11-13,1.13487,0.966978
2019-11-14,1.13523,0.966978
2019-11-15,1.13547,0.966978
2019-11-18,1.13565,0.966978
2019-11-19,1.13576,0.966978
2019-11-20,1.13591,0.966978
2019-11-21,1.13593,0.966978
2019-11-22,1.13597,0.966978
2019-11-25,1.13607,0.966978
2019-11-26,1.13614,0.966978
2019-11-27,1.13623,0.966978
2019-11-29,1.13633,0.966978
2019-12-02,1.13637,0.966978
2019-12-03,1.13641,0.966978
2019-12-04,1.13642,0.966978
2019-12-05,1.13642,0.966978
2019-12-06,1.13638,0.966978
2019-12-09,1.13628,0.966978
2019-12-10,1.1363,0.966978
2019-12-11,1.13622,0.966978
2019-12-12,1.13613,0.966978
2019-12-13,1.13615,0.966978
2019-12-16,1.13615,0.966978
2019-12-17,1.13614,0.966978
2019-12-18,1.13611,0.966978
2019-12-19,1.13611,0.966978
2019-12-20,1.13615,0.966978
2019-12-23,1.13618,0.966978
2019-12-24,1.13625,0.966978
2019-12-26,1.13632,0.966978
2019-12-27,1.1364,0.966978
2019-12-30,1.13651,0.966978
2019-12-31,1.13661,0.966978
2020-01-02,1.13662,0.966978
2020-01-03,1.13668,0.966978
2020-01-06,1.13664,0.966978
2020-01-07,1.13656,0.966978
2020-01-08,1.13654,0.966978
2020-01-09,1.13643,0.966978
2020-01-10,1.13633,0.966978
2020-01-13,1.13616,0.966978
2020-01-14,1.13606,0.966978
2020-01-15,1.13596,0.966978
2020-01-16,1.13595,0.966978
2020-01-17,1.13589,0.966978
2020-01-21,1.1358,0.966978
2020-01-22,1.13574,0.966978
2020-01-23,1.13576,0.966978
2020-01-24,1.13574,0.966978
2020-01-27,1.13585,0.966978
2020-01-28,1.13602,0.966978
2020-01-29,1.13621,0.966978
2020-01-30,1.13637,0.966978
2020-01-31,1.1366,0.966978
2020-02-03,1.13697,0.966978
2020-02-04,1.13749,0.966978
2020-02-05,1.13783,0.966978
2020-02-06,1.13823,0.966978
2020-02-07,1.13864,0.966978
2020-02-10,1.13921,0.966978
2020-02-11,1.13977,0.966978
2020-02-12,1.14027,0.966978
2020-02-13,1.14077,0.966978
2020-02-14,1.14128,0.966978
2020-02-18,1.1419,0.966978
2020-02-19,1.14247,0.966978
2020-02-20,1.14303,0.966978
2020-02-21,1.14363,0.966978
2020-02-24,1.14432,0.966978
2020-02-25,1.14504,0.966978
2020-02-26,1.14571,0.966978
2020-02-27,1.14661,0.966978
2020-02-28,1.14711,0.966978
2020-03-02,1.14746,0.966978
2020-03-03,1.14806,0.966978
2020-03-04,1.1488,0.966978
2020-03-05,1.14982,0.966978
2020-03-06,1.15111,0.966978
2020-03-09,1.15218,0.966978
2020-03-10,1.15333,0.966978
2020-03-11,1.15456,0.966978
2020-03-12,1.15615,0.966978
2020-03-13,1.15819,0.966978
2020-03-16,1.15965,0.966978
2020-03-17,1.16062,0.966978
2020-03-18,1.16057,0.966978
2020-03-19,1.16049,0.966978
2020-03-20,1.16113,0.966978
2020-03-23,1.16141,0.966978
2020-03-24,1.16223,0.966978
2020-03-25,1.16288,0.966978
2020-03-26,1.16394,0.966978
2020-03-27,1.16458,0.966978
2020-03-30,1.16543,0.966978
2020-03-31,1.1662,0.966978
2020-04-01,1.16661,0.966978
2020-04-02,1.16717,0.966978
2020-04-03,1.16789,0.966978
2020-04-06,1.16886,0.966978
2020-04-07,1.16967,0.966978
2020-04-08,1.17038,0.966978
2020-04-09,1.17106,0.966978
2020-04-13,1.17187,0.966978
2020-04-14,1.1727,0.966978
2020-04-15,1.17375,0.966978
2020-04-16,1.17482,0.966978
2020-04-17,1.17564,0.966978
2020-04-20,1.17655,0.966978
2020-04-21,1.17728,0.966978
2020-04-22,1.178,0.966978
2020-04-23,1.17863,0.966978
2020-04-24,1.1792,0.966978
2020-04-27,1.17997,0.966978
2020-04-28,1.18049,0.966978
2020-04-29,1.1809,0.966978
2020-04-30,1.18127,0.966978
2020-05-01,1.18213,0.966978
2020-05-04,1.18275,0.966978
2020-05-05,1.18351,0.966978
2020-05-06,1.18416,0.966978
2020-05-07,1.18498,0.966978
2020-05-08,1.18561,0.966978
2020-05-11,1.18611,0.966978
2020-05-12,1.18656,0.966978
2020-05-13,1.18728,0.966978
2020-05-14,1.18802,0.966978
2020-05-15,1.18872,0.966978
2020-05-18,1.18907,0.966978
2020-05-19,1.18946,0.966978
2020-05-20,1.18983,0.966978
2020-05-21,1.19027,0.966978
2020-05-22,1.19053,0.966978
2020-05-26,1.19077,0.966978
2020-05-27,1.19099,0.966978
2020-05-28,1.19118,0.966978
2020-05-29,1.19135,0.966978
2020-06-01,1.19143,0.966978
2020-06-02,1.19146,0.966978
2020-06-03,1.1913,0.966978
2020-06-04,1.19109,0.966978
2020-06-05,1.19046,0.966978
2020-06-08,1.18974,0.966978
2020-06-09,1.18914,0.966978
2020-06-10,1.18879,0.966978
2020-06-11,1.18865,0.966978
2020-06-12,1.18858,0.966978
2020-06-15,1.18842,0.966978
2020-06-16,1.18829,0.966978
2020-06-17,1.18827,0.966978
2020-06-18,1.18823,0.966978
2020-06-19,1.18827,0.966978
2020-06-22,1.1883,0.966978
2020-06-23,1.18826,0.966978
2020-06-24,1.18835,0.966978
2020-06-25,1.18843,0.966978
2020-06-26,1.1886,0.966978
2020-06-29,1.18872,0.966978
2020-06-30,1.18889,0.966978
2020-07-01,1.18914,0.966978
2020-07-02,1.18936,0.966978
2020-07-06,1.18952,0.966978
2020-07-07,1.18973,0.966978
2020-07-08,1.18996,0.966978
2020-07-09,1.19024,0.966978
2020-07-10,1.19046,0.966978
2020-07-13,1.19068,0.966978
2020-07-14,1.19086,0.966978
2020-07-15,1.19096,0.966978
2020-07-16,1.19109,0.966978
2020-07-17,1.19127,0.966978
2020-07-20,1.1915,0.966978
2020-07-21,1.19181,0.966978
2020-07-22,1.19232,0.966978
2020-07-23,1.19279,0.966978
2020-07-24,1.19322,0.966978
2020-07-27,1.19358,0.966978
2020-07-28,1.19387,0.966978
2020-07-29,1.19413,0.966978
2020-07-30,1.19452,0.966978
2020-07-31,1.19462,0.966978
2020-08-03,1.19476,0.966978
2020-08-04,1.19478,0.966978
2020-08-05,1.19478,0.966978
2020-08-06,1.19485,0.966978
2020-08-07,1.1949,0.966978
2020-08-10,1.19498,0.966978
2020-08-11,1.19495,0.966978
2020-08-12,1.19503,0.966978
2020-08-13,1.19527,0.966978
2020-08-14,1.19551,0.966978
2020-08-17,1.19591,0.966978
2020-08-18,1.19617,0.966978
2020-08-19,1.19642,0.966978
2020-08-20,1.19666,0.966978
2020-08-21,1.19699,0.966978
2020-08-24,1.19723,0.966978
2020-08-25,1.19768,0.966978
2020-08-26,1.1982,0.966978
2020-08-27,1.19879,0.966978
2020-08-28,1.1992,0.966978
2020-08-31,1.19961,0.966978
2020-09-01,1.20005,0.966978
2020-09-02,1.20055,0.966978
2020-09-03,1.20097,0.966978
2020-09-04,1.20134,0.966978
2020-09-08,1.20163,0.966978
2020-09-09,1.20209,0.966978
2020-09-10,1.20258,0.966978
2020-09-11,1.20304,0.966978
2020-09-14,1.20351,0.966978
2020-09-15,1.20397,0.966978
2020-09-16,1.20424,0.966978
2020-09-17,1.20453,0.966978
2020-09-18,1.20491,0.966978
2020-09-21,1.20528,0.966978
2020-09-22,1.20581,0.966978
2020-09-23,1.20624,0.966978
2020-09-24,1.20667,0.966978
2020-09-25,1.20699,0.966978
2020-09-28,1.20736,0.966978
2020-09-29,1.20777,0.966978
2020-09-30,1.20818,0.966978
2020-10-01,1.20874,0.966978
2020-10-02,1.20942,0.966978
2020-10-05,1.21004,0.966978
2020-10-06,1.2107,0.966978
2020-10-07,1.21147,0.966978
2020-10-08,1.21188,0.966978
2020-10-09,1.21228,0.966978
2020-10-12,1.21277,0.966978
2020-10-13,1.21324,0.966978
2020-10-14,1.21366,0.966978
2020-10-15,1.21405,0.966978
2020-10-16,1.21445,0.966978
2020-10-19,1.21487,0.966978
2020-10-20,1.21523,0.966978
2020-10-21,1.21565,0.966978
2020-10-22,1.21585,0.966978
2020-10-23,1.21616,0.966978
2020-10-26,1.21651,0.966978
2020-10-27,1.21684,0.966978
2020-10-28,1.21723,0.966978
2020-10-29,1.21741,0.966978
2020-10-30,1.21777,0.966978
2020-11-02,1.21803,0.966978
2020-11-03,1.2184,0.966978
2020-11-04,1.21883,0.966978
2020-11-05,1.2193,0.966978
2020-11-06,1.21977,0.966978
2020-11-09,1.21993,0.966978
2020-11-10,1.22024,0.966978
2020-11-11,1.22059,0.966978
2020-11-12,1.2211,0.966978
2020-11-13,1.2216,0.966978
2020-11-16,1.2221,0.966978
2020-11-17,1.22238,0.966978
2020-11-18,1.22277,0.966978
2020-11-19,1.22325,0.966978
2020-11-20,1.22384,0.966978
2020-11-23,1.22427,0.966978
2020-11-24,1.22443,0.966978
2020-11-25,1.22455,0.966978
2020-11-27,1.22476,0.966978
2020-11-30,1.22511,0.966978
2020-12-01,1.22538,0.966978
2020-12-02,1.22549,0.966978
2020-12-03,1.22551,0.966978
2020-12-04,1.22548,0.966978
2020-12-07,1.22542,0.966978
2020-12-08,1.22508,0.966978
2020-12-09,1.2245,0.966978
2020-12-10,1.22392,0.966978
2020-12-11,1.22332,0.966978
2020-12-14,1.22285,0.966978
2020-12-15,1.22218,0.966978
2020-12-16,1.2213,0.966978
2020-12-17,1.22047,0.966978
2020-12-18,1.21974,0.966978
2020-12-21,1.21912,0.966978
2020-12-22,1.21853,0.966978
2020-12-23,1.21795,0.966978
2020-12-24,1.21741,0.966978
2020-12-28,1.21679,0.966978
2020-12-29,1.21629,0.966978
2020-12-30,1.21579,0.966978
2020-12-31,1.21532,0.966978
2021-01-04,1.21481,0.966978
2021-01-05,1.21405,0.966978
2021-01-06,1.21332,0.966978
2021-01-07,1.21256,0.966978
2021-01-08,1.2118,0.966978
2021-01-11,1.21078,0.966978
2021-01-12,1.20973,0.966978
2021-01-13,1.20858,0.966978
2021-01-14,1.20725,0.966978
2021-01-15,1.2062,0.966978
2021-01-19,1.20519,0.966978
2021-01-20,1.20415,0.966978
2021-01-21,1.20315,0.966978
2021-01-22,1.2023,0.966978
2021-01-25,1.20152,0.966978
2021-01-26,1.20086,0.966978
2021-01-27,1.20022,0.966978
2021-01-28,1.19952,0.966978
2021-01-29,1.19875,0.966978
2021-02-01,1.1981,0.966978
2021-02-02,1.19737,0.966978
2021-02-03,1.19645,0.966978
2021-02-04,1.19536,0.966978
2021-02-05,1.19397,0.966978
2021-02-08,1.19239,0.966978
2021-02-09,1.19094,0.966978
2021-02-10,1.18959,0.966978
2021-02-11,1.18851,0.966978
2021-02-12,1.18737,0.966978
2021-02-16,1.18613,0.966978
2021-02-17,1.18503,0.966978
2021-02-18,1.18405,0.966978
2021-02-19,1.18311,0.966978
2021-02-22,1.18205,0.966978
2021-02-23,1.18099,0.966978
2021-02-24,1.17998,0.966978
2021-02-25,1.1791,0.966978
2021-02-26,1.17831,0.966978
2021-03-01,1.17734,0.966978
2021-03-02,1.1765,0.966978
2021-03-03,1.1757,0.966978
2021-03-04,1.17461,0.966978
2021-03-05,1.17354,0.966978
2021-03-08,1.17257,0.966978
2021-03-09,1.17179,0.966978
2021-03-10,1.17087,0.966978
2021-03-11,1.17004,0.966978
2021-03-12,1.16917,0.966978
2021-03-15,1.16849,0.966978
2021-03-16,1.16785,0.966978
2021-03-17,1.16721,0.966978
2021-03-18,1.16674,0.966978
2021-03-19,1.16627,0.966978
2021-03-22,1.16585,0.966978
2021-03-23,1.16553,0.966978
2021-03-24,1.16524,0.966978
2021-03-25,1.16502,0.966978
2021-03-26,1.16473,0.966978
2021-03-29,1.16445,0.966978
2021-03-30,1.16424,0.966978
2021-03-31,1.16409,0.966978
2021-04-01,1.16375,0.966978
2021-04-05,1.16347,0.966978
2021-04-06,1.16316,0.966978
2021-04-07,1.16286,0.966978
2021-04-08,1.16258,0.966978
2021-04-09,1.16232,0.966978
2021-04-12,1.16205,0.966978
2021-04-13,1.16178,0.966978
2021-04-14,1.16141,0.966978
2021-04-15,1.16103,0.966978
2021-04-16,1.16069,0.966978
2021-04-19,1.16042,0.966978
2021-04-20,1.1602,0.966978
2021-04-21,1.15999,0.966978
2021-04-22,1.15976,0.966978
2021-04-23,1.15953,0.966978
2021-04-26,1.15929,0.966978
2021-04-27,1.15903,0.966978
2021-04-28,1.15869,0.966978
2021-04-29,1.15835,0.966978
2021-04-30,1.158,0.966978
2021-05-03,1.1576,0.966978
2021-05-04,1.15719,0.966978
2021-05-05,1.15672,0.966978
2021-05-06,1.15619,0.966978
2021-05-07,1.1556,0.966978
2021-05-10,1.15497,0.966978
2021-05-11,1.15447,0.966978
2021-05-12,1.15398,0.966978
2021-05-13,1.15358,0.966978
2021-05-14,1.15317,0.966978
2021-05-17,1.15264,0.966978
2021-05-18,1.15216,0.966978
2021-05-19,1.1517,0.966978
2021-05-20,1.1513,0.966978
2021-05-21,1.15095,0.966978
2021-05-24,1.15062,0.966978
2021-05-25,1.15038,0.966978
2021-05-26,1.15006,0.966978
2021-05-27,1.14972,0.966978
2021-05-28,1.14949,0.966978
2021-06-01,1.14915,0.966978
2021-06-02,1.14885,0.966978
2021-06-03,1.14849,0.966978
2021-06-04,1.14817,0.966978
2021-06-07,1.14787,0.966978
2021-06-08,1.14748,0.966978
2021-06-09,1.14694,0.966978
2021-06-10,1.14646,0.966978
2021-06-11,1.14604,0.966978
2021-06-14,1.14567,0.966978
2021-06-15,1.14513,0.966978
2021-06-16,1.1446,0.966978
2021-06-17,1.14421,0.966978
2021-06-18,1.14376,0.966978
2021-06-21,1.14323,0.966978
2021-06-22,1.14255,0.966978
2021-06-23,1.14181,0.966978
2021-06-24,1.14112,0.966978
2021-06-25,1.14046,0.966978
2021-06-28,1.1398,0.966978
2021-06-29,1.13921,0.966978
2021-06-30,1.13864,0.966978
2021-07-01,1.13819,0.966978
2021-07-02,1.13776,0.966978
2021-07-06,1.13745,0.966978
2021-07-07,1.13722,0.966978
2021-07-08,1.13702,0.966978
2021-07-09,1.13677,0.966978
2021-07-12,1.13655,0.966978
2021-07-13,1.13636,0.966978
2021-07-14,1.13623,0.966978
2021-07-15,1.13614,0.966978
2021-07-16,1.1361,0.966978
2021-07-19,1.13617,0.966978
2021-07-20,1.13617,0.966978
2021-07-21,1.13616,0.966978
2021-07-22,1.13617,0.966978
2021-07-23,1.1362,0.966978
2021-07-26,1.13616,0.966978
2021-07-27,1.1362,0.966978
2021-07-28,1.13623,0.966978
2021-07-29,1.13625,0.966978
2021-07-30,1.13643,0.966978
2021-08-02,1.13659,0.966978
2021-08-03,1.13673,0.966978
2021-08-04,1.13689,0.966978
2021-08-05,1.13707,0.966978
2021-08-06,1.13719,0.966978
2021-08-09,1.13727,0.966978
2021-08-10,1.13734,0.966978
2021-08-11,1.13745,0.966978
2021-08-12,1.13755,0.966978
2021-08-13,1.1377,0.966978
2021-08-16,1.13789,0.966978
2021-08-17,1.13813,0.966978
2021-08-18,1.13833,0.966978
2021-08-19,1.13861,0.966978
2021-08-20,1.13887,0.966978
2021-08-23,1.13896,0.966978
2021-08-24,1.13907,0.966978
2021-08-25,1.13921,0.966978
2021-08-26,1.13936,0.966978
2021-08-27,1.13945,0.966978
2021-08-30,1.13962,0.966978
2021-08-31,1.13976,0.966978
2021-09-01,1.13993,0.966978
2021-09-02,1.14004,0.966978
2021-09-03,1.14017,0.966978
2021-09-07,1.14031,0.966978
2021-09-08,1.14047,0.966978
2021-09-09,1.14059,0.966978
2021-09-10,1.14073,0.966978
2021-09-13,1.14079,0.966978
2021-09-14,1.14082,0.966978
2021-09-15,1.14072,0.966978
2021-09-16,1.14064,0.966978
2021-09-17,1.14063,0.966978
2021-09-20,1.1407,0.966978
2021-09-21,1.14079,0.966978
2021-09-22,1.14084,0.966978
2021-09-23,1.14078,0.966978
2021-09-24,1.14068,0.966978
2021-09-27,1.14049,0.966978
2021-09-28,1.14024,0.966978
2021-09-29,1.14,0.966978
2021-09-30,1.13978,0.966978
2021-10-01,1.13947,0.966978
2021-10-04,1.13907,0.966978
2021-10-05,1.1388,0.966978
2021-10-06,1.13864,0.966978
2021-10-07,1.13852,0.966978
2021-10-08,1.13836,0.966978
2021-10-11,1.13822,0.966978
2021-10-12,1.13814,0.966978
2021-10-13,1.13815,0.966978
2021-10-14,1.13808,0.966978
2021-10-15,1.13799,0.966978
2021-10-18,1.13791,0.966978
2021-10-19,1.13784,0.966978
2021-10-20,1.13784,0.966978
2021-10-21,1.13791,0.966978
2021-10-22,1.13799,0.966978
2021-10-25,1.13796,0.966978
2021-10-26,1.13772,0.966978
2021-10-27,1.13759,0.966978
2021-10-28,1.13752,0.966978
2021-10-29,1.13754,0.966978
2021-11-01,1.13738,0.966978
2021-11-02,1.13729,0.966978
2021-11-03,1.13728,0.966978
2021-11-04,1.13724,0.966978
2021-11-05,1.1372,0.966978
2021-11-08,1.13709,0.966978
2021-11-09,1.13694,0.966978
2021-11-10,1.13686,0.966978
2021-11-11,1.13677,0.966978
2021-11-12,1.13676,0.966978
2021-11-15,1.13686,0.966978
2021-11-16,1.13689,0.966978
2021-11-17,1.13698,0.966978
2021-11-18,1.13711,0.966978
2021-11-19,1.1375,0.966978
2021-11-22,1.1379,0.966978
2021-11-23,1.1382,0.966978
2021-11-24,1.13851,0.966978
2021-11-26,1.13896,0.966978
2021-11-29,1.13936,0.966978
2021-11-30,1.13988,0.966978
2021-12-01,1.14033,0.966978
2021-12-02,1.14076,0.966978
2021-12-03,1.14118,0.966978
2021-12-06,1.14161,0.966978
2021-12-07,1.14204,0.966978
2021-12-08,1.14247,0.966978
2021-12-09,1.14284,0.966978
2021-12-10,1.14315,0.966978
2021-12-13,1.14348,0.966978
2021-12-14,1.14384,0.966978
2021-12-15,1.14418,0.966978
2021-12-16,1.14458,0.966978
2021-12-17,1.14494,0.966978
2021-12-20,1.14545,0.966978
2021-12-21,1.14585,0.966978
2021-12-22,1.14621,0.966978
2021-12-23,1.14658,0.966978
2021-12-27,1.14696,0.966978
2021-12-28,1.14735,0.966978
2021-12-29,1.14777,0.966978
2021-12-30,1.14819,0.966978
2021-12-31,1.14853,0.966978
2022-01-03,1.14863,0.966978
2022-01-04,1.14851,0.966978
2022-01-05,1.14833,0.966978
2022-01-06,1.148,0.966978
2022-01-07,1.14772,0.966978
2022-01-10,1.14752,0.966978
2022-01-11,1.1471,0.966978
2022-01-12,1.14669,0.966978
2022-01-13,1.14633,0.966978
2022-01-14,1.14595,0.966978
2022-01-18,1.14545,0.966978
2022-01-19,1.14493,0.966978
2022-01-20,1.14438,0.966978
2022-01-21,1.14389,0.966978
2022-01-24,1.14336,0.966978
2022-01-25,1.14291,0.966978
2022-01-26,1.1426,0.966978
2022-01-27,1.14234,0.966978
2022-01-28,1.14176,0.966978
2022-01-31,1.14115,0.966978
2022-02-01,1.14017,0.966978
2022-02-02,1.13929,0.966978
2022-02-03,1.13849,0.966978
2022-02-04,1.13761,0.966978
2022-02-07,1.13681,0.966978
2022-02-08,1.13617,0.966978
2022-02-09,1.1357,0.966978
2022-02-10,1.13522,0.966978
2022-02-11,1.13469,0.966978
2022-02-14,1.1342,0.966978
2022-02-15,1.13379,0.966978
2022-02-16,1.13335,0.966978
2022-02-17,1.1329,0.966978
2022-02-18,1.13257,0.966978
2022-02-22,1.13229,0.966978
2022-02-23,1.13219,0.966978
2022-02-24,1.13217,0.966978
2022-02-25,1.13224,0.966978
2022-02-28,1.13245,0.966978
2022-03-01,1.1329,0.966978
2022-03-02,1.13341,0.966978
2022-03-03,1.13397,0.966978
2022-03-04,1.13427,0.966978
2022-03-07,1.1344,0.966978
2022-03-08,1.1349,0.966978
2022-03-09,1.13572,0.966978
2022-03-10,1.13646,0.966978
2022-03-11,1.13722,0.966978
2022-03-14,1.13809,0.966978
2022-03-15,1.13904,0.966978
2022-03-16,1.13996,0.966978
2022-03-17,1.14074,0.966978
2022-03-18,1.14161,0.966978
2022-03-21,1.14217,0.966978
2022-03-22,1.14272,0.966978
2022-03-23,1.1432,0.966978
2022-03-24,1.14365,0.966978
2022-03-25,1.14402,0.966978
2022-03-28,1.14451,0.966978
2022-03-29,1.14493,0.966978
2022-03-30,1.14523,0.966978
2022-03-31,1.14551,0.966978
2022-04-01,1.1458,0.966978
2022-04-04,1.14608,0.966978
2022-04-05,1.14634,0.966978
2022-04-06,1.14657,0.966978
2022-04-07,1.14674,0.966978
2022-04-08,1.14684,0.966978
2022-04-11,1.14706,0.966978
2022-04-12,1.14725,0.966978
2022-04-13,1.14743,0.966978
2022-04-14,1.14748,0.966978
2022-04-18,1.14756,0.966978
2022-04-19,1.14763,0.966978
2022-04-20,1.1477,0.966978
2022-04-21,1.14747,0.966978
2022-04-22,1.14728,0.966978
2022-04-25,1.14725,0.966978
2022-04-26,1.14716,0.966978
2022-04-27,1.14678,0.966978
2022-04-28,1.14642,0.966978
2022-04-29,1.14602,0.966978
2022-05-02,1.14567,0.966978
2022-05-03,1.14527,0.966978
2022-05-04,1.14477,0.966978
2022-05-05,1.14437,0.966978
2022-05-06,1.14407,0.966978
2022-05-09,1.14399,0.966978
2022-05-10,1.14392,0.966978
2022-05-11,1.14379,0.966978
2022-05-12,1.1437,0.966978
2022-05-13,1.14348,0.966978
2022-05-16,1.14331,0.966978
2022-05-17,1.14306,0.966978
2022-05-18,1.14275,0.966978
2022-05-19,1.14234,0.966978
2022-05-20,1.14192,0.966978
2022-05-23,1.14149,0.966978
2022-05-24,1.14107,0.966978
2022-05-25,1.14061,0.966978
2022-05-26,1.14019,0.966978
2022-05-27,1.13977,0.966978
2022-05-31,1.13936,0.966978
2022-06-01,1.13885,0.966978
2022-06-02,1.13836,0.966978
2022-06-03,1.13783,0.966978
2022-06-06,1.13731,0.966978
2022-06-07,1.13652,0.966978
2022-06-08,1.1357,0.966978
2022-06-09,1.13495,0.966978
2022-06-10,1.13431,0.966978
2022-06-13,1.13375,0.966978
2022-06-14,1.1332,0.966978
2022-06-15,1.13263,0.966978
2022-06-16,1.13198,0.966978
2022-06-17,1.13153,0.966978
2022-06-21,1.13086,0.966978
2022-06-22,1.13023,0.966978
2022-06-23,1.1296,0.966978
2022-06-24,1.12894,0.966978
2022-06-27,1.12824,0.966978
2022-06-28,1.12742,0.966978
2022-06-29,1.12684,0.966978
2022-06-30,1.12642,0.966978
2022-07-01,1.1259,0.966978
2022-07-05,1.12549,0.966978
2022-07-06,1.12515,0.966978
2022-07-07,1.12468,0.966978
2022-07-08,1.12417,0.966978
2022-07-11,1.12366,0.966978
2022-07-12,1.12313,0.966978
2022-07-13,1.12253,0.966978
2022-07-14,1.12202,0.966978
2022-07-15,1.12147,0.966978
2022-07-18,1.12088,0.966978
2022-07-19,1.12037,0.966978
2022-07-20,1.11989,0.966978
2022-07-21,1.11953,0.966978
2022-07-22,1.11918,0.966978
2022-07-25,1.11878,0.966978
2022-07-26,1.11836,0.966978
2022-07-27,1.11787,0.966978
2022-07-28,1.11734,0.966978
2022-07-29,1.11714,0.966978
2022-08-01,1.11701,0.966978
2022-08-02,1.11686,0.966978
2022-08-03,1.11682,0.966978
2022-08-04,1.11696,0.966978
2022-08-05,1.1171,0.966978
2022-08-08,1.11717,0.966978
2022-08-09,1.11717,0.966978
2022-08-10,1.1171,0.966978
2022-08-11,1.11697,0.966978
2022-08-12,1.11677,0.966978
2022-08-15,1.11659,0.966978
2022-08-16,1.11648,0.966978
2022-08-17,1.11637,0.966978
2022-08-18,1.11619,0.966978
2022-08-19,1.11598,0.966978
2022-08-22,1.11573,0.966978
2022-08-23,1.11537,0.966978
2022-08-24,1.11503,0.966978
2022-08-25,1.11473,0.966978
2022-08-26,1.1145,0.966978
2022-08-29,1.11412,0.966978
2022-08-30,1.11392,0.966978
2022-08-31,1.11366,0.966978
2022-09-01,1.11344,0.966978
2022-09-02,1.11319,0.966978
2022-09-06,1.11297,0.966978
2022-09-07,1.11273,0.966978
2022-09-08,1.11247,0.966978
2022-09-09,1.11228,0.966978
2022-09-12,1.11212,0.966978
2022-09-13,1.11202,0.966978
2022-09-14,1.11191,0.966978
2022-09-15,1.11194,0.966978
2022-09-16,1.1119,0.966978
2022-09-19,1.1119,0.966978
2022-09-20,1.11194,0.966978
2022-09-21,1.11206,0.966978
2022-09-22,1.11221,0.966978
2022-09-23,1.11229,0.966978
2022-09-26,1.11234,0.966978
2022-09-27,1.11221,0.966978
2022-09-28,1.11202,0.966978
2022-09-29,1.11179,0.966978
2022-09-30,1.11166,0.966978
2022-10-03,1.11151,0.966978
2022-10-04,1.11135,0.966978
2022-10-05,1.11086,0.966978
2022-10-06,1.11026,0.966978
2022-10-07,1.10971,0.966978
2022-10-10,1.10924,0.966978
2022-10-11,1.10887,0.966978
2022-10-12,1.1085,0.966978
2022-10-13,1.10822,0.966978
2022-10-14,1.10794,0.966978
2022-10-17,1.10759,0.966978
2022-10-18,1.10731,0.966978
2022-10-19,1.10704,0.966978
2022-10-20,1.10682,0.966978
2022-10-21,1.10664,0.966978
2022-10-24,1.1064,0.966978
2022-10-25,1.10633,0.966978
2022-10-26,1.10625,0.966978
2022-10-27,1.10617,0.966978
2022-10-28,1.10592,0.966978
2022-10-31,1.10572,0.966978
2022-11-01,1.10549,0.966978
2022-11-02,1.1053,0.966978
2022-11-03,1.10511,0.966978
2022-11-04,1.10493,0.966978
2022-11-07,1.10475,0.966978
2022-11-08,1.10453,0.966978
2022-11-09,1.10441,0.966978
2022-11-10,1.10431,0.966978
2022-11-11,1.10417,0.966978
2022-11-14,1.10401,0.966978
2022-11-15,1.10386,0.966978
2022-11-16,1.10367,0.966978
2022-11-17,1.10351,0.966978
2022-11-18,1.10339,0.966978
2022-11-21,1.10328,0.966978
2022-11-22,1.10312,0.966978
2022-11-23,1.10294,0.966978
2022-11-25,1.10278,0.966978
2022-11-28,1.10266,0.966978
2022-11-29,1.10261,0.966978
2022-11-30,1.10259,0.966978
2022-12-01,1.10259,0.966978
2022-12-02,1.1026,0.966978
2022-12-05,1.10266,0.966978
2022-12-06,1.10275,0.966978
2022-12-07,1.10289,0.966978
2022-12-08,1.103,0.966978
2022-12-09,1.10292,0.966978
2022-12-12,1.10269,0.966978
2022-12-13,1.10256,0.966978
2022-12-14,1.10245,0.966978
2022-12-15,1.10236,0.966978
2022-12-16,1.10223,0.966978
2022-12-19,1.10212,0.966978
2022-12-20,1.10202,0.966978
2022-12-21,1.10191,0.966978
2022-12-22,1.10186,0.966978
2022-12-23,1.10182,0.966978
2022-12-27,1.10177,0.966978
2022-12-28,1.10174,0.966978
2022-12-29,1.10171,0.966978
2022-12-30,1.10164,0.966978
2023-01-03,1.10164,0.966978
2023-01-04,1.10152,0.966978
2023-01-05,1.10135,0.966978
2023-01-06,1.10113,0.966978
2023-01-09,1.10104,0.966978
2023-01-10,1.10085,0.966978
2023-01-11,1.10052,0.966978
2023-01-12,1.10013,0.966978
2023-01-13,1.09979,0.966978
2023-01-17,1.09963,0.966978
2023-01-18,1.09951,0.966978
2023-01-19,1.09941,0.966978
2023-01-20,1.09925,0.966978
2023-01-23,1.09912,0.966978
2023-01-24,1.09893,0.966978
2023-01-25,1.0987,0.966978
2023-01-26,1.09852,0.966978
2023-01-27,1.09813,0.966978
2023-01-30,1.09768,0.966978
2023-01-31,1.09703,0.966978
2023-02-01,1.09637,0.966978
2023-02-02,1.09593,0.966978
2023-02-03,1.09546,0.966978
2023-02-06,1.09504,0.966978
2023-02-07,1.09459,0.966978
2023-02-08,1.09403,0.966978
2023-02-09,1.09338,0.966978
2023-02-10,1.09255,0.966978
2023-02-13,1.09173,0.966978
2023-02-14,1.09113,0.966978
2023-02-15,1.09049,0.966978
2023-02-16,1.08978,0.966978
2023-02-17,1.08927,0.966978
2023-02-21,1.0887,0.966978
2023-02-22,1.08823,0.966978
2023-02-23,1.08778,0.966978
2023-02-24,1.08737,0.966978
2023-02-27,1.08702,0.966978
2023-02-28,1.08663,0.966978
2023-03-01,1.08623,0.966978
2023-03-02,1.08584,0.966978
2023-03-03,1.08547,0.966978
2023-03-06,1.08509,0.966978
2023-03-07,1.0848,0.966978
2023-03-08,1.0846,0.966978
2023-03-09,1.08436,0.966978
2023-03-10,1.08419,0.966978
2023-03-13,1.08408,0.966978
2023-03-14,1.08406,0.966978
2023-03-15,1.08412,0.966978
2023-03-16,1.08427,0.966978
2023-03-17,1.08441,0.966978
2023-03-20,1.08443,0.966978
2023-03-21,1.0843,0.966978
2023-03-22,1.08422,0.966978
2023-03-23,1.08416,0.966978
2023-03-24,1.08418,0.966978
2023-03-27,1.08408,0.966978
2023-03-28,1.08397,0.966978
2023-03-29,1.08377,0.966978
2023-03-30,1.08363,0.966978
2023-03-31,1.08351,0.966978
2023-04-03,1.08321,0.966978
2023-04-04,1.08297,0.966978
2023-04-05,1.08262,0.966978
2023-04-06,1.08233,0.966978
2023-04-10,1.08213,0.966978
2023-04-11,1.08191,0.966978
2023-04-12,1.08175,0.966978
2023-04-13,1.08166,0.966978
2023-04-14,1.08157,0.966978
2023-04-17,1.08152,0.966978
2023-04-18,1.08126,0.966978
2023-04-19,1.08106,0.966978
2023-04-20,1.0809,0.966978
2023-04-21,1.08067,0.966978
2023-04-24,1.0804,0.966978
2023-04-25,1.08015,0.966978
2023-04-26,1.07985,0.966978
2023-04-27,1.07949,0.966978
2023-04-28,1.07911,0.966978
2023-05-01,1.07897,0.966978
2023-05-02,1.07884,0.966978
2023-05-03,1.07872,0.966978
2023-05-04,1.07873,0.966978
2023-05-05,1.07874,0.966978
2023-05-08,1.07867,0.966978
2023-05-09,1.07858,0.966978
2023-05-10,1.0785,0.966978
2023-05-11,1.07854,0.966978
2023-05-12,1.07861,0.966978
2023-05-15,1.07869,0.966978
2023-05-16,1.07878,0.966978
2023-05-17,1.07879,0.966978
2023-05-18,1.07871,0.966978
2023-05-19,1.07866,0.966978
2023-05-22,1.07856,0.966978
2023-05-23,1.07859,0.966978
2023-05-24,1.07854,0.966978
2023-05-25,1.0785,0.966978
2023-05-26,1.07851,0.966978
2023-05-30,1.07854,0.966978
2023-05-31,1.07859,0.966978
2023-06-01,1.07862,0.966978
2023-06-02,1.07867,0.966978
2023-06-05,1.07872,0.966978
2023-06-06,1.0787,0.966978
2023-06-07,1.0787,0.966978
2023-06-08,1.0787,0.966978
2023-06-09,1.07875,0.966978
2023-06-12,1.07879,0.966978
2023-06-13,1.0789,0.966978
2023-06-14,1.07903,0.966978
2023-06-15,1.07916,0.966978
2023-06-16,1.0793,0.966978
2023-06-20,1.07945,0.966978
2023-06-21,1.07955,0.966978
2023-06-22,1.07958,0.966978
2023-06-23,1.07962,0.966978
2023-06-26,1.07963,0.966978
2023-06-27,1.0796,0.966978
2023-06-28,1.07957,0.966978
2023-06-29,1.07949,0.966978
2023-06-30,1.07944,0.966978
2023-07-03,1.07936,0.966978
2023-07-05,1.07928,0.966978
2023-07-06,1.07937,0.966978
2023-07-07,1.07951,0.966978
2023-07-10,1.07956,0.966978
2023-07-11,1.07965,0.966978
2023-07-12,1.07978,0.966978
2023-07-13,1.07996,0.966978
2023-07-14,1.08023,0.966978
2023-07-17,1.08045,0.966978
2023-07-18,1.08072,0.966978
2023-07-19,1.08097,0.966978
2023-07-20,1.08114,0.966978
2023-07-21,1.08139,0.966978
2023-07-24,1.08165,0.966978
2023-07-25,1.08192,0.966978
2023-07-26,1.08218,0.966978
2023-07-27,1.0823,0.966978
2023-07-28,1.08249,0.966978
2023-07-31,1.08265,0.966978
2023-08-01,1.08279,0.966978
2023-08-02,1.08291,0.966978
2023-08-03,1.08285,0.966978
2023-08-04,1.08276,0.966978
2023-08-07,1.08272,0.966978
2023-08-08,1.08262,0.966978
2023-08-09,1.08238,0.966978
2023-08-10,1.08215,0.966978
2023-08-11,1.08197,0.966978
2023-08-14,1.08177,0.966978
2023-08-15,1.08158,0.966978
2023-08-16,1.08151,0.966978
2023-08-17,1.08142,0.966978
2023-08-18,1.08125,0.966978
2023-08-21,1.08117,0.966978
2023-08-22,1.08107,0.966978
2023-08-23,1.08107,0.966978
2023-08-24,1.08107,0.966978
2023-08-25,1.08097,0.966978
2023-08-28,1.08085,0.966978
2023-08-29,1.08067,0.966978
2023-08-30,1.08042,0.966978
2023-08-31,1.08021,0.966978
2023-09-01,1.07997,0.966978
2023-09-05,1.07986,0.966978
2023-09-06,1.07968,0.966978
2023-09-07,1.07955,0.966978
2023-09-08,1.07933,0.966978
2023-09-11,1.07905,0.966978
2023-09-12,1.07867,0.966978
2023-09-13,1.07836,0.966978
2023-09-14,1.07796,0.966978
2023-09-15,1.07767,0.966978
2023-09-18,1.07736,0.966978
2023-09-19,1.07708,0.966978
2023-09-20,1.07687,0.966978
2023-09-21,1.07672,0.966978
2023-09-22,1.07661,0.966978
2023-09-25,1.07653,0.966978
2023-09-26,1.07639,0.966978
2023-09-27,1.07613,0.966978
2023-09-28,1.07591,0.966978
2023-09-29,1.07575,0.966978
2023-10-02,1.07564,0.966978
2023-10-03,1.07554,0.966978
2023-10-04,1.07559,0.966978
2023-10-05,1.07589,0.966978
2023-10-06,1.07625,0.966978
2023-10-09,1.07651,0.966978
2023-10-10,1.07679,0.966978
2023-10-11,1.07711,0.966978
2023-10-12,1.07742,0.966978
2023-10-13,1.07759,0.966978
2023-10-16,1.07781,0.966978
2023-10-17,1.07802,0.966978
2023-10-18,1.07816,0.966978
2023-10-19,1.07829,0.966978
2023-10-20,1.07847,0.966978
2023-10-23,1.07845,0.966978
2023-10-24,1.07831,0.966978
2023-10-25,1.07811,0.966978
2023-10-26,1.07795,0.966978
2023-10-27,1.07738,0.966978
2023-10-30,1.0769,0.966978
2023-10-31,1.07642,0.966978
2023-11-01,1.07588,0.966978
2023-11-02,1.07534,0.966978
2023-11-03,1.07486,0.966978
2023-11-06,1.07454,0.966978
2023-11-07,1.07422,0.966978
2023-11-08,1.0739,0.966978
2023-11-09,1.07357,0.966978
2023-11-10,1.07324,0.966978
2023-11-13,1.07289,0.966978
2023-11-14,1.07258,0.966978
2023-11-15,1.07237,0.966978
2023-11-16,1.07213,0.966978
2023-11-17,1.07185,0.966978
2023-11-20,1.07161,0.966978
2023-11-21,1.07136,0.966978
2023-11-22,1.07118,0.966978
2023-11-24,1.07099,0.966978
2023-11-27,1.07083,0.966978
2023-11-28,1.07075,0.966978
2023-11-29,1.07071,0.966978
2023-11-30,1.07063,0.966978
2023-12-01,1.07059,0.966978
2023-12-04,1.07061,0.966978
2023-12-05,1.07069,0.966978
2023-12-06,1.07087,0.966978
2023-12-07,1.0711,0.966978
2023-12-08,1.07132,0.966978
2023-12-11,1.07154,0.966978
2023-12-12,1.07178,0.966978
2023-12-13,1.07205,0.966978
2023-12-14,1.07238,0.966978
2023-12-15,1.07273,0.966978
2023-12-18,1.07302,0.966978
2023-12-19,1.07328,0.966978
2023-12-20,1.07361,0.966978
2023-12-21,1.07392,0.966978
2023-12-22,1.07421,0.966978
2023-12-26,1.07455,0.966978
2023-12-27,1.07489,0.966978
2023-12-28,1.07523,0.966978
2023-12-29,1.07554,0.966978
2024-01-02,1.07564,0.966978
2024-01-03,1.07582,0.966978
2024-01-04,1.07599,0.966978
2024-01-05,1.0761,0.966978
2024-01-08,1.07631,0.966978
2024-01-09,1.07641,0.966978
2024-01-10,1.07652,0.966978
2024-01-11,1.07668,0.966978
2024-01-12,1.07683,0.966978
2024-01-16,1.07697,0.966978
2024-01-17,1.07714,0.966978
2024-01-18,1.07724,0.966978
2024-01-19,1.07735,0.966978
2024-01-22,1.07749,0.966978
2024-01-23,1.07749,0.966978
2024-01-24,1.0775,0.966978
2024-01-25,1.0775,0.966978
2024-01-26,1.07745,0.966978
2024-01-29,1.07738,0.966978
2024-01-30,1.07723,0.966978
2024-01-31,1.07711,0.966978
2024-02-01,1.07705,0.966978
2024-02-02,1.07729,0.966978
2024-02-05,1.07756,0.966978
2024-02-06,1.07775,0.966978
2024-02-07,1.07793,0.966978
2024-02-08,1.07805,0.966978
2024-02-09,1.0782,0.966978
2024-02-12,1.07827,0.966978
2024-02-13,1.07834,0.966978
2024-02-14,1.07847,0.966978
2024-02-15,1.07863,0.966978
2024-02-16,1.07878,0.966978
2024-02-20,1.07899,0.966978
2024-02-21,1.07908,0.966978
2024-02-22,1.07917,0.966978
2024-02-23,1.0793,0.966978
2024-02-26,1.07937,0.966978
2024-02-27,1.07933,0.966978
2024-02-28,1.07928,0.966978
2024-02-29,1.0792,0.966978
2024-03-01,1.07904,0.966978
2024-03-04,1.07881,0.966978
2024-03-05,1.0785,0.966978
2024-03-06,1.07804,0.966978
2024-03-07,1.0776,0.966978
2024-03-08,1.07713,0.966978
2024-03-11,1.07673,0.966978
2024-03-12,1.07641,0.966978
2024-03-13,1.07611,0.966978
2024-03-14,1.07576,0.966978
2024-03-15,1.07543,0.966978
2024-03-18,1.07502,0.966978
2024-03-19,1.07463,0.966978
2024-03-20,1.07415,0.966978
2024-03-21,1.07367,0.966978
2024-03-22,1.07319,0.966978
2024-03-25,1.07274,0.966978
2024-03-26,1.07231,0.966978
2024-03-27,1.07186,0.966978
2024-03-28,1.0714,0.966978
2024-04-01,1.07098,0.966978
2024-04-02,1.07043,0.966978
2024-04-03,1.06994,0.966978
2024-04-04,1.06944,0.966978
2024-04-05,1.06889,0.966978
2024-04-08,1.06841,0.966978
2024-04-09,1.06794,0.966978
2024-04-10,1.06745,0.966978
2024-04-11,1.06696,0.966978
2024-04-12,1.06645,0.966978
2024-04-15,1.06594,0.966978
2024-04-16,1.06546,0.966978
2024-04-17,1.065,0.966978
2024-04-18,1.06464,0.966978
2024-04-19,1.06431,0.966978
2024-04-22,1.06405,0.966978
2024-04-23,1.06382,0.966978
2024-04-24,1.06363,0.966978
2024-04-25,1.06352,0.966978
2024-04-26,1.06369,0.966978
2024-04-29,1.06376,0.966978
2024-04-30,1.06366,0.966978
2024-05-01,1.06366,0.966978
2024-05-02,1.06369,0.966978
2024-05-03,1.06372,0.966978
2024-05-06,1.0638,0.966978
2024-05-07,1.06394,0.966978
2024-05-08,1.06407,0.966978
2024-05-09,1.06416,0.966978
2024-05-10,1.06431,0.966978
2024-05-13,1.06439,0.966978
2024-05-14,1.06437,0.966978
2024-05-15,1.06424,0.966978
2024-05-16,1.06416,0.966978
2024-05-17,1.06403,0.966978
2024-05-20,1.0639,0.966978
2024-05-21,1.06377,0.966978
2024-05-22,1.0637,0.966978
2024-05-23,1.06376,0.966978
2024-05-24,1.06387,0.966978
2024-05-28,1.06393,0.966978
2024-05-29,1.06397,0.966978
2024-05-30,1.06405,0.966978
2024-05-31,1.06409,0.966978
2024-06-03,1.06408,0.966978
2024-06-04,1.06415,0.966978
2024-06-05,1.06411,0.966978
2024-06-06,1.06407,0.966978
2024-06-07,1.06412,0.966978
2024-06-10,1.06419,0.966978
2024-06-11,1.06431,0.966978
2024-06-12,1.06441,0.966978
2024-06-13,1.06449,0.966978
2024-06-14,1.06464,0.966978
2024-06-17,1.06487,0.966978
2024-06-18,1.06502,0.966978
2024-06-20,1.06515,0.966978
2024-06-21,1.06529,0.966978
2024-06-24,1.06537,0.966978
2024-06-25,1.06537,0.966978
2024-06-26,1.06524,0.966978
2024-06-27,1.06509,0.966978
2024-06-28,1.06494,0.966978
2024-07-01,1.06481,0.966978
2024-07-02,1.06476,0.966978
2024-07-03,1.06467,0.966978
2024-07-05,1.06456,0.966978
2024-07-08,1.06455,0.966978
2024-07-09,1.06456,0.966978
2024-07-10,1.06461,0.966978
2024-07-11,1.06457,0.966978
2024-07-12,1.06454,0.966978
2024-07-15,1.06449,0.966978
2024-07-16,1.06436,0.966978
2024-07-17,1.0643,0.966978
2024-07-18,1.06419,0.966978
2024-07-19,1.06414,0.966978
2024-07-22,1.06405,0.966978
2024-07-23,1.06395,0.966978
2024-07-24,1.06377,0.966978
2024-07-25,1.06355,0.966978
2024-07-26,1.06337,0.966978
2024-07-29,1.06322,0.966978
2024-07-30,1.06307,0.966978
2024-07-31,1.06295,0.966978
2024-08-01,1.06253,0.966978
2024-08-02,1.0619,0.966978
2024-08-05,1.06124,0.966978
2024-08-06,1.06056,0.966978
2024-08-07,1.05975,0.966978
2024-08-08,1.05891,0.966978
2024-08-09,1.05807,0.966978
2024-08-12,1.05725,0.966978
2024-08-13,1.0565,0.966978
2024-08-14,1.05573,0.966978
2024-08-15,1.05505,0.966978
2024-08-16,1.05448,0.966978
2024-08-19,1.05397,0.966978
2024-08-20,1.05366,0.966978
2024-08-21,1.05346,0.966978
2024-08-22,1.05322,0.966978
2024-08-23,1.05298,0.966978
2024-08-26,1.05261,0.966978
2024-08-27,1.05224,0.966978
2024-08-28,1.05193,0.966978
2024-08-29,1.05159,0.966978
2024-08-30,1.05131,0.966978
2024-09-03,1.05103,0.966978
2024-09-04,1.05073,0.966978
2024-09-05,1.05044,0.966978
2024-09-06,1.05006,0.966978
2024-09-09,1.04961,0.966978
2024-09-10,1.04939,0.966978
2024-09-11,1.04924,0.966978
2024-09-12,1.04906,0.966978
2024-09-13,1.04898,0.966978
2024-09-16,1.04886,0.966978
2024-09-17,1.04871,0.966978
2024-09-18,1.04857,0.966978
2024-09-19,1.04839,0.966978
2024-09-20,1.0483,0.966978
2024-09-23,1.04817,0.966978
2024-09-24,1.04807,0.966978
2024-09-25,1.04794,0.966978
2024-09-26,1.04785,0.966978
2024-09-27,1.04774,0.966978
2024-09-30,1.04762,0.966978
2024-10-01,1.04745,0.966978
2024-10-02,1.04724,0.966978
2024-10-03,1.04697,0.966978
2024-10-04,1.04652,0.966978
2024-10-07,1.04607,0.966978
2024-10-08,1.04575,0.966978
2024-10-09,1.04549,0.966978
2024-10-10,1.04522,0.966978
2024-10-11,1.04497,0.966978
2024-10-14,1.04472,0.966978
2024-10-15,1.04452,0.966978
2024-10-16,1.04436,0.966978
2024-10-17,1.04438,0.966978
2024-10-18,1.04439,0.966978
2024-10-21,1.0444,0.966978
2024-10-22,1.04437,0.966978
2024-10-23,1.04435,0.966978
2024-10-24,1.04438,0.966978
2024-10-25,1.04443,0.966978
2024-10-28,1.04451,0.966978
2024-10-29,1.0446,0.966978
2024-10-30,1.0447,0.966978
2024-10-31,1.04483,0.966978
2024-11-01,1.04533,0.966978
2024-11-04,1.04559,0.966978
2024-11-05,1.04578,0.966978
2024-11-06,1.04605,0.966978
2024-11-07,1.04625,0.966978
2024-11-08,1.04645,0.966978
2024-11-11,1.04666,0.966978
2024-11-12,1.04681,0.966978
2024-11-13,1.04705,0.966978
2024-11-14,1.04745,0.966978
2024-11-15,1.0479,0.966978
2024-11-18,1.04831,0.966978
2024-11-19,1.04877,0.966978
2024-11-20,1.04917,0.966978
2024-11-21,1.04946,0.966978
2024-11-22,1.04978,0.966978
2024-11-25,1.05012,0.966978
2024-11-26,1.05071,0.966978
2024-11-27,1.05127,0.966978
2024-11-29,1.05178,0.966978
2024-12-02,1.05229,0.966978
2024-12-03,1.05279,0.966978
2024-12-04,1.05332,0.966978
2024-12-05,1.05386,0.966978
2024-12-06,1.05424,0.966978
2024-12-09,1.05477,0.966978
2024-12-10,1.05528,0.966978
2024-12-11,1.05579,0.966978
2024-12-12,1.05621,0.966978
2024-12-13,1.05665,0.966978
2024-12-16,1.057,0.966978
2024-12-17,1.05731,0.966978
2024-12-18,1.05751,0.966978
2024-12-19,1.05761,0.966978
2024-12-20,1.05777,0.966978
2024-12-23,1.05789,0.966978
2024-12-24,1.05806,0.966978
2024-12-26,1.05822,0.966978
2024-12-27,1.05837,0.966978
2024-12-30,1.05852,0.966978
2024-12-31,1.05863,0.966978
2025-01-02,1.05885,0.966978
2025-01-03,1.05909,0.966978
2025-01-06,1.0593,0.966978
2025-01-07,1.05954,0.966978
2025-01-08,1.05997,0.966978
2025-01-10,1.06057,0.966978
2025-01-13,1.06105,0.966978
2025-01-14,1.06155,0.966978
2025-01-15,1.06197,0.966978
2025-01-16,1.06244,0.966978
2025-01-17,1.06293,0.966978
2025-01-21,1.06329,0.966978
2025-01-22,1.06369,0.966978
2025-01-23,1.06401,0.966978
2025-01-24,1.06441,0.966978
2025-01-27,1.06477,0.966978
2025-01-28,1.06522,0.966978
2025-01-29,1.06558,0.966978
2025-01-30,1.06589,0.966978
2025-01-31,1.06601,0.966978
2025-02-03,1.06612,0.966978
2025-02-04,1.0662,0.966978
2025-02-05,1.06627,0.966978
2025-02-06,1.0664,0.966978
2025-02-07,1.06653,0.966978
2025-02-10,1.06665,0.966978
2025-02-11,1.0668,0.966978
2025-02-12,1.06709,0.966978
2025-02-13,1.06735,0.966978
2025-02-14,1.06765,0.966978
2025-02-18,1.06784,0.966978
2025-02-19,1.06805,0.966978
2025-02-20,1.06821,0.966978
2025-02-21,1.06837,0.966978
2025-02-24,1.06852,0.966978
2025-02-25,1.06871,0.966978
2025-02-26,1.06885,0.966978
2025-02-27,1.06901,0.966978
2025-02-28,1.06918,0.966978
2025-03-03,1.06933,0.966978
2025-03-04,1.06943,0.966978
2025-03-05,1.06964,0.966978
2025-03-06,1.06977,0.966978
2025-03-07,1.06997,0.966978
2025-03-10,1.07,0.966978
2025-03-11,1.07005,0.966978
2025-03-12,1.07003,0.966978
2025-03-13,1.0701,0.966978
2025-03-14,1.07008,0.966978
2025-03-17,1.07001,0.966978
2025-03-18,1.07006,0.966978
2025-03-19,1.07014,0.966978
2025-03-20,1.07022,0.966978
2025-03-21,1.07032,0.966978
2025-03-24,1.07041,0.966978
2025-03-25,1.07048,0.966978
2025-03-26,1.07052,0.966978
2025-03-27,1.07052,0.966978
2025-03-28,1.0705,0.966978
2025-03-31,1.07046,0.966978
2025-04-01,1.07047,0.966978
2025-04-02,1.0704,0.966978
2025-04-03,1.07028,0.966978
2025-04-04,1.07012,0.966978
2025-04-07,1.0699,0.966978
2025-04-08,1.06969,0.966978
2025-04-09,1.06958,0.966978
2025-04-10,1.06934,0.966978
2025-04-11,1.06886,0.966978
2025-04-14,1.06835,0.966978
2025-04-15,1.06784,0.966978
2025-04-16,1.0673,0.966978
2025-04-17,1.06671,0.966978
2025-04-21,1.06601,0.966978
2025-04-22,1.06531,0.966978
2025-04-23,1.06468,0.966978
2025-04-24,1.06412,0.966978
2025-04-25,1.06356,0.966978
2025-04-28,1.0631,0.966978
2025-04-29,1.06264,0.966978
2025-04-30,1.06223,0.966978
2025-05-01,1.06183,0.966978
2025-05-02,1.06155,0.966978
2025-05-05,1.06134,0.966978
2025-05-06,1.06103,0.966978
2025-05-07,1.06075,0.966978
2025-05-08,1.06043,0.966978
2025-05-09,1.06011,0.966978
2025-05-12,1.05984,0.966978
2025-05-13,1.0596,0.966978
2025-05-14,1.0594,0.966978
2025-05-15,1.05916,0.966978
2025-05-16,1.05895,0.966978
2025-05-19,1.05878,0.966978
2025-05-20,1.05867,0.966978
2025-05-21,1.05857,0.966978
2025-05-22,1.05852,0.966978
2025-05-23,1.05854,0.966978
2025-05-27,1.0586,0.966978
2025-05-28,1.05867,0.966978
2025-05-29,1.0588,0.966978
2025-05-30,1.05888,0.966978
2025-06-02,1.05897,0.966978
2025-06-03,1.05909,0.966978
2025-06-04,1.0592,0.966978
2025-06-05,1.05933,0.966978
2025-06-06,1.05943,0.966978
2025-06-09,1.05951,0.966978
2025-06-10,1.05955,0.966978
2025-06-11,1.0595,0.966978
2025-06-12,1.05942,0.966978
2025-06-13,1.05921,0.966978
2025-06-16,1.05898,0.966978
2025-06-17,1.0588,0.966978
2025-06-18,1.05866,0.966978
2025-06-20,1.05848,0.966978
2025-06-23,1.05839,0.966978
2025-06-24,1.05839,0.966978
2025-06-25,1.05837,0.966978
2025-06-26,1.05829,0.966978
2025-06-27,1.05822,0.966978
2025-06-30,1.05825,0.966978
2025-07-01,1.0583,0.966978
2025-07-02,1.05834,0.966978
2025-07-03,1.05831,0.966978
2025-07-07,1.05831,0.966978
2025-07-08,1.0584,0.966978
2025-07-09,1.0585,0.966978
2025-07-10,1.05857,0.966978
2025-07-11,1.05866,0.966978
2025-07-14,1.05867,0.966978
2025-07-15,1.0587,0.966978
2025-07-16,1.05874,0.966978
2025-07-17,1.0589,0.966978
2025-07-18,1.05931,0.966978
2025-07-21,1.05965,0.966978
2025-07-22,1.05996,0.966978
2025-07-23,1.06031,0.966978
2025-07-24,1.06074,0.966978
2025-07-25,1.06112,0.966978
2025-07-28,1.06148,0.966978
2025-07-29,1.06175,0.966978
2025-07-30,1.0619,0.966978
2025-07-31,1.06196,0.966978
2025-08-01,1.06216,0.966978
2025-08-04,1.06252,0.966978
2025-08-05,1.063,0.966978
2025-08-06,1.06349,0.966978
2025-08-07,1.06404,0.966978
2025-08-08,1.0646,0.966978
2025-08-11,1.06513,0.966978
2025-08-12,1.06567,0.966978
2025-08-13,1.06615,0.966978
2025-08-14,1.06658,0.966978
2025-08-15,1.06707,0.966978
2025-08-18,1.06745,0.966978
2025-08-19,1.06766,0.966978
2025-08-20,1.06784,0.966978
2025-08-21,1.06809,0.966978
2025-08-22,1.0683,0.966978
2025-08-25,1.06847,0.966978
2025-08-26,1.0686,0.966978
2025-08-27,1.06873,0.966978
2025-08-28,1.0688,0.966978
2025-08-29,1.06887,0.966978
2025-09-02,1.06897,0.966978
2025-09-03,1.06908,0.966978
2025-09-04,1.06914,0.966978
2025-09-05,1.06923,0.966978
2025-09-08,1.06928,0.966978
2025-09-09,1.06931,0.966978
2025-09-10,1.06935,0.966978
2025-09-11,1.06944,0.966978
2025-09-12,1.06947,0.966978
2025-09-15,1.06949,0.966978
2025-09-16,1.06944,0.966978
2025-09-17,1.06937,0.966978
2025-09-18,1.06935,0.966978
2025-09-19,1.06928,0.966978
2025-09-22,1.06926,0.966978
2025-09-23,1.06917,0.966978
2025-09-24,1.06912,0.966978
2025-09-25,1.06908,0.966978
2025-09-26,1.06888,0.966978
2025-09-29,1.06871,0.966978
2025-09-30,1.06861,0.966978
2025-10-01,1.06855,0.966978
2025-10-02,1.06847,0.966978
2025-10-03,1.06825,0.966978
2025-10-06,1.06799,0.966978
2025-10-07,1.06779,0.966978
2025-10-08,1.06754,0.966978
2025-10-09,1.06728,0.966978
2025-10-10,1.06705,0.966978
2025-10-13,1.06688,0.966978
2025-10-14,1.06674,0.966978
2025-10-15,1.06664,0.966978
2025-10-16,1.06661,0.966978
2025-10-17,1.06652,0.966978
2025-10-20,1.06647,0.966978
2025-10-21,1.06639,0.966978
2025-10-22,1.06625,0.966978
2025-10-23,1.06606,0.966978
2025-10-24,1.06588,0.966978
2025-10-27,1.06565,0.966978
2025-10-28,1.06543,0.966978
2025-10-29,1.06517,0.966978
2025-10-30,1.06496,0.966978
2025-10-31,1.06502,0.966978
2025-11-03,1.06493,0.966978
2025-11-04,1.06477,0.966978
2025-11-05,1.06462,0.966978
2025-11-06,1.06442,0.966978
2025-11-07,1.06413,0.966978
2025-11-10,1.06381,0.966978
2025-11-11,1.06341,0.966978
2025-11-12,1.063,0.966978
2025-11-13,1.06268,0.966978
2025-11-14,1.06236,0.966978
2025-11-17,1.06203,0.966978
2025-11-18,1.06163,0.966978
2025-11-19,1.06128,0.966978
2025-11-20,1.06089,0.966978
2025-11-21,1.06048,0.966978
2025-11-24,1.06017,0.966978
2025-11-25,1.05992,0.966978
2025-11-26,1.05971,0.966978
2025-11-28,1.05951,0.966978
2025-12-01,1.05935,0.966978
2025-12-02,1.05916,0.966978
2025-12-03,1.05886,0.966978
2025-12-04,1.05867,0.966978
2025-12-05,1.0584,0.966978
2025-12-08,1.05811,0.966978
2025-12-09,1.05765,0.966978
2025-12-10,1.05727,0.966978
2025-12-11,1.05687,0.966978
2025-12-12,1.0565,0.966978
2025-12-15,1.05621,0.966978
2025-12-16,1.056,0.966978
2025-12-17,1.05575,0.966978
2025-12-18,1.05547,0.966978
2025-12-19,1.05519,0.966978
2025-12-22,1.05493,0.966978
2025-12-23,1.05462,0.966978
2025-12-24,1.05434,0.966978
2025-12-26,1.05405,0.966978
2025-12-29,1.05372,0.966978
2025-12-30,1.05344,0.966978
2025-12-31,1.05323,0.966978
2026-01-02,1.05306,0.966978
2026-01-05,1.05311,0.966978
2026-01-06,1.05309,0.966978
2026-01-07,1.05319,0.966978
2026-01-08,1.05318,0.966978
2026-01-09,1.05319,0.966978
2026-01-12,1.05326,0.966978
2026-01-13,1.05323,0.966978
2026-01-14,1.05311,0.966978
2026-01-15,1.05302,0.966978
2026-01-16,1.05288,0.966978
2026-01-20,1.05266,0.966978
2026-01-21,1.0523,0.966978
2026-01-22,1.05196,0.966978
2026-01-23,1.05154,0.966978
2026-01-26,1.05119,0.966978
2026-01-27,1.0508,0.966978
2026-01-28,1.05042,0.966978
2026-01-29,1.04993,0.966978
2026-01-30,1.04969,0.966978
2026-02-02,1.04951,0.966978
2026-02-03,1.04919,0.966978
2026-02-04,1.0488,0.966978
2026-02-05,1.04842,0.966978
2026-02-06,1.04796,0.966978
2026-02-09,1.04746,0.966978
2026-02-10,1.04695,0.966978
2026-02-11,1.04639,0.966978
2026-02-12,1.04598,0.966978
2026-02-13,1.04573,0.966978
2026-02-17,1.04557,0.966978
2026-02-18,1.0453,0.966978
2026-02-19,1.04506,0.966978
2026-02-20,1.04502,0.966978
2026-02-23,1.04482,0.966978
2026-02-24,1.04473,0.966978
2026-02-25,1.04461,0.966978
2026-02-26,1.04453,0.966978
2026-02-27,1.04433,0.966978
2026-03-02,1.04416,0.966978
2026-03-03,1.04411,0.966978
2026-03-04,1.04406,0.966978
2026-03-05,1.04412,0.966978
2026-03-06,1.04416,0.966978
2026-03-09,1.04422,0.966978
2026-03-10,1.04427,0.966978
2026-03-11,1.04437,0.966978
2026-03-12,1.04457,0.966978
2026-03-13,1.04461,0.966978
2026-03-16,1.04458,0.966978
2026-03-17,1.04452,0.966978
2026-03-18,1.04455,0.966978
2026-03-19,1.04467,0.966978
2026-03-20,1.04472,0.966978
2026-03-23,1.04483,0.966978
2026-03-24,1.04476,0.966978
2026-03-25,1.04475,0.966978
2026-03-26,1.04472,0.966978
2026-03-27,1.04454,0.966978
2026-03-30,1.04432,0.966978
2026-03-31,1.04406,0.966978
2026-04-01,1.04388,0.966978
2026-04-02,1.04378,0.966978
2026-04-06,1.04354,0.966978
2026-04-07,1.04339,0.966978
2026-04-08,1.0433,0.966978
2026-04-09,1.04317,0.966978
2026-04-10,1.04311,0.966978
2026-04-13,1.04319,0.966978
2026-04-14,1.04326,0.966978
2026-04-15,1.04323,0.966978
2026-04-16,1.04319,0.966978
2026-04-17,1.04328,0.966978
2026-04-20,1.04326,0.966978
2026-04-21,1.04332,0.966978
2026-04-22,1.04333,0.966978
2026-04-23,1.04334,0.966978
2026-04-24,1.04333,0.966978
2026-04-27,1.04335,0.966978
2026-04-28,1.04339,0.966978
2026-04-29,1.04336,0.966978
2026-04-30,1.0434,0.966978
2026-05-01,1.04341,0.966978
2026-05-04,1.04344,0.966978
2026-05-05,1.04341,0.966978
2026-05-06,1.04341,0.966978
2026-05-07,1.04342,0.966978
2026-05-08,1.0435,0.966978
2026-05-11,1.04342,0.966978
2026-05-12,1.04335,0.966978
2026-05-13,1.04322,0.966978
2026-05-14,1.04305,0.966978
2026-05-15,1.04274,0.966978
2026-05-18,1.04252,0.966978
2026-05-19,1.04232,0.966978
2026-05-20,1.04223,0.966978
2026-05-21,1.04217,0.966978
2026-05-22,1.04216,0.966978
2026-05-26,1.04215,0.966978
2026-05-27,1.04214,0.966978
2026-05-28,1.04222,0.966978
2026-05-29,1.04237,0.966978
2026-06-01,1.04242,0.966978
2026-06-02,1.04254,0.966978
2026-06-03,1.04258,0.966978
2026-06-04,1.04258,0.966978
2026-06-05,1.04266,0.966978
2026-06-08,1.04271,0.966978
2026-06-09,1.04282,0.966978
2026-06-10,1.04296,0.966978
2026-06-11,1.04316,0.966978
2026-06-12,1.04338,0.966978
2026-06-15,1.04365,0.966978
2026-06-16,1.04384,0.966978
2026-06-17,1.04397,0.966978
2026-06-18,1.04409,0.966978
2026-06-22,1.04424,0.966978
2026-06-23,1.04434,0.966978
2026-06-24,1.0444,0.966978
2026-06-25,1.04445,0.966978
2026-06-26,1.04451,0.966978
2026-06-29,1.04447,0.966978
2026-06-30,1.04425,0.966978
2026-07-01,1.04406,0.966978
2026-07-02,1.04401,0.966978
2026-07-06,1.04394,0.966978
2026-07-07,1.04384,0.966978
2026-07-08,1.04387,0.966978
2026-07-09,1.04404,0.966978
2026-07-10,1.04422,0.966978
2026-07-13,1.04432,0.966978
2026-07-14,1.04437,0.966978
2026-07-15,1.04443,0.966978
2026-07-16,1.04451,0.966978
2026-07-17,1.04467,0.966978
2026-07-20,1.04486,0.966978
2026-07-21,1.04491,0.966978
