date,spread,zscore,position
2006-02-01,-0.049079,-2.76148,1
2006-02-02,-0.0507681,-2.31745,1
2006-02-03,-0.0576122,-2.25443,1
2006-02-06,-0.0424044,-1.29644,1
2006-02-07,-0.0376541,-0.988387,1
2006-02-08,-0.0365297,-0.865527,1
2006-02-09,-0.0448567,-1.10877,1
2006-02-10,-0.0407902,-0.862028,1
2006-02-13,-0.0421184,-0.827588,1
2006-02-14,-0.0479148,-0.964658,1
2006-02-15,-0.0456532,-0.790705,1
2006-02-16,-0.0461067,-0.727537,1
2006-02-17,-0.0345308,-0.21477,0
2006-02-21,-0.0244491,0.267676,0
2006-02-22,-0.0271093,0.274361,0
2006-02-23,-0.021299,0.756488,0
2006-02-24,-0.021252,1.10321,0
2006-02-27,-0.022146,1.41105,0
2006-02-28,-0.0234572,1.41748,0
2006-03-01,-0.0249842,1.16554,0
2006-03-02,-0.0360427,0.0870308,0
2006-03-03,-0.0376606,-0.115503,0
2006-03-06,-0.0403533,-0.439134,0
2006-03-07,-0.0464036,-1.2438,0
2006-03-08,-0.0463786,-1.19233,0
2006-03-09,-0.0444536,-0.912651,0
2006-03-10,-0.0539048,-1.79884,0
2006-03-13,-0.0400225,-0.345702,0
2006-03-14,-0.0366251,-0.0295156,0
2006-03-15,-0.0361833,-0.0138792,0
2006-03-16,-0.0234789,1.18039,0
2006-03-17,-0.0232717,1.08744,0
2006-03-20,-0.0239367,0.919801,0
2006-03-21,-0.0272395,0.528619,0
2006-03-22,-0.0328641,-0.00530692,0
2006-03-23,-0.0325415,0.0551559,0
2006-03-24,-0.0143869,1.9869,0
2006-03-27,-0.00505947,2.75219,-1
2006-03-28,-0.00558149,2.27101,-1
2006-03-29,0.00238319,2.58111,-1
2006-03-30,0.00276082,2.17602,-1
2006-03-31,-0.00234813,1.54615,-1
2006-04-03,0.00129737,1.58289,-1
2006-04-04,-0.000231807,1.32258,-1
2006-04-05,0.00328072,1.38904,-1
2006-04-06,0.0027635,1.23151,-1
2006-04-07,0.00166181,1.06037,-1
2006-04-10,0.00993578,1.51881,-1
2006-04-11,0.00450669,1.04516,-1
2006-04-12,-0.000455773,0.628846,-1
2006-04-13,-0.000139305,0.577566,-1
2006-04-17,0.00135149,0.617998,-1
2006-04-18,0.00423063,0.765942,-1
2006-04-19,-0.00474126,-0.0327014,0
2006-04-20,-0.0147842,-1.02993,0
2006-04-21,-0.0067904,-0.483066,0
2006-04-24,-0.00585671,-0.79116,0
2006-04-25,-0.00827605,-1.42591,0
2006-04-26,0.00137521,0.381509,0
2006-04-27,0.00755183,1.45341,0
2006-04-28,0.01421,2.50601,-1
2006-05-01,0.011161,1.63938,-1
2006-05-02,0.0181545,2.45997,-1
2006-05-03,0.0166648,1.86034,-1
2006-05-04,0.0244813,2.53865,-1
2006-05-05,0.0191078,1.55259,-1
2006-05-08,0.0174661,1.23121,-1
2006-05-09,0.0267922,1.98472,-1
2006-05-10,0.0224949,1.38005,-1
2006-05-11,0.0253501,1.47957,-1
2006-05-12,0.0219149,1.05155,-1
2006-05-15,0.0118233,0.172455,0
2006-05-16,0.0194225,0.727405,0
2006-05-17,0.0207256,0.764936,0
2006-05-18,0.020679,0.682124,0
2006-05-19,0.00756863,-0.583206,0
2006-05-22,-0.00190003,-1.67341,0
2006-05-23,0.00216794,-1.33598,0
2006-05-24,-0.00178795,-2.0498,1
2006-05-25,0.00778408,-0.855763,1
2006-05-26,0.0121755,-0.350946,0
2006-05-30,0.0103499,-0.548509,0
2006-05-31,0.0210925,0.691742,0
2006-06-01,0.020489,0.600076,0
2006-06-02,0.0240414,0.974506,0
2006-06-05,0.0253033,1.1224,0
2006-06-06,0.0122333,-0.381671,0
2006-06-07,0.00724415,-0.900355,0
2006-06-08,0.0068266,-0.861283,0
2006-06-09,0.0132546,-0.0477572,0
2006-06-12,0.0228483,1.16875,0
2006-06-13,0.034376,2.52466,-1
2006-06-14,0.0323668,1.8765,-1
2006-06-15,0.0367784,2.09926,-1
2006-06-16,0.0289668,1.15766,-1
2006-06-19,0.030842,1.24864,-1
2006-06-20,0.0299636,1.05254,-1
2006-06-21,0.0311337,1.06843,-1
2006-06-22,0.0380088,1.59626,-1
2006-06-23,0.0356422,1.27478,-1
2006-06-26,0.0389603,1.48459,-1
2006-06-27,0.0314757,0.616542,-1
2006-06-28,0.0278245,0.174308,0
2006-06-29,0.0250692,-0.137732,0
2006-06-30,0.0337342,0.723507,0
2006-07-03,0.031286,0.419223,0
2006-07-05,0.0416366,1.43159,0
2006-07-06,0.0281793,-0.0753758,0
2006-07-07,0.032153,0.264867,0
2006-07-10,0.037147,0.947798,0
2006-07-11,0.0375244,1.0789,0
2006-07-12,0.0301316,-0.705062,0
2006-07-13,0.0287979,-0.957514,0
2006-07-14,0.0370758,0.974801,0
2006-07-17,0.0267912,-1.34853,0
2006-07-18,0.02716,-1.20742,0
2006-07-19,0.0320969,-0.0823128,0
2006-07-20,0.0272273,-1.14721,0
2006-07-21,0.0181105,-2.96424,1
2006-07-24,0.0237121,-1.37509,1
2006-07-25,0.0274238,-0.588032,1
2006-07-26,0.0222625,-1.45895,1
2006-07-27,0.0267217,-0.531432,1
2006-07-28,-0.00593458,-6.19325,1
2006-07-31,-0.0200786,-4.91477,1
2006-08-01,-0.0186615,-3.04858,1
2006-08-02,-0.0263263,-2.8288,1
2006-08-03,-0.0309277,-2.52149,1
2006-08-04,-0.0320055,-2.12764,1
2006-08-07,-0.0212712,-1.38931,1
2006-08-08,-0.0158054,-1.0331,1
2006-08-09,-0.0115587,-0.767185,1
2006-08-10,-0.0181035,-0.951949,1
2006-08-11,-0.0156513,-0.762764,1
2006-08-14,-0.0201612,-0.871972,1
2006-08-15,-0.0146513,-0.553401,1
2006-08-16,-0.0124207,-0.384064,0
2006-08-17,-0.00821077,-0.108756,0
2006-08-18,-0.00581714,0.0943298,0
2006-08-21,-0.0208644,-0.63879,0
2006-08-22,-0.0302566,-1.10805,0
2006-08-23,-0.0342771,-1.33428,0
2006-08-24,-0.0324373,-1.17985,0
2006-08-25,-0.0269902,-0.810918,0
2006-08-28,-0.030639,-1.16688,0
2006-08-29,-0.0265805,-0.601748,0
2006-08-30,-0.0187767,0.339932,0
2006-08-31,-0.021328,0.0048716,0
2006-09-01,-0.020174,0.0852773,0
2006-09-05,-0.00245894,2.23502,-1
2006-09-06,-0.000903489,2.07002,-1
2006-09-07,-0.00530316,1.35732,-1
2006-09-08,-0.0105173,0.767778,-1
2006-09-11,-0.0176789,0.0235288,0
2006-09-12,-0.0232744,-0.511295,0
2006-09-13,-0.0164328,0.168953,0
2006-09-14,-0.011865,0.62125,0
2006-09-15,-0.0147183,0.341101,0
2006-09-18,-0.0214208,-0.283074,0
2006-09-19,-0.0243253,-0.516338,0
2006-09-20,-0.0194499,0.00699926,0
2006-09-21,-0.0101533,0.941663,0
2006-09-22,-0.0134531,0.488747,0
2006-09-25,-0.0114645,0.655645,0
2006-09-26,-0.00890217,0.905723,0
2006-09-27,-0.00919594,0.795811,0
2006-09-28,-0.0085393,0.815829,0
2006-09-29,0.00167837,2.23784,-1
2006-10-02,-0.00222211,1.38657,-1
2006-10-03,-0.00354841,1.06995,-1
2006-10-04,-0.00883332,0.372092,0
2006-10-05,-0.0157596,-0.540382,0
2006-10-06,-0.021404,-1.29804,0
2006-10-09,-0.0136265,-0.081253,0
2006-10-10,-0.0122461,0.0851909,0
2006-10-11,-0.0147139,-0.366968,0
2006-10-12,-0.0158564,-0.557124,0
2006-10-13,-0.0229659,-1.6002,0
2006-10-16,-0.0288574,-2.29242,1
2006-10-17,-0.0241177,-1.42922,1
2006-10-18,-0.0250773,-1.55933,1
2006-10-19,-0.0163608,-0.363672,0
2006-10-20,-0.0187729,-0.628604,0
2006-10-23,-0.0178197,-0.470731,0
2006-10-24,0.00141308,1.95919,0
2006-10-25,-0.00353329,1.18214,0
2006-10-26,-0.0125572,0.111627,0
2006-10-27,-0.00749801,0.704017,0
2006-10-30,-0.0177773,-0.430412,0
2006-10-31,-0.0130867,0.244723,0
2006-11-01,-0.0111415,0.589924,0
2006-11-02,-0.000854727,2.03231,-1
2006-11-03,0.00254886,2.18432,-1
2006-11-06,0.00470562,2.1114,-1
2006-11-07,-0.00257994,1.0559,-1
2006-11-08,-0.014457,-0.223955,0
2006-11-09,-0.0144868,-0.228344,0
2006-11-10,-0.0207982,-0.876477,0
2006-11-13,-0.00905169,0.308475,0
2006-11-14,-0.00860275,0.276342,0
2006-11-15,-0.0114562,-0.139333,0
2006-11-16,-0.00374607,0.76847,0
2006-11-17,-0.00113351,1.0373,0
2006-11-20,0.00919534,2.34103,-1
2006-11-21,0.0102445,2.13383,-1
2006-11-22,0.00745347,1.58981,-1
2006-11-24,0.00338944,0.996947,-1
2006-11-27,0.000857579,0.629126,-1
2006-11-28,-0.00487618,-0.0362329,0
2006-11-29,-0.0118571,-0.907446,0
2006-11-30,-0.0038385,-0.000707456,0
2006-12-01,0.00208144,0.649671,0
2006-12-04,0.000311111,0.421635,0
2006-12-05,0.00274076,0.722253,0
2006-12-06,0.0186686,2.62423,-1
2006-12-07,0.0222752,2.52193,-1
2006-12-08,0.0176701,1.68933,-1
2006-12-11,0.0303479,2.65731,-1
2006-12-12,0.0204049,1.44809,-1
2006-12-13,0.0134547,0.713752,-1
2006-12-14,0.016861,0.932886,-1
2006-12-15,0.0258838,1.67199,-1
2006-12-18,0.0202435,0.988181,-1
2006-12-19,0.0166763,0.580406,-1
2006-12-20,0.0162739,0.508016,-1
2006-12-21,0.0128066,0.178145,0
2006-12-22,0.0114512,0.0375389,0
2006-12-26,0.00797636,-0.302798,0
2006-12-27,0.00911649,-0.238899,0
2006-12-28,0.0074794,-0.477945,0
2006-12-29,0.00591425,-0.849781,0
2007-01-03,0.00266296,-1.39205,0
2007-01-04,0.0108226,-0.389791,0
2007-01-05,0.00754187,-0.934337,0
2007-01-08,0.0271641,1.75087,0
2007-01-09,0.0223877,0.953516,0
2007-01-10,0.0192116,0.533876,0
2007-01-11,0.00864942,-0.863067,0
2007-01-12,0.00962742,-0.65797,0
2007-01-16,0.0132875,-0.0476254,0
2007-01-17,0.0179594,0.642888,0
2007-01-18,0.0252634,1.70428,0
2007-01-19,0.0232091,1.41916,0
2007-01-22,0.0156999,0.27767,0
2007-01-23,0.0130583,-0.0964134,0
2007-01-24,0.011239,-0.337389,0
2007-01-25,0.0105955,-0.418279,0
2007-01-26,0.00884943,-0.663228,0
2007-01-29,0.0142182,0.106081,0
2007-01-30,0.0192979,0.81503,0
2007-01-31,0.0198359,0.814381,0
2007-02-01,0.0278042,1.94788,0
2007-02-02,0.0155951,-0.106766,0
2007-02-05,0.010086,-1.01443,0
2007-02-06,0.00697746,-1.56522,0
2007-02-07,0.00145156,-2.35729,1
2007-02-08,0.00773093,-1.04334,1
2007-02-09,0.00481139,-1.38374,1
2007-02-12,-0.00087755,-2.14049,1
2007-02-13,-0.0046703,-2.37302,1
2007-02-14,-0.00799474,-2.37915,1
2007-02-15,-0.0157138,-2.79581,1
2007-02-16,-0.0220935,-2.90577,1
2007-02-20,-0.0256434,-2.64778,1
2007-02-21,-0.0262043,-2.20494,1
2007-02-22,-0.0190785,-1.41159,1
2007-02-23,-0.0147589,-0.995898,1
2007-02-26,-0.0119122,-0.729834,1
2007-02-27,-0.00527632,-0.257869,0
2007-02-28,-0.00400434,-0.123441,0
2007-03-01,-0.00792023,-0.311308,0
2007-03-02,-0.00633695,-0.123467,0
2007-03-05,-0.0109847,-0.392009,0
2007-03-06,-0.00628157,0.123576,0
2007-03-07,-0.00508997,0.334396,0
2007-03-08,-0.00583398,0.342012,0
2007-03-09,0.00405469,1.48108,0
2007-03-12,0.0123154,2.50207,-1
2007-03-13,0.0106792,2.0873,-1
2007-03-14,0.00242319,1.06597,-1
2007-03-15,0.0144887,2.14081,-1
2007-03-16,0.013936,1.78858,-1
2007-03-19,0.0153512,1.68163,-1
2007-03-20,0.0124001,1.27409,-1
2007-03-21,0.0138176,1.29803,-1
2007-03-22,0.0203862,1.81916,-1
2007-03-23,0.0216336,1.76688,-1
2007-03-26,0.0244995,1.84829,-1
2007-03-27,0.0177496,1.0556,-1
2007-03-28,0.0178728,0.965905,-1
2007-03-29,0.0202111,1.07966,-1
2007-03-30,0.0164673,0.644773,-1
2007-04-02,0.0184839,0.761959,-1
2007-04-03,0.016623,0.499642,0
2007-04-04,0.0150092,0.227632,0
2007-04-05,0.0139632,-0.0232983,0
2007-04-09,0.0171007,0.372728,0
2007-04-10,0.0268698,2.38792,-1
2007-04-11,0.0297013,2.5455,-1
2007-04-12,0.0288868,1.98073,-1
2007-04-13,0.0257172,1.34901,-1
2007-04-16,0.0264685,1.35454,-1
2007-04-17,0.0239806,0.753357,-1
2007-04-18,0.0232549,0.540918,-1
2007-04-19,0.0194305,-0.302254,0
2007-04-20,0.0117475,-2.01218,1
2007-04-23,0.00695198,-2.68053,1
2007-04-24,0.00812224,-1.98541,1
2007-04-25,0.00739763,-1.8296,1
2007-04-26,-0.00195535,-2.95865,1
2007-04-27,-0.00091033,-2.22358,1
2007-04-30,0.00705569,-1.03038,1
2007-05-01,0.0104615,-0.59903,1
2007-05-02,0.0118165,-0.41267,0
2007-05-03,0.0126133,-0.303856,0
2007-05-04,0.0105571,-0.502844,0
2007-05-07,0.0103639,-0.502259,0
2007-05-08,0.00934868,-0.568914,0
2007-05-09,0.0049512,-0.9621,0
2007-05-10,0.00537836,-0.834864,0
2007-05-11,0.00627669,-0.654159,0
2007-05-14,0.015827,0.682192,0
2007-05-15,0.0150315,0.728508,0
2007-05-16,0.0178195,1.35249,0
2007-05-17,0.0219187,2.28764,-1
2007-05-18,0.0209213,1.98715,-1
2007-05-21,0.0162818,1.00436,-1
2007-05-22,0.017415,1.09208,-1
2007-05-23,0.0051224,-0.890185,0
2007-05-24,-0.00410064,-2.25769,1
2007-05-25,-0.00400863,-2.15208,1
2007-05-29,0.00119052,-1.31058,1
2007-05-30,0.0038377,-0.866618,1
2007-05-31,0.004085,-0.77421,1
2007-06-01,0.000881639,-1.13308,1
2007-06-04,0.0113834,0.309667,0
2007-06-05,0.0058995,-0.394328,0
2007-06-06,0.00183402,-0.881062,0
2007-06-07,0.00167108,-0.838192,0
2007-06-08,-0.000730045,-1.10228,0
2007-06-11,0.00297523,-0.592698,0
2007-06-12,0.00542107,-0.278024,0
2007-06-13,-0.00308003,-1.25619,0
2007-06-14,-0.00492737,-1.35531,0
2007-06-15,-0.00785661,-1.5897,0
2007-06-18,-0.00963436,-1.73183,0
2007-06-19,-0.0047927,-0.979619,0
2007-06-20,0.00176537,0.0985736,0
2007-06-21,0.00723319,1.32394,0
2007-06-22,0.0118039,2.13239,-1
2007-06-25,0.029618,4.91164,-1
2007-06-26,0.0320683,3.45101,-1
2007-06-27,0.0259234,2.01507,-1
2007-06-28,0.0270714,1.84157,-1
2007-06-29,0.0237332,1.34856,-1
2007-07-02,0.022846,1.14502,-1
2007-07-03,0.0294294,1.55611,-1
2007-07-05,0.0333716,1.66596,-1
2007-07-06,0.0303045,1.26783,-1
2007-07-09,0.0385371,1.67437,-1
2007-07-10,0.0420634,1.69941,-1
2007-07-11,0.0509255,2.01908,-1
2007-07-12,0.0511371,1.75212,-1
2007-07-13,0.0422847,1.09051,-1
2007-07-16,0.0348807,0.594097,-1
2007-07-17,0.0294151,0.198648,0
2007-07-18,0.0275925,-0.026173,0
2007-07-19,0.0140782,-1.22326,0
2007-07-20,0.00801286,-1.92876,0
2007-07-23,-0.00285728,-2.89679,1
2007-07-24,-0.00488794,-2.64002,1
2007-07-25,-0.0119952,-2.62913,1
2007-07-26,-0.00280451,-1.62252,1
2007-07-27,0.00072512,-1.25861,1
2007-07-30,0.00993532,-0.667961,1
2007-07-31,0.00616826,-0.818279,1
2007-08-01,-0.00292101,-1.22084,1
2007-08-02,-0.0101705,-1.45949,1
2007-08-03,-0.00842043,-1.22161,1
2007-08-06,-0.0129822,-1.31238,1
2007-08-07,-0.0231462,-1.64671,1
2007-08-08,-0.0330951,-1.9252,1
2007-08-09,-0.0260113,-1.43443,1
2007-08-10,-0.00824296,-0.48972,0
2007-08-13,-0.00132218,-0.0270279,0
2007-08-14,-0.00367464,-0.0646965,0
2007-08-15,-0.000232461,0.290876,0
2007-08-16,0.0191999,2.09679,-1
2007-08-17,0.0134087,1.52399,-1
2007-08-20,0.0146601,1.55772,-1
2007-08-21,0.0230255,2.02702,-1
2007-08-22,0.029837,2.21281,-1
2007-08-23,0.027973,1.76363,-1
2007-08-24,0.0248717,1.37728,-1
2007-08-27,0.0279454,1.41806,-1
2007-08-28,0.0204444,0.918008,-1
2007-08-29,0.0218144,0.933151,-1
2007-08-30,0.024671,0.998206,-1
2007-08-31,0.0265161,0.996104,-1
2007-09-04,0.0198341,0.57162,-1
2007-09-05,0.0152509,0.270186,0
2007-09-06,0.0180383,0.341629,0
2007-09-07,0.0224856,0.548054,0
2007-09-10,0.0250159,0.721313,0
2007-09-11,0.0181794,-0.0314336,0
2007-09-12,0.0163923,-0.354989,0
2007-09-13,0.0151158,-0.788104,0
2007-09-14,0.0200748,-0.234521,0
2007-09-17,0.0160967,-1.05137,0
2007-09-18,0.0146268,-1.43308,0
2007-09-19,0.0183599,-0.643946,0
2007-09-20,0.0186697,-0.52586,0
2007-09-21,0.0226307,0.464096,0
2007-09-24,0.0228542,0.623993,0
2007-09-25,-0.00592972,-6.68711,1
2007-09-26,-0.00335143,-3.25629,1
2007-09-27,0.001003,-1.97215,1
2007-09-28,0.00589093,-1.16122,1
2007-10-01,0.00037773,-1.65855,1
2007-10-02,-0.00162237,-1.69879,1
2007-10-03,-0.00349681,-1.68917,1
2007-10-04,0.00469149,-0.70803,1
2007-10-05,0.00498954,-0.613924,1
2007-10-08,0.00414191,-0.626141,1
2007-10-09,-0.00382606,-1.37298,1
2007-10-10,-0.0159307,-2.45543,1
2007-10-11,-0.0220001,-2.59338,1
2007-10-12,-0.0252848,-2.39239,1
2007-10-15,-0.0282654,-2.24362,1
2007-10-16,-0.0148623,-1.01838,1
2007-10-17,-0.0169305,-1.05934,1
2007-10-18,-0.0276038,-1.69091,1
2007-10-19,-0.0307154,-1.73558,1
2007-10-22,-0.025988,-1.27447,1
2007-10-23,-0.0244772,-1.10697,1
2007-10-24,-0.0211318,-0.755063,1
2007-10-25,-0.000451938,0.875644,0
2007-10-26,-0.00259874,0.722993,0
2007-10-29,-0.00390716,0.680868,0
2007-10-30,-0.00802711,0.378979,0
2007-10-31,-0.00133222,0.95717,0
2007-11-01,0.00892357,1.76955,0
2007-11-02,0.00866033,1.68367,0
2007-11-05,0.0112987,1.8344,0
2007-11-06,0.00527437,1.28775,0
2007-11-07,0.00173636,0.962613,0
2007-11-08,-0.00421321,0.466307,0
2007-11-09,0.00253441,0.886693,0
2007-11-12,0.00571271,1.02897,0
2007-11-13,-0.00283863,0.302255,0
2007-11-14,0.00237736,0.65041,0
2007-11-15,-8.98681e-05,0.396536,0
2007-11-16,0.0137946,1.45691,0
2007-11-19,0.0137098,1.39698,0
2007-11-20,0.00441587,0.417387,0
2007-11-21,-0.0112203,-1.58621,0
2007-11-23,-0.0140594,-2.3607,1
2007-11-26,-0.0178296,-2.48799,1
2007-11-27,-0.0189871,-2.22594,1
2007-11-28,-0.0152536,-1.54521,1
2007-11-29,-0.0163489,-1.55166,1
2007-11-30,-0.00846471,-0.673689,1
2007-12-03,-0.00411459,-0.197656,0
2007-12-04,-0.0036763,-0.100186,0
2007-12-05,0.00073742,0.414174,0
2007-12-06,0.00709082,1.0939,0
2007-12-07,0.00178036,0.511582,0
2007-12-10,0.00429248,0.728284,0
2007-12-11,0.00285857,0.573713,0
2007-12-12,0.00582003,0.889971,0
2007-12-13,0.0110097,1.33872,0
2007-12-14,0.0154459,1.66589,0
2007-12-17,0.0067672,0.726004,0
2007-12-18,0.00345862,0.481578,0
2007-12-19,0.000160587,0.238311,0
2007-12-20,0.00507854,0.739713,0
2007-12-21,0.0123009,1.37358,0
2007-12-24,0.0140692,1.41444,0
2007-12-26,0.00570436,0.457495,0
2007-12-27,0.00580888,0.389758,0
2007-12-28,0.00362374,0.0177195,0
2007-12-31,0.000950969,-0.588652,0
2008-01-02,0.00408852,-0.1653,0
2008-01-03,0.012533,1.48674,0
2008-01-04,0.0170142,2.36862,-1
2008-01-07,0.0126362,1.13208,-1
2008-01-08,0.0120079,0.921322,-1
2008-01-09,0.0129011,1.00862,-1
2008-01-10,0.0044151,-0.740245,0
2008-01-11,0.00543065,-0.565607,0
2008-01-14,0.00225236,-1.18798,0
2008-01-15,-0.00721458,-2.8974,1
2008-01-16,-0.00243511,-1.55551,1
2008-01-17,-0.0132478,-3.13442,1
2008-01-18,-0.0177117,-3.04845,1
2008-01-22,-0.0133029,-1.95135,1
2008-01-23,-0.0219554,-2.56588,1
2008-01-24,-0.0238015,-2.28417,1
2008-01-25,-0.0216683,-1.77088,1
2008-01-28,-0.0221096,-1.58731,1
2008-01-29,-0.0238847,-1.53791,1
2008-01-30,-0.0179902,-0.960169,1
2008-01-31,-0.021838,-1.14037,1
2008-02-01,-0.0327696,-1.76237,1
2008-02-04,-0.0316022,-1.49241,1
2008-02-05,-0.0202027,-0.609917,1
2008-02-06,-0.0392686,-1.90048,1
2008-02-07,-0.0320838,-1.2087,1
2008-02-08,-0.0226089,-0.399422,0
2008-02-11,-0.0250424,-0.529608,0
2008-02-12,-0.0290715,-0.852581,0
2008-02-13,-0.0216949,0.0336505,0
2008-02-14,-0.0132093,1.1779,0
2008-02-15,-0.0019524,3.07695,-1
2008-02-19,-0.00575194,2.08159,-1
2008-02-20,-0.00026846,2.44564,-1
2008-02-21,-0.00514747,1.62775,-1
2008-02-22,-0.000419561,1.89508,-1
2008-02-25,-0.00170045,1.53825,-1
2008-02-26,0.000701057,1.57231,-1
2008-02-27,0.00704617,1.89319,-1
2008-02-28,0.015647,2.26774,-1
2008-02-29,0.0145598,1.84665,-1
2008-03-03,0.0120816,1.46232,-1
2008-03-04,0.0179565,1.66967,-1
2008-03-05,0.0346365,2.47368,-1
2008-03-06,0.052232,2.97349,-1
2008-03-07,0.0450766,2.12504,-1
2008-03-10,0.0379512,1.545,-1
2008-03-11,0.0278101,0.936724,-1
2008-03-12,0.0188806,0.439898,0
2008-03-13,0.0098809,-0.0928453,0
2008-03-14,0.00297529,-0.566766,0
2008-03-17,-0.00892269,-1.33017,0
2008-03-18,-0.0158601,-1.67153,0
2008-03-19,-0.0197712,-1.79138,0
2008-03-20,-0.0100367,-1.13491,0
2008-03-24,-0.0109862,-1.15567,0
2008-03-25,0.00376077,-0.379701,0
2008-03-26,-0.00328323,-0.743796,0
2008-03-27,-0.00891498,-1.00538,0
2008-03-28,0.00335448,-0.355799,0
2008-03-31,0.0201906,0.479258,0
2008-04-01,0.00809537,-0.112099,0
2008-04-02,0.000184551,-0.479071,0
2008-04-03,0.00560456,-0.178569,0
2008-04-04,0.0035912,-0.213911,0
2008-04-07,0.00396553,-0.0875002,0
2008-04-08,0.00751175,0.28055,0
2008-04-09,0.0135406,0.956573,0
2008-04-10,0.0109091,0.889969,0
2008-04-11,0.0117707,1.05842,0
2008-04-14,0.00533012,0.424639,0
2008-04-15,0.00297595,0.187874,0
2008-04-16,-4.50287e-07,-0.155806,0
2008-04-17,-0.00435342,-0.716749,0
2008-04-18,0.001945,-0.151434,0
2008-04-21,-0.00572639,-1.27955,0
2008-04-22,0.00692617,0.418313,0
2008-04-23,0.0130133,1.26705,0
2008-04-24,0.00749519,0.356824,0
2008-04-25,0.0117087,0.949615,0
2008-04-28,0.0094369,0.507525,0
2008-04-29,0.0390484,6.1084,-1
2008-04-30,0.038892,3.42199,-1
2008-05-01,0.0603707,4.46098,-1
2008-05-02,0.0632079,3.17453,-1
2008-05-05,0.0652365,2.56049,-1
2008-05-06,0.0697226,2.30631,-1
2008-05-07,0.0647331,1.74118,-1
2008-05-08,0.0724643,1.82086,-1
2008-05-09,0.0771799,1.75583,-1
2008-05-12,0.0703861,1.31979,-1
2008-05-13,0.0665139,1.06306,-1
2008-05-14,0.0617796,0.810573,-1
2008-05-15,0.0591257,0.642328,-1
2008-05-16,0.0613018,0.641953,-1
2008-05-19,0.0593382,0.495622,0
2008-05-20,0.0636911,0.592524,0
2008-05-21,0.0699407,0.787961,0
2008-05-22,0.0690635,0.672434,0
2008-05-23,0.0744511,0.899734,0
2008-05-27,0.0704633,0.621852,0
2008-05-28,0.0695582,0.576861,0
2008-05-29,0.0636708,-0.210926,0
2008-05-30,0.0707903,0.810409,0
2008-06-02,0.0809808,2.75931,-1
2008-06-03,0.0868584,3.24768,-1
2008-06-04,0.0654475,-0.513111,0
2008-06-05,0.0631063,-0.806897,0
2008-06-06,0.0839041,2.09043,-1
2008-06-09,0.0725308,0.396903,0
2008-06-10,0.059624,-1.22531,0
2008-06-11,0.0560414,-1.56141,0
2008-06-12,0.0579485,-1.18983,0
2008-06-13,0.0548565,-1.49693,0
2008-06-16,0.0579991,-1.0776,0
2008-06-17,0.0577141,-1.07273,0
2008-06-18,0.0537422,-1.4851,0
2008-06-19,0.0510927,-1.63536,0
2008-06-20,0.0570473,-0.870292,0
2008-06-23,0.0479697,-1.6689,0
2008-06-24,0.0509652,-1.20216,0
2008-06-25,0.0487762,-1.28221,0
2008-06-26,0.0412963,-1.80589,0
2008-06-27,0.0422499,-1.50891,0
2008-06-30,0.0363595,-1.80506,0
2008-07-01,0.0322566,-1.95883,0
2008-07-02,0.025256,-2.45634,1
2008-07-03,0.0268498,-1.93163,1
2008-07-07,0.02271,-1.96995,1
2008-07-08,0.0229933,-1.86105,1
2008-07-09,0.02171,-1.8072,1
2008-07-10,0.0248262,-1.36491,1
2008-07-11,-0.0104678,-3.78838,1
2008-07-14,-0.00369371,-2.39691,1
2008-07-15,-0.0019567,-1.92428,1
2008-07-16,-0.0187861,-2.51636,1
2008-07-17,-0.0204993,-2.18925,1
2008-07-18,-0.0301222,-2.28061,1
2008-07-21,-0.0365685,-2.18922,1
2008-07-22,-0.0483543,-2.32713,1
2008-07-23,-0.0589203,-2.32988,1
2008-07-24,-0.0624208,-2.10228,1
2008-07-25,-0.0646074,-1.89727,1
2008-07-28,-0.051184,-1.29371,1
2008-07-29,-0.048105,-1.08873,1
2008-07-30,-0.0370845,-0.670723,1
2008-07-31,-0.019841,-0.0732126,0
2008-08-01,-0.013483,0.196685,0
2008-08-04,0.00816578,1.00925,0
2008-08-05,-0.0176385,0.167194,0
2008-08-06,0.00716961,1.18992,0
2008-08-07,0.00499866,1.18721,0
2008-08-08,0.000136038,1.11025,0
2008-08-11,-0.00156441,0.995783,0
2008-08-12,0.00849465,1.40128,0
2008-08-13,0.0226613,1.91288,0
2008-08-14,0.03474,2.12875,-1
2008-08-15,0.0193007,1.31525,-1
2008-08-18,0.0132588,0.993541,-1
2008-08-19,0.0125311,0.878921,-1
2008-08-20,0.0212817,1.07437,-1
2008-08-21,0.0246104,1.09454,-1
2008-08-22,0.019823,0.847216,-1
2008-08-25,0.00972494,0.382029,0
2008-08-26,-0.00260034,-0.28604,0
2008-08-27,0.000508366,-0.299091,0
2008-08-28,-0.00179895,-0.655011,0
2008-08-29,0.00275723,-0.44084,0
2008-09-02,0.00128806,-0.664877,0
2008-09-03,0.00278541,-0.507082,0
2008-09-04,-0.00827657,-1.71941,0
2008-09-05,-0.0133624,-1.98485,0
2008-09-08,-0.0176343,-2.08676,1
2008-09-09,0.00098306,-0.472805,0
2008-09-10,0.00362732,-0.289751,0
2008-09-11,0.0189018,0.853739,0
2008-09-12,0.0103778,0.243338,0
2008-09-15,0.0159278,0.853802,0
2008-09-16,-0.00469453,-0.902267,0
2008-09-17,-0.0114748,-1.40122,0
2008-09-18,-0.00882593,-1.03538,0
2008-09-19,0.0243214,1.9146,0
2008-09-22,0.0272941,2.17787,-1
2008-09-23,0.0202388,1.44739,-1
2008-09-24,0.0127429,0.759726,-1
2008-09-25,0.00511577,0.10316,0
2008-09-26,-0.000578253,-0.356427,0
2008-09-29,-0.0291386,-2.58276,1
2008-09-30,-0.0140335,-1.1117,1
2008-10-01,-0.028318,-1.96191,1
2008-10-02,-0.0455876,-2.73783,1
2008-10-03,-0.0518287,-2.56471,1
2008-10-06,-0.0739297,-3.13417,1
2008-10-07,-0.100822,-3.45873,1
2008-10-08,-0.11272,-2.94167,1
2008-10-09,-0.117807,-2.45501,1
2008-10-10,-0.128958,-2.29334,1
2008-10-13,-0.0947848,-1.25986,1
2008-10-14,-0.10254,-1.28771,1
2008-10-15,-0.0838326,-0.803619,1
2008-10-16,-0.136214,-1.72103,1
2008-10-17,-0.123961,-1.29595,1
2008-10-20,-0.106912,-0.869979,1
2008-10-21,-0.0977378,-0.614775,1
2008-10-22,-0.0732605,-0.0344456,0
2008-10-23,-0.0779688,-0.0469976,0
2008-10-24,-0.0994715,-0.487349,0
2008-10-27,-0.0886085,-0.102292,0
2008-10-28,-0.0827077,0.160146,0
2008-10-29,-0.0639456,0.983618,0
2008-10-30,-0.0245998,2.78617,-1
2008-10-31,-0.00644077,3.16494,-1
2008-11-03,-0.0203136,2.1685,-1
2008-11-04,-0.00255777,2.38185,-1
2008-11-05,0.00367071,2.14581,-1
2008-11-06,-0.0105746,1.50799,-1
2008-11-07,-0.0235039,1.05967,-1
2008-11-10,-0.0121331,1.22193,-1
2008-11-11,-0.00438877,1.27492,-1
2008-11-12,-0.0402659,0.362038,0
2008-11-13,-0.0104409,0.975259,0
2008-11-14,-0.0191649,0.694605,0
2008-11-17,-0.0403274,0.0713235,0
2008-11-18,-0.0414366,-0.048094,0
2008-11-19,-0.0405988,-0.112743,0
2008-11-20,-0.0625725,-0.866257,0
2008-11-21,-0.0695359,-1.14537,0
2008-11-24,-0.0531411,-0.722776,0
2008-11-25,-0.0144437,0.669439,0
2008-11-26,-0.00516329,1.02069,0
2008-11-28,-0.00745794,0.828774,0
2008-12-01,-0.0249501,-0.042551,0
2008-12-02,-0.0192723,0.271137,0
2008-12-03,-0.0449767,-0.955004,0
2008-12-04,-0.0503576,-1.12277,0
2008-12-05,-0.0176168,0.60377,0
2008-12-08,-0.0069374,1.17054,0
2008-12-09,-0.0217424,0.368386,0
2008-12-10,-0.00726939,1.11844,0
2008-12-11,0.0060594,1.80538,0
2008-12-12,-0.00483992,1.06779,0
2008-12-15,-0.00849088,0.871944,0
2008-12-16,-0.0354715,-0.398117,0
2008-12-17,-0.0374795,-0.503935,0
2008-12-18,-0.0365193,-0.471624,0
2008-12-19,-0.0400117,-0.646099,0
2008-12-22,-0.05754,-1.62414,0
2008-12-23,-0.060796,-1.93867,0
2008-12-24,-0.0615631,-1.89045,0
2008-12-26,-0.0669602,-1.90203,0
2008-12-29,-0.0585643,-1.28505,0
2008-12-30,-0.0391221,-0.285715,0
2008-12-31,-0.0448991,-0.514346,0
2009-01-02,-0.0318128,0.133189,0
2009-01-05,-0.0288895,0.237066,0
2009-01-06,-0.00377969,1.35068,0
2009-01-07,-0.0226276,0.433629,0
2009-01-08,-0.0283224,0.220843,0
2009-01-09,-0.027805,0.261426,0
2009-01-12,-0.0412822,-0.328451,0
2009-01-13,-0.0432483,-0.347589,0
2009-01-14,-0.0362853,0.146698,0
2009-01-15,-0.0396306,0.0338518,0
2009-01-16,-0.0427224,-0.15487,0
2009-01-20,-0.0667331,-1.71047,0
2009-01-21,-0.0600153,-1.09727,0
2009-01-22,-0.0633498,-1.20571,0
2009-01-23,-0.0470776,-0.214115,0
2009-01-26,-0.0458884,-0.18982,0
2009-01-27,-0.0374325,0.28169,0
2009-01-28,-0.0175883,1.5321,0
2009-01-29,-0.0325025,0.391355,0
2009-01-30,-0.0264878,0.764064,0
2009-02-02,-0.0313896,0.377718,0
2009-02-03,-0.029304,0.512251,0
2009-02-04,-0.0233742,0.901283,0
2009-02-05,-0.0258178,0.907557,0
2009-02-06,-0.0146912,1.76047,0
2009-02-09,-0.0103556,1.91126,0
2009-02-10,-0.0137008,1.49798,0
2009-02-11,0.0080464,2.6837,-1
2009-02-12,-0.0105631,1.18787,-1
2009-02-13,-0.0041508,1.41456,-1
2009-02-17,-0.0120858,0.875527,-1
2009-02-18,-0.0212412,0.343809,0
2009-02-19,-0.0152776,0.586123,0
2009-02-20,-0.0263378,-0.159498,0
2009-02-23,-0.0320512,-0.748859,0
2009-02-24,-0.0326776,-0.924491,0
2009-02-25,-0.0579425,-3.27784,1
2009-02-26,-0.0468088,-1.84505,1
2009-02-27,-0.0427711,-1.33951,1
2009-03-02,-0.050023,-1.7339,1
2009-03-03,-0.0387395,-0.858748,1
2009-03-04,-0.0308896,-0.353601,0
2009-03-05,-0.0266457,-0.0941953,0
2009-03-06,-0.0220741,0.189364,0
2009-03-09,-0.0291156,-0.243322,0
2009-03-10,-0.0116312,0.854185,0
2009-03-11,0.00263176,1.72599,0
2009-03-12,0.0170776,2.40563,-1
2009-03-13,0.00834125,1.78017,-1
2009-03-16,0.0117566,1.7973,-1
2009-03-17,0.0181007,1.96747,-1
2009-03-18,0.0352743,2.50003,-1
2009-03-19,0.0534498,2.77406,-1
2009-03-20,0.0474303,2.0468,-1
2009-03-23,0.0494321,1.8196,-1
2009-03-24,0.0607691,1.9091,-1
2009-03-25,0.0586157,1.60376,-1
2009-03-26,0.0491148,1.20208,-1
2009-03-27,0.0464894,1.02365,-1
2009-03-30,0.0333337,0.571135,-1
2009-03-31,0.0459556,0.87075,-1
2009-04-01,0.0442519,0.73984,-1
2009-04-02,0.0572499,1.10494,-1
2009-04-03,0.0552725,0.952708,-1
2009-04-06,0.0506299,0.700699,-1
2009-04-07,0.046353,0.45377,0
2009-04-08,0.0426432,0.169352,0
2009-04-09,0.0399469,-0.102617,0
2009-04-13,0.0459285,0.216509,0
2009-04-14,0.0287979,-1.27274,0
2009-04-15,0.0235581,-2.08981,1
2009-04-16,0.0217367,-2.45425,1
2009-04-17,0.0315337,-1.2358,1
2009-04-20,0.0194884,-2.19495,1
2009-04-21,0.020629,-1.77245,1
2009-04-22,0.0243028,-1.27577,1
2009-04-23,0.0363881,-0.226241,0
2009-04-24,0.0387138,0.0444403,0
2009-04-27,0.0263222,-0.966435,0
2009-04-28,0.0206075,-1.35976,0
2009-04-29,0.023806,-0.991081,0
2009-04-30,0.0266598,-0.666562,0
2009-05-01,0.0182637,-1.28167,0
2009-05-04,0.0123077,-1.72092,0
2009-05-05,0.00596981,-2.19285,1
2009-05-06,0.0270575,-0.0580185,0
2009-05-07,0.0195577,-0.708595,0
2009-05-08,0.0272568,0.176368,0
2009-05-11,0.00810737,-1.88971,0
2009-05-12,0.00373995,-2.35311,1
2009-05-13,0.00236164,-2.12592,1
2009-05-14,-0.00113936,-2.16485,1
2009-05-15,-0.011475,-2.76901,1
2009-05-18,-0.0277353,-3.5242,1
2009-05-19,-0.0296318,-2.74324,1
2009-05-20,-0.0260474,-2.02786,1
2009-05-21,-0.0195971,-1.43448,1
2009-05-22,-0.0255016,-1.58188,1
2009-05-26,-0.0198872,-1.16451,1
2009-05-27,-0.0148466,-0.808334,1
2009-05-28,-0.00872287,-0.42724,0
2009-05-29,0.00249269,0.212062,0
2009-06-01,0.00639156,0.501315,0
2009-06-02,-0.00698254,-0.195849,0
2009-06-03,-0.011172,-0.383589,0
2009-06-04,-0.00105923,0.242299,0
2009-06-05,-0.00674087,-0.00294039,0
2009-06-08,-0.00618105,0.126052,0
2009-06-09,0.00311095,1.07286,0
2009-06-10,-0.00581487,0.355509,0
2009-06-11,0.0145811,2.23626,-1
2009-06-12,0.0278761,3.08876,-1
2009-06-15,0.0180607,1.7914,-1
2009-06-16,0.0164283,1.47,-1
2009-06-17,0.00402054,0.547255,-1
2009-06-18,-0.00201566,0.0650012,0
2009-06-19,-0.00203632,-0.018721,0
2009-06-22,-0.00544147,-0.345382,0
2009-06-23,-0.00383963,-0.331946,0
2009-06-24,-0.000379481,-0.117208,0
2009-06-25,-0.00308543,-0.456466,0
2009-06-26,-0.00513072,-0.696836,0
2009-06-29,-0.0120985,-1.33285,0
2009-06-30,-0.0118898,-1.17972,0
2009-07-01,-0.0163163,-1.53972,0
2009-07-02,-0.0187934,-1.69099,0
2009-07-06,-0.0170502,-1.36136,0
2009-07-07,-0.0169534,-1.2592,0
2009-07-08,-0.0109398,-0.706668,0
2009-07-09,-0.00184483,0.0536354,0
2009-07-10,-0.0157283,-1.03322,0
2009-07-13,-0.00733681,-0.275217,0
2009-07-14,-0.00589831,-0.0274141,0
2009-07-15,-0.0129697,-0.719488,0
2009-07-16,-0.00805418,0.0348378,0
2009-07-17,-0.005203,0.613929,0
2009-07-20,-0.00309771,1.01668,0
2009-07-21,-0.0147333,-0.97222,0
2009-07-22,-0.0123758,-0.479718,0
2009-07-23,-0.00532112,0.816206,0
2009-07-24,-0.00638461,0.716167,0
2009-07-27,-0.00623175,0.80251,0
2009-07-28,-0.00203349,1.63697,0
2009-07-29,-0.0133687,-0.624464,0
2009-07-30,0.00479649,2.69626,-1
2009-07-31,0.0340607,6.93008,-1
2009-08-03,0.042407,4.38366,-1
2009-08-04,0.0418902,2.96251,-1
2009-08-05,0.0396698,2.23318,-1
2009-08-06,0.0349671,1.65467,-1
2009-08-07,0.0409068,1.74849,-1
2009-08-10,0.0398255,1.49306,-1
2009-08-11,0.0290707,0.864939,-1
2009-08-12,0.0257361,0.64084,-1
2009-08-13,0.0271966,0.633655,-1
2009-08-14,0.0352336,0.924224,-1
2009-08-17,0.03788,0.95457,-1
2009-08-18,0.0426696,1.07872,-1
2009-08-19,0.0376038,0.750769,-1
2009-08-20,0.0347822,0.534398,-1
2009-08-21,0.0310576,0.264246,0
2009-08-24,0.0257738,-0.12234,0
2009-08-25,0.0317325,0.143711,0
2009-08-26,0.0275424,-0.268603,0
2009-08-27,0.0322487,-0.113241,0
2009-08-28,0.0368228,0.38985,0
2009-08-31,0.0387016,0.694528,0
2009-09-01,0.0272782,-1.32919,0
2009-09-02,0.0233907,-1.924,0
2009-09-03,0.0256804,-1.2833,0
2009-09-04,0.0210642,-1.93899,0
2009-09-08,0.0215582,-1.63676,0
2009-09-09,0.0208391,-1.58808,0
2009-09-10,0.0334725,0.493406,0
2009-09-11,0.0319487,0.203417,0
2009-09-14,0.0346464,0.58593,0
2009-09-15,0.0485421,2.75145,-1
2009-09-16,0.0464892,2.0388,-1
2009-09-17,0.0453948,1.78204,-1
2009-09-18,0.0509171,2.29567,-1
2009-09-21,0.0471712,1.55359,-1
2009-09-22,0.0499187,1.66772,-1
2009-09-23,0.042822,0.783878,-1
2009-09-24,0.0334657,-0.178527,0
2009-09-25,0.0349392,-0.0662769,0
2009-09-28,0.0357273,-0.00252897,0
2009-09-29,0.0310486,-0.455027,0
2009-09-30,0.0298939,-0.529301,0
2009-10-01,0.0252756,-1.00189,0
2009-10-02,0.0248804,-1.06158,0
2009-10-05,0.0274872,-0.794609,0
2009-10-06,0.0276836,-0.839367,0
2009-10-07,0.0260034,-1.08745,0
2009-10-08,0.0327535,-0.40691,0
2009-10-09,0.0462995,1.11266,0
2009-10-12,0.0450891,0.877254,0
2009-10-13,0.0471536,1.02891,0
2009-10-14,0.0423777,0.527161,0
2009-10-15,0.0421335,0.532583,0
2009-10-16,0.0399445,0.312965,0
2009-10-19,0.0427938,0.741305,0
2009-10-20,0.0413933,0.617372,0
2009-10-21,0.0355209,-0.0577755,0
2009-10-22,0.0237292,-1.60413,0
2009-10-23,0.0265816,-1.08598,0
2009-10-26,0.0145267,-2.49578,1
2009-10-27,0.00681091,-2.9017,1
2009-10-28,0.0115142,-1.89731,1
2009-10-29,0.03552,0.336205,0
2009-10-30,0.0469457,1.25481,0
2009-11-02,0.0403214,0.58961,0
2009-11-03,0.0452982,0.942203,0
2009-11-04,0.0444844,0.792729,0
2009-11-05,0.0391395,0.287876,0
2009-11-06,0.0404752,0.369434,0
2009-11-09,0.0316561,-0.320908,0
2009-11-10,0.042278,0.609934,0
2009-11-11,0.0390684,0.370752,0
2009-11-12,0.0377463,0.275309,0
2009-11-13,0.0354275,0.0977971,0
2009-11-16,0.0253401,-0.752773,0
2009-11-17,0.0192473,-1.20699,0
2009-11-18,0.0169001,-1.28853,0
2009-11-19,0.00476045,-2.15899,1
2009-11-20,0.000942321,-2.16757,1
2009-11-23,0.00847131,-1.36368,1
2009-11-24,0.00832316,-1.32141,1
2009-11-25,0.00916919,-1.28039,1
2009-11-27,0.0112423,-1.12586,1
2009-11-30,0.00669812,-1.31017,1
2009-12-01,0.00666589,-1.18935,1
2009-12-02,0.00558078,-1.14301,1
2009-12-03,0.00612965,-1.00633,1
2009-12-04,0.0168744,-0.194626,0
2009-12-07,0.0238434,0.367548,0
2009-12-08,0.0162625,-0.117508,0
2009-12-09,0.0216525,0.358725,0
2009-12-10,0.0306829,1.28032,0
2009-12-11,0.0282422,1.18227,0
2009-12-14,0.0637646,4.94554,-1
2009-12-15,0.0704478,3.8364,-1
2009-12-16,0.0852228,3.5974,-1
2009-12-17,0.0716968,2.09284,-1
2009-12-18,0.0711742,1.77456,-1
2009-12-21,0.0722772,1.59826,-1
2009-12-22,0.0690937,1.31133,-1
2009-12-23,0.0657445,1.06451,-1
2009-12-24,0.0629455,0.867149,-1
2009-12-28,0.0593249,0.657466,-1
2009-12-29,0.0538866,0.39377,0
2009-12-30,0.0587318,0.502976,0
2009-12-31,0.0569138,0.35887,0
2010-01-04,0.0672485,0.714387,0
2010-01-05,0.0682102,0.688107,0
2010-01-06,0.0578185,0.0969813,0
2010-01-07,0.0554408,-0.114055,0
2010-01-08,0.0593606,-0.0103775,0
2010-01-11,0.0636523,0.169538,0
2010-01-12,0.0609078,-0.194511,0
2010-01-13,0.0555655,-1.21927,0
2010-01-14,0.0506618,-1.75551,0
2010-01-15,0.0532352,-1.22941,0
2010-01-19,0.0548132,-1.0343,0
2010-01-20,0.0520491,-1.3789,0
2010-01-21,0.0458491,-2.27108,1
2010-01-22,0.0321163,-4.25178,1
2010-01-25,0.0343493,-2.75134,1
2010-01-26,0.0270509,-3.03743,1
2010-01-27,0.0260124,-2.49034,1
2010-01-28,0.0278951,-1.9106,1
2010-01-29,0.0201665,-2.2349,1
2010-02-01,0.0126473,-2.39617,1
2010-02-02,0.0121401,-2.03114,1
2010-02-03,0.000785601,-2.41763,1
2010-02-04,0.0042321,-1.88129,1
2010-02-05,0.000304361,-1.83927,1
2010-02-08,-0.0136601,-2.26577,1
2010-02-09,-0.00996648,-1.77724,1
2010-02-10,-0.0120193,-1.67815,1
2010-02-11,-0.00420803,-1.18091,1
2010-02-12,0.00202465,-0.80675,1
2010-02-16,0.00643389,-0.529111,1
2010-02-17,0.0119831,-0.189253,0
2010-02-18,0.0189576,0.272837,0
2010-02-19,0.0253659,0.792919,0
2010-02-22,0.0172567,0.407563,0
2010-02-23,0.0113702,0.0687737,0
2010-02-24,0.00585827,-0.257308,0
2010-02-25,0.00876325,0.0468817,0
2010-02-26,0.0131648,0.498184,0
2010-03-01,0.0135436,0.644472,0
2010-03-02,0.0185437,1.17511,0
2010-03-03,0.0163646,0.915087,0
2010-03-04,0.0156534,0.81723,0
2010-03-05,0.0152503,0.70686,0
2010-03-08,0.0190575,0.994394,0
2010-03-09,0.00961384,0.0561116,0
2010-03-10,-0.00159207,-1.19568,0
2010-03-11,-0.00114908,-1.29233,0
2010-03-12,0.00151212,-1.21651,0
2010-03-15,0.00688747,-0.610003,0
2010-03-16,0.00806147,-0.50098,0
2010-03-17,0.00519594,-0.92018,0
2010-03-18,0.00576364,-0.776147,0
2010-03-19,0.0135601,0.398576,0
2010-03-22,0.00742543,-0.431532,0
2010-03-23,0.0115173,0.30882,0
2010-03-24,0.00685415,-0.460312,0
2010-03-25,0.00790533,-0.296833,0
2010-03-26,0.0123424,0.443582,0
2010-03-29,0.0111342,0.251751,0
2010-03-30,0.0153587,0.981606,0
2010-03-31,0.0227117,2.32294,-1
2010-04-01,0.0237122,2.22664,-1
2010-04-05,0.0267346,2.40224,-1
2010-04-06,0.0328468,2.84273,-1
2010-04-07,0.0336316,2.45174,-1
2010-04-08,0.0286264,1.55448,-1
2010-04-09,0.0374228,2.24964,-1
2010-04-12,0.0482404,2.93619,-1
2010-04-13,0.0448006,2.10206,-1
2010-04-14,0.0485827,2.08554,-1
2010-04-15,0.0641959,2.8584,-1
2010-04-16,0.0569702,1.88709,-1
2010-04-19,0.0576586,1.6985,-1
2010-04-20,0.0538439,1.29296,-1
2010-04-21,0.0513459,1.03578,-1
2010-04-22,0.0463826,0.665975,-1
2010-04-23,0.0525364,0.947819,-1
2010-04-26,0.0492413,0.665403,-1
2010-04-27,0.0343305,-0.393991,0
2010-04-28,0.0246802,-1.23301,0
2010-04-29,0.0514084,0.740766,0
2010-04-30,0.052713,0.771345,0
2010-05-03,0.0664612,1.90546,0
2010-05-04,0.0601787,1.16288,0
2010-05-05,0.0559776,0.686321,0
2010-05-06,0.0523585,0.280522,0
2010-05-07,0.0525032,0.206789,0
2010-05-10,0.0617345,1.12285,0
2010-05-11,0.0626487,1.11779,0
2010-05-12,0.0581773,0.552539,0
2010-05-13,0.0451231,-0.833364,0
2010-05-14,0.0480156,-0.448705,0
2010-05-17,0.0595408,0.802896,0
2010-05-18,0.0543274,0.245877,0
2010-05-19,0.0549762,0.310574,0
2010-05-20,0.0491595,-0.311367,0
2010-05-21,0.0501581,-0.223894,0
2010-05-24,0.0464579,-0.596712,0
2010-05-25,0.0415573,-1.08541,0
2010-05-26,0.0333435,-2.0986,1
2010-05-27,0.0340282,-2.4089,1
2010-05-28,0.0430613,-1.00434,1
2010-06-01,0.0411055,-1.1424,1
2010-06-02,0.0388521,-1.31453,1
2010-06-03,0.0218432,-3.14964,1
2010-06-04,0.0197138,-2.65725,1
2010-06-07,0.0239771,-1.81145,1
2010-06-08,-0.0135648,-4.49871,1
2010-06-09,0.00373381,-2.08861,1
2010-06-10,0.0182245,-1.04147,1
2010-06-11,0.0167237,-1.0243,1
2010-06-14,0.0257805,-0.450352,0
2010-06-15,0.0201455,-0.69793,0
2010-06-16,0.0159194,-0.859377,0
2010-06-17,0.0187668,-0.610385,0
2010-06-18,0.0127745,-0.904782,0
2010-06-21,0.0144726,-0.711227,0
2010-06-22,0.0108795,-0.878912,0
2010-06-23,0.00120037,-1.48953,0
2010-06-24,-0.00113216,-1.51727,0
2010-06-25,0.00466946,-0.95129,0
2010-06-28,0.0139297,-0.20669,0
2010-06-29,0.0115839,-0.29922,0
2010-06-30,0.00799338,-0.527539,0
2010-07-01,0.0104584,-0.199388,0
2010-07-02,0.00841913,-0.361332,0
2010-07-06,-0.00394289,-1.64591,0
2010-07-07,0.00610498,-0.402286,0
2010-07-08,0.0127242,0.248872,0
2010-07-09,0.0323738,2.84553,-1
2010-07-12,0.0288143,1.93891,-1
2010-07-13,0.0382507,2.72538,-1
2010-07-14,0.0374425,2.27175,-1
2010-07-15,0.036027,1.84618,-1
2010-07-16,0.036817,1.6896,-1
2010-07-19,0.0343507,1.33664,-1
2010-07-20,0.0391102,1.54075,-1
2010-07-21,0.0389713,1.36813,-1
2010-07-22,0.033963,0.909389,-1
2010-07-23,0.0282425,0.449328,0
2010-07-26,0.0305389,0.534025,0
2010-07-27,0.0314195,0.525924,0
2010-07-28,0.0321545,0.520552,0
2010-07-29,0.0465723,1.52433,0
2010-07-30,0.0587183,2.27403,-1
2010-08-02,0.0393906,0.622394,-1
2010-08-03,0.0361926,0.313516,0
2010-08-04,0.0395098,0.51918,0
2010-08-05,0.0390742,0.40518,0
2010-08-06,0.0457192,1.30464,0
2010-08-09,0.0433869,0.83802,0
2010-08-10,0.047475,1.36163,0
2010-08-11,0.0406143,0.263926,0
2010-08-12,0.0413305,0.342806,0
2010-08-13,0.0496421,1.48658,0
2010-08-16,0.0525433,1.72222,0
2010-08-17,0.0449265,0.538989,0
2010-08-18,0.0456791,0.594847,0
2010-08-19,0.0437214,0.300171,0
2010-08-20,0.0391457,-0.350105,0
2010-08-23,0.0275012,-2.11216,1
2010-08-24,0.0197432,-3.06301,1
2010-08-25,0.0234811,-2.11183,1
2010-08-26,0.0204979,-2.22829,1
2010-08-27,0.0181145,-2.11976,1
2010-08-30,0.0162766,-2.08084,1
2010-08-31,0.0178335,-1.65165,1
2010-09-01,0.0213612,-1.18467,1
2010-09-02,0.0267622,-0.647326,1
2010-09-03,0.0284869,-0.458105,0
2010-09-07,0.0286105,-0.387482,0
2010-09-08,0.0269028,-0.472492,0
2010-09-09,0.022451,-0.780933,0
2010-09-10,0.0374014,0.565352,0
2010-09-13,0.0448831,1.23421,0
2010-09-14,0.0465358,1.44291,0
2010-09-15,0.0416309,1.08735,0
2010-09-16,0.0389143,0.866215,0
2010-09-17,0.0336613,0.413836,0
2010-09-20,0.037424,0.884441,0
2010-09-21,0.0346323,0.605725,0
2010-09-22,0.0289787,-0.0317362,0
2010-09-23,0.0243768,-0.580954,0
2010-09-24,0.0329721,0.346034,0
2010-09-27,0.0321488,0.193959,0
2010-09-28,0.0350254,0.461163,0
2010-09-29,0.0465236,1.8639,0
2010-09-30,0.0390467,0.727114,0
2010-10-01,0.0362143,0.256985,0
2010-10-04,0.0332553,-0.227712,0
2010-10-05,0.0392542,0.612599,0
2010-10-06,0.0328886,-0.406569,0
2010-10-07,0.0290337,-1.07193,0
2010-10-08,0.0245283,-2.00848,1
2010-10-11,0.0184075,-2.69384,1
2010-10-12,0.0169628,-2.45089,1
2010-10-13,0.00909856,-3.18253,1
2010-10-14,0.00738694,-2.69104,1
2010-10-15,0.00553106,-2.38135,1
2010-10-18,-0.00160538,-2.61684,1
2010-10-19,-0.00304013,-2.25983,1
2010-10-20,-0.00256829,-1.87795,1
2010-10-21,-0.00464087,-1.77009,1
2010-10-22,-0.00136019,-1.36269,1
2010-10-25,0.0045066,-0.880727,1
2010-10-26,0.00246128,-0.91676,1
2010-10-27,0.00611399,-0.614366,1
2010-10-28,-0.00113125,-1.00267,1
2010-10-29,-0.0266112,-2.6261,1
2010-11-01,-0.0464252,-3.44052,1
2010-11-02,-0.0501973,-2.85013,1
2010-11-03,-0.0441151,-2.09572,1
2010-11-04,-0.0355581,-1.46057,1
2010-11-05,-0.0453401,-1.76837,1
2010-11-08,-0.0506052,-1.81404,1
2010-11-09,-0.074143,-2.6156,1
2010-11-10,-0.0604872,-1.65326,1
2010-11-11,-0.0581257,-1.38113,1
2010-11-12,-0.0516063,-1.00322,1
2010-11-15,-0.0492066,-0.818884,1
2010-11-16,-0.0444384,-0.558475,1
2010-11-17,-0.0443087,-0.486134,0
2010-11-18,-0.0460653,-0.488391,0
2010-11-19,-0.0465398,-0.439507,0
2010-11-22,-0.045673,-0.328817,0
2010-11-23,-0.0464835,-0.282878,0
2010-11-24,-0.0443171,-0.0698485,0
2010-11-26,-0.0437581,0.129122,0
2010-11-29,-0.0498648,-0.23056,0
2010-11-30,-0.0584777,-1.20607,0
2010-12-01,-0.0616463,-1.48016,0
2010-12-02,-0.0409662,1.04642,0
2010-12-03,-0.0310831,2.13364,-1
2010-12-06,-0.0311175,2.00657,-1
2010-12-07,-0.0169918,3.16481,-1
2010-12-08,-0.0237613,1.90288,-1
2010-12-09,-0.0194008,2.16588,-1
2010-12-10,-0.017075,2.06921,-1
2010-12-13,-0.00425981,2.7834,-1
2010-12-14,-0.00149214,2.43444,-1
2010-12-15,-0.00086572,2.06659,-1
2010-12-16,0.00544195,2.11428,-1
2010-12-17,-0.000245639,1.52765,-1
2010-12-20,0.00244579,1.48818,-1
2010-12-21,5.75436e-05,1.21935,-1
2010-12-22,0.00639944,1.38796,-1
2010-12-23,0.00879313,1.35482,-1
2010-12-27,0.00514771,1.05905,-1
2010-12-28,0.0107369,1.20745,-1
2010-12-29,0.0129917,1.20876,-1
2010-12-30,0.0151481,1.25949,-1
2010-12-31,0.0142788,1.23468,-1
2011-01-03,0.00148912,0.319608,0
2011-01-04,-0.0068885,-0.396714,0
2011-01-05,-0.0056504,-0.458724,0
2011-01-06,-0.019925,-1.85329,0
2011-01-07,-0.0194675,-1.90247,0
2011-01-10,-0.0209732,-2.04535,1
2011-01-11,-0.0127315,-1.19354,1
2011-01-12,-0.0176377,-1.5591,1
2011-01-13,-0.0216102,-1.74025,1
2011-01-14,-0.0288966,-2.11543,1
2011-01-18,-0.0337809,-2.16175,1
2011-01-19,-0.0305659,-1.63284,1
2011-01-20,-0.0259286,-1.15888,1
2011-01-21,-0.0298356,-1.28591,1
2011-01-24,-0.0205633,-0.609482,1
2011-01-25,-0.0212525,-0.579674,1
2011-01-26,-0.0273111,-0.888317,1
2011-01-27,-0.0280714,-0.856088,1
2011-01-28,-0.0300368,-0.925325,1
2011-01-31,-0.0343761,-1.24455,1
2011-02-01,-0.0597336,-3.92447,1
2011-02-02,-0.0491035,-2.1196,1
2011-02-03,-0.0395427,-1.06488,1
2011-02-04,-0.0382783,-0.8746,1
2011-02-07,-0.0393616,-0.888988,1
2011-02-08,-0.0310934,-0.0555229,0
2011-02-09,-0.0397856,-0.812728,0
2011-02-10,-0.041737,-0.931288,0
2011-02-11,-0.0382514,-0.486645,0
2011-02-14,-0.0497633,-1.65413,0
2011-02-15,-0.0309967,0.450653,0
2011-02-16,-0.0354349,-0.0157761,0
2011-02-17,-0.0314438,0.4165,0
2011-02-18,-0.0224871,1.38882,0
2011-02-22,-0.0172911,1.82149,0
2011-02-23,-0.0170543,1.77882,0
2011-02-24,-0.00600263,2.74654,-1
2011-02-25,0.00223705,2.93869,-1
2011-02-28,0.0154272,3.25337,-1
2011-03-01,0.0155601,2.51224,-1
2011-03-02,0.0170742,2.14812,-1
2011-03-03,0.0145172,1.76934,-1
2011-03-04,0.0186342,1.75146,-1
2011-03-07,0.015352,1.40278,-1
2011-03-08,0.0233733,1.58937,-1
2011-03-09,0.00990583,0.87643,-1
2011-03-10,0.0165372,1.05883,-1
2011-03-11,0.0151643,0.904639,-1
2011-03-14,0.0198759,1.01969,-1
2011-03-15,0.0355042,1.61491,-1
2011-03-16,0.0438252,1.92934,-1
2011-03-17,0.045388,1.80118,-1
2011-03-18,0.0530535,2.04062,-1
2011-03-21,0.0490635,1.68006,-1
2011-03-22,0.0512323,1.66363,-1
2011-03-23,0.0513595,1.5434,-1
2011-03-24,0.0471713,1.22585,-1
2011-03-25,0.0475898,1.16452,-1
2011-03-28,0.0411072,0.668356,-1
2011-03-29,0.0544719,1.43387,-1
2011-03-30,0.0434916,0.612718,-1
2011-03-31,0.0416981,0.430399,0
2011-04-01,0.0411717,0.326094,0
2011-04-04,0.0367374,-0.0393221,0
2011-04-05,0.0387634,0.0273337,0
2011-04-06,0.0343768,-0.358095,0
2011-04-07,0.0288584,-1.00016,0
2011-04-08,0.0320261,-0.857702,0
2011-04-11,0.0235862,-2.07037,1
2011-04-12,0.0137707,-3.381,1
2011-04-13,0.0101211,-2.96032,1
2011-04-14,0.0163037,-1.84376,1
2011-04-15,0.0179628,-1.48493,1
2011-04-18,0.0158028,-1.4936,1
2011-04-19,0.0150802,-1.38792,1
2011-04-20,0.0143233,-1.30825,1
2011-04-21,0.00835143,-1.62315,1
2011-04-25,0.00334709,-1.80717,1
2011-04-26,0.00113223,-1.76225,1
2011-04-27,-0.00111333,-1.70442,1
2011-04-28,0.00259159,-1.33576,1
2011-04-29,0.000692179,-1.35821,1
2011-05-02,0.00116844,-1.21145,1
2011-05-03,-0.00115623,-1.30299,1
2011-05-04,-0.00515463,-1.52194,1
2011-05-05,0.00230035,-0.797358,1
2011-05-06,0.00381505,-0.587864,1
2011-05-09,0.00901354,0.027682,0
2011-05-10,0.00927633,0.212571,0
2011-05-11,0.0109474,0.583414,0
2011-05-12,0.0161882,1.37928,0
2011-05-13,0.0144285,1.03489,0
2011-05-16,0.0148776,1.12944,0
2011-05-17,0.0078269,0.15178,0
2011-05-18,0.0142542,1.21551,0
2011-05-19,0.0159449,1.4964,0
2011-05-20,0.0126501,0.952465,0
2011-05-23,0.0121128,0.820078,0
2011-05-24,0.0124999,0.805233,0
2011-05-25,0.0129875,0.799136,0
2011-05-26,0.00828226,-0.0125847,0
2011-05-27,0.00365384,-0.794014,0
2011-05-31,0.00906897,0.0445906,0
2011-06-01,0.00386124,-0.910106,0
2011-06-02,-0.000582847,-1.82758,0
2011-06-03,0.000161436,-1.93664,0
2011-06-06,-0.00138024,-2.14638,1
2011-06-07,0.000297643,-1.63101,1
2011-06-08,-0.00465359,-2.30025,1
2011-06-09,0.00254301,-0.851829,1
2011-06-10,0.00509639,-0.396924,0
2011-06-13,0.00474547,-0.382636,0
2011-06-14,0.00615674,-0.0897235,0
2011-06-15,0.00662699,0.059565,0
2011-06-16,0.00918769,0.505633,0
2011-06-17,0.00892517,0.527529,0
2011-06-20,0.00699928,0.268887,0
2011-06-21,0.0120053,1.36189,0
2011-06-22,0.0161506,2.21216,-1
2011-06-23,0.0168393,2.16594,-1
2011-06-24,0.0237208,3.22891,-1
2011-06-27,0.0178127,1.64968,-1
2011-06-28,0.00925309,0.284641,0
2011-06-29,0.00999344,0.384846,0
2011-06-30,0.0102399,0.377547,0
2011-07-01,0.0137509,0.812148,0
2011-07-05,0.0279164,2.78639,-1
2011-07-06,0.0270064,2.18565,-1
2011-07-07,0.030114,2.26961,-1
2011-07-08,0.0220088,1.05845,-1
2011-07-11,0.0141115,-0.0143428,0
2011-07-12,0.0135865,-0.140006,0
2011-07-13,0.0122977,-0.378969,0
2011-07-14,0.0109857,-0.618534,0
2011-07-15,0.0152042,-0.0633445,0
2011-07-18,0.0193679,0.503443,0
2011-07-19,0.0180405,0.237211,0
2011-07-20,0.0180438,0.163845,0
2011-07-21,0.0174436,0.0197744,0
2011-07-22,0.0103978,-1.14006,0
2011-07-25,0.0100975,-1.10123,0
2011-07-26,0.00742165,-1.42123,0
2011-07-27,0.00245539,-2.03072,1
2011-07-28,0.0197481,0.593566,0
2011-07-29,0.0308782,2.10836,-1
2011-08-01,0.0448843,3.64073,-1
2011-08-02,0.0483762,3.03662,-1
2011-08-03,0.0419297,1.90477,-1
2011-08-04,0.0354815,1.19517,-1
2011-08-05,0.0285637,0.613633,-1
2011-08-08,0.0170594,-0.299677,0
2011-08-09,0.0288652,0.597687,0
2011-08-10,0.044366,1.73614,0
2011-08-11,0.0276674,0.306279,0
2011-08-12,0.0390813,1.10419,0
2011-08-15,0.0379888,0.918933,0
2011-08-16,0.0383107,0.861784,0
2011-08-17,0.03112,0.264382,0
2011-08-18,0.03058,0.180386,0
2011-08-19,0.0467732,1.33547,0
2011-08-22,0.039864,0.696278,0
2011-08-23,0.0299279,-0.17058,0
2011-08-24,0.0332346,0.00344917,0
2011-08-25,0.0408793,0.72155,0
2011-08-26,0.0361653,0.047661,0
2011-08-29,0.0330237,-0.390919,0
2011-08-30,0.0315455,-0.522652,0
2011-08-31,0.0333328,-0.187032,0
2011-09-01,0.0365162,0.348312,0
2011-09-02,0.0334563,-0.117647,0
2011-09-06,0.0385489,0.619221,0
2011-09-07,0.0383842,0.546331,0
2011-09-08,0.0402061,0.842065,0
2011-09-09,0.0326304,-0.686666,0
2011-09-12,0.0269397,-2.11427,1
2011-09-13,0.0290211,-1.36849,1
2011-09-14,0.0278031,-1.47805,1
2011-09-15,0.0268836,-1.50061,1
2011-09-16,0.022136,-2.29002,1
2011-09-19,0.0242607,-1.62302,1
2011-09-20,0.0100961,-4.15075,1
2011-09-21,0.00308495,-3.9158,1
2011-09-22,-0.000215452,-3.14919,1
2011-09-23,-0.00297245,-2.67872,1
2011-09-26,-0.0223154,-3.67119,1
2011-09-27,-0.0171054,-2.39447,1
2011-09-28,-0.0234414,-2.33623,1
2011-09-29,-0.0206665,-1.82961,1
2011-09-30,-0.0210807,-1.6187,1
2011-10-03,-0.0279859,-1.73654,1
2011-10-04,-0.0340339,-1.78103,1
2011-10-05,-0.0155673,-0.843385,1
2011-10-06,-0.0147454,-0.726988,1
2011-10-07,-0.0118208,-0.522771,1
2011-10-10,-0.0105776,-0.391715,0
2011-10-11,-0.0160273,-0.584798,0
2011-10-12,-0.0256413,-1.00897,0
2011-10-13,-0.014135,-0.292404,0
2011-10-14,-0.0106579,0.0176299,0
2011-10-17,-0.0199346,-0.53174,0
2011-10-18,0.00372632,1.70631,0
2011-10-19,0.00291548,1.7751,0
2011-10-20,0.00997807,2.47549,-1
2011-10-21,0.0110999,2.30901,-1
2011-10-24,0.0169763,2.51226,-1
2011-10-25,0.00956861,1.54616,-1
2011-10-26,0.00917114,1.3501,-1
2011-10-27,0.0183722,1.82859,-1
2011-10-28,0.0287166,2.25228,-1
2011-10-31,0.030094,1.99226,-1
2011-11-01,0.0300918,1.75319,-1
2011-11-02,0.0329681,1.77089,-1
2011-11-03,0.0268695,1.23207,-1
2011-11-04,0.0331711,1.4502,-1
2011-11-07,0.0329163,1.28621,-1
2011-11-08,0.0305947,1.03961,-1
2011-11-09,0.0190826,0.332758,0
2011-11-10,0.0124226,-0.161545,0
2011-11-11,0.0128591,-0.237044,0
2011-11-14,0.0143208,-0.240043,0
2011-11-15,-0.0146307,-3.26342,1
2011-11-16,-0.0165596,-2.80615,1
2011-11-17,-0.0202077,-2.62263,1
2011-11-18,-0.0415867,-3.46736,1
2011-11-21,-0.0492754,-2.98056,1
2011-11-22,-0.028187,-1.51481,1
2011-11-23,-0.0346528,-1.6069,1
2011-11-25,-0.0393257,-1.60043,1
2011-11-28,-0.0288972,-1.06989,1
2011-11-29,-0.026405,-0.884658,1
2011-11-30,-0.018902,-0.545716,1
2011-12-01,-0.0193022,-0.490519,0
2011-12-02,-0.0199979,-0.44399,0
2011-12-05,-0.0171107,-0.264761,0
2011-12-06,-0.00688047,0.236651,0
2011-12-07,-0.00846881,0.280986,0
2011-12-08,-0.0139897,0.134671,0
2011-12-09,-0.0135144,0.271879,0
2011-12-12,-0.00767036,0.747619,0
2011-12-13,-0.00840693,0.853233,0
2011-12-14,-0.0234276,-0.143431,0
2011-12-15,-0.0385625,-1.37513,0
2011-12-16,-0.0274835,-0.342136,0
2011-12-19,-0.0294875,-0.473836,0
2011-12-20,-0.0222997,0.0592487,0
2011-12-21,-0.0191825,0.246068,0
2011-12-22,-0.024821,-0.365387,0
2011-12-23,-0.0244613,-0.397516,0
2011-12-27,-0.0200519,-0.0104761,0
2011-12-28,-0.0243434,-0.590369,0
2011-12-29,-0.0230147,-0.444609,0
2011-12-30,-0.0257762,-0.756971,0
2012-01-03,-0.00436381,1.89073,0
2012-01-04,-0.00612009,1.4579,0
2012-01-05,-0.0123373,0.667498,0
2012-01-06,-0.0112861,0.833352,0
2012-01-09,-0.00499037,1.56437,0
2012-01-10,-0.0112539,0.774972,0
2012-01-11,-0.0147153,0.393655,0
2012-01-12,-0.0355773,-1.81443,0
2012-01-13,-0.025819,-0.586752,0
2012-01-17,-0.0289379,-0.893388,0
2012-01-18,-0.0359902,-1.81209,0
2012-01-19,-0.0407011,-2.15483,1
2012-01-20,-0.0450688,-2.34211,1
2012-01-23,-0.0422303,-1.73434,1
2012-01-24,-0.0400434,-1.35395,1
2012-01-25,-0.0300612,-0.474546,0
2012-01-26,-0.0340597,-0.754603,0
2012-01-27,-0.0459683,-1.58939,0
2012-01-30,-0.0455205,-1.38951,0
2012-01-31,-0.0256579,0.0937794,0
2012-02-01,-0.0307057,-0.248867,0
2012-02-02,-0.0159124,0.903988,0
2012-02-03,-0.0154595,1.02264,0
2012-02-06,-0.0141845,1.14868,0
2012-02-07,-0.0192402,0.779653,0
2012-02-08,-0.0126923,1.4758,0
2012-02-09,-0.0105466,1.68345,0
2012-02-10,-0.00712368,1.90909,0
2012-02-13,-0.00433987,1.87632,0
2012-02-14,-0.00620587,1.51798,0
2012-02-15,-0.00561019,1.40159,0
2012-02-16,-0.00701238,1.16284,0
2012-02-17,-0.00800743,0.986361,0
2012-02-21,-0.00323192,1.22946,0
2012-02-22,-0.0153717,0.263109,0
2012-02-23,-0.00841298,0.713972,0
2012-02-24,-0.00537301,0.87323,0
2012-02-27,0.000949895,1.29076,0
2012-02-28,0.0017906,1.36117,0
2012-02-29,0.00489591,1.88575,0
2012-03-01,0.00651189,1.92071,0
2012-03-02,0.0108456,2.54208,-1
2012-03-05,-5.76956e-05,0.741448,-1
2012-03-06,0.00931275,1.89127,-1
2012-03-07,0.0147607,2.34881,-1
2012-03-08,0.0312189,4.10387,-1
2012-03-09,0.0325176,3.04201,-1
2012-03-12,0.0202384,1.43479,-1
2012-03-13,0.0144912,0.843668,-1
2012-03-14,0.0195458,1.15099,-1
2012-03-15,0.0122852,0.494624,0
2012-03-16,0.00993609,0.2548,0
2012-03-19,0.00681764,-0.0490713,0
2012-03-20,-0.00308308,-0.923248,0
2012-03-21,-0.0064416,-1.19979,0
2012-03-22,-0.0213546,-2.62463,1
2012-03-23,-0.0140428,-1.73012,1
2012-03-26,-0.0176775,-1.89068,1
2012-03-27,-0.0194769,-1.80798,1
2012-03-28,-0.0202997,-1.66288,1
2012-03-29,-0.0135027,-1.07293,1
2012-03-30,-0.017455,-1.21728,1
2012-04-02,-0.0110733,-0.738061,1
2012-04-03,-0.00652182,-0.441573,0
2012-04-04,-0.0101772,-0.603222,0
2012-04-05,-0.0157377,-0.854381,0
2012-04-09,-0.0155831,-0.77406,0
2012-04-10,-0.0133727,-0.563031,0
2012-04-11,-0.0242568,-1.33972,0
2012-04-12,-0.0188826,-0.800461,0
2012-04-13,-0.0275423,-1.59053,0
2012-04-16,-0.0325621,-2.06406,1
2012-04-17,-0.0288577,-1.55938,1
2012-04-18,-0.0336038,-2.17536,1
2012-04-19,-0.0351677,-2.14072,1
2012-04-20,-0.0341423,-1.75525,1
2012-04-23,-0.038388,-2.04655,1
2012-04-24,-0.0388662,-1.81283,1
2012-04-25,-0.036226,-1.32574,1
2012-04-26,-0.00405852,1.85433,0
2012-04-27,-0.00422268,1.62905,0
2012-04-30,-0.00386802,1.54203,0
2012-05-01,0.0034634,1.98815,0
2012-05-02,0.00204447,1.68274,0
2012-05-03,-0.000973013,1.3704,0
2012-05-04,-0.00900673,0.748512,0
2012-05-07,-0.0114587,0.552624,0
2012-05-08,-0.00995458,0.635856,0
2012-05-09,-0.0110423,0.548609,0
2012-05-10,0.00299377,1.42851,0
2012-05-11,-0.00657103,0.691177,0
2012-05-14,-0.00141618,0.949208,0
2012-05-15,-0.00720618,0.491541,0
2012-05-16,-0.0107034,0.204846,0
2012-05-17,-0.00675286,0.403836,0
2012-05-18,-0.0174372,-0.440516,0
2012-05-21,-0.0119239,-0.111609,0
2012-05-22,-0.0140168,-0.436094,0
2012-05-23,-0.0177905,-1.12345,0
2012-05-24,-0.0139197,-1.10462,0
2012-05-25,-0.0186108,-1.73471,0
2012-05-29,-0.00273964,0.801696,0
2012-05-30,-0.0013576,0.989915,0
2012-05-31,0.0202466,4.39999,-1
2012-06-01,0.00990488,1.95708,-1
2012-06-04,0.0124639,2.01954,-1
2012-06-05,0.0141631,1.90377,-1
2012-06-06,0.0131783,1.56745,-1
2012-06-07,0.0120213,1.29599,-1
2012-06-08,0.0140715,1.33372,-1
2012-06-11,0.0118232,1.06249,-1
2012-06-12,0.00700923,0.598956,-1
2012-06-13,0.00879664,0.697601,-1
2012-06-14,0.00695357,0.49478,0
2012-06-15,0.0159533,1.12615,0
2012-06-18,0.00866816,0.469859,0
2012-06-19,-0.00260455,-0.509674,0
2012-06-20,-0.0123796,-1.38175,0
2012-06-21,-0.0115435,-1.33291,0
2012-06-22,-0.00711045,-1.03314,0
2012-06-25,-0.00926251,-1.31002,0
2012-06-26,-0.00524751,-1.0724,0
2012-06-27,0.000526883,-0.473029,0
2012-06-28,0.0100814,0.469644,0
2012-06-29,-0.00106056,-0.627579,0
2012-07-02,0.004994,0.0706649,0
2012-07-03,0.00741382,0.373351,0
2012-07-05,0.00340077,-0.0237035,0
2012-07-06,0.00365526,0.0608147,0
2012-07-09,0.0117453,1.068,0
2012-07-10,0.0125403,1.19685,0
2012-07-11,0.0057332,0.37177,0
2012-07-12,0.0103294,0.932811,0
2012-07-13,0.00282011,0.0215383,0
2012-07-16,0.0147158,1.47419,0
2012-07-17,0.012013,1.17153,0
2012-07-18,0.00998805,0.88718,0
2012-07-19,0.0182143,1.77786,0
2012-07-20,0.0237691,2.3067,-1
2012-07-23,0.0207082,1.69852,-1
2012-07-24,0.0126599,0.577372,-1
2012-07-25,0.00216406,-0.925018,0
2012-07-26,0.00689928,-0.359011,0
2012-07-27,0.00461468,-0.778842,0
2012-07-30,0.00812278,-0.189884,0
2012-07-31,0.0139967,0.685844,0
2012-08-01,0.0209047,1.7601,0
2012-08-02,0.0213133,1.60857,0
2012-08-03,0.0174431,0.850522,0
2012-08-06,0.0196668,1.11472,0
2012-08-07,0.0190988,0.936107,0
2012-08-08,0.0159418,0.398654,0
2012-08-09,0.013956,0.0286807,0
2012-08-10,0.0185811,0.71652,0
2012-08-13,0.019104,0.730435,0
2012-08-14,0.0181071,0.52002,0
2012-08-15,0.02109,0.96272,0
2012-08-16,0.019081,0.539116,0
2012-08-17,0.0158923,0.00513839,0
2012-08-20,0.0193429,0.670208,0
2012-08-21,0.019726,0.755773,0
2012-08-22,0.0173912,0.284258,0
2012-08-23,0.0142503,-0.471425,0
2012-08-24,0.0114135,-1.27768,0
2012-08-27,0.0121999,-1.45888,0
2012-08-28,0.0129683,-1.5047,0
2012-08-29,0.0101017,-2.3979,1
2012-08-30,0.010353,-1.95246,1
2012-08-31,0.0194948,0.932124,0
2012-09-04,0.0128088,-1.01994,0
2012-09-05,0.00600843,-2.86185,1
2012-09-06,0.00614762,-2.26454,1
2012-09-07,0.00360936,-2.47063,1
2012-09-10,0.00814195,-1.19525,1
2012-09-11,0.00813708,-1.0798,1
2012-09-12,0.0111916,-0.400476,0
2012-09-13,0.009276,-0.710834,0
2012-09-14,0.00278686,-1.96382,0
2012-09-17,0.00609539,-1.07997,0
2012-09-18,0.00736882,-0.726913,0
2012-09-19,0.0161303,1.18727,0
2012-09-20,0.015251,1.11281,0
2012-09-21,0.00987704,-0.0720503,0
2012-09-24,0.00981892,-0.0355926,0
2012-09-25,0.0040411,-1.39996,0
2012-09-26,0.00436523,-1.1801,0
2012-09-27,0.00531532,-0.849501,0
2012-09-28,0.00373711,-1.13608,0
2012-10-01,0.00541831,-0.667184,0
2012-10-02,0.011953,1.09132,0
2012-10-03,-0.00325051,-2.91175,1
2012-10-04,-0.000539655,-1.73784,1
2012-10-05,-0.00127997,-1.70489,1
2012-10-08,-0.00167976,-1.63763,1
2012-10-09,0.00230538,-0.717714,1
2012-10-10,-0.0268176,-5.97827,1
2012-10-11,-0.0222474,-2.91611,1
2012-10-12,-0.0284233,-2.89914,1
2012-10-15,-0.0263701,-2.14821,1
2012-10-16,-0.0242917,-1.6829,1
2012-10-17,-0.0253436,-1.55581,1
2012-10-18,-0.0299065,-1.70325,1
2012-10-19,-0.0250658,-1.20638,1
2012-10-22,-0.0301207,-1.42264,1
2012-10-23,-0.0359132,-1.66033,1
2012-10-24,-0.028404,-1.00177,1
2012-10-25,-0.0227009,-0.546479,1
2012-10-26,-0.0221538,-0.439413,0
2012-10-31,-0.0357552,-1.29916,0
2012-11-01,-0.0286878,-0.69412,0
2012-11-02,-0.0400262,-1.54702,0
2012-11-05,-0.0354315,-1.02995,0
2012-11-06,-0.0348473,-0.904254,0
2012-11-07,-0.026563,-0.0451908,0
2012-11-08,-0.0276782,-0.0393372,0
2012-11-09,-0.0286603,0.0346761,0
2012-11-12,-0.0281621,0.150924,0
2012-11-13,-0.0232523,1.23366,0
2012-11-14,-0.0353504,-1.27129,0
2012-11-15,-0.0433371,-2.68951,1
2012-11-16,-0.038145,-1.32105,1
2012-11-19,-0.0328323,-0.303702,0
2012-11-20,-0.037112,-0.990628,0
2012-11-21,-0.0367233,-0.831195,0
2012-11-23,-0.0351902,-0.511955,0
2012-11-26,-0.0330605,-0.167199,0
2012-11-27,-0.0322877,-0.000701158,0
2012-11-28,-0.0194975,2.394,-1
2012-11-29,-0.0171511,2.65373,-1
2012-11-30,-0.0177178,2.07951,-1
2012-12-03,-0.0204916,1.44125,-1
2012-12-04,-0.0214346,1.17282,-1
2012-12-05,-0.0157709,1.80589,-1
2012-12-06,-0.00665452,2.71237,-1
2012-12-07,-0.00840385,2.02789,-1
2012-12-10,-0.00622352,1.96455,-1
2012-12-11,-0.00559612,1.75815,-1
2012-12-12,-0.00756837,1.38385,-1
2012-12-13,0.00103563,1.93925,-1
2012-12-14,0.00591242,2.05105,-1
2012-12-17,0.00437065,1.71107,-1
2012-12-18,0.00895428,1.86104,-1
2012-12-19,0.0196947,2.37107,-1
2012-12-20,0.0180255,1.93516,-1
2012-12-21,0.0305895,2.52101,-1
2012-12-24,0.023604,1.74675,-1
2012-12-26,0.0195574,1.34279,-1
2012-12-27,0.0218802,1.38449,-1
2012-12-28,0.0232468,1.33181,-1
2012-12-31,0.0206029,1.04262,-1
2013-01-02,0.01487,0.593027,-1
2013-01-03,0.0120711,0.332903,0
2013-01-04,0.0120737,0.247572,0
2013-01-07,0.0168717,0.54976,0
2013-01-08,0.00566829,-0.477908,0
2013-01-09,0.0118475,-0.0123581,0
2013-01-10,0.00865094,-0.422944,0
2013-01-11,0.0135374,-0.00665971,0
2013-01-14,0.0230523,1.10355,0
2013-01-15,0.0278733,1.70366,0
2013-01-16,0.0321107,2.11664,-1
2013-01-17,0.0292922,1.50418,-1
2013-01-18,0.0257772,0.880904,-1
2013-01-22,0.029158,1.27202,-1
2013-01-23,0.0230899,0.379639,0
2013-01-24,0.01917,-0.0764955,0
2013-01-25,0.020141,0.0836785,0
2013-01-28,0.0249992,0.734368,0
2013-01-29,0.026624,0.921876,0
2013-01-30,0.0315574,1.53205,0
2013-01-31,0.0275075,0.8789,0
2013-02-01,0.0370464,1.97462,0
2013-02-04,0.0350435,1.4895,0
2013-02-05,0.0322597,1.01839,0
2013-02-06,0.0314358,0.827667,0
2013-02-07,0.0340409,1.11194,0
2013-02-08,0.0339483,1.02049,0
2013-02-11,0.0365998,1.45793,0
2013-02-12,0.0404534,2.17666,-1
2013-02-13,0.0360895,1.09834,-1
2013-02-14,0.0380999,1.34851,-1
2013-02-15,0.0323751,0.29212,0
2013-02-19,0.0283073,-0.409015,0
2013-02-20,0.0235662,-1.23447,0
2013-02-21,0.0271328,-0.566413,0
2013-02-22,0.0273367,-0.584858,0
2013-02-25,0.0233293,-1.47217,0
2013-02-26,0.0251773,-1.228,0
2013-02-27,0.0267374,-0.923414,0
2013-02-28,0.0297351,-0.330787,0
2013-03-01,0.0280306,-0.649167,0
2013-03-04,0.0374398,1.21224,0
2013-03-05,0.0322346,0.173518,0
2013-03-06,0.0361247,0.983796,0
2013-03-07,0.0453801,2.73657,-1
2013-03-08,0.0409369,1.47531,-1
2013-03-11,0.038674,0.988728,-1
2013-03-12,0.0334511,0.118509,0
2013-03-13,0.0320702,-0.0722014,0
2013-03-14,0.0377632,0.926813,0
2013-03-15,0.0391581,1.12913,0
2013-03-18,0.0402822,1.29078,0
2013-03-19,0.0437914,1.72073,0
2013-03-20,0.0489077,2.26203,-1
2013-03-21,0.0525155,2.45565,-1
2013-03-22,0.0445154,1.06389,-1
2013-03-25,0.0381096,0.162187,0
2013-03-26,0.0305105,-0.95926,0
2013-03-27,0.0180318,-2.84546,1
2013-03-28,0.0116838,-3.25599,1
2013-04-01,0.0101967,-2.72371,1
2013-04-02,0.00706055,-2.55279,1
2013-04-03,0.00425906,-2.31997,1
2013-04-04,0.00831904,-1.68186,1
2013-04-05,0.0122563,-1.23266,1
2013-04-08,0.0189668,-0.682438,1
2013-04-09,0.023142,-0.346196,0
2013-04-10,0.0315143,0.244372,0
2013-04-11,0.034732,0.460463,0
2013-04-12,0.0281091,0.0209604,0
2013-04-15,0.0289331,0.106906,0
2013-04-16,0.030183,0.2261,0
2013-04-17,0.0171472,-0.622298,0
2013-04-18,0.0166833,-0.581812,0
2013-04-19,0.00889767,-1.09899,0
2013-04-22,0.00666387,-1.25265,0
2013-04-23,-8.65391e-05,-1.82449,0
2013-04-24,0.00497592,-1.1821,0
2013-04-25,0.0224577,0.616187,0
2013-04-26,0.0349155,1.78341,0
2013-04-29,0.0415331,2.15619,-1
2013-04-30,0.0365401,1.43085,-1
2013-05-01,0.0387134,1.45766,-1
2013-05-02,0.0384158,1.29413,-1
2013-05-03,0.0324787,0.696412,-1
2013-05-06,0.0230981,-0.132918,0
2013-05-07,0.0141939,-0.872618,0
2013-05-08,0.0100132,-1.15395,0
2013-05-09,0.0123122,-0.865611,0
2013-05-10,0.0188168,-0.27317,0
2013-05-13,0.0156497,-0.486595,0
2013-05-14,0.0203704,-0.0638213,0
2013-05-15,0.0104601,-0.817719,0
2013-05-16,0.0142624,-0.479846,0
2013-05-17,0.00696212,-1.0413,0
2013-05-20,0.00879304,-0.883291,0
2013-05-21,0.0143063,-0.466273,0
2013-05-22,0.0128454,-0.681944,0
2013-05-23,0.0205195,-0.073006,0
2013-05-24,0.0231303,0.163083,0
2013-05-28,0.020306,-0.0330857,0
2013-05-29,0.0157613,-0.389823,0
2013-05-30,0.01218,-0.705692,0
2013-05-31,0.0117083,-0.709069,0
2013-06-03,0.0105501,-0.879862,0
2013-06-04,0.00895214,-1.22502,0
2013-06-05,0.0107273,-0.745064,0
2013-06-06,-0.00412219,-3.9287,1
2013-06-07,-0.00901154,-3.65871,1
2013-06-10,0.00285749,-1.18389,1
2013-06-11,0.000461234,-1.37024,1
2013-06-12,-0.00313871,-1.66684,1
2013-06-13,-0.00767071,-2.0232,1
2013-06-14,-0.00990748,-1.98853,1
2013-06-17,-0.0126047,-1.98692,1
2013-06-18,-0.0145154,-1.90056,1
2013-06-19,-0.0116584,-1.41468,1
2013-06-20,-0.009549,-1.09488,1
2013-06-21,-0.00620879,-0.721605,1
2013-06-24,-0.0116857,-1.10772,1
2013-06-25,-0.0134238,-1.19132,1
2013-06-26,-0.0151942,-1.28954,1
2013-06-27,-0.0128669,-0.957414,1
2013-06-28,-0.0189932,-1.54419,1
2013-07-01,-0.0117547,-0.611824,1
2013-07-02,-0.0146657,-0.905527,1
2013-07-03,-0.0153034,-0.938628,1
2013-07-05,-0.0132137,-0.585651,1
2013-07-08,-0.0145591,-0.763309,1
2013-07-09,-0.010137,0.0984668,0
2013-07-10,-0.00693098,0.976051,0
2013-07-11,-0.00486762,1.83464,0
2013-07-12,-0.00387622,2.24097,-1
2013-07-15,0.00272847,3.72088,-1
2013-07-16,-0.00226525,1.73804,-1
2013-07-17,-0.00216576,1.54827,-1
2013-07-18,-0.00353211,1.13205,-1
2013-07-19,-0.000985889,1.47586,-1
2013-07-22,0.00364936,2.10053,-1
2013-07-23,0.00125475,1.47114,-1
2013-07-24,-0.00328723,0.659165,-1
2013-07-25,0.00760479,2.17608,-1
2013-07-26,0.00778505,1.89762,-1
2013-07-29,0.00523795,1.33084,-1
2013-07-30,0.00448392,1.13561,-1
2013-07-31,0.00583385,1.20937,-1
2013-08-01,0.0211292,3.24454,-1
2013-08-02,0.0176754,2.19321,-1
2013-08-05,0.0136728,1.45578,-1
2013-08-06,0.00791632,0.648901,-1
2013-08-07,0.010605,0.927152,-1
2013-08-08,0.00324442,-0.161503,0
2013-08-09,0.00353172,-0.185818,0
2013-08-12,0.00736593,0.321378,0
2013-08-13,0.0182991,1.91635,0
2013-08-14,0.0193389,1.82945,0
2013-08-15,0.0214993,1.91556,0
2013-08-16,0.0207349,1.60667,0
2013-08-19,0.0218635,1.59471,0
2013-08-20,0.0191863,1.07401,0
2013-08-21,0.0186083,0.899651,0
2013-08-22,0.016139,0.48139,0
2013-08-23,0.0192745,0.878846,0
2013-08-26,0.018128,0.629266,0
2013-08-27,0.0204901,0.909854,0
2013-08-28,0.0200974,0.765606,0
2013-08-29,0.026382,1.72742,0
2013-08-30,0.0272837,1.73503,0
2013-09-03,0.0274489,1.57211,0
2013-09-04,0.0217833,0.611651,0
2013-09-05,0.0299704,1.72139,0
2013-09-06,0.0288743,1.37295,0
2013-09-09,0.0265782,0.970816,0
2013-09-10,0.0345004,2.48692,-1
2013-09-11,0.0284816,1.15481,-1
2013-09-12,0.0373716,2.84578,-1
2013-09-13,0.0331148,1.54552,-1
2013-09-16,0.0283623,0.587757,-1
2013-09-17,0.0262668,0.178203,0
2013-09-18,0.0293614,0.662271,0
2013-09-19,0.0289224,0.514108,0
2013-09-20,0.0311639,0.843444,0
2013-09-23,0.0454597,3.55915,-1
2013-09-24,0.0405963,1.94164,-1
2013-09-25,0.0385863,1.42569,-1
2013-09-26,0.0335963,0.494293,0
2013-09-27,0.0278262,-0.59034,0
2013-09-30,0.0282182,-0.539676,0
2013-10-01,0.0263261,-0.886522,0
2013-10-02,0.0205651,-1.88305,0
2013-10-03,0.0060552,-4.33934,1
2013-10-04,-0.00506666,-4.34067,1
2013-10-07,-0.00194907,-2.68577,1
2013-10-08,-0.00653934,-2.54237,1
2013-10-09,-0.00703194,-2.12832,1
2013-10-10,-0.0154202,-2.32625,1
2013-10-11,-0.0151966,-1.95049,1
2013-10-14,-0.0149881,-1.68019,1
2013-10-15,-0.00832834,-1.16228,1
2013-10-16,-0.0060367,-0.945264,1
2013-10-17,-0.00494205,-0.805706,1
2013-10-18,-0.004556,-0.710131,1
2013-10-21,0.000778108,-0.383127,0
2013-10-22,-0.00156272,-0.424201,0
2013-10-23,-0.00122008,-0.325498,0
2013-10-24,-0.00729714,-0.624932,0
2013-10-25,-0.00150312,-0.141424,0
2013-10-28,-0.00196065,-0.078244,0
2013-10-29,-0.00540846,-0.280049,0
2013-10-30,-0.0134086,-1.1808,0
2013-10-31,-0.0251219,-3.42031,1
2013-11-01,-0.0424077,-5.4279,1
2013-11-04,-0.0662347,-5.63205,1
2013-11-05,-0.0598485,-2.94106,1
2013-11-06,-0.0498691,-1.8104,1
2013-11-07,-0.0509166,-1.63497,1
2013-11-08,-0.0475406,-1.30147,1
2013-11-11,-0.0493306,-1.25885,1
2013-11-12,-0.0530345,-1.29862,1
2013-11-13,-0.0495807,-1.02716,1
2013-11-14,-0.0510742,-0.990885,1
2013-11-15,-0.0677439,-1.57527,1
2013-11-18,-0.0633093,-1.22925,1
2013-11-19,-0.048836,-0.537693,1
2013-11-20,-0.0395703,-0.0751596,0
2013-11-21,-0.0268191,0.580774,0
2013-11-22,-0.0249196,0.747463,0
2013-11-25,-0.0271786,0.757243,0
2013-11-26,-0.0248195,1.05387,0
2013-11-27,-0.02164,1.43957,0
2013-11-29,-0.0172103,1.84019,0
2013-12-02,-0.0178465,1.69776,0
2013-12-03,-0.0253544,1.05881,0
2013-12-04,-0.033455,0.459958,0
2013-12-05,-0.0317289,0.503339,0
2013-12-06,-0.0376835,0.0594669,0
2013-12-09,-0.0301624,0.516073,0
2013-12-10,-0.0252133,0.791352,0
2013-12-11,-0.0208827,1.00461,0
2013-12-12,-0.0409124,-0.453442,0
2013-12-13,-0.0476876,-0.967375,0
2013-12-16,-0.0638424,-2.13511,1
2013-12-17,-0.0685867,-2.57096,1
2013-12-18,-0.0723831,-2.70238,1
2013-12-19,-0.0559239,-1.27999,1
2013-12-20,-0.0496417,-0.816072,1
2013-12-23,-0.0459726,-0.530016,1
2013-12-24,-0.0461499,-0.482645,0
2013-12-26,-0.0516075,-0.751066,0
2013-12-27,-0.0527012,-0.741364,0
2013-12-30,-0.0464038,-0.28225,0
2013-12-31,-0.0485282,-0.343918,0
2014-01-02,-0.0380277,0.46939,0
2014-01-03,-0.0325979,0.935027,0
2014-01-06,-0.0355567,0.713242,0
2014-01-07,-0.0405189,0.369848,0
2014-01-08,-0.0495774,-0.290684,0
2014-01-09,-0.0378553,0.676798,0
2014-01-10,-0.062276,-1.23451,0
2014-01-13,-0.0540475,-0.432672,0
2014-01-14,-0.0554526,-0.507936,0
2014-01-15,-0.053167,-0.25785,0
2014-01-16,-0.0557973,-0.574576,0
2014-01-17,-0.0523804,-0.33401,0
2014-01-21,-0.0351367,1.66905,0
2014-01-22,-0.026927,2.49039,-1
2014-01-23,-0.0329813,1.40787,-1
2014-01-24,-0.0266337,1.92908,-1
2014-01-27,-0.0253103,1.80502,-1
2014-01-28,-0.028839,1.2669,-1
2014-01-29,-0.0290578,1.12235,-1
2014-01-30,-0.0122768,2.45004,-1
2014-01-31,-0.0326991,0.493183,0
2014-02-03,-0.0122904,2.00442,-1
2014-02-04,-0.0142389,1.63094,-1
2014-02-05,-0.0202694,1.07348,-1
2014-02-06,-0.0139392,1.38101,-1
2014-02-07,-0.0155104,1.14277,-1
2014-02-10,-0.00613038,1.60319,-1
2014-02-11,-0.00458799,1.57212,-1
2014-02-12,-0.0118438,0.977736,-1
2014-02-13,-0.0112069,0.942543,-1
2014-02-14,-0.0318673,-0.604881,0
2014-02-18,-0.036907,-1.22997,0
2014-02-19,-0.0267431,-0.516586,0
2014-02-20,-0.03257,-1.17288,0
2014-02-21,-0.0441265,-2.25847,1
2014-02-24,-0.0450038,-2.09502,1
2014-02-25,-0.0351582,-1.01741,1
2014-02-26,-0.0239268,-0.0531684,0
2014-02-27,-0.0221199,0.0723367,0
2014-02-28,-0.0288889,-0.504294,0
2014-03-03,-0.0238652,-0.0299425,0
2014-03-04,-0.0297588,-0.56019,0
2014-03-05,-0.00727924,1.4153,0
2014-03-06,-0.00305915,1.6873,0
2014-03-07,-0.0142115,0.655235,0
2014-03-10,-0.0127819,0.766886,0
2014-03-11,-0.0075785,1.14885,0
2014-03-12,9.71203e-05,1.75373,0
2014-03-13,-0.0038367,1.39197,0
2014-03-14,-0.00482382,1.2465,0
2014-03-17,-0.00564275,1.13667,0
2014-03-18,0.000144766,1.43053,0
2014-03-19,0.00198608,1.41509,0
2014-03-20,-0.00462173,0.829091,0
2014-03-21,-0.000567027,1.01982,0
2014-03-24,-0.00224578,0.829623,0
2014-03-25,0.0052277,1.43004,0
2014-03-26,0.0123861,2.02259,-1
2014-03-27,-0.00468908,0.256576,0
2014-03-28,-0.0129659,-0.584904,0
2014-03-31,-0.00897185,-0.322934,0
2014-04-01,-0.00844444,-0.384026,0
2014-04-02,-0.00758755,-0.547696,0
2014-04-03,-0.00962444,-0.863453,0
2014-04-04,-0.00533466,-0.138052,0
2014-04-07,-0.0110435,-1.15844,0
2014-04-08,-0.0138545,-1.66778,0
2014-04-09,-0.00153304,0.425088,0
2014-04-10,-0.015483,-1.78207,0
2014-04-11,-0.0115095,-0.98135,0
2014-04-14,-0.0092722,-0.586491,0
2014-04-15,-0.00445624,0.135418,0
2014-04-16,-0.00492015,0.103618,0
2014-04-17,0.00495303,1.65112,0
2014-04-21,0.00402012,1.34917,0
2014-04-22,0.00763198,1.7687,0
2014-04-23,0.0114081,2.06829,-1
2014-04-24,0.0129213,2.08356,-1
2014-04-25,0.00602366,1.24514,-1
2014-04-28,0.0116364,1.78186,-1
2014-04-29,0.0102715,1.42214,-1
2014-04-30,-0.00305964,-0.143407,0
2014-05-01,0.00249537,0.423879,0
2014-05-02,-0.00525287,-0.46878,0
2014-05-05,-0.0090026,-0.916347,0
2014-05-06,-0.0093287,-0.918439,0
2014-05-07,-0.00364125,-0.311078,0
2014-05-08,-0.00449505,-0.488057,0
2014-05-09,-0.00797341,-0.871114,0
2014-05-12,-0.00884086,-1.08306,0
2014-05-13,-0.00512451,-0.654681,0
2014-05-14,0.000107128,-0.0202641,0
2014-05-15,0.00319875,0.354945,0
2014-05-16,-0.0014354,-0.309405,0
2014-05-19,-0.00449036,-0.676322,0
2014-05-20,-0.00586562,-0.799237,0
2014-05-21,-0.00622462,-0.767629,0
2014-05-22,-0.00487273,-0.497654,0
2014-05-23,-0.00493921,-0.431535,0
2014-05-27,-0.00931694,-1.11059,0
2014-05-28,-0.00851271,-0.943483,0
2014-05-29,-0.0118843,-1.9095,0
2014-05-30,-0.000361538,1.23084,0
2014-06-02,0.00102579,1.72227,0
2014-06-03,-0.000864923,1.05675,0
2014-06-04,0.00111568,1.45101,0
2014-06-05,0.00512449,2.29669,-1
2014-06-06,-0.000325307,0.748548,-1
2014-06-09,0.00187865,1.17205,-1
2014-06-10,0.00990467,2.79106,-1
2014-06-11,0.00345775,1.05692,-1
2014-06-12,0.0133532,2.81165,-1
2014-06-13,0.0118506,2.038,-1
2014-06-16,0.0184303,2.76144,-1
2014-06-17,0.0248712,3.02627,-1
2014-06-18,0.0317324,3.09139,-1
2014-06-19,0.0441723,3.50114,-1
2014-06-20,0.0334053,1.884,-1
2014-06-23,0.0315265,1.52002,-1
2014-06-24,0.0377087,1.74567,-1
2014-06-25,0.0382448,1.58518,-1
2014-06-26,0.0357052,1.27088,-1
2014-06-27,0.0384862,1.34553,-1
2014-06-30,0.0438616,1.5491,-1
2014-07-01,0.0354245,0.871209,-1
2014-07-02,0.0297865,0.430402,0
2014-07-03,0.0256892,0.0841416,0
2014-07-07,0.0188791,-0.461417,0
2014-07-08,0.0122111,-1.09086,0
2014-07-09,0.0157023,-0.922476,0
2014-07-10,0.0163862,-0.917482,0
2014-07-11,0.0107773,-1.59007,0
2014-07-14,0.00697974,-1.89663,0
2014-07-15,0.0096028,-1.5746,0
2014-07-16,0.00776635,-1.62176,0
2014-07-17,0.0158829,-0.815667,0
2014-07-18,0.0134596,-0.934883,0
2014-07-21,0.0161663,-0.629552,0
2014-07-22,0.0205048,-0.206492,0
2014-07-23,0.022249,-0.0177082,0
2014-07-24,0.0281278,0.563048,0
2014-07-25,0.0287037,0.691551,0
2014-07-28,0.0136494,-0.684757,0
2014-07-29,0.0152251,-0.448535,0
2014-07-30,0.0184352,0.034963,0
2014-07-31,0.0368975,2.88439,-1
2014-08-01,0.0269977,1.22561,-1
2014-08-04,0.0144866,-0.421644,0
2014-08-05,0.00930854,-1.06232,0
2014-08-06,0.00686275,-1.3376,0
2014-08-07,0.0133379,-0.437695,0
2014-08-08,0.0145882,-0.265212,0
2014-08-11,0.0162403,-0.088739,0
2014-08-12,0.0134554,-0.50978,0
2014-08-13,0.0106667,-0.911134,0
2014-08-14,0.00544132,-1.65228,0
2014-08-15,0.00747589,-1.22899,0
2014-08-18,0.00371756,-1.61196,0
2014-08-19,0.0140027,-0.265546,0
2014-08-20,0.0103055,-0.655451,0
2014-08-21,0.0175685,0.251533,0
2014-08-22,0.0187848,0.482089,0
2014-08-25,0.0210727,0.891613,0
2014-08-26,0.0142806,-0.0604374,0
2014-08-27,0.0178354,0.409854,0
2014-08-28,0.017625,0.387016,0
2014-08-29,0.0233653,1.71046,0
2014-09-02,0.0181977,0.891965,0
2014-09-03,0.0135789,-0.0238963,0
2014-09-04,0.0128188,-0.21007,0
2014-09-05,0.0076349,-1.32088,0
2014-09-08,0.0137416,-0.0368103,0
2014-09-09,0.00932893,-0.878346,0
2014-09-10,0.0081354,-1.02876,0
2014-09-11,0.00203486,-2.08385,1
2014-09-12,0.00603518,-1.14796,1
2014-09-15,0.0127611,-0.0196567,0
2014-09-16,0.00588157,-1.26069,0
2014-09-17,0.00749472,-1.02948,0
2014-09-18,0.00768925,-0.913351,0
2014-09-19,0.00716555,-0.966384,0
2014-09-22,0.00284614,-1.61446,0
2014-09-23,0.00478863,-1.11658,0
2014-09-24,0.00166696,-1.57346,0
2014-09-25,0.00481951,-0.870671,0
2014-09-26,-0.00175449,-1.92069,0
2014-09-29,0.00172435,-1.12125,0
2014-09-30,-0.00411931,-2.29336,1
2014-10-01,-0.0045827,-2.19047,1
2014-10-02,-0.0136969,-3.67722,1
2014-10-03,-0.0150553,-2.97684,1
2014-10-06,-0.0179261,-2.72975,1
2014-10-07,-0.0218885,-2.73361,1
2014-10-08,-0.0186693,-1.89538,1
2014-10-09,-0.016062,-1.40043,1
2014-10-10,-0.0183109,-1.46746,1
2014-10-13,-0.0250913,-1.92255,1
2014-10-14,-0.0405768,-3.076,1
2014-10-15,-0.0399748,-2.38231,1
2014-10-16,-0.0272069,-1.14757,1
2014-10-17,-0.0267058,-1.0073,1
2014-10-20,-0.034712,-1.48293,1
2014-10-21,-0.023484,-0.547539,1
2014-10-22,-0.0261926,-0.673724,1
2014-10-23,-0.0175715,0.0698333,0
2014-10-24,-0.0233916,-0.324635,0
2014-10-27,-0.0215886,-0.0835252,0
2014-10-28,-0.01827,0.372404,0
2014-10-29,-0.0120833,1.20408,0
2014-10-30,-0.00966302,1.65541,0
2014-10-31,-0.0109851,1.41396,0
2014-11-03,-0.0210917,0.166897,0
2014-11-04,-0.0241563,-0.174481,0
2014-11-05,-0.0152593,0.887146,0
2014-11-06,-0.0152405,0.857107,0
2014-11-07,-0.0232948,-0.0829574,0
2014-11-10,-0.0263865,-0.414594,0
2014-11-11,-0.0225855,0.0355788,0
2014-11-12,-0.0173483,0.616211,0
2014-11-13,-0.0189463,0.304387,0
2014-11-14,-0.0150561,0.880981,0
2014-11-17,-0.0194864,0.0626713,0
2014-11-18,-0.0185823,0.1057,0
2014-11-19,-0.0174955,0.282441,0
2014-11-20,-0.0121747,1.38455,0
2014-11-21,-0.0117833,1.34872,0
2014-11-24,-0.0079774,2.01631,-1
2014-11-25,-0.00958153,1.42948,-1
2014-11-26,-0.0147149,0.325663,0
2014-11-28,-0.0248156,-1.55962,0
2014-12-01,-0.0190041,-0.31161,0
2014-12-02,-0.0187641,-0.198725,0
2014-12-03,-0.0288849,-2.22654,1
2014-12-04,-0.0338886,-2.92941,1
2014-12-05,-0.0389921,-3.11047,1
2014-12-08,-0.0506151,-3.90713,1
2014-12-09,-0.0434456,-2.12305,1
2014-12-10,-0.0310917,-0.77371,1
2014-12-11,-0.0356138,-1.11388,1
2014-12-12,-0.0280574,-0.378162,0
2014-12-15,-0.0450763,-1.76808,0
2014-12-16,-0.0298289,-0.34326,0
2014-12-17,-0.0187274,0.580721,0
2014-12-18,-0.0150644,0.873326,0
2014-12-19,-0.0077356,1.43625,0
2014-12-22,-0.0118399,1.06981,0
2014-12-23,-0.00857105,1.32298,0
2014-12-24,-0.00366021,1.71045,0
2014-12-26,0.000752016,1.96122,0
2014-12-29,0.00284049,1.90831,0
2014-12-30,0.00149403,1.581,0
2014-12-31,-0.000317989,1.32086,0
2015-01-02,-0.00101487,1.17371,0
2015-01-05,-0.0123385,0.426778,0
2015-01-06,-0.00697715,0.676962,0
2015-01-07,-0.0177303,-0.0284939,0
2015-01-08,-0.0119472,0.241261,0
2015-01-09,-0.0295429,-1.13616,0
2015-01-12,-0.029956,-1.18053,0
2015-01-13,-0.0406851,-2.05684,1
2015-01-14,-0.039162,-1.75968,1
2015-01-15,-0.0405247,-1.96467,1
2015-01-16,-0.0405552,-1.81374,1
2015-01-20,-0.0265064,-0.703356,1
2015-01-21,-0.0189801,-0.177635,0
2015-01-22,-0.0224699,-0.367403,0
2015-01-23,-0.0185109,-0.0783793,0
2015-01-26,-0.00929761,0.551162,0
2015-01-27,-0.00556061,0.823879,0
2015-01-28,-0.0130505,0.359732,0
2015-01-29,-0.0149986,0.297882,0
2015-01-30,-0.0170685,0.222142,0
2015-02-02,-0.00837586,1.00399,0
2015-02-03,-0.0065717,1.23047,0
2015-02-04,-0.00814486,1.04824,0
2015-02-05,-0.00920273,0.971645,0
2015-02-06,-0.00437008,1.3063,0
2015-02-09,0.00231641,1.76041,0
2015-02-10,0.00611292,1.82764,0
2015-02-11,0.00869318,1.78145,0
2015-02-12,0.00604835,1.43205,0
2015-02-13,0.0115729,1.73188,0
2015-02-17,0.0113673,1.61727,0
2015-02-18,0.0163115,2.02833,-1
2015-02-19,0.0148315,1.69142,-1
2015-02-20,0.0111566,1.19872,-1
2015-02-23,0.0144218,1.39552,-1
2015-02-24,0.0101923,0.893958,-1
2015-02-25,0.013347,1.09439,-1
2015-02-26,0.0100193,0.694665,-1
2015-02-27,0.00749564,0.383089,0
2015-03-02,0.00586183,0.137475,0
2015-03-03,0.00371051,-0.230281,0
2015-03-04,0.00866236,0.308558,0
2015-03-05,0.00951413,0.346767,0
2015-03-06,0.0112383,0.533183,0
2015-03-09,0.0201415,2.32806,-1
2015-03-10,0.0204744,2.37158,-1
2015-03-11,0.0285704,3.87145,-1
2015-03-12,0.0147021,0.432363,0
2015-03-13,0.010837,-0.283853,0
2015-03-16,0.0140681,0.23998,0
2015-03-17,0.0221086,1.65038,0
2015-03-18,0.0302399,2.82539,-1
2015-03-19,0.0310772,2.41379,-1
2015-03-20,0.0492863,4.29695,-1
2015-03-23,0.0269608,0.920925,-1
2015-03-24,0.0210625,0.323388,0
2015-03-25,0.0298291,1.06454,0
2015-03-26,0.0314364,1.11022,0
2015-03-27,0.0303558,0.910294,0
2015-03-30,0.0287789,0.683724,0
2015-03-31,0.0177699,-0.401881,0
2015-04-01,0.021874,-0.0974246,0
2015-04-02,0.0275659,0.425653,0
2015-04-06,0.031644,0.806772,0
2015-04-07,0.0377462,1.44329,0
2015-04-08,0.0397674,1.51888,0
2015-04-09,0.0339575,0.723278,0
2015-04-10,0.0216015,-0.636966,0
2015-04-13,0.0197685,-0.906908,0
2015-04-14,0.0248714,-0.420274,0
2015-04-15,0.0210118,-1.03464,0
2015-04-16,0.0221396,-0.872896,0
2015-04-17,0.0214282,-0.897145,0
2015-04-20,0.0274704,-0.0596147,0
2015-04-21,0.0258129,-0.169513,0
2015-04-22,0.0161477,-1.73571,0
2015-04-23,0.018802,-1.19823,0
2015-04-24,0.0239167,-0.313444,0
2015-04-27,0.0211368,-0.687164,0
2015-04-28,0.0236496,-0.232454,0
2015-04-29,0.0273163,0.373939,0
2015-04-30,0.0263727,0.15874,0
2015-05-01,-0.00933057,-5.64162,1
2015-05-04,-0.0183744,-4.23896,1
2015-05-05,-0.0148815,-2.67612,1
2015-05-06,-0.00999033,-1.88895,1
2015-05-07,-0.00623367,-1.43645,1
2015-05-08,-0.012365,-1.68246,1
2015-05-11,-0.0062968,-1.12135,1
2015-05-12,-0.0070902,-1.06472,1
2015-05-13,-0.000207206,-0.564474,1
2015-05-14,0.00170234,-0.394387,0
2015-05-15,0.00304348,-0.260502,0
2015-05-18,-0.00364591,-0.612641,0
2015-05-19,-0.0200329,-1.56382,0
2015-05-20,-0.0188678,-1.33584,0
2015-05-21,-0.0169536,-1.0846,0
2015-05-22,-0.0138192,-0.790965,0
2015-05-26,-0.0143739,-0.748612,0
2015-05-27,-0.0127137,-0.55867,0
2015-05-28,-0.0110662,-0.35908,0
2015-05-29,-0.0140124,-0.546,0
2015-06-01,-0.0161804,-0.875568,0
2015-06-02,-0.0162228,-0.816265,0
2015-06-03,-0.0172755,-1.00159,0
2015-06-04,-0.0153392,-0.686817,0
2015-06-05,-0.0136404,-0.395568,0
2015-06-08,-0.0312082,-2.90283,1
2015-06-09,-0.0269206,-1.79562,1
2015-06-10,-0.0200614,-0.78467,1
2015-06-11,-0.024712,-1.245,1
2015-06-12,-0.0230684,-0.948637,1
2015-06-15,-0.0242944,-1.05068,1
2015-06-16,-0.0277538,-1.61346,1
2015-06-17,-0.0301198,-1.97843,1
2015-06-18,-0.0332857,-2.23954,1
2015-06-19,-0.0364971,-2.36388,1
2015-06-22,-0.0268512,-0.736765,1
2015-06-23,-0.0266799,-0.639012,1
2015-06-24,-0.0290749,-0.886469,1
2015-06-25,-0.0281896,-0.680421,1
2015-06-26,-0.0238434,0.0332252,0
2015-06-29,-0.0293288,-0.747524,0
2015-06-30,-0.035173,-1.6207,0
2015-07-01,-0.027675,-0.245658,0
2015-07-02,-0.038361,-2.0198,1
2015-07-06,-0.0407893,-2.27494,1
2015-07-07,-0.0384848,-1.73421,1
2015-07-08,-0.0436796,-2.46238,1
2015-07-09,-0.0353852,-0.767278,1
2015-07-10,-0.0353645,-0.687591,1
2015-07-13,-0.0346851,-0.499813,0
2015-07-14,-0.0322649,0.00193559,0
2015-07-15,-0.0402658,-1.42279,0
2015-07-16,-0.0382766,-0.911408,0
2015-07-17,-0.047038,-2.4172,1
2015-07-20,-0.0372306,-0.452508,0
2015-07-21,-0.0248199,1.53043,0
2015-07-22,-0.0296123,0.734407,0
2015-07-23,-0.0265053,1.27094,0
2015-07-24,-0.0352869,-0.146289,0
2015-07-27,-0.041236,-1.04535,0
2015-07-28,-0.045164,-1.63776,0
2015-07-29,-0.0427954,-1.06552,0
2015-07-30,-0.0420595,-0.85778,0
2015-07-31,-0.0420806,-0.780342,0
2015-08-03,-0.0580138,-3.3926,1
2015-08-04,-0.0490208,-1.39741,1
2015-08-05,-0.0609077,-2.77577,1
2015-08-06,-0.0575318,-1.90873,1
2015-08-07,-0.0558306,-1.48732,1
2015-08-10,-0.0543165,-1.18156,1
2015-08-11,-0.0469367,-0.37045,0
2015-08-12,-0.0507092,-0.675139,0
2015-08-13,-0.0577696,-1.29922,0
2015-08-14,-0.0505822,-0.498533,0
2015-08-17,-0.073545,-2.61143,1
2015-08-18,-0.0575758,-0.842488,1
2015-08-19,-0.0638218,-1.32654,1
2015-08-20,-0.0599416,-0.868307,1
2015-08-21,-0.0682777,-1.71494,1
2015-08-24,-0.0654724,-1.27138,1
2015-08-25,-0.0919058,-4.11783,1
2015-08-26,-0.100925,-3.67288,1
2015-08-27,-0.0709514,-0.715071,1
2015-08-28,-0.0373954,1.70319,0
2015-08-31,-0.0317044,2.03109,-1
2015-09-01,-0.022063,2.36545,-1
2015-09-02,-0.038692,1.11469,-1
2015-09-03,-0.0425238,0.817672,-1
2015-09-04,-0.0429408,0.742841,-1
2015-09-08,-0.0535482,0.148277,0
2015-09-09,-0.0558385,0.0272992,0
2015-09-10,-0.0516584,0.269277,0
2015-09-11,-0.0506426,0.325117,0
2015-09-14,-0.0465237,0.52065,0
2015-09-15,-0.0323419,1.2445,0
2015-09-16,-0.0277453,1.35792,0
2015-09-17,-0.0241997,1.40192,0
2015-09-18,-0.0200213,1.45425,0
2015-09-21,-0.0246431,1.09207,0
2015-09-22,-0.0254996,0.94912,0
2015-09-23,-0.032926,0.524678,0
2015-09-24,-0.0279818,0.706004,0
2015-09-25,-0.0237046,1.05032,0
2015-09-28,-0.0387234,-0.268522,0
2015-09-29,-0.0363744,-0.058801,0
2015-09-30,-0.0208867,1.30833,0
2015-10-01,-0.0229834,1.11337,0
2015-10-02,-0.00735745,2.32969,-1
2015-10-05,0.00982347,3.253,-1
2015-10-06,0.02917,3.69977,-1
2015-10-07,0.0241935,2.52211,-1
2015-10-08,0.0325068,2.5173,-1
2015-10-09,0.0372875,2.32057,-1
2015-10-12,0.0265319,1.57286,-1
2015-10-13,0.0234519,1.29537,-1
2015-10-14,0.025222,1.2327,-1
2015-10-15,0.0184998,0.863106,-1
2015-10-16,0.011863,0.537397,-1
2015-10-19,0.0160484,0.636014,-1
2015-10-20,0.0170272,0.604396,-1
2015-10-21,0.0169515,0.532331,-1
2015-10-22,0.00833042,0.112621,0
2015-10-23,0.00295768,-0.185862,0
2015-10-26,-0.00245711,-0.495301,0
2015-10-27,-0.0125048,-1.1642,0
2015-10-28,-0.00373107,-0.888683,0
2015-10-29,-0.00192766,-0.902966,0
2015-10-30,0.00260579,-0.776616,0
2015-11-02,0.015037,0.069785,0
2015-11-03,0.0282806,1.03177,0
2015-11-04,0.023678,0.69668,0
2015-11-05,0.0140007,-0.0210163,0
2015-11-06,0.0121667,-0.093578,0
2015-11-09,0.0154025,0.289244,0
2015-11-10,0.0195356,0.730876,0
2015-11-11,0.0168491,0.512002,0
2015-11-12,0.0187304,0.755222,0
2015-11-13,0.0218119,1.05156,0
2015-11-16,0.027637,1.52533,0
2015-11-17,0.0338422,1.95116,0
2015-11-18,0.0355262,1.86255,0
2015-11-19,0.0251763,0.864918,0
2015-11-20,0.0110888,-0.265594,0
2015-11-23,0.0154411,0.0308565,0
2015-11-24,0.00962584,-0.507806,0
2015-11-25,0.0118699,-0.487383,0
2015-11-27,0.00638138,-1.20204,0
2015-11-30,0.0110321,-0.822277,0
2015-12-01,0.0200622,0.1726,0
2015-12-02,0.0245739,0.69886,0
2015-12-03,0.0229757,0.536887,0
2015-12-04,0.0258388,0.905133,0
2015-12-07,0.0247352,0.684198,0
2015-12-08,0.043077,2.94026,-1
2015-12-09,0.041325,2.14458,-1
2015-12-10,0.0577735,3.42185,-1
2015-12-11,0.0423208,1.38514,-1
2015-12-14,0.0503567,1.84186,-1
2015-12-15,0.0415381,1.00113,-1
2015-12-16,0.0507185,1.54837,-1
2015-12-17,0.0336441,0.323678,0
2015-12-18,0.0334334,0.317017,0
2015-12-21,0.026427,-0.157425,0
2015-12-22,0.031621,0.130057,0
2015-12-23,0.0356323,0.350831,0
2015-12-24,0.026886,-0.350814,0
2015-12-28,0.0155238,-1.29055,0
2015-12-29,0.019167,-1.11841,0
2015-12-30,0.0194892,-1.18715,0
2015-12-31,0.019491,-1.18102,0
2016-01-04,0.0131371,-1.66491,0
2016-01-05,0.0124599,-1.59738,0
2016-01-06,-0.0185753,-3.79085,1
2016-01-07,-0.0367342,-3.81327,1
2016-01-08,-0.025574,-2.27207,1
2016-01-11,-0.0274346,-1.99451,1
2016-01-12,-0.0303993,-1.87483,1
2016-01-13,-0.0450538,-2.17479,1
2016-01-14,-0.0402624,-1.71981,1
2016-01-15,-0.0399015,-1.51321,1
2016-01-19,-0.0485936,-1.66894,1
2016-01-20,-0.0345967,-1.02894,1
2016-01-21,-0.0208891,-0.479916,0
2016-01-22,-0.0235907,-0.505393,0
2016-01-25,-0.019728,-0.294469,0
2016-01-26,-0.0171572,-0.11272,0
2016-01-27,-0.00771118,0.367352,0
2016-01-28,0.000381426,0.792511,0
2016-01-29,-0.00451561,0.654209,0
2016-02-01,0.00249368,1.12172,0
2016-02-02,-0.0222073,-0.0867729,0
2016-02-03,-0.0326254,-0.6181,0
2016-02-04,-0.0465317,-1.50726,0
2016-02-05,-0.0700696,-2.88924,1
2016-02-08,-0.045396,-0.981026,1
2016-02-09,-0.0746393,-2.48959,1
2016-02-10,-0.0616298,-1.44829,1
2016-02-11,-0.0632406,-1.38023,1
2016-02-12,-0.0507292,-0.745518,1
2016-02-16,-0.0461743,-0.519267,1
2016-02-17,-0.0149957,0.824423,0
2016-02-18,-0.0373268,-0.196878,0
2016-02-19,-0.0392078,-0.270524,0
2016-02-22,-0.0109836,0.967839,0
2016-02-23,-0.0400734,-0.291137,0
2016-02-24,-0.0381432,-0.169264,0
2016-02-25,-0.0424217,-0.309265,0
2016-02-26,-0.0486552,-0.520293,0
2016-02-29,-0.0379688,0.066163,0
2016-03-01,-0.0198478,1.09899,0
2016-03-02,-0.0249985,0.99995,0
2016-03-03,-0.016246,1.53289,0
2016-03-04,-0.00996938,1.76454,0
2016-03-07,-0.00566439,1.77593,0
2016-03-08,-0.00464497,1.65844,0
2016-03-09,0.041681,3.74945,-1
2016-03-10,0.0544845,3.40444,-1
2016-03-11,0.0590685,2.78212,-1
2016-03-14,0.0511409,2.0514,-1
2016-03-15,0.0445931,1.59101,-1
2016-03-16,0.0539822,1.6748,-1
2016-03-17,0.0525229,1.44512,-1
2016-03-18,0.0574813,1.41799,-1
2016-03-21,0.0499169,1.08713,-1
2016-03-22,0.0328418,0.578179,-1
2016-03-23,0.0165722,0.102292,0
2016-03-24,0.0262023,0.286528,0
2016-03-28,0.0207429,0.0588534,0
2016-03-29,0.0228945,0.0247483,0
2016-03-30,0.0215157,-0.124583,0
2016-03-31,0.0332722,0.223773,0
2016-04-01,0.0280319,-0.0863475,0
2016-04-04,0.0161446,-0.749608,0
2016-04-05,0.0191107,-0.74119,0
2016-04-06,0.0276252,-0.410329,0
2016-04-07,0.0374465,0.0629579,0
2016-04-08,0.0416622,0.355851,0
2016-04-11,0.0279372,-0.528361,0
2016-04-12,0.037522,0.25352,0
2016-04-13,0.0314848,-0.147413,0
2016-04-14,0.0271472,-0.439711,0
2016-04-15,0.0241617,-0.616233,0
2016-04-18,0.0283827,-0.149294,0
2016-04-19,0.0398776,1.32444,0
2016-04-20,0.0430741,2.01342,-1
2016-04-21,0.0389386,1.27743,-1
2016-04-22,0.0349247,0.662955,-1
2016-04-25,0.0312469,0.144313,0
2016-04-26,0.0341344,0.457923,0
2016-04-27,0.0381623,0.932143,0
2016-04-28,0.0281186,-0.535163,0
2016-04-29,0.0208832,-1.48467,0
2016-05-02,0.0225704,-1.14945,0
2016-05-03,0.0144882,-2.4191,1
2016-05-04,0.00893156,-2.96334,1
2016-05-05,0.0154203,-1.66098,1
2016-05-06,0.0137529,-1.64313,1
2016-05-09,-0.00181715,-3.07514,1
2016-05-10,-0.00880824,-3.00048,1
2016-05-11,-0.00492347,-2.10054,1
2016-05-12,-0.00505472,-1.8066,1
2016-05-13,-0.00671487,-1.68412,1
2016-05-16,-0.00192602,-1.21583,1
2016-05-17,-0.00590482,-1.3209,1
2016-05-18,-0.0103243,-1.44377,1
2016-05-19,-0.0204331,-1.89777,1
2016-05-20,-0.0161977,-1.45609,1
2016-05-23,-0.0180495,-1.4264,1
2016-05-24,-0.0103633,-0.858664,1
2016-05-25,-0.00143584,-0.243172,0
2016-05-26,0.00114225,0.0371971,0
2016-05-27,0.00370604,0.348574,0
2016-05-31,0.00490067,0.552691,0
2016-06-01,0.00351101,0.574212,0
2016-06-02,0.00560783,0.884793,0
2016-06-03,0.00846488,1.21793,0
2016-06-06,0.00216669,0.636612,0
2016-06-07,0.00721827,1.39525,0
2016-06-08,0.0039359,0.89434,0
2016-06-09,0.00249194,0.644207,0
2016-06-10,0.00219636,0.561677,0
2016-06-13,-0.00348004,-0.135628,0
2016-06-14,-0.0093784,-0.83782,0
2016-06-15,-0.0122852,-1.11182,0
2016-06-16,-0.0192915,-1.82235,0
2016-06-17,-0.00837879,-0.529747,0
2016-06-20,-0.00263769,0.00432349,0
2016-06-21,-0.00111116,0.107472,0
2016-06-22,-0.00606709,-0.670197,0
2016-06-23,0.00735763,1.16637,0
2016-06-24,0.00984689,1.40799,0
2016-06-27,0.000732298,0.103092,0
2016-06-28,-0.00988267,-1.26443,0
2016-06-29,-0.00952826,-1.09402,0
2016-06-30,-0.00981863,-1.0282,0
2016-07-01,-0.0168103,-1.8038,0
2016-07-05,-0.0128669,-1.12624,0
2016-07-06,-0.0144342,-1.20688,0
2016-07-07,-0.0161181,-1.30785,0
2016-07-08,-0.00576978,0.0862373,0
2016-07-11,-0.00359088,0.418014,0
2016-07-12,-0.0019956,0.678474,0
2016-07-13,-0.00236617,0.616589,0
2016-07-14,-0.00256368,0.541657,0
2016-07-15,-0.00127406,0.650734,0
2016-07-18,-0.00659554,-0.173591,0
2016-07-19,-0.00313738,0.302454,0
2016-07-20,-0.00142555,0.548927,0
2016-07-21,-0.00235656,0.419803,0
2016-07-22,-0.00150021,0.512946,0
2016-07-25,-0.00604957,-0.0732668,0
2016-07-26,-0.00223828,0.764372,0
2016-07-27,0.000649373,1.36877,0
2016-07-28,0.00398584,1.84542,0
2016-07-29,0.0242702,5.12538,-1
2016-08-01,0.0263815,3.45719,-1
2016-08-02,0.0165468,1.72763,-1
2016-08-03,0.0206838,1.91502,-1
2016-08-04,0.0179771,1.45103,-1
2016-08-05,0.0176044,1.2971,-1
2016-08-08,0.0119464,0.657592,-1
2016-08-09,0.0114422,0.545258,-1
2016-08-10,0.0173541,1.02648,-1
2016-08-11,0.0252633,1.64512,-1
2016-08-12,0.01869,0.887122,-1
2016-08-15,0.0242474,1.28586,-1
2016-08-16,0.0207518,0.862556,-1
2016-08-17,0.0242286,1.09555,-1
2016-08-18,0.0268474,1.23768,-1
2016-08-19,0.0269259,1.1398,-1
2016-08-22,0.0202448,0.38409,0
2016-08-23,0.0201499,0.28596,0
2016-08-24,0.0209678,0.299038,0
2016-08-25,0.0236889,0.663657,0
2016-08-26,0.0196297,-0.261143,0
2016-08-29,0.0193766,-0.269882,0
2016-08-30,0.0190391,-0.28023,0
2016-08-31,0.0120416,-1.99509,0
2016-09-01,0.0115176,-1.84306,0
2016-09-02,0.011376,-1.67147,0
2016-09-06,0.0121542,-1.3615,0
2016-09-07,0.0196973,0.0766656,0
2016-09-08,0.0214374,0.353674,0
2016-09-09,0.0190479,-0.17791,0
2016-09-12,0.0225176,0.619718,0
2016-09-13,0.0188848,-0.191819,0
2016-09-14,0.0155755,-0.853866,0
2016-09-15,0.0199198,0.138839,0
2016-09-16,0.0154324,-0.794454,0
2016-09-19,0.0192704,0.186487,0
2016-09-20,0.0308108,3.39369,-1
2016-09-21,0.0394786,4.44553,-1
2016-09-22,0.0386429,2.87906,-1
2016-09-23,0.0310419,1.34221,-1
2016-09-26,0.0303976,1.16581,-1
2016-09-27,0.0291481,0.917888,-1
2016-09-28,0.0154045,-0.750374,0
2016-09-29,0.0116123,-1.15582,0
2016-09-30,0.0173399,-0.494997,0
2016-10-03,0.0149688,-0.824196,0
2016-10-04,0.0125353,-1.15967,0
2016-10-05,0.0125184,-1.16736,0
2016-10-06,0.0111511,-1.24947,0
2016-10-07,0.0150831,-0.700831,0
2016-10-10,0.0110768,-1.11894,0
2016-10-11,0.00990521,-1.15177,0
2016-10-12,0.00819386,-1.24847,0
2016-10-13,0.00156358,-1.8446,0
2016-10-14,0.0045161,-1.34141,0
2016-10-17,0.00703095,-1.01065,0
2016-10-18,0.00820918,-0.828634,0
2016-10-19,0.00784629,-0.778919,0
2016-10-20,0.00333071,-1.1777,0
2016-10-21,0.00461915,-1.0132,0
2016-10-24,-0.00501769,-2.25211,1
2016-10-25,-0.00159125,-1.65689,1
2016-10-26,-0.00179835,-1.74739,1
2016-10-27,-0.0119671,-3.21906,1
2016-10-28,0.0504775,5.92613,0
2016-10-31,0.074855,5.4858,-1
2016-11-01,0.0841613,3.79511,-1
2016-11-02,0.0737762,2.33948,-1
2016-11-03,0.0687367,1.78966,-1
2016-11-04,0.0618785,1.34711,-1
2016-11-07,0.0562122,1.04087,-1
2016-11-08,0.051003,0.789608,-1
2016-11-09,0.0413232,0.426251,0
2016-11-10,0.0319123,0.0902956,0
2016-11-11,0.0365891,0.190592,0
2016-11-14,0.0394846,0.23504,0
2016-11-15,0.0412625,0.244048,0
2016-11-16,0.056568,0.697239,0
2016-11-17,0.0587206,0.696396,0
2016-11-18,0.0657021,0.859452,0
2016-11-21,0.0577906,0.497729,0
2016-11-22,0.05741,0.406541,0
2016-11-23,0.0559261,0.262725,0
2016-11-25,0.0516532,-0.0460733,0
2016-11-28,0.0530996,-0.196793,0
2016-11-29,0.0477882,-0.599373,0
2016-11-30,0.0491225,-0.421317,0
2016-12-01,0.0629669,0.935671,0
2016-12-02,0.0606381,0.83769,0
2016-12-05,0.0555379,0.38995,0
2016-12-06,0.048491,-0.330929,0
2016-12-07,0.0551665,0.438769,0
2016-12-08,0.0564927,0.558226,0
2016-12-09,0.052055,-0.00682793,0
2016-12-12,0.0389132,-1.87314,0
2016-12-13,0.0220004,-4.25994,1
2016-12-14,0.0313991,-2.15819,1
2016-12-15,0.0358362,-1.52365,1
2016-12-16,0.0397766,-1.00119,1
2016-12-19,0.043392,-0.582844,1
2016-12-20,0.0442116,-0.431035,0
2016-12-21,0.0440274,-0.390737,0
2016-12-22,0.0428406,-0.44921,0
2016-12-23,0.0402874,-0.645114,0
2016-12-27,0.0367904,-0.93369,0
2016-12-28,0.0380467,-0.722997,0
2016-12-29,0.0354102,-0.924532,0
2016-12-30,0.0342066,-0.960054,0
2017-01-03,0.0271201,-1.62134,0
2017-01-04,0.0372461,-0.414644,0
2017-01-05,0.0471422,0.801569,0
2017-01-06,0.0422105,0.242857,0
2017-01-09,0.0495049,1.27333,0
2017-01-10,0.0536078,2.0085,-1
2017-01-11,0.0494266,1.38854,-1
2017-01-12,0.0552149,2.00873,-1
2017-01-13,0.0550272,1.87989,-1
2017-01-17,0.0403549,-0.296187,0
2017-01-18,0.0489226,0.837643,0
2017-01-19,0.0628902,2.6522,-1
2017-01-20,0.0469158,0.312568,0
2017-01-23,0.054639,1.19091,0
2017-01-24,0.0594868,1.63437,0
2017-01-25,0.0616215,1.67565,0
2017-01-26,0.0506731,0.387264,0
2017-01-27,0.0268752,-2.10768,1
2017-01-30,0.0169566,-2.81992,1
2017-01-31,0.0241689,-1.76897,1
2017-02-01,0.0320607,-1.03127,1
2017-02-02,0.0351188,-0.836351,1
2017-02-03,0.0444495,-0.0931428,0
2017-02-06,0.0407542,-0.371567,0
2017-02-07,0.0323981,-1.01735,0
2017-02-08,0.0397756,-0.366749,0
2017-02-09,0.0397406,-0.319963,0
2017-02-10,0.0366072,-0.525913,0
2017-02-13,0.0366789,-0.456386,0
2017-02-14,0.0350152,-0.52747,0
2017-02-15,0.0300076,-0.903704,0
2017-02-16,0.0233898,-1.34657,0
2017-02-17,0.0263517,-1.00565,0
2017-02-21,0.0359053,-0.118858,0
2017-02-22,0.0352491,-0.101557,0
2017-02-23,0.0288106,-0.640217,0
2017-02-24,0.0288805,-0.593789,0
2017-02-27,0.0362297,0.55411,0
2017-02-28,0.0442636,1.6868,0
2017-03-01,0.0330664,-0.202876,0
2017-03-02,0.0240187,-1.92461,0
2017-03-03,0.0353309,0.164712,0
2017-03-06,0.0262376,-1.34145,0
2017-03-07,0.0175561,-2.73324,1
2017-03-08,0.0166848,-2.38344,1
2017-03-09,0.0117289,-2.66623,1
2017-03-10,0.0170837,-1.55648,1
2017-03-13,0.00785711,-2.47871,1
2017-03-14,-0.00465098,-3.37928,1
2017-03-15,-0.00378676,-2.50556,1
2017-03-16,-0.013634,-2.82912,1
2017-03-17,-0.0138959,-2.28439,1
2017-03-20,-0.0136008,-1.91161,1
2017-03-21,-0.00757855,-1.33867,1
2017-03-22,-0.00330778,-0.980083,1
2017-03-23,-0.00910836,-1.19525,1
2017-03-24,0.00029643,-0.585788,1
2017-03-27,-0.0153879,-1.35487,1
2017-03-28,-0.0143182,-1.17561,1
2017-03-29,-0.00803138,-0.740463,1
2017-03-30,-0.031383,-2.14666,1
2017-03-31,-0.0128292,-0.75364,1
2017-04-03,-0.00928932,-0.452371,0
2017-04-04,-0.00508146,-0.0465846,0
2017-04-05,-0.00709786,-0.125634,0
2017-04-06,-0.0071077,-0.0289495,0
2017-04-07,-0.0075426,0.0206929,0
2017-04-10,-0.00686564,0.273601,0
2017-04-11,-0.00707525,0.396623,0
2017-04-12,-0.00845786,0.209117,0
2017-04-13,-0.017828,-1.20869,0
2017-04-17,-0.0151861,-0.742922,0
2017-04-18,-0.0123816,-0.306952,0
2017-04-19,-0.0181214,-1.18325,0
2017-04-20,-0.0181758,-1.08088,0
2017-04-21,-0.0133649,-0.26833,0
2017-04-24,-0.00875877,0.444503,0
2017-04-25,-0.00908223,0.506488,0
2017-04-26,-0.0104822,0.229461,0
2017-04-27,-0.0139126,-0.358353,0
2017-04-28,-0.00719786,0.786138,0
2017-05-01,-0.0192246,-2.03116,1
2017-05-02,-0.0235604,-2.73928,1
2017-05-03,-0.0185342,-1.26566,1
2017-05-04,-0.0219911,-1.80709,1
2017-05-05,-0.0170562,-0.693718,1
2017-05-08,-0.0192959,-1.03626,1
2017-05-09,-0.0259653,-2.19986,1
2017-05-10,-0.0167944,-0.270555,0
2017-05-11,-0.0276465,-2.26297,1
2017-05-12,-0.0282188,-2.0574,1
2017-05-15,-0.0222958,-0.821149,1
2017-05-16,-0.014795,0.450926,0
2017-05-17,-0.0207184,-0.487445,0
2017-05-18,-0.0126544,0.841311,0
2017-05-19,-0.00217556,2.44977,-1
2017-05-22,-0.0102626,0.948276,-1
2017-05-23,-0.0121785,0.698155,-1
2017-05-24,-0.00858186,1.25844,-1
2017-05-25,-0.0116333,0.788874,-1
2017-05-26,-0.0122959,0.670824,-1
2017-05-30,-0.0122685,0.740854,-1
2017-05-31,-0.00958191,1.07397,-1
2017-06-01,-0.00447169,1.71661,-1
2017-06-02,0.000344153,2.17101,-1
2017-06-05,-0.00694126,0.94059,-1
2017-06-06,-0.011526,0.295633,0
2017-06-07,-0.0110276,0.312493,0
2017-06-08,-0.00480676,1.06733,0
2017-06-09,-0.0017608,1.36877,0
2017-06-12,0.0030662,1.98605,0
2017-06-13,0.00339117,1.97975,0
2017-06-14,0.000645042,1.38769,0
2017-06-15,-0.00421278,0.482769,0
2017-06-16,-0.00121133,0.949323,0
2017-06-19,-7.22625e-05,1.06859,0
2017-06-20,-0.00328928,0.448899,0
2017-06-21,-0.0104305,-0.919953,0
2017-06-22,-0.00587227,-0.100851,0
2017-06-23,-0.0073226,-0.401514,0
2017-06-26,-0.0103271,-1.04792,0
2017-06-27,-0.00897182,-0.822675,0
2017-06-28,-0.0120465,-1.53887,0
2017-06-29,-0.00256146,0.463255,0
2017-06-30,-0.0009122,0.774751,0
2017-07-03,-0.00017392,0.948184,0
2017-07-05,0.000273941,0.95529,0
2017-07-06,0.00220858,1.27335,0
2017-07-07,-0.0022291,0.212697,0
2017-07-10,-0.00559117,-0.538369,0
2017-07-11,-0.0102985,-1.50369,0
2017-07-12,-0.00735939,-0.73061,0
2017-07-13,-0.00500714,-0.118402,0
2017-07-14,-0.00590555,-0.26916,0
2017-07-17,-0.00249034,0.55997,0
2017-07-18,-0.00363578,0.307405,0
2017-07-19,0.000160421,1.30463,0
2017-07-20,0.00159793,1.55956,0
2017-07-21,-0.00179845,0.599188,0
2017-07-24,0.00101874,1.21379,0
2017-07-25,0.00690616,2.4607,-1
2017-07-26,0.0121184,3.23231,-1
2017-07-27,0.0148711,3.0388,-1
2017-07-28,0.0483202,7.99424,-1
2017-07-31,0.0505011,3.88374,-1
2017-08-01,0.061073,3.42512,-1
2017-08-02,0.05067,2.07663,-1
2017-08-03,0.0413044,1.36835,-1
2017-08-04,0.0494855,1.57775,-1
2017-08-07,0.0455479,1.24176,-1
2017-08-08,0.0515879,1.35932,-1
2017-08-09,0.0513157,1.21482,-1
2017-08-10,0.0488999,1.00398,-1
2017-08-11,0.0495168,0.933688,-1
2017-08-14,0.0429668,0.57772,-1
2017-08-15,0.0427918,0.497371,0
2017-08-16,0.0430965,0.436784,0
2017-08-17,0.04964,0.677382,0
2017-08-18,0.0479106,0.513071,0
2017-08-21,0.0434623,0.17557,0
2017-08-22,0.042401,-0.0139214,0
2017-08-23,0.0450093,0.0551869,0
2017-08-24,0.0548038,1.01497,0
2017-08-25,0.0547393,1.38046,0
2017-08-28,0.052093,0.736888,0
2017-08-29,0.0515125,0.601775,0
2017-08-30,0.0534006,1.27653,0
2017-08-31,0.0474748,-0.135846,0
2017-09-01,0.0527879,1.06907,0
2017-09-05,0.0487515,0.0481143,0
2017-09-06,0.0462097,-0.598792,0
2017-09-07,0.0414119,-1.69321,0
2017-09-08,0.0339236,-3.20555,1
2017-09-11,0.0421356,-0.942181,1
2017-09-12,0.0371466,-1.77439,1
2017-09-13,0.0467321,0.0338769,0
2017-09-14,0.0432256,-0.610044,0
2017-09-15,0.0435202,-0.560333,0
2017-09-18,0.046472,0.00685018,0
2017-09-19,0.0527727,1.11832,0
2017-09-20,0.0469117,0.014593,0
2017-09-21,0.0547484,1.33408,0
2017-09-22,0.0592563,1.95476,0
2017-09-25,0.0491566,0.219706,0
2017-09-26,0.0447764,-0.440169,0
2017-09-27,0.0356807,-1.88224,0
2017-09-28,0.0260995,-3.11643,1
2017-09-29,0.0268942,-2.3509,1
2017-10-02,0.0298799,-1.62481,1
2017-10-03,0.0303796,-1.38994,1
2017-10-04,0.0269774,-1.61497,1
2017-10-05,0.0312738,-0.989696,1
2017-10-06,0.021469,-1.89958,1
2017-10-09,0.0222159,-1.63357,1
2017-10-10,0.0274058,-0.995866,1
2017-10-11,0.0264209,-1.0148,1
2017-10-12,0.0261349,-0.943566,1
2017-10-13,0.025649,-0.89984,1
2017-10-16,0.0274973,-0.664787,1
2017-10-17,0.0253646,-0.773067,1
2017-10-18,0.0102585,-2.03519,1
2017-10-19,0.0105672,-1.74953,1
2017-10-20,0.00909398,-1.75799,1
2017-10-23,0.00949128,-1.74028,1
2017-10-24,0.00869132,-1.76461,1
2017-10-25,0.00576137,-2.03327,1
2017-10-26,0.00177303,-2.25999,1
2017-10-27,-0.0420948,-6.4648,1
2017-10-30,-0.0312978,-2.85986,1
2017-10-31,-0.0152437,-1.47431,1
2017-11-01,-0.0211709,-1.61129,1
2017-11-02,-0.0209267,-1.41741,1
2017-11-03,-0.0186398,-1.16741,1
2017-11-06,-0.0081132,-0.571769,1
2017-11-07,-0.00404897,-0.319435,0
2017-11-08,-0.00723006,-0.4084,0
2017-11-09,-0.00855032,-0.406567,0
2017-11-10,-0.00545974,-0.173352,0
2017-11-13,-0.0042257,-0.0286117,0
2017-11-14,0.00163645,0.425224,0
2017-11-15,0.0109372,1.181,0
2017-11-16,0.012292,1.26699,0
2017-11-17,0.0172378,1.58379,0
2017-11-20,0.0126788,1.20638,0
2017-11-21,0.0118564,1.12944,0
2017-11-22,0.0146495,1.28407,0
2017-11-24,0.0149904,1.24169,0
2017-11-27,0.010833,0.913993,0
2017-11-28,0.010381,0.839649,0
2017-11-29,0.00835785,0.623548,0
2017-11-30,0.00990531,0.672537,0
2017-12-01,0.0116263,0.747394,0
2017-12-04,0.0205193,1.54552,0
2017-12-05,0.0248033,1.95249,0
2017-12-06,0.0254469,1.80982,0
2017-12-07,0.0212814,1.18358,0
2017-12-08,0.0214821,1.11824,0
2017-12-11,0.0200523,0.89551,0
2017-12-12,0.0168383,0.40797,0
2017-12-13,0.0136987,-0.197909,0
2017-12-14,0.0127918,-0.522838,0
2017-12-15,0.0123121,-0.642292,0
2017-12-18,0.0127876,-0.549295,0
2017-12-19,0.0198475,0.875918,0
2017-12-20,0.0221009,1.23346,0
2017-12-21,0.0398231,4.47262,-1
2017-12-22,0.0381683,2.78023,-1
2017-12-26,0.0444087,2.95344,-1
2017-12-27,0.0405715,1.9773,-1
2017-12-28,0.0378841,1.47233,-1
2017-12-29,0.038354,1.37029,-1
2018-01-02,0.037864,1.1945,-1
2018-01-03,0.0230041,-0.279482,0
2018-01-04,0.0177256,-0.778654,0
2018-01-05,0.0163704,-0.858164,0
2018-01-08,0.0157963,-0.853472,0
2018-01-09,0.0145426,-0.926678,0
2018-01-10,0.0286399,0.335421,0
2018-01-11,0.0461338,1.80951,0
2018-01-12,0.0448234,1.47799,0
2018-01-16,0.0383638,0.810409,0
2018-01-17,0.0271104,-0.194065,0
2018-01-18,0.027403,-0.244089,0
2018-01-19,0.0277073,-0.299906,0
2018-01-22,0.0226661,-0.824809,0
2018-01-23,0.00999359,-2.0375,1
2018-01-24,0.00960709,-1.79164,1
2018-01-25,0.00573451,-1.89382,1
2018-01-26,0.00198881,-1.97853,1
2018-01-29,-0.00637422,-2.36753,1
2018-01-30,-0.0159694,-2.66503,1
2018-01-31,-0.0208124,-2.49468,1
2018-02-01,-0.0396307,-3.13634,1
2018-02-02,-0.038158,-2.36797,1
2018-02-05,-0.0246283,-1.43501,1
2018-02-06,0.0329343,0.934856,0
2018-02-07,0.0353787,0.976428,0
2018-02-08,0.0208665,0.378463,0
2018-02-09,0.0237129,0.502296,0
2018-02-12,0.018082,0.348729,0
2018-02-13,0.0132773,0.224899,0
2018-02-14,0.0135082,0.298523,0
2018-02-15,0.0167051,0.473595,0
2018-02-16,0.00820604,0.127952,0
2018-02-20,0.00889261,0.207462,0
2018-02-21,0.00384598,0.00839165,0
2018-02-22,-0.0026134,-0.278664,0
2018-02-23,-0.00217408,-0.229794,0
2018-02-26,-0.00277862,-0.239391,0
2018-02-27,0.00711829,0.23319,0
2018-02-28,0.0167743,0.653763,0
2018-03-01,0.024846,0.966261,0
2018-03-02,0.0156279,0.430362,0
2018-03-05,0.0180166,0.483245,0
2018-03-06,0.022925,0.774626,0
2018-03-07,0.0508965,3.34791,-1
2018-03-08,0.04704,2.43011,-1
2018-03-09,0.0716313,3.93389,-1
2018-03-12,0.0560222,1.98739,-1
2018-03-13,0.0615053,2.0052,-1
2018-03-14,0.0617295,1.74455,-1
2018-03-15,0.0516358,1.11348,-1
2018-03-16,0.0384211,0.473099,0
2018-03-19,0.0382607,0.422216,0
2018-03-20,0.044451,0.621681,0
2018-03-21,0.0491327,0.75012,0
2018-03-22,0.0416375,0.35138,0
2018-03-23,0.0430124,0.337915,0
2018-03-26,0.0455025,0.38095,0
2018-03-27,0.0425236,0.126043,0
2018-03-28,0.0322654,-0.623721,0
2018-03-29,0.021667,-1.43392,0
2018-04-02,0.0256698,-1.1354,0
2018-04-03,0.0208905,-1.5723,0
2018-04-04,0.0193762,-1.72023,0
2018-04-05,0.0258509,-1.21711,0
2018-04-06,0.020209,-1.48593,0
2018-04-09,0.0297461,-0.706326,0
2018-04-10,0.0213702,-1.2556,0
2018-04-11,0.0188992,-1.32402,0
2018-04-12,0.0209964,-1.07199,0
2018-04-13,0.0172947,-1.35055,0
2018-04-16,0.0133817,-1.60828,0
2018-04-17,0.0218477,-0.681822,0
2018-04-18,0.0275842,-0.106235,0
2018-04-19,0.0230747,-0.455072,0
2018-04-20,0.0169659,-1.01823,0
2018-04-23,0.0186566,-0.746521,0
2018-04-24,0.026403,0.272002,0
2018-04-25,0.0113046,-1.84813,0
2018-04-26,0.00447641,-3.30922,1
2018-04-27,0.0642801,7.47652,0
2018-04-30,0.0510519,2.49612,-1
2018-05-01,0.0584818,2.64921,-1
2018-05-02,0.0634562,2.48705,-1
2018-05-03,0.0689455,2.37511,-1
2018-05-04,0.0578781,1.42525,-1
2018-05-07,0.0396795,0.385535,0
2018-05-08,0.0460137,0.669106,0
2018-05-09,0.0356536,0.103204,0
2018-05-10,0.011356,-1.13635,0
2018-05-11,0.0135335,-0.983437,0
2018-05-14,0.00988961,-1.14075,0
2018-05-15,0.00524664,-1.34242,0
2018-05-16,0.000704805,-1.4633,0
2018-05-17,0.0101503,-0.922215,0
2018-05-18,0.00543757,-1.07925,0
2018-05-21,0.0036945,-1.1058,0
2018-05-22,0.00342019,-1.0592,0
2018-05-23,0.000135339,-1.11555,0
2018-05-24,0.00922693,-0.717777,0
2018-05-25,-0.00428746,-1.26291,0
2018-05-29,-0.00651322,-1.24222,0
2018-05-30,-0.0181954,-1.58906,0
2018-05-31,-0.0207836,-1.54386,0
2018-06-01,-0.0313396,-1.87507,0
2018-06-04,-0.031371,-1.80038,0
2018-06-05,-0.0227262,-1.29835,0
2018-06-06,-0.0350569,-1.83039,0
2018-06-07,-0.0169052,-0.758821,0
2018-06-08,-0.0295575,-1.49231,0
2018-06-11,-0.013574,-0.356634,0
2018-06-12,-0.00791982,0.0772764,0
2018-06-13,0.00419817,0.95467,0
2018-06-14,-0.00520447,0.327651,0
2018-06-15,-0.00781256,0.173661,0
2018-06-18,0.00523685,1.18941,0
2018-06-19,0.00335035,1.05506,0
2018-06-20,0.00464255,1.15118,0
2018-06-21,-0.00636118,0.349612,0
2018-06-22,-0.00910505,0.178281,0
2018-06-25,-0.00634584,0.477143,0
2018-06-26,-0.00604752,0.510862,0
2018-06-27,-0.00578624,0.529011,0
2018-06-28,-0.0116036,0.0250129,0
2018-06-29,-0.015206,-0.296585,0
2018-07-02,-0.018813,-0.693193,0
2018-07-03,-0.0207176,-0.980102,0
2018-07-05,-0.0267322,-1.55722,0
2018-07-06,-0.0248196,-1.54715,0
2018-07-09,-0.0170743,-0.692168,0
2018-07-10,-0.0140805,-0.507946,0
2018-07-11,-0.0310842,-2.30312,1
2018-07-12,-0.0255352,-1.41851,1
2018-07-13,-0.0343577,-2.12522,1
2018-07-16,-0.0308532,-1.51285,1
2018-07-17,-0.0358796,-1.76487,1
2018-07-18,-0.0364792,-1.65095,1
2018-07-19,-0.0313673,-1.07695,1
2018-07-20,-0.0175451,0.265122,0
2018-07-23,-0.0243915,-0.331107,0
2018-07-24,-0.0246501,-0.292482,0
2018-07-25,-0.0230874,-0.0469328,0
2018-07-26,-0.0379262,-1.71044,0
2018-07-27,0.00884909,4.28479,-1
2018-07-30,0.025047,4.62611,-1
2018-07-31,0.0153416,2.4594,-1
2018-08-01,0.0228653,2.48977,-1
2018-08-02,0.0158557,1.71319,-1
2018-08-03,0.0136964,1.40696,-1
2018-08-06,0.0154381,1.34148,-1
2018-08-07,0.0072665,0.859971,-1
2018-08-08,0.00407203,0.662666,-1
2018-08-09,-0.00119835,0.366082,0
2018-08-10,0.00628358,0.643046,0
2018-08-13,0.0106537,0.765783,0
2018-08-14,0.0148073,0.87722,0
2018-08-15,-0.00406825,-0.107311,0
2018-08-16,-0.0116635,-0.594299,0
2018-08-17,-0.0136804,-0.800215,0
2018-08-20,-0.0211198,-1.23528,0
2018-08-21,-0.0191109,-1.1469,0
2018-08-22,-0.0256908,-1.56963,0
2018-08-23,-0.0196504,-1.19823,0
2018-08-24,-0.0188421,-1.34005,0
2018-08-27,-0.0178055,-1.14274,0
2018-08-28,-0.0195318,-1.15591,0
2018-08-29,-0.0236541,-1.30795,0
2018-08-30,-0.0214981,-1.06434,0
2018-08-31,-0.0271737,-1.35763,0
2018-09-04,-0.0244973,-1.05219,0
2018-09-05,-0.0373788,-1.92166,0
2018-09-06,-0.0546397,-2.93228,1
2018-09-07,-0.0760441,-3.6944,1
2018-09-10,-0.0728439,-2.56875,1
2018-09-11,-0.0806441,-2.4955,1
2018-09-12,-0.0748431,-1.89148,1
2018-09-13,-0.0575684,-1.00661,1
2018-09-14,-0.05436,-0.777505,1
2018-09-17,-0.0576499,-0.839455,1
2018-09-18,-0.0533483,-0.569778,1
2018-09-19,-0.0528863,-0.485678,0
2018-09-20,-0.0541271,-0.477069,0
2018-09-21,-0.042869,0.094886,0
2018-09-24,-0.0472092,-0.052046,0
2018-09-25,-0.0384259,0.452531,0
2018-09-26,-0.0393741,0.483204,0
2018-09-27,-0.0337542,0.882532,0
2018-09-28,-0.024759,1.46549,0
2018-10-01,-0.0171766,1.94467,0
2018-10-02,-0.0218489,1.56302,0
2018-10-03,-0.0128754,2.03534,-1
2018-10-04,-0.0081687,2.04354,-1
2018-10-05,-0.00197795,2.04519,-1
2018-10-08,-0.0154423,1.19734,-1
2018-10-09,-0.00437635,1.59349,-1
2018-10-10,-0.0122404,1.10965,-1
2018-10-11,-0.00798768,1.25391,-1
2018-10-12,-0.0102499,1.02206,-1
2018-10-15,-0.00941383,0.971809,-1
2018-10-16,-0.00936349,0.89183,-1
2018-10-17,-0.0147558,0.495854,0
2018-10-18,-0.0173034,0.256355,0
2018-10-19,-0.0127655,0.492093,0
2018-10-22,-0.00931392,0.690459,0
2018-10-23,-0.0236805,-0.716788,0
2018-10-24,-0.0205872,-0.557122,0
2018-10-25,-0.0173245,-0.381181,0
2018-10-26,-0.00657398,1.1247,0
2018-10-29,-0.0225708,-1.69908,0
2018-10-30,-0.0284213,-2.51256,1
2018-10-31,-0.0325179,-2.82933,1
2018-11-01,-0.0486109,-4.26965,1
2018-11-02,-0.0331285,-1.53452,1
2018-11-05,0.00681152,2.22849,0
2018-11-06,0.00173186,1.4934,0
2018-11-07,0.00421747,1.6187,0
2018-11-08,0.0088656,1.80678,0
2018-11-09,0.0100316,1.70627,0
2018-11-12,0.00608394,1.27637,0
2018-11-13,0.013462,1.63814,0
2018-11-14,0.0244014,2.1094,-1
2018-11-15,0.0322974,2.22382,-1
2018-11-16,0.0380917,2.15915,-1
2018-11-19,0.0362195,1.76026,-1
2018-11-20,0.038256,1.63106,-1
2018-11-21,0.041021,1.55213,-1
2018-11-23,0.0351114,1.16318,-1
2018-11-26,0.0248722,0.678135,-1
2018-11-27,0.024993,0.622416,-1
2018-11-28,0.0293059,0.710933,-1
2018-11-29,0.0258732,0.500021,-1
2018-11-30,0.0198275,0.164108,0
2018-12-03,0.0103901,-0.509405,0
2018-12-04,0.00581727,-1.21707,0
2018-12-06,0.00857613,-0.995677,0
2018-12-07,0.0149741,-0.550405,0
2018-12-10,0.0249946,0.21465,0
2018-12-11,0.0266505,0.296095,0
2018-12-12,0.0361798,1.08754,0
2018-12-13,0.0242938,-0.119916,0
2018-12-14,0.0252219,-0.0865848,0
2018-12-17,0.0344662,0.813819,0
2018-12-18,0.0394519,1.281,0
2018-12-19,0.0393604,1.25499,0
2018-12-20,0.0450167,1.75409,0
2018-12-21,0.0443851,1.58821,0
2018-12-24,0.0542465,2.41014,-1
2018-12-26,0.0621791,2.68487,-1
2018-12-27,0.0727282,2.89283,-1
2018-12-28,0.0764,2.51124,-1
2018-12-31,0.0748442,1.99871,-1
2019-01-02,0.0658851,1.31626,-1
2019-01-03,0.0615573,0.990915,-1
2019-01-04,0.0406461,-0.0554991,0
2019-01-07,0.0462209,0.129602,0
2019-01-08,0.032697,-0.693411,0
2019-01-09,0.038853,-0.434858,0
2019-01-10,0.0445596,-0.150395,0
2019-01-11,0.0401939,-0.486425,0
2019-01-14,0.033123,-0.949702,0
2019-01-15,0.0348687,-0.900805,0
2019-01-16,0.0279211,-1.44893,0
2019-01-17,0.0245267,-1.61338,0
2019-01-18,0.0315784,-1.03657,0
2019-01-22,0.0294822,-1.1219,0
2019-01-23,0.0291212,-1.06348,0
2019-01-24,0.044865,-0.0710326,0
2019-01-25,0.0360901,-0.559483,0
2019-01-28,0.0330824,-0.67301,0
2019-01-29,0.0249788,-1.12396,0
2019-01-30,0.0226376,-1.25517,0
2019-01-31,0.021192,-1.40224,0
2019-02-01,0.0133276,-2.22504,1
2019-02-04,0.0396446,0.824616,0
2019-02-05,0.0251931,-0.841711,0
2019-02-06,0.0241642,-0.890827,0
2019-02-07,0.0263511,-0.558541,0
2019-02-08,0.0183823,-1.47439,0
2019-02-11,0.0108238,-2.33328,1
2019-02-12,0.00627526,-2.55295,1
2019-02-13,0.000906367,-2.67031,1
2019-02-14,-0.00120201,-2.38199,1
2019-02-15,-0.0115701,-2.84099,1
2019-02-19,-0.0186477,-2.76557,1
2019-02-20,-0.0142887,-1.97506,1
2019-02-21,-0.0132348,-1.64983,1
2019-02-22,-0.0189913,-1.76243,1
2019-02-25,-0.017565,-1.52019,1
2019-02-26,-0.0165576,-1.3188,1
2019-02-27,-0.0258385,-1.68693,1
2019-02-28,-0.0230093,-1.35125,1
2019-03-01,-0.0157092,-0.850117,1
2019-03-04,-0.0185909,-0.912742,1
2019-03-05,-0.0071354,-0.25008,0
2019-03-06,0.00722351,0.680726,0
2019-03-07,-0.0173614,-0.745213,0
2019-03-08,-0.00380508,0.25162,0
2019-03-11,0.00167521,0.864954,0
2019-03-12,0.000849105,0.98317,0
2019-03-13,-0.00267033,0.761025,0
2019-03-14,0.000471939,1.18804,0
2019-03-15,0.00980944,2.18297,-1
2019-03-18,0.0014821,1.13765,-1
2019-03-19,-0.00040126,0.864845,-1
2019-03-20,-0.0108882,-0.208193,0
2019-03-21,-0.00766903,0.080106,0
2019-03-22,-0.011576,-0.319208,0
2019-03-25,-0.00525985,0.255332,0
2019-03-26,-0.00924011,-0.200241,0
2019-03-27,-0.0111567,-0.439773,0
2019-03-28,-0.0142824,-0.933326,0
2019-03-29,-0.0133253,-0.949653,0
2019-04-01,-0.0114247,-0.740369,0
2019-04-02,-0.00650638,-0.171827,0
2019-04-03,-0.00801197,-0.3798,0
2019-04-04,-0.0157819,-1.44145,0
2019-04-05,-0.00850826,-0.392648,0
2019-04-08,-0.0128231,-1.00257,0
2019-04-09,-0.00720796,-0.0550577,0
2019-04-10,-0.00249528,0.751326,0
2019-04-11,-0.00367698,0.562551,0
2019-04-12,-0.0389567,-5.13846,1
2019-04-15,-0.030969,-2.55813,1
2019-04-16,-0.0289226,-1.92606,1
2019-04-17,-0.038135,-2.67013,1
2019-04-18,-0.0361563,-1.99279,1
2019-04-22,-0.0416662,-2.18475,1
2019-04-23,-0.0454156,-2.14219,1
2019-04-24,-0.0529162,-2.3628,1
2019-04-25,-0.06016,-2.4374,1
2019-04-26,-0.0419469,-1.01101,1
2019-04-29,-0.0284826,-0.177887,0
2019-04-30,-0.0126233,0.7452,0
2019-05-01,-0.00884067,0.961769,0
2019-05-02,-0.00144561,1.391,0
2019-05-03,0.00347927,1.61236,0
2019-05-06,0.0173199,2.19455,-1
2019-05-07,0.0213612,2.12453,-1
2019-05-08,0.0126563,1.47975,-1
2019-05-09,0.0430697,2.62126,-1
2019-05-10,0.0387052,2.04264,-1
2019-05-13,0.0369672,1.74017,-1
2019-05-14,0.043875,1.74373,-1
2019-05-15,0.0384693,1.37554,-1
2019-05-16,0.0360958,1.16774,-1
2019-05-17,0.0389467,1.13423,-1
2019-05-20,0.0403204,1.06354,-1
2019-05-21,0.0380053,0.899858,-1
2019-05-22,0.0402964,0.883833,-1
2019-05-23,0.0424546,0.883434,-1
2019-05-24,0.0433886,0.888762,-1
2019-05-28,0.0604616,1.61409,-1
2019-05-29,0.0524495,1.17982,-1
2019-05-30,0.0419538,0.548379,-1
2019-05-31,0.0457193,0.717346,-1
2019-06-03,0.0454712,0.64593,-1
2019-06-04,0.0295262,-0.851726,0
2019-06-05,0.0403546,0.0841389,0
2019-06-06,0.0441359,0.404565,0
2019-06-07,0.0451148,0.487208,0
2019-06-10,0.0452437,0.488791,0
2019-06-11,0.0358173,-1.04792,0
2019-06-12,0.0384656,-0.61565,0
2019-06-13,0.0335125,-1.33728,0
2019-06-14,0.0363399,-0.829546,0
2019-06-17,0.0290578,-1.92357,0
2019-06-18,0.0309505,-1.44242,0
2019-06-19,0.0355656,-0.705243,0
2019-06-20,0.026902,-1.81063,0
2019-06-21,0.0159216,-2.92165,1
2019-06-24,0.0255291,-1.34589,1
2019-06-25,0.0243506,-1.32571,1
2019-06-26,0.0211178,-1.63316,1
2019-06-27,0.0250203,-1.06842,1
2019-06-28,0.0230712,-1.18351,1
2019-07-01,0.0263604,-0.704627,1
2019-07-02,0.0224731,-1.09252,1
2019-07-03,0.0147792,-1.91513,1
2019-07-05,0.0201444,-1.08463,1
2019-07-08,0.014967,-1.5917,1
2019-07-09,0.0132033,-1.6944,1
2019-07-10,0.0138184,-1.53413,1
2019-07-11,0.0124271,-1.56247,1
2019-07-12,0.0153855,-1.05149,1
2019-07-15,0.0205381,-0.25105,0
2019-07-16,0.0286726,1.08873,0
2019-07-17,0.0293055,1.19298,0
2019-07-18,0.0417073,3.17241,-1
2019-07-19,0.040905,2.6603,-1
2019-07-22,0.0404393,2.1614,-1
2019-07-23,0.0386647,1.65017,-1
2019-07-24,0.0429983,1.92919,-1
2019-07-25,0.0407569,1.46965,-1
2019-07-26,0.0263062,0.00220908,0
2019-07-29,0.0217323,-0.419151,0
2019-07-30,0.0216998,-0.41508,0
2019-07-31,0.0256945,-0.0317382,0
2019-08-01,0.0341191,0.716091,0
2019-08-02,0.0435835,1.51374,0
2019-08-05,0.048546,1.78799,0
2019-08-06,0.0416683,0.995754,0
2019-08-07,0.0450789,1.21032,0
2019-08-08,0.0479125,1.37363,0
2019-08-09,0.0633182,2.80122,-1
2019-08-12,0.0596132,2.04135,-1
2019-08-13,0.0509163,1.0387,-1
2019-08-14,0.0565687,1.43769,-1
2019-08-15,0.0546627,1.12484,-1
2019-08-16,0.0363874,-0.490777,0
2019-08-19,0.0294159,-1.0485,0
2019-08-20,0.025275,-1.3114,0
2019-08-21,0.028042,-0.99218,0
2019-08-22,0.0282208,-0.899408,0
2019-08-23,0.0392347,-0.0151421,0
2019-08-26,0.0368194,-0.249799,0
2019-08-27,0.0470296,0.500355,0
2019-08-28,0.0458488,0.323227,0
2019-08-29,0.0379766,-0.469623,0
2019-08-30,0.0375558,-0.53224,0
2019-09-03,0.0230466,-1.83449,0
2019-09-04,0.0188107,-1.96531,0
2019-09-05,0.00603775,-2.71219,1
2019-09-06,0.000697254,-2.55765,1
2019-09-09,0.00126848,-2.0722,1
2019-09-10,0.0120976,-1.2142,1
2019-09-11,0.00927994,-1.28154,1
2019-09-12,0.009318,-1.15837,1
2019-09-13,-0.000336448,-1.67634,1
2019-09-16,0.00400649,-1.26276,1
2019-09-17,0.0104065,-0.73265,1
2019-09-18,0.0175464,-0.219195,0
2019-09-19,0.0202728,-0.0234508,0
2019-09-20,0.0285084,0.522566,0
2019-09-23,0.0312752,0.696536,0
2019-09-24,0.0363186,1.06856,0
2019-09-25,0.0300657,0.665132,0
2019-09-26,0.00832525,-0.751396,0
2019-09-27,-0.0124181,-2.29165,1
2019-09-30,0.00140428,-0.976979,1
2019-10-01,0.00606446,-0.531307,1
2019-10-02,0.00332545,-0.688886,1
2019-10-03,-0.00286346,-1.11865,1
2019-10-04,-0.0126376,-1.81232,1
2019-10-07,-0.00205218,-0.880682,1
2019-10-08,0.00615599,-0.269292,0
2019-10-09,0.00616657,-0.246888,0
2019-10-10,0.00519707,-0.304973,0
2019-10-11,0.00644322,-0.20019,0
2019-10-14,0.00330628,-0.454623,0
2019-10-15,0.000484138,-0.655986,0
2019-10-16,0.00937909,0.0239896,0
2019-10-17,0.0125256,0.281699,0
2019-10-18,0.0155379,0.53714,0
2019-10-21,0.012487,0.380549,0
2019-10-22,0.0163169,0.828817,0
2019-10-23,0.00682833,0.12089,0
2019-10-24,0.0137326,1.18618,0
2019-10-25,0.0196539,1.85715,0
2019-10-28,0.0271435,2.73575,-1
2019-10-29,0.0265749,2.1513,-1
2019-10-30,0.0226942,1.43807,-1
2019-10-31,0.0225421,1.27161,-1
2019-11-01,-0.0100921,-2.08577,0
2019-11-04,0.00168551,-0.958206,0
2019-11-05,-0.0169314,-2.95169,1
2019-11-06,-0.00839473,-1.62017,1
2019-11-07,-0.0152569,-2.03218,1
2019-11-08,-0.00136667,-0.729982,1
2019-11-11,0.00439909,-0.263261,0
2019-11-12,0.020669,0.942702,0
2019-11-13,0.0395081,2.24194,-1
2019-11-14,0.0404428,1.96641,-1
2019-11-15,0.0270434,0.910095,-1
2019-11-18,0.0199251,0.438805,0
2019-11-19,0.0132543,0.0233857,0
2019-11-20,0.0167759,0.239311,0
2019-11-21,0.0017683,-0.673063,0
2019-11-22,0.00530515,-0.424856,0
2019-11-25,0.0103915,-0.0869806,0
2019-11-26,0.00792544,-0.185965,0
2019-11-27,0.0105923,0.0291589,0
2019-11-29,0.0116616,0.133494,0
2019-12-02,0.00387888,-0.321093,0
2019-12-03,0.00489238,-0.312812,0
2019-12-04,0.00105651,-0.577511,0
2019-12-05,-0.00018706,-0.779321,0
2019-12-06,-0.00384176,-1.10747,0
2019-12-09,-0.0119084,-1.88059,0
2019-12-10,0.00283909,-0.625489,0
2019-12-11,-0.00936859,-1.53005,0
2019-12-12,-0.00958888,-1.37819,0
2019-12-13,0.00125866,-0.465542,0
2019-12-16,0.000473651,-0.472953,0
2019-12-17,-0.000684235,-0.530077,0
2019-12-18,-0.00405695,-0.890558,0
2019-12-19,0.000217805,-0.233344,0
2019-12-20,0.00413876,0.455602,0
2019-12-23,0.00375214,0.37718,0
2019-12-24,0.00792938,1.02485,0
2019-12-26,0.00802223,1.08394,0
2019-12-27,0.00910769,1.25085,0
2019-12-30,0.0116392,1.68381,0
2019-12-31,0.0118206,1.71319,0
2020-01-02,0.0012823,-0.0138125,0
2020-01-03,0.0067551,0.829346,0
2020-01-06,-0.00515148,-0.972648,0
2020-01-07,-0.00836866,-1.37729,0
2020-01-08,-0.00249994,-0.485968,0
2020-01-09,-0.0123511,-2.09243,1
2020-01-10,-0.010971,-1.60502,1
2020-01-13,-0.0192069,-2.6792,1
2020-01-14,-0.0120685,-1.46279,1
2020-01-15,-0.0113295,-1.23156,1
2020-01-16,-0.000346206,0.0829131,0
2020-01-17,-0.0070716,-0.657483,0
2020-01-21,-0.0102021,-0.976506,0
2020-01-22,-0.00701247,-0.559833,0
2020-01-23,0.00181706,0.441685,0
2020-01-24,-0.00156308,0.0911413,0
2020-01-27,0.0122686,1.68807,0
2020-01-28,0.019772,2.4152,-1
2020-01-29,0.0217946,2.3327,-1
2020-01-30,0.0184694,1.79676,-1
2020-01-31,0.0264236,2.3704,-1
2020-02-03,0.0426839,3.22777,-1
2020-02-04,0.0603775,3.59801,-1
2020-02-05,0.0394694,1.6559,-1
2020-02-06,0.0462617,1.7737,-1
2020-02-07,0.0472231,1.59686,-1
2020-02-10,0.064935,2.15277,-1
2020-02-11,0.0648484,1.84424,-1
2020-02-12,0.0565378,1.33086,-1
2020-02-13,0.0575588,1.24303,-1
2020-02-14,0.0582362,1.15664,-1
2020-02-18,0.0718824,1.56435,-1
2020-02-19,0.0654828,1.17333,-1
2020-02-20,0.0640425,1.02855,-1
2020-02-21,0.0684891,1.14755,-1
2020-02-24,0.0805141,1.61491,-1
2020-02-25,0.0836335,1.6948,-1
2020-02-26,0.0796844,1.36369,-1
2020-02-27,0.106845,2.70162,-1
2020-02-28,0.0598673,-0.0154167,0
2020-03-02,0.0396668,-1.27193,0
2020-03-03,0.0707288,0.472178,0
2020-03-04,0.0861403,1.37037,0
2020-03-05,0.120502,3.30344,-1
2020-03-06,0.153372,4.28567,-1
2020-03-09,0.132867,2.20027,-1
2020-03-10,0.139023,2.10171,-1
2020-03-11,0.150185,2.15708,-1
2020-03-12,0.200021,3.29465,-1
2020-03-13,0.254019,3.8294,-1
2020-03-16,0.185481,1.50724,-1
2020-03-17,0.120852,0.183815,0
2020-03-18,-0.00644902,-2.17592,1
2020-03-19,-0.00959067,-1.97452,1
2020-03-20,0.0810169,-0.379622,0
2020-03-23,0.035727,-1.08847,0
2020-03-24,0.0992315,-0.0742544,0
2020-03-25,0.0779727,-0.40597,0
2020-03-26,0.125325,0.307487,0
2020-03-27,0.0758617,-0.44904,0
2020-03-30,0.100863,-0.0866524,0
2020-03-31,0.0908177,-0.292942,0
2020-04-01,0.04773,-0.985971,0
2020-04-02,0.0644482,-0.679679,0
2020-04-03,0.0835438,-0.340155,0
2020-04-06,0.111222,0.134928,0
2020-04-07,0.0929572,-0.129987,0
2020-04-08,0.0793512,-0.307553,0
2020-04-09,0.0767369,-0.297846,0
2020-04-13,0.0911115,0.030195,0
2020-04-14,0.0937755,0.289477,0
2020-04-15,0.119993,1.20372,0
2020-04-16,0.124777,1.33973,0
2020-04-17,0.0916948,0.269318,0
2020-04-20,0.103246,0.651764,0
2020-04-21,0.0836652,-0.243253,0
2020-04-22,0.081729,-0.509167,0
2020-04-23,0.0707482,-1.02242,0
2020-04-24,0.0636056,-1.34605,0
2020-04-27,0.0858284,-0.0822031,0
2020-04-28,0.0588491,-1.54023,0
2020-04-29,0.0448262,-2.08385,1
2020-04-30,0.0403403,-1.99493,1
2020-05-01,0.0969648,0.620019,0
2020-05-04,0.0701258,-0.662352,0
2020-05-05,0.084515,0.0196079,0
2020-05-06,0.0735608,-0.429277,0
2020-05-07,0.0923242,0.494469,0
2020-05-08,0.0693408,-0.609531,0
2020-05-11,0.0566496,-1.17461,0
2020-05-12,0.050445,-1.34426,0
2020-05-13,0.0816638,0.152605,0
2020-05-14,0.0837674,0.362176,0
2020-05-15,0.0798496,0.323287,0
2020-05-18,0.0395171,-1.9975,0
2020-05-19,0.0432849,-1.57859,0
2020-05-20,0.0409068,-1.53531,0
2020-05-21,0.0503753,-0.858332,0
2020-05-22,0.0290823,-1.91622,0
2020-05-26,0.0266668,-1.79448,0
2020-05-27,0.0237837,-1.71811,0
2020-05-28,0.0216158,-1.6216,0
2020-05-29,0.0187922,-1.60348,0
2020-06-01,0.00927503,-1.85491,0
2020-06-02,0.00321466,-1.90244,0
2020-06-03,-0.0178761,-2.41824,1
2020-06-04,-0.0230279,-2.22318,1
2020-06-05,-0.0675622,-3.26036,1
2020-06-08,-0.0776938,-2.85576,1
2020-06-09,-0.0653363,-2.02226,1
2020-06-10,-0.0382077,-1.17369,1
2020-06-11,-0.015763,-0.596547,1
2020-06-12,-0.0075024,-0.342306,0
2020-06-15,-0.0187824,-0.528613,0
2020-06-16,-0.0145108,-0.342143,0
2020-06-17,-0.00193736,0.0538848,0
2020-06-18,-0.00479204,0.039866,0
2020-06-19,0.00475418,0.387997,0
2020-06-22,0.00385251,0.465411,0
2020-06-23,-0.00478109,0.240258,0
2020-06-24,0.00981018,0.809972,0
2020-06-25,0.00951082,0.846989,0
2020-06-26,0.0191134,1.24025,0
2020-06-29,0.0136664,1.04042,0
2020-06-30,0.0200032,1.25308,0
2020-07-01,0.0280929,1.47167,0
2020-07-02,0.0251387,1.22408,0
2020-07-06,0.0191508,0.915001,0
2020-07-07,0.0237999,1.01207,0
2020-07-08,0.026218,1.1215,0
2020-07-09,0.0326787,1.55019,0
2020-07-10,0.0250131,1.04641,0
2020-07-13,0.0259383,1.01859,0
2020-07-14,0.0205433,0.563378,0
2020-07-15,0.0112483,-0.213228,0
2020-07-16,0.0142028,-0.100724,0
2020-07-17,0.0208519,0.440338,0
2020-07-20,0.0260458,0.907338,0
2020-07-21,0.035449,1.84671,0
2020-07-22,0.0579121,4.09406,-1
2020-07-23,0.0534715,2.78735,-1
2020-07-24,0.0496183,1.96751,-1
2020-07-27,0.0409357,1.05371,-1
2020-07-28,0.0326668,0.320057,0
2020-07-29,0.0293823,-0.0053004,0
2020-07-30,0.0449847,1.21793,0
2020-07-31,0.0112864,-1.52055,0
2020-08-03,0.0162858,-1.02216,0
2020-08-04,0.00183372,-2.06233,1
2020-08-05,-0.000378426,-1.95212,1
2020-08-06,0.00819432,-1.18245,1
2020-08-07,0.00581419,-1.21591,1
2020-08-10,0.00963453,-0.899111,1
2020-08-11,-0.00375966,-1.58881,1
2020-08-12,0.0084441,-0.786515,1
2020-08-13,0.0272637,0.217157,0
2020-08-14,0.0270359,0.171626,0
2020-08-17,0.0458543,1.15237,0
2020-08-18,0.0299433,0.24869,0
2020-08-19,0.0281526,0.171954,0
2020-08-20,0.0272547,0.220612,0
2020-08-21,0.0382853,0.994958,0
2020-08-24,0.0272511,0.373565,0
2020-08-25,0.0519461,2.09242,-1
2020-08-26,0.0601143,2.35893,-1
2020-08-27,0.0677389,2.42349,-1
2020-08-28,0.0464556,1.08277,-1
2020-08-31,0.0472957,1.02146,-1
2020-09-01,0.0510142,1.10601,-1
2020-09-02,0.0579431,1.33808,-1
2020-09-03,0.0479726,0.732091,-1
2020-09-04,0.0433431,0.419406,0
2020-09-08,0.0335521,-0.184042,0
2020-09-09,0.0526057,0.830832,0
2020-09-10,0.0576442,1.14313,0
2020-09-11,0.053451,0.779292,0
2020-09-14,0.0545665,0.789163,0
2020-09-15,0.0536625,0.634034,0
2020-09-16,0.0312136,-1.27302,0
2020-09-17,0.0334691,-1.09874,0
2020-09-18,0.0443803,-0.212914,0
2020-09-21,0.0432824,-0.415665,0
2020-09-22,0.0615361,1.30176,0
2020-09-23,0.0508762,0.126117,0
2020-09-24,0.0498501,0.0253438,0
2020-09-25,0.0379956,-1.19105,0
2020-09-28,0.0424736,-0.60204,0
2020-09-29,0.0489947,0.184722,0
2020-09-30,0.0472884,-0.0235785,0
2020-10-01,0.0662542,2.21218,-1
2020-10-02,0.0803912,3.52023,-1
2020-10-05,0.071808,1.90188,-1
2020-10-06,0.0767618,2.04201,-1
2020-10-07,0.0905026,2.82332,-1
2020-10-08,0.0464534,-0.53163,0
2020-10-09,0.0467614,-0.473706,0
2020-10-12,0.0558691,0.122056,0
2020-10-13,0.0537689,-0.0139621,0
2020-10-14,0.0487126,-0.33181,0
2020-10-15,0.0444682,-0.690591,0
2020-10-16,0.0470512,-0.580088,0
2020-10-19,0.0478275,-0.539109,0
2020-10-20,0.0420912,-0.966611,0
2020-10-21,0.0489772,-0.404678,0
2020-10-22,0.0226187,-2.22167,1
2020-10-23,0.0349072,-1.14457,1
2020-10-26,0.0402352,-0.796056,1
2020-10-27,0.0382842,-0.904263,1
2020-10-28,0.0457101,-0.410079,0
2020-10-29,0.020615,-1.90613,0
2020-10-30,0.0425364,-0.429728,0
2020-11-02,0.0290202,-1.17631,0
2020-11-03,0.0430561,-0.194578,0
2020-11-04,0.0486714,0.295042,0
2020-11-05,0.054467,1.29368,0
2020-11-06,0.0535562,1.11174,0
2020-11-09,0.0173337,-2.59095,1
2020-11-10,0.0346842,-0.590442,1
2020-11-11,0.0387752,-0.136958,0
2020-11-12,0.0576648,1.70371,0
2020-11-13,0.0557022,1.36336,0
2020-11-16,0.0545138,1.17409,0
2020-11-17,0.0301297,-0.923772,0
2020-11-18,0.043614,0.249254,0
2020-11-19,0.0528213,1.03748,0
2020-11-20,0.0666301,2.1363,-1
2020-11-23,0.0467804,0.265358,0
2020-11-24,0.0165361,-2.13549,1
2020-11-25,0.0136351,-2.06004,1
2020-11-27,0.0226156,-1.19077,1
2020-11-30,0.0395577,-0.102984,0
2020-12-01,0.0298965,-0.723179,0
2020-12-02,0.0118245,-1.90866,0
2020-12-03,0.00270391,-2.21194,1
2020-12-04,-0.00317611,-2.19655,1
2020-12-07,-0.00718376,-2.07729,1
2020-12-08,-0.0369378,-3.17976,1
2020-12-09,-0.0631131,-3.49756,1
2020-12-10,-0.063492,-2.62545,1
2020-12-11,-0.0651921,-2.18996,1
2020-12-14,-0.0516938,-1.5496,1
2020-12-15,-0.0736221,-1.90215,1
2020-12-16,-0.0967157,-2.18855,1
2020-12-17,-0.0907768,-1.74034,1
2020-12-18,-0.0808506,-1.34325,1
2020-12-21,-0.0688984,-0.982039,1
2020-12-22,-0.0663145,-0.849377,1
2020-12-23,-0.0642106,-0.72332,1
2020-12-24,-0.0615232,-0.586382,1
2020-12-28,-0.0685125,-0.678304,1
2020-12-29,-0.0563959,-0.305631,0
2020-12-30,-0.0558596,-0.199406,0
2020-12-31,-0.0534059,-0.0133071,0
2021-01-04,-0.0567849,-0.0197328,0
2021-01-05,-0.0845755,-1.11204,0
2021-01-06,-0.0808615,-0.912432,0
2021-01-07,-0.0829737,-1.11249,0
2021-01-08,-0.0841432,-1.14997,0
2021-01-11,-0.111001,-3.07105,1
2021-01-12,-0.114917,-2.64843,1
2021-01-13,-0.125231,-2.72057,1
2021-01-14,-0.14287,-3.09831,1
2021-01-15,-0.115757,-1.33341,1
2021-01-19,-0.109821,-1.0211,1
2021-01-20,-0.113723,-1.10778,1
2021-01-21,-0.110986,-0.916193,1
2021-01-22,-0.0938239,-0.210985,0
2021-01-25,-0.0865786,0.10266,0
2021-01-26,-0.0745826,0.599207,0
2021-01-27,-0.0716667,0.750519,0
2021-01-28,-0.0785265,0.494803,0
2021-01-29,-0.0874108,0.202286,0
2021-02-01,-0.0731225,0.899484,0
2021-02-02,-0.0817959,0.605632,0
2021-02-03,-0.102912,-0.333122,0
2021-02-04,-0.121202,-1.2062,0
2021-02-05,-0.152572,-2.63698,1
2021-02-08,-0.172408,-3.01938,1
2021-02-09,-0.158666,-1.88267,1
2021-02-10,-0.148081,-1.29911,1
2021-02-11,-0.119327,-0.266048,0
2021-02-12,-0.125453,-0.475085,0
2021-02-16,-0.135717,-0.855745,0
2021-02-17,-0.120369,-0.308093,0
2021-02-18,-0.107579,0.125793,0
2021-02-19,-0.103593,0.245395,0
2021-02-22,-0.11571,-0.160417,0
2021-02-23,-0.115369,-0.114742,0
2021-02-24,-0.110078,0.107604,0
2021-02-25,-0.0963162,0.656574,0
2021-02-26,-0.0867877,1.08949,0
2021-03-01,-0.105971,0.405012,0
2021-03-02,-0.092036,0.993475,0
2021-03-03,-0.0872268,1.2871,0
2021-03-04,-0.118941,-0.00302575,0
2021-03-05,-0.116172,0.147769,0
2021-03-08,-0.104394,0.634446,0
2021-03-09,-0.0853785,1.40234,0
2021-03-10,-0.100256,0.636244,0
2021-03-11,-0.0898922,1.21297,0
2021-03-12,-0.0956517,0.78614,0
2021-03-15,-0.0746203,2.19923,-1
2021-03-16,-0.0710565,2.14979,-1
2021-03-17,-0.0701077,2.05733,-1
2021-03-18,-0.0536884,2.89753,-1
2021-03-19,-0.0524417,2.3813,-1
2021-03-22,-0.0469709,2.26494,-1
2021-03-23,-0.0368268,2.41044,-1
2021-03-24,-0.0326966,2.21869,-1
2021-03-25,-0.0250053,2.20274,-1
2021-03-26,-0.0325105,1.60232,-1
2021-03-29,-0.0304165,1.49367,-1
2021-03-30,-0.0243939,1.53835,-1
2021-03-31,-0.0168473,1.60913,-1
2021-04-01,-0.0384881,0.770372,-1
2021-04-05,-0.0310386,0.937631,-1
2021-04-06,-0.0354732,0.71062,-1
2021-04-07,-0.0336074,0.70804,-1
2021-04-08,-0.0316421,0.708833,-1
2021-04-09,-0.0289333,0.762213,-1
2021-04-12,-0.031294,0.579467,-1
2021-04-13,-0.0301558,0.595637,-1
2021-04-14,-0.0421497,-0.312848,0
2021-04-15,-0.0419918,-0.479172,0
2021-04-16,-0.0385975,-0.412099,0
2021-04-19,-0.0309431,0.388131,0
2021-04-20,-0.0242845,1.27639,0
2021-04-21,-0.0245367,1.17368,0
2021-04-22,-0.025924,0.840935,0
2021-04-23,-0.0254193,0.853824,0
2021-04-26,-0.0270937,0.598547,0
2021-04-27,-0.0296309,0.159603,0
2021-04-28,-0.0384754,-1.2154,0
2021-04-29,-0.0377561,-0.987082,0
2021-04-30,-0.0390073,-1.16533,0
2021-05-03,-0.0453788,-2.26761,1
2021-05-04,-0.0455733,-1.94568,1
2021-05-05,-0.0515384,-2.57008,1
2021-05-06,-0.0598233,-3.14714,1
2021-05-07,-0.0647996,-2.94935,1
2021-05-10,-0.0692088,-2.7227,1
2021-05-11,-0.0564543,-1.25516,1
2021-05-12,-0.0544568,-0.985548,1
2021-05-13,-0.0450268,-0.247744,0
2021-05-14,-0.0458444,-0.294665,0
2021-05-17,-0.0582418,-1.14887,0
2021-05-18,-0.0537827,-0.725744,0
2021-05-19,-0.0524539,-0.551296,0
2021-05-20,-0.0446924,0.123995,0
2021-05-21,-0.0394996,0.643738,0
2021-05-24,-0.037484,0.946754,0
2021-05-25,-0.0267274,2.1256,-1
2021-05-26,-0.0364156,1.13075,-1
2021-05-27,-0.038375,0.924957,-1
2021-05-28,-0.0261956,2.0796,-1
2021-06-01,-0.038119,0.821944,-1
2021-06-02,-0.0327382,1.23703,-1
2021-06-03,-0.0403792,0.511134,-1
2021-06-04,-0.0362018,0.807686,-1
2021-06-07,-0.0339876,0.91239,-1
2021-06-08,-0.0435241,-0.0187954,0
2021-06-09,-0.0597452,-1.89252,0
2021-06-10,-0.0538374,-1.20628,0
2021-06-11,-0.0461857,-0.418475,0
2021-06-14,-0.0422956,-0.00769474,0
2021-06-15,-0.0597764,-1.848,0
2021-06-16,-0.0592847,-1.76278,0
2021-06-17,-0.0434425,-0.10309,0
2021-06-18,-0.0504285,-0.858713,0
2021-06-21,-0.0601544,-1.78424,0
2021-06-22,-0.0758719,-3.02375,1
2021-06-23,-0.0825371,-2.89384,1
2021-06-24,-0.07627,-1.9346,1
2021-06-25,-0.0745869,-1.57338,1
2021-06-28,-0.0738395,-1.35211,1
2021-06-29,-0.0666372,-0.786883,1
2021-06-30,-0.0633432,-0.496666,0
2021-07-01,-0.0508568,0.424783,0
2021-07-02,-0.048835,0.616223,0
2021-07-06,-0.0345497,1.75048,0
2021-07-07,-0.0259676,2.39512,-1
2021-07-08,-0.0232847,2.27609,-1
2021-07-09,-0.028493,1.61272,-1
2021-07-12,-0.0245122,1.66875,-1
2021-07-13,-0.0217214,1.65841,-1
2021-07-14,-0.0147728,1.85782,-1
2021-07-15,-0.00990324,1.84469,-1
2021-07-16,-0.0046997,1.83296,-1
2021-07-19,0.00744442,2.10049,-1
2021-07-20,0.000884128,1.56482,-1
2021-07-21,-0.00151976,1.30781,-1
2021-07-22,0.00122832,1.28007,-1
2021-07-23,0.00292733,1.23956,-1
2021-07-26,-0.00433137,0.870991,-1
2021-07-27,0.00482995,1.16418,-1
2021-07-28,0.00274868,1.00888,-1
2021-07-29,0.00253341,0.940116,-1
2021-07-30,0.0209162,1.92932,-1
2021-08-02,0.0183268,1.64752,-1
2021-08-03,0.0151355,1.38747,-1
2021-08-04,0.0187097,1.52977,-1
2021-08-05,0.0200804,1.48188,-1
2021-08-06,0.0136569,0.909729,-1
2021-08-09,0.00956343,0.538588,-1
2021-08-10,0.00805761,0.336093,0
2021-08-11,0.0118475,0.619745,0
2021-08-12,0.011969,0.563269,0
2021-08-13,0.0163282,1.02733,0
2021-08-16,0.0220849,1.68853,0
2021-08-17,0.0270441,2.09659,-1
2021-08-18,0.023059,1.35921,-1
2021-08-19,0.0320506,2.27856,-1
2021-08-20,0.030923,1.83465,-1
2021-08-23,0.0101045,-0.535616,0
2021-08-24,0.0118184,-0.48635,0
2021-08-25,0.0160439,-0.0368404,0
2021-08-26,0.0177754,0.100239,0
2021-08-27,0.0100694,-1.13255,0
2021-08-30,0.0194072,0.312015,0
2021-08-31,0.0155814,-0.244157,0
2021-09-01,0.0196974,0.342378,0
2021-09-02,0.012516,-0.692649,0
2021-09-03,0.0141393,-0.403491,0
2021-09-07,0.0158537,-0.163661,0
2021-09-08,0.0187967,0.216871,0
2021-09-09,0.0134476,-0.682148,0
2021-09-10,0.0159628,-0.308572,0
2021-09-13,0.00632999,-1.88646,0
2021-09-14,0.00434471,-1.95829,0
2021-09-15,-0.0120819,-3.94204,1
2021-09-16,-0.00898806,-2.54036,1
2021-09-17,-0.00115268,-1.36077,1
2021-09-20,0.00869122,-0.283411,0
2021-09-21,0.0101525,-0.0297401,0
2021-09-22,0.00602752,-0.4923,0
2021-09-23,-0.0072407,-1.93684,0
2021-09-24,-0.0116032,-2.13232,1
2021-09-27,-0.0209563,-2.72575,1
2021-09-28,-0.0280461,-2.78756,1
2021-09-29,-0.0266346,-2.16852,1
2021-09-30,-0.0238035,-1.66672,1
2021-10-01,-0.0347453,-2.19261,1
2021-10-04,-0.0441166,-2.42346,1
2021-10-05,-0.0303595,-1.301,1
2021-10-06,-0.0174889,-0.490217,0
2021-10-07,-0.0131,-0.168617,0
2021-10-08,-0.01844,-0.415941,0
2021-10-11,-0.0150495,-0.121144,0
2021-10-12,-0.00862543,0.37602,0
2021-10-13,0.000476506,1.07195,0
2021-10-14,-0.00705598,0.488645,0
2021-10-15,-0.0101476,0.271309,0
2021-10-18,-0.00971253,0.337694,0
2021-10-19,-0.00708476,0.62628,0
2021-10-20,-0.000340287,1.31083,0
2021-10-21,0.00762241,2.07961,-1
2021-10-22,0.00896607,1.95432,-1
2021-10-25,-0.00360149,0.815024,-1
2021-10-26,-0.026494,-0.884846,0
2021-10-27,-0.0140052,-0.00132168,0
2021-10-28,-0.00759574,0.421945,0
2021-10-29,0.00155995,1.04658,0
2021-11-01,-0.0177356,-0.549269,0
2021-11-02,-0.00940461,0.000582427,0
2021-11-03,-0.0008793,0.83396,0
2021-11-04,-0.00480034,0.308624,0
2021-11-05,-0.00457855,0.289435,0
2021-11-08,-0.0127307,-0.753612,0
2021-11-09,-0.0158236,-1.15227,0
2021-11-10,-0.00895815,-0.268863,0
2021-11-11,-0.010614,-0.415535,0
2021-11-12,-0.00126154,0.721331,0
2021-11-15,0.0110104,2.11065,-1
2021-11-16,0.00339608,0.989512,-1
2021-11-17,0.0109915,1.70743,-1
2021-11-18,0.0144815,1.88964,-1
2021-11-19,0.0443132,4.54632,-1
2021-11-22,0.0448214,3.14959,-1
2021-11-23,0.0347741,1.89935,-1
2021-11-24,0.0348681,1.69332,-1
2021-11-26,0.0506828,2.29757,-1
2021-11-29,0.0457441,1.71149,-1
2021-11-30,0.0591587,2.08268,-1
2021-12-01,0.0514918,1.50068,-1
2021-12-02,0.0484872,1.22377,-1
2021-12-03,0.0477481,1.07547,-1
2021-12-06,0.0487075,1.00975,-1
2021-12-07,0.0489566,0.92343,-1
2021-12-08,0.0484363,0.818555,-1
2021-12-09,0.0414295,0.440105,0
2021-12-10,0.0346167,0.0352101,0
2021-12-13,0.0376076,0.0810315,0
2021-12-14,0.040781,0.170665,0
2021-12-15,0.0387619,-0.0562501,0
2021-12-16,0.0446381,0.281871,0
2021-12-17,0.0420438,-0.105986,0
2021-12-20,0.0572331,2.00522,-1
2021-12-21,0.0458706,0.117126,0
2021-12-22,0.0408993,-0.599221,0
2021-12-23,0.0413011,-0.616315,0
2021-12-27,0.0437681,-0.312773,0
2021-12-28,0.0439974,-0.224584,0
2021-12-29,0.0472735,0.319784,0
2021-12-30,0.0479602,0.616414,0
2021-12-31,0.0384043,-1.19983,0
2022-01-03,0.0108783,-6.38922,1
2022-01-04,-0.0130287,-6.15634,1
2022-01-05,-0.0200104,-3.90937,1
2022-01-06,-0.0368748,-3.64989,1
2022-01-07,-0.0308487,-2.45249,1
2022-01-10,-0.0225287,-1.74725,1
2022-01-11,-0.0455001,-2.28361,1
2022-01-12,-0.045436,-1.92288,1
2022-01-13,-0.0398756,-1.5189,1
2022-01-14,-0.0413869,-1.39199,1
2022-01-18,-0.0551903,-1.59586,1
2022-01-19,-0.0571515,-1.4653,1
2022-01-20,-0.0609405,-1.41632,1
2022-01-21,-0.0536936,-1.10292,1
2022-01-24,-0.0591462,-1.13227,1
2022-01-25,-0.0487738,-0.773675,1
2022-01-26,-0.035052,-0.338077,0
2022-01-27,-0.0285219,-0.0705451,0
2022-01-28,-0.0643235,-1.12851,0
2022-01-31,-0.0665765,-1.22577,0
2022-02-01,-0.107312,-3.41837,1
2022-02-02,-0.0960375,-2.36583,1
2022-02-03,-0.0882596,-1.69823,1
2022-02-04,-0.0965323,-1.89516,1
2022-02-07,-0.0872912,-1.26346,1
2022-02-08,-0.0701722,-0.426324,0
2022-02-09,-0.0528567,0.425949,0
2022-02-10,-0.0526618,0.455943,0
2022-02-11,-0.0584908,0.210537,0
2022-02-14,-0.0544237,0.453016,0
2022-02-15,-0.0457369,0.917302,0
2022-02-16,-0.0488151,0.733399,0
2022-02-17,-0.0503296,0.634392,0
2022-02-18,-0.0376696,1.1948,0
2022-02-22,-0.0309372,1.42743,0
2022-02-23,-0.0115734,2.1347,-1
2022-02-24,-0.00227043,2.22501,-1
2022-02-25,0.00756784,2.31474,-1
2022-02-28,0.0237291,2.55605,-1
2022-03-01,0.050011,2.83866,-1
2022-03-02,0.0576137,2.45299,-1
2022-03-03,0.061513,2.17928,-1
2022-03-04,0.0337437,1.31041,-1
2022-03-07,0.0141762,0.779568,-1
2022-03-08,0.054531,1.58947,-1
2022-03-09,0.0921242,2.27829,-1
2022-03-10,0.0812465,1.7338,-1
2022-03-11,0.084325,1.59548,-1
2022-03-14,0.0973212,1.67878,-1
2022-03-15,0.108067,1.71249,-1
2022-03-16,0.104875,1.47712,-1
2022-03-17,0.0887408,1.03196,-1
2022-03-18,0.0975936,1.12355,-1
2022-03-21,0.0629208,0.304256,0
2022-03-22,0.0622234,0.201343,0
2022-03-23,0.053051,-0.145282,0
2022-03-24,0.0503402,-0.341097,0
2022-03-25,0.0419615,-0.750514,0
2022-03-28,0.0547876,-0.412769,0
2022-03-29,0.0468279,-0.81399,0
2022-03-30,0.0331601,-1.33784,0
2022-03-31,0.0321771,-1.27591,0
2022-04-01,0.0321256,-1.17615,0
2022-04-04,0.0312952,-1.199,0
2022-04-05,0.029936,-1.34684,0
2022-04-06,0.0251354,-1.42347,0
2022-04-07,0.0191676,-1.49149,0
2022-04-08,0.0116262,-1.59048,0
2022-04-11,0.0248099,-0.976304,0
2022-04-12,0.0209349,-1.02293,0
2022-04-13,0.0196856,-1.00905,0
2022-04-14,0.00559781,-1.58361,0
2022-04-18,0.00918634,-1.32955,0
2022-04-19,0.00727047,-1.51523,0
2022-04-20,0.00839772,-1.33,0
2022-04-21,-0.0255893,-3.42768,1
2022-04-22,-0.0217342,-2.46239,1
2022-04-25,-0.00397091,-1.21011,1
2022-04-26,-0.0101234,-1.40043,1
2022-04-27,-0.0426534,-3.01087,1
2022-04-28,-0.0403594,-2.35611,1
2022-04-29,-0.0448746,-2.18453,1
2022-05-02,-0.0393813,-1.65935,1
2022-05-03,-0.0440275,-1.65733,1
2022-05-04,-0.0556268,-1.91667,1
2022-05-05,-0.0443722,-1.2846,1
2022-05-06,-0.0340889,-0.79095,1
2022-05-09,-0.00914802,0.216152,0
2022-05-10,-0.00688473,0.347752,0
2022-05-11,-0.0151783,0.0982457,0
2022-05-12,-0.0105004,0.38985,0
2022-05-13,-0.0239954,-0.147123,0
2022-05-16,-0.0196461,0.136314,0
2022-05-17,-0.0271831,-0.179845,0
2022-05-18,-0.0342895,-0.508693,0
2022-05-19,-0.0458167,-1.18568,0
2022-05-20,-0.0472104,-1.17128,0
2022-05-23,-0.0473181,-1.06844,0
2022-05-24,-0.0463159,-0.917214,0
2022-05-25,-0.0510889,-1.15407,0
2022-05-26,-0.0465383,-0.799185,0
2022-05-27,-0.0463052,-0.754217,0
2022-05-31,-0.0462526,-0.743615,0
2022-06-01,-0.0561691,-1.34628,0
2022-06-02,-0.0538469,-1.11717,0
2022-06-03,-0.0588576,-1.44085,0
2022-06-06,-0.0579975,-1.28508,0
2022-06-07,-0.086541,-2.79657,1
2022-06-08,-0.0909895,-2.55937,1
2022-06-09,-0.0829438,-1.81432,1
2022-06-10,-0.0711638,-1.06168,1
2022-06-13,-0.0625207,-0.542495,1
2022-06-14,-0.0617292,-0.425062,0
2022-06-15,-0.0646697,-0.522836,0
2022-06-16,-0.0741815,-1.07665,0
2022-06-17,-0.0517491,0.566473,0
2022-06-21,-0.0761317,-1.12194,0
2022-06-22,-0.0721793,-0.737252,0
2022-06-23,-0.0723414,-0.672529,0
2022-06-24,-0.0753801,-0.820954,0
2022-06-27,-0.0804809,-1.11886,0
2022-06-28,-0.0918606,-1.89064,0
2022-06-29,-0.0668167,0.195137,0
2022-06-30,-0.0479253,1.86102,0
2022-07-01,-0.0586594,0.892283,0
2022-07-05,-0.0476979,1.81226,0
2022-07-06,-0.0390195,2.32202,-1
2022-07-07,-0.0531077,1.06441,-1
2022-07-08,-0.0579782,0.629086,-1
2022-07-11,-0.0588531,0.489154,0
2022-07-12,-0.0600071,0.327946,0
2022-07-13,-0.0686415,-0.389501,0
2022-07-14,-0.0586906,0.411774,0
2022-07-15,-0.0625631,0.0975641,0
2022-07-18,-0.0666059,-0.22477,0
2022-07-19,-0.0569079,0.507832,0
2022-07-20,-0.0539402,0.774819,0
2022-07-21,-0.0411742,1.73684,0
2022-07-22,-0.0394385,1.66357,0
2022-07-25,-0.0450329,1.05791,0
2022-07-26,-0.0467022,0.833814,0
2022-07-27,-0.0553969,0.0554085,0
2022-07-28,-0.0585364,-0.47352,0
2022-07-29,-0.0229044,3.59367,-1
2022-08-01,-0.0139207,3.51547,-1
2022-08-02,-0.0169643,2.40657,-1
2022-08-03,-0.00403523,2.8418,-1
2022-08-04,0.0158342,3.38356,-1
2022-08-05,0.0156145,2.55044,-1
2022-08-08,0.00752897,1.7955,-1
2022-08-09,6.92979e-05,1.30778,-1
2022-08-10,-0.00755672,0.910273,-1
2022-08-11,-0.0147369,0.566335,-1
2022-08-12,-0.0220883,0.229672,0
2022-08-15,-0.0203503,0.229216,0
2022-08-16,-0.0119854,0.493917,0
2022-08-17,-0.0122868,0.408656,0
2022-08-18,-0.020195,-0.0223098,0
2022-08-19,-0.024088,-0.253168,0
2022-08-22,-0.0272047,-0.444796,0
2022-08-23,-0.0400454,-1.14705,0
2022-08-24,-0.0377273,-1.07327,0
2022-08-25,-0.0334094,-0.972325,0
2022-08-26,-0.0259383,-0.725991,0
2022-08-29,-0.0421293,-1.73505,0
2022-08-30,-0.0226648,-0.387773,0
2022-08-31,-0.029218,-0.754354,0
2022-09-01,-0.0241235,-0.381967,0
2022-09-02,-0.0284735,-0.585651,0
2022-09-06,-0.02466,-0.22237,0
2022-09-07,-0.026944,-0.327909,0
2022-09-08,-0.0294486,-0.508807,0
2022-09-09,-0.021623,0.516818,0
2022-09-12,-0.0179377,1.05042,0
2022-09-13,-0.0104398,1.9329,0
2022-09-14,-0.0129641,1.44276,0
2022-09-15,0.0033509,3.35194,-1
2022-09-16,-0.00365203,2.02899,-1
2022-09-19,-0.000635645,2.04418,-1
2022-09-20,0.00434056,2.16236,-1
2022-09-21,0.0137207,2.51761,-1
2022-09-22,0.0169495,2.33652,-1
2022-09-23,0.00983437,1.56107,-1
2022-09-26,0.00613507,1.17536,-1
2022-09-27,-0.0159106,-0.226855,0
2022-09-28,-0.0216367,-0.698905,0
2022-09-29,-0.0253615,-0.943025,0
2022-09-30,-0.0151032,-0.301321,0
2022-10-03,-0.0170532,-0.466472,0
2022-10-04,-0.0179795,-0.586403,0
2022-10-05,-0.0541289,-3.15906,1
2022-10-06,-0.0658448,-3.24586,1
2022-10-07,-0.0607654,-2.33765,1
2022-10-10,-0.0525609,-1.641,1
2022-10-11,-0.0412549,-1.01626,1
2022-10-12,-0.0414654,-0.94059,1
2022-10-13,-0.0309614,-0.462377,0
2022-10-14,-0.0317375,-0.433228,0
2022-10-17,-0.0387558,-0.658415,0
2022-10-18,-0.0307926,-0.271797,0
2022-10-19,-0.0300049,-0.176474,0
2022-10-20,-0.0247893,0.140033,0
2022-10-21,-0.0196225,0.525988,0
2022-10-24,-0.0265856,0.278139,0
2022-10-25,-0.0084007,1.61708,0
2022-10-26,-0.00885266,1.51074,0
2022-10-27,-0.00817852,1.44752,0
2022-10-28,-0.027351,0.224607,0
2022-10-31,-0.0224201,0.557103,0
2022-11-01,-0.0250305,0.423946,0
2022-11-02,-0.0218018,0.647356,0
2022-11-03,-0.0212213,0.609031,0
2022-11-04,-0.0198064,0.647442,0
2022-11-07,-0.0201075,0.565572,0
2022-11-08,-0.0240552,0.0925888,0
2022-11-09,-0.013744,1.15646,0
2022-11-10,-0.0106523,1.46353,0
2022-11-11,-0.0158798,0.690816,0
2022-11-14,-0.0178735,0.370947,0
2022-11-15,-0.0165522,0.471166,0
2022-11-16,-0.0202566,-0.16931,0
2022-11-17,-0.0181427,0.0853517,0
2022-11-18,-0.0139545,0.74414,0
2022-11-21,-0.0120866,1.0018,0
2022-11-22,-0.0174898,-0.0299208,0
2022-11-23,-0.0200557,-0.428166,0
2022-11-25,-0.0183443,-0.0022875,0
2022-11-28,-0.0136613,1.20482,0
2022-11-29,-0.00586919,3.11177,-1
2022-11-30,-0.00125304,3.43828,-1
2022-12-01,-0.000361019,2.84072,-1
2022-12-02,0.000961299,2.5015,-1
2022-12-05,0.00633595,2.8336,-1
2022-12-06,0.0108792,2.82508,-1
2022-12-07,0.0156626,2.77439,-1
2022-12-08,0.0128811,2.02685,-1
2022-12-09,-0.00983712,-0.173216,0
2022-12-12,-0.0252915,-1.48265,0
2022-12-13,-0.0146672,-0.522373,0
2022-12-14,-0.012934,-0.398621,0
2022-12-15,-0.0094551,-0.130291,0
2022-12-16,-0.0147576,-0.629705,0
2022-12-19,-0.0123476,-0.444912,0
2022-12-20,-0.0114123,-0.372926,0
2022-12-21,-0.0132471,-0.53459,0
2022-12-22,-0.00567268,0.102038,0
2022-12-23,-0.00382931,0.208276,0
2022-12-27,-0.0062835,-0.0837819,0
2022-12-28,-0.00278485,0.214488,0
2022-12-29,-0.00340693,0.140027,0
2022-12-30,-0.0075987,-0.251345,0
2023-01-03,-0.000193948,0.495695,0
2023-01-04,-0.013539,-0.786698,0
2023-01-05,-0.0192792,-1.27425,0
2023-01-06,-0.0240236,-1.67254,0
2023-01-09,-0.0107194,-0.0976078,0
2023-01-10,-0.0212755,-1.5299,0
2023-01-11,-0.0372555,-3.63718,1
2023-01-12,-0.0429388,-3.57008,1
2023-01-13,-0.0379836,-2.21076,1
2023-01-17,-0.0187057,-0.31003,0
2023-01-18,-0.0135538,0.14788,0
2023-01-19,-0.0102328,0.414235,0
2023-01-20,-0.0187679,-0.290921,0
2023-01-23,-0.013792,0.144518,0
2023-01-24,-0.0221258,-0.532908,0
2023-01-25,-0.0250126,-0.709917,0
2023-01-26,-0.0199784,-0.21089,0
2023-01-27,-0.0433662,-2.17513,1
2023-01-30,-0.0513022,-2.53227,1
2023-01-31,-0.0727481,-3.72803,1
2023-02-01,-0.0730606,-2.77032,1
2023-02-02,-0.0499843,-1.08154,1
2023-02-03,-0.0527955,-1.12553,1
2023-02-06,-0.0478613,-0.765054,1
2023-02-07,-0.0507008,-0.843174,1
2023-02-08,-0.0623448,-1.3691,1
2023-02-09,-0.0726925,-1.75572,1
2023-02-10,-0.0931904,-2.52284,1
2023-02-13,-0.0907384,-1.99166,1
2023-02-14,-0.0674403,-0.842344,1
2023-02-15,-0.071773,-0.92521,1
2023-02-16,-0.0798119,-1.15485,1
2023-02-17,-0.0573347,-0.138157,0
2023-02-21,-0.0650367,-0.399385,0
2023-02-22,-0.0527537,0.276324,0
2023-02-23,-0.0508521,0.484005,0
2023-02-24,-0.0461155,0.88314,0
2023-02-27,-0.0400034,1.53835,0
2023-02-28,-0.044556,1.19662,0
2023-03-01,-0.0444612,1.15434,0
2023-03-02,-0.044488,1.04166,0
2023-03-03,-0.0417754,1.11607,0
2023-03-06,-0.0423042,1.03239,0
2023-03-07,-0.0327485,1.55976,0
2023-03-08,-0.0222468,2.05006,-1
2023-03-09,-0.0280304,1.48599,-1
2023-03-10,-0.0190148,1.78334,-1
2023-03-13,-0.0120177,1.90444,-1
2023-03-14,-0.00312105,2.20001,-1
2023-03-15,0.00763617,2.55675,-1
2023-03-16,0.0164829,2.53655,-1
2023-03-17,0.015986,2.12637,-1
2023-03-20,0.00249979,1.3564,-1
2023-03-21,-0.0143098,0.534405,-1
2023-03-22,-0.00937512,0.675252,-1
2023-03-23,-0.00678459,0.717075,-1
2023-03-24,0.00180342,1.04245,-1
2023-03-27,-0.0111265,0.329478,0
2023-03-28,-0.0124598,0.203014,0
2023-03-29,-0.0214904,-0.33668,0
2023-03-30,-0.0166041,-0.152484,0
2023-03-31,-0.0130221,-0.0343993,0
2023-04-03,-0.0329798,-1.45133,0
2023-04-04,-0.0268269,-1.14343,0
2023-04-05,-0.0386405,-2.05615,1
2023-04-06,-0.0324029,-1.42288,1
2023-04-10,-0.0228366,-0.755654,1
2023-04-11,-0.0239555,-0.809742,1
2023-04-12,-0.0185209,-0.411564,0
2023-04-13,-0.0098884,0.189936,0
2023-04-14,-0.0100516,0.247441,0
2023-04-17,-0.00600164,0.692015,0
2023-04-18,-0.0280909,-1.07556,0
2023-04-19,-0.022779,-0.486287,0
2023-04-20,-0.0182388,-0.0130411,0
2023-04-21,-0.0249636,-0.622294,0
2023-04-24,-0.03006,-1.05844,0
2023-04-25,-0.0280566,-0.784294,0
2023-04-26,-0.0346331,-1.45627,0
2023-04-27,-0.0399774,-1.90873,0
2023-04-28,-0.0423567,-1.90866,0
2023-05-01,-0.0156954,0.922155,0
2023-05-02,-0.0152058,0.997019,0
2023-05-03,-0.0134523,1.07418,0
2023-05-04,0.00164205,2.41825,-1
2023-05-05,0.000321903,1.94737,-1
2023-05-08,-0.00757189,1.04118,-1
2023-05-09,-0.0103374,0.730725,-1
2023-05-10,-0.00889457,0.785395,-1
2023-05-11,0.00504895,1.83601,-1
2023-05-12,0.00741157,1.83017,-1
2023-05-15,0.00870509,1.73076,-1
2023-05-16,0.0110176,1.73169,-1
2023-05-17,0.00126195,0.928113,-1
2023-05-18,-0.00932885,0.203969,0
2023-05-19,-0.00617519,0.368566,0
2023-05-22,-0.0107074,0.0374552,0
2023-05-23,0.00309262,0.858265,0
2023-05-24,-0.00598645,0.182708,0
2023-05-25,-0.00369654,0.259751,0
2023-05-26,0.000249322,0.489575,0
2023-05-30,0.0034588,0.847631,0
2023-05-31,0.00620641,1.12462,0
2023-06-01,0.00384105,0.714474,0
2023-06-02,0.00545033,0.875578,0
2023-06-05,0.00523237,0.802095,0
2023-06-06,-0.00167626,-0.225643,0
2023-06-07,6.92214e-06,-0.029505,0
2023-06-08,-0.000294649,-0.16012,0
2023-06-09,0.00511416,0.663304,0
2023-06-12,0.00502136,0.646963,0
2023-06-13,0.011812,1.838,0
2023-06-14,0.0152518,2.30037,-1
2023-06-15,0.0147384,2.04224,-1
2023-06-16,0.0154253,1.85973,-1
2023-06-20,0.0167583,1.85669,-1
2023-06-21,0.0120355,1.01366,-1
2023-06-22,0.0032767,-0.34542,0
2023-06-23,0.00407418,-0.228443,0
2023-06-26,0.00168392,-0.718222,0
2023-06-27,-0.00396605,-1.77643,0
2023-06-28,-0.00355136,-1.58681,0
2023-06-29,-0.00797617,-2.12882,1
2023-06-30,-0.00619487,-1.57578,1
2023-07-03,-0.00883613,-1.76763,1
2023-07-05,-0.00868572,-1.5393,1
2023-07-06,0.00978619,0.76272,0
2023-07-07,0.0153827,1.33839,0
2023-07-10,0.00590818,0.151755,0
2023-07-11,0.0106739,0.651948,0
2023-07-12,0.0143723,1.02418,0
2023-07-13,0.0200866,1.56519,0
2023-07-14,0.0314185,2.61327,-1
2023-07-17,0.0248208,1.621,-1
2023-07-18,0.0305397,1.98487,-1
2023-07-19,0.0280466,1.57304,-1
2023-07-20,0.0193859,0.80556,-1
2023-07-21,0.0277957,1.38808,-1
2023-07-24,0.0293046,1.35372,-1
2023-07-25,0.0309713,1.33159,-1
2023-07-26,0.028348,1.02229,-1
2023-07-27,0.0139237,-0.0441276,0
2023-07-28,0.0211257,0.398114,0
2023-07-31,0.0185297,0.123041,0
2023-08-01,0.0158186,-0.193855,0
2023-08-02,0.012926,-0.631504,0
2023-08-03,-0.00587006,-3.29403,1
2023-08-04,-0.0107185,-3.13945,1
2023-08-07,-0.00467411,-1.95051,1
2023-08-08,-0.0110647,-2.29191,1
2023-08-09,-0.0268805,-3.09245,1
2023-08-10,-0.0253074,-2.3307,1
2023-08-11,-0.0206926,-1.71742,1
2023-08-14,-0.0214079,-1.55471,1
2023-08-15,-0.022009,-1.41153,1
2023-08-16,-0.00720031,-0.570721,1
2023-08-17,-0.0109043,-0.680841,1
2023-08-18,-0.0191798,-1.0164,1
2023-08-21,-0.00902398,-0.414413,0
2023-08-22,-0.0107659,-0.432415,0
2023-08-23,9.22388e-05,0.284261,0
2023-08-24,-6.31466e-05,0.400715,0
2023-08-25,-0.0113016,-0.304803,0
2023-08-28,-0.0129913,-0.346593,0
2023-08-29,-0.0201422,-0.887276,0
2023-08-30,-0.0280887,-1.65823,0
2023-08-31,-0.0243721,-1.22538,0
2023-09-01,-0.0260219,-1.29735,0
2023-09-05,-0.012535,0.343889,0
2023-09-06,-0.0199628,-0.463096,0
2023-09-07,-0.0140265,0.282568,0
2023-09-08,-0.0251724,-1.14595,0
2023-09-11,-0.0311058,-1.87374,0
2023-09-12,-0.0419148,-2.90631,1
2023-09-13,-0.0344537,-1.63481,1
2023-09-14,-0.0454537,-2.47407,1
2023-09-15,-0.0318168,-0.964709,1
2023-09-18,-0.0346935,-1.1049,1
2023-09-19,-0.0306866,-0.700948,1
2023-09-20,-0.0241631,-0.110074,0
2023-09-21,-0.0172098,0.506758,0
2023-09-22,-0.0118306,1.12315,0
2023-09-25,-0.00896537,1.59062,0
2023-09-26,-0.0153989,0.920201,0
2023-09-27,-0.0295156,-0.458655,0
2023-09-28,-0.0245622,0.0803421,0
2023-09-29,-0.0182594,0.691467,0
2023-10-02,-0.0121771,1.25271,0
2023-10-03,-0.0112319,1.2311,0
2023-10-04,0.0059247,2.8328,-1
2023-10-05,0.0342912,4.55304,-1
2023-10-06,0.0405416,3.41339,-1
2023-10-09,0.0296202,2.08674,-1
2023-10-10,0.0318166,1.87903,-1
2023-10-11,0.0364609,1.83425,-1
2023-10-12,0.036025,1.59295,-1
2023-10-13,0.0187923,0.801078,-1
2023-10-16,0.0251195,0.959716,-1
2023-10-17,0.023295,0.799611,-1
2023-10-18,0.015565,0.407976,0
2023-10-19,0.0153304,0.330822,0
2023-10-20,0.0196801,0.45734,0
2023-10-23,-0.00186219,-0.546501,0
2023-10-24,-0.0161149,-1.20022,0
2023-10-25,-0.0221945,-1.46512,0
2023-10-26,-0.0187731,-1.36869,0
2023-10-27,-0.0650022,-3.56084,1
2023-10-30,-0.0542059,-2.367,1
2023-10-31,-0.0541896,-2.04256,1
2023-11-01,-0.0616551,-2.03091,1
2023-11-02,-0.0612683,-1.74495,1
2023-11-03,-0.0536633,-1.33707,1
2023-11-06,-0.0370921,-0.77093,1
2023-11-07,-0.0364287,-0.67508,1
2023-11-08,-0.0357458,-0.581582,1
2023-11-09,-0.0377876,-0.566452,1
2023-11-10,-0.0374061,-0.479519,0
2023-11-13,-0.0397064,-0.48332,0
2023-11-14,-0.0351469,-0.249195,0
2023-11-15,-0.024166,0.256294,0
2023-11-16,-0.0265699,0.263508,0
2023-11-17,-0.032311,0.125556,0
2023-11-20,-0.0270633,0.624348,0
2023-11-21,-0.0278837,0.737735,0
2023-11-22,-0.0204231,1.34706,0
2023-11-24,-0.0213689,1.26304,0
2023-11-27,-0.0181062,1.52168,0
2023-11-28,-0.00918294,2.07767,-1
2023-11-29,-0.00388507,2.18471,-1
2023-11-30,-0.00982369,1.50076,-1
2023-12-01,-0.00387877,1.8315,-1
2023-12-04,0.00228105,2.21184,-1
2023-12-05,0.00895717,2.5149,-1
2023-12-06,0.0201203,2.85378,-1
2023-12-07,0.0258094,2.63638,-1
2023-12-08,0.0257418,2.16672,-1
2023-12-11,0.0242994,1.79638,-1
2023-12-12,0.0273413,1.73419,-1
2023-12-13,0.0313276,1.74034,-1
2023-12-14,0.0375005,1.83557,-1
2023-12-15,0.0392538,1.68657,-1
2023-12-18,0.0322206,1.20646,-1
2023-12-19,0.0299648,1.00779,-1
2023-12-20,0.0373327,1.25061,-1
2023-12-21,0.0341494,1.0068,-1
2023-12-22,0.0331687,0.873567,-1
2023-12-26,0.0381713,1.07206,-1
2023-12-27,0.0384019,1.02088,-1
2023-12-28,0.038338,0.941575,-1
2023-12-29,0.03511,0.647543,-1
2024-01-02,0.0114864,-1.31983,0
2024-01-03,0.0205408,-0.753286,0
2024-01-04,0.0182042,-1.26502,0
2024-01-05,0.0127084,-2.16021,1
2024-01-08,0.0238311,-0.665639,1
2024-01-09,0.0110579,-2.12593,1
2024-01-10,0.0129107,-1.65366,1
2024-01-11,0.0178048,-1.01851,1
2024-01-12,0.0168579,-1.03816,1
2024-01-16,0.0162333,-1.0062,1
2024-01-17,0.0193501,-0.616472,1
2024-01-18,0.0117618,-1.28598,1
2024-01-19,0.0125547,-1.08175,1
2024-01-22,0.015157,-0.73644,1
2024-01-23,0.00027241,-2.11457,1
2024-01-24,0.00149433,-1.72034,1
2024-01-25,-0.00063429,-1.72087,1
2024-01-26,-0.00571277,-2.03931,1
2024-01-29,-0.00718193,-2.00235,1
2024-01-30,-0.0173409,-2.86688,1
2024-01-31,-0.013701,-2.15011,1
2024-02-01,-0.0059365,-1.1881,1
2024-02-02,0.0264138,1.61511,0
2024-02-05,0.0302325,1.81813,0
2024-02-06,0.0220697,1.0202,0
2024-02-07,0.0201274,0.889769,0
2024-02-08,0.0138717,0.382764,0
2024-02-09,0.016467,0.56828,0
2024-02-12,0.00826265,-0.0260181,0
2024-02-13,0.00750323,-0.0506812,0
2024-02-14,0.0149535,0.538296,0
2024-02-15,0.0172189,0.733119,0
2024-02-16,0.0176013,0.733226,0
2024-02-20,0.0228329,1.09433,0
2024-02-21,0.00990471,0.105933,0
2024-02-22,0.010344,0.103868,0
2024-02-23,0.0143139,0.364508,0
2024-02-26,0.00836129,-0.130582,0
2024-02-27,-0.00412829,-1.15902,0
2024-02-28,-0.00571743,-1.31532,0
2024-02-29,-0.00956326,-1.83039,0
2024-03-01,-0.0171553,-2.60789,1
2024-03-04,-0.026919,-3.11108,1
2024-03-05,-0.0339244,-2.95158,1
2024-03-06,-0.0517326,-3.49744,1
2024-03-07,-0.0487785,-2.49461,1
2024-03-08,-0.0532589,-2.27449,1
2024-03-11,-0.0437449,-1.54165,1
2024-03-12,-0.0360466,-1.07637,1
2024-03-13,-0.0335335,-0.87974,1
2024-03-14,-0.0391035,-1.00851,1
2024-03-15,-0.0366112,-0.817712,1
2024-03-18,-0.0455203,-1.08543,1
2024-03-19,-0.0434814,-0.907386,1
2024-03-20,-0.0535961,-1.27453,1
2024-03-21,-0.0540733,-1.18802,1
2024-03-22,-0.0531449,-1.05564,1
2024-03-25,-0.0503134,-0.856029,1
2024-03-26,-0.0479333,-0.665015,1
2024-03-27,-0.0499698,-0.736148,1
2024-03-28,-0.0507583,-0.748504,1
2024-04-01,-0.0472,-0.367701,0
2024-04-02,-0.0609817,-1.99631,0
2024-04-03,-0.0547182,-1.05953,0
2024-04-04,-0.0546049,-0.961799,0
2024-04-05,-0.0609966,-1.80682,0
2024-04-08,-0.0535228,-0.643475,0
2024-04-09,-0.0523507,-0.491706,0
2024-04-10,-0.0548385,-0.757614,0
2024-04-11,-0.0537725,-0.5363,0
2024-04-12,-0.0571111,-1.00065,0
2024-04-15,-0.0572262,-0.952643,0
2024-04-16,-0.0544364,-0.355109,0
2024-04-17,-0.0509926,0.529139,0
2024-04-18,-0.0408408,3.50322,-1
2024-04-19,-0.0361623,3.62916,-1
2024-04-22,-0.0290298,3.87126,-1
2024-04-23,-0.0263312,3.12116,-1
2024-04-24,-0.0212012,2.96826,-1
2024-04-25,-0.0127219,3.09209,-1
2024-04-26,0.0200825,4.75749,-1
2024-04-29,0.00737963,2.47077,-1
2024-04-30,-0.0108115,1.26617,-1
2024-05-01,-0.000666727,1.57154,-1
2024-05-02,0.00410712,1.59034,-1
2024-05-03,0.00318305,1.37631,-1
2024-05-06,0.00867855,1.45393,-1
2024-05-07,0.0156069,1.56471,-1
2024-05-08,0.0143939,1.35151,-1
2024-05-09,0.010908,1.09384,-1
2024-05-10,0.016764,1.21343,-1
2024-05-13,0.00902823,0.814404,-1
2024-05-14,-0.00289955,0.241338,0
2024-05-15,-0.0139427,-0.369682,0
2024-05-16,-0.00921267,-0.268106,0
2024-05-17,-0.0146947,-0.727627,0
2024-05-20,-0.0148598,-0.892712,0
2024-05-21,-0.0141774,-0.964243,0
2024-05-22,-0.00737737,-0.553747,0
2024-05-23,0.00664556,0.516176,0
2024-05-24,0.0121378,0.918379,0
2024-05-28,0.00658725,0.500752,0
2024-05-29,0.00431707,0.301107,0
2024-05-30,0.00920213,0.693354,0
2024-05-31,0.0041416,0.176443,0
2024-06-03,-0.000310436,-0.232449,0
2024-06-04,0.0075752,0.506998,0
2024-06-05,-0.00389915,-0.541853,0
2024-06-06,-0.00552535,-0.625836,0
2024-06-07,0.0066155,0.656079,0
2024-06-10,0.00741965,0.77287,0
2024-06-11,0.0138527,1.57673,0
2024-06-12,0.0106366,1.16021,0
2024-06-13,0.00982168,0.973956,0
2024-06-14,0.0164206,1.58595,0
2024-06-17,0.0267343,2.48597,-1
2024-06-18,0.0169786,1.19957,-1
2024-06-20,0.014985,0.916707,-1
2024-06-21,0.0150307,0.875566,-1
2024-06-24,0.00909286,0.0165644,0
2024-06-25,0.000727782,-1.11562,0
2024-06-26,-0.0149881,-3.0594,1
2024-06-27,-0.0164837,-2.56936,1
2024-06-28,-0.0171662,-2.19595,1
2024-07-01,-0.0144446,-1.63771,1
2024-07-02,-0.00549822,-0.759998,1
2024-07-03,-0.010703,-1.13615,1
2024-07-05,-0.0126393,-1.18177,1
2024-07-08,-0.0012259,-0.277241,0
2024-07-09,0.0017491,-0.0747874,0
2024-07-10,0.00609191,0.26563,0
2024-07-11,-0.00542269,-0.585515,0
2024-07-12,-0.0033489,-0.364189,0
2024-07-15,-0.0055708,-0.484009,0
2024-07-16,-0.0143229,-1.10079,0
2024-07-17,-0.00691439,-0.421334,0
2024-07-18,-0.0122606,-0.825484,0
2024-07-19,-0.00488064,-0.0213965,0
2024-07-22,-0.0107388,-0.569207,0
2024-07-23,-0.0115953,-0.617105,0
2024-07-24,-0.0193561,-1.73058,0
2024-07-25,-0.0246697,-2.33919,1
2024-07-26,-0.0209818,-1.54167,1
2024-07-29,-0.0169552,-0.936586,1
2024-07-30,-0.0162731,-0.851117,1
2024-07-31,-0.0138384,-0.520116,1
2024-08-01,-0.0472181,-4.75103,1
2024-08-02,-0.0706596,-5.15585,1
2024-08-05,-0.0747513,-3.44596,1
2024-08-06,-0.0758916,-2.65478,1
2024-08-07,-0.0918402,-2.82954,1
2024-08-08,-0.0934747,-2.35782,1
2024-08-09,-0.0946277,-2.01788,1
2024-08-12,-0.0918891,-1.6646,1
2024-08-13,-0.084203,-1.25366,1
2024-08-14,-0.0866839,-1.19966,1
2024-08-15,-0.0754024,-0.767293,1
2024-08-16,-0.0645066,-0.377685,0
2024-08-19,-0.0571716,-0.0868637,0
2024-08-20,-0.0346934,0.691079,0
2024-08-21,-0.0226763,1.15521,0
2024-08-22,-0.0268561,1.03024,0
2024-08-23,-0.0273255,1.02247,0
2024-08-26,-0.0419185,0.554104,0
2024-08-27,-0.0406476,0.669296,0
2024-08-28,-0.0352384,0.953154,0
2024-08-29,-0.0383832,0.931085,0
2024-08-30,-0.0317689,1.15978,0
2024-09-03,-0.0307284,1.09325,0
2024-09-04,-0.0344564,0.851961,0
2024-09-05,-0.0329249,0.82908,0
2024-09-06,-0.0431761,0.351692,0
2024-09-09,-0.0504641,-0.0291188,0
2024-09-10,-0.0253388,1.02779,0
2024-09-11,-0.0167238,1.41442,0
2024-09-12,-0.0206196,1.12787,0
2024-09-13,-0.00946984,1.88731,0
2024-09-16,-0.0130791,1.59597,0
2024-09-17,-0.0167283,1.24402,0
2024-09-18,-0.0159062,1.26737,0
2024-09-19,-0.020821,0.705285,0
2024-09-20,-0.00907667,1.7361,0
2024-09-23,-0.0146128,1.08656,0
2024-09-24,-0.0119493,1.21887,0
2024-09-25,-0.0146094,0.88968,0
2024-09-26,-0.00990487,1.19397,0
2024-09-27,-0.0127087,0.847936,0
2024-09-30,-0.0126081,0.773326,0
2024-10-01,-0.0193664,0.121636,0
2024-10-02,-0.0238322,-0.31308,0
2024-10-03,-0.0296752,-0.902314,0
2024-10-04,-0.0499496,-2.79628,1
2024-10-07,-0.0498072,-2.55317,1
2024-10-08,-0.0359278,-1.38277,1
2024-10-09,-0.0290892,-0.718976,1
2024-10-10,-0.0302914,-0.759672,1
2024-10-11,-0.0277916,-0.508841,1
2024-10-14,-0.0281804,-0.47631,0
2024-10-15,-0.0223965,0.0619924,0
2024-10-16,-0.017596,0.488595,0
2024-10-17,0.0014986,2.105,-1
2024-10-18,0.00141317,1.81331,-1
2024-10-21,0.00159902,1.69114,-1
2024-10-22,-0.00337235,1.19759,-1
2024-10-23,-0.00246153,1.19797,-1
2024-10-24,0.00312937,1.47887,-1
2024-10-25,0.00613589,1.55964,-1
2024-10-28,0.00913157,1.59537,-1
2024-10-29,0.00955395,1.46863,-1
2024-10-30,0.0111879,1.40604,-1
2024-10-31,0.014949,1.44908,-1
2024-11-01,0.0572453,3.33625,-1
2024-11-04,0.0291237,1.48777,-1
2024-11-05,0.0214977,1.04983,-1
2024-11-06,0.0301498,1.34919,-1
2024-11-07,0.0218878,0.849061,-1
2024-11-08,0.0223114,0.789869,-1
2024-11-11,0.0240972,0.804843,-1
2024-11-12,0.0166766,0.320413,0
2024-11-13,0.0276588,0.918132,0
2024-11-14,0.0443109,1.98636,0
2024-11-15,0.0507425,2.13478,-1
2024-11-18,0.0461027,1.56111,-1
2024-11-19,0.0514449,1.70487,-1
2024-11-20,0.0454723,1.19268,-1
2024-11-21,0.0320256,0.292117,0
2024-11-22,0.036203,0.483352,0
2024-11-25,0.0380136,0.531251,0
2024-11-26,0.066336,2.45771,-1
2024-11-27,0.0638465,1.94194,-1
2024-11-29,0.0576482,1.33112,-1
2024-12-02,0.0579347,1.23253,-1
2024-12-03,0.055437,1.06342,-1
2024-12-04,0.0612021,1.33515,-1
2024-12-05,0.0604607,1.16072,-1
2024-12-06,0.0438179,-0.0109982,0
2024-12-09,0.059395,0.965213,0
2024-12-10,0.0586249,0.827,0
2024-12-11,0.0582379,0.721029,0
2024-12-12,0.0475791,-0.286012,0
2024-12-13,0.0494097,-0.240517,0
2024-12-16,0.0408419,-1.16726,0
2024-12-17,0.0354902,-1.62127,0
2024-12-18,0.0226699,-2.70833,1
2024-12-19,0.0107722,-3.17365,1
2024-12-20,0.0183996,-1.96336,1
2024-12-23,0.0143703,-2.04621,1
2024-12-24,0.0186851,-1.56541,1
2024-12-26,0.018032,-1.46571,1
2024-12-27,0.0175571,-1.34384,1
2024-12-30,0.0175479,-1.21371,1
2024-12-31,0.0114148,-1.41904,1
2025-01-02,0.0257537,-0.531284,1
2025-01-03,0.0269769,-0.399948,0
2025-01-06,0.0232077,-0.538458,0
2025-01-07,0.0278765,-0.183556,0
2025-01-08,0.048514,1.11911,0
2025-01-10,0.0683217,2.48968,-1
2025-01-13,0.0534193,1.40406,-1
2025-01-14,0.056834,1.664,-1
2025-01-15,0.0467829,0.976617,-1
2025-01-16,0.053002,1.36488,-1
2025-01-17,0.0542666,1.35411,-1
2025-01-21,0.0404545,0.482466,0
2025-01-22,0.0456109,0.719416,0
2025-01-23,0.0355764,0.0698913,0
2025-01-24,0.0458732,0.62281,0
2025-01-27,0.0396451,0.172882,0
2025-01-28,0.0518015,0.873575,0
2025-01-29,0.0406054,0.0696105,0
2025-01-30,0.0344349,-0.424956,0
2025-01-31,0.0141659,-1.9911,0
2025-02-03,0.0120859,-2.20171,1
2025-02-04,0.00916054,-2.18179,1
2025-02-05,0.00809971,-2.00391,1
2025-02-06,0.0145176,-1.44944,1
2025-02-07,0.0141495,-1.37442,1
2025-02-10,0.0138247,-1.25108,1
2025-02-11,0.0170711,-0.973951,1
2025-02-12,0.0320793,-0.0183344,0
2025-02-13,0.0294481,-0.104317,0
2025-02-14,0.0345017,0.263038,0
2025-02-18,0.0203436,-0.596624,0
2025-02-19,0.0246004,-0.218623,0
2025-02-20,0.0174101,-0.689387,0
2025-02-21,0.017408,-0.613188,0
2025-02-24,0.0172681,-0.559319,0
2025-02-25,0.0219,-0.101617,0
2025-02-26,0.0156685,-0.573033,0
2025-02-27,0.018019,-0.263025,0
2025-02-28,0.0182385,-0.135715,0
2025-03-03,0.0169061,-0.226482,0
2025-03-04,0.0114755,-1.02771,0
2025-03-05,0.0237401,0.733876,0
2025-03-06,0.0153122,-0.598754,0
2025-03-07,0.0224795,0.445007,0
2025-03-10,0.00323886,-2.73366,1
2025-03-11,0.0061565,-1.87895,1
2025-03-12,-0.00263395,-2.85365,1
2025-03-13,0.00770648,-1.15569,1
2025-03-14,-0.00161296,-2.12849,1
2025-03-17,-0.00814303,-2.57647,1
2025-03-18,0.00582375,-0.79083,1
2025-03-19,0.00885907,-0.392161,0
2025-03-20,0.00835146,-0.379054,0
2025-03-21,0.0114473,0.0156019,0
2025-03-24,0.00989117,-0.127036,0
2025-03-25,0.00784161,-0.322335,0
2025-03-26,0.00449458,-0.656984,0
2025-03-27,4.81232e-05,-1.13028,0
2025-03-28,-0.0017884,-1.24568,0
2025-03-31,-0.00522343,-1.54677,0
2025-04-01,0.00101035,-0.641097,0
2025-04-02,-0.00751864,-1.59978,0
2025-04-03,-0.0133381,-2.2788,1
2025-04-04,-0.0184959,-2.59652,1
2025-04-07,-0.0251247,-3.1699,1
2025-04-08,-0.0245984,-2.40008,1
2025-04-09,-0.0118788,-0.869266,1
2025-04-10,-0.0283879,-2.26066,1
2025-04-11,-0.0551752,-4.06476,1
2025-04-14,-0.0577253,-3.00662,1
2025-04-15,-0.0581624,-2.39388,1
2025-04-16,-0.0608516,-2.12278,1
2025-04-17,-0.0673242,-2.08961,1
2025-04-21,-0.0788224,-2.24177,1
2025-04-22,-0.0786725,-1.91846,1
2025-04-23,-0.0710898,-1.43018,1
2025-04-24,-0.0635516,-1.03678,1
2025-04-25,-0.0628182,-0.916149,1
2025-04-28,-0.0514541,-0.42544,0
2025-04-29,-0.0523749,-0.388441,0
2025-04-30,-0.0468817,-0.100745,0
2025-05-01,-0.0450795,0.0706661,0
2025-05-02,-0.0317813,0.792876,0
2025-05-05,-0.0229529,1.33129,0
2025-05-06,-0.0354686,0.727615,0
2025-05-07,-0.0317621,0.970488,0
2025-05-08,-0.0358331,0.794191,0
2025-05-09,-0.0361444,0.940727,0
2025-05-12,-0.0306447,1.33365,0
2025-05-13,-0.0272796,1.4069,0
2025-05-14,-0.0216441,1.58365,0
2025-05-15,-0.027054,1.11312,0
2025-05-16,-0.0233988,1.20193,0
2025-05-19,-0.019262,1.31,0
2025-05-20,-0.0123799,1.62114,0
2025-05-21,-0.0113601,1.61272,0
2025-05-22,-0.00603897,1.88033,0
2025-05-23,0.00244232,2.30621,-1
2025-05-27,0.00655674,2.37288,-1
2025-05-28,0.00754977,2.11489,-1
2025-05-29,0.0147536,2.3395,-1
2025-05-30,0.00958132,1.71692,-1
2025-06-02,0.00975432,1.5614,-1
2025-06-03,0.0138394,1.62457,-1
2025-06-04,0.012984,1.39237,-1
2025-06-05,0.0138722,1.30684,-1
2025-06-06,0.0121802,1.09033,-1
2025-06-09,0.00865127,0.800092,-1
2025-06-10,0.00423813,0.459096,0
2025-06-11,-0.00603827,-0.290455,0
2025-06-12,-0.00843704,-0.560523,0
2025-06-13,-0.0237976,-1.79313,0
2025-06-16,-0.0253037,-1.96742,0
2025-06-17,-0.019562,-1.49698,0
2025-06-18,-0.0157897,-1.20778,0
2025-06-20,-0.0198423,-1.4801,0
2025-06-23,-0.00990417,-0.681718,0
2025-06-24,4.07956e-06,0.0440543,0
2025-06-25,-0.00242076,-0.120352,0
2025-06-26,-0.00932472,-0.585622,0
2025-06-27,-0.00763309,-0.404566,0
2025-06-30,0.00344123,0.494597,0
2025-07-01,0.00564933,0.69595,0
2025-07-02,0.00449048,0.632101,0
2025-07-03,-0.00362887,0.0402291,0
2025-07-07,0.000137676,0.434897,0
2025-07-08,0.00964874,1.39909,0
2025-07-09,0.0113551,1.59665,0
2025-07-10,0.00804377,1.25126,0
2025-07-11,0.010377,1.41974,0
2025-07-14,0.000450512,0.434166,0
2025-07-15,0.00338611,0.64637,0
2025-07-16,0.00447191,0.671817,0
2025-07-17,0.0187729,2.0994,-1
2025-07-18,0.0455618,4.69867,-1
2025-07-21,0.0388173,2.66522,-1
2025-07-22,0.0349852,2.00288,-1
2025-07-23,0.0401552,2.09349,-1
2025-07-24,0.0474648,2.24071,-1
2025-07-25,0.0430469,1.65594,-1
2025-07-28,0.0406615,1.35164,-1
2025-07-29,0.0305424,0.669367,-1
2025-07-30,0.0167565,-0.16432,0
2025-07-31,0.00637905,-0.783105,0
2025-08-01,0.0230402,0.151234,0
2025-08-04,0.0411944,1.16464,0
2025-08-05,0.0534476,1.80306,0
2025-08-06,0.056692,1.76908,0
2025-08-07,0.0622441,1.85879,0
2025-08-08,0.0631617,1.68283,0
2025-08-11,0.0602997,1.35018,0
2025-08-12,0.0612133,1.29485,0
2025-08-13,0.0535669,0.779757,0
2025-08-14,0.0491626,0.443828,0
2025-08-15,0.0548239,0.736217,0
2025-08-18,0.0428683,-0.0646347,0
2025-08-19,0.0243475,-1.26104,0
2025-08-20,0.0205148,-1.42651,0
2025-08-21,0.0275942,-0.883851,0
2025-08-22,0.0235149,-1.04873,0
2025-08-25,0.0184599,-1.25209,0
2025-08-26,0.0149046,-1.33889,0
2025-08-27,0.0141754,-1.28562,0
2025-08-28,0.00864126,-1.55547,0
2025-08-29,0.00749931,-1.63714,0
2025-09-02,0.010932,-1.34797,0
2025-09-03,0.0130447,-1.11855,0
2025-09-04,0.00578782,-1.35521,0
2025-09-05,0.0100685,-1.02029,0
2025-09-08,0.00597892,-1.12865,0
2025-09-09,0.00357549,-1.16382,0
2025-09-10,0.00446597,-1.03123,0
2025-09-11,0.0103706,-0.619488,0
2025-09-12,0.00283158,-1.05484,0
2025-09-15,0.0022015,-1.04595,0
2025-09-16,-0.00544546,-1.86421,0
2025-09-17,-0.00736589,-2.18397,1
2025-09-18,-0.00241364,-1.35568,1
2025-09-19,-0.00829306,-1.89139,1
2025-09-22,-0.00164022,-0.98822,1
2025-09-23,-0.0107146,-2.12749,1
2025-09-24,-0.00509035,-1.16737,1
2025-09-25,-0.00482756,-1.03118,1
2025-09-26,-0.0223397,-3.36725,1
2025-09-29,-0.0194862,-2.24897,1
2025-09-30,-0.0104109,-0.975145,1
2025-10-01,-0.00745548,-0.573698,1
2025-10-02,-0.0082707,-0.589993,1
2025-10-03,-0.0248079,-2.41399,1
2025-10-06,-0.0293491,-2.56762,1
2025-10-07,-0.0231753,-1.54602,1
2025-10-08,-0.027364,-1.77804,1
2025-10-09,-0.0294448,-1.76968,1
2025-10-10,-0.0258025,-1.29014,1
2025-10-13,-0.0192428,-0.545511,1
2025-10-14,-0.0160902,-0.147806,0
2025-10-15,-0.0109927,0.439615,0
2025-10-16,-0.00414351,1.19326,0
2025-10-17,-0.0100488,0.581571,0
2025-10-20,-0.00509415,1.13251,0
2025-10-21,-0.00927786,0.716466,0
2025-10-22,-0.0158596,-0.0248124,0
2025-10-23,-0.0203943,-0.486524,0
2025-10-24,-0.020501,-0.427922,0
2025-10-27,-0.0262622,-1.14105,0
2025-10-28,-0.0242774,-0.833816,0
2025-10-29,-0.0298152,-1.4074,0
2025-10-30,-0.0228728,-0.454535,0
2025-10-31,0.00689703,3.27028,-1
2025-11-03,-0.0106635,0.750345,-1
2025-11-04,-0.017702,-0.0492845,0
2025-11-05,-0.0174432,-0.0513312,0
2025-11-06,-0.0223261,-0.628922,0
2025-11-07,-0.0324341,-1.82616,0
2025-11-10,-0.0358929,-2.0631,1
2025-11-11,-0.0441694,-2.59158,1
2025-11-12,-0.0462338,-2.29925,1
2025-11-13,-0.0360802,-1.17525,1
2025-11-14,-0.0352651,-1.00482,1
2025-11-17,-0.0371756,-1.05409,1
2025-11-18,-0.0440853,-1.50034,1
2025-11-19,-0.0398829,-1.02535,1
2025-11-20,-0.0442294,-1.26253,1
2025-11-21,-0.0450656,-1.20095,1
2025-11-24,-0.0350237,-0.349501,0
2025-11-25,-0.0285756,0.154492,0
2025-11-26,-0.0234212,0.550266,0
2025-11-28,-0.0222718,0.606756,0
2025-12-01,-0.018667,0.866582,0
2025-12-02,-0.0214759,0.945219,0
2025-12-03,-0.033176,-0.0797993,0
2025-12-04,-0.0218914,1.18729,0
2025-12-05,-0.0301381,0.353433,0
2025-12-08,-0.0323171,0.163706,0
2025-12-09,-0.0520967,-2.08434,1
2025-12-10,-0.0422962,-0.796687,1
2025-12-11,-0.0449495,-1.08963,1
2025-12-12,-0.0416509,-0.759598,1
2025-12-15,-0.032094,0.267655,0
2025-12-16,-0.0236815,1.11919,0
2025-12-17,-0.0286169,0.525375,0
2025-12-18,-0.0317425,0.137184,0
2025-12-19,-0.0313722,0.135225,0
2025-12-22,-0.0294651,0.278458,0
2025-12-23,-0.0345461,-0.38016,0
2025-12-24,-0.031506,-0.0327249,0
2025-12-26,-0.0323533,-0.11384,0
2025-12-29,-0.0368288,-0.593723,0
2025-12-30,-0.0308218,0.209885,0
2025-12-31,-0.0234901,1.28067,0
2026-01-02,-0.0200163,1.79064,0
2026-01-05,0.00642781,4.90083,-1
2026-01-06,-0.00227123,2.48421,-1
2026-01-07,0.0111702,3.07593,-1
2026-01-08,-0.00157358,1.61397,-1
2026-01-09,0.0016866,1.66781,-1
2026-01-12,0.00768738,1.84464,-1
2026-01-13,-0.00386667,0.960649,-1
2026-01-14,-0.0129727,0.323776,0
2026-01-15,-0.0103116,0.433559,0
2026-01-16,-0.0152245,0.0925208,0
2026-01-20,-0.0245528,-0.525897,0
2026-01-21,-0.0393205,-1.49047,0
2026-01-22,-0.0382908,-1.3571,0
2026-01-23,-0.0463037,-1.76719,0
2026-01-26,-0.0389076,-1.23119,0
2026-01-27,-0.043184,-1.42078,0
2026-01-28,-0.0418795,-1.2749,0
2026-01-29,-0.0542069,-1.89065,0
2026-01-30,-0.0268266,-0.359463,0
2026-02-02,-0.0197973,-0.00782005,0
2026-02-03,-0.0351007,-0.754376,0
2026-02-04,-0.0431911,-1.08377,0
2026-02-05,-0.0416287,-0.901755,0
2026-02-06,-0.0513502,-1.35679,0
2026-02-09,-0.0543792,-1.39888,0
2026-02-10,-0.0563123,-1.40095,0
2026-02-11,-0.0612267,-1.67056,0
2026-02-12,-0.0460975,-0.555404,0
2026-02-13,-0.0271792,0.876717,0
2026-02-17,-0.0181076,1.76689,0
2026-02-18,-0.0301544,0.836349,0
2026-02-19,-0.0260517,1.22663,0
2026-02-20,-0.00459637,2.86516,-1
2026-02-23,-0.0226667,1.06628,-1
2026-02-24,-0.00947194,1.85003,-1
2026-02-25,-0.0135271,1.36919,-1
2026-02-26,-0.00976597,1.45409,-1
2026-02-27,-0.0222258,0.590443,-1
2026-03-02,-0.01803,0.765949,-1
2026-03-03,-0.00584601,1.44111,-1
2026-03-04,-0.00627243,1.31941,-1
2026-03-05,0.0074534,1.93102,-1
2026-03-06,0.00435683,1.52246,-1
2026-03-09,0.00675001,1.47313,-1
2026-03-10,0.00587946,1.29139,-1
2026-03-11,0.0104645,1.4233,-1
2026-03-12,0.0227416,2.00519,-1
2026-03-13,0.0043101,0.863076,-1
2026-03-16,-0.00285944,0.32267,0
2026-03-17,-0.00724973,-0.0622113,0
2026-03-18,0.00385804,0.7081,0
2026-03-19,0.0136174,1.41123,0
2026-03-20,0.0049062,0.585389,0
2026-03-23,0.011955,1.12248,0
2026-03-24,-0.00724282,-0.637424,0
2026-03-25,-0.00165033,-0.159719,0
2026-03-26,-0.00254189,-0.302546,0
2026-03-27,-0.0201017,-1.99153,0
2026-03-30,-0.0240001,-2.42121,1
2026-03-31,-0.0297882,-2.77596,1
2026-04-01,-0.0197216,-1.49998,1
2026-04-02,-0.0107787,-0.721772,1
2026-04-06,-0.0273526,-1.86858,1
2026-04-07,-0.0166516,-0.899457,1
2026-04-08,-0.00993836,-0.360843,0
2026-04-09,-0.0145817,-0.628942,0
2026-04-10,-0.00667659,-0.00162101,0
2026-04-13,0.00902058,1.3778,0
2026-04-14,0.00707586,1.1753,0
2026-04-15,-0.00254937,0.368917,0
2026-04-16,-0.00552305,0.124059,0
2026-04-17,0.0104011,1.39493,0
2026-04-20,-0.00232381,0.431443,0
2026-04-21,0.00734783,1.2516,0
2026-04-22,0.00113784,0.791394,0
2026-04-23,0.000785916,0.716191,0
2026-04-24,-0.000715106,0.579587,0
2026-04-27,0.00193221,0.784494,0
2026-04-28,0.00437302,0.906167,0
2026-04-29,-0.00329426,0.165516,0
2026-04-30,0.00445659,0.824142,0
2026-05-01,0.00118037,0.404191,0
2026-05-04,0.0032517,0.567386,0
2026-05-05,-0.00280015,-0.303511,0
2026-05-06,0.000148163,0.00316776,0
2026-05-07,0.000565888,-0.0112687,0
2026-05-08,0.00971478,1.77467,0
2026-05-11,-0.00909591,-2.43691,1
2026-05-12,-0.00877877,-2.01875,1
2026-05-13,-0.0143603,-2.81651,1
2026-05-14,-0.0183975,-2.94614,1
2026-05-15,-0.0347724,-4.61972,1
2026-05-18,-0.0245539,-2.12084,1
2026-05-19,-0.0219792,-1.58944,1
2026-05-20,-0.0109559,-0.4656,0
2026-05-21,-0.00574797,0.0361251,0
2026-05-22,-0.00101969,0.479081,0
2026-05-26,-0.00172313,0.419114,0
2026-05-27,-0.000896288,0.512672,0
2026-05-28,0.00880843,1.4215,0
2026-05-29,0.0170675,2.01583,-1
2026-06-01,0.0059514,0.93061,-1
2026-06-02,0.0133179,1.47761,-1
2026-06-03,0.00408592,0.682752,-1
2026-06-04,0.000235426,0.36264,0
2026-06-05,0.0089407,1.01089,0
2026-06-08,0.00626186,0.763155,0
2026-06-09,0.0122273,1.22518,0
2026-06-10,0.0157646,1.36314,0
2026-06-11,0.0218248,1.64267,0
2026-06-12,0.0253006,1.68432,0
2026-06-15,0.0309907,1.86668,0
2026-06-16,0.0215062,1.13899,0
2026-06-17,0.0149822,0.579273,0
2026-06-18,0.0138533,0.410517,0
2026-06-22,0.0163589,0.582203,0
2026-06-23,0.0116355,-0.00612581,0
2026-06-24,0.00663886,-0.653075,0
2026-06-25,0.00602802,-0.82077,0
2026-06-26,0.00656736,-0.846282,0
2026-06-29,-0.00480356,-2.28318,1
2026-06-30,-0.0249925,-4.2539,1
2026-07-01,-0.0211342,-2.63773,1
2026-07-02,-0.00609391,-1.06454,1
2026-07-06,-0.00733643,-1.08937,1
2026-07-07,-0.0116838,-1.33924,1
2026-07-08,0.00349691,-0.211469,0
2026-07-09,0.0191952,0.834837,0
2026-07-10,0.0209606,0.915376,0
2026-07-13,0.011313,0.266678,0
2026-07-14,0.00451142,-0.139911,0
2026-07-15,0.00748193,0.129258,0
2026-07-16,0.00908914,0.350784,0
2026-07-17,0.0172401,1.05493,0
2026-07-20,0.0215666,1.37349,0
