date,spread,zscore,position
2006-02-01,-0.033864,-2.8712,1
2006-02-02,-0.0371062,-2.45307,1
2006-02-03,-0.0457386,-2.40721,1
2006-02-06,-0.0317944,-1.48016,1
2006-02-07,-0.0282508,-1.19703,1
2006-02-08,-0.0282218,-1.08898,1
2006-02-09,-0.0379156,-1.32639,1
2006-02-10,-0.0350855,-1.10346,1
2006-02-13,-0.0376706,-1.08158,1
2006-02-14,-0.044903,-1.21227,1
2006-02-15,-0.0440083,-1.06704,1
2006-02-16,-0.0458483,-1.02402,1
2006-02-17,-0.0353163,-0.591123,1
2006-02-21,-0.0259761,-0.201245,0
2006-02-22,-0.0294497,-0.238753,0
2006-02-23,-0.0242738,0.0966317,0
2006-02-24,-0.024877,0.271484,0
2006-02-27,-0.0264275,0.471044,0
2006-02-28,-0.028428,0.632264,0
2006-03-01,-0.0307325,0.458625,0
2006-03-02,-0.0428978,-1.27339,0
2006-03-03,-0.0456629,-1.53589,0
2006-03-06,-0.0495294,-1.89444,0
2006-03-07,-0.0569664,-2.70789,1
2006-03-08,-0.0583241,-2.33803,1
2006-03-09,-0.0576743,-1.90743,1
2006-03-10,-0.0687505,-2.65541,1
2006-03-13,-0.0561015,-1.19147,1
2006-03-14,-0.0539063,-0.91509,1
2006-03-15,-0.0545808,-0.889205,1
2006-03-16,-0.0426478,0.0244754,0
2006-03-17,-0.0430933,-0.0126222,0
2006-03-20,-0.044445,-0.120381,0
2006-03-21,-0.0485776,-0.389383,0
2006-03-22,-0.0552332,-0.827134,0
2006-03-23,-0.0559209,-0.798298,0
2006-03-24,-0.0381941,0.753278,0
2006-03-27,-0.0290341,1.71062,0
2006-03-28,-0.0296862,1.70262,0
2006-03-29,-0.0216872,2.47771,-1
2006-03-30,-0.0212075,2.28181,-1
2006-03-31,-0.0263576,1.55591,-1
2006-04-03,-0.0226924,1.66567,-1
2006-04-04,-0.0243108,1.36339,-1
2006-04-05,-0.0207443,1.46305,-1
2006-04-06,-0.0211692,1.2848,-1
2006-04-07,-0.0221348,1.0979,-1
2006-04-10,-0.0136264,1.64035,-1
2006-04-11,-0.0189246,1.10182,-1
2006-04-12,-0.0238413,0.646281,-1
2006-04-13,-0.0235401,0.594583,-1
2006-04-17,-0.0220622,0.64476,-1
2006-04-18,-0.0192137,0.802924,-1
2006-04-19,-0.0284136,-0.0419962,0
2006-04-20,-0.0388744,-1.08653,0
2006-04-21,-0.0312092,-0.552729,0
2006-04-24,-0.0303936,-0.888659,0
2006-04-25,-0.0330183,-1.53655,0
2006-04-26,-0.0232295,0.245392,0
2006-04-27,-0.0167456,1.33227,0
2006-04-28,-0.00972602,2.42626,-1
2006-05-01,-0.0124691,1.64433,-1
2006-05-02,-0.0050447,2.49893,-1
2006-05-03,-0.00592757,1.96463,-1
2006-05-04,0.00268696,2.67211,-1
2006-05-05,-0.00216529,1.71063,-1
2006-05-08,-0.00324186,1.41584,-1
2006-05-09,0.00688831,2.14875,-1
2006-05-10,0.00326224,1.57629,-1
2006-05-11,0.00693345,1.6773,-1
2006-05-12,0.00426748,1.29421,-1
2006-05-15,-0.00544564,0.505215,-1
2006-05-16,0.00274571,1.01034,-1
2006-05-17,0.00480803,1.0577,-1
2006-05-18,0.00539918,0.999189,-1
2006-05-19,-0.0075263,-0.0335068,0
2006-05-22,-0.0170761,-0.930553,0
2006-05-23,-0.0129147,-0.704796,0
2006-05-24,-0.0169027,-1.41507,0
2006-05-25,-0.00719829,-0.394197,0
2006-05-26,-0.00244198,0.12654,0
2006-05-30,-0.00386151,-0.103216,0
2006-05-31,0.0074679,1.3718,0
2006-06-01,0.00747026,1.23527,0
2006-06-02,0.0117192,1.65374,0
2006-06-05,0.0138318,1.75604,0
2006-06-06,0.00110947,0.133411,0
2006-06-07,-0.0035793,-0.413213,0
2006-06-08,-0.00383384,-0.388023,0
2006-06-09,0.00302714,0.427137,0
2006-06-12,0.0133224,1.63831,0
2006-06-13,0.0259243,2.86669,-1
2006-06-14,0.024815,2.18752,-1
2006-06-15,0.0302715,2.32491,-1
2006-06-16,0.0233307,1.45966,-1
2006-06-19,0.0261496,1.52182,-1
2006-06-20,0.0261496,1.35682,-1
2006-06-21,0.0282262,1.38863,-1
2006-06-22,0.036225,1.83054,-1
2006-06-23,0.0349117,1.59379,-1
2006-06-26,0.0393886,1.76766,-1
2006-06-27,0.0328522,1.11135,-1
2006-06-28,0.0300594,0.812797,-1
2006-06-29,0.0280906,0.589108,-1
2006-06-30,0.037771,1.24489,-1
2006-07-03,0.0363001,1.01481,-1
2006-07-05,0.0479443,1.75986,-1
2006-07-06,0.0353896,0.687763,-1
2006-07-07,0.0403354,1.0332,-1
2006-07-10,0.0464852,1.66943,-1
2006-07-11,0.0480717,1.92288,-1
2006-07-12,0.0416164,0.99595,-1
2006-07-13,0.0411844,0.844768,-1
2006-07-14,0.0506699,2.04222,-1
2006-07-17,0.0411629,0.573869,-1
2006-07-18,0.0424184,0.667188,-1
2006-07-19,0.0483598,1.43725,-1
2006-07-20,0.044306,0.729683,-1
2006-07-21,0.0357251,-0.706033,0
2006-07-24,0.0421816,0.320967,0
2006-07-25,0.0467851,1.00892,0
2006-07-26,0.0423993,0.237963,0
2006-07-27,0.0476901,1.04081,0
2006-07-28,0.0148934,-4.87162,1
2006-07-31,0.000175508,-5.35072,1
2006-08-01,0.00103456,-3.20416,1
2006-08-02,-0.00744664,-3.05676,1
2006-08-03,-0.0130422,-2.71415,1
2006-08-04,-0.015118,-2.30378,1
2006-08-07,-0.00502757,-1.5047,1
2006-08-08,-6.47779e-05,-1.13622,1
2006-08-09,0.00381374,-0.867988,1
2006-08-10,-0.00328779,-1.07675,1
2006-08-11,-0.00131451,-0.894977,1
2006-08-14,-0.00649593,-1.02254,1
2006-08-15,-0.00148258,-0.718059,1
2006-08-16,0.000296532,-0.566689,1
2006-08-17,0.00427441,-0.314256,0
2006-08-18,0.00653541,-0.131622,0
2006-08-21,-0.00914251,-0.846582,0
2006-08-22,-0.0194864,-1.32618,0
2006-08-23,-0.0246242,-1.59272,0
2006-08-24,-0.0237844,-1.51701,0
2006-08-25,-0.0192113,-1.39656,0
2006-08-28,-0.023848,-1.80143,0
2006-08-29,-0.0206512,-1.26247,0
2006-08-30,-0.013464,-0.438611,0
2006-08-31,-0.0166954,-0.7208,0
2006-09-01,-0.0161657,-0.645373,0
2006-09-05,0.00147836,1.04916,0
2006-09-06,0.00298445,1.13554,0
2006-09-07,-0.00157255,0.685347,0
2006-09-08,-0.00712661,0.203694,0
2006-09-11,-0.0148551,-0.512121,0
2006-09-12,-0.0211627,-1.05997,0
2006-09-13,-0.014819,-0.370029,0
2006-09-14,-0.0106178,0.0896,0
2006-09-15,-0.0139205,-0.181323,0
2006-09-18,-0.0212808,-0.890823,0
2006-09-19,-0.0249341,-1.28031,0
2006-09-20,-0.0206463,-0.645755,0
2006-09-21,-0.0116639,0.422008,0
2006-09-22,-0.015377,-0.0947371,0
2006-09-25,-0.0137417,0.0548841,0
2006-09-26,-0.0114696,0.310047,0
2006-09-27,-0.0120585,0.163388,0
2006-09-28,-0.0116735,0.161761,0
2006-09-29,-0.00139869,1.55514,0
2006-10-02,-0.00536723,0.865119,0
2006-10-03,-0.00678134,0.604681,0
2006-10-04,-0.0123579,-0.0670464,0
2006-10-05,-0.0197881,-1.13242,0
2006-10-06,-0.0261067,-2.11617,1
2006-10-09,-0.0187335,-0.66612,1
2006-10-10,-0.0177499,-0.475555,0
2006-10-11,-0.0206594,-0.975814,0
2006-10-12,-0.0223274,-1.16715,0
2006-10-13,-0.0301818,-2.25144,1
2006-10-16,-0.0370363,-2.8392,1
2006-10-17,-0.0330491,-1.85791,1
2006-10-18,-0.034795,-1.8896,1
2006-10-19,-0.0266212,-0.852694,1
2006-10-20,-0.0296221,-1.07305,1
2006-10-23,-0.0292523,-0.942346,1
2006-10-24,-0.00997324,0.998911,0
2006-10-25,-0.0150837,0.496365,0
2006-10-26,-0.0245396,-0.396943,0
2006-10-27,-0.0197139,0.133281,0
2006-10-30,-0.0305316,-0.940393,0
2006-10-31,-0.0262899,-0.363398,0
2006-11-01,-0.0246823,-0.062015,0
2006-11-02,-0.0144298,1.50805,0
2006-11-03,-0.0109948,1.88407,0
2006-11-06,-0.00872516,1.93376,0
2006-11-07,-0.0160745,0.8576,0
2006-11-08,-0.0285047,-0.620177,0
2006-11-09,-0.029051,-0.634113,0
2006-11-10,-0.0360321,-1.39741,0
2006-11-13,-0.0245818,-0.037034,0
2006-11-14,-0.0244147,-0.0933032,0
2006-11-15,-0.0276629,-0.548373,0
2006-11-16,-0.0199446,0.373062,0
2006-11-17,-0.0173938,0.661163,0
2006-11-20,-0.00673009,1.98965,0
2006-11-21,-0.00540841,1.89058,0
2006-11-22,-0.00793158,1.48348,0
2006-11-24,-0.0118561,0.937341,0
2006-11-27,-0.0143658,0.575339,0
2006-11-28,-0.0203548,-0.118334,0
2006-11-29,-0.0278313,-1.0421,0
2006-11-30,-0.0199839,-0.129452,0
2006-12-01,-0.0140174,0.530223,0
2006-12-04,-0.0158097,0.320678,0
2006-12-05,-0.0133055,0.648643,0
2006-12-06,0.00333205,2.69966,-1
2006-12-07,0.00769704,2.66354,-1
2006-12-08,0.00367714,1.82509,-1
2006-12-11,0.0173467,2.81498,-1
2006-12-12,0.00802791,1.62547,-1
2006-12-13,0.00147124,0.930304,-1
2006-12-14,0.0053795,1.15347,-1
2006-12-15,0.0153085,1.87682,-1
2006-12-18,0.010391,1.25936,-1
2006-12-19,0.00731681,0.897072,-1
2006-12-20,0.00747331,0.839232,-1
2006-12-21,0.00442782,0.549113,-1
2006-12-22,0.00345633,0.42872,0
2006-12-26,0.000221823,0.13132,0
2006-12-27,0.00163443,0.187811,0
2006-12-28,0.00023233,-0.00649993,0
2006-12-29,-0.00112238,-0.281381,0
2007-01-03,-0.0042244,-0.787736,0
2007-01-04,0.00431341,0.145946,0
2007-01-05,0.00125941,-0.436136,0
2007-01-08,0.0217551,3.1974,-1
2007-01-09,0.0176959,1.83924,-1
2007-01-10,0.0151406,1.26508,-1
2007-01-11,0.00484919,-0.28039,0
2007-01-12,0.00610786,-0.0209589,0
2007-01-16,0.0102002,0.596049,0
2007-01-17,0.0154317,1.30951,0
2007-01-18,0.0235388,2.34097,-1
2007-01-19,0.0222166,1.90157,-1
2007-01-22,0.0152097,0.847568,-1
2007-01-23,0.012986,0.526448,-1
2007-01-24,0.0115298,0.321579,0
2007-01-25,0.0112237,0.245839,0
2007-01-26,0.00976107,0.0296933,0
2007-01-29,0.0155821,0.684978,0
2007-01-30,0.0212892,1.32369,0
2007-01-31,0.0224623,1.34922,0
2007-02-01,0.0313397,2.39698,-1
2007-02-02,0.0196426,0.64888,-1
2007-02-05,0.014463,-0.136911,0
2007-02-06,0.0115772,-0.700129,0
2007-02-07,0.00609234,-1.48195,0
2007-02-08,0.0126341,-0.355695,0
2007-02-09,0.00986617,-0.745317,0
2007-02-12,0.00413747,-1.70683,0
2007-02-13,0.000208795,-2.24495,1
2007-02-14,-0.00337257,-2.44343,1
2007-02-15,-0.0116051,-3.01892,1
2007-02-16,-0.0187009,-3.1378,1
2007-02-20,-0.0230835,-2.84224,1
2007-02-21,-0.0244903,-2.37786,1
2007-02-22,-0.0179791,-1.56361,1
2007-02-23,-0.0141363,-1.1542,1
2007-02-26,-0.011675,-0.89959,1
2007-02-27,-0.00520856,-0.439677,0
2007-02-28,-0.00406279,-0.314454,0
2007-03-01,-0.00822685,-0.508571,0
2007-03-02,-0.00683969,-0.343643,0
2007-03-05,-0.0118297,-0.635373,0
2007-03-06,-0.00732738,-0.185272,0
2007-03-07,-0.0062993,-0.00889683,0
2007-03-08,-0.0072291,-0.0131328,0
2007-03-09,0.00279128,1.08386,0
2007-03-12,0.0114407,2.2228,-1
2007-03-13,0.0101414,2.02727,-1
2007-03-14,0.00195944,1.02966,-1
2007-03-15,0.0144814,2.31094,-1
2007-03-16,0.0143646,1.96464,-1
2007-03-19,0.016267,1.86154,-1
2007-03-20,0.0137139,1.42991,-1
2007-03-21,0.0155816,1.46564,-1
2007-03-22,0.0228181,2.00568,-1
2007-03-23,0.0247755,1.95348,-1
2007-03-26,0.0284459,2.0319,-1
2007-03-27,0.0222793,1.29068,-1
2007-03-28,0.0229828,1.21714,-1
2007-03-29,0.0259955,1.33028,-1
2007-03-30,0.0227711,0.957381,-1
2007-04-02,0.0254082,1.07996,-1
2007-04-03,0.0241087,0.897992,-1
2007-04-04,0.0229964,0.722809,-1
2007-04-05,0.0224125,0.596484,-1
2007-04-09,0.0260975,1.03158,-1
2007-04-10,0.0367754,2.54113,-1
2007-04-11,0.0405502,2.62211,-1
2007-04-12,0.0407078,2.21409,-1
2007-04-13,0.038383,1.80517,-1
2007-04-16,0.0400405,1.80416,-1
2007-04-17,0.0383548,1.40519,-1
2007-04-18,0.038385,1.27396,-1
2007-04-19,0.0351578,0.773477,-1
2007-04-20,0.0279904,-0.267148,0
2007-04-23,0.0233941,-0.943741,0
2007-04-24,0.0247981,-0.734211,0
2007-04-25,0.0243944,-0.755196,0
2007-04-26,0.0150122,-2.06648,1
2007-04-27,0.0160162,-1.73144,1
2007-04-30,0.0241592,-0.59595,1
2007-05-01,0.0279272,-0.158559,0
2007-05-02,0.0296825,0.0358729,0
2007-05-03,0.0309503,0.156137,0
2007-05-04,0.0292366,-0.10152,0
2007-05-07,0.0294053,-0.125871,0
2007-05-08,0.0287366,-0.233144,0
2007-05-09,0.0245066,-0.733111,0
2007-05-10,0.0250011,-0.588638,0
2007-05-11,0.0262299,-0.337111,0
2007-05-14,0.0363087,1.2674,0
2007-05-15,0.0360052,1.31245,0
2007-05-16,0.039409,1.93294,0
2007-05-17,0.0442645,2.68019,-1
2007-05-18,0.0440773,2.26297,-1
2007-05-21,0.0400111,1.40108,-1
2007-05-22,0.0416656,1.45886,-1
2007-05-23,0.0295619,-0.128757,0
2007-05-24,0.0201461,-1.2924,0
2007-05-25,0.0201995,-1.39182,0
2007-05-29,0.0253694,-0.800453,0
2007-05-30,0.0282527,-0.4274,0
2007-05-31,0.0285723,-0.387057,0
2007-06-01,0.0254804,-0.793389,0
2007-06-04,0.0363653,0.692451,0
2007-06-05,0.031083,-0.0517208,0
2007-06-06,0.0270279,-0.59418,0
2007-06-07,0.026786,-0.611265,0
2007-06-08,0.0244193,-0.945932,0
2007-06-11,0.0282545,-0.434639,0
2007-06-12,0.0307933,-0.115222,0
2007-06-13,0.0223001,-1.21658,0
2007-06-14,0.020401,-1.34656,0
2007-06-15,0.0172973,-1.61915,0
2007-06-18,0.0152247,-1.78794,0
2007-06-19,0.0198647,-1.02051,0
2007-06-20,0.0262481,0.0460645,0
2007-06-21,0.0320737,1.31768,0
2007-06-22,0.0368945,2.15808,-1
2007-06-25,0.0556757,5.08311,-1
2007-06-26,0.0591361,3.61731,-1
2007-06-27,0.0540002,2.20461,-1
2007-06-28,0.0560613,2.04197,-1
2007-06-29,0.0535412,1.57265,-1
2007-07-02,0.0535094,1.39478,-1
2007-07-03,0.0611355,1.78635,-1
2007-07-05,0.0661799,1.88392,-1
2007-07-06,0.0642711,1.52855,-1
2007-07-09,0.073917,1.89867,-1
2007-07-10,0.0787662,1.9101,-1
2007-07-11,0.0894468,2.18482,-1
2007-07-12,0.0916859,1.95979,-1
2007-07-13,0.0843775,1.4042,-1
2007-07-16,0.0780957,1.00505,-1
2007-07-17,0.0735596,0.718151,-1
2007-07-18,0.0729557,0.618786,-1
2007-07-19,0.0600777,-0.166458,0
2007-07-20,0.054245,-0.664699,0
2007-07-23,0.0434691,-1.5888,0
2007-07-24,0.0409327,-1.87845,0
2007-07-25,0.033662,-2.2042,1
2007-07-26,0.0421626,-1.37259,1
2007-07-27,0.0453582,-1.0955,1
2007-07-30,0.0549576,-0.474938,0
2007-07-31,0.051273,-0.696441,0
2007-08-01,0.0421855,-1.21801,0
2007-08-02,0.0345062,-1.55478,0
2007-08-03,0.0355436,-1.33184,0
2007-08-06,0.0307616,-1.45003,0
2007-08-07,0.0201217,-1.8243,0
2007-08-08,0.00934247,-2.11921,1
2007-08-09,0.0150532,-1.61871,1
2007-08-10,0.0326657,-0.655375,1
2007-08-13,0.0393372,-0.22573,0
2007-08-14,0.036891,-0.280988,0
2007-08-15,0.040137,0.0240838,0
2007-08-16,0.0600575,1.70669,0
2007-08-17,0.0551735,1.32675,0
2007-08-20,0.056965,1.4555,0
2007-08-21,0.0659069,1.99869,0
2007-08-22,0.0737665,2.27037,-1
2007-08-23,0.0728549,1.86061,-1
2007-08-24,0.0708624,1.52078,-1
2007-08-27,0.0747908,1.57997,-1
2007-08-28,0.0676529,1.08974,-1
2007-08-29,0.0700871,1.13873,-1
2007-08-30,0.0737968,1.21517,-1
2007-08-31,0.0765832,1.22575,-1
2007-09-04,0.070803,0.844301,-1
2007-09-05,0.0667352,0.575586,-1
2007-09-06,0.0701765,0.668367,-1
2007-09-07,0.0751036,0.894668,-1
2007-09-10,0.0783239,1.10979,-1
2007-09-11,0.0724436,0.597535,-1
2007-09-12,0.0713289,0.427934,0
2007-09-13,0.0707268,0.281852,0
2007-09-14,0.0763787,1.07793,0
2007-09-17,0.073049,0.426672,0
2007-09-18,0.0724972,0.229589,0
2007-09-19,0.0769264,1.4552,0
2007-09-20,0.0778786,1.67836,0
2007-09-21,0.0826611,2.97631,-1
2007-09-24,0.083576,2.58653,-1
2007-09-25,0.0546266,-4.35036,0
2007-09-26,0.0571587,-2.55404,1
2007-09-27,0.0616493,-1.53619,1
2007-09-28,0.0666717,-0.728022,1
2007-10-01,0.061406,-1.36834,1
2007-10-02,0.0590611,-1.52775,1
2007-10-03,0.0569111,-1.63476,1
2007-10-04,0.0651892,-0.540321,1
2007-10-05,0.0657341,-0.446539,0
2007-10-08,0.06491,-0.489828,0
2007-10-09,0.057153,-1.33092,0
2007-10-10,0.0445759,-2.61677,1
2007-10-11,0.0376696,-2.81584,1
2007-10-12,0.0336462,-2.59407,1
2007-10-15,0.0298976,-2.4194,1
2007-10-16,0.0427712,-1.17066,1
2007-10-17,0.0401237,-1.22976,1
2007-10-18,0.0285286,-1.87196,1
2007-10-19,0.0239176,-1.95383,1
2007-10-22,0.027572,-1.53658,1
2007-10-23,0.0283162,-1.40122,1
2007-10-24,0.031055,-1.07994,1
2007-10-25,0.051637,0.339336,0
2007-10-26,0.0494954,0.239782,0
2007-10-29,0.0482554,0.226227,0
2007-10-30,0.0435028,-0.0584816,0
2007-10-31,0.0502764,0.496807,0
2007-11-01,0.0603139,1.28713,0
2007-11-02,0.060253,1.33974,0
2007-11-05,0.0632267,1.65016,0
2007-11-06,0.0577976,1.23585,0
2007-11-07,0.053881,0.911501,0
2007-11-08,0.0481329,0.399511,0
2007-11-09,0.054567,0.870779,0
2007-11-12,0.0575646,1.02649,0
2007-11-13,0.049293,0.261523,0
2007-11-14,0.054498,0.656388,0
2007-11-15,0.0517355,0.373677,0
2007-11-16,0.0661751,1.54058,0
2007-11-19,0.0663797,1.48483,0
2007-11-20,0.0578368,0.556686,0
2007-11-21,0.0416995,-1.47451,0
2007-11-23,0.0385832,-2.28505,1
2007-11-26,0.0338065,-2.57167,1
2007-11-27,0.0321249,-2.33781,1
2007-11-28,0.0355811,-1.65209,1
2007-11-29,0.0340327,-1.68278,1
2007-11-30,0.0417135,-0.817195,1
2007-12-03,0.0458784,-0.364409,0
2007-12-04,0.0460848,-0.287643,0
2007-12-05,0.0507871,0.232063,0
2007-12-06,0.057603,0.939298,0
2007-12-07,0.0523624,0.401787,0
2007-12-10,0.0550984,0.643109,0
2007-12-11,0.0535096,0.486862,0
2007-12-12,0.0569088,0.844962,0
2007-12-13,0.0625939,1.33834,0
2007-12-14,0.0673363,1.69069,0
2007-12-17,0.0586959,0.768286,0
2007-12-18,0.0557342,0.566431,0
2007-12-19,0.0524431,0.337181,0
2007-12-20,0.0576392,0.871515,0
2007-12-21,0.0654784,1.5449,0
2007-12-24,0.0677682,1.59591,0
2007-12-26,0.0597711,0.694798,0
2007-12-27,0.0599088,0.64042,0
2007-12-28,0.0580465,0.350405,0
2007-12-31,0.0552127,-0.152429,0
2008-01-02,0.0584645,0.252275,0
2008-01-03,0.0673903,1.80351,0
2008-01-04,0.0721881,2.62889,-1
2008-01-07,0.0681065,1.48977,-1
2008-01-08,0.0676989,1.26248,-1
2008-01-09,0.0692735,1.41839,-1
2008-01-10,0.0609543,-0.126985,0
2008-01-11,0.061935,-0.0259069,0
2008-01-14,0.0589193,-0.621606,0
2008-01-15,0.0489134,-2.38805,1
2008-01-16,0.0531964,-1.30923,1
2008-01-17,0.0415012,-3.05259,1
2008-01-18,0.0366547,-3.08243,1
2008-01-22,0.040181,-2.1029,1
2008-01-23,0.0309824,-2.72518,1
2008-01-24,0.0287677,-2.39967,1
2008-01-25,0.0298533,-1.93136,1
2008-01-28,0.0288717,-1.74522,1
2008-01-29,0.0262971,-1.70551,1
2008-01-30,0.0316253,-1.1691,1
2008-01-31,0.0271144,-1.33774,1
2008-02-01,0.0151266,-1.90878,1
2008-02-04,0.0151671,-1.67493,1
2008-02-05,0.0254173,-0.938846,1
2008-02-06,0.00497569,-2.0586,1
2008-02-07,0.0112274,-1.47197,1
2008-02-08,0.0199377,-0.846449,1
2008-02-11,0.0168844,-0.96754,1
2008-02-12,0.0120411,-1.24824,1
2008-02-13,0.0188321,-0.659221,1
2008-02-14,0.0268819,0.0974212,0
2008-02-15,0.0380511,1.37934,0
2008-02-19,0.0342575,1.04339,0
2008-02-20,0.0398625,1.66587,0
2008-02-21,0.0346679,1.12106,0
2008-02-22,0.0394116,1.57569,0
2008-02-25,0.0383047,1.32985,0
2008-02-26,0.0408188,1.47937,0
2008-02-27,0.0473471,1.94288,0
2008-02-28,0.0564824,2.45151,-1
2008-02-29,0.0556006,1.99796,-1
2008-03-03,0.053623,1.59892,-1
2008-03-04,0.0599703,1.83085,-1
2008-03-05,0.0778833,2.71041,-1
2008-03-06,0.0968598,3.2019,-1
2008-03-07,0.0908979,2.29007,-1
2008-03-10,0.0850139,1.71873,-1
2008-03-11,0.0764357,1.16862,-1
2008-03-12,0.0680352,0.709521,-1
2008-03-13,0.0595311,0.251151,0
2008-03-14,0.0525537,-0.167207,0
2008-03-17,0.0403382,-0.871057,0
2008-03-18,0.033259,-1.24812,0
2008-03-19,0.028091,-1.5078,0
2008-03-20,0.0375755,-0.953081,0
2008-03-24,0.0363967,-1.02694,0
2008-03-25,0.0511601,-0.277916,0
2008-03-26,0.0441602,-0.671841,0
2008-03-27,0.0382198,-0.988643,0
2008-03-28,0.0504598,-0.333613,0
2008-03-31,0.0678749,0.554344,0
2008-04-01,0.0564118,-0.0499538,0
2008-04-02,0.0487239,-0.439351,0
2008-04-03,0.0542931,-0.13378,0
2008-04-04,0.0524757,-0.170482,0
2008-04-07,0.0530113,-0.034279,0
2008-04-08,0.0569139,0.356918,0
2008-04-09,0.0634197,1.05666,0
2008-04-10,0.06114,1.02034,0
2008-04-11,0.0622655,1.20407,0
2008-04-14,0.0561671,0.616254,0
2008-04-15,0.0540766,0.405177,0
2008-04-16,0.0514019,0.101374,0
2008-04-17,0.0469668,-0.422364,0
2008-04-18,0.0534207,0.148156,0
2008-04-21,0.0455855,-0.941649,0
2008-04-22,0.0584984,0.724746,0
2008-04-23,0.0650159,1.58503,0
2008-04-24,0.0595251,0.659615,0
2008-04-25,0.0641223,1.36546,0
2008-04-28,0.0621746,0.910505,0
2008-04-29,0.09303,6.41774,-1
2008-04-30,0.0944121,3.62391,-1
2008-05-01,0.117411,4.51357,-1
2008-05-02,0.122376,3.29762,-1
2008-05-05,0.126598,2.71527,-1
2008-05-06,0.133555,2.47763,-1
2008-05-07,0.130519,1.94793,-1
2008-05-08,0.140926,2.0214,-1
2008-05-09,0.148112,1.95312,-1
2008-05-12,0.143783,1.57308,-1
2008-05-13,0.142279,1.35916,-1
2008-05-14,0.1397,1.1556,-1
2008-05-15,0.139388,1.03873,-1
2008-05-16,0.143994,1.06871,-1
2008-05-19,0.144487,0.986622,-1
2008-05-20,0.151109,1.10427,-1
2008-05-21,0.159575,1.27737,-1
2008-05-22,0.160792,1.21725,-1
2008-05-23,0.168252,1.41804,-1
2008-05-27,0.166413,1.30377,-1
2008-05-28,0.168052,1.45566,-1
2008-05-29,0.164014,1.18848,-1
2008-05-30,0.17335,1.81885,-1
2008-06-02,0.185972,2.51281,-1
2008-06-03,0.194066,2.67735,-1
2008-06-04,0.174841,1.14522,-1
2008-06-05,0.175812,1.09626,-1
2008-06-06,0.198577,2.38708,-1
2008-06-09,0.190444,1.56705,-1
2008-06-10,0.179136,0.791854,-1
2008-06-11,0.177705,0.634108,-1
2008-06-12,0.180995,0.745294,-1
2008-06-13,0.180236,0.623634,-1
2008-06-16,0.185198,0.877699,-1
2008-06-17,0.187105,0.945002,-1
2008-06-18,0.184644,0.69353,-1
2008-06-19,0.182892,0.467704,0
2008-06-20,0.190381,1.12872,0
2008-06-23,0.184059,0.384542,0
2008-06-24,0.188449,0.798223,0
2008-06-25,0.188186,0.691334,0
2008-06-26,0.181591,-0.21626,0
2008-06-27,0.184022,-0.0245943,0
2008-06-30,0.180036,-0.780535,0
2008-07-01,0.177121,-1.20108,0
2008-07-02,0.170568,-2.22783,1
2008-07-03,0.173444,-1.58928,1
2008-07-07,0.169492,-2.14513,1
2008-07-08,0.170094,-1.93736,1
2008-07-09,0.16879,-1.92864,1
2008-07-10,0.173536,-0.993236,1
2008-07-11,0.137628,-6.14207,1
2008-07-14,0.144252,-2.86866,1
2008-07-15,0.144423,-2.27733,1
2008-07-16,0.126325,-3.09828,1
2008-07-17,0.123716,-2.57084,1
2008-07-18,0.113685,-2.59789,1
2008-07-21,0.106702,-2.427,1
2008-07-22,0.0932637,-2.55412,1
2008-07-23,0.079916,-2.56543,1
2008-07-24,0.0742912,-2.3037,1
2008-07-25,0.070386,-2.07186,1
2008-07-28,0.081686,-1.49684,1
2008-07-29,0.083287,-1.30423,1
2008-07-30,0.0945431,-0.890408,1
2008-07-31,0.109472,-0.410279,0
2008-08-01,0.115085,-0.188417,0
2008-08-04,0.135618,0.482881,0
2008-08-05,0.110024,-0.224809,0
2008-08-06,0.135055,0.689085,0
2008-08-07,0.132651,0.721935,0
2008-08-08,0.128358,0.731401,0
2008-08-11,0.126537,0.688472,0
2008-08-12,0.1363,1.18674,0
2008-08-13,0.151778,1.93419,0
2008-08-14,0.16466,2.28066,-1
2008-08-15,0.149672,1.40332,-1
2008-08-18,0.14381,1.06532,-1
2008-08-19,0.14414,0.985769,-1
2008-08-20,0.153977,1.23321,-1
2008-08-21,0.158811,1.29225,-1
2008-08-22,0.154657,1.04226,-1
2008-08-25,0.144157,0.557401,-1
2008-08-26,0.132311,-0.0605933,0
2008-08-27,0.13567,-0.0224613,0
2008-08-28,0.13362,-0.29218,0
2008-08-29,0.137743,-0.114565,0
2008-09-02,0.135081,-0.422518,0
2008-09-03,0.136995,-0.270337,0
2008-09-04,0.124785,-1.5978,0
2008-09-05,0.119023,-1.98366,0
2008-09-08,0.114722,-2.13014,1
2008-09-09,0.131695,-0.622804,1
2008-09-10,0.135416,-0.366989,0
2008-09-11,0.151446,0.870071,0
2008-09-12,0.144174,0.312276,0
2008-09-15,0.148193,0.778297,0
2008-09-16,0.128958,-0.865815,0
2008-09-17,0.121259,-1.44546,0
2008-09-18,0.124784,-1.0061,0
2008-09-19,0.159591,2.01014,-1
2008-09-22,0.163131,2.28891,-1
2008-09-23,0.156185,1.56555,-1
2008-09-24,0.149267,0.930297,-1
2008-09-25,0.143034,0.397488,0
2008-09-26,0.137312,-0.0467745,0
2008-09-29,0.104685,-2.43961,1
2008-09-30,0.121066,-0.9871,1
2008-10-01,0.106277,-1.84445,1
2008-10-02,0.0870154,-2.73057,1
2008-10-03,0.0792762,-2.62749,1
2008-10-06,0.0544779,-3.25705,1
2008-10-07,0.0237555,-3.60992,1
2008-10-08,0.00859085,-3.07765,1
2008-10-09,-0.00416058,-2.6908,1
2008-10-10,-0.021812,-2.54001,1
2008-10-13,0.0142105,-1.47469,1
2008-10-14,0.00294457,-1.50677,1
2008-10-15,0.0148474,-1.1518,1
2008-10-16,-0.0387256,-1.88433,1
2008-10-17,-0.0308492,-1.52541,1
2008-10-20,-0.0147511,-1.13965,1
2008-10-21,-0.00987313,-0.968639,1
2008-10-22,0.00993691,-0.572674,1
2008-10-23,0.00480682,-0.584161,1
2008-10-24,-0.0202459,-0.970861,1
2008-10-27,-0.0130489,-0.760351,1
2008-10-28,-0.00720123,-0.558506,1
2008-10-29,0.00941428,-0.0717317,0
2008-10-30,0.0480615,1.22533,0
2008-10-31,0.0657645,2.06877,-1
2008-11-03,0.0512759,1.69314,-1
2008-11-04,0.0697705,2.39882,-1
2008-11-05,0.0751365,2.22948,-1
2008-11-06,0.0595435,1.44138,-1
2008-11-07,0.04704,0.940612,-1
2008-11-10,0.058034,1.16064,-1
2008-11-11,0.0652795,1.26194,-1
2008-11-12,0.0271387,0.130414,0
2008-11-13,0.0583048,0.939602,0
2008-11-14,0.0485255,0.58551,0
2008-11-17,0.0259815,-0.171255,0
2008-11-18,0.0242158,-0.302712,0
2008-11-19,0.0230492,-0.415954,0
2008-11-20,-0.00207799,-1.30504,0
2008-11-21,-0.00962735,-1.52946,0
2008-11-24,0.00560765,-1.06847,0
2008-11-25,0.0436834,0.23942,0
2008-11-26,0.0533346,0.54134,0
2008-11-28,0.0506445,0.359857,0
2008-12-01,0.0311699,-0.446314,0
2008-12-02,0.0368724,-0.144182,0
2008-12-03,0.0099175,-1.25423,0
2008-12-04,0.00237887,-1.46099,0
2008-12-05,0.0346017,0.0725534,0
2008-12-08,0.0455903,0.634475,0
2008-12-09,0.0298137,-0.0832362,0
2008-12-10,0.0443697,0.675948,0
2008-12-11,0.0578934,1.46769,0
2008-12-12,0.0469054,0.78679,0
2008-12-15,0.0428839,0.639502,0
2008-12-16,0.0152278,-0.743199,0
2008-12-17,0.0116181,-0.887658,0
2008-12-18,0.0107115,-0.885319,0
2008-12-19,0.00559559,-1.08731,0
2008-12-22,-0.0138074,-2.09755,1
2008-12-23,-0.0189985,-2.29548,1
2008-12-24,-0.0216637,-2.15029,1
2008-12-26,-0.0290597,-2.13571,1
2008-12-29,-0.0224879,-1.59847,1
2008-12-30,-0.00427152,-0.753005,1
2008-12-31,-0.0114017,-0.948261,1
2009-01-02,0.000810541,-0.406255,0
2009-01-05,0.00275778,-0.31608,0
2009-01-06,0.0276031,0.59889,0
2009-01-07,0.00779313,-0.119562,0
2009-01-08,0.00124728,-0.307343,0
2009-01-09,0.000699474,-0.277523,0
2009-01-12,-0.014224,-0.833205,0
2009-01-13,-0.0174811,-0.942327,0
2009-01-14,-0.0119428,-0.589011,0
2009-01-15,-0.0164443,-0.83415,0
2009-01-16,-0.0208267,-1.05727,0
2009-01-20,-0.0471456,-2.8211,1
2009-01-21,-0.0422184,-1.99704,1
2009-01-22,-0.0477034,-2.0547,1
2009-01-23,-0.0329909,-0.995366,1
2009-01-26,-0.0332907,-0.951862,1
2009-01-27,-0.0260604,-0.5358,1
2009-01-28,-0.00678689,0.439305,0
2009-01-29,-0.0228457,-0.421592,0
2009-01-30,-0.0177104,-0.112209,0
2009-02-02,-0.0236289,-0.39997,0
2009-02-03,-0.0224696,-0.282589,0
2009-02-04,-0.0173178,0.0539751,0
2009-02-05,-0.0205773,-0.000657525,0
2009-02-06,-0.00992603,0.886803,0
2009-02-09,-0.00594881,1.29648,0
2009-02-10,-0.00979011,1.06925,0
2009-02-11,0.012194,2.80077,-1
2009-02-12,-0.00674739,0.983684,-1
2009-02-13,-0.000477475,1.37328,-1
2009-02-17,-0.00883766,0.725332,-1
2009-02-18,-0.0186568,0.0544347,0
2009-02-19,-0.0131756,0.342641,0
2009-02-20,-0.0250736,-0.639399,0
2009-02-23,-0.0317929,-1.45278,0
2009-02-24,-0.0334562,-1.6203,0
2009-02-25,-0.0605654,-4.05332,1
2009-02-26,-0.050899,-2.26353,1
2009-02-27,-0.0481315,-1.74637,1
2009-03-02,-0.0568233,-2.0475,1
2009-03-03,-0.0466876,-1.2411,1
2009-03-04,-0.0398245,-0.797765,1
2009-03-05,-0.0362331,-0.567531,1
2009-03-06,-0.0324059,-0.332834,0
2009-03-09,-0.040356,-0.690565,0
2009-03-10,-0.0233699,0.211359,0
2009-03-11,-0.00894611,0.990397,0
2009-03-12,0.00596412,1.73756,0
2009-03-13,-0.00251436,1.36972,0
2009-03-16,0.00127767,1.53397,0
2009-03-17,0.0081046,1.8667,0
2009-03-18,0.026395,2.59405,-1
2009-03-19,0.0462866,2.98082,-1
2009-03-20,0.0418026,2.22732,-1
2009-03-23,0.0452903,1.99942,-1
2009-03-24,0.0585812,2.10394,-1
2009-03-25,0.0582991,1.79305,-1
2009-03-26,0.0503835,1.39455,-1
2009-03-27,0.0492386,1.22935,-1
2009-03-30,0.0371225,0.808091,-1
2009-03-31,0.0511841,1.10838,-1
2009-04-01,0.0509119,1.00828,-1
2009-04-02,0.0657728,1.35627,-1
2009-04-03,0.0655765,1.24283,-1
2009-04-06,0.0625385,1.05556,-1
2009-04-07,0.0596654,0.911266,-1
2009-04-08,0.0573223,0.761211,-1
2009-04-09,0.0559544,0.632515,-1
2009-04-13,0.0632653,0.912169,-1
2009-04-14,0.0470168,-0.0411591,0
2009-04-15,0.0425532,-0.53311,0
2009-04-16,0.0413566,-1.01858,0
2009-04-17,0.0520838,-0.048589,0
2009-04-20,0.0405123,-1.43367,0
2009-04-21,0.0423796,-1.19542,0
2009-04-22,0.0466626,-0.672015,0
2009-04-23,0.05997,0.907806,0
2009-04-24,0.0635931,1.3,0
2009-04-27,0.0519759,-0.0822811,0
2009-04-28,0.0470119,-0.638262,0
2009-04-29,0.0511159,-0.263717,0
2009-04-30,0.054606,0.14583,0
2009-05-01,0.0469448,-0.775318,0
2009-05-04,0.0414019,-1.37905,0
2009-05-05,0.035187,-2.0551,1
2009-05-06,0.0572477,0.87839,0
2009-05-07,0.0504151,0.0627132,0
2009-05-08,0.0592269,1.22367,0
2009-05-11,0.0401975,-1.18091,0
2009-05-12,0.0361482,-1.61975,0
2009-05-13,0.0347126,-1.63268,0
2009-05-14,0.0311737,-1.91231,0
2009-05-15,0.0203874,-2.88291,1
2009-05-18,0.00340588,-3.85083,1
2009-05-19,0.00055384,-2.98915,1
2009-05-20,0.00319455,-2.21177,1
2009-05-21,0.00887946,-1.58202,1
2009-05-22,0.00221282,-1.74867,1
2009-05-26,0.00729707,-1.31131,1
2009-05-27,0.0117024,-0.966016,1
2009-05-28,0.0176471,-0.587638,1
2009-05-29,0.028955,0.0409564,0
2009-06-01,0.0333125,0.336229,0
2009-06-02,0.0198274,-0.338407,0
2009-06-03,0.0151886,-0.537318,0
2009-06-04,0.0253562,0.0691937,0
2009-06-05,0.0194525,-0.182347,0
2009-06-08,0.0198291,-0.0726735,0
2009-06-09,0.0292182,0.827901,0
2009-06-10,0.0201707,0.150624,0
2009-06-11,0.0410672,2.16156,-1
2009-06-12,0.0552519,3.25887,-1
2009-06-15,0.0459266,1.92475,-1
2009-06-16,0.0447004,1.6024,-1
2009-06-17,0.0323994,0.638705,-1
2009-06-18,0.0263004,0.150411,0
2009-06-19,0.0261717,0.0672846,0
2009-06-22,0.0223496,-0.280184,0
2009-06-23,0.0238423,-0.267609,0
2009-06-24,0.0272347,-0.0617797,0
2009-06-25,0.024589,-0.386888,0
2009-06-26,0.0222897,-0.651831,0
2009-06-29,0.0151003,-1.29847,0
2009-06-30,0.0148581,-1.19328,0
2009-07-01,0.00997655,-1.58407,0
2009-07-02,0.00669063,-1.79807,0
2009-07-06,0.00785684,-1.49835,0
2009-07-07,0.00726804,-1.42975,0
2009-07-08,0.0129115,-0.904144,0
2009-07-09,0.0219199,-0.17616,0
2009-07-10,0.00746554,-1.23327,0
2009-07-13,0.0156877,-0.516873,0
2009-07-14,0.0169935,-0.331965,0
2009-07-15,0.00972211,-0.984992,0
2009-07-16,0.0143837,-0.403136,0
2009-07-17,0.0170751,0.0552153,0
2009-07-20,0.0191194,0.427798,0
2009-07-21,0.00714362,-1.3614,0
2009-07-22,0.00906222,-0.929992,0
2009-07-23,0.0160793,0.272134,0
2009-07-24,0.0148626,0.190095,0
2009-07-27,0.0148482,0.308835,0
2009-07-28,0.0189118,1.32874,0
2009-07-29,0.00710656,-1.29525,0
2009-07-30,0.0253701,2.61274,-1
2009-07-31,0.0557017,7.61695,-1
2009-08-03,0.0654346,4.60192,-1
2009-08-04,0.0662606,3.11194,-1
2009-08-05,0.0652556,2.37713,-1
2009-08-06,0.0616393,1.81149,-1
2009-08-07,0.0688552,1.91654,-1
2009-08-10,0.0690081,1.67563,-1
2009-08-11,0.0590987,1.08142,-1
2009-08-12,0.0567044,0.885718,-1
2009-08-13,0.0589854,0.890629,-1
2009-08-14,0.0680692,1.16773,-1
2009-08-17,0.0716751,1.19731,-1
2009-08-18,0.0777901,1.31976,-1
2009-08-19,0.074136,1.05908,-1
2009-08-20,0.0725093,0.902633,-1
2009-08-21,0.0699849,0.709864,-1
2009-08-24,0.065749,0.437838,0
2009-08-25,0.0726383,0.71725,0
2009-08-26,0.0694527,0.465784,0
2009-08-27,0.0751201,0.945575,0
2009-08-28,0.0807547,2.17634,-1
2009-08-31,0.0836998,2.41562,-1
2009-09-01,0.0730078,0.511028,-1
2009-09-02,0.0698183,0.0156693,0
2009-09-03,0.0729372,0.426023,0
2009-09-04,0.0691695,-0.195747,0
2009-09-08,0.0706398,0.0183141,0
2009-09-09,0.0705645,-0.0047983,0
2009-09-10,0.0843079,2.11178,-1
2009-09-11,0.083677,1.88701,-1
2009-09-14,0.0874915,2.50268,-1
2009-09-15,0.102833,4.60531,-1
2009-09-16,0.102459,3.0069,-1
2009-09-17,0.102711,2.40067,-1
2009-09-18,0.109902,2.60965,-1
2009-09-21,0.107567,1.96517,-1
2009-09-22,0.111977,2.00648,-1
2009-09-23,0.106039,1.3649,-1
2009-09-24,0.0977305,0.698655,-1
2009-09-25,0.100255,0.787231,-1
2009-09-28,0.10242,0.85118,-1
2009-09-29,0.0985927,0.526483,-1
2009-09-30,0.0982626,0.456434,0
2009-10-01,0.0940649,0.107047,0
2009-10-02,0.0942497,0.0408748,0
2009-10-05,0.0980126,0.250289,0
2009-10-06,0.0994015,0.277298,0
2009-10-07,0.0985521,0.0934037,0
2009-10-08,0.106459,0.978098,0
2009-10-09,0.121552,3.09204,-1
2009-10-12,0.12205,2.7223,-1
2009-10-13,0.125674,2.80784,-1
2009-10-14,0.122761,1.93986,-1
2009-10-15,0.124236,1.83055,-1
2009-10-16,0.123416,1.52451,-1
2009-10-19,0.127832,1.77295,-1
2009-10-20,0.1276,1.54648,-1
2009-10-21,0.122988,1.04584,-1
2009-10-22,0.112346,0.153971,0
2009-10-23,0.11579,0.367865,0
2009-10-26,0.104098,-0.607269,0
2009-10-27,0.0971613,-1.1654,0
2009-10-28,0.101891,-0.780542,0
2009-10-29,0.127104,1.20313,0
2009-10-30,0.139263,2.09309,-1
2009-11-02,0.134114,1.44379,-1
2009-11-03,0.140408,1.81609,-1
2009-11-04,0.140866,1.6621,-1
2009-11-05,0.137234,1.22838,-1
2009-11-06,0.139914,1.33088,-1
2009-11-09,0.132387,0.623169,-1
2009-11-10,0.144296,1.4924,-1
2009-11-11,0.142477,1.21523,-1
2009-11-12,0.141985,1.07092,-1
2009-11-13,0.141043,0.917474,-1
2009-11-16,0.132561,0.27077,0
2009-11-17,0.127338,-0.0966773,0
2009-11-18,0.125645,-0.209641,0
2009-11-19,0.113419,-1.04336,0
2009-11-20,0.109526,-1.31489,0
2009-11-23,0.117853,-0.712815,0
2009-11-24,0.118086,-0.78915,0
2009-11-25,0.119432,-0.881919,0
2009-11-27,0.121249,-0.925818,0
2009-11-30,0.117004,-1.26867,0
2009-12-01,0.117576,-1.09181,0
2009-12-02,0.116577,-1.08071,0
2009-12-03,0.11701,-0.940195,0
2009-12-04,0.12801,0.121904,0
2009-12-07,0.13556,0.850437,0
2009-12-08,0.128167,0.205186,0
2009-12-09,0.134191,0.78929,0
2009-12-10,0.144046,1.88125,0
2009-12-11,0.142703,1.71378,0
2009-12-14,0.178868,5.24175,-1
2009-12-15,0.187533,3.906,-1
2009-12-16,0.204632,3.64155,-1
2009-12-17,0.19325,2.24933,-1
2009-12-18,0.194954,1.95984,-1
2009-12-21,0.198482,1.81209,-1
2009-12-22,0.197506,1.56493,-1
2009-12-23,0.196064,1.3504,-1
2009-12-24,0.195464,1.19698,-1
2009-12-28,0.193948,1.03832,-1
2009-12-29,0.190087,0.829384,-1
2009-12-30,0.196753,0.943701,-1
2009-12-31,0.196407,0.84659,-1
2010-01-04,0.20942,1.19036,-1
2010-01-05,0.21271,1.22313,-1
2010-01-06,0.204514,0.834961,-1
2010-01-07,0.203782,0.731,-1
2010-01-08,0.209433,0.929029,-1
2010-01-11,0.216231,1.27484,-1
2010-01-12,0.215229,1.23791,-1
2010-01-13,0.211493,1.21676,-1
2010-01-14,0.208215,0.790849,-1
2010-01-15,0.212127,1.19749,-1
2010-01-19,0.215555,1.52252,-1
2010-01-20,0.213633,1.14019,-1
2010-01-21,0.207981,0.367632,0
2010-01-22,0.194839,-1.24874,0
2010-01-25,0.197967,-0.84529,0
2010-01-26,0.191559,-1.62428,0
2010-01-27,0.191063,-1.60686,0
2010-01-28,0.193397,-1.29124,0
2010-01-29,0.185909,-2.21156,1
2010-02-01,0.180036,-2.57426,1
2010-02-02,0.18046,-2.14148,1
2010-02-03,0.168878,-2.79561,1
2010-02-04,0.171112,-2.09831,1
2010-02-05,0.167252,-2.05073,1
2010-02-08,0.152842,-2.62761,1
2010-02-09,0.156838,-1.94382,1
2010-02-10,0.154159,-1.83895,1
2010-02-11,0.162118,-1.24121,1
2010-02-12,0.168098,-0.833703,1
2010-02-16,0.173764,-0.470955,0
2010-02-17,0.179323,-0.107113,0
2010-02-18,0.187037,0.430432,0
2010-02-19,0.194181,1.02604,0
2010-02-22,0.186277,0.605719,0
2010-02-23,0.180412,0.235582,0
2010-02-24,0.175528,-0.0538465,0
2010-02-25,0.17841,0.235313,0
2010-02-26,0.183121,0.68602,0
2010-03-01,0.184219,0.863553,0
2010-03-02,0.189868,1.3722,0
2010-03-03,0.18816,1.13321,0
2010-03-04,0.18792,1.05247,0
2010-03-05,0.188784,1.0258,0
2010-03-08,0.193204,1.28369,0
2010-03-09,0.184285,0.468042,0
2010-03-10,0.173347,-0.556728,0
2010-03-11,0.173753,-0.661432,0
2010-03-12,0.176158,-0.639671,0
2010-03-15,0.181386,-0.124215,0
2010-03-16,0.183014,0.00883624,0
2010-03-17,0.18089,-0.413085,0
2010-03-18,0.181663,-0.301779,0
2010-03-19,0.189638,1.06237,0
2010-03-22,0.183688,0.12098,0
2010-03-23,0.188132,0.935247,0
2010-03-24,0.183355,0.0168728,0
2010-03-25,0.184508,0.158548,0
2010-03-26,0.189514,1.05457,0
2010-03-29,0.189222,0.91444,0
2010-03-30,0.193752,1.67079,0
2010-03-31,0.201776,2.9497,-1
2010-04-01,0.204001,2.69499,-1
2010-04-05,0.208309,2.74535,-1
2010-04-06,0.21526,2.97311,-1
2010-04-07,0.216698,2.51642,-1
2010-04-08,0.213,1.79053,-1
2010-04-09,0.223677,2.39689,-1
2010-04-12,0.236011,2.90575,-1
2010-04-13,0.233975,2.22932,-1
2010-04-14,0.239282,2.19804,-1
2010-04-15,0.256684,2.77429,-1
2010-04-16,0.251021,2.00789,-1
2010-04-19,0.253794,1.86809,-1
2010-04-20,0.2523,1.5727,-1
2010-04-21,0.251415,1.37482,-1
2010-04-22,0.247652,1.09194,-1
2010-04-23,0.256049,1.33826,-1
2010-04-26,0.254383,1.15897,-1
2010-04-27,0.239733,0.427147,0
2010-04-28,0.231638,-0.038155,0
2010-04-29,0.259577,1.33568,0
2010-04-30,0.26181,1.3614,0
2010-05-03,0.277735,2.20507,-1
2010-05-04,0.272154,1.65037,-1
2010-05-05,0.269446,1.34719,-1
2010-05-06,0.265352,0.998683,-1
2010-05-07,0.266936,1.0673,-1
2010-05-10,0.279533,1.9686,-1
2010-05-11,0.282089,1.9256,-1
2010-05-12,0.279869,1.56648,-1
2010-05-13,0.268064,0.554839,-1
2010-05-14,0.271334,0.748081,-1
2010-05-17,0.284374,1.62404,-1
2010-05-18,0.280352,1.15992,-1
2010-05-19,0.282344,1.18367,-1
2010-05-20,0.275788,0.62616,-1
2010-05-21,0.278898,0.770488,-1
2010-05-24,0.275858,0.479649,0
2010-05-25,0.271683,0.111618,0
2010-05-26,0.264027,-0.654654,0
2010-05-27,0.268116,-0.709884,0
2010-05-28,0.277368,0.528718,0
2010-06-01,0.275296,0.117953,0
2010-06-02,0.275936,0.242618,0
2010-06-03,0.260474,-2.30867,1
2010-06-04,0.256667,-2.56792,1
2010-06-07,0.261391,-1.61744,1
2010-06-08,0.225627,-5.98546,1
2010-06-09,0.241681,-2.20075,1
2010-06-10,0.258816,-0.688763,1
2010-06-11,0.257801,-0.690245,1
2010-06-14,0.26711,-0.00561098,0
2010-06-15,0.263368,-0.249406,0
2010-06-16,0.259639,-0.452378,0
2010-06-17,0.263172,-0.127177,0
2010-06-18,0.258131,-0.449775,0
2010-06-21,0.260316,-0.216271,0
2010-06-22,0.255741,-0.527556,0
2010-06-23,0.24515,-1.3615,0
2010-06-24,0.241601,-1.51981,0
2010-06-25,0.246413,-0.973895,0
2010-06-28,0.255348,-0.176678,0
2010-06-29,0.251927,-0.386858,0
2010-06-30,0.248306,-0.640457,0
2010-07-01,0.250516,-0.345301,0
2010-07-02,0.248677,-0.485487,0
2010-07-06,0.237289,-1.60254,0
2010-07-07,0.248693,-0.307158,0
2010-07-08,0.256153,0.385949,0
2010-07-09,0.276752,2.95921,-1
2010-07-12,0.274263,2.1152,-1
2010-07-13,0.285444,2.92295,-1
2010-07-14,0.285591,2.43035,-1
2010-07-15,0.285291,2.04131,-1
2010-07-16,0.285593,1.79137,-1
2010-07-19,0.284752,1.54277,-1
2010-07-20,0.291346,1.76803,-1
2010-07-21,0.291423,1.56419,-1
2010-07-22,0.288959,1.26412,-1
2010-07-23,0.284527,0.913427,-1
2010-07-26,0.28859,1.04141,-1
2010-07-27,0.290959,1.07131,-1
2010-07-28,0.292818,1.06806,-1
2010-07-29,0.307979,1.78157,-1
2010-07-30,0.32111,2.2883,-1
2010-08-02,0.305817,1.21758,-1
2010-08-03,0.30471,1.06497,-1
2010-08-04,0.309276,1.33116,-1
2010-08-05,0.310062,1.37012,-1
2010-08-06,0.317231,1.94107,-1
2010-08-09,0.316859,1.68425,-1
2010-08-10,0.321786,1.92357,-1
2010-08-11,0.314779,1.15628,-1
2010-08-12,0.316566,1.17845,-1
2010-08-13,0.32599,1.77084,-1
2010-08-16,0.330472,1.89862,-1
2010-08-17,0.32549,1.33538,-1
2010-08-18,0.32677,1.29369,-1
2010-08-19,0.324997,1.04665,-1
2010-08-20,0.321071,0.671053,-1
2010-08-23,0.311107,-0.208333,0
2010-08-24,0.303184,-1.0737,0
2010-08-25,0.307599,-0.80635,0
2010-08-26,0.304642,-1.37982,0
2010-08-27,0.304643,-1.32732,0
2010-08-30,0.3022,-1.47077,0
2010-08-31,0.304457,-1.16285,0
2010-09-01,0.311119,-0.423999,0
2010-09-02,0.317559,0.278408,0
2010-09-03,0.320526,0.570308,0
2010-09-07,0.320491,0.54395,0
2010-09-08,0.319895,0.454419,0
2010-09-09,0.316554,0.0972318,0
2010-09-10,0.332878,1.89822,0
2010-09-13,0.341484,2.54234,-1
2010-09-14,0.344601,2.45365,-1
2010-09-15,0.340979,1.85401,-1
2010-09-16,0.339433,1.54853,-1
2010-09-17,0.334959,1.1078,-1
2010-09-20,0.340973,1.46261,-1
2010-09-21,0.339251,1.21017,-1
2010-09-22,0.334376,0.776966,-1
2010-09-23,0.33011,0.412487,0
2010-09-24,0.340586,1.06906,0
2010-09-27,0.340713,0.983983,0
2010-09-28,0.345184,1.2349,0
2010-09-29,0.357469,2.16416,-1
2010-09-30,0.3515,1.49705,-1
2010-10-01,0.350877,1.34129,-1
2010-10-04,0.348463,1.01461,-1
2010-10-05,0.357227,1.74521,-1
2010-10-06,0.352866,1.17839,-1
2010-10-07,0.349808,0.796009,-1
2010-10-08,0.346831,0.400037,0
2010-10-11,0.341536,-0.38191,0
2010-10-12,0.340844,-0.475165,0
2010-10-13,0.333746,-1.39408,0
2010-10-14,0.332633,-1.43114,0
2010-10-15,0.330802,-1.5539,0
2010-10-18,0.325119,-2.15109,1
2010-10-19,0.321984,-2.18929,1
2010-10-20,0.323605,-1.73001,1
2010-10-21,0.321808,-1.7417,1
2010-10-22,0.325072,-1.33997,1
2010-10-25,0.330893,-0.741125,1
2010-10-26,0.329378,-0.814424,1
2010-10-27,0.332045,-0.528798,1
2010-10-28,0.325521,-1.01219,1
2010-10-29,0.299555,-3.18067,1
2010-11-01,0.278867,-4.03439,1
2010-11-02,0.274655,-3.11498,1
2010-11-03,0.279477,-2.26399,1
2010-11-04,0.2887,-1.52807,1
2010-11-05,0.278216,-1.84926,1
2010-11-08,0.271685,-1.92092,1
2010-11-09,0.246631,-2.72449,1
2010-11-10,0.258895,-1.78778,1
2010-11-11,0.260169,-1.52917,1
2010-11-12,0.263965,-1.23714,1
2010-11-15,0.264125,-1.11239,1
2010-11-16,0.265562,-0.957353,1
2010-11-17,0.264338,-0.907547,1
2010-11-18,0.26265,-0.878552,1
2010-11-19,0.260922,-0.854422,1
2010-11-22,0.259877,-0.811441,1
2010-11-23,0.256111,-0.892492,1
2010-11-24,0.257908,-0.753871,1
2010-11-26,0.256276,-0.821312,1
2010-11-29,0.24881,-1.4801,1
2010-11-30,0.238427,-2.46368,1
2010-12-01,0.235271,-2.35222,1
2010-12-02,0.254771,-0.475234,0
2010-12-03,0.263307,0.298728,0
2010-12-06,0.262385,0.392664,0
2010-12-07,0.27612,2.03586,-1
2010-12-08,0.269001,1.17619,-1
2010-12-09,0.272888,1.47857,-1
2010-12-10,0.274848,1.53082,-1
2010-12-13,0.28772,2.60419,-1
2010-12-14,0.290242,2.36179,-1
2010-12-15,0.290477,2.01038,-1
2010-12-16,0.29737,2.20875,-1
2010-12-17,0.29162,1.53945,-1
2010-12-20,0.294446,1.53557,-1
2010-12-21,0.292606,1.27036,-1
2010-12-22,0.299246,1.49104,-1
2010-12-23,0.302364,1.48671,-1
2010-12-27,0.298682,1.14894,-1
2010-12-28,0.305071,1.34467,-1
2010-12-29,0.307701,1.34972,-1
2010-12-30,0.310347,1.41741,-1
2010-12-31,0.309687,1.38696,-1
2011-01-03,0.298492,0.572359,-1
2011-01-04,0.290258,-0.0938753,0
2011-01-05,0.291095,-0.153631,0
2011-01-06,0.276666,-1.48378,0
2011-01-07,0.276905,-1.60319,0
2011-01-10,0.274216,-1.94293,0
2011-01-11,0.28262,-1.11967,0
2011-01-12,0.278045,-1.50217,0
2011-01-13,0.27348,-1.78017,0
2011-01-14,0.266366,-2.1754,1
2011-01-18,0.261205,-2.23832,1
2011-01-19,0.262917,-1.78486,1
2011-01-20,0.266192,-1.3604,1
2011-01-21,0.262489,-1.44892,1
2011-01-24,0.270683,-0.818531,1
2011-01-25,0.269363,-0.815107,1
2011-01-26,0.263327,-1.09461,1
2011-01-27,0.261823,-1.09055,1
2011-01-28,0.257985,-1.25958,1
2011-01-31,0.254084,-1.49361,1
2011-02-01,0.229624,-3.5727,1
2011-02-02,0.238102,-2.23534,1
2011-02-03,0.24632,-1.3785,1
2011-02-04,0.246119,-1.29656,1
2011-02-07,0.244248,-1.3052,1
2011-02-08,0.250992,-0.688141,1
2011-02-09,0.24055,-1.3872,1
2011-02-10,0.237734,-1.50197,1
2011-02-11,0.239572,-1.23133,1
2011-02-14,0.228136,-2.05038,1
2011-02-15,0.244174,-0.560778,1
2011-02-16,0.239136,-0.8852,1
2011-02-17,0.242205,-0.563539,1
2011-02-18,0.250909,0.206354,0
2011-02-22,0.256289,0.708251,0
2011-02-23,0.257266,0.930783,0
2011-02-24,0.267211,2.08102,-1
2011-02-25,0.275009,2.73915,-1
2011-02-28,0.28889,3.55241,-1
2011-03-01,0.288953,2.7067,-1
2011-03-02,0.291289,2.35145,-1
2011-03-03,0.289849,1.92373,-1
2011-03-04,0.293991,1.88004,-1
2011-03-07,0.290933,1.49503,-1
2011-03-08,0.299655,1.72026,-1
2011-03-09,0.28634,0.955125,-1
2011-03-10,0.290928,1.05946,-1
2011-03-11,0.290718,0.950197,-1
2011-03-14,0.296329,1.10079,-1
2011-03-15,0.312277,1.69898,-1
2011-03-16,0.320174,1.94987,-1
2011-03-17,0.324942,1.95119,-1
2011-03-18,0.334105,2.20029,-1
2011-03-21,0.333575,1.96437,-1
2011-03-22,0.33723,1.94484,-1
2011-03-23,0.339134,1.84262,-1
2011-03-24,0.336665,1.57803,-1
2011-03-25,0.339515,1.57888,-1
2011-03-28,0.334297,1.18411,-1
2011-03-29,0.349314,1.77607,-1
2011-03-30,0.34096,1.19147,-1
2011-03-31,0.340263,1.04612,-1
2011-04-01,0.341654,1.01313,-1
2011-04-04,0.338655,0.778422,-1
2011-04-05,0.342521,0.888828,-1
2011-04-06,0.339095,0.631468,-1
2011-04-07,0.335107,0.337263,0
2011-04-08,0.339554,0.53633,0
2011-04-11,0.33119,-0.213517,0
2011-04-12,0.319967,-1.86852,0
2011-04-13,0.316641,-2.63595,1
2011-04-14,0.323646,-1.56092,1
2011-04-15,0.326729,-1.13924,1
2011-04-18,0.323964,-1.40096,1
2011-04-19,0.324428,-1.22584,1
2011-04-20,0.325921,-0.942054,1
2011-04-21,0.320903,-1.42319,1
2011-04-25,0.315883,-1.81962,1
2011-04-26,0.314823,-1.70043,1
2011-04-27,0.31287,-1.6876,1
2011-04-28,0.316259,-1.2216,1
2011-04-29,0.314973,-1.23414,1
2011-05-02,0.314558,-1.16175,1
2011-05-03,0.310931,-1.4404,1
2011-05-04,0.305989,-1.82454,1
2011-05-05,0.311411,-1.10855,1
2011-05-06,0.313123,-0.837341,1
2011-05-09,0.319103,-0.0107579,0
2011-05-10,0.319834,0.263396,0
2011-05-11,0.320145,0.457376,0
2011-05-12,0.325858,1.48021,0
2011-05-13,0.3244,1.07999,0
2011-05-16,0.32471,1.11867,0
2011-05-17,0.318093,0.0153328,0
2011-05-18,0.326336,1.54253,0
2011-05-19,0.329153,1.98124,0
2011-05-20,0.325526,1.2583,0
2011-05-23,0.324487,1.0123,0
2011-05-24,0.325922,1.15039,0
2011-05-25,0.327521,1.28805,0
2011-05-26,0.323527,0.551202,0
2011-05-27,0.319261,-0.155835,0
2011-05-31,0.325818,0.828771,0
2011-06-01,0.319308,-0.274727,0
2011-06-02,0.314138,-1.23791,0
2011-06-03,0.314736,-1.42458,0
2011-06-06,0.31224,-2.08847,1
2011-06-07,0.31363,-1.74909,1
2011-06-08,0.309301,-2.43315,1
2011-06-09,0.31701,-0.722093,1
2011-06-10,0.318301,-0.46711,0
2011-06-13,0.317538,-0.540214,0
2011-06-14,0.320344,0.00279368,0
2011-06-15,0.31925,-0.151424,0
2011-06-16,0.322702,0.447769,0
2011-06-17,0.322528,0.461498,0
2011-06-20,0.321555,0.37172,0
2011-06-21,0.327853,1.69716,0
2011-06-22,0.331765,2.34373,-1
2011-06-23,0.331565,2.046,-1
2011-06-24,0.337446,2.86942,-1
2011-06-27,0.333357,1.75375,-1
2011-06-28,0.326921,0.704515,-1
2011-06-29,0.328646,0.917986,-1
2011-06-30,0.33041,1.06737,-1
2011-07-01,0.335035,1.5573,-1
2011-07-05,0.349727,3.22149,-1
2011-07-06,0.349703,2.54247,-1
2011-07-07,0.35465,2.6096,-1
2011-07-08,0.347357,1.57794,-1
2011-07-11,0.339402,0.711218,-1
2011-07-12,0.339328,0.62823,-1
2011-07-13,0.339069,0.529052,-1
2011-07-14,0.337883,0.341219,0
2011-07-15,0.343405,0.845005,0
2011-07-18,0.347868,1.24702,0
2011-07-19,0.348168,1.17612,0
2011-07-20,0.34845,1.12921,0
2011-07-21,0.350208,1.24205,0
2011-07-22,0.343724,0.337752,0
2011-07-25,0.343112,0.196939,0
2011-07-26,0.340486,-0.168123,0
2011-07-27,0.334512,-0.996124,0
2011-07-28,0.350531,1.12878,0
2011-07-29,0.360899,2.66749,-1
2011-08-01,0.376193,4.58397,-1
2011-08-02,0.379329,3.44993,-1
2011-08-03,0.374129,2.16245,-1
2011-08-04,0.364314,1.10112,-1
2011-08-05,0.359484,0.675782,-1
2011-08-08,0.342858,-0.602994,0
2011-08-09,0.357394,0.462085,0
2011-08-10,0.370257,1.37828,0
2011-08-11,0.358986,0.397643,0
2011-08-12,0.372179,1.35295,0
2011-08-15,0.375143,1.44059,0
2011-08-16,0.375747,1.33246,0
2011-08-17,0.370383,0.816234,0
2011-08-18,0.366789,0.482946,0
2011-08-19,0.38299,1.58889,0
2011-08-22,0.377847,1.0622,0
2011-08-23,0.373336,0.640318,0
2011-08-24,0.37758,0.901625,0
2011-08-25,0.384295,1.52651,0
2011-08-26,0.381876,1.16769,0
2011-08-29,0.381699,1.03762,0
2011-08-30,0.380993,0.922482,0
2011-08-31,0.384016,1.19487,0
2011-09-01,0.387722,1.44993,0
2011-09-02,0.384001,0.966785,0
2011-09-06,0.389031,1.32991,0
2011-09-07,0.393405,1.92147,0
2011-09-08,0.395462,2.06201,-1
2011-09-09,0.386533,0.77426,-1
2011-09-12,0.382831,0.236957,0
2011-09-13,0.3856,0.5561,0
2011-09-14,0.386614,0.633994,0
2011-09-15,0.388388,0.818256,0
2011-09-16,0.385078,0.235414,0
2011-09-19,0.38689,0.470391,0
2011-09-20,0.373467,-2.16473,1
2011-09-21,0.363836,-3.71072,1
2011-09-22,0.356763,-3.99122,1
2011-09-23,0.35401,-3.19097,1
2011-09-26,0.337267,-3.97054,1
2011-09-27,0.343514,-2.39964,1
2011-09-28,0.335288,-2.49254,1
2011-09-29,0.33978,-1.82968,1
2011-09-30,0.337026,-1.73193,1
2011-10-03,0.327228,-1.97396,1
2011-10-04,0.322307,-1.91642,1
2011-10-05,0.341721,-0.894207,1
2011-10-06,0.341977,-0.797358,1
2011-10-07,0.344083,-0.627774,1
2011-10-10,0.348438,-0.362928,0
2011-10-11,0.342436,-0.57138,0
2011-10-12,0.33306,-0.947084,0
2011-10-13,0.343114,-0.356333,0
2011-10-14,0.348366,0.0286385,0
2011-10-17,0.337636,-0.551957,0
2011-10-18,0.363143,1.65071,0
2011-10-19,0.361877,1.76738,0
2011-10-20,0.369617,2.54947,-1
2011-10-21,0.372814,2.50243,-1
2011-10-24,0.379319,2.63223,-1
2011-10-25,0.371368,1.6276,-1
2011-10-26,0.373218,1.56055,-1
2011-10-27,0.384,2.03059,-1
2011-10-28,0.394866,2.34461,-1
2011-10-31,0.393192,1.89074,-1
2011-11-01,0.391509,1.59661,-1
2011-11-02,0.397282,1.75516,-1
2011-11-03,0.393931,1.39056,-1
2011-11-04,0.400933,1.579,-1
2011-11-07,0.402813,1.49608,-1
2011-11-08,0.402612,1.32966,-1
2011-11-09,0.388797,0.5875,-1
2011-11-10,0.384197,0.284053,0
2011-11-11,0.386331,0.31654,0
2011-11-14,0.387339,0.293942,0
2011-11-15,0.358053,-2.10749,1
2011-11-16,0.354522,-2.27532,1
2011-11-17,0.349707,-2.47136,1
2011-11-18,0.326983,-3.58591,1
2011-11-21,0.316408,-3.22072,1
2011-11-22,0.335449,-1.71589,1
2011-11-23,0.325987,-1.8925,1
2011-11-25,0.319149,-1.89822,1
2011-11-28,0.331105,-1.2666,1
2011-11-29,0.33408,-1.04715,1
2011-11-30,0.345194,-0.599788,1
2011-12-01,0.343365,-0.5919,1
2011-12-02,0.341989,-0.565807,1
2011-12-05,0.345074,-0.392053,0
2011-12-06,0.355504,0.0552379,0
2011-12-07,0.35393,0.0915427,0
2011-12-08,0.346511,-0.117326,0
2011-12-09,0.348247,0.0585755,0
2011-12-12,0.352322,0.38043,0
2011-12-13,0.351863,0.519126,0
2011-12-14,0.334767,-0.56071,0
2011-12-15,0.31902,-1.80342,0
2011-12-16,0.329319,-0.765866,0
2011-12-19,0.325582,-0.992897,0
2011-12-20,0.334854,-0.233238,0
2011-12-21,0.33857,-0.00841305,0
2011-12-22,0.333366,-0.481343,0
2011-12-23,0.333887,-0.481676,0
2011-12-27,0.337662,-0.225438,0
2011-12-28,0.331331,-0.905893,0
2011-12-29,0.333041,-0.710459,0
2011-12-30,0.328835,-1.06692,0
2012-01-03,0.351424,1.23497,0
2012-01-04,0.349476,0.964008,0
2012-01-05,0.342553,0.285609,0
2012-01-06,0.342529,0.365346,0
2012-01-09,0.349058,1.13223,0
2012-01-10,0.342638,0.439724,0
2012-01-11,0.337985,-0.0126796,0
2012-01-12,0.315532,-2.47329,1
2012-01-13,0.32455,-1.17012,1
2012-01-17,0.321287,-1.41459,1
2012-01-18,0.313778,-2.23992,1
2012-01-19,0.308248,-2.46103,1
2012-01-20,0.302776,-2.5628,1
2012-01-23,0.304119,-2.01212,1
2012-01-24,0.304617,-1.70115,1
2012-01-25,0.313592,-0.944701,1
2012-01-26,0.307956,-1.21001,1
2012-01-27,0.293506,-1.95512,1
2012-01-30,0.292039,-1.77426,1
2012-01-31,0.30923,-0.672801,1
2012-02-01,0.303373,-0.916425,1
2012-02-02,0.317171,-0.0949745,0
2012-02-03,0.318517,0.0691486,0
2012-02-06,0.320141,0.248416,0
2012-02-07,0.315009,0.000219771,0
2012-02-08,0.320567,0.574189,0
2012-02-09,0.321907,0.900299,0
2012-02-10,0.32399,1.36166,0
2012-02-13,0.327256,1.60244,0
2012-02-14,0.32543,1.36968,0
2012-02-15,0.325276,1.30033,0
2012-02-16,0.324932,1.16133,0
2012-02-17,0.32387,0.955002,0
2012-02-21,0.329475,1.38713,0
2012-02-22,0.317145,0.11491,0
2012-02-23,0.323909,0.699209,0
2012-02-24,0.327074,0.940896,0
2012-02-27,0.333323,1.43695,0
2012-02-28,0.334138,1.48816,0
2012-02-29,0.336786,1.97704,0
2012-03-01,0.338951,2.07044,-1
2012-03-02,0.343168,2.70235,-1
2012-03-05,0.332932,0.856014,-1
2012-03-06,0.341489,1.93738,-1
2012-03-07,0.347416,2.44969,-1
2012-03-08,0.363942,4.12926,-1
2012-03-09,0.365813,3.08889,-1
2012-03-12,0.355496,1.63333,-1
2012-03-13,0.351561,1.15666,-1
2012-03-14,0.356451,1.39978,-1
2012-03-15,0.349685,0.777864,-1
2012-03-16,0.348031,0.581776,-1
2012-03-19,0.345699,0.341456,0
2012-03-20,0.335301,-0.521566,0
2012-03-21,0.331128,-0.878577,0
2012-03-22,0.314794,-2.41399,1
2012-03-23,0.321846,-1.6443,1
2012-03-26,0.319079,-1.78759,1
2012-03-27,0.316199,-1.83024,1
2012-03-28,0.313919,-1.79426,1
2012-03-29,0.32047,-1.1891,1
2012-03-30,0.316559,-1.3281,1
2012-04-02,0.322891,-0.83515,1
2012-04-03,0.325992,-0.617704,1
2012-04-04,0.321138,-0.842874,1
2012-04-05,0.314879,-1.1155,1
2012-04-09,0.313554,-1.10589,1
2012-04-10,0.313562,-1.04121,1
2012-04-11,0.302404,-1.71914,1
2012-04-12,0.308053,-1.17496,1
2012-04-13,0.2978,-1.91283,1
2012-04-16,0.292739,-2.1832,1
2012-04-17,0.296878,-1.68419,1
2012-04-18,0.291266,-2.14304,1
2012-04-19,0.288033,-2.21229,1
2012-04-20,0.287904,-1.95781,1
2012-04-23,0.282712,-2.10712,1
2012-04-24,0.281484,-1.90622,1
2012-04-25,0.28338,-1.53021,1
2012-04-26,0.314669,0.727278,0
2012-04-27,0.314368,0.703405,0
2012-04-30,0.314836,0.770199,0
2012-05-01,0.322947,1.33472,0
2012-05-02,0.320806,1.18779,0
2012-05-03,0.317232,0.986803,0
2012-05-04,0.307852,0.347979,0
2012-05-07,0.304921,0.166643,0
2012-05-08,0.30564,0.254298,0
2012-05-09,0.303486,0.126831,0
2012-05-10,0.317722,1.19082,0
2012-05-11,0.308189,0.426302,0
2012-05-14,0.31233,0.689207,0
2012-05-15,0.305969,0.15604,0
2012-05-16,0.302486,-0.132495,0
2012-05-17,0.30595,0.0831069,0
2012-05-18,0.29424,-0.909103,0
2012-05-21,0.299913,-0.501529,0
2012-05-22,0.297256,-0.872258,0
2012-05-23,0.292968,-1.52888,0
2012-05-24,0.296922,-1.31852,0
2012-05-25,0.291081,-1.85264,0
2012-05-29,0.306712,0.0618363,0
2012-05-30,0.305923,0.0211682,0
2012-05-31,0.327025,2.72682,-1
2012-06-01,0.316281,1.25321,-1
2012-06-04,0.31916,1.59577,-1
2012-06-05,0.321089,1.65117,-1
2012-06-06,0.323191,1.68009,-1
2012-06-07,0.322954,1.4684,-1
2012-06-08,0.325632,1.5552,-1
2012-06-11,0.323208,1.24719,-1
2012-06-12,0.319628,0.84134,-1
2012-06-13,0.321081,0.916617,-1
2012-06-14,0.320975,0.831821,-1
2012-06-15,0.331598,1.60558,-1
2012-06-18,0.324503,0.885257,-1
2012-06-19,0.314475,0.00948634,0
2012-06-20,0.304742,-0.848567,0
2012-06-21,0.302393,-1.1151,0
2012-06-22,0.306584,-0.855256,0
2012-06-25,0.303251,-1.28605,0
2012-06-26,0.308239,-0.983727,0
2012-06-27,0.314816,-0.257964,0
2012-06-28,0.324619,0.836187,0
2012-06-29,0.315822,-0.19173,0
2012-07-02,0.321831,0.531437,0
2012-07-03,0.325402,0.937659,0
2012-07-05,0.320834,0.361283,0
2012-07-06,0.320478,0.335954,0
2012-07-09,0.327859,1.23012,0
2012-07-10,0.328554,1.28019,0
2012-07-11,0.323184,0.601755,0
2012-07-12,0.327883,1.10602,0
2012-07-13,0.321775,0.369502,0
2012-07-16,0.333776,1.67734,0
2012-07-17,0.332144,1.45872,0
2012-07-18,0.330925,1.23334,0
2012-07-19,0.339785,1.99945,0
2012-07-20,0.345916,2.36664,-1
2012-07-23,0.342856,1.79956,-1
2012-07-24,0.334629,0.855264,-1
2012-07-25,0.324852,-0.233713,0
2012-07-26,0.331063,0.376744,0
2012-07-27,0.329827,0.142552,0
2012-07-30,0.333723,0.610824,0
2012-07-31,0.339408,1.32583,0
2012-08-01,0.347101,2.25982,-1
2012-08-02,0.347253,1.932,-1
2012-08-03,0.345602,1.50934,-1
2012-08-06,0.348416,1.72306,-1
2012-08-07,0.348965,1.58297,-1
2012-08-08,0.34671,1.15298,-1
2012-08-09,0.345683,0.936541,-1
2012-08-10,0.35119,1.49825,-1
2012-08-13,0.352096,1.52593,-1
2012-08-14,0.351791,1.32257,-1
2012-08-15,0.355319,1.61796,-1
2012-08-16,0.354625,1.37155,-1
2012-08-17,0.351734,0.902282,-1
2012-08-20,0.355424,1.26716,-1
2012-08-21,0.356017,1.21646,-1
2012-08-22,0.354552,0.942181,-1
2012-08-23,0.351495,0.521278,-1
2012-08-24,0.349782,0.203274,0
2012-08-27,0.350691,0.242151,0
2012-08-28,0.352265,0.496701,0
2012-08-29,0.349554,-0.385136,0
2012-08-30,0.349474,-0.459993,0
2012-08-31,0.359392,2.66063,-1
2012-09-04,0.352972,0.360019,0
2012-09-05,0.346589,-1.64285,0
2012-09-06,0.348579,-0.956229,0
2012-09-07,0.347071,-1.47515,0
2012-09-10,0.351463,-0.17791,0
2012-09-11,0.35188,-0.0514287,0
2012-09-12,0.35526,1.01272,0
2012-09-13,0.355293,0.944998,0
2012-09-14,0.34992,-0.700177,0
2012-09-17,0.353076,0.340087,0
2012-09-18,0.354363,0.713615,0
2012-09-19,0.362657,3.32569,-1
2012-09-20,0.363231,2.78831,-1
2012-09-21,0.358589,1.27021,-1
2012-09-24,0.358841,1.2036,-1
2012-09-25,0.353072,-0.099953,0
2012-09-26,0.35306,-0.128022,0
2012-09-27,0.354746,0.214003,0
2012-09-28,0.352964,-0.214987,0
2012-10-01,0.355172,0.222114,0
2012-10-02,0.362052,1.82724,0
2012-10-03,0.346715,-1.60436,0
2012-10-04,0.349905,-0.941291,0
2012-10-05,0.349434,-1.07095,0
2012-10-08,0.349098,-1.21113,0
2012-10-09,0.352641,-0.393053,0
2012-10-10,0.321518,-7.13066,1
2012-10-11,0.325442,-3.14763,1
2012-10-12,0.318133,-3.13048,1
2012-10-15,0.319718,-2.3184,1
2012-10-16,0.321762,-1.8086,1
2012-10-17,0.320755,-1.64726,1
2012-10-18,0.315212,-1.80888,1
2012-10-19,0.31793,-1.43716,1
2012-10-22,0.311849,-1.64609,1
2012-10-23,0.302909,-1.97654,1
2012-10-24,0.309143,-1.3824,1
2012-10-25,0.314574,-0.957644,1
2012-10-26,0.314525,-0.869295,1
2012-10-31,0.300183,-1.56587,1
2012-11-01,0.306639,-1.06549,1
2012-11-02,0.292668,-1.83544,1
2012-11-05,0.296357,-1.42014,1
2012-11-06,0.296616,-1.2966,1
2012-11-07,0.301316,-0.912838,1
2012-11-08,0.298194,-1.09689,1
2012-11-09,0.296357,-1.37063,1
2012-11-12,0.295988,-1.27163,1
2012-11-13,0.299292,-0.835975,1
2012-11-14,0.2856,-2.16453,1
2012-11-15,0.276192,-2.79818,1
2012-11-16,0.280365,-1.96572,1
2012-11-19,0.285677,-1.29565,1
2012-11-20,0.279955,-1.67603,1
2012-11-21,0.279535,-1.56524,1
2012-11-23,0.280817,-1.29643,1
2012-11-26,0.28137,-1.11963,1
2012-11-27,0.279874,-1.14662,1
2012-11-28,0.292665,0.120138,0
2012-11-29,0.294432,0.448188,0
2012-11-30,0.293267,0.362652,0
2012-12-03,0.289306,-0.00259688,0
2012-12-04,0.287242,-0.235471,0
2012-12-05,0.292843,0.519473,0
2012-12-06,0.301969,1.7215,0
2012-12-07,0.300458,1.51298,0
2012-12-10,0.302254,1.69207,0
2012-12-11,0.303197,1.68955,0
2012-12-12,0.301362,1.35546,0
2012-12-13,0.309239,2.19708,-1
2012-12-14,0.313879,2.32996,-1
2012-12-17,0.313188,1.94183,-1
2012-12-18,0.318691,2.19137,-1
2012-12-19,0.329133,2.7163,-1
2012-12-20,0.328492,2.1961,-1
2012-12-21,0.340633,2.73546,-1
2012-12-24,0.334182,1.86674,-1
2012-12-26,0.330949,1.4655,-1
2012-12-27,0.333837,1.51719,-1
2012-12-28,0.334372,1.38786,-1
2012-12-31,0.333786,1.21305,-1
2013-01-02,0.330543,0.909344,-1
2013-01-03,0.328021,0.672836,-1
2013-01-04,0.328817,0.653849,-1
2013-01-07,0.333268,0.904392,-1
2013-01-08,0.322764,0.0263469,0
2013-01-09,0.329046,0.452454,0
2013-01-10,0.327025,0.193164,0
2013-01-11,0.332848,0.683619,0
2013-01-14,0.343145,1.90547,0
2013-01-15,0.3489,2.56785,-1
2013-01-16,0.35421,2.92693,-1
2013-01-17,0.353085,2.3966,-1
2013-01-18,0.351023,1.85275,-1
2013-01-22,0.355542,2.10144,-1
2013-01-23,0.35009,1.2645,-1
2013-01-24,0.347437,0.921059,-1
2013-01-25,0.349465,1.03361,-1
2013-01-28,0.354645,1.4165,-1
2013-01-29,0.357803,1.55045,-1
2013-01-30,0.362853,1.80789,-1
2013-01-31,0.359121,1.28459,-1
2013-02-01,0.370024,2.01983,-1
2013-02-04,0.368409,1.64821,-1
2013-02-05,0.367312,1.39855,-1
2013-02-06,0.367636,1.28444,-1
2013-02-07,0.370498,1.45002,-1
2013-02-08,0.371938,1.47957,-1
2013-02-11,0.375546,1.79751,-1
2013-02-12,0.380986,2.29564,-1
2013-02-13,0.378087,1.71772,-1
2013-02-14,0.381281,1.83695,-1
2013-02-15,0.376528,1.17385,-1
2013-02-19,0.374395,0.867697,-1
2013-02-20,0.370135,0.386874,0
2013-02-21,0.374274,0.721305,0
2013-02-22,0.376039,0.824827,0
2013-02-25,0.371348,0.229098,0
2013-02-26,0.374887,0.603056,0
2013-02-27,0.378401,1.08292,0
2013-02-28,0.382463,1.74339,0
2013-03-01,0.381623,1.43972,0
2013-03-04,0.391861,3.56719,-1
2013-03-05,0.388451,2.1052,-1
2013-03-06,0.393559,2.61861,-1
2013-03-07,0.40354,3.6095,-1
2013-03-08,0.400794,2.41908,-1
2013-03-11,0.40008,1.9612,-1
2013-03-12,0.396029,1.30895,-1
2013-03-13,0.395874,1.16248,-1
2013-03-14,0.40348,1.76568,-1
2013-03-15,0.405774,1.74994,-1
2013-03-18,0.407682,1.69409,-1
2013-03-19,0.41252,1.87505,-1
2013-03-20,0.419397,2.16085,-1
2013-03-21,0.424346,2.24807,-1
2013-03-22,0.419096,1.58707,-1
2013-03-25,0.413737,1.07207,-1
2013-03-26,0.40839,0.615011,-1
2013-03-27,0.397022,-0.333022,0
2013-03-28,0.390589,-0.982915,0
2013-04-01,0.390159,-1.10796,0
2013-04-02,0.387072,-1.51181,0
2013-04-03,0.383731,-1.75172,0
2013-04-04,0.387912,-1.30319,0
2013-04-05,0.391464,-0.938692,0
2013-04-08,0.398393,-0.283759,0
2013-04-09,0.40356,0.161896,0
2013-04-10,0.412935,0.936333,0
2013-04-11,0.417955,1.26985,0
2013-04-12,0.412065,0.6697,0
2013-04-15,0.411119,0.552712,0
2013-04-16,0.413546,0.71964,0
2013-04-17,0.400501,-0.332643,0
2013-04-18,0.401225,-0.230797,0
2013-04-19,0.394682,-0.70371,0
2013-04-22,0.393395,-0.744931,0
2013-04-23,0.387979,-1.17973,0
2013-04-24,0.393358,-0.557105,0
2013-04-25,0.41012,1.13459,0
2013-04-26,0.423716,2.31956,-1
2013-04-29,0.432017,2.66248,-1
2013-04-30,0.429176,1.96903,-1
2013-05-01,0.431029,1.85534,-1
2013-05-02,0.433342,1.82305,-1
2013-05-03,0.430105,1.40189,-1
2013-05-06,0.422163,0.725857,-1
2013-05-07,0.414392,0.11659,0
2013-05-08,0.411172,-0.144036,0
2013-05-09,0.413864,0.0495216,0
2013-05-10,0.420043,0.495277,0
2013-05-13,0.417384,0.280124,0
2013-05-14,0.423955,0.713495,0
2013-05-15,0.41456,0.0259463,0
2013-05-16,0.418265,0.237274,0
2013-05-17,0.412392,-0.240644,0
2013-05-20,0.415374,-0.0957698,0
2013-05-21,0.421706,0.336911,0
2013-05-22,0.420031,0.0654014,0
2013-05-23,0.427991,0.989697,0
2013-05-24,0.431133,1.34782,0
2013-05-28,0.429976,1.08439,0
2013-05-29,0.425659,0.520336,0
2013-05-30,0.422521,0.112287,0
2013-05-31,0.420639,-0.0984238,0
2013-06-03,0.420973,0.0501942,0
2013-06-04,0.418934,-0.224196,0
2013-06-05,0.419784,-0.0465707,0
2013-06-06,0.405454,-2.6924,1
2013-06-07,0.40163,-3.00042,1
2013-06-10,0.413227,-0.850298,1
2013-06-11,0.410099,-1.21183,1
2013-06-12,0.405566,-1.71371,1
2013-06-13,0.402571,-1.87921,1
2013-06-14,0.399137,-2.05927,1
2013-06-17,0.397043,-1.99001,1
2013-06-18,0.395088,-1.93438,1
2013-06-19,0.396491,-1.56482,1
2013-06-20,0.396048,-1.42719,1
2013-06-21,0.399664,-0.987854,1
2013-06-24,0.392631,-1.47394,1
2013-06-25,0.391149,-1.48417,1
2013-06-26,0.389633,-1.51346,1
2013-06-27,0.39178,-1.19669,1
2013-06-28,0.385335,-1.71451,1
2013-07-01,0.392104,-0.911114,1
2013-07-02,0.389057,-1.16005,1
2013-07-03,0.387936,-1.22096,1
2013-07-05,0.390536,-0.864811,1
2013-07-08,0.389421,-0.930027,1
2013-07-09,0.394668,-0.141446,0
2013-07-10,0.397063,0.362894,0
2013-07-11,0.39944,1.02921,0
2013-07-12,0.400434,1.43981,0
2013-07-15,0.406974,3.01868,-1
2013-07-16,0.401953,1.51312,-1
2013-07-17,0.402148,1.43248,-1
2013-07-18,0.401643,1.21362,-1
2013-07-19,0.404994,1.69746,-1
2013-07-22,0.409399,2.21455,-1
2013-07-23,0.407442,1.64879,-1
2013-07-24,0.40256,0.798099,-1
2013-07-25,0.413703,2.22941,-1
2013-07-26,0.413971,1.93732,-1
2013-07-29,0.410798,1.3138,-1
2013-07-30,0.409967,1.11194,-1
2013-07-31,0.41146,1.18847,-1
2013-08-01,0.426398,2.9784,-1
2013-08-02,0.422712,2.05617,-1
2013-08-05,0.418793,1.39075,-1
2013-08-06,0.413182,0.636847,-1
2013-08-07,0.416099,0.931438,-1
2013-08-08,0.409341,-0.048027,0
2013-08-09,0.409272,-0.12963,0
2013-08-12,0.412429,0.263839,0
2013-08-13,0.423445,1.86142,0
2013-08-14,0.424644,1.82399,0
2013-08-15,0.42664,1.91017,0
2013-08-16,0.426304,1.6687,0
2013-08-19,0.427027,1.59462,0
2013-08-20,0.424905,1.13603,0
2013-08-21,0.424482,0.973648,0
2013-08-22,0.423236,0.727139,0
2013-08-23,0.42768,1.30961,0
2013-08-26,0.426653,1.031,0
2013-08-27,0.429403,1.3364,0
2013-08-28,0.432099,1.62468,0
2013-08-29,0.437449,2.26533,-1
2013-08-30,0.439166,2.18775,-1
2013-09-03,0.440273,1.9994,-1
2013-09-04,0.436097,1.26307,-1
2013-09-05,0.444836,2.12319,-1
2013-09-06,0.444624,1.80978,-1
2013-09-09,0.444206,1.62094,-1
2013-09-10,0.453069,2.55716,-1
2013-09-11,0.449273,1.83979,-1
2013-09-12,0.458437,2.59489,-1
2013-09-13,0.455848,1.90016,-1
2013-09-16,0.452416,1.35131,-1
2013-09-17,0.451569,1.1415,-1
2013-09-18,0.456468,1.46183,-1
2013-09-19,0.456687,1.34082,-1
2013-09-20,0.459271,1.45633,-1
2013-09-23,0.47404,2.72551,-1
2013-09-24,0.470107,1.94977,-1
2013-09-25,0.469166,1.68041,-1
2013-09-26,0.465257,1.20004,-1
2013-09-27,0.46024,0.657339,-1
2013-09-30,0.460518,0.60791,-1
2013-10-01,0.459486,0.431308,0
2013-10-02,0.454539,-0.161684,0
2013-10-03,0.439493,-2.10648,1
2013-10-04,0.429248,-3.12505,1
2013-10-07,0.431761,-2.32078,1
2013-10-08,0.426443,-2.51616,1
2013-10-09,0.425255,-2.18159,1
2013-10-10,0.417464,-2.41299,1
2013-10-11,0.418315,-1.95931,1
2013-10-14,0.418817,-1.66896,1
2013-10-15,0.424167,-1.2001,1
2013-10-16,0.426903,-0.954449,1
2013-10-17,0.428038,-0.81184,1
2013-10-18,0.428352,-0.721524,1
2013-10-21,0.433312,-0.402098,0
2013-10-22,0.431854,-0.402919,0
2013-10-23,0.431693,-0.334217,0
2013-10-24,0.426367,-0.593426,0
2013-10-25,0.431549,-0.148201,0
2013-10-28,0.431346,-0.0669554,0
2013-10-29,0.428572,-0.20461,0
2013-10-30,0.419952,-1.14942,0
2013-10-31,0.408342,-3.38535,1
2013-11-01,0.389798,-5.64625,1
2013-11-04,0.36632,-5.62826,1
2013-11-05,0.370436,-3.08543,1
2013-11-06,0.380048,-1.92013,1
2013-11-07,0.376444,-1.83614,1
2013-11-08,0.378999,-1.49949,1
2013-11-11,0.375696,-1.4794,1
2013-11-12,0.369758,-1.55777,1
2013-11-13,0.371343,-1.32522,1
2013-11-14,0.368723,-1.28699,1
2013-11-15,0.351863,-1.76559,1
2013-11-18,0.354194,-1.47703,1
2013-11-19,0.366863,-0.898867,1
2013-11-20,0.373899,-0.565281,1
2013-11-21,0.385693,-0.0498006,0
2013-11-22,0.387037,0.0815002,0
2013-11-25,0.383883,0.0493914,0
2013-11-26,0.384469,0.208876,0
2013-11-27,0.386366,0.512795,0
2013-11-29,0.389834,1.0435,0
2013-12-02,0.388603,1.19766,0
2013-12-03,0.381119,0.518536,0
2013-12-04,0.372114,-0.390193,0
2013-12-05,0.372129,-0.39831,0
2013-12-06,0.366418,-0.899892,0
2013-12-09,0.373047,-0.222369,0
2013-12-10,0.376952,0.166831,0
2013-12-11,0.379018,0.35241,0
2013-12-12,0.358666,-1.58359,0
2013-12-13,0.350124,-2.19223,1
2013-12-16,0.333602,-3.21384,1
2013-12-17,0.325901,-3.20108,1
2013-12-18,0.322211,-2.79337,1
2013-12-19,0.336515,-1.57903,1
2013-12-20,0.340259,-1.23823,1
2013-12-23,0.342089,-1.03516,1
2013-12-24,0.34091,-0.989021,1
2013-12-26,0.335145,-1.15132,1
2013-12-27,0.332676,-1.15156,1
2013-12-30,0.336158,-0.888696,1
2013-12-31,0.333075,-0.954318,1
2014-01-02,0.340847,-0.483398,0
2014-01-03,0.344866,-0.190686,0
2014-01-06,0.340752,-0.355985,0
2014-01-07,0.335597,-0.59225,0
2014-01-08,0.324426,-1.21626,0
2014-01-09,0.333879,-0.506215,0
2014-01-10,0.307874,-2.50278,1
2014-01-13,0.312362,-2.19399,1
2014-01-14,0.309465,-2.29265,1
2014-01-15,0.309521,-1.99246,1
2014-01-16,0.305015,-2.098,1
2014-01-17,0.30673,-1.69367,1
2014-01-21,0.322118,-0.445802,0
2014-01-22,0.328805,0.0795517,0
2014-01-23,0.320753,-0.463363,0
2014-01-24,0.324231,-0.13637,0
2014-01-27,0.32472,-0.0384327,0
2014-01-28,0.320828,-0.305588,0
2014-01-29,0.319087,-0.400064,0
2014-01-30,0.334413,0.911656,0
2014-01-31,0.311154,-0.988035,0
2014-02-03,0.329151,0.617041,0
2014-02-04,0.32668,0.525511,0
2014-02-05,0.319528,-0.083059,0
2014-02-06,0.326184,0.730366,0
2014-02-07,0.324806,0.565714,0
2014-02-10,0.332971,1.60005,0
2014-02-11,0.335597,1.73983,0
2014-02-12,0.328148,0.71878,0
2014-02-13,0.328715,0.706152,0
2014-02-14,0.309363,-1.69895,0
2014-02-18,0.302965,-2.64259,1
2014-02-19,0.312065,-1.37797,1
2014-02-20,0.306324,-1.91994,1
2014-02-21,0.292881,-3.10815,1
2014-02-24,0.2916,-2.54136,1
2014-02-25,0.300062,-1.44325,1
2014-02-26,0.309984,-0.56216,1
2014-02-27,0.311036,-0.442228,0
2014-02-28,0.303591,-0.953266,0
2014-03-03,0.307098,-0.601838,0
2014-03-04,0.300996,-1.03603,0
2014-03-05,0.32089,0.550754,0
2014-03-06,0.324966,0.893456,0
2014-03-07,0.314363,0.063938,0
2014-03-10,0.315768,0.219301,0
2014-03-11,0.319426,0.547759,0
2014-03-12,0.327278,1.30291,0
2014-03-13,0.322716,1.01883,0
2014-03-14,0.32141,0.957806,0
2014-03-17,0.321121,1.01376,0
2014-03-18,0.327248,1.51732,0
2014-03-19,0.328319,1.45118,0
2014-03-20,0.322276,0.780701,0
2014-03-21,0.326079,1.04006,0
2014-03-24,0.324602,0.829564,0
2014-03-25,0.332493,1.65352,0
2014-03-26,0.339916,2.39233,-1
2014-03-27,0.323978,0.354399,0
2014-03-28,0.316448,-0.511287,0
2014-03-31,0.3201,-0.208945,0
2014-04-01,0.320362,-0.278649,0
2014-04-02,0.321124,-0.400427,0
2014-04-03,0.318721,-0.810209,0
2014-04-04,0.322348,-0.140408,0
2014-04-07,0.315759,-1.39366,0
2014-04-08,0.313001,-1.8845,0
2014-04-09,0.325168,0.31533,0
2014-04-10,0.310205,-2.16631,1
2014-04-11,0.313714,-1.32712,1
2014-04-14,0.316552,-0.807495,1
2014-04-15,0.321873,-0.00680999,0
2014-04-16,0.322242,0.0851659,0
2014-04-17,0.332679,1.67815,0
2014-04-21,0.332299,1.44616,0
2014-04-22,0.335746,1.80145,0
2014-04-23,0.340043,2.13413,-1
2014-04-24,0.341637,2.11959,-1
2014-04-25,0.335279,1.35427,-1
2014-04-28,0.341924,1.94833,-1
2014-04-29,0.341158,1.61439,-1
2014-04-30,0.328472,0.226001,0
2014-05-01,0.333329,0.653448,0
2014-05-02,0.325863,-0.118771,0
2014-05-05,0.322487,-0.483226,0
2014-05-06,0.32163,-0.567311,0
2014-05-07,0.327526,-0.0238464,0
2014-05-08,0.32589,-0.276477,0
2014-05-09,0.322371,-0.655284,0
2014-05-12,0.321398,-0.910619,0
2014-05-13,0.325027,-0.567445,0
2014-05-14,0.330208,0.0357461,0
2014-05-15,0.332227,0.261155,0
2014-05-16,0.327509,-0.485881,0
2014-05-19,0.324393,-0.89696,0
2014-05-20,0.322646,-1.07336,0
2014-05-21,0.32313,-0.903057,0
2014-05-22,0.323888,-0.708909,0
2014-05-23,0.323499,-0.702703,0
2014-05-27,0.318812,-1.41348,0
2014-05-28,0.31907,-1.36274,0
2014-05-29,0.315429,-2.40513,1
2014-05-30,0.326356,0.462701,0
2014-06-02,0.327313,0.856733,0
2014-06-03,0.325748,0.431727,0
2014-06-04,0.327491,0.831452,0
2014-06-05,0.332091,1.91262,0
2014-06-06,0.327455,0.638925,0
2014-06-09,0.329665,1.12808,0
2014-06-10,0.338006,2.91706,-1
2014-06-11,0.33207,1.17785,-1
2014-06-12,0.342227,2.98273,-1
2014-06-13,0.341933,2.356,-1
2014-06-16,0.3494,3.08964,-1
2014-06-17,0.356364,3.22106,-1
2014-06-18,0.364633,3.26255,-1
2014-06-19,0.378615,3.59044,-1
2014-06-20,0.370022,2.14031,-1
2014-06-23,0.369738,1.81241,-1
2014-06-24,0.376005,1.91802,-1
2014-06-25,0.377468,1.75352,-1
2014-06-26,0.376145,1.49182,-1
2014-06-27,0.379661,1.52821,-1
2014-06-30,0.386195,1.68133,-1
2014-07-01,0.379609,1.18987,-1
2014-07-02,0.375231,0.875434,-1
2014-07-03,0.372913,0.678269,-1
2014-07-07,0.366844,0.291081,0
2014-07-08,0.360772,-0.132649,0
2014-07-09,0.365429,0.0459637,0
2014-07-10,0.36591,-0.0104127,0
2014-07-11,0.360007,-0.625271,0
2014-07-14,0.357244,-1.03384,0
2014-07-15,0.359979,-0.992651,0
2014-07-16,0.359564,-1.20944,0
2014-07-17,0.367059,-0.364674,0
2014-07-18,0.365477,-0.573471,0
2014-07-21,0.369067,-0.061429,0
2014-07-22,0.374539,0.620947,0
2014-07-23,0.377688,0.971232,0
2014-07-24,0.384629,1.79403,0
2014-07-25,0.385347,1.73458,0
2014-07-28,0.371784,0.121233,0
2014-07-29,0.373238,0.328608,0
2014-07-30,0.376874,0.876416,0
2014-07-31,0.392968,2.88979,-1
2014-08-01,0.383915,1.40842,-1
2014-08-04,0.373093,0.216022,0
2014-08-05,0.36655,-0.466077,0
2014-08-06,0.365042,-0.660522,0
2014-08-07,0.371367,-0.0134283,0
2014-08-08,0.374445,0.274824,0
2014-08-11,0.3764,0.418416,0
2014-08-12,0.373888,0.0504511,0
2014-08-13,0.372019,-0.264379,0
2014-08-14,0.366991,-1.06464,0
2014-08-15,0.369243,-0.75554,0
2014-08-18,0.366055,-1.25281,0
2014-08-19,0.376822,0.277847,0
2014-08-20,0.373686,-0.169257,0
2014-08-21,0.381213,0.895531,0
2014-08-22,0.38241,1.11616,0
2014-08-25,0.385686,1.65109,0
2014-08-26,0.380211,0.705681,0
2014-08-27,0.384316,1.21154,0
2014-08-28,0.384782,1.18228,0
2014-08-29,0.391273,2.33718,-1
2014-09-02,0.385886,1.35865,-1
2014-09-03,0.382323,0.76309,-1
2014-09-04,0.381344,0.553247,-1
2014-09-05,0.377257,-0.109403,0
2014-09-08,0.382497,0.616677,0
2014-09-09,0.378069,-0.0952198,0
2014-09-10,0.376629,-0.320798,0
2014-09-11,0.370807,-1.21586,0
2014-09-12,0.373851,-0.743458,0
2014-09-15,0.381515,0.365793,0
2014-09-16,0.375913,-0.671358,0
2014-09-17,0.37747,-0.575077,0
2014-09-18,0.377501,-0.577869,0
2014-09-19,0.377713,-0.597955,0
2014-09-22,0.372953,-1.55271,0
2014-09-23,0.374586,-1.05682,0
2014-09-24,0.371326,-1.61425,0
2014-09-25,0.373149,-1.09051,0
2014-09-26,0.367643,-2.03343,1
2014-09-29,0.370226,-1.30897,1
2014-09-30,0.363869,-2.65704,1
2014-10-01,0.362087,-2.66571,1
2014-10-02,0.352916,-3.89042,1
2014-10-03,0.351622,-3.01933,1
2014-10-06,0.348687,-2.726,1
2014-10-07,0.34284,-2.86809,1
2014-10-08,0.346581,-1.9618,1
2014-10-09,0.345927,-1.75611,1
2014-10-10,0.342817,-1.78952,1
2014-10-13,0.334407,-2.19501,1
2014-10-14,0.317211,-3.10489,1
2014-10-15,0.316085,-2.50868,1
2014-10-16,0.328269,-1.4493,1
2014-10-17,0.328422,-1.29706,1
2014-10-20,0.319726,-1.64015,1
2014-10-21,0.331897,-0.832715,1
2014-10-22,0.327764,-0.975153,1
2014-10-23,0.336671,-0.388171,0
2014-10-24,0.330362,-0.692048,0
2014-10-27,0.330669,-0.596641,0
2014-10-28,0.334609,-0.240208,0
2014-10-29,0.339894,0.274011,0
2014-10-30,0.341839,0.590134,0
2014-10-31,0.342166,0.714485,0
2014-11-03,0.329991,-0.449744,0
2014-11-04,0.325385,-0.881404,0
2014-11-05,0.334232,0.188834,0
2014-11-06,0.334768,0.340453,0
2014-11-07,0.326777,-0.592095,0
2014-11-10,0.322451,-1.10925,0
2014-11-11,0.325546,-0.591338,0
2014-11-12,0.32924,-0.164013,0
2014-11-13,0.326315,-0.777278,0
2014-11-14,0.330046,-0.145079,0
2014-11-17,0.32493,-0.996302,0
2014-11-18,0.324951,-1.10988,0
2014-11-19,0.326061,-0.829566,0
2014-11-20,0.331126,0.0473481,0
2014-11-21,0.331954,0.240208,0
2014-11-24,0.334519,0.669985,0
2014-11-25,0.331741,0.15419,0
2014-11-26,0.325813,-0.844846,0
2014-11-28,0.311269,-3.43574,1
2014-12-01,0.318059,-1.68117,1
2014-12-02,0.319271,-1.39918,1
2014-12-03,0.308777,-3.02235,1
2014-12-04,0.302046,-3.32659,1
2014-12-05,0.295061,-3.37589,1
2014-12-08,0.279762,-4.0569,1
2014-12-09,0.285106,-2.47421,1
2014-12-10,0.293921,-1.50356,1
2014-12-11,0.288635,-1.65534,1
2014-12-12,0.292828,-1.22652,1
2014-12-15,0.274526,-2.12072,1
2014-12-16,0.288287,-1.11634,1
2014-12-17,0.301113,-0.358826,0
2014-12-18,0.306137,-0.044228,0
2014-12-19,0.315328,0.495391,0
2014-12-22,0.310533,0.295211,0
2014-12-23,0.314559,0.614067,0
2014-12-24,0.318654,0.992973,0
2014-12-26,0.322609,1.37792,0
2014-12-29,0.32468,1.55778,0
2014-12-30,0.323344,1.34896,0
2014-12-31,0.321032,1.15364,0
2015-01-02,0.320625,1.1142,0
2015-01-05,0.306659,0.17058,0
2015-01-06,0.311351,0.450237,0
2015-01-07,0.300769,-0.265518,0
2015-01-08,0.307432,0.0945369,0
2015-01-09,0.288668,-1.32669,0
2015-01-12,0.285666,-1.49037,0
2015-01-13,0.273211,-2.31969,1
2015-01-14,0.273125,-2.0361,1
2015-01-15,0.269657,-2.22776,1
2015-01-16,0.270042,-1.96202,1
2015-01-20,0.283121,-1.03947,1
2015-01-21,0.290625,-0.576758,1
2015-01-22,0.287158,-0.69293,1
2015-01-23,0.288809,-0.547464,1
2015-01-26,0.298418,0.00285338,0
2015-01-27,0.301281,0.206576,0
2015-01-28,0.290777,-0.303997,0
2015-01-29,0.287984,-0.391737,0
2015-01-30,0.285179,-0.493542,0
2015-02-02,0.295427,0.313,0
2015-02-03,0.29922,0.769839,0
2015-02-04,0.296705,0.617059,0
2015-02-05,0.296057,0.683023,0
2015-02-06,0.300592,1.14805,0
2015-02-09,0.307412,1.92366,0
2015-02-10,0.310972,2.00661,-1
2015-02-11,0.313521,1.9447,-1
2015-02-12,0.312558,1.6455,-1
2015-02-13,0.319316,2.04705,-1
2015-02-17,0.319261,1.87357,-1
2015-02-18,0.323105,2.11981,-1
2015-02-19,0.320826,1.66226,-1
2015-02-20,0.317955,1.23884,-1
2015-02-23,0.320954,1.37147,-1
2015-02-24,0.317437,0.95233,-1
2015-02-25,0.321219,1.17305,-1
2015-02-26,0.317428,0.762217,-1
2015-02-27,0.315073,0.488928,0
2015-03-02,0.313211,0.243677,0
2015-03-03,0.310822,-0.116657,0
2015-03-04,0.315691,0.353483,0
2015-03-05,0.316486,0.376478,0
2015-03-06,0.317609,0.453034,0
2015-03-09,0.326786,2.09529,-1
2015-03-10,0.327005,2.17576,-1
2015-03-11,0.335866,3.90025,-1
2015-03-12,0.322691,0.612645,-1
2015-03-13,0.318876,-0.119749,0
2015-03-16,0.323419,0.641868,0
2015-03-17,0.331597,2.06777,-1
2015-03-18,0.342619,3.57774,-1
2015-03-19,0.343007,2.71967,-1
2015-03-20,0.363052,4.39028,-1
2015-03-23,0.342499,1.36793,-1
2015-03-24,0.336483,0.779403,-1
2015-03-25,0.34661,1.46641,-1
2015-03-26,0.348801,1.46846,-1
2015-03-27,0.348065,1.26098,-1
2015-03-30,0.349448,1.23388,-1
2015-03-31,0.338464,0.354962,0
2015-04-01,0.342816,0.603525,0
2015-04-02,0.349314,1.04131,0
2015-04-06,0.355298,1.44782,0
2015-04-07,0.363319,2.01618,-1
2015-04-08,0.365094,1.89626,-1
2015-04-09,0.361046,1.35642,-1
2015-04-10,0.350332,0.423316,0
2015-04-13,0.34898,0.237868,0
2015-04-14,0.356206,0.809218,0
2015-04-15,0.354476,0.574078,0
2015-04-16,0.35606,0.689346,0
2015-04-17,0.355341,0.529994,0
2015-04-20,0.362655,1.36949,0
2015-04-21,0.361563,1.24134,0
2015-04-22,0.353031,0.0636494,0
2015-04-23,0.35643,0.433488,0
2015-04-24,0.361838,1.14927,0
2015-04-27,0.359844,0.756996,0
2015-04-28,0.363965,1.26925,0
2015-04-29,0.36867,1.80232,0
2015-04-30,0.368173,1.68671,0
2015-05-01,0.333574,-4.23323,1
2015-05-04,0.324124,-4.25434,1
2015-05-05,0.326606,-2.71134,1
2015-05-06,0.330737,-1.87399,1
2015-05-07,0.333702,-1.41557,1
2015-05-08,0.328469,-1.64409,1
2015-05-11,0.332877,-1.17135,1
2015-05-12,0.332067,-1.13338,1
2015-05-13,0.338493,-0.619252,1
2015-05-14,0.340864,-0.415358,0
2015-05-15,0.342683,-0.252912,0
2015-05-18,0.335377,-0.683183,0
2015-05-19,0.318418,-1.7224,0
2015-05-20,0.319051,-1.48791,0
2015-05-21,0.320442,-1.24262,0
2015-05-22,0.322418,-1.00183,0
2015-05-26,0.320213,-1.04925,0
2015-05-27,0.321191,-0.894023,0
2015-05-28,0.322451,-0.736735,0
2015-05-29,0.319102,-0.991968,0
2015-06-01,0.316298,-1.52188,0
2015-06-02,0.315697,-1.42978,0
2015-06-03,0.313852,-1.533,0
2015-06-04,0.314534,-1.30292,0
2015-06-05,0.315816,-1.03534,0
2015-06-08,0.297715,-2.88582,1
2015-06-09,0.300797,-2.01864,1
2015-06-10,0.307564,-1.17231,1
2015-06-11,0.30193,-1.53318,1
2015-06-12,0.301728,-1.41524,1
2015-06-15,0.299363,-1.5445,1
2015-06-16,0.295863,-1.88133,1
2015-06-17,0.292489,-2.14094,1
2015-06-18,0.288867,-2.18782,1
2015-06-19,0.284115,-2.29631,1
2015-06-22,0.292779,-1.22986,1
2015-06-23,0.291919,-1.18779,1
2015-06-24,0.288136,-1.39544,1
2015-06-25,0.287326,-1.33748,1
2015-06-26,0.290773,-0.929259,1
2015-06-29,0.283279,-1.54645,1
2015-06-30,0.276574,-2.04012,1
2015-07-01,0.282323,-1.28821,1
2015-07-02,0.271033,-2.2706,1
2015-07-06,0.266613,-2.44395,1
2015-07-07,0.2679,-2.08688,1
2015-07-08,0.260347,-2.44558,1
2015-07-09,0.26707,-1.52587,1
2015-07-10,0.266447,-1.45034,1
2015-07-13,0.266108,-1.34418,1
2015-07-14,0.268038,-1.07172,1
2015-07-15,0.258315,-1.82211,1
2015-07-16,0.259107,-1.56014,1
2015-07-17,0.248435,-2.29713,1
2015-07-20,0.256179,-1.35866,1
2015-07-21,0.267639,-0.359871,0
2015-07-22,0.261939,-0.741243,0
2015-07-23,0.26354,-0.528697,0
2015-07-24,0.252448,-1.47736,0
2015-07-27,0.244462,-2.13214,1
2015-07-28,0.241874,-2.26591,1
2015-07-29,0.243324,-1.87962,1
2015-07-30,0.242475,-1.75346,1
2015-07-31,0.237641,-2.14535,1
2015-08-03,0.218691,-3.68047,1
2015-08-04,0.225213,-2.22376,1
2015-08-05,0.211268,-2.87056,1
2015-08-06,0.213519,-2.15906,1
2015-08-07,0.2122,-1.92555,1
2015-08-10,0.213564,-1.61264,1
2015-08-11,0.218873,-1.17062,1
2015-08-12,0.214491,-1.29129,1
2015-08-13,0.205321,-1.63084,1
2015-08-14,0.210522,-1.19624,1
2015-08-17,0.185374,-2.30159,1
2015-08-18,0.198634,-1.36784,1
2015-08-19,0.188799,-1.72563,1
2015-08-20,0.189232,-1.55341,1
2015-08-21,0.176491,-2.09519,1
2015-08-24,0.174082,-1.98587,1
2015-08-25,0.144673,-3.15625,1
2015-08-26,0.135665,-2.88041,1
2015-08-27,0.165209,-1.29316,1
2015-08-28,0.197676,0.0262198,0
2015-08-31,0.202427,0.297469,0
2015-09-01,0.208733,0.59474,0
2015-09-02,0.191763,-0.0665551,0
2015-09-03,0.186955,-0.232211,0
2015-09-04,0.184017,-0.308222,0
2015-09-08,0.172452,-0.771684,0
2015-09-09,0.167086,-0.938722,0
2015-09-10,0.169956,-0.716572,0
2015-09-11,0.169408,-0.666896,0
2015-09-14,0.171809,-0.469561,0
2015-09-15,0.185194,0.337677,0
2015-09-16,0.18996,0.599012,0
2015-09-17,0.192803,0.795404,0
2015-09-18,0.194945,0.896842,0
2015-09-21,0.190037,0.601403,0
2015-09-22,0.187825,0.439391,0
2015-09-23,0.178955,-0.0800157,0
2015-09-24,0.183286,0.0696107,0
2015-09-25,0.18714,0.213768,0
2015-09-28,0.170343,-1.34433,0
2015-09-29,0.171742,-1.08977,0
2015-09-30,0.187536,0.439174,0
2015-10-01,0.184445,0.302703,0
2015-10-02,0.201128,2.22386,-1
2015-10-05,0.219306,3.76764,-1
2015-10-06,0.240423,4.3741,-1
2015-10-07,0.237202,2.80669,-1
2015-10-08,0.24723,2.77495,-1
2015-10-09,0.25279,2.49426,-1
2015-10-12,0.242993,1.70774,-1
2015-10-13,0.240636,1.42571,-1
2015-10-14,0.243991,1.3962,-1
2015-10-15,0.238836,1.07383,-1
2015-10-16,0.233304,0.787718,-1
2015-10-19,0.237034,0.843001,-1
2015-10-20,0.238501,0.812413,-1
2015-10-21,0.238586,0.735523,-1
2015-10-22,0.232117,0.430936,0
2015-10-23,0.226911,0.170211,0
2015-10-26,0.220197,-0.155813,0
2015-10-27,0.20962,-0.751861,0
2015-10-28,0.219084,-0.495923,0
2015-10-29,0.220785,-0.559165,0
2015-10-30,0.225759,-0.473677,0
2015-11-02,0.240437,0.639724,0
2015-11-03,0.255736,1.98023,0
2015-11-04,0.251413,1.38722,0
2015-11-05,0.241454,0.459124,0
2015-11-06,0.239823,0.356462,0
2015-11-09,0.242364,0.654794,0
2015-11-10,0.247465,1.10491,0
2015-11-11,0.244857,0.826667,0
2015-11-12,0.245801,0.900849,0
2015-11-13,0.248668,1.09518,0
2015-11-16,0.257504,1.72107,0
2015-11-17,0.264203,2.03646,-1
2015-11-18,0.267696,2.00532,-1
2015-11-19,0.2579,1.12127,-1
2015-11-20,0.24382,0.150015,0
2015-11-23,0.249072,0.430844,0
2015-11-24,0.244767,0.0726442,0
2015-11-25,0.246968,0.120494,0
2015-11-27,0.241688,-0.460689,0
2015-11-30,0.24704,-0.0879672,0
2015-12-01,0.256943,1.01724,0
2015-12-02,0.260568,1.38564,0
2015-12-03,0.258891,1.10224,0
2015-12-04,0.26299,1.51912,0
2015-12-07,0.261125,1.1406,0
2015-12-08,0.27917,3.21922,-1
2015-12-09,0.27963,2.5667,-1
2015-12-10,0.298083,3.76194,-1
2015-12-11,0.282935,1.69878,-1
2015-12-14,0.294085,2.24728,-1
2015-12-15,0.28946,1.6246,-1
2015-12-16,0.300178,2.05607,-1
2015-12-17,0.283299,0.894208,-1
2015-12-18,0.283675,0.856183,-1
2015-12-21,0.277559,0.472191,0
2015-12-22,0.284165,0.750001,0
2015-12-23,0.291507,1.06682,0
2015-12-24,0.282995,0.500586,0
2015-12-28,0.271683,-0.24369,0
2015-12-29,0.27634,-0.064288,0
2015-12-30,0.276458,-0.17568,0
2015-12-31,0.276997,-0.22663,0
2016-01-04,0.270679,-0.877571,0
2016-01-05,0.270992,-0.982634,0
2016-01-06,0.238765,-4.39469,1
2016-01-07,0.218289,-4.79656,1
2016-01-08,0.227245,-2.63813,1
2016-01-11,0.223582,-2.32162,1
2016-01-12,0.220909,-2.08031,1
2016-01-13,0.205108,-2.38256,1
2016-01-14,0.211391,-1.79078,1
2016-01-15,0.209113,-1.64824,1
2016-01-19,0.197779,-1.84467,1
2016-01-20,0.207886,-1.30783,1
2016-01-21,0.221678,-0.762868,1
2016-01-22,0.22023,-0.730208,1
2016-01-25,0.221269,-0.620012,1
2016-01-26,0.225508,-0.402304,0
2016-01-27,0.233534,-0.0381569,0
2016-01-28,0.243031,0.391641,0
2016-01-29,0.23867,0.31224,0
2016-02-01,0.244504,0.693946,0
2016-02-02,0.217646,-0.506119,0
2016-02-03,0.20925,-0.933743,0
2016-02-04,0.194765,-2.07048,1
2016-02-05,0.168957,-3.6894,1
2016-02-08,0.19284,-1.36376,1
2016-02-09,0.160702,-2.9699,1
2016-02-10,0.171004,-1.87739,1
2016-02-11,0.16736,-1.78882,1
2016-02-12,0.179119,-1.12624,1
2016-02-16,0.182175,-0.915476,1
2016-02-17,0.213373,0.316102,0
2016-02-18,0.190027,-0.583268,0
2016-02-19,0.186786,-0.665396,0
2016-02-22,0.214543,0.425755,0
2016-02-23,0.183235,-0.726572,0
2016-02-24,0.18402,-0.627355,0
2016-02-25,0.178576,-0.764494,0
2016-02-26,0.170447,-1.00482,0
2016-02-29,0.178713,-0.582286,0
2016-03-01,0.196905,0.357613,0
2016-03-02,0.191817,0.287852,0
2016-03-03,0.199796,0.932472,0
2016-03-04,0.205647,1.41178,0
2016-03-07,0.211164,1.68932,0
2016-03-08,0.210829,1.48047,0
2016-03-09,0.258476,4.27842,-1
2016-03-10,0.273055,3.72505,-1
2016-03-11,0.279728,2.99368,-1
2016-03-14,0.273753,2.20337,-1
2016-03-15,0.269061,1.73966,-1
2016-03-16,0.280393,1.84363,-1
2016-03-17,0.281644,1.65098,-1
2016-03-18,0.288717,1.63134,-1
2016-03-21,0.282523,1.30222,-1
2016-03-22,0.266964,0.829375,-1
2016-03-23,0.251023,0.384619,0
2016-03-24,0.261745,0.571634,0
2016-03-28,0.257191,0.385101,0
2016-03-29,0.260375,0.390782,0
2016-03-30,0.259755,0.290708,0
2016-03-31,0.272028,0.607382,0
2016-04-01,0.267322,0.365889,0
2016-04-04,0.256148,-0.182605,0
2016-04-05,0.259091,-0.194938,0
2016-04-06,0.269385,0.234946,0
2016-04-07,0.279831,1.09222,0
2016-04-08,0.286135,1.59016,0
2016-04-11,0.273477,0.300753,0
2016-04-12,0.285152,1.40634,0
2016-04-13,0.280587,0.893887,0
2016-04-14,0.277658,0.575342,0
2016-04-15,0.275195,0.378359,0
2016-04-18,0.281026,0.931338,0
2016-04-19,0.294264,2.24476,-1
2016-04-20,0.29944,2.44684,-1
2016-04-21,0.296695,1.82692,-1
2016-04-22,0.294483,1.4822,-1
2016-04-25,0.291782,1.12978,-1
2016-04-26,0.29612,1.35465,-1
2016-04-27,0.30214,1.68224,-1
2016-04-28,0.292791,0.818369,-1
2016-04-29,0.286585,0.274106,0
2016-05-02,0.28963,0.447421,0
2016-05-03,0.28131,-0.385529,0
2016-05-04,0.275946,-1.16435,0
2016-05-05,0.283064,-0.455097,0
2016-05-06,0.282245,-0.575541,0
2016-05-09,0.266655,-2.35451,1
2016-05-10,0.260401,-2.82045,1
2016-05-11,0.263787,-1.96455,1
2016-05-12,0.264111,-1.70611,1
2016-05-13,0.261458,-1.75818,1
2016-05-16,0.266853,-1.20262,1
2016-05-17,0.262631,-1.4113,1
2016-05-18,0.257705,-1.6057,1
2016-05-19,0.247414,-2.14459,1
2016-05-20,0.250792,-1.6394,1
2016-05-23,0.248184,-1.6266,1
2016-05-24,0.255547,-1.00178,1
2016-05-25,0.264852,-0.324081,0
2016-05-26,0.267137,-0.0694077,0
2016-05-27,0.269987,0.252223,0
2016-05-31,0.270634,0.396578,0
2016-06-01,0.269533,0.432397,0
2016-06-02,0.271307,0.704124,0
2016-06-03,0.274349,1.06595,0
2016-06-06,0.268846,0.577819,0
2016-06-07,0.275159,1.55808,0
2016-06-08,0.272078,1.04683,0
2016-06-09,0.270637,0.781552,0
2016-06-10,0.269918,0.64458,0
2016-06-13,0.26456,-0.0222977,0
2016-06-14,0.258206,-0.786557,0
2016-06-15,0.254659,-1.13692,0
2016-06-16,0.247719,-1.83732,0
2016-06-17,0.257969,-0.587983,0
2016-06-20,0.263902,-0.0227267,0
2016-06-21,0.265682,0.111266,0
2016-06-22,0.260248,-0.736029,0
2016-06-23,0.27439,1.20926,0
2016-06-24,0.275494,1.25443,0
2016-06-27,0.266016,-0.0986745,0
2016-06-28,0.256537,-1.33053,0
2016-06-29,0.257649,-1.05393,0
2016-06-30,0.257895,-0.927349,0
2016-07-01,0.250356,-1.78493,0
2016-07-05,0.253259,-1.23121,0
2016-07-06,0.251904,-1.27137,0
2016-07-07,0.248849,-1.53605,0
2016-07-08,0.259388,-0.10935,0
2016-07-11,0.261677,0.246451,0
2016-07-12,0.263924,0.610185,0
2016-07-13,0.263419,0.549068,0
2016-07-14,0.263175,0.478774,0
2016-07-15,0.264533,0.605828,0
2016-07-18,0.258765,-0.292229,0
2016-07-19,0.26187,0.145482,0
2016-07-20,0.263161,0.346145,0
2016-07-21,0.262089,0.212451,0
2016-07-22,0.263,0.331027,0
2016-07-25,0.256981,-0.516121,0
2016-07-26,0.260243,0.204526,0
2016-07-27,0.262717,0.798907,0
2016-07-28,0.265692,1.35141,0
2016-07-29,0.285941,5.29576,-1
2016-08-01,0.286693,3.34387,-1
2016-08-02,0.278325,1.68753,-1
2016-08-03,0.283528,2.04592,-1
2016-08-04,0.28145,1.58021,-1
2016-08-05,0.281761,1.48319,-1
2016-08-08,0.277294,0.880224,-1
2016-08-09,0.277279,0.796894,-1
2016-08-10,0.282646,1.25306,-1
2016-08-11,0.291687,1.99592,-1
2016-08-12,0.286636,1.2761,-1
2016-08-15,0.293029,1.70374,-1
2016-08-16,0.290359,1.29475,-1
2016-08-17,0.294846,1.54968,-1
2016-08-18,0.299034,1.73534,-1
2016-08-19,0.299233,1.56694,-1
2016-08-22,0.293422,0.944256,-1
2016-08-23,0.29384,0.921823,-1
2016-08-24,0.295639,1.05017,-1
2016-08-25,0.298773,1.38284,-1
2016-08-26,0.295266,0.908432,-1
2016-08-29,0.29615,0.94981,-1
2016-08-30,0.296244,0.882461,-1
2016-08-31,0.289377,-0.141028,0
2016-09-01,0.289027,-0.234841,0
2016-09-02,0.289749,-0.195472,0
2016-09-06,0.291864,0.0601104,0
2016-09-07,0.299857,1.3884,0
2016-09-08,0.303001,2.14101,-1
2016-09-09,0.299549,1.21806,-1
2016-09-12,0.304182,2.15983,-1
2016-09-13,0.299535,0.88607,-1
2016-09-14,0.296273,0.0730116,0
2016-09-15,0.301716,1.2858,0
2016-09-16,0.296899,0.0709084,0
2016-09-19,0.301246,1.08931,0
2016-09-20,0.312768,3.62582,-1
2016-09-21,0.323466,4.56672,-1
2016-09-22,0.324191,3.13224,-1
2016-09-23,0.317603,1.7582,-1
2016-09-26,0.317688,1.55675,-1
2016-09-27,0.317618,1.37734,-1
2016-09-28,0.307533,0.347168,0
2016-09-29,0.303789,-0.0327385,0
2016-09-30,0.310823,0.555854,0
2016-10-03,0.308798,0.280533,0
2016-10-04,0.306141,-0.0833276,0
2016-10-05,0.307203,-0.0497,0
2016-10-06,0.30627,-0.204523,0
2016-10-07,0.310489,0.276903,0
2016-10-10,0.308303,-0.0500268,0
2016-10-11,0.306906,-0.248673,0
2016-10-12,0.304977,-0.552345,0
2016-10-13,0.29792,-1.62503,0
2016-10-14,0.301017,-1.13117,0
2016-10-17,0.303783,-0.825482,0
2016-10-18,0.30545,-0.623731,0
2016-10-19,0.305707,-0.533374,0
2016-10-20,0.301345,-1.1462,0
2016-10-21,0.302298,-0.963255,0
2016-10-24,0.292728,-2.84115,1
2016-10-25,0.295936,-1.8497,1
2016-10-26,0.295979,-1.78005,1
2016-10-27,0.285238,-3.70686,1
2016-10-28,0.347632,6.88526,0
2016-10-31,0.373347,5.78372,-1
2016-11-01,0.385906,4.01588,-1
2016-11-02,0.377931,2.53124,-1
2016-11-03,0.375501,2.00695,-1
2016-11-04,0.370737,1.58577,-1
2016-11-07,0.368788,1.35502,-1
2016-11-08,0.365958,1.14074,-1
2016-11-09,0.358618,0.834551,-1
2016-11-10,0.351083,0.553955,-1
2016-11-11,0.355809,0.619313,-1
2016-11-14,0.359752,0.66133,-1
2016-11-15,0.364438,0.723184,-1
2016-11-16,0.380776,1.1154,-1
2016-11-17,0.384533,1.11685,-1
2016-11-18,0.393905,1.28749,-1
2016-11-21,0.389216,1.03417,-1
2016-11-22,0.391079,1.02021,-1
2016-11-23,0.391835,0.987205,-1
2016-11-25,0.389613,0.871742,-1
2016-11-28,0.392339,1.279,-1
2016-11-29,0.388181,0.888247,-1
2016-11-30,0.392649,1.1407,-1
2016-12-01,0.408702,2.22212,-1
2016-12-02,0.408358,1.87095,-1
2016-12-05,0.405693,1.4781,-1
2016-12-06,0.400473,1.02808,-1
2016-12-07,0.409646,1.43876,-1
2016-12-08,0.413263,1.48639,-1
2016-12-09,0.411389,1.2501,-1
2016-12-12,0.401616,0.602666,-1
2016-12-13,0.387061,-0.470565,0
2016-12-14,0.395667,0.0351497,0
2016-12-15,0.401719,0.501294,0
2016-12-16,0.4074,1.04921,0
2016-12-19,0.411845,1.46495,0
2016-12-20,0.414285,1.57568,0
2016-12-21,0.415551,1.5472,0
2016-12-22,0.416519,1.48568,0
2016-12-23,0.415273,1.20485,0
2016-12-27,0.413156,0.876959,0
2016-12-28,0.415337,1.03205,0
2016-12-29,0.414038,0.811308,0
2016-12-30,0.413983,0.731512,0
2017-01-03,0.40853,-0.0106558,0
2017-01-04,0.418974,1.32652,0
2017-01-05,0.429159,2.45327,-1
2017-01-06,0.42569,1.67213,-1
2017-01-09,0.43318,2.26776,-1
2017-01-10,0.437966,2.37621,-1
2017-01-11,0.436516,1.87063,-1
2017-01-12,0.443747,2.20653,-1
2017-01-13,0.445528,2.18931,-1
2017-01-17,0.433423,0.994426,-1
2017-01-18,0.442524,1.66675,-1
2017-01-19,0.456944,2.66764,-1
2017-01-20,0.443968,1.25669,-1
2017-01-23,0.452563,1.74259,-1
2017-01-24,0.459656,2.01551,-1
2017-01-25,0.464267,2.03546,-1
2017-01-26,0.455423,1.24212,-1
2017-01-27,0.432474,-0.245056,0
2017-01-30,0.422388,-0.940272,0
2017-01-31,0.429293,-0.553455,0
2017-02-01,0.437158,-0.0997309,0
2017-02-02,0.442072,0.159328,0
2017-02-03,0.453077,1.01203,0
2017-02-06,0.450534,0.697874,0
2017-02-07,0.442649,-0.0887697,0
2017-02-08,0.450741,0.612269,0
2017-02-09,0.452554,0.720987,0
2017-02-10,0.451566,0.558107,0
2017-02-13,0.453535,0.699851,0
2017-02-14,0.452883,0.595687,0
2017-02-15,0.449366,0.192944,0
2017-02-16,0.442486,-0.488499,0
2017-02-17,0.445684,-0.119939,0
2017-02-21,0.456668,0.928813,0
2017-02-22,0.456004,0.832738,0
2017-02-23,0.451682,0.448539,0
2017-02-24,0.451855,0.566966,0
2017-02-27,0.461078,1.56992,0
2017-02-28,0.47038,2.40938,-1
2017-03-01,0.462566,1.43071,-1
2017-03-02,0.454733,0.391422,0
2017-03-03,0.466208,1.9744,0
2017-03-06,0.458527,0.667869,0
2017-03-07,0.450063,-0.56383,0
2017-03-08,0.447809,-0.874797,0
2017-03-09,0.444117,-1.50076,0
2017-03-10,0.449994,-0.559775,0
2017-03-13,0.440792,-1.81901,0
2017-03-14,0.427546,-3.32703,1
2017-03-15,0.42962,-2.32039,1
2017-03-16,0.419383,-2.89564,1
2017-03-17,0.418538,-2.37927,1
2017-03-20,0.418352,-2.03865,1
2017-03-21,0.423882,-1.42568,1
2017-03-22,0.427944,-1.03238,1
2017-03-23,0.421953,-1.29063,1
2017-03-24,0.430536,-0.672087,1
2017-03-27,0.414336,-1.53604,1
2017-03-28,0.415679,-1.30152,1
2017-03-29,0.421918,-0.84109,1
2017-03-30,0.399624,-2.15886,1
2017-03-31,0.415537,-0.932709,1
2017-04-03,0.418826,-0.658826,1
2017-04-04,0.423245,-0.263674,0
2017-04-05,0.421184,-0.345775,0
2017-04-06,0.421541,-0.231199,0
2017-04-07,0.420516,-0.244062,0
2017-04-10,0.421425,-0.0151989,0
2017-04-11,0.420591,0.00175248,0
2017-04-12,0.419075,-0.178526,0
2017-04-13,0.407418,-2.01663,1
2017-04-17,0.409381,-1.45488,1
2017-04-18,0.411058,-1.07976,1
2017-04-19,0.403947,-1.98234,1
2017-04-20,0.403936,-1.71746,1
2017-04-21,0.407859,-1.04227,1
2017-04-24,0.412706,-0.335705,0
2017-04-25,0.412866,-0.227454,0
2017-04-26,0.410669,-0.524131,0
2017-04-27,0.406566,-1.05676,0
2017-04-28,0.413531,0.0186149,0
2017-05-01,0.401351,-2.00283,1
2017-05-02,0.396168,-2.47506,1
2017-05-03,0.401363,-1.39325,1
2017-05-04,0.395778,-1.99056,1
2017-05-05,0.400594,-1.15127,1
2017-05-08,0.398769,-1.28518,1
2017-05-09,0.390447,-2.26611,1
2017-05-10,0.399492,-0.854326,1
2017-05-11,0.388537,-2.30314,1
2017-05-12,0.386883,-2.28032,1
2017-05-15,0.392323,-1.25721,1
2017-05-16,0.398984,-0.331727,0
2017-05-17,0.391623,-1.1841,0
2017-05-18,0.398937,-0.191505,0
2017-05-19,0.409565,1.12705,0
2017-05-22,0.401563,0.144588,0
2017-05-23,0.399574,-0.0289406,0
2017-05-24,0.402505,0.46825,0
2017-05-25,0.398366,-0.0537514,0
2017-05-26,0.397018,-0.201109,0
2017-05-30,0.396046,-0.268629,0
2017-05-31,0.397637,0.0772502,0
2017-06-01,0.402843,1.04439,0
2017-06-02,0.406143,1.63079,0
2017-06-05,0.399406,0.265307,0
2017-06-06,0.395791,-0.359438,0
2017-06-07,0.395523,-0.379516,0
2017-06-08,0.401209,0.598818,0
2017-06-09,0.40608,1.46426,0
2017-06-12,0.412003,2.46977,-1
2017-06-13,0.412486,2.33351,-1
2017-06-14,0.408665,1.33386,-1
2017-06-15,0.403892,0.38429,0
2017-06-16,0.40836,1.13912,0
2017-06-19,0.408604,1.07533,0
2017-06-20,0.404715,0.375834,0
2017-06-21,0.396124,-1.24183,0
2017-06-22,0.400025,-0.474755,0
2017-06-23,0.398977,-0.636989,0
2017-06-26,0.395146,-1.33125,0
2017-06-27,0.396022,-1.13464,0
2017-06-28,0.393044,-1.65698,0
2017-06-29,0.401404,-0.141857,0
2017-06-30,0.403058,0.146535,0
2017-07-03,0.405493,0.585525,0
2017-07-05,0.404398,0.348334,0
2017-07-06,0.405493,0.475491,0
2017-07-07,0.401103,-0.391382,0
2017-07-10,0.397469,-1.04947,0
2017-07-11,0.392952,-1.75781,0
2017-07-12,0.396081,-1.03526,0
2017-07-13,0.398269,-0.541398,0
2017-07-14,0.397547,-0.615862,0
2017-07-17,0.400352,0.0285461,0
2017-07-18,0.398753,-0.239592,0
2017-07-19,0.402868,0.905817,0
2017-07-20,0.404374,1.35355,0
2017-07-21,0.399987,0.0888403,0
2017-07-24,0.402525,0.741268,0
2017-07-25,0.40916,2.37025,-1
2017-07-26,0.414924,3.35269,-1
2017-07-27,0.418779,3.30903,-1
2017-07-28,0.452372,8.0825,-1
2017-07-31,0.45689,4.07406,-1
2017-08-01,0.469778,3.61239,-1
2017-08-02,0.461712,2.2999,-1
2017-08-03,0.453664,1.60909,-1
2017-08-04,0.463228,1.7954,-1
2017-08-07,0.46083,1.48596,-1
2017-08-08,0.468424,1.59137,-1
2017-08-09,0.470287,1.48217,-1
2017-08-10,0.468966,1.28441,-1
2017-08-11,0.470294,1.2033,-1
2017-08-14,0.465274,0.924525,-1
2017-08-15,0.466337,0.872726,-1
2017-08-16,0.46736,0.826651,-1
2017-08-17,0.473934,0.990871,-1
2017-08-18,0.474401,0.926285,-1
2017-08-21,0.471092,0.721162,-1
2017-08-22,0.472013,0.713275,-1
2017-08-23,0.476,0.915493,-1
2017-08-24,0.487296,1.84933,-1
2017-08-25,0.489694,2.74011,-1
2017-08-28,0.488498,2.19742,-1
2017-08-29,0.489678,2.04105,-1
2017-08-30,0.492909,2.08049,-1
2017-08-31,0.488969,1.43211,-1
2017-09-01,0.496471,2.06749,-1
2017-09-05,0.495031,1.66419,-1
2017-09-06,0.496435,1.63264,-1
2017-09-07,0.493461,1.18655,-1
2017-09-08,0.486869,0.495075,0
2017-09-11,0.497192,1.35628,0
2017-09-12,0.49388,0.92752,0
2017-09-13,0.505513,1.94348,0
2017-09-14,0.504004,1.61484,0
2017-09-15,0.505817,1.67314,0
2017-09-18,0.510449,1.95671,0
2017-09-19,0.518814,2.53638,-1
2017-09-20,0.515103,1.88727,-1
2017-09-21,0.523917,2.5945,-1
2017-09-22,0.53057,2.86171,-1
2017-09-25,0.52378,1.77675,-1
2017-09-26,0.520864,1.3452,-1
2017-09-27,0.513834,0.692199,-1
2017-09-28,0.506297,0.0457402,0
2017-09-29,0.50775,0.107996,0
2017-10-02,0.511292,0.327791,0
2017-10-03,0.513068,0.421391,0
2017-10-04,0.510674,0.149492,0
2017-10-05,0.516428,0.605266,0
2017-10-06,0.506932,-0.365461,0
2017-10-09,0.508946,-0.316307,0
2017-10-10,0.515456,0.363757,0
2017-10-11,0.515919,0.33898,0
2017-10-12,0.516318,0.332937,0
2017-10-13,0.51672,0.32056,0
2017-10-16,0.520146,0.797514,0
2017-10-17,0.519144,0.560688,0
2017-10-18,0.50411,-1.84568,0
2017-10-19,0.504767,-1.52751,0
2017-10-20,0.504168,-1.46538,0
2017-10-23,0.505098,-1.29546,0
2017-10-24,0.504949,-1.23686,0
2017-10-25,0.501783,-1.72456,0
2017-10-26,0.498301,-2.12364,1
2017-10-27,0.453274,-9.01627,1
2017-10-30,0.462698,-3.14678,1
2017-10-31,0.477927,-1.5609,1
2017-11-01,0.472,-1.7135,1
2017-11-02,0.470998,-1.56118,1
2017-11-03,0.472106,-1.33348,1
2017-11-06,0.483172,-0.672438,1
2017-11-07,0.486844,-0.434615,0
2017-11-08,0.483244,-0.549392,0
2017-11-09,0.482343,-0.526504,0
2017-11-10,0.484857,-0.326946,0
2017-11-13,0.485867,-0.202193,0
2017-11-14,0.490832,0.173567,0
2017-11-15,0.498991,0.815802,0
2017-11-16,0.499804,0.901233,0
2017-11-17,0.504873,1.27783,0
2017-11-20,0.501232,1.02617,0
2017-11-21,0.501313,1.06169,0
2017-11-22,0.504972,1.34584,0
2017-11-24,0.506327,1.4089,0
2017-11-27,0.502088,1.05692,0
2017-11-28,0.502847,1.07065,0
2017-11-29,0.502018,0.93759,0
2017-11-30,0.505431,1.13176,0
2017-12-01,0.50782,1.25352,0
2017-12-04,0.517614,2.11411,-1
2017-12-05,0.521783,2.37905,-1
2017-12-06,0.522426,2.09729,-1
2017-12-07,0.519425,1.55927,-1
2017-12-08,0.520559,1.52064,-1
2017-12-11,0.520401,1.39792,-1
2017-12-12,0.517386,1.01505,-1
2017-12-13,0.515276,0.731193,-1
2017-12-14,0.514498,0.570237,-1
2017-12-15,0.514654,0.517032,-1
2017-12-18,0.515453,0.546751,-1
2017-12-19,0.522468,1.38615,-1
2017-12-20,0.526161,1.73552,-1
2017-12-21,0.546785,4.2067,-1
2017-12-22,0.546683,2.93783,-1
2017-12-26,0.554537,2.98986,-1
2017-12-27,0.55204,2.22743,-1
2017-12-28,0.550896,1.843,-1
2017-12-29,0.552169,1.72515,-1
2018-01-02,0.555142,1.73059,-1
2018-01-03,0.543598,0.825935,-1
2018-01-04,0.539144,0.468985,0
2018-01-05,0.538283,0.363304,0
2018-01-08,0.538859,0.352674,0
2018-01-09,0.537591,0.215238,0
2018-01-10,0.551705,1.09257,0
2018-01-11,0.572141,2.33153,-1
2018-01-12,0.573339,2.06416,-1
2018-01-16,0.567462,1.47367,-1
2018-01-17,0.558726,0.827979,-1
2018-01-18,0.559175,0.78693,-1
2018-01-19,0.56007,0.793265,-1
2018-01-22,0.557492,0.516683,-1
2018-01-23,0.545259,-0.706979,0
2018-01-24,0.545564,-0.668043,0
2018-01-25,0.541665,-1.02358,0
2018-01-26,0.53892,-1.18994,0
2018-01-29,0.528863,-1.97542,0
2018-01-30,0.516852,-2.68291,1
2018-01-31,0.512033,-2.51413,1
2018-02-01,0.494377,-3.14446,1
2018-02-02,0.48769,-2.78033,1
2018-02-05,0.492773,-2.03919,1
2018-02-06,0.549227,0.389859,0
2018-02-07,0.550526,0.418117,0
2018-02-08,0.535246,-0.187597,0
2018-02-09,0.539731,0.0137493,0
2018-02-12,0.535818,-0.076952,0
2018-02-13,0.531266,-0.194798,0
2018-02-14,0.532237,-0.081331,0
2018-02-15,0.535581,0.130982,0
2018-02-16,0.527932,-0.174304,0
2018-02-20,0.527566,-0.121097,0
2018-02-21,0.521155,-0.392313,0
2018-02-22,0.516292,-0.600764,0
2018-02-23,0.519509,-0.351425,0
2018-02-26,0.521002,-0.210003,0
2018-02-27,0.528902,0.297584,0
2018-02-28,0.536128,0.71753,0
2018-03-01,0.544118,1.11753,0
2018-03-02,0.536052,0.551767,0
2018-03-05,0.540315,0.743124,0
2018-03-06,0.545866,1.14088,0
2018-03-07,0.57222,3.94669,-1
2018-03-08,0.569731,2.76352,-1
2018-03-09,0.59758,4.26922,-1
2018-03-12,0.585126,2.30992,-1
2018-03-13,0.591464,2.23281,-1
2018-03-14,0.592121,1.91776,-1
2018-03-15,0.585308,1.41313,-1
2018-03-16,0.574696,0.888677,-1
2018-03-19,0.574093,0.788592,-1
2018-03-20,0.581523,0.97389,-1
2018-03-21,0.589838,1.17555,-1
2018-03-22,0.580937,0.748347,-1
2018-03-23,0.582643,0.737197,-1
2018-03-26,0.588788,0.914658,-1
2018-03-27,0.586717,0.753382,-1
2018-03-28,0.575885,0.152752,0
2018-03-29,0.569428,-0.287223,0
2018-04-02,0.571704,-0.251607,0
2018-04-03,0.571033,-0.469831,0
2018-04-04,0.569916,-0.815589,0
2018-04-05,0.579425,-0.126274,0
2018-04-06,0.572358,-0.993568,0
2018-04-09,0.582933,0.225743,0
2018-04-10,0.579373,-0.123093,0
2018-04-11,0.578226,-0.240258,0
2018-04-12,0.580685,0.193379,0
2018-04-13,0.578723,-0.00837978,0
2018-04-16,0.576549,-0.313376,0
2018-04-17,0.585415,1.14431,0
2018-04-18,0.593734,2.39791,-1
2018-04-19,0.590407,1.54673,-1
2018-04-20,0.584153,0.633677,-1
2018-04-23,0.587531,1.08582,-1
2018-04-24,0.594021,1.92501,-1
2018-04-25,0.581398,0.129617,0
2018-04-26,0.577145,-0.401087,0
2018-04-27,0.633709,7.18471,-1
2018-04-30,0.62221,2.82055,-1
2018-05-01,0.630211,2.77537,-1
2018-05-02,0.637131,2.62869,-1
2018-05-03,0.644545,2.52671,-1
2018-05-04,0.636191,1.7308,-1
2018-05-07,0.620975,0.908638,-1
2018-05-08,0.629593,1.17385,-1
2018-05-09,0.623916,0.832794,-1
2018-05-10,0.603277,-0.0866062,0
2018-05-11,0.606632,0.00378359,0
2018-05-14,0.604338,-0.156086,0
2018-05-15,0.599813,-0.434895,0
2018-05-16,0.59571,-0.673877,0
2018-05-17,0.605272,-0.229878,0
2018-05-18,0.59971,-0.539348,0
2018-05-21,0.599864,-0.591688,0
2018-05-22,0.598564,-0.70925,0
2018-05-23,0.5962,-0.85198,0
2018-05-24,0.602214,-0.608491,0
2018-05-25,0.585657,-1.77169,0
2018-05-29,0.582658,-1.74897,0
2018-05-30,0.575991,-1.90949,0
2018-05-31,0.572185,-1.87794,0
2018-06-01,0.561562,-2.24663,1
2018-06-04,0.558857,-2.1963,1
2018-06-05,0.566163,-1.58982,1
2018-06-06,0.555045,-2.01431,1
2018-06-07,0.574034,-0.828571,1
2018-06-08,0.561566,-1.47605,1
2018-06-11,0.576185,-0.500284,1
2018-06-12,0.58036,-0.187415,0
2018-06-13,0.591017,0.524307,0
2018-06-14,0.582103,0.0100828,0
2018-06-15,0.57702,-0.268949,0
2018-06-18,0.590543,0.725868,0
2018-06-19,0.588561,0.645047,0
2018-06-20,0.589568,0.791637,0
2018-06-21,0.576961,-0.108586,0
2018-06-22,0.576936,-0.0386352,0
2018-06-25,0.576517,0.0339492,0
2018-06-26,0.578227,0.238604,0
2018-06-27,0.580191,0.448811,0
2018-06-28,0.574417,-0.119456,0
2018-06-29,0.571602,-0.397303,0
2018-07-02,0.565614,-1.06162,0
2018-07-03,0.563809,-1.3435,0
2018-07-05,0.556955,-2.01777,1
2018-07-06,0.55801,-1.9625,1
2018-07-09,0.566131,-0.935503,1
2018-07-10,0.569926,-0.607425,1
2018-07-11,0.549955,-2.53827,1
2018-07-12,0.554757,-1.67706,1
2018-07-13,0.545761,-2.28328,1
2018-07-16,0.546744,-1.85567,1
2018-07-17,0.540118,-2.09863,1
2018-07-18,0.538054,-1.99785,1
2018-07-19,0.541678,-1.52767,1
2018-07-20,0.553817,-0.552199,1
2018-07-23,0.546099,-1.04467,1
2018-07-24,0.547717,-0.827923,1
2018-07-25,0.549426,-0.615479,1
2018-07-26,0.534301,-1.77636,1
2018-07-27,0.577471,2.01695,0
2018-07-30,0.594256,3.34588,-1
2018-07-31,0.584701,2.03129,-1
2018-08-01,0.591087,2.20752,-1
2018-08-02,0.583793,1.49591,-1
2018-08-03,0.582631,1.28444,-1
2018-08-06,0.584885,1.28746,-1
2018-08-07,0.578884,0.894739,-1
2018-08-08,0.57489,0.66409,-1
2018-08-09,0.568857,0.307673,0
2018-08-10,0.576419,0.643668,0
2018-08-13,0.579624,0.733789,0
2018-08-14,0.583848,0.87045,0
2018-08-15,0.562327,-0.32524,0
2018-08-16,0.556261,-0.751854,0
2018-08-17,0.554232,-0.953511,0
2018-08-20,0.547035,-1.37657,0
2018-08-21,0.548402,-1.30469,0
2018-08-22,0.542915,-1.63337,0
2018-08-23,0.546696,-1.35308,0
2018-08-24,0.547791,-1.42056,0
2018-08-27,0.549561,-1.17004,0
2018-08-28,0.546926,-1.22953,0
2018-08-29,0.542964,-1.35024,0
2018-08-30,0.543742,-1.19017,0
2018-08-31,0.536503,-1.53754,0
2018-09-04,0.538511,-1.26337,0
2018-09-05,0.52613,-1.97691,0
2018-09-06,0.505365,-3.074,1
2018-09-07,0.483557,-3.64948,1
2018-09-10,0.483928,-2.69402,1
2018-09-11,0.47512,-2.57502,1
2018-09-12,0.478646,-2.04964,1
2018-09-13,0.492509,-1.34647,1
2018-09-14,0.49473,-1.13721,1
2018-09-17,0.49014,-1.18857,1
2018-09-18,0.492855,-0.980469,1
2018-09-19,0.492975,-0.882844,1
2018-09-20,0.490054,-0.89999,1
2018-09-21,0.500289,-0.449375,0
2018-09-24,0.496415,-0.523884,0
2018-09-25,0.503629,-0.171192,0
2018-09-26,0.500135,-0.235074,0
2018-09-27,0.504503,0.0500423,0
2018-09-28,0.511443,0.503576,0
2018-10-01,0.519608,1.14063,0
2018-10-02,0.51512,1.02086,0
2018-10-03,0.523153,1.89251,0
2018-10-04,0.526695,2.22163,-1
2018-10-05,0.532447,2.32266,-1
2018-10-08,0.519619,1.16054,-1
2018-10-09,0.531099,1.77651,-1
2018-10-10,0.51976,0.896324,-1
2018-10-11,0.519153,0.780392,-1
2018-10-12,0.516175,0.491514,0
2018-10-15,0.51578,0.397855,0
2018-10-16,0.516106,0.34898,0
2018-10-17,0.510667,-0.16553,0
2018-10-18,0.508056,-0.483728,0
2018-10-19,0.512327,-0.213819,0
2018-10-22,0.514146,-0.0990101,0
2018-10-23,0.496837,-2.24529,1
2018-10-24,0.495571,-2.192,1
2018-10-25,0.499368,-1.66992,1
2018-10-26,0.508599,-0.657217,1
2018-10-29,0.491017,-2.38719,1
2018-10-30,0.487018,-2.34724,1
2018-10-31,0.483224,-2.26759,1
2018-11-01,0.466976,-3.08119,1
2018-11-02,0.483274,-1.4528,1
2018-11-05,0.522976,1.12808,0
2018-11-06,0.518504,0.831837,0
2018-11-07,0.522747,1.19129,0
2018-11-08,0.525672,1.35541,0
2018-11-09,0.527167,1.39566,0
2018-11-12,0.521785,0.99006,0
2018-11-13,0.526679,1.24713,0
2018-11-14,0.537474,1.80089,0
2018-11-15,0.547828,2.15213,-1
2018-11-16,0.556233,2.24732,-1
2018-11-19,0.556073,1.90651,-1
2018-11-20,0.55574,1.65754,-1
2018-11-21,0.560939,1.66002,-1
2018-11-23,0.552746,1.17482,-1
2018-11-26,0.545921,0.820595,-1
2018-11-27,0.54704,0.787221,-1
2018-11-28,0.554742,0.982968,-1
2018-11-29,0.553244,0.839788,-1
2018-11-30,0.548634,0.581672,-1
2018-12-03,0.542376,0.21272,0
2018-12-04,0.53509,-0.428587,0
2018-12-06,0.536425,-0.393223,0
2018-12-07,0.542091,-0.0501437,0
2018-12-10,0.551115,0.629148,0
2018-12-11,0.553949,0.809192,0
2018-12-12,0.563607,1.65791,0
2018-12-13,0.554235,0.620944,0
2018-12-14,0.553617,0.482577,0
2018-12-17,0.561325,1.44219,0
2018-12-18,0.563947,1.62901,0
2018-12-19,0.562915,1.3699,0
2018-12-20,0.565957,1.6327,0
2018-12-21,0.565808,1.46565,0
2018-12-24,0.572199,2.0744,-1
2018-12-26,0.588513,3.36534,-1
2018-12-27,0.602108,3.62708,-1
2018-12-28,0.606822,2.97198,-1
2018-12-31,0.607826,2.39883,-1
2019-01-02,0.604099,1.83152,-1
2019-01-03,0.599723,1.41373,-1
2019-01-04,0.585224,0.659695,-1
2019-01-07,0.593119,0.934669,-1
2019-01-08,0.58174,0.320227,0
2019-01-09,0.589984,0.657449,0
2019-01-10,0.596524,0.92386,0
2019-01-11,0.59291,0.642483,0
2019-01-14,0.586811,0.239367,0
2019-01-15,0.589846,0.338978,0
2019-01-16,0.583808,-0.132847,0
2019-01-17,0.582231,-0.330133,0
2019-01-18,0.592067,0.309523,0
2019-01-22,0.588842,-0.0433216,0
2019-01-23,0.588318,-0.203419,0
2019-01-24,0.605817,1.55733,0
2019-01-25,0.598934,0.668337,0
2019-01-28,0.596111,0.270166,0
2019-01-29,0.589417,-0.502059,0
2019-01-30,0.589423,-0.425317,0
2019-01-31,0.590678,-0.158092,0
2019-02-01,0.588386,-0.440468,0
2019-02-04,0.614006,4.06437,-1
2019-02-05,0.601931,1.30153,-1
2019-02-06,0.601128,1.09409,-1
2019-02-07,0.603126,1.25208,-1
2019-02-08,0.596044,0.25187,0
2019-02-11,0.589104,-0.60763,0
2019-02-12,0.587308,-0.800117,0
2019-02-13,0.583602,-1.2632,0
2019-02-14,0.581488,-1.43651,0
2019-02-15,0.573422,-2.34251,1
2019-02-19,0.566638,-2.82252,1
2019-02-20,0.571034,-1.87228,1
2019-02-21,0.570293,-1.71536,1
2019-02-22,0.564963,-1.94803,1
2019-02-25,0.565901,-1.64166,1
2019-02-26,0.566604,-1.40401,1
2019-02-27,0.557864,-1.86444,1
2019-02-28,0.55906,-1.54919,1
2019-03-01,0.567545,-0.860655,1
2019-03-04,0.564542,-0.96498,1
2019-03-05,0.575524,-0.224063,0
2019-03-06,0.588504,0.76127,0
2019-03-07,0.564875,-0.859611,0
2019-03-08,0.57622,0.106212,0
2019-03-11,0.583153,0.888646,0
2019-03-12,0.582753,1.01218,0
2019-03-13,0.580405,0.844066,0
2019-03-14,0.583083,1.23052,0
2019-03-15,0.592257,2.28151,-1
2019-03-18,0.58564,1.33373,-1
2019-03-19,0.58337,0.992722,-1
2019-03-20,0.573284,-0.0877391,0
2019-03-21,0.577051,0.27087,0
2019-03-22,0.570409,-0.415552,0
2019-03-25,0.575535,0.0635947,0
2019-03-26,0.573073,-0.237591,0
2019-03-27,0.569653,-0.635633,0
2019-03-28,0.566722,-1.10173,0
2019-03-29,0.567303,-1.16694,0
2019-04-01,0.570424,-0.775672,0
2019-04-02,0.574494,-0.321274,0
2019-04-03,0.571855,-0.656949,0
2019-04-04,0.565524,-1.45286,0
2019-04-05,0.57325,-0.396629,0
2019-04-08,0.569344,-0.913934,0
2019-04-09,0.572851,-0.3372,0
2019-04-10,0.57683,0.294496,0
2019-04-11,0.576193,0.232392,0
2019-04-12,0.537711,-5.54943,1
2019-04-15,0.544111,-2.91007,1
2019-04-16,0.546076,-2.19608,1
2019-04-17,0.535885,-2.79996,1
2019-04-18,0.53604,-2.23893,1
2019-04-22,0.532047,-2.17751,1
2019-04-23,0.527448,-2.13872,1
2019-04-24,0.515289,-2.53073,1
2019-04-25,0.506646,-2.53366,1
2019-04-26,0.520402,-1.47524,1
2019-04-29,0.53195,-0.819791,1
2019-04-30,0.547892,-0.0570496,0
2019-05-01,0.548562,0.0206994,0
2019-05-02,0.553463,0.305096,0
2019-05-03,0.558832,0.613469,0
2019-05-06,0.572675,1.30183,0
2019-05-07,0.57673,1.50064,0
2019-05-08,0.568687,1.07028,0
2019-05-09,0.60049,2.60422,-1
2019-05-10,0.598697,2.21321,-1
2019-05-13,0.596705,1.92078,-1
2019-05-14,0.605343,1.98195,-1
2019-05-15,0.602328,1.61369,-1
2019-05-16,0.601214,1.39836,-1
2019-05-17,0.604609,1.35642,-1
2019-05-20,0.607388,1.3,-1
2019-05-21,0.607068,1.16157,-1
2019-05-22,0.609493,1.12419,-1
2019-05-23,0.609765,1.04522,-1
2019-05-24,0.612813,1.10329,-1
2019-05-28,0.629079,1.68482,-1
2019-05-29,0.621989,1.29962,-1
2019-05-30,0.612563,0.797132,-1
2019-05-31,0.615473,0.87527,-1
2019-06-03,0.619046,1.02079,-1
2019-06-04,0.607542,0.252282,0
2019-06-05,0.618571,0.957853,0
2019-06-06,0.626535,1.5488,0
2019-06-07,0.629636,2.11501,-1
2019-06-10,0.632012,2.06854,-1
2019-06-11,0.623715,1.0004,-1
2019-06-12,0.626117,1.16659,-1
2019-06-13,0.623636,0.799785,-1
2019-06-14,0.627091,1.0899,-1
2019-06-17,0.622304,0.464158,0
2019-06-18,0.626576,0.905952,0
2019-06-19,0.631628,1.45827,0
2019-06-20,0.626454,0.670248,0
2019-06-21,0.618134,-0.548704,0
2019-06-24,0.627229,0.693704,0
2019-06-25,0.625592,0.362379,0
2019-06-26,0.62376,0.106066,0
2019-06-27,0.627019,0.609738,0
2019-06-28,0.627488,0.615624,0
2019-07-01,0.631581,1.28219,0
2019-07-02,0.626832,0.304862,0
2019-07-03,0.621091,-1.33699,0
2019-07-05,0.62656,0.0964958,0
2019-07-08,0.62261,-1.02889,0
2019-07-09,0.621218,-1.32819,0
2019-07-10,0.624451,-0.264039,0
2019-07-11,0.623623,-0.52564,0
2019-07-12,0.627251,0.601224,0
2019-07-15,0.63206,1.98409,0
2019-07-16,0.63893,3.63653,-1
2019-07-17,0.639696,2.86405,-1
2019-07-18,0.652271,4.59057,-1
2019-07-19,0.653218,3.20584,-1
2019-07-22,0.654343,2.58896,-1
2019-07-23,0.654549,2.17389,-1
2019-07-24,0.660384,2.3436,-1
2019-07-25,0.658699,1.83894,-1
2019-07-26,0.644929,0.624471,-1
2019-07-29,0.642216,0.367736,0
2019-07-30,0.642973,0.373074,0
2019-07-31,0.64582,0.539591,0
2019-08-01,0.65141,0.888801,0
2019-08-02,0.66085,1.52421,0
2019-08-05,0.664246,1.61904,0
2019-08-06,0.66031,1.17217,0
2019-08-07,0.664251,1.40201,0
2019-08-08,0.672892,2.0196,-1
2019-08-09,0.687093,3.08392,-1
2019-08-12,0.684671,2.3795,-1
2019-08-13,0.679688,1.70444,-1
2019-08-14,0.68072,1.59993,-1
2019-08-15,0.679722,1.37098,-1
2019-08-16,0.665172,0.211638,0
2019-08-19,0.661896,-0.0601863,0
2019-08-20,0.657651,-0.390801,0
2019-08-21,0.662991,-0.0207537,0
2019-08-22,0.6638,0.0280496,0
2019-08-23,0.671254,0.547509,0
2019-08-26,0.67096,0.452125,0
2019-08-27,0.68119,1.2171,0
2019-08-28,0.68276,1.28557,0
2019-08-29,0.677991,0.756571,0
2019-08-30,0.678985,0.790562,0
2019-09-03,0.665463,-0.750991,0
2019-09-04,0.663614,-0.962813,0
2019-09-05,0.653354,-2.14304,1
2019-09-06,0.649571,-2.29239,1
2019-09-09,0.651476,-1.76274,1
2019-09-10,0.664059,-0.455839,0
2019-09-11,0.66125,-0.648349,0
2019-09-12,0.661732,-0.528859,0
2019-09-13,0.653564,-1.28306,0
2019-09-16,0.660497,-0.456088,0
2019-09-17,0.666015,0.13404,0
2019-09-18,0.672989,0.827355,0
2019-09-19,0.675321,0.987405,0
2019-09-20,0.683992,1.77407,0
2019-09-23,0.687977,1.93105,0
2019-09-24,0.692009,2.05017,-1
2019-09-25,0.687299,1.41413,-1
2019-09-26,0.664965,-0.343962,0
2019-09-27,0.644973,-1.84237,0
2019-09-30,0.656814,-0.742699,0
2019-10-01,0.657739,-0.599417,0
2019-10-02,0.650726,-1.07967,0
2019-10-03,0.646477,-1.30645,0
2019-10-04,0.638664,-1.79074,0
2019-10-07,0.64688,-1.12216,0
2019-10-08,0.65205,-0.755209,0
2019-10-09,0.654101,-0.575195,0
2019-10-10,0.65529,-0.472491,0
2019-10-11,0.658525,-0.245551,0
2019-10-14,0.655983,-0.424404,0
2019-10-15,0.653752,-0.549469,0
2019-10-16,0.660101,-0.108495,0
2019-10-17,0.66346,0.145251,0
2019-10-18,0.665709,0.3337,0
2019-10-21,0.665847,0.42893,0
2019-10-22,0.671089,0.972882,0
2019-10-23,0.663423,0.552915,0
2019-10-24,0.66922,1.56862,0
2019-10-25,0.676211,2.313,-1
2019-10-28,0.683164,2.74965,-1
2019-10-29,0.683027,2.20892,-1
2019-10-30,0.678157,1.46775,-1
2019-10-31,0.678409,1.33259,-1
2019-11-01,0.650388,-1.08601,0
2019-11-04,0.66714,0.259216,0
2019-11-05,0.651208,-1.34693,0
2019-11-06,0.655739,-0.903304,0
2019-11-07,0.651856,-1.29201,0
2019-11-08,0.662489,-0.248222,0
2019-11-11,0.66739,0.197161,0
2019-11-12,0.682058,1.57284,0
2019-11-13,0.70089,3.20833,-1
2019-11-14,0.702496,2.6059,-1
2019-11-15,0.691727,1.39711,-1
2019-11-18,0.683661,0.725792,-1
2019-11-19,0.675716,0.145238,0
2019-11-20,0.680341,0.431512,0
2019-11-21,0.669419,-0.338159,0
2019-11-22,0.672413,-0.142112,0
2019-11-25,0.676737,0.154626,0
2019-11-26,0.674129,0.00437007,0
2019-11-27,0.677066,0.230816,0
2019-11-29,0.677129,0.238953,0
2019-12-02,0.670201,-0.221354,0
2019-12-03,0.670041,-0.319799,0
2019-12-04,0.668153,-0.468147,0
2019-12-05,0.66631,-0.715658,0
2019-12-06,0.665223,-0.887055,0
2019-12-09,0.657104,-1.76618,0
2019-12-10,0.670486,-0.514951,0
2019-12-11,0.657707,-1.6548,0
2019-12-12,0.660502,-1.23099,0
2019-12-13,0.668703,-0.425061,0
2019-12-16,0.669805,-0.216383,0
2019-12-17,0.667848,-0.383166,0
2019-12-18,0.664794,-0.782938,0
2019-12-19,0.66791,-0.206849,0
2019-12-20,0.673312,0.831122,0
2019-12-23,0.673902,0.885666,0
2019-12-24,0.677706,1.51516,0
2019-12-26,0.678347,1.59667,0
2019-12-27,0.679171,1.62735,0
2019-12-30,0.681112,1.87633,0
2019-12-31,0.682438,1.95645,0
2020-01-02,0.674646,0.635477,0
2020-01-03,0.678987,1.18927,0
2020-01-06,0.668197,-0.343937,0
2020-01-07,0.663291,-1.01058,0
2020-01-08,0.666496,-0.565157,0
2020-01-09,0.657506,-1.96955,0
2020-01-10,0.656991,-1.78455,0
2020-01-13,0.649692,-2.71258,1
2020-01-14,0.654949,-1.72423,1
2020-01-15,0.655025,-1.52738,1
2020-01-16,0.665334,-0.331079,0
2020-01-17,0.657724,-1.08333,0
2020-01-21,0.65181,-1.60082,0
2020-01-22,0.653782,-1.25077,0
2020-01-23,0.661615,-0.425427,0
2020-01-24,0.65704,-0.787945,0
2020-01-27,0.667217,0.231756,0
2020-01-28,0.675154,1.06133,0
2020-01-29,0.676492,1.24229,0
2020-01-30,0.675579,1.21901,0
2020-01-31,0.677281,1.52183,0
2020-02-03,0.691105,2.95943,-1
2020-02-04,0.708631,4.16863,-1
2020-02-05,0.696718,2.09466,-1
2020-02-06,0.702721,2.16934,-1
2020-02-07,0.704114,1.92944,-1
2020-02-10,0.722152,2.61408,-1
2020-02-11,0.725854,2.31528,-1
2020-02-12,0.72154,1.79061,-1
2020-02-13,0.723523,1.65775,-1
2020-02-14,0.725347,1.54681,-1
2020-02-18,0.739154,1.89671,-1
2020-02-19,0.736279,1.56431,-1
2020-02-20,0.735569,1.39394,-1
2020-02-21,0.740122,1.44739,-1
2020-02-24,0.746271,1.55001,-1
2020-02-25,0.74511,1.39178,-1
2020-02-26,0.739708,1.06419,-1
2020-02-27,0.759024,1.79374,-1
2020-02-28,0.719652,-0.0485435,0
2020-03-02,0.709066,-0.666526,0
2020-03-03,0.733474,0.486336,0
2020-03-04,0.755516,1.73864,0
2020-03-05,0.785402,3.27902,-1
2020-03-06,0.813838,4.08563,-1
2020-03-09,0.773051,1.33994,-1
2020-03-10,0.789941,1.89285,-1
2020-03-11,0.799117,1.9936,-1
2020-03-12,0.831477,2.84883,-1
2020-03-13,0.897073,4.26785,-1
2020-03-16,0.81415,1.11731,-1
2020-03-17,0.765304,-0.0624925,0
2020-03-18,0.617385,-3.37679,1
2020-03-19,0.621504,-2.53019,1
2020-03-20,0.704428,-0.830019,1
2020-03-23,0.652223,-1.58919,1
2020-03-24,0.741629,-0.139831,0
2020-03-25,0.732484,-0.269172,0
2020-03-26,0.79131,0.583729,0
2020-03-27,0.734242,-0.259437,0
2020-03-30,0.765013,0.170447,0
2020-03-31,0.760032,0.0595009,0
2020-04-01,0.715978,-0.600239,0
2020-04-02,0.749323,-0.0858353,0
2020-04-03,0.764877,0.165163,0
2020-04-06,0.802228,0.757048,0
2020-04-07,0.790574,0.556494,0
2020-04-08,0.791888,0.575089,0
2020-04-09,0.788283,0.529563,0
2020-04-13,0.803706,0.810932,0
2020-04-14,0.807658,1.07258,0
2020-04-15,0.827777,1.43394,0
2020-04-16,0.829305,1.3417,0
2020-04-17,0.819627,1.11386,0
2020-04-20,0.824206,1.21548,0
2020-04-21,0.80602,0.702424,0
2020-04-22,0.812508,0.871895,0
2020-04-23,0.810241,0.720014,0
2020-04-24,0.806446,0.524918,0
2020-04-27,0.832373,1.3068,0
2020-04-28,0.812195,0.55143,0
2020-04-29,0.811142,0.449097,0
2020-04-30,0.803446,0.109562,0
2020-05-01,0.847126,2.06748,-1
2020-05-04,0.831006,1.18021,-1
2020-05-05,0.847816,2.26882,-1
2020-05-06,0.835056,1.16839,-1
2020-05-07,0.857933,2.45126,-1
2020-05-08,0.846523,1.45686,-1
2020-05-11,0.833538,0.588128,-1
2020-05-12,0.825226,0.00788532,0
2020-05-13,0.847758,1.37649,0
2020-05-14,0.854368,1.65437,0
2020-05-15,0.851318,1.30779,0
2020-05-18,0.829215,-0.0326998,0
2020-05-19,0.827374,-0.147668,0
2020-05-20,0.833426,0.132476,0
2020-05-21,0.84047,0.494572,0
2020-05-22,0.820295,-0.835312,0
2020-05-26,0.825206,-0.608993,0
2020-05-27,0.82469,-0.613933,0
2020-05-28,0.817316,-1.19554,0
2020-05-29,0.81722,-1.26432,0
2020-06-01,0.811962,-1.86887,0
2020-06-02,0.810947,-1.71027,0
2020-06-03,0.79824,-2.41318,1
2020-06-04,0.791689,-2.44344,1
2020-06-05,0.762298,-3.66405,1
2020-06-08,0.756339,-3.05636,1
2020-06-09,0.761432,-2.22213,1
2020-06-10,0.775046,-1.4079,1
2020-06-11,0.7765,-1.21592,1
2020-06-12,0.789224,-0.673913,1
2020-06-15,0.777204,-1.02649,1
2020-06-16,0.785931,-0.615045,1
2020-06-17,0.791114,-0.346184,0
2020-06-18,0.789479,-0.349315,0
2020-06-19,0.794697,-0.0597046,0
2020-06-22,0.796025,0.101053,0
2020-06-23,0.788571,-0.19593,0
2020-06-24,0.792787,0.103444,0
2020-06-25,0.796092,0.393059,0
2020-06-26,0.798545,0.636759,0
2020-06-29,0.797048,0.652802,0
2020-06-30,0.805998,1.38301,0
2020-07-01,0.809879,1.72587,0
2020-07-02,0.809572,1.57349,0
2020-07-06,0.805736,1.17786,0
2020-07-07,0.80527,1.05581,0
2020-07-08,0.807972,1.2382,0
2020-07-09,0.806011,1.05135,0
2020-07-10,0.805962,0.972221,0
2020-07-13,0.807728,1.10203,0
2020-07-14,0.810245,1.27081,0
2020-07-15,0.804128,0.485083,0
2020-07-16,0.805761,0.630557,0
2020-07-17,0.809172,1.04352,0
2020-07-20,0.809839,1.06932,0
2020-07-21,0.831431,4.3415,-1
2020-07-22,0.850384,5.18093,-1
2020-07-23,0.848061,3.15855,-1
2020-07-24,0.844338,2.23889,-1
2020-07-27,0.840237,1.65514,-1
2020-07-28,0.830288,0.871718,-1
2020-07-29,0.830404,0.793695,-1
2020-07-30,0.835939,1.05611,-1
2020-07-31,0.803722,-0.970214,0
2020-08-03,0.810134,-0.560628,0
2020-08-04,0.802223,-1.05067,0
2020-08-05,0.801982,-1.04646,0
2020-08-06,0.809715,-0.563041,0
2020-08-07,0.806468,-0.768505,0
2020-08-10,0.816137,-0.203735,0
2020-08-11,0.804968,-0.894394,0
2020-08-12,0.817387,-0.139642,0
2020-08-13,0.831398,0.658578,0
2020-08-14,0.833019,0.687311,0
2020-08-17,0.850274,1.67307,0
2020-08-18,0.834156,0.538568,0
2020-08-19,0.830676,0.326312,0
2020-08-20,0.82708,0.185256,0
2020-08-21,0.837541,0.952998,0
2020-08-24,0.834035,0.766801,0
2020-08-25,0.852876,2.10732,-1
2020-08-26,0.85788,2.15768,-1
2020-08-27,0.865959,2.32759,-1
2020-08-28,0.851559,1.27249,-1
2020-08-31,0.849496,1.04693,-1
2020-09-01,0.851744,1.06074,-1
2020-09-02,0.858971,1.34616,-1
2020-09-03,0.849948,0.751679,-1
2020-09-04,0.846427,0.473882,0
2020-09-08,0.83216,-0.493635,0
2020-09-09,0.851336,0.690081,0
2020-09-10,0.852079,0.69811,0
2020-09-11,0.848792,0.341531,0
2020-09-14,0.84994,0.380789,0
2020-09-15,0.848046,0.133572,0
2020-09-16,0.836371,-0.972989,0
2020-09-17,0.83955,-0.687609,0
2020-09-18,0.847893,0.0822756,0
2020-09-21,0.843134,-0.583444,0
2020-09-22,0.85718,1.05849,0
2020-09-23,0.840157,-1.2106,0
2020-09-24,0.84004,-1.11064,0
2020-09-25,0.831483,-2.08267,1
2020-09-28,0.841775,-0.598275,1
2020-09-29,0.84256,-0.432756,0
2020-09-30,0.842539,-0.390419,0
2020-10-01,0.854756,1.31462,0
2020-10-02,0.87002,3.58109,-1
2020-10-05,0.868978,2.58093,-1
2020-10-06,0.873544,2.56653,-1
2020-10-07,0.890627,3.66853,-1
2020-10-08,0.860444,0.645141,-1
2020-10-09,0.858459,0.476482,0
2020-10-12,0.868394,1.10863,0
2020-10-13,0.864901,0.789065,0
2020-10-14,0.860731,0.456688,0
2020-10-15,0.859921,0.336442,0
2020-10-16,0.861325,0.372123,0
2020-10-19,0.858467,0.131768,0
2020-10-20,0.855996,-0.0927917,0
2020-10-21,0.860251,0.210587,0
2020-10-22,0.846983,-0.826213,0
2020-10-23,0.855226,-0.255353,0
2020-10-26,0.855714,-0.350196,0
2020-10-27,0.85084,-0.884441,0
2020-10-28,0.849818,-1.07246,0
2020-10-29,0.836164,-2.56963,1
2020-10-30,0.856607,-0.333243,0
2020-11-02,0.854245,-0.493474,0
2020-11-03,0.865189,0.577816,0
2020-11-04,0.870831,1.18582,0
2020-11-05,0.877721,2.59532,-1
2020-11-06,0.875339,1.88585,-1
2020-11-09,0.869778,1.08098,-1
2020-11-10,0.893745,3.5046,-1
2020-11-11,0.896395,2.86181,-1
2020-11-12,0.908164,3.08568,-1
2020-11-13,0.913946,2.73156,-1
2020-11-16,0.928732,2.9148,-1
2020-11-17,0.908682,1.5102,-1
2020-11-18,0.913675,1.538,-1
2020-11-19,0.925808,1.81432,-1
2020-11-20,0.938475,2.04478,-1
2020-11-23,0.936402,1.69752,-1
2020-11-24,0.923279,1.09016,-1
2020-11-25,0.913539,0.679389,-1
2020-11-27,0.919294,0.794092,-1
2020-11-30,0.923888,0.898012,-1
2020-12-01,0.917642,0.575272,-1
2020-12-02,0.909431,0.146915,0
2020-12-03,0.902138,-0.289248,0
2020-12-04,0.905438,-0.226764,0
2020-12-07,0.896319,-0.83734,0
2020-12-08,0.873703,-2.39803,1
2020-12-09,0.848878,-4.09017,1
2020-12-10,0.853589,-2.7284,1
2020-12-11,0.848526,-2.46282,1
2020-12-14,0.850953,-1.96135,1
2020-12-15,0.831569,-2.34393,1
2020-12-16,0.809216,-2.65031,1
2020-12-17,0.810934,-2.11549,1
2020-12-18,0.813864,-1.7392,1
2020-12-21,0.818982,-1.41803,1
2020-12-22,0.815188,-1.37006,1
2020-12-23,0.818483,-1.17052,1
2020-12-24,0.818216,-1.06917,1
2020-12-28,0.809916,-1.16493,1
2020-12-29,0.817444,-0.881363,1
2020-12-30,0.818216,-0.785804,1
2020-12-31,0.816724,-0.756299,1
2021-01-04,0.813251,-0.793887,1
2021-01-05,0.794412,-1.37518,1
2021-01-06,0.801724,-1.07881,1
2021-01-07,0.798834,-1.24959,1
2021-01-08,0.797626,-1.31359,1
2021-01-11,0.774402,-2.59971,1
2021-01-12,0.771984,-2.43915,1
2021-01-13,0.760175,-2.8363,1
2021-01-14,0.746886,-3.22286,1
2021-01-15,0.758299,-2.01013,1
2021-01-19,0.765245,-1.43582,1
2021-01-20,0.760843,-1.46603,1
2021-01-21,0.752999,-1.62086,1
2021-01-22,0.763716,-1.03026,1
2021-01-25,0.765493,-0.863869,1
2021-01-26,0.769879,-0.606961,1
2021-01-27,0.767837,-0.616802,1
2021-01-28,0.762069,-0.787614,1
2021-01-29,0.744168,-1.50651,1
2021-02-01,0.756546,-0.823588,1
2021-02-02,0.748876,-1.15331,1
2021-02-03,0.733258,-2.00582,1
2021-02-04,0.715326,-2.782,1
2021-02-05,0.686362,-3.92463,1
2021-02-08,0.670178,-3.65343,1
2021-02-09,0.675869,-2.6055,1
2021-02-10,0.683561,-1.90393,1
2021-02-11,0.702662,-1.09241,1
2021-02-12,0.695302,-1.20498,1
2021-02-16,0.686921,-1.33168,1
2021-02-17,0.701504,-0.794879,1
2021-02-18,0.707173,-0.55747,1
2021-02-19,0.709075,-0.43757,0
2021-02-22,0.700756,-0.62033,0
2021-02-23,0.700015,-0.569315,0
2021-02-24,0.707729,-0.254376,0
2021-02-25,0.714559,0.0612481,0
2021-02-26,0.715741,0.213968,0
2021-03-01,0.700588,-0.306608,0
2021-03-02,0.710077,0.204731,0
2021-03-03,0.713511,0.557553,0
2021-03-04,0.685497,-1.05648,0
2021-03-05,0.691768,-0.541846,0
2021-03-08,0.699578,0.124797,0
2021-03-09,0.712346,1.07214,0
2021-03-10,0.700038,-0.0597873,0
2021-03-11,0.705648,0.386484,0
2021-03-12,0.698616,-0.509816,0
2021-03-15,0.711778,1.02916,0
2021-03-16,0.708536,0.559987,0
2021-03-17,0.707909,0.405533,0
2021-03-18,0.713665,1.09937,0
2021-03-19,0.711995,0.821423,0
2021-03-22,0.713816,1.01701,0
2021-03-23,0.72025,1.70038,0
2021-03-24,0.727253,2.30357,-1
2021-03-25,0.733531,2.58821,-1
2021-03-26,0.730227,1.87496,-1
2021-03-29,0.730211,1.67813,-1
2021-03-30,0.732944,1.69671,-1
2021-03-31,0.736906,1.79413,-1
2021-04-01,0.719377,0.391591,0
2021-04-05,0.722695,0.561135,0
2021-04-06,0.716498,-0.0306345,0
2021-04-07,0.718089,0.0334083,0
2021-04-08,0.716931,-0.0952475,0
2021-04-09,0.718207,-0.0612359,0
2021-04-12,0.713494,-0.601973,0
2021-04-13,0.714351,-0.668271,0
2021-04-14,0.706463,-1.60225,0
2021-04-15,0.70403,-1.83721,0
2021-04-16,0.705018,-1.6433,0
2021-04-19,0.711005,-0.891877,0
2021-04-20,0.712728,-0.705015,0
2021-04-21,0.714112,-0.554643,0
2021-04-22,0.709321,-1.00785,0
2021-04-23,0.710012,-0.842021,0
2021-04-26,0.707805,-0.999875,0
2021-04-27,0.706766,-1.02567,0
2021-04-28,0.702296,-1.46121,0
2021-04-29,0.704423,-1.12607,0
2021-04-30,0.696238,-2.63776,1
2021-05-03,0.693495,-2.6182,1
2021-05-04,0.692912,-2.34289,1
2021-05-05,0.690766,-2.26971,1
2021-05-06,0.682161,-3.02433,1
2021-05-07,0.677565,-2.91442,1
2021-05-10,0.671146,-2.98149,1
2021-05-11,0.675852,-1.99598,1
2021-05-12,0.676944,-1.65631,1
2021-05-13,0.682489,-1.06356,1
2021-05-14,0.684628,-0.815211,1
2021-05-17,0.674459,-1.45597,1
2021-05-18,0.671704,-1.50012,1
2021-05-19,0.666723,-1.70249,1
2021-05-20,0.672503,-1.14168,1
2021-05-21,0.676583,-0.750194,1
2021-05-24,0.679438,-0.455787,0
2021-05-25,0.685071,0.0934595,0
2021-05-26,0.676254,-0.618992,0
2021-05-27,0.671791,-1.00374,0
2021-05-28,0.682477,0.304526,0
2021-06-01,0.675641,-0.484276,0
2021-06-02,0.681314,0.442883,0
2021-06-03,0.672969,-0.829344,0
2021-06-04,0.676672,-0.042592,0
2021-06-07,0.676512,-0.0204348,0
2021-06-08,0.668609,-1.64004,0
2021-06-09,0.651774,-4.90617,1
2021-06-10,0.65606,-2.56794,1
2021-06-11,0.660417,-1.60309,1
2021-06-14,0.662529,-1.18846,1
2021-06-15,0.649297,-2.59505,1
2021-06-16,0.647033,-2.35148,1
2021-06-17,0.655406,-1.23796,1
2021-06-18,0.642069,-2.27722,1
2021-06-21,0.636519,-2.3419,1
2021-06-22,0.62145,-2.99448,1
2021-06-23,0.613129,-2.86084,1
2021-06-24,0.617378,-2.11446,1
2021-06-25,0.616775,-1.84423,1
2021-06-28,0.610436,-1.89201,1
2021-06-29,0.614226,-1.51054,1
2021-06-30,0.616549,-1.25722,1
2021-07-01,0.627731,-0.668827,1
2021-07-02,0.627789,-0.590807,1
2021-07-06,0.635938,-0.12642,0
2021-07-07,0.640938,0.231417,0
2021-07-08,0.642058,0.39524,0
2021-07-09,0.638915,0.247789,0
2021-07-12,0.641879,0.492296,0
2021-07-13,0.643112,0.669326,0
2021-07-14,0.645757,1.00042,0
2021-07-15,0.648632,1.24039,0
2021-07-16,0.648934,1.24765,0
2021-07-19,0.65541,1.81238,0
2021-07-20,0.650733,1.31998,0
2021-07-21,0.653635,1.41748,0
2021-07-22,0.654509,1.32749,0
2021-07-23,0.6561,1.31754,0
2021-07-26,0.652912,0.979177,0
2021-07-27,0.660346,1.4197,0
2021-07-28,0.659496,1.29241,0
2021-07-29,0.66142,1.41742,0
2021-07-30,0.67656,2.93903,-1
2021-08-02,0.674623,2.29325,-1
2021-08-03,0.673765,1.98658,-1
2021-08-04,0.673957,1.77775,-1
2021-08-05,0.677082,1.84317,-1
2021-08-06,0.673075,1.29546,-1
2021-08-09,0.667354,0.70149,-1
2021-08-10,0.669017,0.773883,-1
2021-08-11,0.67371,1.14157,-1
2021-08-12,0.673856,1.06044,-1
2021-08-13,0.677038,1.29036,-1
2021-08-16,0.681027,1.60334,-1
2021-08-17,0.685734,1.91078,-1
2021-08-18,0.678876,1.02548,-1
2021-08-19,0.68361,1.44056,-1
2021-08-20,0.683533,1.31702,-1
2021-08-23,0.669986,-0.326375,0
2021-08-24,0.673503,-0.0268284,0
2021-08-25,0.678582,0.623067,0
2021-08-26,0.678567,0.555576,0
2021-08-27,0.674511,-0.340072,0
2021-08-30,0.682608,1.33461,0
2021-08-31,0.677291,0.161242,0
2021-09-01,0.679671,0.598151,0
2021-09-02,0.677077,0.0286769,0
2021-09-03,0.678516,0.313254,0
2021-09-07,0.679752,0.510952,0
2021-09-08,0.681729,0.879841,0
2021-09-09,0.676959,-0.374834,0
2021-09-10,0.679657,0.268154,0
2021-09-13,0.674656,-1.15046,0
2021-09-14,0.67032,-2.23019,1
2021-09-15,0.659243,-4.52666,1
2021-09-16,0.660172,-2.96822,1
2021-09-17,0.665903,-1.49568,1
2021-09-20,0.671347,-0.548933,1
2021-09-21,0.672986,-0.229494,0
2021-09-22,0.67408,-0.0875785,0
2021-09-23,0.666353,-1.27554,0
2021-09-24,0.663134,-1.6287,0
2021-09-27,0.658125,-2.15249,1
2021-09-28,0.651848,-2.64101,1
2021-09-29,0.652204,-2.15595,1
2021-09-30,0.651113,-1.95533,1
2021-10-01,0.645026,-2.3118,1
2021-10-04,0.6363,-2.7415,1
2021-10-05,0.648695,-1.25693,1
2021-10-06,0.657769,-0.416211,0
2021-10-07,0.662177,0.032434,0
2021-10-08,0.660424,-0.056203,0
2021-10-11,0.661563,0.141915,0
2021-10-12,0.666789,0.751568,0
2021-10-13,0.675432,1.68375,0
2021-10-14,0.670236,0.990514,0
2021-10-15,0.668403,0.744789,0
2021-10-18,0.66841,0.727944,0
2021-10-19,0.673333,1.22229,0
2021-10-20,0.681005,1.95023,0
2021-10-21,0.686106,2.28022,-1
2021-10-22,0.688937,2.18662,-1
2021-10-25,0.679541,1.18751,-1
2021-10-26,0.6596,-0.329141,0
2021-10-27,0.667094,0.175315,0
2021-10-28,0.67371,0.610422,0
2021-10-29,0.683345,1.26419,0
2021-11-01,0.66645,-0.155797,0
2021-11-02,0.672328,0.229699,0
2021-11-03,0.678467,0.809281,0
2021-11-04,0.675649,0.403482,0
2021-11-05,0.677311,0.536792,0
2021-11-08,0.670524,-0.403038,0
2021-11-09,0.668507,-0.764772,0
2021-11-10,0.671671,-0.350302,0
2021-11-11,0.669952,-0.5594,0
2021-11-12,0.677961,0.540313,0
2021-11-15,0.692084,2.43434,-1
2021-11-16,0.686298,1.31654,-1
2021-11-17,0.69242,1.91988,-1
2021-11-18,0.694564,1.94609,-1
2021-11-19,0.71788,4.17936,-1
2021-11-22,0.722297,3.32437,-1
2021-11-23,0.717923,2.26827,-1
2021-11-24,0.720201,2.08096,-1
2021-11-26,0.731646,2.40371,-1
2021-11-29,0.729258,1.89477,-1
2021-11-30,0.739741,2.10941,-1
2021-12-01,0.733704,1.57518,-1
2021-12-02,0.73666,1.52046,-1
2021-12-03,0.736473,1.34806,-1
2021-12-06,0.741101,1.38797,-1
2021-12-07,0.74502,1.39395,-1
2021-12-08,0.746714,1.33023,-1
2021-12-09,0.741619,1.02623,-1
2021-12-10,0.737152,0.761878,-1
2021-12-13,0.737559,0.716595,-1
2021-12-14,0.741901,0.877448,-1
2021-12-15,0.740458,0.722073,-1
2021-12-16,0.748184,1.17605,-1
2021-12-17,0.743123,0.782886,-1
2021-12-20,0.757679,2.36485,-1
2021-12-21,0.751909,1.49286,-1
2021-12-22,0.749808,1.14406,-1
2021-12-23,0.751741,1.33165,-1
2021-12-27,0.75829,2.21371,-1
2021-12-28,0.759482,2.07691,-1
2021-12-29,0.762825,2.30079,-1
2021-12-30,0.764116,2.08856,-1
2021-12-31,0.757093,1.05372,-1
2022-01-03,0.736797,-1.33206,0
2022-01-04,0.719124,-3.33489,1
2022-01-05,0.713656,-3.09431,1
2022-01-06,0.699649,-3.47804,1
2022-01-07,0.706013,-2.22956,1
2022-01-10,0.712425,-1.56013,1
2022-01-11,0.695187,-2.27614,1
2022-01-12,0.693023,-2.0301,1
2022-01-13,0.695809,-1.63783,1
2022-01-14,0.695871,-1.45235,1
2022-01-18,0.682978,-1.77257,1
2022-01-19,0.678942,-1.69385,1
2022-01-20,0.673254,-1.68989,1
2022-01-21,0.675819,-1.41353,1
2022-01-24,0.669672,-1.45928,1
2022-01-25,0.683312,-0.893357,1
2022-01-26,0.693924,-0.471923,0
2022-01-27,0.701614,-0.132266,0
2022-01-28,0.66376,-1.49343,0
2022-01-31,0.660562,-1.61271,0
2022-02-01,0.626478,-3.38605,1
2022-02-02,0.633582,-2.45108,1
2022-02-03,0.635947,-1.99137,1
2022-02-04,0.627618,-2.08913,1
2022-02-07,0.635506,-1.49897,1
2022-02-08,0.645488,-0.97593,1
2022-02-09,0.659974,-0.328064,0
2022-02-10,0.656539,-0.404628,0
2022-02-11,0.652651,-0.5013,0
2022-02-14,0.652057,-0.455682,0
2022-02-15,0.656908,-0.16225,0
2022-02-16,0.652752,-0.30033,0
2022-02-17,0.649083,-0.419934,0
2022-02-18,0.658475,0.0876093,0
2022-02-22,0.662116,0.312916,0
2022-02-23,0.681716,1.31522,0
2022-02-24,0.688834,1.68481,0
2022-02-25,0.703344,2.4892,-1
2022-02-28,0.721626,3.38904,-1
2022-03-01,0.751376,3.79597,-1
2022-03-02,0.764,3.14339,-1
2022-03-03,0.771299,2.66184,-1
2022-03-04,0.751009,1.71647,-1
2022-03-07,0.737923,1.22846,-1
2022-03-08,0.781693,2.08297,-1
2022-03-09,0.812988,2.4585,-1
2022-03-10,0.810425,2.01113,-1
2022-03-11,0.81589,1.83379,-1
2022-03-14,0.826378,1.78285,-1
2022-03-15,0.83109,1.65048,-1
2022-03-16,0.83112,1.47485,-1
2022-03-17,0.822852,1.20179,-1
2022-03-18,0.834663,1.28529,-1
2022-03-21,0.810052,0.779712,-1
2022-03-22,0.81095,0.722348,-1
2022-03-23,0.806556,0.567151,-1
2022-03-24,0.806302,0.487304,0
2022-03-25,0.80336,0.335533,0
2022-03-28,0.813236,0.534474,0
2022-03-29,0.806109,0.219273,0
2022-03-30,0.796731,-0.208609,0
2022-03-31,0.794421,-0.37454,0
2022-04-01,0.796735,-0.343489,0
2022-04-04,0.797183,-0.485506,0
2022-04-05,0.796033,-1.04226,0
2022-04-06,0.794175,-1.35121,0
2022-04-07,0.791925,-1.39462,0
2022-04-08,0.788579,-1.50775,0
2022-04-11,0.796407,-0.800468,0
2022-04-12,0.797057,-0.673075,0
2022-04-13,0.799101,-0.440046,0
2022-04-14,0.787339,-1.40886,0
2022-04-18,0.792759,-0.801411,0
2022-04-19,0.789507,-1.30628,0
2022-04-20,0.791371,-0.937811,0
2022-04-21,0.754476,-6.28426,1
2022-04-22,0.753517,-3.59452,1
2022-04-25,0.764948,-1.88763,1
2022-04-26,0.75848,-2.06908,1
2022-04-27,0.729398,-3.66695,1
2022-04-28,0.735491,-2.42399,1
2022-04-29,0.725203,-2.48381,1
2022-05-02,0.731602,-1.80464,1
2022-05-03,0.728892,-1.68374,1
2022-05-04,0.722056,-1.73494,1
2022-05-05,0.728858,-1.2973,1
2022-05-06,0.74049,-0.774609,1
2022-05-09,0.750539,-0.351479,0
2022-05-10,0.753711,-0.181512,0
2022-05-11,0.748481,-0.305295,0
2022-05-12,0.753556,-0.0297659,0
2022-05-13,0.744292,-0.335432,0
2022-05-16,0.751972,0.0968924,0
2022-05-17,0.745595,-0.117713,0
2022-05-18,0.734331,-0.69084,0
2022-05-19,0.721952,-1.66648,0
2022-05-20,0.72008,-1.62068,0
2022-05-23,0.721916,-1.30401,0
2022-05-24,0.722022,-1.21501,0
2022-05-25,0.71867,-1.4024,0
2022-05-26,0.721967,-1.03879,0
2022-05-27,0.722032,-0.954348,0
2022-05-31,0.717403,-1.28818,0
2022-06-01,0.708503,-1.8438,0
2022-06-02,0.708369,-1.64623,0
2022-06-03,0.703461,-1.83375,0
2022-06-06,0.701559,-1.73468,0
2022-06-07,0.677104,-2.90886,1
2022-06-08,0.670907,-2.65798,1
2022-06-09,0.671898,-2.17608,1
2022-06-10,0.677718,-1.63672,1
2022-06-13,0.676041,-1.55543,1
2022-06-14,0.674836,-1.45163,1
2022-06-15,0.667258,-1.67488,1
2022-06-16,0.648665,-2.35992,1
2022-06-17,0.659358,-1.58405,1
2022-06-21,0.641972,-2.11086,1
2022-06-22,0.636572,-2.02189,1
2022-06-23,0.628704,-2.04163,1
2022-06-24,0.626009,-1.87464,1
2022-06-27,0.62175,-1.79389,1
2022-06-28,0.61122,-1.94455,1
2022-06-29,0.627678,-1.22193,1
2022-06-30,0.640201,-0.714492,1
2022-07-01,0.63075,-0.966709,1
2022-07-05,0.634868,-0.737407,1
2022-07-06,0.639206,-0.489746,0
2022-07-07,0.628079,-0.925761,0
2022-07-08,0.621266,-1.16403,0
2022-07-11,0.617356,-1.24427,0
2022-07-12,0.611843,-1.40473,0
2022-07-13,0.601243,-1.85785,0
2022-07-14,0.605848,-1.47923,0
2022-07-15,0.602201,-1.64521,0
2022-07-18,0.598444,-1.81977,0
2022-07-19,0.609778,-0.910375,0
2022-07-20,0.612331,-0.680544,0
2022-07-21,0.620939,0.0511403,0
2022-07-22,0.619994,0.0404649,0
2022-07-25,0.617634,-0.114483,0
2022-07-26,0.61356,-0.413461,0
2022-07-27,0.605935,-0.999398,0
2022-07-28,0.602244,-1.25637,0
2022-07-29,0.643763,2.12245,-1
2022-08-01,0.648351,2.39944,-1
2022-08-02,0.643984,1.79619,-1
2022-08-03,0.651816,2.19754,-1
2022-08-04,0.665847,2.86223,-1
2022-08-05,0.668379,2.45163,-1
2022-08-08,0.66143,1.72987,-1
2022-08-09,0.656717,1.32591,-1
2022-08-10,0.650215,0.926887,-1
2022-08-11,0.646734,0.693748,-1
2022-08-12,0.639805,0.328142,0
2022-08-15,0.638043,0.182533,0
2022-08-16,0.644539,0.409802,0
2022-08-17,0.64496,0.362021,0
2022-08-18,0.639743,0.0256446,0
2022-08-19,0.634423,-0.303777,0
2022-08-22,0.630121,-0.585356,0
2022-08-23,0.621853,-1.10573,0
2022-08-24,0.623527,-1.07103,0
2022-08-25,0.627262,-0.995255,0
2022-08-26,0.631864,-0.93953,0
2022-08-29,0.617323,-1.96939,0
2022-08-30,0.63018,-0.813412,0
2022-08-31,0.62137,-1.35452,0
2022-09-01,0.622856,-1.11755,0
2022-09-02,0.62004,-1.23381,0
2022-09-06,0.621901,-1.04146,0
2022-09-07,0.61731,-1.38805,0
2022-09-08,0.614834,-1.55651,0
2022-09-09,0.624219,-0.515386,0
2022-09-12,0.628852,0.058325,0
2022-09-13,0.632508,0.532474,0
2022-09-14,0.632985,0.635067,0
2022-09-15,0.645155,2.33727,-1
2022-09-16,0.635512,1.09761,-1
2022-09-19,0.638488,1.56746,-1
2022-09-20,0.642446,1.99534,-1
2022-09-21,0.65,2.64134,-1
2022-09-22,0.653274,2.49465,-1
2022-09-23,0.638586,0.737818,-1
2022-09-26,0.632085,0.0982833,0
2022-09-27,0.612454,-1.65705,0
2022-09-28,0.611089,-1.7025,0
2022-09-29,0.606097,-1.91751,0
2022-09-30,0.613525,-1.1625,0
2022-10-03,0.618354,-0.744114,0
2022-10-04,0.621888,-0.478411,0
2022-10-05,0.589274,-2.84401,1
2022-10-06,0.579075,-2.96389,1
2022-10-07,0.580235,-2.33497,1
2022-10-10,0.583202,-1.83213,1
2022-10-11,0.591646,-1.24293,1
2022-10-12,0.590399,-1.17416,1
2022-10-13,0.604508,-0.490881,0
2022-10-14,0.598695,-0.665682,0
2022-10-17,0.592134,-0.873354,0
2022-10-18,0.599108,-0.487984,0
2022-10-19,0.602775,-0.249267,0
2022-10-20,0.60717,0.0631045,0
2022-10-21,0.614105,0.640096,0
2022-10-24,0.607022,0.32082,0
2022-10-25,0.623919,1.79274,0
2022-10-26,0.624752,1.70927,0
2022-10-27,0.625622,1.62417,0
2022-10-28,0.609331,0.392023,0
2022-10-31,0.61347,0.683342,0
2022-11-01,0.611188,0.556449,0
2022-11-02,0.610643,0.576532,0
2022-11-03,0.612213,0.621702,0
2022-11-04,0.614302,0.708244,0
2022-11-07,0.614787,0.680526,0
2022-11-08,0.610273,0.180574,0
2022-11-09,0.613728,0.456272,0
2022-11-10,0.618387,0.918032,0
2022-11-11,0.616722,0.640033,0
2022-11-14,0.614386,0.280324,0
2022-11-15,0.615934,0.405817,0
2022-11-16,0.60992,-0.698453,0
2022-11-17,0.611465,-0.545586,0
2022-11-18,0.613889,-0.1397,0
2022-11-21,0.613904,-0.13466,0
2022-11-22,0.611663,-0.678228,0
2022-11-23,0.607586,-1.5347,0
2022-11-25,0.608062,-1.38732,0
2022-11-28,0.608048,-1.59113,0
2022-11-29,0.616499,1.34771,0
2022-11-30,0.622042,3.04707,-1
2022-12-01,0.62226,2.44824,-1
2022-12-02,0.622466,2.08753,-1
2022-12-05,0.624328,2.19728,-1
2022-12-06,0.625478,2.1,-1
2022-12-07,0.630582,2.71571,-1
2022-12-08,0.62932,2.01752,-1
2022-12-09,0.60506,-1.72603,0
2022-12-12,0.591896,-3.2799,1
2022-12-13,0.603404,-1.27354,1
2022-12-14,0.603614,-1.1462,1
2022-12-15,0.605409,-0.869274,1
2022-12-16,0.598563,-1.51091,1
2022-12-19,0.601084,-1.13557,1
2022-12-20,0.603498,-0.823513,1
2022-12-21,0.602849,-0.82196,1
2022-12-22,0.607445,-0.365526,0
2022-12-23,0.612653,0.0929625,0
2022-12-27,0.611802,-0.00200068,0
2022-12-28,0.612955,0.0833284,0
2022-12-29,0.61321,0.122017,0
2022-12-30,0.610058,-0.121267,0
2023-01-03,0.612746,0.183147,0
2023-01-04,0.599247,-1.06531,0
2023-01-05,0.595698,-1.32125,0
2023-01-06,0.591585,-1.63979,0
2023-01-09,0.60193,-0.420534,0
2023-01-10,0.592492,-1.74098,0
2023-01-11,0.576531,-3.74389,1
2023-01-12,0.571274,-3.4637,1
2023-01-13,0.574579,-2.31328,1
2023-01-17,0.592828,-0.537032,1
2023-01-18,0.594673,-0.345442,0
2023-01-19,0.598423,-0.0410559,0
2023-01-20,0.591507,-0.563073,0
2023-01-23,0.595226,-0.229885,0
2023-01-24,0.587204,-0.817631,0
2023-01-25,0.58259,-1.09431,0
2023-01-26,0.591979,-0.261135,0
2023-01-27,0.564369,-2.44894,1
2023-01-30,0.551977,-3.03978,1
2023-01-31,0.530303,-3.9228,1
2023-02-01,0.525544,-3.11456,1
2023-02-02,0.542473,-1.72324,1
2023-02-03,0.538397,-1.69582,1
2023-02-06,0.541161,-1.38302,1
2023-02-07,0.539833,-1.29304,1
2023-02-08,0.524511,-1.78154,1
2023-02-09,0.511649,-2.05659,1
2023-02-10,0.492465,-2.43255,1
2023-02-13,0.490636,-2.07972,1
2023-02-14,0.509662,-1.25087,1
2023-02-15,0.501979,-1.34456,1
2023-02-16,0.490274,-1.54402,1
2023-02-17,0.505603,-0.971542,1
2023-02-21,0.495135,-1.19051,1
2023-02-22,0.503696,-0.840014,1
2023-02-23,0.504642,-0.735078,1
2023-02-24,0.507514,-0.559893,1
2023-02-27,0.511783,-0.308012,0
2023-02-28,0.504727,-0.581413,0
2023-03-01,0.504074,-0.544647,0
2023-03-02,0.502779,-0.554431,0
2023-03-03,0.505272,-0.346145,0
2023-03-06,0.504047,-0.342114,0
2023-03-07,0.50996,0.173866,0
2023-03-08,0.517826,1.04845,0
2023-03-09,0.509996,0.595744,0
2023-03-10,0.516785,1.72387,0
2023-03-13,0.521944,2.28299,-1
2023-03-14,0.531154,3.1291,-1
2023-03-15,0.536237,3.1253,-1
2023-03-16,0.545049,3.23799,-1
2023-03-17,0.543787,2.40032,-1
2023-03-20,0.53343,1.34736,-1
2023-03-21,0.52119,0.384473,0
2023-03-22,0.523033,0.443613,0
2023-03-23,0.524023,0.454514,0
2023-03-24,0.532819,1.04485,0
2023-03-27,0.521983,0.146494,0
2023-03-28,0.521597,0.0812274,0
2023-03-29,0.513681,-0.594183,0
2023-03-30,0.518456,-0.272176,0
2023-03-31,0.521686,-0.0799714,0
2023-04-03,0.507026,-1.51019,0
2023-04-04,0.510944,-1.19207,0
2023-04-05,0.49948,-2.29201,1
2023-04-06,0.502435,-1.71955,1
2023-04-10,0.510542,-0.956493,1
2023-04-11,0.509238,-1.01832,1
2023-04-12,0.513784,-0.590568,1
2023-04-13,0.522542,0.158255,0
2023-04-14,0.522238,0.196208,0
2023-04-17,0.524699,0.5591,0
2023-04-18,0.503653,-1.54561,0
2023-04-19,0.507656,-0.971933,0
2023-04-20,0.510526,-0.563276,0
2023-04-21,0.50313,-1.33527,0
2023-04-24,0.498904,-1.67477,0
2023-04-25,0.498119,-1.68143,0
2023-04-26,0.489068,-2.54891,1
2023-04-27,0.483405,-2.72655,1
2023-04-28,0.480703,-2.45027,1
2023-05-01,0.503186,-0.227179,0
2023-05-02,0.498506,-0.556694,0
2023-05-03,0.497494,-0.602451,0
2023-05-04,0.51068,0.565944,0
2023-05-05,0.512121,0.637985,0
2023-05-08,0.504362,-0.0539051,0
2023-05-09,0.50121,-0.292359,0
2023-05-10,0.500854,-0.289146,0
2023-05-11,0.512962,0.794089,0
2023-05-12,0.51561,1.12148,0
2023-05-15,0.517465,1.38248,0
2023-05-16,0.517469,1.51526,0
2023-05-17,0.510245,0.677194,0
2023-05-18,0.500287,-0.286488,0
2023-05-19,0.503708,0.0884262,0
2023-05-22,0.497382,-0.522681,0
2023-05-23,0.512817,0.965554,0
2023-05-24,0.504737,0.118753,0
2023-05-25,0.504858,0.0594912,0
2023-05-26,0.508083,0.313528,0
2023-05-30,0.510439,0.566857,0
2023-05-31,0.511421,0.661186,0
2023-06-01,0.51049,0.438969,0
2023-06-02,0.514883,1.10919,0
2023-06-05,0.514378,0.961478,0
2023-06-06,0.508311,-0.0607427,0
2023-06-07,0.512471,0.593805,0
2023-06-08,0.511807,0.40646,0
2023-06-09,0.516595,1.20737,0
2023-06-12,0.515691,0.979963,0
2023-06-13,0.522981,2.27216,-1
2023-06-14,0.525681,2.48649,-1
2023-06-15,0.526539,2.28778,-1
2023-06-16,0.527039,1.99712,-1
2023-06-20,0.526436,1.69257,-1
2023-06-21,0.523448,1.14057,-1
2023-06-22,0.514201,-0.170053,0
2023-06-23,0.514176,-0.183361,0
2023-06-26,0.513913,-0.301179,0
2023-06-27,0.508384,-1.25467,0
2023-06-28,0.509567,-1.07637,0
2023-06-29,0.506198,-1.58397,0
2023-06-30,0.508306,-1.161,0
2023-07-03,0.505524,-1.53044,0
2023-07-05,0.504745,-1.49099,0
2023-07-06,0.519336,0.55284,0
2023-07-07,0.52581,1.34676,0
2023-07-10,0.518231,0.244135,0
2023-07-11,0.524797,1.05013,0
2023-07-12,0.529631,1.57675,0
2023-07-13,0.53407,1.9319,0
2023-07-14,0.542689,2.66655,-1
2023-07-17,0.537571,1.74576,-1
2023-07-18,0.543987,2.16349,-1
2023-07-19,0.543398,1.84449,-1
2023-07-20,0.537507,1.20624,-1
2023-07-21,0.547564,1.84129,-1
2023-07-24,0.552043,1.90989,-1
2023-07-25,0.55514,1.85468,-1
2023-07-26,0.55302,1.49423,-1
2023-07-27,0.539521,0.556569,-1
2023-07-28,0.546188,0.887023,-1
2023-07-31,0.547714,0.902733,-1
2023-08-01,0.544976,0.639832,-1
2023-08-02,0.541153,0.282701,0
2023-08-03,0.524115,-1.39222,0
2023-08-04,0.519154,-1.94635,0
2023-08-07,0.52477,-1.30708,0
2023-08-08,0.518499,-2.01288,1
2023-08-09,0.503526,-3.25014,1
2023-08-10,0.504645,-2.47187,1
2023-08-11,0.510177,-1.70727,1
2023-08-14,0.508668,-1.59708,1
2023-08-15,0.504181,-1.68192,1
2023-08-16,0.516753,-0.79601,1
2023-08-17,0.5148,-0.828032,1
2023-08-18,0.507453,-1.15392,1
2023-08-21,0.51585,-0.591263,1
2023-08-22,0.513026,-0.676639,1
2023-08-23,0.52288,-0.00177236,0
2023-08-24,0.521867,0.0314166,0
2023-08-25,0.512187,-0.587836,0
2023-08-28,0.51092,-0.61161,0
2023-08-29,0.503617,-1.20671,0
2023-08-30,0.495614,-2.07758,1
2023-08-31,0.498642,-1.74674,1
2023-09-01,0.498257,-1.61501,1
2023-09-05,0.511233,0.109086,0
2023-09-06,0.503942,-0.741113,0
2023-09-07,0.508743,-0.0225645,0
2023-09-08,0.498172,-1.48978,0
2023-09-11,0.489529,-2.50053,1
2023-09-12,0.480179,-3.12665,1
2023-09-13,0.485196,-1.96665,1
2023-09-14,0.474254,-2.64926,1
2023-09-15,0.484843,-1.38354,1
2023-09-18,0.4814,-1.49335,1
2023-09-19,0.483832,-1.16404,1
2023-09-20,0.488473,-0.729365,1
2023-09-21,0.493154,-0.321694,0
2023-09-22,0.498215,0.157113,0
2023-09-25,0.501931,0.610472,0
2023-09-26,0.495026,0.0484277,0
2023-09-27,0.48317,-1.05392,0
2023-09-28,0.486427,-0.627474,0
2023-09-29,0.490231,-0.198968,0
2023-10-02,0.49399,0.219192,0
2023-10-03,0.494658,0.310929,0
2023-10-04,0.50792,1.96239,0
2023-10-05,0.535198,4.86379,-1
2023-10-06,0.54124,3.78569,-1
2023-10-09,0.535283,2.4124,-1
2023-10-10,0.538309,2.16859,-1
2023-10-11,0.540405,1.95403,-1
2023-10-12,0.541393,1.73742,-1
2023-10-13,0.528397,0.983294,-1
2023-10-16,0.535828,1.21259,-1
2023-10-17,0.5364,1.12329,-1
2023-10-18,0.530856,0.774313,-1
2023-10-19,0.531322,0.716138,-1
2023-10-20,0.534549,0.78879,-1
2023-10-23,0.511283,-0.361556,0
2023-10-24,0.495293,-1.13543,0
2023-10-25,0.488519,-1.45366,0
2023-10-26,0.490164,-1.41917,0
2023-10-27,0.439194,-3.91875,1
2023-10-30,0.448158,-2.5912,1
2023-10-31,0.445964,-2.26503,1
2023-11-01,0.435804,-2.2614,1
2023-11-02,0.437211,-1.88621,1
2023-11-03,0.44131,-1.54205,1
2023-11-06,0.454459,-1.06303,1
2023-11-07,0.451965,-1.02052,1
2023-11-08,0.449899,-0.972491,1
2023-11-09,0.446382,-0.965512,1
2023-11-10,0.446081,-0.883915,1
2023-11-13,0.443293,-0.868873,1
2023-11-14,0.446842,-0.693313,1
2023-11-15,0.456211,-0.35038,0
2023-11-16,0.451516,-0.415988,0
2023-11-17,0.447002,-0.49627,0
2023-11-20,0.450695,-0.261154,0
2023-11-21,0.448708,-0.265825,0
2023-11-22,0.454894,0.277016,0
2023-11-24,0.453643,0.390551,0
2023-11-27,0.455567,1.39156,0
2023-11-28,0.464059,2.74351,-1
2023-11-29,0.467632,2.75044,-1
2023-11-30,0.461703,1.46737,-1
2023-12-01,0.467744,2.17106,-1
2023-12-04,0.47343,2.70541,-1
2023-12-05,0.47843,2.86493,-1
2023-12-06,0.489007,3.36157,-1
2023-12-07,0.494991,3.03592,-1
2023-12-08,0.497135,2.53221,-1
2023-12-11,0.496733,2.07637,-1
2023-12-12,0.499194,1.93169,-1
2023-12-13,0.505351,2.03048,-1
2023-12-14,0.51582,2.29996,-1
2023-12-15,0.518439,2.06097,-1
2023-12-18,0.513485,1.56979,-1
2023-12-19,0.51383,1.42713,-1
2023-12-20,0.520907,1.59077,-1
2023-12-21,0.519582,1.38558,-1
2023-12-22,0.520126,1.28264,-1
2023-12-26,0.526909,1.48153,-1
2023-12-27,0.528178,1.42449,-1
2023-12-28,0.528075,1.29759,-1
2023-12-29,0.526023,1.09113,-1
2024-01-02,0.505417,-0.0667373,0
2024-01-03,0.516213,0.467364,0
2024-01-04,0.513658,0.208689,0
2024-01-05,0.509006,-0.286935,0
2024-01-08,0.519251,0.540506,0
2024-01-09,0.505556,-0.923539,0
2024-01-10,0.506841,-0.892846,0
2024-01-11,0.51242,-0.376808,0
2024-01-12,0.513562,-0.357251,0
2024-01-16,0.511067,-0.785647,0
2024-01-17,0.514146,-0.315381,0
2024-01-18,0.506818,-1.2988,0
2024-01-19,0.508278,-1.01163,0
2024-01-22,0.511331,-0.555023,0
2024-01-23,0.497695,-2.27985,1
2024-01-24,0.500868,-1.54976,1
2024-01-25,0.501486,-1.30863,1
2024-01-26,0.497113,-1.7117,1
2024-01-29,0.495491,-1.78549,1
2024-01-30,0.486448,-2.85739,1
2024-01-31,0.487366,-2.37262,1
2024-02-01,0.49444,-1.22796,1
2024-02-02,0.527404,2.48026,0
2024-02-05,0.531986,2.58042,-1
2024-02-06,0.525475,1.59407,-1
2024-02-07,0.524313,1.41987,-1
2024-02-08,0.520506,0.987404,-1
2024-02-09,0.521389,0.979567,-1
2024-02-12,0.515039,0.456421,0
2024-02-13,0.51362,0.345395,0
2024-02-14,0.521122,0.88659,0
2024-02-15,0.52724,1.28936,0
2024-02-16,0.52834,1.24622,0
2024-02-20,0.533437,1.47641,0
2024-02-21,0.523181,0.678062,0
2024-02-22,0.523947,0.655527,0
2024-02-23,0.52751,0.819676,0
2024-02-26,0.522341,0.399454,0
2024-02-27,0.509446,-0.555189,0
2024-02-28,0.507936,-0.747809,0
2024-02-29,0.503915,-1.29762,0
2024-03-01,0.497029,-2.32568,1
2024-03-04,0.484591,-3.71872,1
2024-03-05,0.477561,-3.2957,1
2024-03-06,0.458813,-3.814,1
2024-03-07,0.460381,-2.68115,1
2024-03-08,0.454736,-2.43668,1
2024-03-11,0.463089,-1.69391,1
2024-03-12,0.468593,-1.28579,1
2024-03-13,0.470933,-1.0742,1
2024-03-14,0.465649,-1.16508,1
2024-03-15,0.466422,-1.02509,1
2024-03-18,0.456611,-1.27929,1
2024-03-19,0.457588,-1.12638,1
2024-03-20,0.445139,-1.50772,1
2024-03-21,0.442873,-1.45525,1
2024-03-22,0.441581,-1.38777,1
2024-03-25,0.443382,-1.23449,1
2024-03-26,0.442964,-1.19742,1
2024-03-27,0.43992,-1.27424,1
2024-03-28,0.438148,-1.31776,1
2024-04-01,0.440388,-1.14902,1
2024-04-02,0.426034,-2.17599,1
2024-04-03,0.429994,-1.69777,1
2024-04-04,0.428152,-1.70339,1
2024-04-05,0.420563,-2.04393,1
2024-04-08,0.425075,-1.46302,1
2024-04-09,0.424551,-1.34095,1
2024-04-10,0.420573,-1.46086,1
2024-04-11,0.419016,-1.43764,1
2024-04-12,0.412092,-1.82177,1
2024-04-15,0.408995,-1.88759,1
2024-04-16,0.40868,-1.79273,1
2024-04-17,0.409936,-1.53926,1
2024-04-18,0.418287,-0.793445,1
2024-04-19,0.422558,-0.366046,0
2024-04-22,0.429017,0.252914,0
2024-04-23,0.430982,0.496867,0
2024-04-24,0.435233,0.996476,0
2024-04-25,0.443399,1.91911,0
2024-04-26,0.474321,4.87266,-1
2024-04-29,0.463296,2.48088,-1
2024-04-30,0.443539,0.954109,-1
2024-05-01,0.451807,1.36483,-1
2024-05-02,0.456926,1.53003,-1
2024-05-03,0.455934,1.31987,-1
2024-05-06,0.462413,1.51884,-1
2024-05-07,0.469506,1.70002,-1
2024-05-08,0.468873,1.46931,-1
2024-05-09,0.467739,1.26224,-1
2024-05-10,0.4739,1.40671,-1
2024-05-13,0.466499,0.950059,-1
2024-05-14,0.45504,0.340478,0
2024-05-15,0.444162,-0.293845,0
2024-05-16,0.447922,-0.215112,0
2024-05-17,0.44327,-0.633312,0
2024-05-20,0.441692,-0.887519,0
2024-05-21,0.44111,-1.04343,0
2024-05-22,0.445638,-0.784966,0
2024-05-23,0.45827,0.207681,0
2024-05-24,0.464185,0.67261,0
2024-05-28,0.460129,0.379317,0
2024-05-29,0.456993,0.100808,0
2024-05-30,0.462565,0.587065,0
2024-05-31,0.460423,0.322739,0
2024-06-03,0.453603,-0.363632,0
2024-06-04,0.460277,0.301066,0
2024-06-05,0.44903,-0.79116,0
2024-06-06,0.447902,-0.824699,0
2024-06-07,0.459271,0.444159,0
2024-06-10,0.460665,0.662564,0
2024-06-11,0.466881,1.59623,0
2024-06-12,0.463018,1.11337,0
2024-06-13,0.461819,0.890061,0
2024-06-14,0.468258,1.59044,0
2024-06-17,0.478983,2.67729,-1
2024-06-18,0.470837,1.37187,-1
2024-06-20,0.471554,1.35344,-1
2024-06-21,0.471351,1.26427,-1
2024-06-24,0.468669,0.834175,-1
2024-06-25,0.46061,-0.287201,0
2024-06-26,0.444305,-2.37934,1
2024-06-27,0.442542,-2.21335,1
2024-06-28,0.441332,-2.04258,1
2024-07-01,0.443315,-1.57397,1
2024-07-02,0.451367,-0.695321,1
2024-07-03,0.446213,-1.13537,1
2024-07-05,0.442563,-1.35286,1
2024-07-08,0.452896,-0.42925,0
2024-07-09,0.454858,-0.29138,0
2024-07-10,0.46031,0.185409,0
2024-07-11,0.449725,-0.702052,0
2024-07-12,0.451677,-0.467979,0
2024-07-15,0.450879,-0.488249,0
2024-07-16,0.442228,-1.17268,0
2024-07-17,0.45068,-0.348181,0
2024-07-18,0.445771,-0.73095,0
2024-07-19,0.450687,-0.149912,0
2024-07-22,0.44371,-0.86282,0
2024-07-23,0.440795,-1.23,0
2024-07-24,0.433588,-2.46091,1
2024-07-25,0.429255,-2.89651,1
2024-07-26,0.431981,-1.95647,1
2024-07-29,0.434285,-1.44137,1
2024-07-30,0.435984,-1.13164,1
2024-07-31,0.438177,-0.79755,1
2024-08-01,0.401488,-5.03255,1
2024-08-02,0.375037,-5.24312,1
2024-08-05,0.366118,-3.68473,1
2024-08-06,0.361336,-2.8982,1
2024-08-07,0.342805,-2.94483,1
2024-08-08,0.339006,-2.46667,1
2024-08-09,0.334617,-2.16513,1
2024-08-12,0.333605,-1.87527,1
2024-08-13,0.336896,-1.56578,1
2024-08-14,0.331595,-1.5071,1
2024-08-15,0.340247,-1.16696,1
2024-08-16,0.348015,-0.891333,1
2024-08-19,0.353211,-0.692591,1
2024-08-20,0.371303,-0.206239,0
2024-08-21,0.381828,0.11728,0
2024-08-22,0.3772,0.0721603,0
2024-08-23,0.376777,0.134413,0
2024-08-26,0.362239,-0.193807,0
2024-08-27,0.360987,-0.140661,0
2024-08-28,0.364081,0.0930923,0
2024-08-29,0.36049,0.132959,0
2024-08-30,0.365635,0.594527,0
2024-09-03,0.363614,0.514121,0
2024-09-04,0.357428,0.135461,0
2024-09-05,0.356946,0.117833,0
2024-09-06,0.344526,-0.722728,0
2024-09-09,0.33687,-1.25319,0
2024-09-10,0.357893,0.113349,0
2024-09-11,0.365004,0.536454,0
2024-09-12,0.361386,0.193008,0
2024-09-13,0.372089,0.999674,0
2024-09-16,0.369082,0.649799,0
2024-09-17,0.365799,0.268239,0
2024-09-18,0.366245,0.256727,0
2024-09-19,0.361464,-0.178355,0
2024-09-20,0.372316,1.07112,0
2024-09-23,0.367627,0.619732,0
2024-09-24,0.369575,0.946899,0
2024-09-25,0.364712,0.319955,0
2024-09-26,0.367606,0.632582,0
2024-09-27,0.366408,0.469391,0
2024-09-30,0.36695,0.495598,0
2024-10-01,0.361215,-0.166481,0
2024-10-02,0.356794,-0.655861,0
2024-10-03,0.350382,-1.37886,0
2024-10-04,0.329416,-3.58584,1
2024-10-07,0.32776,-3.03582,1
2024-10-08,0.337984,-1.87307,1
2024-10-09,0.34362,-1.23011,1
2024-10-10,0.3418,-1.24641,1
2024-10-11,0.343414,-1.02023,1
2024-10-14,0.342119,-1.01446,1
2024-10-15,0.344587,-0.744163,1
2024-10-16,0.348846,-0.370935,0
2024-10-17,0.367804,1.04774,0
2024-10-18,0.367559,0.988356,0
2024-10-21,0.367858,1.04794,0
2024-10-22,0.363143,0.706872,0
2024-10-23,0.363674,0.786656,0
2024-10-24,0.368957,1.18377,0
2024-10-25,0.372157,1.40695,0
2024-10-28,0.375151,1.5652,0
2024-10-29,0.374907,1.46259,0
2024-10-30,0.376614,1.46438,0
2024-10-31,0.381057,1.60797,0
2024-11-01,0.424487,3.9972,-1
2024-11-04,0.400041,1.78421,-1
2024-11-05,0.393548,1.30969,-1
2024-11-06,0.404814,1.71286,-1
2024-11-07,0.397574,1.19477,-1
2024-11-08,0.398914,1.14897,-1
2024-11-11,0.401293,1.16084,-1
2024-11-12,0.394495,0.73416,-1
2024-11-13,0.407386,1.35061,-1
2024-11-14,0.425963,2.30245,-1
2024-11-15,0.43369,2.34852,-1
2024-11-18,0.431671,1.89257,-1
2024-11-19,0.438027,1.94458,-1
2024-11-20,0.43513,1.59578,-1
2024-11-21,0.424134,0.970045,-1
2024-11-22,0.429752,1.13615,-1
2024-11-25,0.431916,1.13986,-1
2024-11-26,0.461614,2.47716,-1
2024-11-27,0.46157,2.13755,-1
2024-11-29,0.457997,1.74384,-1
2024-12-02,0.460627,1.70685,-1
2024-12-03,0.460316,1.50534,-1
2024-12-04,0.466099,1.58519,-1
2024-12-05,0.468237,1.5192,-1
2024-12-06,0.452479,0.728532,-1
2024-12-09,0.469984,1.3915,-1
2024-12-10,0.471446,1.34315,-1
2024-12-11,0.47286,1.30817,-1
2024-12-12,0.464075,0.822258,-1
2024-12-13,0.467143,0.941906,-1
2024-12-16,0.458295,0.323054,0
2024-12-17,0.454,-0.0105525,0
2024-12-18,0.440754,-0.963592,0
2024-12-19,0.428513,-1.8027,0
2024-12-20,0.437191,-1.15748,0
2024-12-23,0.434111,-1.51043,0
2024-12-24,0.439269,-1.19804,0
2024-12-26,0.439424,-1.26625,0
2024-12-27,0.439654,-1.12778,0
2024-12-30,0.439735,-1.01775,0
2024-12-31,0.435622,-1.21635,0
2025-01-02,0.45079,-0.0787457,0
2025-01-03,0.453587,0.142757,0
2025-01-06,0.450665,-0.0135009,0
2025-01-07,0.457341,0.535605,0
2025-01-08,0.478396,2.03673,-1
2025-01-10,0.500648,3.43135,-1
2025-01-13,0.490333,2.14061,-1
2025-01-14,0.496464,2.2535,-1
2025-01-15,0.489889,1.64073,-1
2025-01-16,0.498148,1.86248,-1
2025-01-17,0.502528,1.81582,-1
2025-01-21,0.489667,1.10963,-1
2025-01-22,0.495012,1.20199,-1
2025-01-23,0.486994,0.790895,-1
2025-01-24,0.497853,1.12637,-1
2025-01-27,0.494608,0.898199,-1
2025-01-28,0.506977,1.30871,-1
2025-01-29,0.498021,0.827348,-1
2025-01-30,0.494084,0.579182,-1
2025-01-31,0.471888,-0.541566,0
2025-02-03,0.470542,-0.801922,0
2025-02-04,0.470618,-0.927152,0
2025-02-05,0.469819,-1.11611,0
2025-02-06,0.475514,-0.922568,0
2025-02-07,0.47615,-1.07461,0
2025-02-10,0.478282,-0.876937,0
2025-02-11,0.482865,-0.405139,0
2025-02-12,0.496141,0.744027,0
2025-02-13,0.495447,0.687776,0
2025-02-14,0.502024,1.2052,0
2025-02-18,0.490462,0.221938,0
2025-02-19,0.495887,0.7448,0
2025-02-20,0.49097,0.295394,0
2025-02-21,0.4905,0.275224,0
2025-02-24,0.491609,0.353802,0
2025-02-25,0.495732,0.742663,0
2025-02-26,0.489898,0.233823,0
2025-02-27,0.493635,0.683672,0
2025-02-28,0.495701,0.915269,0
2025-03-03,0.491731,0.525453,0
2025-03-04,0.486562,-0.0610375,0
2025-03-05,0.497772,1.05585,0
2025-03-06,0.492073,0.31985,0
2025-03-07,0.501498,1.52727,0
2025-03-10,0.484986,-1.00506,0
2025-03-11,0.485696,-1.10301,0
2025-03-12,0.476768,-3.06469,1
2025-03-13,0.486991,-0.894469,1
2025-03-14,0.480624,-1.88652,1
2025-03-17,0.475452,-2.45603,1
2025-03-18,0.489554,-0.0257817,0
2025-03-19,0.494557,0.727046,0
2025-03-20,0.494839,0.785934,0
2025-03-21,0.498061,1.22364,0
2025-03-24,0.49719,1.0016,0
2025-03-25,0.496175,0.79728,0
2025-03-26,0.4945,0.558862,0
2025-03-27,0.489723,-0.137662,0
2025-03-28,0.48767,-0.396102,0
2025-03-31,0.485063,-0.710264,0
2025-04-01,0.491435,0.228838,0
2025-04-02,0.482265,-1.08379,0
2025-04-03,0.470307,-2.66026,1
2025-04-04,0.456693,-3.81767,1
2025-04-07,0.447668,-3.72533,1
2025-04-08,0.445026,-2.91919,1
2025-04-09,0.462267,-1.23865,1
2025-04-10,0.438778,-2.5735,1
2025-04-11,0.413008,-3.4704,1
2025-04-14,0.408379,-2.79553,1
2025-04-15,0.405314,-2.36026,1
2025-04-16,0.401221,-2.10728,1
2025-04-17,0.394584,-2.00257,1
2025-04-21,0.3784,-2.17674,1
2025-04-22,0.37804,-1.87917,1
2025-04-23,0.381854,-1.56022,1
2025-04-24,0.387907,-1.25585,1
2025-04-25,0.385994,-1.18683,1
2025-04-28,0.395286,-0.852235,1
2025-04-29,0.391966,-0.855279,1
2025-04-30,0.393106,-0.744854,1
2025-05-01,0.393203,-0.673255,1
2025-05-02,0.405585,-0.194268,0
2025-05-05,0.410831,0.0975545,0
2025-05-06,0.398179,-0.318499,0
2025-05-07,0.400503,-0.1322,0
2025-05-08,0.396263,-0.247797,0
2025-05-09,0.39555,-0.17023,0
2025-05-12,0.401371,0.557471,0
2025-05-13,0.403858,0.930833,0
2025-05-14,0.407766,1.4176,0
2025-05-15,0.402166,0.77065,0
2025-05-16,0.40452,1.01738,0
2025-05-19,0.406391,1.13728,0
2025-05-20,0.411447,1.63198,0
2025-05-21,0.41087,1.48569,0
2025-05-22,0.415335,1.99667,0
2025-05-23,0.423968,2.89395,-1
2025-05-27,0.428784,3.02632,-1
2025-05-28,0.428826,2.40117,-1
2025-05-29,0.437148,2.8205,-1
2025-05-30,0.432015,1.88301,-1
2025-06-02,0.433257,1.76523,-1
2025-06-03,0.438574,1.94536,-1
2025-06-04,0.436905,1.57652,-1
2025-06-05,0.43793,1.47632,-1
2025-06-06,0.438924,1.38775,-1
2025-06-09,0.436369,1.09374,-1
2025-06-10,0.434094,0.848449,-1
2025-06-11,0.425352,0.136641,0
2025-06-12,0.422956,-0.120527,0
2025-06-13,0.408583,-1.33852,0
2025-06-16,0.406306,-1.61876,0
2025-06-17,0.412453,-1.12598,0
2025-06-18,0.414904,-0.981315,0
2025-06-20,0.411225,-1.3468,0
2025-06-23,0.418356,-0.707734,0
2025-06-24,0.42544,-0.0828866,0
2025-06-25,0.42294,-0.31842,0
2025-06-26,0.417005,-0.833916,0
2025-06-27,0.417872,-0.690228,0
2025-06-30,0.42776,0.293,0
2025-07-01,0.431414,0.655153,0
2025-07-02,0.431943,0.717709,0
2025-07-03,0.424613,0.0655187,0
2025-07-07,0.427494,0.422819,0
2025-07-08,0.439909,1.837,0
2025-07-09,0.44178,2.0128,-1
2025-07-10,0.439713,1.67938,-1
2025-07-11,0.442883,1.89497,-1
2025-07-14,0.431768,0.670878,-1
2025-07-15,0.434029,0.82515,-1
2025-07-16,0.434747,0.811372,-1
2025-07-17,0.449362,2.21737,-1
2025-07-18,0.474759,4.37867,-1
2025-07-21,0.469848,2.68087,-1
2025-07-22,0.467875,2.11577,-1
2025-07-23,0.47589,2.3111,-1
2025-07-24,0.485898,2.49396,-1
2025-07-25,0.482935,1.93266,-1
2025-07-28,0.483125,1.71186,-1
2025-07-29,0.475498,1.18128,-1
2025-07-30,0.461584,0.428167,0
2025-07-31,0.451251,-0.119049,0
2025-08-01,0.467147,0.600541,0
2025-08-04,0.484997,1.43918,0
2025-08-05,0.499324,2.0592,-1
2025-08-06,0.504228,2.02116,-1
2025-08-07,0.51181,2.10009,-1
2025-08-08,0.51609,2.00587,-1
2025-08-11,0.514797,1.6964,-1
2025-08-12,0.518491,1.70134,-1
2025-08-13,0.514406,1.39169,-1
2025-08-14,0.51182,1.19662,-1
2025-08-15,0.51983,1.48477,-1
2025-08-18,0.509856,0.869034,-1
2025-08-19,0.492997,0.007133,0
2025-08-20,0.491051,-0.146002,0
2025-08-21,0.499926,0.247885,0
2025-08-22,0.498713,0.154881,0
2025-08-25,0.49485,-0.0742402,0
2025-08-26,0.491692,-0.263059,0
2025-08-27,0.492702,-0.260854,0
2025-08-28,0.488072,-0.644486,0
2025-08-29,0.488088,-0.959548,0
2025-09-02,0.492339,-0.857093,0
2025-09-03,0.492495,-0.912852,0
2025-09-04,0.485927,-1.4504,0
2025-09-05,0.487701,-1.15343,0
2025-09-08,0.484439,-1.31673,0
2025-09-09,0.482926,-1.32596,0
2025-09-10,0.485701,-0.967899,0
2025-09-11,0.491711,-0.334589,0
2025-09-12,0.484309,-1.0163,0
2025-09-15,0.483944,-0.984718,0
2025-09-16,0.478172,-1.96535,0
2025-09-17,0.476483,-2.37056,1
2025-09-18,0.480119,-1.38813,1
2025-09-19,0.47289,-2.38836,1
2025-09-22,0.478747,-1.21077,1
2025-09-23,0.470969,-2.4042,1
2025-09-24,0.476925,-1.15363,1
2025-09-25,0.477898,-0.895358,1
2025-09-26,0.460867,-3.52272,1
2025-09-29,0.46026,-2.71622,1
2025-09-30,0.467583,-1.4002,1
2025-10-01,0.469541,-1.05242,1
2025-10-02,0.467746,-1.17066,1
2025-10-03,0.451952,-2.87351,1
2025-10-06,0.447015,-2.82721,1
2025-10-07,0.452269,-1.82554,1
2025-10-08,0.446721,-2.05464,1
2025-10-09,0.442427,-2.11736,1
2025-10-10,0.443045,-1.83659,1
2025-10-13,0.450159,-1.10731,1
2025-10-14,0.452685,-0.819277,1
2025-10-15,0.45672,-0.428506,0
2025-10-16,0.462528,0.0947474,0
2025-10-17,0.457634,-0.236765,0
2025-10-20,0.462783,0.268764,0
2025-10-21,0.45822,-0.0624871,0
2025-10-22,0.45272,-0.538287,0
2025-10-23,0.448416,-0.923277,0
2025-10-24,0.44694,-1.06208,0
2025-10-27,0.440541,-1.73924,0
2025-10-28,0.440727,-1.5079,0
2025-10-29,0.435137,-2.03067,1
2025-10-30,0.439624,-1.32815,1
2025-10-31,0.4694,2.56981,0
2025-11-03,0.450878,0.0660774,0
2025-11-04,0.443425,-0.789685,0
2025-11-05,0.442559,-0.825532,0
2025-11-06,0.437442,-1.34864,0
2025-11-07,0.428248,-2.25502,1
2025-11-10,0.424089,-2.35331,1
2025-11-11,0.415196,-2.72379,1
2025-11-12,0.409825,-2.59358,1
2025-11-13,0.418988,-1.5502,1
2025-11-14,0.419533,-1.35834,1
2025-11-17,0.414749,-1.52014,1
2025-11-18,0.407044,-1.86268,1
2025-11-19,0.408212,-1.5817,1
2025-11-20,0.40173,-1.79869,1
2025-11-21,0.399037,-1.73493,1
2025-11-24,0.406713,-1.11662,1
2025-11-25,0.410784,-0.792665,1
2025-11-26,0.415167,-0.480543,0
2025-11-28,0.416304,-0.367793,0
2025-12-01,0.419685,-0.125285,0
2025-12-02,0.414979,-0.313055,0
2025-12-03,0.403786,-1.12532,0
2025-12-04,0.413629,-0.186512,0
2025-12-05,0.40364,-1.1598,0
2025-12-08,0.399661,-1.68843,0
2025-12-09,0.379437,-4.3917,1
2025-12-10,0.388419,-2.14846,1
2025-12-11,0.383852,-2.27107,1
2025-12-12,0.384838,-1.83355,1
2025-12-15,0.392236,-1.00904,1
2025-12-16,0.397293,-0.492851,0
2025-12-17,0.393243,-0.774521,0
2025-12-18,0.388121,-1.14163,0
2025-12-19,0.387283,-1.10312,0
2025-12-22,0.389039,-0.87253,0
2025-12-23,0.383428,-1.2591,0
2025-12-24,0.384983,-1.01623,0
2025-12-26,0.382681,-1.09629,0
2025-12-29,0.377666,-1.39659,0
2025-12-30,0.382687,-0.876527,0
2025-12-31,0.388552,-0.278721,0
2026-01-02,0.392807,0.280154,0
2026-01-05,0.421411,3.65536,-1
2026-01-06,0.409601,1.97331,-1
2026-01-07,0.421674,3.0085,-1
2026-01-08,0.41202,1.65604,-1
2026-01-09,0.416537,1.82006,-1
2026-01-12,0.422466,2.02037,-1
2026-01-13,0.412473,1.07464,-1
2026-01-14,0.405258,0.493916,0
2026-01-15,0.406759,0.549251,0
2026-01-16,0.401686,0.18082,0
2026-01-20,0.391661,-0.507391,0
2026-01-21,0.377204,-1.48375,0
2026-01-22,0.376567,-1.43638,0
2026-01-23,0.367351,-1.90606,0
2026-01-26,0.372951,-1.4145,0
2026-01-27,0.367995,-1.60412,0
2026-01-28,0.367901,-1.49524,0
2026-01-29,0.354912,-2.08612,1
2026-01-30,0.381616,-0.59514,1
2026-02-02,0.385996,-0.372228,0
2026-02-03,0.372236,-0.989642,0
2026-02-04,0.364368,-1.26978,0
2026-02-05,0.363215,-1.19766,0
2026-02-06,0.352806,-1.59886,0
2026-02-09,0.348468,-1.63969,0
2026-02-10,0.344177,-1.69686,0
2026-02-11,0.338523,-1.88153,0
2026-02-12,0.349169,-1.17562,0
2026-02-13,0.366081,-0.173043,0
2026-02-17,0.373136,0.362927,0
2026-02-18,0.362105,-0.261898,0
2026-02-19,0.365183,0.0658841,0
2026-02-20,0.384501,1.6675,0
2026-02-23,0.367232,0.238354,0
2026-02-24,0.379224,1.16168,0
2026-02-25,0.374459,0.75367,0
2026-02-26,0.377513,0.947095,0
2026-02-27,0.366091,0.061456,0
2026-03-02,0.370338,0.335039,0
2026-03-03,0.381054,1.21052,0
2026-03-04,0.379319,1.12878,0
2026-03-05,0.393861,2.19352,-1
2026-03-06,0.391189,1.68381,-1
2026-03-09,0.39349,1.63821,-1
2026-03-10,0.391685,1.34288,-1
2026-03-11,0.398519,1.65441,-1
2026-03-12,0.412809,2.45744,-1
2026-03-13,0.395871,1.13565,-1
2026-03-16,0.389121,0.579217,-1
2026-03-17,0.385177,0.213165,0
2026-03-18,0.395862,0.981677,0
2026-03-19,0.406519,1.75128,0
2026-03-20,0.398769,0.963491,0
2026-03-23,0.407071,1.53557,0
2026-03-24,0.389567,0.0134489,0
2026-03-25,0.39408,0.336722,0
2026-03-26,0.394098,0.270352,0
2026-03-27,0.378174,-1.18494,0
2026-03-30,0.373377,-1.84531,0
2026-03-31,0.365391,-2.72396,1
2026-04-01,0.370423,-1.86588,1
2026-04-02,0.378836,-1.02922,1
2026-04-06,0.362288,-2.28303,1
2026-04-07,0.372484,-1.19481,1
2026-04-08,0.375082,-0.903457,1
2026-04-09,0.36921,-1.23388,1
2026-04-10,0.375566,-0.683984,1
2026-04-13,0.391728,0.582378,0
2026-04-14,0.388377,0.354308,0
2026-04-15,0.378522,-0.380576,0
2026-04-16,0.376809,-0.48249,0
2026-04-17,0.390358,0.612449,0
2026-04-20,0.378174,-0.277855,0
2026-04-21,0.38852,0.710596,0
2026-04-22,0.382944,0.351141,0
2026-04-23,0.383151,0.417742,0
2026-04-24,0.380793,0.240691,0
2026-04-27,0.383155,0.640058,0
2026-04-28,0.387002,1.07665,0
2026-04-29,0.381244,0.278937,0
2026-04-30,0.389027,1.21857,0
2026-05-01,0.385017,0.575428,0
2026-05-04,0.387703,0.884017,0
2026-05-05,0.382115,-0.0202272,0
2026-05-06,0.381952,-0.130565,0
2026-05-07,0.381303,-0.312934,0
2026-05-08,0.38982,1.32521,0
2026-05-11,0.373265,-2.51754,1
2026-05-12,0.373675,-2.07315,1
2026-05-13,0.367928,-2.93121,1
2026-05-14,0.363674,-3.09618,1
2026-05-15,0.348752,-4.55284,1
2026-05-18,0.359071,-2.04089,1
2026-05-19,0.361601,-1.53904,1
2026-05-20,0.369166,-0.705141,1
2026-05-21,0.373638,-0.248868,0
2026-05-22,0.378141,0.19007,0
2026-05-26,0.374839,-0.091014,0
2026-05-27,0.374662,-0.0706225,0
2026-05-28,0.384275,0.876514,0
2026-05-29,0.392407,1.59992,0
2026-06-01,0.383664,0.763923,0
2026-06-02,0.391713,1.50017,0
2026-06-03,0.384149,0.780585,0
2026-06-04,0.380066,0.409502,0
2026-06-05,0.388107,1.12602,0
2026-06-08,0.386626,0.942243,0
2026-06-09,0.391703,1.41325,0
2026-06-10,0.396809,1.69757,0
2026-06-11,0.401775,1.88724,0
2026-06-12,0.406581,1.99506,0
2026-06-15,0.410384,2.00327,-1
2026-06-16,0.402346,1.30484,-1
2026-06-17,0.395864,0.717266,-1
2026-06-18,0.393713,0.463562,0
2026-06-22,0.397296,0.721226,0
2026-06-23,0.393778,0.297839,0
2026-06-24,0.387485,-0.417122,0
2026-06-25,0.387502,-0.521369,0
2026-06-26,0.387754,-0.628592,0
2026-06-29,0.375902,-2.16552,1
2026-06-30,0.355006,-4.23796,1
2026-07-01,0.357701,-2.7565,1
2026-07-02,0.372934,-1.14412,1
2026-07-06,0.371007,-1.20507,1
2026-07-07,0.369051,-1.27261,1
2026-07-08,0.384081,-0.192355,0
2026-07-09,0.398588,0.75162,0
2026-07-10,0.402062,0.942083,0
2026-07-13,0.395987,0.531089,0
2026-07-14,0.389696,0.155878,0
2026-07-15,0.392688,0.417995,0
2026-07-16,0.395468,0.708973,0
2026-07-17,0.405135,1.45941,0
2026-07-20,0.410953,1.78214,0
